{"type": "FeatureCollection", "features": [{"id": "0", "type": "Feature", "properties": {"cultura": "Outras Lavouras Temporárias", "area_ha": 0.61}, "geometry": {"type": "Polygon", "coordinates": [[[-51.602823180961806, -30.03878094395118, 0.0], [-51.602145506284494, -30.040840880774308, 0.0], [-51.602823180961806, -30.040457879627667, 0.0], [-51.602823180961806, -30.03878094395118, 0.0]]]}}, {"id": "1", "type": "Feature", "properties": {"cultura": "Outras Lavouras Temporárias", "area_ha": 0.04}, "geometry": {"type": "Polygon", "coordinates": [[[-51.60551812681417, -30.02250527903011, 0.0], [-51.60551812681417, -30.022235784444874, 0.0], [-51.60524863222893, -30.022235784444874, 0.0], [-51.60551812681417, -30.02250527903011, 0.0]]]}}, {"id": "2", "type": "Feature", "properties": {"cultura": "Outras Lavouras Temporárias", "area_ha": 0.08}, "geometry": {"type": "Polygon", "coordinates": [[[-51.60524863222893, -30.022235784444874, 0.0], [-51.604979137643696, -30.021696795274405, 0.0], [-51.604979137643696, -30.022235784444874, 0.0], [-51.60524863222893, -30.022235784444874, 0.0]]]}}, {"id": "3", "type": "Feature", "properties": {"cultura": "Outras Lavouras Temporárias", "area_ha": 0.07}, "geometry": {"type": "Polygon", "coordinates": [[[-51.60444014847322, -30.021696795274405, 0.0], [-51.604979137643696, -30.021696795274405, 0.0], [-51.604979137643696, -30.021544894939147, 0.0], [-51.604935584320025, -30.021449077351004, 0.0], [-51.60444014847322, -30.021696795274405, 0.0]]]}}, {"id": "4", "type": "Feature", "properties": {"cultura": "Outras Lavouras Temporárias", "area_ha": 1.09}, "geometry": {"type": "Polygon", "coordinates": [[[-51.59716379467185, -30.014420441473035, 0.0], [-51.59581632174567, -30.013881452302563, 0.0], [-51.59608581633091, -30.01549841981398, 0.0], [-51.59716379467185, -30.014420441473035, 0.0]]]}}, {"id": "5", "type": "Feature", "properties": {"cultura": "Outras Lavouras Temporárias", "area_ha": 0.02}, "geometry": {"type": "Polygon", "coordinates": [[[-51.59122905534821, -30.02607461767237, 0.0], [-51.59146176625366, -30.026235802004997, 0.0], [-51.59158209301353, -30.0261628770887, 0.0], [-51.59122905534821, -30.02607461767237, 0.0]]]}}, {"id": "5", "type": "Feature", "properties": {"cultura": "Outras Lavouras Temporárias", "area_ha": 0.22}, "geometry": {"type": "Polygon", "coordinates": [[[-51.59123491379666, -30.024930730297235, 0.0], [-51.590709399883245, -30.02518674962542, 0.0], [-51.59100890631967, -30.025834760205193, 0.0], [-51.59123491379666, -30.024930730297235, 0.0]]]}}, {"id": "6", "type": "Feature", "properties": {"cultura": "Outras Lavouras Temporárias", "area_ha": 0.14}, "geometry": {"type": "Polygon", "coordinates": [[[-51.5915044083819, -30.025469719467704, 0.0], [-51.59123491379666, -30.026008708638177, 0.0], [-51.59171418598656, -30.026008708638177, 0.0], [-51.5915044083819, -30.025469719467704, 0.0]]]}}, {"id": "7", "type": "Feature", "properties": {"cultura": "Outras Lavouras Temporárias", "area_ha": 0.04}, "geometry": {"type": "Polygon", "coordinates": [[[-51.59096541921143, -30.024930730297235, 0.0], [-51.59096541921143, -30.024661235712, 0.0], [-51.590695924626196, -30.024661235712, 0.0], [-51.59096541921143, -30.024930730297235, 0.0]]]}}, {"id": "8", "type": "Feature", "properties": {"cultura": "Outras Lavouras Temporárias", "area_ha": 0.08}, "geometry": {"type": "Polygon", "coordinates": [[[-51.59123491379666, -30.024122246541527, 0.0], [-51.59096541921143, -30.024122246541527, 0.0], [-51.59096541921143, -30.024661235712, 0.0], [-51.59123491379666, -30.024122246541527, 0.0]]]}}, {"id": "9", "type": "Feature", "properties": {"cultura": "Outras Lavouras Temporárias", "area_ha": 0.08}, "geometry": {"type": "Polygon", "coordinates": [[[-51.59042643004096, -30.024122246541527, 0.0], [-51.59096541921143, -30.024122246541527, 0.0], [-51.59096541921143, -30.02385275195629, 0.0], [-51.59042643004096, -30.024122246541527, 0.0]]]}}, {"id": "10", "type": "Feature", "properties": {"cultura": "Outras Lavouras Temporárias", "area_ha": 1.86}, "geometry": {"type": "Polygon", "coordinates": [[[-51.590156935455724, -30.02250527903011, 0.0], [-51.588000978773835, -30.024122246541527, 0.0], [-51.590156935455724, -30.024122246541527, 0.0], [-51.590156935455724, -30.02250527903011, 0.0]]]}}, {"id": "11", "type": "Feature", "properties": {"cultura": "Outras Lavouras Temporárias", "area_ha": 2.74}, "geometry": {"type": "Polygon", "coordinates": [[[-51.58532234707561, -30.02287265854017, 0.0], [-51.58736023383784, -30.023453696559592, 0.0], [-51.58746198960336, -30.024122246541527, 0.0], [-51.588513086916876, -30.022720783456847, 0.0], [-51.58797903921964, -30.022081841936906, 0.0], [-51.58532234707561, -30.02287265854017, 0.0]]]}}, {"id": "12", "type": "Feature", "properties": {"cultura": "Outras Lavouras Temporárias", "area_ha": 0.26}, "geometry": {"type": "Polygon", "coordinates": [[[-51.59042643004096, -30.022235784444874, 0.0], [-51.59042643004096, -30.020349322348224, 0.0], [-51.59021063674339, -30.020349322348224, 0.0], [-51.59021063674339, -30.02072523136191, 0.0], [-51.59042643004096, -30.022235784444874, 0.0]]]}}, {"id": "13", "type": "Feature", "properties": {"cultura": "Outras Lavouras Temporárias", "area_ha": 0.04}, "geometry": {"type": "Polygon", "coordinates": [[[-51.5952773325752, -30.019540838592516, 0.0], [-51.59500783798997, -30.019540838592516, 0.0], [-51.59500783798997, -30.01981033317775, 0.0], [-51.5952773325752, -30.019540838592516, 0.0]]]}}, {"id": "14", "type": "Feature", "properties": {"cultura": "Outras Lavouras Temporárias", "area_ha": 2.87}, "geometry": {"type": "Polygon", "coordinates": [[[-51.594468848819496, -30.01819336566634, 0.0], [-51.59312137589332, -30.01873235483681, 0.0], [-51.594468848819496, -30.019540838592516, 0.0], [-51.5952773325752, -30.019001849422047, 0.0], [-51.59554682716044, -30.01981033317775, 0.0], [-51.596355310916145, -30.01927134400728, 0.0], [-51.598241773012795, -30.01981033317775, 0.0], [-51.594468848819496, -30.01819336566634, 0.0]]]}}, {"id": "15", "type": "Feature", "properties": {"cultura": "Outras Lavouras Temporárias", "area_ha": 0.16}, "geometry": {"type": "Polygon", "coordinates": [[[-51.59312137589332, -30.015767914399216, 0.0], [-51.59312137589332, -30.015228925228744, 0.0], [-51.592582386722846, -30.015228925228744, 0.0], [-51.59312137589332, -30.015767914399216, 0.0]]]}}, {"id": "16", "type": "Feature", "properties": {"cultura": "Outras Lavouras Temporárias", "area_ha": 2.02}, "geometry": {"type": "Polygon", "coordinates": [[[-51.592312892137606, -30.015228925228744, 0.0], [-51.59312137589332, -30.014420441473035, 0.0], [-51.59473834340473, -30.015228925228744, 0.0], [-51.59608581633091, -30.014959430643508, 0.0], [-51.592043397552374, -30.013881452302563, 0.0], [-51.592312892137606, -30.015228925228744, 0.0]], [[-51.592582386722846, -30.014420441473035, 0.0], [-51.592582386722846, -30.01468993605827, 0.0], [-51.592312892137606, -30.01468993605827, 0.0], [-51.592582386722846, -30.014420441473035, 0.0]]]}}, {"id": "17", "type": "Feature", "properties": {"cultura": "Outras Lavouras Temporárias", "area_ha": 0.08}, "geometry": {"type": "Polygon", "coordinates": [[[-51.59473834340473, -30.014420441473035, 0.0], [-51.5952773325752, -30.014420441473035, 0.0], [-51.5952773325752, -30.0141509468878, 0.0], [-51.59473834340473, -30.014420441473035, 0.0]]]}}, {"id": "18", "type": "Feature", "properties": {"cultura": "Outras Lavouras Temporárias", "area_ha": 0.04}, "geometry": {"type": "Polygon", "coordinates": [[[-51.59554682716044, -30.0141509468878, 0.0], [-51.59554682716044, -30.013881452302563, 0.0], [-51.5952773325752, -30.013881452302563, 0.0], [-51.59554682716044, -30.0141509468878, 0.0]]]}}, {"id": "19", "type": "Feature", "properties": {"cultura": "Outras Lavouras Temporárias", "area_ha": 0.58}, "geometry": {"type": "Polygon", "coordinates": [[[-51.59285188130808, -30.012803473961622, 0.0], [-51.592043397552374, -30.013611957717327, 0.0], [-51.59312137589332, -30.013881452302563, 0.0], [-51.59285188130808, -30.012803473961622, 0.0]]]}}, {"id": "20", "type": "Feature", "properties": {"cultura": "Outras Lavouras Temporárias", "area_ha": 0.05}, "geometry": {"type": "Polygon", "coordinates": [[[-51.47750819882713, -30.08772296865719, 0.0], [-51.47739374271908, -30.0879518808733, 0.0], [-51.477837858105254, -30.087832855083228, 0.0], [-51.47750819882713, -30.08772296865719, 0.0]]]}}, {"id": "21", "type": "Feature", "properties": {"cultura": "Outras Lavouras Temporárias", "area_ha": 0.03}, "geometry": {"type": "Polygon", "coordinates": [[[-51.4780471879976, -30.087453474071953, 0.0], [-51.4780471879976, -30.087718674858422, 0.0], [-51.47827914921668, -30.087569454681493, 0.0], [-51.4780471879976, -30.087453474071953, 0.0]]]}}, {"id": "22", "type": "Feature", "properties": {"cultura": "Outras Lavouras Temporárias", "area_ha": 0.0}, "geometry": {"type": "Polygon", "coordinates": [[[-51.492394749724305, -30.083000763541342, 0.0], [-51.4924333335736, -30.083103653310197, 0.0], [-51.492447802236576, -30.083106868565885, 0.0], [-51.492394749724305, -30.083000763541342, 0.0]]]}}, {"id": "23", "type": "Feature", "properties": {"cultura": "Outras Lavouras Temporárias", "area_ha": 0.03}, "geometry": {"type": "Polygon", "coordinates": [[[-51.47077083419624, -30.029512138246243, 0.0], [-51.47081621976842, -30.029875222823712, 0.0], [-51.47099463206249, -30.02995973397875, 0.0], [-51.47077083419624, -30.029512138246243, 0.0]]]}}, {"id": "24", "type": "Feature", "properties": {"cultura": "Outras Lavouras Temporárias", "area_ha": 0.07}, "geometry": {"type": "Polygon", "coordinates": [[[-51.431352093573445, -30.08748973966113, 0.0], [-51.43088563558133, -30.087453474071953, 0.0], [-51.43088563558133, -30.08772296865719, 0.0], [-51.431352093573445, -30.08748973966113, 0.0]]]}}, {"id": "25", "type": "Feature", "properties": {"cultura": "Outras Lavouras Temporárias", "area_ha": 0.05}, "geometry": {"type": "Polygon", "coordinates": [[[-51.430616140996094, -30.087453474071953, 0.0], [-51.43088563558133, -30.087453474071953, 0.0], [-51.430781910209625, -30.08712193564489, 0.0], [-51.430616140996094, -30.087453474071953, 0.0]]]}}, {"id": "26", "type": "Feature", "properties": {"cultura": "Outras Lavouras Temporárias", "area_ha": 0.47}, "geometry": {"type": "Polygon", "coordinates": [[[-51.43007715182562, -30.085836506560536, 0.0], [-51.43007715182562, -30.08691448490148, 0.0], [-51.43088563558133, -30.08637549573101, 0.0], [-51.43007715182562, -30.085836506560536, 0.0]]]}}, {"id": "27", "type": "Feature", "properties": {"cultura": "Outras Lavouras Temporárias", "area_ha": 0.47}, "geometry": {"type": "Polygon", "coordinates": [[[-51.43088563558133, -30.08368054987865, 0.0], [-51.43088563558133, -30.08448903363436, 0.0], [-51.43196361392227, -30.08368054987865, 0.0], [-51.43088563558133, -30.08368054987865, 0.0]]]}}, {"id": "28", "type": "Feature", "properties": {"cultura": "Outras Lavouras Temporárias", "area_ha": 0.04}, "geometry": {"type": "Polygon", "coordinates": [[[-51.43250260309274, -30.083411055293414, 0.0], [-51.43250260309274, -30.083141560708178, 0.0], [-51.43223310850751, -30.083141560708178, 0.0], [-51.43250260309274, -30.083411055293414, 0.0]]]}}, {"id": "29", "type": "Feature", "properties": {"cultura": "Outras Lavouras Temporárias", "area_ha": 0.04}, "geometry": {"type": "Polygon", "coordinates": [[[-51.43250260309274, -30.082872066122942, 0.0], [-51.43250260309274, -30.083141560708178, 0.0], [-51.43277209767798, -30.083141560708178, 0.0], [-51.43250260309274, -30.082872066122942, 0.0]]]}}, {"id": "30", "type": "Feature", "properties": {"cultura": "Outras Lavouras Temporárias", "area_ha": 0.97}, "geometry": {"type": "Polygon", "coordinates": [[[-51.433041592263216, -30.080716109441056, 0.0], [-51.433041592263216, -30.079907625685347, 0.0], [-51.43438906518939, -30.07936863651488, 0.0], [-51.43358058143369, -30.079099141929643, 0.0], [-51.43223310850751, -30.08044661485582, 0.0], [-51.433041592263216, -30.080716109441056, 0.0]]]}}, {"id": "31", "type": "Feature", "properties": {"cultura": "Outras Lavouras Temporárias", "area_ha": 0.01}, "geometry": {"type": "Polygon", "coordinates": [[[-51.435097033182835, -30.0794249627892, 0.0], [-51.435128226714774, -30.079328602043898, 0.0], [-51.434928054359865, -30.07936863651488, 0.0], [-51.435097033182835, -30.0794249627892, 0.0]]]}}, {"id": "32", "type": "Feature", "properties": {"cultura": "Outras Lavouras Temporárias", "area_ha": 0.09}, "geometry": {"type": "Polygon", "coordinates": [[[-51.43169411933704, -30.043525856678507, 0.0], [-51.4323008639378, -30.043256362093274, 0.0], [-51.43169411933704, -30.043256362093274, 0.0], [-51.43169411933704, -30.043525856678507, 0.0]]]}}, {"id": "33", "type": "Feature", "properties": {"cultura": "Outras Lavouras Temporárias", "area_ha": 0.09}, "geometry": {"type": "Polygon", "coordinates": [[[-51.431039020984606, -30.043150642096148, 0.0], [-51.43169411933704, -30.043256362093274, 0.0], [-51.43169411933704, -30.042986867508038, 0.0], [-51.431039020984606, -30.043150642096148, 0.0]]]}}, {"id": "34", "type": "Feature", "properties": {"cultura": "Outras Lavouras Temporárias", "area_ha": 0.0}, "geometry": {"type": "Polygon", "coordinates": [[[-51.43196361392227, -30.042447878337565, 0.0], [-51.43197899936813, -30.04228282662043, 0.0], [-51.43196361392227, -30.04217838375233, 0.0], [-51.43196361392227, -30.042447878337565, 0.0]]]}}, {"id": "35", "type": "Feature", "properties": {"cultura": "Outras Lavouras Temporárias", "area_ha": 0.04}, "geometry": {"type": "Polygon", "coordinates": [[[-51.43196361392227, -30.041908889167093, 0.0], [-51.43169411933704, -30.041908889167093, 0.0], [-51.43169411933704, -30.04217838375233, 0.0], [-51.43196361392227, -30.041908889167093, 0.0]]]}}, {"id": "36", "type": "Feature", "properties": {"cultura": "Outras Lavouras Temporárias", "area_ha": 0.04}, "geometry": {"type": "Polygon", "coordinates": [[[-51.4314246247518, -30.041908889167093, 0.0], [-51.43169411933704, -30.041908889167093, 0.0], [-51.43169411933704, -30.041639394581857, 0.0], [-51.4314246247518, -30.041908889167093, 0.0]]]}}, {"id": "37", "type": "Feature", "properties": {"cultura": "Outras Lavouras Temporárias", "area_ha": 0.35}, "geometry": {"type": "Polygon", "coordinates": [[[-51.431142149510684, -30.040766627384393, 0.0], [-51.431091606052014, -30.041277886610843, 0.0], [-51.43200471811871, -30.041639394581857, 0.0], [-51.43204297881651, -30.041487290829057, 0.0], [-51.431142149510684, -30.040766627384393, 0.0]]]}}, {"id": "38", "type": "Feature", "properties": {"cultura": "Outras Lavouras Temporárias", "area_ha": 1.35}, "geometry": {"type": "Polygon", "coordinates": [[[-51.434928054359865, -30.037596975803318, 0.0], [-51.43509054789392, -30.03905941760978, 0.0], [-51.43573653811558, -30.040022427070443, 0.0], [-51.43573653811558, -30.037866470388554, 0.0], [-51.434928054359865, -30.037596975803318, 0.0]]]}}, {"id": "39", "type": "Feature", "properties": {"cultura": "Outras Lavouras Temporárias", "area_ha": 0.04}, "geometry": {"type": "Polygon", "coordinates": [[[-51.43385007601893, -30.036518997462377, 0.0], [-51.43385007601893, -30.03624950287714, 0.0], [-51.43358058143369, -30.03624950287714, 0.0], [-51.43385007601893, -30.036518997462377, 0.0]]]}}, {"id": "40", "type": "Feature", "properties": {"cultura": "Outras Lavouras Temporárias", "area_ha": 0.04}, "geometry": {"type": "Polygon", "coordinates": [[[-51.43358058143369, -30.03624950287714, 0.0], [-51.433311086848455, -30.035980008291904, 0.0], [-51.433311086848455, -30.03624950287714, 0.0], [-51.43358058143369, -30.03624950287714, 0.0]]]}}, {"id": "41", "type": "Feature", "properties": {"cultura": "Outras Lavouras Temporárias", "area_ha": 0.08}, "geometry": {"type": "Polygon", "coordinates": [[[-51.43277209767798, -30.035980008291904, 0.0], [-51.433311086848455, -30.035980008291904, 0.0], [-51.433311086848455, -30.035710513706668, 0.0], [-51.43277209767798, -30.035980008291904, 0.0]]]}}, {"id": "42", "type": "Feature", "properties": {"cultura": "Outras Lavouras Temporárias", "area_ha": 0.04}, "geometry": {"type": "Polygon", "coordinates": [[[-51.43277209767798, -30.035441019121432, 0.0], [-51.43250260309274, -30.035441019121432, 0.0], [-51.43250260309274, -30.035710513706668, 0.0], [-51.43277209767798, -30.035441019121432, 0.0]]]}}, {"id": "43", "type": "Feature", "properties": {"cultura": "Outras Lavouras Temporárias", "area_ha": 0.08}, "geometry": {"type": "Polygon", "coordinates": [[[-51.43223310850751, -30.035441019121432, 0.0], [-51.43250260309274, -30.035441019121432, 0.0], [-51.43250260309274, -30.03490202995096, 0.0], [-51.43223310850751, -30.035441019121432, 0.0]]]}}, {"id": "44", "type": "Feature", "properties": {"cultura": "Outras Lavouras Temporárias", "area_ha": 0.08}, "geometry": {"type": "Polygon", "coordinates": [[[-51.43223310850751, -30.03490202995096, 0.0], [-51.43223310850751, -30.034363040780487, 0.0], [-51.43196361392227, -30.034363040780487, 0.0], [-51.43223310850751, -30.03490202995096, 0.0]]]}}, {"id": "45", "type": "Feature", "properties": {"cultura": "Outras Lavouras Temporárias", "area_ha": 0.4}, "geometry": {"type": "Polygon", "coordinates": [[[-51.43088563558133, -30.034632535365724, 0.0], [-51.43088563558133, -30.033554557024782, 0.0], [-51.430187332891286, -30.03518392996822, 0.0], [-51.43088563558133, -30.034632535365724, 0.0]]]}}, {"id": "46", "type": "Feature", "properties": {"cultura": "Outras Lavouras Temporárias", "area_ha": 0.04}, "geometry": {"type": "Polygon", "coordinates": [[[-51.431155130166566, -30.033554557024782, 0.0], [-51.431155130166566, -30.033285062439546, 0.0], [-51.43088563558133, -30.033285062439546, 0.0], [-51.431155130166566, -30.033554557024782, 0.0]]]}}, {"id": "47", "type": "Feature", "properties": {"cultura": "Outras Lavouras Temporárias", "area_ha": 0.16}, "geometry": {"type": "Polygon", "coordinates": [[[-51.43088563558133, -30.032476578683838, 0.0], [-51.4314246247518, -30.031398600342893, 0.0], [-51.431155130166566, -30.031398600342893, 0.0], [-51.43088563558133, -30.032476578683838, 0.0]]]}}, {"id": "48", "type": "Feature", "properties": {"cultura": "Outras Lavouras Temporárias", "area_ha": 0.81}, "geometry": {"type": "Polygon", "coordinates": [[[-51.4314246247518, -30.031398600342893, 0.0], [-51.43196361392227, -30.030590116587188, 0.0], [-51.43007715182562, -30.030590116587188, 0.0], [-51.4314246247518, -30.031398600342893, 0.0]]]}}, {"id": "49", "type": "Feature", "properties": {"cultura": "Outras Lavouras Temporárias", "area_ha": 0.43}, "geometry": {"type": "Polygon", "coordinates": [[[-51.43358058143369, -30.030590116587188, 0.0], [-51.43411957060416, -30.031398600342893, 0.0], [-51.43438906518939, -30.030320622001952, 0.0], [-51.43358058143369, -30.030590116587188, 0.0]]]}}, {"id": "50", "type": "Feature", "properties": {"cultura": "Outras Lavouras Temporárias", "area_ha": 0.04}, "geometry": {"type": "Polygon", "coordinates": [[[-51.433311086848455, -30.030590116587188, 0.0], [-51.43358058143369, -30.030590116587188, 0.0], [-51.43358058143369, -30.030320622001952, 0.0], [-51.433311086848455, -30.030590116587188, 0.0]]]}}, {"id": "51", "type": "Feature", "properties": {"cultura": "Outras Lavouras Temporárias", "area_ha": 0.08}, "geometry": {"type": "Polygon", "coordinates": [[[-51.43223310850751, -30.030590116587188, 0.0], [-51.43223310850751, -30.030051127416716, 0.0], [-51.43196361392227, -30.030051127416716, 0.0], [-51.43223310850751, -30.030590116587188, 0.0]]]}}, {"id": "52", "type": "Feature", "properties": {"cultura": "Outras Lavouras Temporárias", "area_ha": 0.01}, "geometry": {"type": "Polygon", "coordinates": [[[-51.45082823488878, -30.02978163283148, 0.0], [-51.45109772947402, -30.029858834820715, 0.0], [-51.45109772947402, -30.02978163283148, 0.0], [-51.45082823488878, -30.02978163283148, 0.0]]]}}, {"id": "53", "type": "Feature", "properties": {"cultura": "Outras Lavouras Temporárias", "area_ha": 0.08}, "geometry": {"type": "Polygon", "coordinates": [[[-51.4314246247518, -30.030320622001952, 0.0], [-51.4314246247518, -30.030051127416716, 0.0], [-51.43088563558133, -30.030051127416716, 0.0], [-51.4314246247518, -30.030320622001952, 0.0]]]}}, {"id": "54", "type": "Feature", "properties": {"cultura": "Outras Lavouras Temporárias", "area_ha": 0.08}, "geometry": {"type": "Polygon", "coordinates": [[[-51.43438906518939, -30.030051127416716, 0.0], [-51.43438906518939, -30.029512138246243, 0.0], [-51.43411957060416, -30.029512138246243, 0.0], [-51.43438906518939, -30.030051127416716, 0.0]]]}}, {"id": "55", "type": "Feature", "properties": {"cultura": "Outras Lavouras Temporárias", "area_ha": 0.08}, "geometry": {"type": "Polygon", "coordinates": [[[-51.43250260309274, -30.030051127416716, 0.0], [-51.43250260309274, -30.029512138246243, 0.0], [-51.43223310850751, -30.029512138246243, 0.0], [-51.43250260309274, -30.030051127416716, 0.0]]]}}, {"id": "56", "type": "Feature", "properties": {"cultura": "Outras Lavouras Temporárias", "area_ha": 0.07}, "geometry": {"type": "Polygon", "coordinates": [[[-51.451563298278174, -30.02974492264832, 0.0], [-51.451636718644494, -30.029512138246243, 0.0], [-51.45109772947402, -30.029512138246243, 0.0], [-51.451563298278174, -30.02974492264832, 0.0]]]}}, {"id": "57", "type": "Feature", "properties": {"cultura": "Outras Lavouras Temporárias", "area_ha": 0.31}, "geometry": {"type": "Polygon", "coordinates": [[[-51.43088563558133, -30.02978163283148, 0.0], [-51.43169411933704, -30.030051127416716, 0.0], [-51.4314246247518, -30.029242643661007, 0.0], [-51.43088563558133, -30.02978163283148, 0.0]]]}}, {"id": "58", "type": "Feature", "properties": {"cultura": "Outras Lavouras Temporárias", "area_ha": 0.23}, "geometry": {"type": "Polygon", "coordinates": [[[-51.44678581611024, -30.029242643661007, 0.0], [-51.44678581611024, -30.027625676149594, 0.0], [-51.44651632152501, -30.027625676149594, 0.0], [-51.44678581611024, -30.029242643661007, 0.0]]]}}, {"id": "59", "type": "Feature", "properties": {"cultura": "Outras Lavouras Temporárias", "area_ha": 0.08}, "geometry": {"type": "Polygon", "coordinates": [[[-51.43789249479746, -30.021696795274405, 0.0], [-51.43735350562699, -30.021696795274405, 0.0], [-51.43735350562699, -30.02196628985964, 0.0], [-51.43789249479746, -30.021696795274405, 0.0]]]}}, {"id": "60", "type": "Feature", "properties": {"cultura": "Outras Lavouras Temporárias", "area_ha": 0.31}, "geometry": {"type": "Polygon", "coordinates": [[[-51.437084011041755, -30.021157806103933, 0.0], [-51.43600603270081, -30.021157806103933, 0.0], [-51.43654502187128, -30.021696795274405, 0.0], [-51.437084011041755, -30.021157806103933, 0.0]]]}}, {"id": "61", "type": "Feature", "properties": {"cultura": "Outras Lavouras Temporárias", "area_ha": 0.04}, "geometry": {"type": "Polygon", "coordinates": [[[-51.43762300021223, -30.02142730068917, 0.0], [-51.43762300021223, -30.021157806103933, 0.0], [-51.43735350562699, -30.021157806103933, 0.0], [-51.43762300021223, -30.02142730068917, 0.0]]]}}, {"id": "62", "type": "Feature", "properties": {"cultura": "Outras Lavouras Temporárias", "area_ha": 0.08}, "geometry": {"type": "Polygon", "coordinates": [[[-51.43600603270081, -30.021157806103933, 0.0], [-51.43600603270081, -30.020888311518696, 0.0], [-51.43546704353034, -30.020888311518696, 0.0], [-51.43600603270081, -30.021157806103933, 0.0]]]}}, {"id": "63", "type": "Feature", "properties": {"cultura": "Outras Lavouras Temporárias", "area_ha": 0.08}, "geometry": {"type": "Polygon", "coordinates": [[[-51.43250260309274, -30.021157806103933, 0.0], [-51.43277209767798, -30.021157806103933, 0.0], [-51.43277209767798, -30.02061881693346, 0.0], [-51.43250260309274, -30.021157806103933, 0.0]]]}}, {"id": "64", "type": "Feature", "properties": {"cultura": "Outras Lavouras Temporárias", "area_ha": 0.08}, "geometry": {"type": "Polygon", "coordinates": [[[-51.43277209767798, -30.01927134400728, 0.0], [-51.43277209767798, -30.01873235483681, 0.0], [-51.43250260309274, -30.01873235483681, 0.0], [-51.43277209767798, -30.01927134400728, 0.0]]]}}, {"id": "65", "type": "Feature", "properties": {"cultura": "Outras Lavouras Temporárias", "area_ha": 0.04}, "geometry": {"type": "Polygon", "coordinates": [[[-51.433041592263216, -30.018462860251574, 0.0], [-51.433041592263216, -30.01819336566634, 0.0], [-51.43277209767798, -30.01819336566634, 0.0], [-51.433041592263216, -30.018462860251574, 0.0]]]}}, {"id": "66", "type": "Feature", "properties": {"cultura": "Outras Lavouras Temporárias", "area_ha": 0.78}, "geometry": {"type": "Polygon", "coordinates": [[[-51.43358058143369, -30.01657639815492, 0.0], [-51.43250260309274, -30.017923871081102, 0.0], [-51.43358058143369, -30.017923871081102, 0.0], [-51.43358058143369, -30.01657639815492, 0.0]]]}}, {"id": "67", "type": "Feature", "properties": {"cultura": "Outras Lavouras Temporárias", "area_ha": 0.35}, "geometry": {"type": "Polygon", "coordinates": [[[-51.43762300021223, -30.013611957717327, 0.0], [-51.43681451645652, -30.013611957717327, 0.0], [-51.43735350562699, -30.014420441473035, 0.0], [-51.43762300021223, -30.013611957717327, 0.0]]]}}, {"id": "68", "type": "Feature", "properties": {"cultura": "Outras Lavouras Temporárias", "area_ha": 1.94}, "geometry": {"type": "Polygon", "coordinates": [[[-51.433311086848455, -30.013881452302563, 0.0], [-51.43223310850751, -30.01226448479115, 0.0], [-51.43223310850751, -30.014420441473035, 0.0], [-51.433041592263216, -30.015228925228744, 0.0], [-51.433311086848455, -30.013881452302563, 0.0]]]}}, {"id": "69", "type": "Feature", "properties": {"cultura": "Outras Lavouras Temporárias", "area_ha": 0.04}, "geometry": {"type": "Polygon", "coordinates": [[[-51.443551881087416, -30.013611957717327, 0.0], [-51.443551881087416, -30.01334246313209, 0.0], [-51.443282386502176, -30.01334246313209, 0.0], [-51.443551881087416, -30.013611957717327, 0.0]]]}}, {"id": "70", "type": "Feature", "properties": {"cultura": "Outras Lavouras Temporárias", "area_ha": 0.62}, "geometry": {"type": "Polygon", "coordinates": [[[-51.439778956894116, -30.013881452302563, 0.0], [-51.44220440816124, -30.012533979376386, 0.0], [-51.440856935235054, -30.012803473961622, 0.0], [-51.439778956894116, -30.013881452302563, 0.0]]]}}, {"id": "71", "type": "Feature", "properties": {"cultura": "Outras Lavouras Temporárias", "area_ha": 0.08}, "geometry": {"type": "Polygon", "coordinates": [[[-51.44301289191694, -30.01334246313209, 0.0], [-51.443282386502176, -30.012803473961622, 0.0], [-51.44301289191694, -30.012803473961622, 0.0], [-51.44301289191694, -30.01334246313209, 0.0]]]}}, {"id": "72", "type": "Feature", "properties": {"cultura": "Outras Lavouras Temporárias", "area_ha": 1.01}, "geometry": {"type": "Polygon", "coordinates": [[[-51.43573653811558, -30.01226448479115, 0.0], [-51.435197548945105, -30.012533979376386, 0.0], [-51.435197548945105, -30.013881452302563, 0.0], [-51.43600603270081, -30.013611957717327, 0.0], [-51.43573653811558, -30.01226448479115, 0.0]]]}}, {"id": "73", "type": "Feature", "properties": {"cultura": "Outras Lavouras Temporárias", "area_ha": 0.35}, "geometry": {"type": "Polygon", "coordinates": [[[-51.44301289191694, -30.012803473961622, 0.0], [-51.44301289191694, -30.011994990205913, 0.0], [-51.44220440816124, -30.011725495620677, 0.0], [-51.44301289191694, -30.012803473961622, 0.0]]]}}, {"id": "74", "type": "Feature", "properties": {"cultura": "Outras Lavouras Temporárias", "area_ha": 0.08}, "geometry": {"type": "Polygon", "coordinates": [[[-51.441934913576, -30.011725495620677, 0.0], [-51.44220440816124, -30.011186506450205, 0.0], [-51.441934913576, -30.011186506450205, 0.0], [-51.441934913576, -30.011725495620677, 0.0]]]}}, {"id": "75", "type": "Feature", "properties": {"cultura": "Outras Lavouras Temporárias", "area_ha": 0.12}, "geometry": {"type": "Polygon", "coordinates": [[[-51.441395924405526, -30.010108528109264, 0.0], [-51.441126429820294, -30.00956953893879, 0.0], [-51.441126429820294, -30.010378022694496, 0.0], [-51.441395924405526, -30.010108528109264, 0.0]]]}}, {"id": "76", "type": "Feature", "properties": {"cultura": "Outras Lavouras Temporárias", "area_ha": 0.08}, "geometry": {"type": "Polygon", "coordinates": [[[-51.441126429820294, -30.00903054976832, 0.0], [-51.440856935235054, -30.00903054976832, 0.0], [-51.440856935235054, -30.00956953893879, 0.0], [-51.441126429820294, -30.00903054976832, 0.0]]]}}, {"id": "77", "type": "Feature", "properties": {"cultura": "Outras Lavouras Temporárias", "area_ha": 0.04}, "geometry": {"type": "Polygon", "coordinates": [[[-51.44058744064982, -30.00903054976832, 0.0], [-51.440856935235054, -30.00903054976832, 0.0], [-51.440856935235054, -30.008761055183083, 0.0], [-51.44058744064982, -30.00903054976832, 0.0]]]}}, {"id": "78", "type": "Feature", "properties": {"cultura": "Outras Lavouras Temporárias", "area_ha": 0.08}, "geometry": {"type": "Polygon", "coordinates": [[[-51.44058744064982, -30.008491560597847, 0.0], [-51.44058744064982, -30.007952571427374, 0.0], [-51.44031794606458, -30.007952571427374, 0.0], [-51.44058744064982, -30.008491560597847, 0.0]]]}}, {"id": "79", "type": "Feature", "properties": {"cultura": "Outras Lavouras Temporárias", "area_ha": 0.08}, "geometry": {"type": "Polygon", "coordinates": [[[-51.44004845147935, -30.007683076842138, 0.0], [-51.44031794606458, -30.007952571427374, 0.0], [-51.44004845147935, -30.00714408767167, 0.0], [-51.44004845147935, -30.007683076842138, 0.0]]]}}, {"id": "80", "type": "Feature", "properties": {"cultura": "Outras Lavouras Temporárias", "area_ha": 0.04}, "geometry": {"type": "Polygon", "coordinates": [[[-51.43789249479746, -30.006874593086433, 0.0], [-51.43789249479746, -30.006605098501197, 0.0], [-51.43762300021223, -30.006605098501197, 0.0], [-51.43789249479746, -30.006874593086433, 0.0]]]}}, {"id": "81", "type": "Feature", "properties": {"cultura": "Outras Lavouras Temporárias", "area_ha": 0.04}, "geometry": {"type": "Polygon", "coordinates": [[[-51.439778956894116, -30.006605098501197, 0.0], [-51.43950946230888, -30.006605098501197, 0.0], [-51.43950946230888, -30.006874593086433, 0.0], [-51.439778956894116, -30.006605098501197, 0.0]]]}}, {"id": "82", "type": "Feature", "properties": {"cultura": "Outras Lavouras Temporárias", "area_ha": 1.13}, "geometry": {"type": "Polygon", "coordinates": [[[-51.43950946230888, -30.006605098501197, 0.0], [-51.439239967723644, -30.005257625575016, 0.0], [-51.43789249479746, -30.00633560391596, 0.0], [-51.43950946230888, -30.006605098501197, 0.0]]]}}, {"id": "83", "type": "Feature", "properties": {"cultura": "Outras Lavouras Temporárias", "area_ha": 0.43}, "geometry": {"type": "Polygon", "coordinates": [[[-51.44624682693977, -30.004718636404544, 0.0], [-51.445438343184065, -30.004449141819308, 0.0], [-51.44651632152501, -30.00579661474549, 0.0], [-51.44624682693977, -30.004718636404544, 0.0]]]}}, {"id": "84", "type": "Feature", "properties": {"cultura": "Outras Lavouras Temporárias", "area_ha": 0.04}, "geometry": {"type": "Polygon", "coordinates": [[[-51.438970473138404, -30.005257625575016, 0.0], [-51.438970473138404, -30.00498813098978, 0.0], [-51.43870097855317, -30.00498813098978, 0.0], [-51.438970473138404, -30.005257625575016, 0.0]]]}}, {"id": "85", "type": "Feature", "properties": {"cultura": "Outras Lavouras Temporárias", "area_ha": 0.08}, "geometry": {"type": "Polygon", "coordinates": [[[-51.4381619893827, -30.003371163478366, 0.0], [-51.43789249479746, -30.003371163478366, 0.0], [-51.43789249479746, -30.00391015264884, 0.0], [-51.4381619893827, -30.003371163478366, 0.0]]]}}, {"id": "86", "type": "Feature", "properties": {"cultura": "Outras Lavouras Temporárias", "area_ha": 0.08}, "geometry": {"type": "Polygon", "coordinates": [[[-51.445707837769305, -30.003371163478366, 0.0], [-51.445707837769305, -30.002832174307894, 0.0], [-51.445438343184065, -30.002832174307894, 0.0], [-51.445707837769305, -30.003371163478366, 0.0]]]}}, {"id": "87", "type": "Feature", "properties": {"cultura": "Outras Lavouras Temporárias", "area_ha": 0.23}, "geometry": {"type": "Polygon", "coordinates": [[[-51.43789249479746, -30.002562679722658, 0.0], [-51.43735350562699, -30.002562679722658, 0.0], [-51.43762300021223, -30.003371163478366, 0.0], [-51.43789249479746, -30.002562679722658, 0.0]]]}}, {"id": "88", "type": "Feature", "properties": {"cultura": "Outras Lavouras Temporárias", "area_ha": 0.04}, "geometry": {"type": "Polygon", "coordinates": [[[-51.44597733235454, -30.002832174307894, 0.0], [-51.44597733235454, -30.002562679722658, 0.0], [-51.445707837769305, -30.002562679722658, 0.0], [-51.44597733235454, -30.002832174307894, 0.0]]]}}, {"id": "89", "type": "Feature", "properties": {"cultura": "Outras Lavouras Temporárias", "area_ha": 0.97}, "geometry": {"type": "Polygon", "coordinates": [[[-51.44597733235454, -30.00229318513742, 0.0], [-51.44597733235454, -30.001484701381713, 0.0], [-51.44489935401359, -30.002023690552186, 0.0], [-51.44462985942836, -30.002832174307894, 0.0], [-51.44597733235454, -30.00229318513742, 0.0]]]}}, {"id": "90", "type": "Feature", "properties": {"cultura": "Outras Lavouras Temporárias", "area_ha": 0.04}, "geometry": {"type": "Polygon", "coordinates": [[[-51.43735350562699, -30.002023690552186, 0.0], [-51.43735350562699, -30.00175419596695, 0.0], [-51.437084011041755, -30.00175419596695, 0.0], [-51.43735350562699, -30.002023690552186, 0.0]]]}}, {"id": "91", "type": "Feature", "properties": {"cultura": "Outras Lavouras Temporárias", "area_ha": 0.08}, "geometry": {"type": "Polygon", "coordinates": [[[-51.437084011041755, -30.00175419596695, 0.0], [-51.43681451645652, -30.001215206796477, 0.0], [-51.43681451645652, -30.00175419596695, 0.0], [-51.437084011041755, -30.00175419596695, 0.0]]]}}, {"id": "92", "type": "Feature", "properties": {"cultura": "Outras Lavouras Temporárias", "area_ha": 0.08}, "geometry": {"type": "Polygon", "coordinates": [[[-51.43654502187128, -30.001215206796477, 0.0], [-51.43681451645652, -30.001215206796477, 0.0], [-51.43681451645652, -30.00067621762601, 0.0], [-51.43654502187128, -30.001215206796477, 0.0]]]}}, {"id": "93", "type": "Feature", "properties": {"cultura": "Outras Lavouras Temporárias", "area_ha": 0.04}, "geometry": {"type": "Polygon", "coordinates": [[[-51.43627552728605, -30.00067621762601, 0.0], [-51.43654502187128, -30.00067621762601, 0.0], [-51.43654502187128, -30.000406723040772, 0.0], [-51.43627552728605, -30.00067621762601, 0.0]]]}}, {"id": "94", "type": "Feature", "properties": {"cultura": "Outras Lavouras Temporárias", "area_ha": 0.23}, "geometry": {"type": "Polygon", "coordinates": [[[-51.41929736841619, -30.093651849532378, 0.0], [-51.42010585217189, -30.093651849532378, 0.0], [-51.41983635758666, -30.093112860361906, 0.0], [-51.41929736841619, -30.093651849532378, 0.0]]]}}, {"id": "95", "type": "Feature", "properties": {"cultura": "Outras Lavouras Temporárias", "area_ha": 0.35}, "geometry": {"type": "Polygon", "coordinates": [[[-51.41848888466048, -30.09284336577667, 0.0], [-51.41768040090477, -30.093382354947142, 0.0], [-51.41848888466048, -30.093651849532378, 0.0], [-51.41848888466048, -30.09284336577667, 0.0]]]}}, {"id": "96", "type": "Feature", "properties": {"cultura": "Outras Lavouras Temporárias", "area_ha": 0.64}, "geometry": {"type": "Polygon", "coordinates": [[[-51.4238787763652, -30.092304376606197, 0.0], [-51.422531303439015, -30.092573871191433, 0.0], [-51.42364606289363, -30.093235230492454, 0.0], [-51.4238787763652, -30.092304376606197, 0.0]]]}}, {"id": "97", "type": "Feature", "properties": {"cultura": "Outras Lavouras Temporárias", "area_ha": 1.36}, "geometry": {"type": "Polygon", "coordinates": [[[-51.416332927978594, -30.093112860361906, 0.0], [-51.41686499347679, -30.091250631118204, 0.0], [-51.41657101656317, -30.091005999210523, 0.0], [-51.415435276951726, -30.093225066740263, 0.0], [-51.416332927978594, -30.093112860361906, 0.0]]]}}, {"id": "98", "type": "Feature", "properties": {"cultura": "Outras Lavouras Temporárias", "area_ha": 1.86}, "geometry": {"type": "Polygon", "coordinates": [[[-51.428351277959024, -30.091897263513072, 0.0], [-51.428437108391165, -30.090802151340572, 0.0], [-51.42928964551024, -30.09038160550635, 0.0], [-51.42738573890715, -30.09061959383174, 0.0], [-51.42711271138803, -30.09203488202096, 0.0], [-51.428351277959024, -30.091897263513072, 0.0]]]}}, {"id": "99", "type": "Feature", "properties": {"cultura": "Outras Lavouras Temporárias", "area_ha": 0.0}, "geometry": {"type": "Polygon", "coordinates": [[[-51.41387858055281, -30.044392132751536, 0.0], [-51.41390747671147, -30.0444367905521, 0.0], [-51.41390747671147, -30.044334340434215, 0.0], [-51.41387858055281, -30.044392132751536, 0.0]]]}}, {"id": "100", "type": "Feature", "properties": {"cultura": "Outras Lavouras Temporárias", "area_ha": 0.66}, "geometry": {"type": "Polygon", "coordinates": [[[-51.41689996598811, -30.039584639450947, 0.0], [-51.41768040090477, -30.040022427070443, 0.0], [-51.4171414117343, -30.03813596497379, 0.0], [-51.41689996598811, -30.039584639450947, 0.0]]]}}, {"id": "101", "type": "Feature", "properties": {"cultura": "Outras Lavouras Temporárias", "area_ha": 0.23}, "geometry": {"type": "Polygon", "coordinates": [[[-51.40905657417723, -30.03813596497379, 0.0], [-51.40986505793293, -30.03813596497379, 0.0], [-51.40932606876246, -30.037596975803318, 0.0], [-51.40905657417723, -30.03813596497379, 0.0]]]}}, {"id": "102", "type": "Feature", "properties": {"cultura": "Outras Lavouras Temporárias", "area_ha": 0.46}, "geometry": {"type": "Polygon", "coordinates": [[[-51.424216624430805, -30.037949578049428, 0.0], [-51.42391357260319, -30.037362277456083, 0.0], [-51.42307029260949, -30.036518997462377, 0.0], [-51.42307029260949, -30.03705798663285, 0.0], [-51.424216624430805, -30.037949578049428, 0.0]]]}}, {"id": "103", "type": "Feature", "properties": {"cultura": "Outras Lavouras Temporárias", "area_ha": 0.07}, "geometry": {"type": "Polygon", "coordinates": [[[-51.42360928177996, -30.036518997462377, 0.0], [-51.4238787763652, -30.036477167553986, 0.0], [-51.4238787763652, -30.035980008291904, 0.0], [-51.42360928177996, -30.036518997462377, 0.0]]]}}, {"id": "104", "type": "Feature", "properties": {"cultura": "Outras Lavouras Temporárias", "area_ha": 0.08}, "geometry": {"type": "Polygon", "coordinates": [[[-51.42414827095043, -30.035441019121432, 0.0], [-51.4238787763652, -30.035441019121432, 0.0], [-51.4238787763652, -30.035980008291904, 0.0], [-51.42414827095043, -30.035441019121432, 0.0]]]}}, {"id": "105", "type": "Feature", "properties": {"cultura": "Outras Lavouras Temporárias", "area_ha": 0.08}, "geometry": {"type": "Polygon", "coordinates": [[[-51.42333978719473, -30.035441019121432, 0.0], [-51.4238787763652, -30.035441019121432, 0.0], [-51.4238787763652, -30.035171524536196, 0.0], [-51.42333978719473, -30.035441019121432, 0.0]]]}}, {"id": "106", "type": "Feature", "properties": {"cultura": "Outras Lavouras Temporárias", "area_ha": 0.03}, "geometry": {"type": "Polygon", "coordinates": [[[-51.42998305948277, -30.035077432193347, 0.0], [-51.43007715182562, -30.03490202995096, 0.0], [-51.42980765724039, -30.03490202995096, 0.0], [-51.42998305948277, -30.035077432193347, 0.0]]]}}, {"id": "107", "type": "Feature", "properties": {"cultura": "Outras Lavouras Temporárias", "area_ha": 0.04}, "geometry": {"type": "Polygon", "coordinates": [[[-51.43034664641086, -30.034363040780487, 0.0], [-51.43034664641086, -30.034093546195255, 0.0], [-51.43007715182562, -30.034093546195255, 0.0], [-51.43034664641086, -30.034363040780487, 0.0]]]}}, {"id": "108", "type": "Feature", "properties": {"cultura": "Outras Lavouras Temporárias", "area_ha": 0.16}, "geometry": {"type": "Polygon", "coordinates": [[[-51.424687260120905, -30.034363040780487, 0.0], [-51.42414827095043, -30.033554557024782, 0.0], [-51.42414827095043, -30.034093546195255, 0.0], [-51.424687260120905, -30.034363040780487, 0.0]]]}}, {"id": "109", "type": "Feature", "properties": {"cultura": "Outras Lavouras Temporárias", "area_ha": 0.04}, "geometry": {"type": "Polygon", "coordinates": [[[-51.4238787763652, -30.033554557024782, 0.0], [-51.42414827095043, -30.033554557024782, 0.0], [-51.42414827095043, -30.033285062439546, 0.0], [-51.4238787763652, -30.033554557024782, 0.0]]]}}, {"id": "110", "type": "Feature", "properties": {"cultura": "Outras Lavouras Temporárias", "area_ha": 0.04}, "geometry": {"type": "Polygon", "coordinates": [[[-51.4238787763652, -30.033285062439546, 0.0], [-51.4238787763652, -30.03301556785431, 0.0], [-51.42360928177996, -30.03301556785431, 0.0], [-51.4238787763652, -30.033285062439546, 0.0]]]}}, {"id": "111", "type": "Feature", "properties": {"cultura": "Outras Lavouras Temporárias", "area_ha": 0.04}, "geometry": {"type": "Polygon", "coordinates": [[[-51.426573722217555, -30.030590116587188, 0.0], [-51.426573722217555, -30.030320622001952, 0.0], [-51.42630422763232, -30.030320622001952, 0.0], [-51.426573722217555, -30.030590116587188, 0.0]]]}}, {"id": "112", "type": "Feature", "properties": {"cultura": "Outras Lavouras Temporárias", "area_ha": 0.04}, "geometry": {"type": "Polygon", "coordinates": [[[-51.42630422763232, -30.029242643661007, 0.0], [-51.42603473304708, -30.029242643661007, 0.0], [-51.42603473304708, -30.029512138246243, 0.0], [-51.42630422763232, -30.029242643661007, 0.0]]]}}, {"id": "113", "type": "Feature", "properties": {"cultura": "Outras Lavouras Temporárias", "area_ha": 41.4}, "geometry": {"type": "Polygon", "coordinates": [[[-51.42549574387661, -30.026817192393885, 0.0], [-51.424687260120905, -30.027356181564357, 0.0], [-51.42360928177996, -30.02654769780865, 0.0], [-51.42360928177996, -30.02789517073483, 0.0], [-51.422800798024255, -30.027356181564357, 0.0], [-51.420914335927606, -30.030051127416716, 0.0], [-51.422800798024255, -30.03301556785431, 0.0], [-51.42360928177996, -30.032746073269074, 0.0], [-51.422531303439015, -30.031398600342893, 0.0], [-51.42711271138803, -30.03112910575766, 0.0], [-51.42603473304708, -30.030859611172424, 0.0], [-51.42630422763232, -30.02978163283148, 0.0], [-51.424956754706145, -30.029242643661007, 0.0], [-51.42711271138803, -30.029242643661007, 0.0], [-51.42738220597327, -30.030051127416716, 0.0], [-51.426573722217555, -30.030320622001952, 0.0], [-51.42738220597327, -30.030859611172424, 0.0], [-51.43034664641086, -30.030320622001952, 0.0], [-51.428460184314204, -30.0284341599053, 0.0], [-51.428729678899444, -30.026817192393885, 0.0], [-51.4276517005585, -30.024661235712, 0.0], [-51.42414827095043, -30.02385275195629, 0.0], [-51.42360928177996, -30.024930730297235, 0.0], [-51.42549574387661, -30.026817192393885, 0.0]], [[-51.42576523846185, -30.024661235712, 0.0], [-51.42576523846185, -30.024391741126763, 0.0], [-51.42603473304708, -30.024391741126763, 0.0], [-51.42576523846185, -30.024661235712, 0.0]], [[-51.426573722217555, -30.02520022488247, 0.0], [-51.42603473304708, -30.02520022488247, 0.0], [-51.42603473304708, -30.024661235712, 0.0], [-51.426573722217555, -30.02520022488247, 0.0]], [[-51.426843216802794, -30.02708668697912, 0.0], [-51.42819068972897, -30.02708668697912, 0.0], [-51.42792119514374, -30.027625676149594, 0.0], [-51.426843216802794, -30.02708668697912, 0.0]]]}}, {"id": "114", "type": "Feature", "properties": {"cultura": "Outras Lavouras Temporárias", "area_ha": 186.21}, "geometry": {"type": "Polygon", "coordinates": [[[-51.43088563558133, -30.00956953893879, 0.0], [-51.43034664641086, -30.00956953893879, 0.0], [-51.43088563558133, -30.010378022694496, 0.0], [-51.42953816265515, -30.01091701186497, 0.0], [-51.430616140996094, -30.014420441473035, 0.0], [-51.428729678899444, -30.013881452302563, 0.0], [-51.428729678899444, -30.01226448479115, 0.0], [-51.426573722217555, -30.016306903569685, 0.0], [-51.424687260120905, -30.016306903569685, 0.0], [-51.418758379245716, -30.0141509468878, 0.0], [-51.418758379245716, -30.01819336566634, 0.0], [-51.41794989549001, -30.01873235483681, 0.0], [-51.418219390075244, -30.023044268200582, 0.0], [-51.41768040090477, -30.021696795274405, 0.0], [-51.41768040090477, -30.030590116587188, 0.0], [-51.41687191714907, -30.031937589513365, 0.0], [-51.42010585217189, -30.030320622001952, 0.0], [-51.420914335927606, -30.0284341599053, 0.0], [-51.420644841342366, -30.026278203223413, 0.0], [-51.42172281968331, -30.02573921405294, 0.0], [-51.42118383051284, -30.024122246541527, 0.0], [-51.422531303439015, -30.022774773615346, 0.0], [-51.42360928177996, -30.022774773615346, 0.0], [-51.42441776553567, -30.021157806103933, 0.0], [-51.424687260120905, -30.02250527903011, 0.0], [-51.42630422763232, -30.02250527903011, 0.0], [-51.42522624929138, -30.023044268200582, 0.0], [-51.42576523846185, -30.02385275195629, 0.0], [-51.42792119514374, -30.024122246541527, 0.0], [-51.42980765724039, -30.0284341599053, 0.0], [-51.43465855977463, -30.029512138246243, 0.0], [-51.43465855977463, -30.028164665320066, 0.0], [-51.43385007601893, -30.028164665320066, 0.0], [-51.43438906518939, -30.02789517073483, 0.0], [-51.43411957060416, -30.020888311518696, 0.0], [-51.433041592263216, -30.020079827762988, 0.0], [-51.43385007601893, -30.019001849422047, 0.0], [-51.433311086848455, -30.01927134400728, 0.0], [-51.433041592263216, -30.018462860251574, 0.0], [-51.43250260309274, -30.019540838592516, 0.0], [-51.43088563558133, -30.01819336566634, 0.0], [-51.43169411933704, -30.017654376495866, 0.0], [-51.43223310850751, -30.01819336566634, 0.0], [-51.43250260309274, -30.01738488191063, 0.0], [-51.43196361392227, -30.017115387325394, 0.0], [-51.43223310850751, -30.015228925228744, 0.0], [-51.43088563558133, -30.014959430643508, 0.0], [-51.4314246247518, -30.012803473961622, 0.0], [-51.430616140996094, -30.012803473961622, 0.0], [-51.430616140996094, -30.011994990205913, 0.0], [-51.43088563558133, -30.012533979376386, 0.0], [-51.433041592263216, -30.011994990205913, 0.0], [-51.433041592263216, -30.011186506450205, 0.0], [-51.43196361392227, -30.011186506450205, 0.0], [-51.43250260309274, -30.007683076842138, 0.0], [-51.43088563558133, -30.007683076842138, 0.0], [-51.43088563558133, -30.00956953893879, 0.0]], [[-51.428460184314204, -30.014420441473035, 0.0], [-51.428460184314204, -30.013881452302563, 0.0], [-51.428729678899444, -30.013881452302563, 0.0], [-51.428460184314204, -30.014420441473035, 0.0]], [[-51.4314246247518, -30.01145600103544, 0.0], [-51.4314246247518, -30.011186506450205, 0.0], [-51.43196361392227, -30.011186506450205, 0.0], [-51.4314246247518, -30.01145600103544, 0.0]], [[-51.428729678899444, -30.015767914399216, 0.0], [-51.42819068972897, -30.015228925228744, 0.0], [-51.42899917348468, -30.014420441473035, 0.0], [-51.428729678899444, -30.015767914399216, 0.0]], [[-51.42792119514374, -30.01468993605827, 0.0], [-51.428460184314204, -30.01468993605827, 0.0], [-51.428460184314204, -30.014959430643508, 0.0], [-51.42792119514374, -30.01468993605827, 0.0]], [[-51.4276517005585, -30.015228925228744, 0.0], [-51.4276517005585, -30.014959430643508, 0.0], [-51.42792119514374, -30.014959430643508, 0.0], [-51.4276517005585, -30.015228925228744, 0.0]], [[-51.41983635758666, -30.0284341599053, 0.0], [-51.42010585217189, -30.0284341599053, 0.0], [-51.42010585217189, -30.029242643661007, 0.0], [-51.41983635758666, -30.0284341599053, 0.0]], [[-51.424956754706145, -30.01873235483681, 0.0], [-51.42603473304708, -30.017923871081102, 0.0], [-51.42738220597327, -30.01819336566634, 0.0], [-51.42630422763232, -30.018462860251574, 0.0], [-51.42522624929138, -30.02142730068917, 0.0], [-51.424956754706145, -30.01873235483681, 0.0]], [[-51.43088563558133, -30.01927134400728, 0.0], [-51.43088563558133, -30.019001849422047, 0.0], [-51.431155130166566, -30.019001849422047, 0.0], [-51.43088563558133, -30.01927134400728, 0.0]], [[-51.43169411933704, -30.019540838592516, 0.0], [-51.431155130166566, -30.019540838592516, 0.0], [-51.431155130166566, -30.01927134400728, 0.0], [-51.43169411933704, -30.019540838592516, 0.0]], [[-51.43196361392227, -30.01981033317775, 0.0], [-51.43169411933704, -30.01981033317775, 0.0], [-51.43169411933704, -30.019540838592516, 0.0], [-51.43196361392227, -30.01981033317775, 0.0]], [[-51.43277209767798, -30.01981033317775, 0.0], [-51.43277209767798, -30.02061881693346, 0.0], [-51.43385007601893, -30.021696795274405, 0.0], [-51.43196361392227, -30.021157806103933, 0.0], [-51.43196361392227, -30.01981033317775, 0.0], [-51.43277209767798, -30.01981033317775, 0.0]], [[-51.43034664641086, -30.016306903569685, 0.0], [-51.4314246247518, -30.016845892740157, 0.0], [-51.430616140996094, -30.017923871081102, 0.0], [-51.43034664641086, -30.016306903569685, 0.0]], [[-51.431155130166566, -30.015228925228744, 0.0], [-51.431155130166566, -30.016037408984452, 0.0], [-51.43088563558133, -30.016037408984452, 0.0], [-51.431155130166566, -30.015228925228744, 0.0]], [[-51.43007715182562, -30.017115387325394, 0.0], [-51.43007715182562, -30.01657639815492, 0.0], [-51.43034664641086, -30.01657639815492, 0.0], [-51.43007715182562, -30.017115387325394, 0.0]], [[-51.42980765724039, -30.01738488191063, 0.0], [-51.429268668069916, -30.01738488191063, 0.0], [-51.429268668069916, -30.016845892740157, 0.0], [-51.42980765724039, -30.01738488191063, 0.0]], [[-51.428729678899444, -30.017654376495866, 0.0], [-51.428729678899444, -30.01738488191063, 0.0], [-51.429268668069916, -30.01738488191063, 0.0], [-51.428729678899444, -30.017654376495866, 0.0]], [[-51.43007715182562, -30.017923871081102, 0.0], [-51.429268668069916, -30.017923871081102, 0.0], [-51.429268668069916, -30.017654376495866, 0.0], [-51.43007715182562, -30.017923871081102, 0.0]], [[-51.42414827095043, -30.019001849422047, 0.0], [-51.42414827095043, -30.020079827762988, 0.0], [-51.42333978719473, -30.019540838592516, 0.0], [-51.42414827095043, -30.019001849422047, 0.0]], [[-51.42307029260949, -30.020349322348224, 0.0], [-51.42307029260949, -30.01981033317775, 0.0], [-51.4238787763652, -30.020079827762988, 0.0], [-51.42307029260949, -30.020349322348224, 0.0]], [[-51.428729678899444, -30.020079827762988, 0.0], [-51.428460184314204, -30.01927134400728, 0.0], [-51.42899917348468, -30.01927134400728, 0.0], [-51.428729678899444, -30.020079827762988, 0.0]], [[-51.43169411933704, -30.020349322348224, 0.0], [-51.431155130166566, -30.020349322348224, 0.0], [-51.431155130166566, -30.020079827762988, 0.0], [-51.43169411933704, -30.020349322348224, 0.0]], [[-51.431155130166566, -30.020888311518696, 0.0], [-51.428729678899444, -30.021157806103933, 0.0], [-51.42819068972897, -30.02061881693346, 0.0], [-51.431155130166566, -30.020349322348224, 0.0], [-51.431155130166566, -30.020888311518696, 0.0]], [[-51.43223310850751, -30.022774773615346, 0.0], [-51.430616140996094, -30.02250527903011, 0.0], [-51.431155130166566, -30.02331376278582, 0.0], [-51.43007715182562, -30.02331376278582, 0.0], [-51.43034664641086, -30.021157806103933, 0.0], [-51.43277209767798, -30.021696795274405, 0.0], [-51.43223310850751, -30.022774773615346, 0.0]]]}}, {"id": "115", "type": "Feature", "properties": {"cultura": "Outras Lavouras Temporárias", "area_ha": 0.31}, "geometry": {"type": "Polygon", "coordinates": [[[-51.41848888466048, -30.015767914399216, 0.0], [-51.41848888466048, -30.013611957717327, 0.0], [-51.418219390075244, -30.013611957717327, 0.0], [-51.41848888466048, -30.015767914399216, 0.0]]]}}, {"id": "116", "type": "Feature", "properties": {"cultura": "Outras Lavouras Temporárias", "area_ha": 0.39}, "geometry": {"type": "Polygon", "coordinates": [[[-51.41768040090477, -30.013611957717327, 0.0], [-51.418219390075244, -30.01334246313209, 0.0], [-51.41660242256383, -30.012803473961622, 0.0], [-51.41768040090477, -30.013611957717327, 0.0]]]}}, {"id": "117", "type": "Feature", "properties": {"cultura": "Outras Lavouras Temporárias", "area_ha": 0.16}, "geometry": {"type": "Polygon", "coordinates": [[[-51.418219390075244, -30.01226448479115, 0.0], [-51.418219390075244, -30.01334246313209, 0.0], [-51.41848888466048, -30.01334246313209, 0.0], [-51.418219390075244, -30.01226448479115, 0.0]]]}}, {"id": "118", "type": "Feature", "properties": {"cultura": "Outras Lavouras Temporárias", "area_ha": 0.08}, "geometry": {"type": "Polygon", "coordinates": [[[-51.41660242256383, -30.012803473961622, 0.0], [-51.41660242256383, -30.012533979376386, 0.0], [-51.416063433393354, -30.012533979376386, 0.0], [-51.41660242256383, -30.012803473961622, 0.0]]]}}, {"id": "119", "type": "Feature", "properties": {"cultura": "Outras Lavouras Temporárias", "area_ha": 0.08}, "geometry": {"type": "Polygon", "coordinates": [[[-51.41552444422289, -30.012533979376386, 0.0], [-51.416063433393354, -30.01226448479115, 0.0], [-51.41552444422289, -30.01226448479115, 0.0], [-51.41552444422289, -30.012533979376386, 0.0]]]}}, {"id": "120", "type": "Feature", "properties": {"cultura": "Outras Lavouras Temporárias", "area_ha": 0.08}, "geometry": {"type": "Polygon", "coordinates": [[[-51.42899917348468, -30.01226448479115, 0.0], [-51.42899917348468, -30.011725495620677, 0.0], [-51.428729678899444, -30.011725495620677, 0.0], [-51.42899917348468, -30.01226448479115, 0.0]]]}}, {"id": "121", "type": "Feature", "properties": {"cultura": "Outras Lavouras Temporárias", "area_ha": 0.35}, "geometry": {"type": "Polygon", "coordinates": [[[-51.41202101461482, -30.010647517279732, 0.0], [-51.412290509200055, -30.011186506450205, 0.0], [-51.41363798212623, -30.01145600103544, 0.0], [-51.41202101461482, -30.010647517279732, 0.0]]]}}, {"id": "122", "type": "Feature", "properties": {"cultura": "Outras Lavouras Temporárias", "area_ha": 0.12}, "geometry": {"type": "Polygon", "coordinates": [[[-51.41121253085911, -30.010647517279732, 0.0], [-51.41202101461482, -30.010647517279732, 0.0], [-51.41202101461482, -30.010378022694496, 0.0], [-51.41121253085911, -30.010647517279732, 0.0]]]}}, {"id": "123", "type": "Feature", "properties": {"cultura": "Outras Lavouras Temporárias", "area_ha": 0.04}, "geometry": {"type": "Polygon", "coordinates": [[[-51.41094303627388, -30.010108528109264, 0.0], [-51.41067354168864, -30.010108528109264, 0.0], [-51.41067354168864, -30.010378022694496, 0.0], [-51.41094303627388, -30.010108528109264, 0.0]]]}}, {"id": "124", "type": "Feature", "properties": {"cultura": "Outras Lavouras Temporárias", "area_ha": 0.08}, "geometry": {"type": "Polygon", "coordinates": [[[-51.410404047103405, -30.010108528109264, 0.0], [-51.41067354168864, -30.010108528109264, 0.0], [-51.41067354168864, -30.00956953893879, 0.0], [-51.410404047103405, -30.010108528109264, 0.0]]]}}, {"id": "125", "type": "Feature", "properties": {"cultura": "Outras Lavouras Temporárias", "area_ha": 0.08}, "geometry": {"type": "Polygon", "coordinates": [[[-51.41094303627388, -30.00956953893879, 0.0], [-51.41094303627388, -30.00903054976832, 0.0], [-51.41067354168864, -30.00903054976832, 0.0], [-51.41094303627388, -30.00956953893879, 0.0]]]}}, {"id": "126", "type": "Feature", "properties": {"cultura": "Outras Lavouras Temporárias", "area_ha": 0.04}, "geometry": {"type": "Polygon", "coordinates": [[[-51.41094303627388, -30.008761055183083, 0.0], [-51.41094303627388, -30.00903054976832, 0.0], [-51.41121253085911, -30.00903054976832, 0.0], [-51.41094303627388, -30.008761055183083, 0.0]]]}}, {"id": "127", "type": "Feature", "properties": {"cultura": "Outras Lavouras Temporárias", "area_ha": 0.16}, "geometry": {"type": "Polygon", "coordinates": [[[-51.41121253085911, -30.008761055183083, 0.0], [-51.41202101461482, -30.00822206601261, 0.0], [-51.41148202544435, -30.00822206601261, 0.0], [-51.41121253085911, -30.008761055183083, 0.0]]]}}, {"id": "128", "type": "Feature", "properties": {"cultura": "Outras Lavouras Temporárias", "area_ha": 0.39}, "geometry": {"type": "Polygon", "coordinates": [[[-51.418758379245716, -30.00956953893879, 0.0], [-51.418758379245716, -30.006874593086433, 0.0], [-51.41848888466048, -30.006874593086433, 0.0], [-51.418758379245716, -30.00956953893879, 0.0]]]}}, {"id": "129", "type": "Feature", "properties": {"cultura": "Outras Lavouras Temporárias", "area_ha": 0.39}, "geometry": {"type": "Polygon", "coordinates": [[[-51.412560003785295, -30.007952571427374, 0.0], [-51.413368487541, -30.006874593086433, 0.0], [-51.412290509200055, -30.007413582256902, 0.0], [-51.412560003785295, -30.007952571427374, 0.0]]]}}, {"id": "130", "type": "Feature", "properties": {"cultura": "Outras Lavouras Temporárias", "area_ha": 0.23}, "geometry": {"type": "Polygon", "coordinates": [[[-51.414176971296705, -30.006066109330725, 0.0], [-51.41363798212623, -30.006066109330725, 0.0], [-51.413368487541, -30.006874593086433, 0.0], [-51.414176971296705, -30.006066109330725, 0.0]]]}}, {"id": "131", "type": "Feature", "properties": {"cultura": "Outras Lavouras Temporárias", "area_ha": 0.16}, "geometry": {"type": "Polygon", "coordinates": [[[-51.41498545505242, -30.00498813098978, 0.0], [-51.414176971296705, -30.006066109330725, 0.0], [-51.414446465881944, -30.006066109330725, 0.0], [-51.41498545505242, -30.00498813098978, 0.0]]]}}, {"id": "132", "type": "Feature", "properties": {"cultura": "Outras Lavouras Temporárias", "area_ha": 0.23}, "geometry": {"type": "Polygon", "coordinates": [[[-51.418758379245716, -30.005257625575016, 0.0], [-51.418758379245716, -30.00498813098978, 0.0], [-51.4171414117343, -30.00498813098978, 0.0], [-51.418758379245716, -30.005257625575016, 0.0]]]}}, {"id": "133", "type": "Feature", "properties": {"cultura": "Outras Lavouras Temporárias", "area_ha": 0.04}, "geometry": {"type": "Polygon", "coordinates": [[[-51.41579393880812, -30.00498813098978, 0.0], [-51.41579393880812, -30.004718636404544, 0.0], [-51.41552444422289, -30.004718636404544, 0.0], [-51.41579393880812, -30.00498813098978, 0.0]]]}}, {"id": "134", "type": "Feature", "properties": {"cultura": "Outras Lavouras Temporárias", "area_ha": 0.31}, "geometry": {"type": "Polygon", "coordinates": [[[-51.416063433393354, -30.003371163478366, 0.0], [-51.41498545505242, -30.00498813098978, 0.0], [-51.41552444422289, -30.004718636404544, 0.0], [-51.416063433393354, -30.003371163478366, 0.0]]]}}, {"id": "135", "type": "Feature", "properties": {"cultura": "Outras Lavouras Temporárias", "area_ha": 0.47}, "geometry": {"type": "Polygon", "coordinates": [[[-51.41902787383095, -30.004449141819308, 0.0], [-51.41902787383095, -30.001215206796477, 0.0], [-51.418758379245716, -30.001215206796477, 0.0], [-51.41902787383095, -30.004449141819308, 0.0]]]}}, {"id": "136", "type": "Feature", "properties": {"cultura": "Outras Lavouras Temporárias", "area_ha": 0.47}, "geometry": {"type": "Polygon", "coordinates": [[[-51.416063433393354, -30.003371163478366, 0.0], [-51.4171414117343, -30.00175419596695, 0.0], [-51.41660242256383, -30.00175419596695, 0.0], [-51.416063433393354, -30.003371163478366, 0.0]]]}}, {"id": "137", "type": "Feature", "properties": {"cultura": "Outras Lavouras Temporárias", "area_ha": 0.12}, "geometry": {"type": "Polygon", "coordinates": [[[-51.41498545505242, -30.001484701381713, 0.0], [-51.41498545505242, -30.00067621762601, 0.0], [-51.41471596046718, -30.00067621762601, 0.0], [-51.41498545505242, -30.001484701381713, 0.0]]]}}, {"id": "138", "type": "Feature", "properties": {"cultura": "Outras Lavouras Temporárias", "area_ha": 0.82}, "geometry": {"type": "Polygon", "coordinates": [[[-51.4171414117343, -29.9998677338703, 0.0], [-51.4171414117343, -30.00175419596695, 0.0], [-51.41794989549001, -30.000945712211244, 0.0], [-51.4171414117343, -29.9998677338703, 0.0]]]}}, {"id": "139", "type": "Feature", "properties": {"cultura": "Outras Lavouras Temporárias", "area_ha": 0.08}, "geometry": {"type": "Polygon", "coordinates": [[[-51.41687191714907, -29.9998677338703, 0.0], [-51.4171414117343, -29.9998677338703, 0.0], [-51.4171414117343, -29.999328744699827, 0.0], [-51.41687191714907, -29.9998677338703, 0.0]]]}}, {"id": "140", "type": "Feature", "properties": {"cultura": "Outras Lavouras Temporárias", "area_ha": 0.16}, "geometry": {"type": "Polygon", "coordinates": [[[-51.41498545505242, -29.999328744699827, 0.0], [-51.41525494963765, -30.00067621762601, 0.0], [-51.41498545505242, -29.998250766358883, 0.0], [-51.41498545505242, -29.999328744699827, 0.0]]]}}, {"id": "141", "type": "Feature", "properties": {"cultura": "Outras Lavouras Temporárias", "area_ha": 0.12}, "geometry": {"type": "Polygon", "coordinates": [[[-51.42441776553567, -29.999328744699827, 0.0], [-51.42441776553567, -29.99905925011459, 0.0], [-51.42360928177996, -29.99905925011459, 0.0], [-51.42441776553567, -29.999328744699827, 0.0]]]}}, {"id": "142", "type": "Feature", "properties": {"cultura": "Outras Lavouras Temporárias", "area_ha": 0.04}, "geometry": {"type": "Polygon", "coordinates": [[[-51.42333978719473, -29.99905925011459, 0.0], [-51.42360928177996, -29.998789755529355, 0.0], [-51.42333978719473, -29.998789755529355, 0.0], [-51.42333978719473, -29.99905925011459, 0.0]]]}}, {"id": "143", "type": "Feature", "properties": {"cultura": "Outras Lavouras Temporárias", "area_ha": 0.16}, "geometry": {"type": "Polygon", "coordinates": [[[-51.41687191714907, -29.999328744699827, 0.0], [-51.41687191714907, -29.998250766358883, 0.0], [-51.41660242256383, -29.998250766358883, 0.0], [-51.41687191714907, -29.999328744699827, 0.0]]]}}, {"id": "144", "type": "Feature", "properties": {"cultura": "Outras Lavouras Temporárias", "area_ha": 0.04}, "geometry": {"type": "Polygon", "coordinates": [[[-51.42333978719473, -29.99852026094412, 0.0], [-51.42307029260949, -29.99852026094412, 0.0], [-51.42307029260949, -29.998789755529355, 0.0], [-51.42333978719473, -29.99852026094412, 0.0]]]}}, {"id": "145", "type": "Feature", "properties": {"cultura": "Outras Lavouras Temporárias", "area_ha": 0.04}, "geometry": {"type": "Polygon", "coordinates": [[[-51.422800798024255, -29.99852026094412, 0.0], [-51.42307029260949, -29.99852026094412, 0.0], [-51.42307029260949, -29.998250766358883, 0.0], [-51.422800798024255, -29.99852026094412, 0.0]]]}}, {"id": "146", "type": "Feature", "properties": {"cultura": "Outras Lavouras Temporárias", "area_ha": 0.31}, "geometry": {"type": "Polygon", "coordinates": [[[-51.41929736841619, -29.999328744699827, 0.0], [-51.41929736841619, -29.99717278801794, 0.0], [-51.41902787383095, -29.99717278801794, 0.0], [-51.41929736841619, -29.999328744699827, 0.0]]]}}, {"id": "147", "type": "Feature", "properties": {"cultura": "Outras Lavouras Temporárias", "area_ha": 0.08}, "geometry": {"type": "Polygon", "coordinates": [[[-51.416332927978594, -29.998250766358883, 0.0], [-51.41660242256383, -29.997711777188414, 0.0], [-51.416332927978594, -29.997711777188414, 0.0], [-51.416332927978594, -29.998250766358883, 0.0]]]}}, {"id": "148", "type": "Feature", "properties": {"cultura": "Outras Lavouras Temporárias", "area_ha": 0.19}, "geometry": {"type": "Polygon", "coordinates": [[[-51.41956686300142, -29.99852026094412, 0.0], [-51.41983635758666, -29.99852026094412, 0.0], [-51.41983635758666, -29.99717278801794, 0.0], [-51.41956686300142, -29.99852026094412, 0.0]]]}}, {"id": "149", "type": "Feature", "properties": {"cultura": "Outras Lavouras Temporárias", "area_ha": 0.47}, "geometry": {"type": "Polygon", "coordinates": [[[-51.42226180885378, -29.996903293432705, 0.0], [-51.42145332509808, -29.996903293432705, 0.0], [-51.422531303439015, -29.99798127177365, 0.0], [-51.42226180885378, -29.996903293432705, 0.0]]]}}, {"id": "150", "type": "Feature", "properties": {"cultura": "Outras Lavouras Temporárias", "area_ha": 0.16}, "geometry": {"type": "Polygon", "coordinates": [[[-51.428729678899444, -29.99717278801794, 0.0], [-51.428729678899444, -29.996903293432705, 0.0], [-51.4276517005585, -29.996903293432705, 0.0], [-51.428729678899444, -29.99717278801794, 0.0]]]}}, {"id": "151", "type": "Feature", "properties": {"cultura": "Outras Lavouras Temporárias", "area_ha": 0.04}, "geometry": {"type": "Polygon", "coordinates": [[[-51.42145332509808, -29.99663379884747, 0.0], [-51.42118383051284, -29.99663379884747, 0.0], [-51.42118383051284, -29.996903293432705, 0.0], [-51.42145332509808, -29.99663379884747, 0.0]]]}}, {"id": "152", "type": "Feature", "properties": {"cultura": "Outras Lavouras Temporárias", "area_ha": 0.27}, "geometry": {"type": "Polygon", "coordinates": [[[-51.420914335927606, -29.996094809676997, 0.0], [-51.41983635758666, -29.99582531509176, 0.0], [-51.42118383051284, -29.99663379884747, 0.0], [-51.420914335927606, -29.996094809676997, 0.0]]]}}, {"id": "153", "type": "Feature", "properties": {"cultura": "Outras Lavouras Temporárias", "area_ha": 0.04}, "geometry": {"type": "Polygon", "coordinates": [[[-51.41687191714907, -29.994208347580347, 0.0], [-51.41660242256383, -29.994208347580347, 0.0], [-51.41660242256383, -29.994477842165583, 0.0], [-51.41687191714907, -29.994208347580347, 0.0]]]}}, {"id": "154", "type": "Feature", "properties": {"cultura": "Outras Lavouras Temporárias", "area_ha": 0.23}, "geometry": {"type": "Polygon", "coordinates": [[[-51.416332927978594, -29.993669358409875, 0.0], [-51.41552444422289, -29.993669358409875, 0.0], [-51.41660242256383, -29.994208347580347, 0.0], [-51.416332927978594, -29.993669358409875, 0.0]]]}}, {"id": "155", "type": "Feature", "properties": {"cultura": "Outras Lavouras Temporárias", "area_ha": 0.07}, "geometry": {"type": "Polygon", "coordinates": [[[-51.387766501943595, -30.097155279140445, 0.0], [-51.38804371036215, -30.09739376983107, 0.0], [-51.38829810047766, -30.097155279140445, 0.0], [-51.387766501943595, -30.097155279140445, 0.0]]]}}, {"id": "156", "type": "Feature", "properties": {"cultura": "Outras Lavouras Temporárias", "area_ha": 0.54}, "geometry": {"type": "Polygon", "coordinates": [[[-51.40501415539869, -30.096346795384736, 0.0], [-51.406361628324866, -30.096293180092566, 0.0], [-51.406361628324866, -30.095538311629028, 0.0], [-51.40501415539869, -30.096346795384736, 0.0]]]}}, {"id": "157", "type": "Feature", "properties": {"cultura": "Outras Lavouras Temporárias", "area_ha": 0.11}, "geometry": {"type": "Polygon", "coordinates": [[[-51.38178141417091, -30.095995875428816, 0.0], [-51.38210711565364, -30.095807806214264, 0.0], [-51.381029137312694, -30.095807806214264, 0.0], [-51.38178141417091, -30.095995875428816, 0.0]]]}}, {"id": "158", "type": "Feature", "properties": {"cultura": "Outras Lavouras Temporárias", "area_ha": 0.89}, "geometry": {"type": "Polygon", "coordinates": [[[-51.38803599652883, -30.095538311629028, 0.0], [-51.38668852360265, -30.094999322458555, 0.0], [-51.38695801818788, -30.096346795384736, 0.0], [-51.38803599652883, -30.095538311629028, 0.0]]]}}, {"id": "159", "type": "Feature", "properties": {"cultura": "Outras Lavouras Temporárias", "area_ha": 0.04}, "geometry": {"type": "Polygon", "coordinates": [[[-51.38237661023888, -30.095807806214264, 0.0], [-51.38237661023888, -30.095538311629028, 0.0], [-51.38210711565364, -30.095538311629028, 0.0], [-51.38237661023888, -30.095807806214264, 0.0]]]}}, {"id": "160", "type": "Feature", "properties": {"cultura": "Outras Lavouras Temporárias", "area_ha": 0.12}, "geometry": {"type": "Polygon", "coordinates": [[[-51.38803599652883, -30.095538311629028, 0.0], [-51.38884448028453, -30.095538311629028, 0.0], [-51.38884448028453, -30.09526881704379, 0.0], [-51.38803599652883, -30.095538311629028, 0.0]]]}}, {"id": "161", "type": "Feature", "properties": {"cultura": "Outras Lavouras Temporárias", "area_ha": 0.04}, "geometry": {"type": "Polygon", "coordinates": [[[-51.37590874019322, -30.09472982787332, 0.0], [-51.37590874019322, -30.094460333288087, 0.0], [-51.37563924560798, -30.094460333288087, 0.0], [-51.37590874019322, -30.09472982787332, 0.0]]]}}, {"id": "162", "type": "Feature", "properties": {"cultura": "Outras Lavouras Temporárias", "area_ha": 0.62}, "geometry": {"type": "Polygon", "coordinates": [[[-51.387766501943595, -30.093651849532378, 0.0], [-51.38695801818788, -30.09419083870285, 0.0], [-51.38830549111407, -30.09472982787332, 0.0], [-51.387766501943595, -30.093651849532378, 0.0]]]}}, {"id": "163", "type": "Feature", "properties": {"cultura": "Outras Lavouras Temporárias", "area_ha": 21.25}, "geometry": {"type": "Polygon", "coordinates": [[[-51.37213581599991, -30.095538311629028, 0.0], [-51.37294429975562, -30.09688578455521, 0.0], [-51.37941772588129, -30.09707190545584, 0.0], [-51.38075964272746, -30.0960773007995, 0.0], [-51.38075964272746, -30.093399351858785, 0.0], [-51.37213581599991, -30.095538311629028, 0.0]], [[-51.37860368604557, -30.096346795384736, 0.0], [-51.37860368604557, -30.095538311629028, 0.0], [-51.37995115897175, -30.094999322458555, 0.0], [-51.37860368604557, -30.096346795384736, 0.0]], [[-51.37833419146034, -30.09526881704379, 0.0], [-51.37860368604557, -30.09526881704379, 0.0], [-51.37860368604557, -30.095538311629028, 0.0], [-51.37833419146034, -30.09526881704379, 0.0]]]}}, {"id": "163", "type": "Feature", "properties": {"cultura": "Outras Lavouras Temporárias", "area_ha": 0.0}, "geometry": {"type": "Polygon", "coordinates": [[[-51.37968166438652, -30.097155279140445, 0.0], [-51.37970582619507, -30.09713111733189, 0.0], [-51.37961404345251, -30.097152574303085, 0.0], [-51.37968166438652, -30.097155279140445, 0.0]]]}}, {"id": "163", "type": "Feature", "properties": {"cultura": "Outras Lavouras Temporárias", "area_ha": 1.33}, "geometry": {"type": "Polygon", "coordinates": [[[-51.385610545261706, -30.093382354947142, 0.0], [-51.385610545261706, -30.09284336577667, 0.0], [-51.38534105067647, -30.093112860361906, 0.0], [-51.383724083165056, -30.09284336577667, 0.0], [-51.38510837646325, -30.092683810831264, 0.0], [-51.38109110346513, -30.09313127484733, 0.0], [-51.385610545261706, -30.093382354947142, 0.0]]]}}, {"id": "164", "type": "Feature", "properties": {"cultura": "Outras Lavouras Temporárias", "area_ha": 0.05}, "geometry": {"type": "Polygon", "coordinates": [[[-51.38049014814222, -30.065893907253084, 0.0], [-51.381029137312694, -30.065794604327124, 0.0], [-51.381029137312694, -30.065624412667848, 0.0], [-51.38049014814222, -30.065893907253084, 0.0]]]}}, {"id": "165", "type": "Feature", "properties": {"cultura": "Outras Lavouras Temporárias", "area_ha": 0.06}, "geometry": {"type": "Polygon", "coordinates": [[[-51.38146137374364, -30.065571036298085, 0.0], [-51.38156812648317, -30.065354918082612, 0.0], [-51.381029137312694, -30.065354918082612, 0.0], [-51.38146137374364, -30.065571036298085, 0.0]]]}}, {"id": "166", "type": "Feature", "properties": {"cultura": "Outras Lavouras Temporárias", "area_ha": 0.04}, "geometry": {"type": "Polygon", "coordinates": [[[-51.38156812648317, -30.065085423497376, 0.0], [-51.38156812648317, -30.065354918082612, 0.0], [-51.38183762106841, -30.065354918082612, 0.0], [-51.38156812648317, -30.065085423497376, 0.0]]]}}, {"id": "167", "type": "Feature", "properties": {"cultura": "Outras Lavouras Temporárias", "area_ha": 0.05}, "geometry": {"type": "Polygon", "coordinates": [[[-51.38516741844315, -30.06419012362501, 0.0], [-51.38534105067647, -30.064007445156435, 0.0], [-51.384802061506, -30.064007445156435, 0.0], [-51.38516741844315, -30.06419012362501, 0.0]]]}}, {"id": "168", "type": "Feature", "properties": {"cultura": "Outras Lavouras Temporárias", "area_ha": 0.08}, "geometry": {"type": "Polygon", "coordinates": [[[-51.38534105067647, -30.0637379505712, 0.0], [-51.38534105067647, -30.064007445156435, 0.0], [-51.38588003984694, -30.064007445156435, 0.0], [-51.38534105067647, -30.0637379505712, 0.0]]]}}, {"id": "169", "type": "Feature", "properties": {"cultura": "Outras Lavouras Temporárias", "area_ha": 0.08}, "geometry": {"type": "Polygon", "coordinates": [[[-51.38641902901741, -30.0637379505712, 0.0], [-51.38641902901741, -30.063468455985962, 0.0], [-51.38588003984694, -30.063468455985962, 0.0], [-51.38641902901741, -30.0637379505712, 0.0]]]}}, {"id": "170", "type": "Feature", "properties": {"cultura": "Outras Lavouras Temporárias", "area_ha": 0.06}, "geometry": {"type": "Polygon", "coordinates": [[[-51.38897987056332, -30.063066143066596, 0.0], [-51.38911397486977, -30.062659972230254, 0.0], [-51.38884448028453, -30.062659972230254, 0.0], [-51.38897987056332, -30.063066143066596, 0.0]]]}}, {"id": "171", "type": "Feature", "properties": {"cultura": "Outras Lavouras Temporárias", "area_ha": 0.04}, "geometry": {"type": "Polygon", "coordinates": [[[-51.3885749856993, -30.062659972230254, 0.0], [-51.38884448028453, -30.062390477645017, 0.0], [-51.3885749856993, -30.062390477645017, 0.0], [-51.3885749856993, -30.062659972230254, 0.0]]]}}, {"id": "172", "type": "Feature", "properties": {"cultura": "Outras Lavouras Temporárias", "area_ha": 0.04}, "geometry": {"type": "Polygon", "coordinates": [[[-51.38911397486977, -30.062390477645017, 0.0], [-51.38911397486977, -30.06212098305978, 0.0], [-51.38884448028453, -30.06212098305978, 0.0], [-51.38911397486977, -30.062390477645017, 0.0]]]}}, {"id": "173", "type": "Feature", "properties": {"cultura": "Outras Lavouras Temporárias", "area_ha": 0.31}, "geometry": {"type": "Polygon", "coordinates": [[[-51.39100043696642, -30.05134119965035, 0.0], [-51.39073094238119, -30.05188018882082, 0.0], [-51.391539426136895, -30.05241917799129, 0.0], [-51.39100043696642, -30.05134119965035, 0.0]]]}}, {"id": "174", "type": "Feature", "properties": {"cultura": "Outras Lavouras Temporárias", "area_ha": 0.27}, "geometry": {"type": "Polygon", "coordinates": [[[-51.3923479098926, -30.05053271589464, 0.0], [-51.39315639364831, -30.050802210479876, 0.0], [-51.39261740447784, -30.049993726724168, 0.0], [-51.3923479098926, -30.05053271589464, 0.0]]]}}, {"id": "175", "type": "Feature", "properties": {"cultura": "Outras Lavouras Temporárias", "area_ha": 0.16}, "geometry": {"type": "Polygon", "coordinates": [[[-51.372674805170384, -30.04972423213893, 0.0], [-51.37375278351133, -30.04972423213893, 0.0], [-51.37213581599991, -30.049454737553695, 0.0], [-51.372674805170384, -30.04972423213893, 0.0]]]}}, {"id": "176", "type": "Feature", "properties": {"cultura": "Outras Lavouras Temporárias", "area_ha": 1.55}, "geometry": {"type": "Polygon", "coordinates": [[[-51.37968166438652, -30.048107264627518, 0.0], [-51.38022065355699, -30.04972423213893, 0.0], [-51.381029137312694, -30.049454737553695, 0.0], [-51.381029137312694, -30.048376759212754, 0.0], [-51.37968166438652, -30.048107264627518, 0.0]]]}}, {"id": "177", "type": "Feature", "properties": {"cultura": "Outras Lavouras Temporárias", "area_ha": 0.47}, "geometry": {"type": "Polygon", "coordinates": [[[-51.39477336115973, -30.045142824189924, 0.0], [-51.39477336115973, -30.044334340434215, 0.0], [-51.39450386657449, -30.044334340434215, 0.0], [-51.39396487740402, -30.045142824189924, 0.0], [-51.39477336115973, -30.045142824189924, 0.0]]]}}, {"id": "178", "type": "Feature", "properties": {"cultura": "Outras Lavouras Temporárias", "area_ha": 0.02}, "geometry": {"type": "Polygon", "coordinates": [[[-51.4060798256203, -30.04460383501945, 0.0], [-51.405822639154394, -30.044873329604687, 0.0], [-51.405936095460035, -30.044873329604687, 0.0], [-51.4060798256203, -30.04460383501945, 0.0]]]}}, {"id": "179", "type": "Feature", "properties": {"cultura": "Outras Lavouras Temporárias", "area_ha": 0.04}, "geometry": {"type": "Polygon", "coordinates": [[[-51.40555314456916, -30.04460383501945, 0.0], [-51.405822639154394, -30.04460383501945, 0.0], [-51.405822639154394, -30.044334340434215, 0.0], [-51.40555314456916, -30.04460383501945, 0.0]]]}}, {"id": "180", "type": "Feature", "properties": {"cultura": "Outras Lavouras Temporárias", "area_ha": 0.04}, "geometry": {"type": "Polygon", "coordinates": [[[-51.40555314456916, -30.04406484584898, 0.0], [-51.40528364998392, -30.04406484584898, 0.0], [-51.40528364998392, -30.044334340434215, 0.0], [-51.40555314456916, -30.04406484584898, 0.0]]]}}, {"id": "181", "type": "Feature", "properties": {"cultura": "Outras Lavouras Temporárias", "area_ha": 0.04}, "geometry": {"type": "Polygon", "coordinates": [[[-51.40501415539869, -30.04406484584898, 0.0], [-51.40528364998392, -30.04406484584898, 0.0], [-51.40528364998392, -30.043795351263743, 0.0], [-51.40501415539869, -30.04406484584898, 0.0]]]}}, {"id": "182", "type": "Feature", "properties": {"cultura": "Outras Lavouras Temporárias", "area_ha": 0.04}, "geometry": {"type": "Polygon", "coordinates": [[[-51.39396487740402, -30.043795351263743, 0.0], [-51.39396487740402, -30.043525856678507, 0.0], [-51.393695382818784, -30.043525856678507, 0.0], [-51.39396487740402, -30.043795351263743, 0.0]]]}}, {"id": "183", "type": "Feature", "properties": {"cultura": "Outras Lavouras Temporárias", "area_ha": 0.04}, "geometry": {"type": "Polygon", "coordinates": [[[-51.40474466081345, -30.043525856678507, 0.0], [-51.40474466081345, -30.043256362093274, 0.0], [-51.40447516622822, -30.043256362093274, 0.0], [-51.40474466081345, -30.043525856678507, 0.0]]]}}, {"id": "184", "type": "Feature", "properties": {"cultura": "Outras Lavouras Temporárias", "area_ha": 0.04}, "geometry": {"type": "Polygon", "coordinates": [[[-51.40447516622822, -30.043256362093274, 0.0], [-51.40420567164298, -30.042986867508038, 0.0], [-51.40420567164298, -30.043256362093274, 0.0], [-51.40447516622822, -30.043256362093274, 0.0]]]}}, {"id": "185", "type": "Feature", "properties": {"cultura": "Outras Lavouras Temporárias", "area_ha": 0.04}, "geometry": {"type": "Polygon", "coordinates": [[[-51.403936177057744, -30.042986867508038, 0.0], [-51.40420567164298, -30.042986867508038, 0.0], [-51.40420567164298, -30.0427173729228, 0.0], [-51.403936177057744, -30.042986867508038, 0.0]]]}}, {"id": "186", "type": "Feature", "properties": {"cultura": "Outras Lavouras Temporárias", "area_ha": 0.04}, "geometry": {"type": "Polygon", "coordinates": [[[-51.403936177057744, -30.042447878337565, 0.0], [-51.40366668247251, -30.042447878337565, 0.0], [-51.40366668247251, -30.0427173729228, 0.0], [-51.403936177057744, -30.042447878337565, 0.0]]]}}, {"id": "187", "type": "Feature", "properties": {"cultura": "Outras Lavouras Temporárias", "area_ha": 0.04}, "geometry": {"type": "Polygon", "coordinates": [[[-51.40339718788727, -30.042447878337565, 0.0], [-51.40366668247251, -30.042447878337565, 0.0], [-51.40366668247251, -30.04217838375233, 0.0], [-51.40339718788727, -30.042447878337565, 0.0]]]}}, {"id": "188", "type": "Feature", "properties": {"cultura": "Outras Lavouras Temporárias", "area_ha": 0.7}, "geometry": {"type": "Polygon", "coordinates": [[[-51.39477336115973, -30.041100405411385, 0.0], [-51.39396487740402, -30.041908889167093, 0.0], [-51.39396487740402, -30.043525856678507, 0.0], [-51.39477336115973, -30.041100405411385, 0.0]]]}}, {"id": "189", "type": "Feature", "properties": {"cultura": "Outras Lavouras Temporárias", "area_ha": 0.04}, "geometry": {"type": "Polygon", "coordinates": [[[-51.40339718788727, -30.04217838375233, 0.0], [-51.40339718788727, -30.041908889167093, 0.0], [-51.40312769330204, -30.041908889167093, 0.0], [-51.40339718788727, -30.04217838375233, 0.0]]]}}, {"id": "190", "type": "Feature", "properties": {"cultura": "Outras Lavouras Temporárias", "area_ha": 0.04}, "geometry": {"type": "Polygon", "coordinates": [[[-51.40312769330204, -30.041908889167093, 0.0], [-51.4028581987168, -30.041639394581857, 0.0], [-51.4028581987168, -30.041908889167093, 0.0], [-51.40312769330204, -30.041908889167093, 0.0]]]}}, {"id": "191", "type": "Feature", "properties": {"cultura": "Outras Lavouras Temporárias", "area_ha": 0.16}, "geometry": {"type": "Polygon", "coordinates": [[[-51.40231920954633, -30.041639394581857, 0.0], [-51.4028581987168, -30.041639394581857, 0.0], [-51.40258870413157, -30.041100405411385, 0.0], [-51.40231920954633, -30.041639394581857, 0.0]]]}}, {"id": "192", "type": "Feature", "properties": {"cultura": "Outras Lavouras Temporárias", "area_ha": 0.27}, "geometry": {"type": "Polygon", "coordinates": [[[-51.39477336115973, -30.0389444487295, 0.0], [-51.39450386657449, -30.040022427070443, 0.0], [-51.395312350330194, -30.038674954144263, 0.0], [-51.39477336115973, -30.0389444487295, 0.0]]]}}, {"id": "193", "type": "Feature", "properties": {"cultura": "Outras Lavouras Temporárias", "area_ha": 0.08}, "geometry": {"type": "Polygon", "coordinates": [[[-51.39639032867114, -30.03382405161002, 0.0], [-51.39639032867114, -30.033285062439546, 0.0], [-51.396120834085906, -30.033285062439546, 0.0], [-51.39639032867114, -30.03382405161002, 0.0]]]}}, {"id": "194", "type": "Feature", "properties": {"cultura": "Outras Lavouras Temporárias", "area_ha": 0.12}, "geometry": {"type": "Polygon", "coordinates": [[[-51.39665982325638, -30.033285062439546, 0.0], [-51.39665982325638, -30.032476578683838, 0.0], [-51.39639032867114, -30.032476578683838, 0.0], [-51.39665982325638, -30.033285062439546, 0.0]]]}}, {"id": "195", "type": "Feature", "properties": {"cultura": "Outras Lavouras Temporárias", "area_ha": 0.12}, "geometry": {"type": "Polygon", "coordinates": [[[-51.406092133739634, -30.033285062439546, 0.0], [-51.406092133739634, -30.032476578683838, 0.0], [-51.405822639154394, -30.032476578683838, 0.0], [-51.406092133739634, -30.033285062439546, 0.0]]]}}, {"id": "196", "type": "Feature", "properties": {"cultura": "Outras Lavouras Temporárias", "area_ha": 0.08}, "geometry": {"type": "Polygon", "coordinates": [[[-51.406092133739634, -30.032476578683838, 0.0], [-51.406361628324866, -30.032476578683838, 0.0], [-51.406361628324866, -30.031937589513365, 0.0], [-51.406092133739634, -30.032476578683838, 0.0]]]}}, {"id": "197", "type": "Feature", "properties": {"cultura": "Outras Lavouras Temporárias", "area_ha": 0.08}, "geometry": {"type": "Polygon", "coordinates": [[[-51.406631122910106, -30.031937589513365, 0.0], [-51.406631122910106, -30.031398600342893, 0.0], [-51.406361628324866, -30.031398600342893, 0.0], [-51.406631122910106, -30.031937589513365, 0.0]]]}}, {"id": "198", "type": "Feature", "properties": {"cultura": "Outras Lavouras Temporárias", "area_ha": 0.16}, "geometry": {"type": "Polygon", "coordinates": [[[-51.40743960666581, -30.029512138246243, 0.0], [-51.40743960666581, -30.0284341599053, 0.0], [-51.40717011208057, -30.0284341599053, 0.0], [-51.40743960666581, -30.029512138246243, 0.0]]]}}, {"id": "199", "type": "Feature", "properties": {"cultura": "Outras Lavouras Temporárias", "area_ha": 0.47}, "geometry": {"type": "Polygon", "coordinates": [[[-51.407709101251044, -30.0284341599053, 0.0], [-51.407709101251044, -30.02520022488247, 0.0], [-51.40743960666581, -30.02520022488247, 0.0], [-51.407709101251044, -30.0284341599053, 0.0]]]}}, {"id": "200", "type": "Feature", "properties": {"cultura": "Outras Lavouras Temporárias", "area_ha": 0.08}, "geometry": {"type": "Polygon", "coordinates": [[[-51.38210711565364, -30.022235784444874, 0.0], [-51.38210711565364, -30.021696795274405, 0.0], [-51.38183762106841, -30.021696795274405, 0.0], [-51.38210711565364, -30.022235784444874, 0.0]]]}}, {"id": "201", "type": "Feature", "properties": {"cultura": "Outras Lavouras Temporárias", "area_ha": 0.54}, "geometry": {"type": "Polygon", "coordinates": [[[-51.407709101251044, -30.023583257371055, 0.0], [-51.407709101251044, -30.01981033317775, 0.0], [-51.40743960666581, -30.01981033317775, 0.0], [-51.407709101251044, -30.023583257371055, 0.0]]]}}, {"id": "202", "type": "Feature", "properties": {"cultura": "Outras Lavouras Temporárias", "area_ha": 0.12}, "geometry": {"type": "Polygon", "coordinates": [[[-51.38237661023888, -30.021696795274405, 0.0], [-51.38237661023888, -30.020888311518696, 0.0], [-51.38210711565364, -30.020888311518696, 0.0], [-51.38237661023888, -30.021696795274405, 0.0]]]}}, {"id": "203", "type": "Feature", "properties": {"cultura": "Outras Lavouras Temporárias", "area_ha": 0.23}, "geometry": {"type": "Polygon", "coordinates": [[[-51.38668852360265, -30.019540838592516, 0.0], [-51.38668852360265, -30.017923871081102, 0.0], [-51.38641902901741, -30.017923871081102, 0.0], [-51.38668852360265, -30.019540838592516, 0.0]]]}}, {"id": "204", "type": "Feature", "properties": {"cultura": "Outras Lavouras Temporárias", "area_ha": 0.12}, "geometry": {"type": "Polygon", "coordinates": [[[-51.38210711565364, -30.017923871081102, 0.0], [-51.38210711565364, -30.017115387325394, 0.0], [-51.38183762106841, -30.017115387325394, 0.0], [-51.38210711565364, -30.017923871081102, 0.0]]]}}, {"id": "205", "type": "Feature", "properties": {"cultura": "Outras Lavouras Temporárias", "area_ha": 0.04}, "geometry": {"type": "Polygon", "coordinates": [[[-51.38183762106841, -30.017115387325394, 0.0], [-51.38156812648317, -30.016845892740157, 0.0], [-51.38156812648317, -30.017115387325394, 0.0], [-51.38183762106841, -30.017115387325394, 0.0]]]}}, {"id": "206", "type": "Feature", "properties": {"cultura": "Outras Lavouras Temporárias", "area_ha": 0.04}, "geometry": {"type": "Polygon", "coordinates": [[[-51.381298631897934, -30.016845892740157, 0.0], [-51.38156812648317, -30.016845892740157, 0.0], [-51.38156812648317, -30.01657639815492, 0.0], [-51.381298631897934, -30.016845892740157, 0.0]]]}}, {"id": "207", "type": "Feature", "properties": {"cultura": "Outras Lavouras Temporárias", "area_ha": 0.81}, "geometry": {"type": "Polygon", "coordinates": [[[-51.38049014814222, -30.01468993605827, 0.0], [-51.381029137312694, -30.016037408984452, 0.0], [-51.38183762106841, -30.015228925228744, 0.0], [-51.38049014814222, -30.01468993605827, 0.0]]]}}, {"id": "208", "type": "Feature", "properties": {"cultura": "Outras Lavouras Temporárias", "area_ha": 0.04}, "geometry": {"type": "Polygon", "coordinates": [[[-51.38022065355699, -30.01468993605827, 0.0], [-51.38049014814222, -30.01468993605827, 0.0], [-51.38049014814222, -30.014420441473035, 0.0], [-51.38022065355699, -30.01468993605827, 0.0]]]}}, {"id": "209", "type": "Feature", "properties": {"cultura": "Outras Lavouras Temporárias", "area_ha": 0.47}, "geometry": {"type": "Polygon", "coordinates": [[[-51.40743960666581, -30.01468993605827, 0.0], [-51.40797859583628, -30.014959430643508, 0.0], [-51.40797859583628, -30.01334246313209, 0.0], [-51.40743960666581, -30.01468993605827, 0.0]]]}}, {"id": "210", "type": "Feature", "properties": {"cultura": "Outras Lavouras Temporárias", "area_ha": 0.08}, "geometry": {"type": "Polygon", "coordinates": [[[-51.406631122910106, -30.008761055183083, 0.0], [-51.406631122910106, -30.008491560597847, 0.0], [-51.406092133739634, -30.008491560597847, 0.0], [-51.406631122910106, -30.008761055183083, 0.0]]]}}, {"id": "211", "type": "Feature", "properties": {"cultura": "Outras Lavouras Temporárias", "area_ha": 0.04}, "geometry": {"type": "Polygon", "coordinates": [[[-51.405822639154394, -30.008491560597847, 0.0], [-51.406092133739634, -30.00822206601261, 0.0], [-51.405822639154394, -30.00822206601261, 0.0], [-51.405822639154394, -30.008491560597847, 0.0]]]}}, {"id": "212", "type": "Feature", "properties": {"cultura": "Outras Lavouras Temporárias", "area_ha": 0.12}, "geometry": {"type": "Polygon", "coordinates": [[[-51.405822639154394, -30.00822206601261, 0.0], [-51.405822639154394, -30.007952571427374, 0.0], [-51.40501415539869, -30.007952571427374, 0.0], [-51.405822639154394, -30.00822206601261, 0.0]]]}}, {"id": "213", "type": "Feature", "properties": {"cultura": "Outras Lavouras Temporárias", "area_ha": 5.36}, "geometry": {"type": "Polygon", "coordinates": [[[-51.401780220375855, -30.000406723040772, 0.0], [-51.40258870413157, -30.001484701381713, 0.0], [-51.40420567164298, -30.00175419596695, 0.0], [-51.40447516622822, -29.997711777188414, 0.0], [-51.40366668247251, -29.99798127177365, 0.0], [-51.4028581987168, -30.00067621762601, 0.0], [-51.401780220375855, -30.000406723040772, 0.0]]]}}, {"id": "214", "type": "Feature", "properties": {"cultura": "Outras Lavouras Temporárias", "area_ha": 0.82}, "geometry": {"type": "Polygon", "coordinates": [[[-51.39665982325638, -29.995016831336056, 0.0], [-51.39719881242685, -29.99528632592129, 0.0], [-51.39665982325638, -29.996903293432705, 0.0], [-51.398007296182556, -29.995555820506524, 0.0], [-51.39665982325638, -29.995016831336056, 0.0]]]}}, {"id": "215", "type": "Feature", "properties": {"cultura": "Outras Lavouras Temporárias", "area_ha": 0.04}, "geometry": {"type": "Polygon", "coordinates": [[[-51.39639032867114, -29.996094809676997, 0.0], [-51.39665982325638, -29.996094809676997, 0.0], [-51.39665982325638, -29.99582531509176, 0.0], [-51.39639032867114, -29.996094809676997, 0.0]]]}}, {"id": "216", "type": "Feature", "properties": {"cultura": "Outras Lavouras Temporárias", "area_ha": 0.19}, "geometry": {"type": "Polygon", "coordinates": [[[-51.40231920954633, -29.996094809676997, 0.0], [-51.40231920954633, -29.99474733675082, 0.0], [-51.402049714961095, -29.99474733675082, 0.0], [-51.40231920954633, -29.996094809676997, 0.0]]]}}, {"id": "217", "type": "Feature", "properties": {"cultura": "Outras Lavouras Temporárias", "area_ha": 0.31}, "geometry": {"type": "Polygon", "coordinates": [[[-51.37617823477845, -29.99528632592129, 0.0], [-51.37617823477845, -29.99474733675082, 0.0], [-51.375100256437506, -29.99528632592129, 0.0], [-51.37617823477845, -29.99528632592129, 0.0]]]}}, {"id": "218", "type": "Feature", "properties": {"cultura": "Outras Lavouras Temporárias", "area_ha": 0.23}, "geometry": {"type": "Polygon", "coordinates": [[[-51.39962426369397, -29.993130369239402, 0.0], [-51.39962426369397, -29.99259138006893, 0.0], [-51.39881577993826, -29.99259138006893, 0.0], [-51.39962426369397, -29.993130369239402, 0.0]]]}}, {"id": "219", "type": "Feature", "properties": {"cultura": "Outras Lavouras Temporárias", "area_ha": 1.51}, "geometry": {"type": "Polygon", "coordinates": [[[-51.395581844915434, -29.99151340172799, 0.0], [-51.395312350330194, -29.99259138006893, 0.0], [-51.39665982325638, -29.992860874654166, 0.0], [-51.39665982325638, -29.99205239089846, 0.0], [-51.39746830701208, -29.99205239089846, 0.0], [-51.395581844915434, -29.99151340172799, 0.0]]]}}, {"id": "220", "type": "Feature", "properties": {"cultura": "Outras Lavouras Temporárias", "area_ha": 0.31}, "geometry": {"type": "Polygon", "coordinates": [[[-51.39854628535303, -29.992321885483694, 0.0], [-51.39881577993826, -29.991782896313225, 0.0], [-51.39773780159732, -29.991782896313225, 0.0], [-51.39854628535303, -29.992321885483694, 0.0]]]}}, {"id": "221", "type": "Feature", "properties": {"cultura": "Outras Lavouras Temporárias", "area_ha": 0.47}, "geometry": {"type": "Polygon", "coordinates": [[[-51.39504285574496, -29.9893574450461, 0.0], [-51.39450386657449, -29.990435423387044, 0.0], [-51.395581844915434, -29.989896434216572, 0.0], [-51.39504285574496, -29.9893574450461, 0.0]]]}}, {"id": "222", "type": "Feature", "properties": {"cultura": "Outras Lavouras Temporárias", "area_ha": 0.97}, "geometry": {"type": "Polygon", "coordinates": [[[-51.39315639364831, -29.990165928801808, 0.0], [-51.39450386657449, -29.989087950460863, 0.0], [-51.39315639364831, -29.98881845587563, 0.0], [-51.39315639364831, -29.990165928801808, 0.0]]]}}, {"id": "223", "type": "Feature", "properties": {"cultura": "Outras Lavouras Temporárias", "area_ha": 1.4}, "geometry": {"type": "Polygon", "coordinates": [[[-51.39504285574496, -29.988009972119922, 0.0], [-51.39450386657449, -29.98666249919374, 0.0], [-51.393695382818784, -29.987201488364214, 0.0], [-51.39315639364831, -29.98666249919374, 0.0], [-51.39315639364831, -29.98747098294945, 0.0], [-51.39504285574496, -29.988009972119922, 0.0]]]}}, {"id": "224", "type": "Feature", "properties": {"cultura": "Outras Lavouras Temporárias", "area_ha": 0.04}, "geometry": {"type": "Polygon", "coordinates": [[[-51.36162552717572, -30.08637549573101, 0.0], [-51.36162552717572, -30.086106001145772, 0.0], [-51.36135603259048, -30.086106001145772, 0.0], [-51.36162552717572, -30.08637549573101, 0.0]]]}}, {"id": "225", "type": "Feature", "properties": {"cultura": "Outras Lavouras Temporárias", "area_ha": 0.27}, "geometry": {"type": "Polygon", "coordinates": [[[-51.361086538005246, -30.08691448490148, 0.0], [-51.35893058132336, -30.085297517390067, 0.0], [-51.35976262047544, -30.08615796059874, 0.0], [-51.361086538005246, -30.08691448490148, 0.0]]]}}, {"id": "226", "type": "Feature", "properties": {"cultura": "Outras Lavouras Temporárias", "area_ha": 0.16}, "geometry": {"type": "Polygon", "coordinates": [[[-51.360817043420006, -30.086106001145772, 0.0], [-51.36135603259048, -30.086106001145772, 0.0], [-51.361086538005246, -30.0855670119753, 0.0], [-51.360817043420006, -30.086106001145772, 0.0]]]}}, {"id": "227", "type": "Feature", "properties": {"cultura": "Outras Lavouras Temporárias", "area_ha": 0.23}, "geometry": {"type": "Polygon", "coordinates": [[[-51.35731361381194, -30.083950044463887, 0.0], [-51.35785260298241, -30.08448903363436, 0.0], [-51.35785260298241, -30.08368054987865, 0.0], [-51.35731361381194, -30.083950044463887, 0.0]]]}}, {"id": "228", "type": "Feature", "properties": {"cultura": "Outras Lavouras Temporárias", "area_ha": 1.71}, "geometry": {"type": "Polygon", "coordinates": [[[-51.35785260298241, -30.08368054987865, 0.0], [-51.35973906507906, -30.08368054987865, 0.0], [-51.35920007590859, -30.082602571537706, 0.0], [-51.35812209756765, -30.082602571537706, 0.0], [-51.35785260298241, -30.08368054987865, 0.0]]]}}, {"id": "229", "type": "Feature", "properties": {"cultura": "Outras Lavouras Temporárias", "area_ha": 0.3}, "geometry": {"type": "Polygon", "coordinates": [[[-51.3565286941938, -30.082579007400145, 0.0], [-51.35704411922671, -30.081524593196765, 0.0], [-51.356505130056235, -30.081524593196765, 0.0], [-51.3565286941938, -30.082579007400145, 0.0]]]}}, {"id": "230", "type": "Feature", "properties": {"cultura": "Outras Lavouras Temporárias", "area_ha": 0.47}, "geometry": {"type": "Polygon", "coordinates": [[[-51.35920007590859, -30.082063582367237, 0.0], [-51.35946957049383, -30.081524593196765, 0.0], [-51.35785260298241, -30.081524593196765, 0.0], [-51.35920007590859, -30.082063582367237, 0.0]]]}}, {"id": "231", "type": "Feature", "properties": {"cultura": "Outras Lavouras Temporárias", "area_ha": 0.23}, "geometry": {"type": "Polygon", "coordinates": [[[-51.366745924295195, -30.080985604026292, 0.0], [-51.366745924295195, -30.08044661485582, 0.0], [-51.36593744053949, -30.08044661485582, 0.0], [-51.366745924295195, -30.080985604026292, 0.0]]]}}, {"id": "232", "type": "Feature", "properties": {"cultura": "Outras Lavouras Temporárias", "area_ha": 0.23}, "geometry": {"type": "Polygon", "coordinates": [[[-51.356235635470995, -30.08044661485582, 0.0], [-51.356235635470995, -30.08125509861153, 0.0], [-51.35677462464147, -30.080985604026292, 0.0], [-51.356235635470995, -30.08044661485582, 0.0]]]}}, {"id": "233", "type": "Feature", "properties": {"cultura": "Outras Lavouras Temporárias", "area_ha": 0.01}, "geometry": {"type": "Polygon", "coordinates": [[[-51.35573933419027, -30.079141829819388, 0.0], [-51.35596614088576, -30.079099141929643, 0.0], [-51.355710914707174, -30.079099141929643, 0.0], [-51.35573933419027, -30.079141829819388, 0.0]]]}}, {"id": "234", "type": "Feature", "properties": {"cultura": "Outras Lavouras Temporárias", "area_ha": 0.04}, "geometry": {"type": "Polygon", "coordinates": [[[-51.35596614088576, -30.078829647344406, 0.0], [-51.35596614088576, -30.079099141929643, 0.0], [-51.356235635470995, -30.079099141929643, 0.0], [-51.35596614088576, -30.078829647344406, 0.0]]]}}, {"id": "235", "type": "Feature", "properties": {"cultura": "Outras Lavouras Temporárias", "area_ha": 0.58}, "geometry": {"type": "Polygon", "coordinates": [[[-51.35515765713006, -30.07721267983299, 0.0], [-51.354349173374345, -30.076943185247753, 0.0], [-51.35596614088576, -30.078829647344406, 0.0], [-51.35515765713006, -30.07721267983299, 0.0]]]}}, {"id": "236", "type": "Feature", "properties": {"cultura": "Outras Lavouras Temporárias", "area_ha": 0.03}, "geometry": {"type": "Polygon", "coordinates": [[[-51.3541457521002, -30.076877111936664, 0.0], [-51.354349173374345, -30.076943185247753, 0.0], [-51.354349173374345, -30.076673690662517, 0.0], [-51.3541457521002, -30.076877111936664, 0.0]]]}}, {"id": "237", "type": "Feature", "properties": {"cultura": "Outras Lavouras Temporárias", "area_ha": 0.04}, "geometry": {"type": "Polygon", "coordinates": [[[-51.354618667959585, -30.076673690662517, 0.0], [-51.354618667959585, -30.076404196077284, 0.0], [-51.354349173374345, -30.076404196077284, 0.0], [-51.354618667959585, -30.076673690662517, 0.0]]]}}, {"id": "238", "type": "Feature", "properties": {"cultura": "Outras Lavouras Temporárias", "area_ha": 3.72}, "geometry": {"type": "Polygon", "coordinates": [[[-51.35300170044817, -30.074787228565867, 0.0], [-51.35300170044817, -30.071553293543037, 0.0], [-51.35084574376628, -30.071822788128273, 0.0], [-51.35300170044817, -30.074787228565867, 0.0]]]}}, {"id": "239", "type": "Feature", "properties": {"cultura": "Outras Lavouras Temporárias", "area_ha": 0.19}, "geometry": {"type": "Polygon", "coordinates": [[[-51.364859462198545, -30.065085423497376, 0.0], [-51.364859462198545, -30.06481592891214, 0.0], [-51.36351198927237, -30.06481592891214, 0.0], [-51.364859462198545, -30.065085423497376, 0.0]]]}}, {"id": "240", "type": "Feature", "properties": {"cultura": "Outras Lavouras Temporárias", "area_ha": 0.35}, "geometry": {"type": "Polygon", "coordinates": [[[-51.36809339722137, -30.05053271589464, 0.0], [-51.36728491346567, -30.051071705065112, 0.0], [-51.36809339722137, -30.05134119965035, 0.0], [-51.36809339722137, -30.05053271589464, 0.0]]]}}, {"id": "241", "type": "Feature", "properties": {"cultura": "Outras Lavouras Temporárias", "area_ha": 0.19}, "geometry": {"type": "Polygon", "coordinates": [[[-51.3457253466468, -30.049993726724168, 0.0], [-51.345994841232034, -30.049993726724168, 0.0], [-51.345994841232034, -30.04864625379799, 0.0], [-51.3457253466468, -30.049993726724168, 0.0]]]}}, {"id": "242", "type": "Feature", "properties": {"cultura": "Outras Lavouras Temporárias", "area_ha": 0.12}, "geometry": {"type": "Polygon", "coordinates": [[[-51.37213581599991, -30.049185242968463, 0.0], [-51.37213581599991, -30.048915748383227, 0.0], [-51.371327332244206, -30.048915748383227, 0.0], [-51.37213581599991, -30.049185242968463, 0.0]]]}}, {"id": "243", "type": "Feature", "properties": {"cultura": "Outras Lavouras Temporárias", "area_ha": 0.08}, "geometry": {"type": "Polygon", "coordinates": [[[-51.36971036473279, -30.048107264627518, 0.0], [-51.36971036473279, -30.047837770042282, 0.0], [-51.36917137556232, -30.047837770042282, 0.0], [-51.36971036473279, -30.048107264627518, 0.0]]]}}, {"id": "244", "type": "Feature", "properties": {"cultura": "Outras Lavouras Temporárias", "area_ha": 0.08}, "geometry": {"type": "Polygon", "coordinates": [[[-51.36917137556232, -30.047837770042282, 0.0], [-51.368632386391845, -30.047568275457046, 0.0], [-51.368632386391845, -30.047837770042282, 0.0], [-51.36917137556232, -30.047837770042282, 0.0]]]}}, {"id": "245", "type": "Feature", "properties": {"cultura": "Outras Lavouras Temporárias", "area_ha": 0.08}, "geometry": {"type": "Polygon", "coordinates": [[[-51.36836289180661, -30.047568275457046, 0.0], [-51.368632386391845, -30.047568275457046, 0.0], [-51.368632386391845, -30.047029286286573, 0.0], [-51.36836289180661, -30.047568275457046, 0.0]]]}}, {"id": "246", "type": "Feature", "properties": {"cultura": "Outras Lavouras Temporárias", "area_ha": 0.23}, "geometry": {"type": "Polygon", "coordinates": [[[-51.35084574376628, -30.04622080253087, 0.0], [-51.35084574376628, -30.047029286286573, 0.0], [-51.35138473293675, -30.047029286286573, 0.0], [-51.35084574376628, -30.04622080253087, 0.0]]]}}, {"id": "247", "type": "Feature", "properties": {"cultura": "Outras Lavouras Temporárias", "area_ha": 0.23}, "geometry": {"type": "Polygon", "coordinates": [[[-51.31203852349232, -30.0389444487295, 0.0], [-51.31257751266279, -30.0389444487295, 0.0], [-51.31203852349232, -30.03813596497379, 0.0], [-51.31203852349232, -30.0389444487295, 0.0]]]}}, {"id": "248", "type": "Feature", "properties": {"cultura": "Outras Lavouras Temporárias", "area_ha": 0.16}, "geometry": {"type": "Polygon", "coordinates": [[[-51.30422318052048, -30.030320622001952, 0.0], [-51.304762169690946, -30.030320622001952, 0.0], [-51.30449267510571, -30.02978163283148, 0.0], [-51.30422318052048, -30.030320622001952, 0.0]]]}}, {"id": "249", "type": "Feature", "properties": {"cultura": "Outras Lavouras Temporárias", "area_ha": 0.21}, "geometry": {"type": "Polygon", "coordinates": [[[-51.30422318052048, -30.028703654490535, 0.0], [-51.30374964224958, -30.029242643661007, 0.0], [-51.30449267510571, -30.029242643661007, 0.0], [-51.30422318052048, -30.028703654490535, 0.0]]]}}, {"id": "250", "type": "Feature", "properties": {"cultura": "Outras Lavouras Temporárias", "area_ha": 0.08}, "geometry": {"type": "Polygon", "coordinates": [[[-51.36162552717572, -30.010378022694496, 0.0], [-51.36162552717572, -30.010108528109264, 0.0], [-51.361086538005246, -30.010108528109264, 0.0], [-51.36162552717572, -30.010378022694496, 0.0]]]}}, {"id": "251", "type": "Feature", "properties": {"cultura": "Outras Lavouras Temporárias", "area_ha": 0.08}, "geometry": {"type": "Polygon", "coordinates": [[[-51.36162552717572, -30.00956953893879, 0.0], [-51.36162552717572, -30.010108528109264, 0.0], [-51.36189502176095, -30.010108528109264, 0.0], [-51.36162552717572, -30.00956953893879, 0.0]]]}}, {"id": "252", "type": "Feature", "properties": {"cultura": "Outras Lavouras Temporárias", "area_ha": 2.1}, "geometry": {"type": "Polygon", "coordinates": [[[-51.34761180874345, -30.001484701381713, 0.0], [-51.34761180874345, -30.000406723040772, 0.0], [-51.34653383040251, -29.9998677338703, 0.0], [-51.346264335817274, -30.002023690552186, 0.0], [-51.34761180874345, -30.001484701381713, 0.0]]]}}, {"id": "253", "type": "Feature", "properties": {"cultura": "Outras Lavouras Temporárias", "area_ha": 0.16}, "geometry": {"type": "Polygon", "coordinates": [[[-51.356505130056235, -29.997711777188414, 0.0], [-51.356505130056235, -29.99717278801794, 0.0], [-51.35596614088576, -29.99717278801794, 0.0], [-51.356505130056235, -29.997711777188414, 0.0]]]}}, {"id": "254", "type": "Feature", "properties": {"cultura": "Outras Lavouras Temporárias", "area_ha": 0.08}, "geometry": {"type": "Polygon", "coordinates": [[[-51.35569664630052, -29.99717278801794, 0.0], [-51.35596614088576, -29.99663379884747, 0.0], [-51.35569664630052, -29.99663379884747, 0.0], [-51.35569664630052, -29.99717278801794, 0.0]]]}}, {"id": "255", "type": "Feature", "properties": {"cultura": "Outras Lavouras Temporárias", "area_ha": 0.5}, "geometry": {"type": "Polygon", "coordinates": [[[-51.33225061738501, -29.995016831336056, 0.0], [-51.33117263904406, -29.99528632592129, 0.0], [-51.33252011197024, -29.99582531509176, 0.0], [-51.33225061738501, -29.995016831336056, 0.0]]]}}, {"id": "256", "type": "Feature", "properties": {"cultura": "Outras Lavouras Temporárias", "area_ha": 0.19}, "geometry": {"type": "Polygon", "coordinates": [[[-51.36189502176095, -29.995555820506524, 0.0], [-51.36216451634618, -29.995555820506524, 0.0], [-51.36216451634618, -29.994208347580347, 0.0], [-51.36189502176095, -29.995555820506524, 0.0]]]}}, {"id": "257", "type": "Feature", "properties": {"cultura": "Outras Lavouras Temporárias", "area_ha": 0.16}, "geometry": {"type": "Polygon", "coordinates": [[[-51.343838884550145, -29.99393885299511, 0.0], [-51.34329989537968, -29.99393885299511, 0.0], [-51.34329989537968, -29.994477842165583, 0.0], [-51.343838884550145, -29.99393885299511, 0.0]]]}}, {"id": "258", "type": "Feature", "properties": {"cultura": "Outras Lavouras Temporárias", "area_ha": 0.16}, "geometry": {"type": "Polygon", "coordinates": [[[-51.34276090620921, -29.99393885299511, 0.0], [-51.34329989537968, -29.99393885299511, 0.0], [-51.34329989537968, -29.99339986382464, 0.0], [-51.34276090620921, -29.99393885299511, 0.0]]]}}, {"id": "259", "type": "Feature", "properties": {"cultura": "Outras Lavouras Temporárias", "area_ha": 0.97}, "geometry": {"type": "Polygon", "coordinates": [[[-51.340065960356846, -29.988548961290395, 0.0], [-51.340065960356846, -29.987740477534686, 0.0], [-51.33871848743067, -29.988009972119922, 0.0], [-51.33871848743067, -29.988548961290395, 0.0], [-51.340065960356846, -29.988548961290395, 0.0]]]}}, {"id": "260", "type": "Feature", "properties": {"cultura": "Outras Lavouras Temporárias", "area_ha": 0.04}, "geometry": {"type": "Polygon", "coordinates": [[[-51.33925747660114, -29.982620080415206, 0.0], [-51.33925747660114, -29.98235058582997, 0.0], [-51.3389879820159, -29.98235058582997, 0.0], [-51.33925747660114, -29.982620080415206, 0.0]]]}}, {"id": "261", "type": "Feature", "properties": {"cultura": "Outras Lavouras Temporárias", "area_ha": 0.74}, "geometry": {"type": "Polygon", "coordinates": [[[-51.30637913720236, -29.982889575000442, 0.0], [-51.30584014803189, -29.982620080415206, 0.0], [-51.30449267510571, -29.982889575000442, 0.0], [-51.3066486317876, -29.983159069585675, 0.0], [-51.3066486317876, -29.981811596659497, 0.0], [-51.30637913720236, -29.982889575000442, 0.0]]]}}, {"id": "262", "type": "Feature", "properties": {"cultura": "Outras Lavouras Temporárias", "area_ha": 0.04}, "geometry": {"type": "Polygon", "coordinates": [[[-51.300450256327174, -29.98235058582997, 0.0], [-51.300450256327174, -29.982081091244734, 0.0], [-51.30018076174194, -29.982081091244734, 0.0], [-51.300450256327174, -29.98235058582997, 0.0]]]}}, {"id": "263", "type": "Feature", "properties": {"cultura": "Outras Lavouras Temporárias", "area_ha": 0.04}, "geometry": {"type": "Polygon", "coordinates": [[[-51.30637913720236, -29.981811596659497, 0.0], [-51.30637913720236, -29.98154210207426, 0.0], [-51.30610964261713, -29.98154210207426, 0.0], [-51.30637913720236, -29.981811596659497, 0.0]]]}}, {"id": "264", "type": "Feature", "properties": {"cultura": "Outras Lavouras Temporárias", "area_ha": 0.43}, "geometry": {"type": "Polygon", "coordinates": [[[-51.299102783401, -29.981272607489025, 0.0], [-51.29883328881576, -29.981811596659497, 0.0], [-51.30018076174194, -29.982081091244734, 0.0], [-51.299102783401, -29.981272607489025, 0.0]]]}}, {"id": "265", "type": "Feature", "properties": {"cultura": "Outras Lavouras Temporárias", "area_ha": 0.08}, "geometry": {"type": "Polygon", "coordinates": [[[-51.309074083054725, -29.981811596659497, 0.0], [-51.309074083054725, -29.981272607489025, 0.0], [-51.308804588469485, -29.981272607489025, 0.0], [-51.309074083054725, -29.981811596659497, 0.0]]]}}, {"id": "266", "type": "Feature", "properties": {"cultura": "Outras Lavouras Temporárias", "area_ha": 0.04}, "geometry": {"type": "Polygon", "coordinates": [[[-51.3066486317876, -29.98154210207426, 0.0], [-51.3066486317876, -29.981272607489025, 0.0], [-51.30637913720236, -29.981272607489025, 0.0], [-51.3066486317876, -29.98154210207426, 0.0]]]}}, {"id": "267", "type": "Feature", "properties": {"cultura": "Outras Lavouras Temporárias", "area_ha": 2.45}, "geometry": {"type": "Polygon", "coordinates": [[[-51.3389879820159, -29.98235058582997, 0.0], [-51.3389879820159, -29.980464123733316, 0.0], [-51.33737101450449, -29.980464123733316, 0.0], [-51.338179498260196, -29.98235058582997, 0.0], [-51.3389879820159, -29.98235058582997, 0.0]]]}}, {"id": "268", "type": "Feature", "properties": {"cultura": "Outras Lavouras Temporárias", "area_ha": 0.04}, "geometry": {"type": "Polygon", "coordinates": [[[-51.29883328881576, -29.98154210207426, 0.0], [-51.29883328881576, -29.981272607489025, 0.0], [-51.298563794230525, -29.981272607489025, 0.0], [-51.29883328881576, -29.98154210207426, 0.0]]]}}, {"id": "269", "type": "Feature", "properties": {"cultura": "Outras Lavouras Temporárias", "area_ha": 0.08}, "geometry": {"type": "Polygon", "coordinates": [[[-51.30934357763996, -29.98100311290379, 0.0], [-51.309074083054725, -29.980733618318553, 0.0], [-51.309074083054725, -29.981272607489025, 0.0], [-51.30934357763996, -29.98100311290379, 0.0]]]}}, {"id": "270", "type": "Feature", "properties": {"cultura": "Outras Lavouras Temporárias", "area_ha": 0.23}, "geometry": {"type": "Polygon", "coordinates": [[[-51.329825166117885, -29.98019462914808, 0.0], [-51.329825166117885, -29.97965563997761, 0.0], [-51.32901668236217, -29.97965563997761, 0.0], [-51.329825166117885, -29.98019462914808, 0.0]]]}}, {"id": "271", "type": "Feature", "properties": {"cultura": "Outras Lavouras Temporárias", "area_ha": 0.43}, "geometry": {"type": "Polygon", "coordinates": [[[-51.335754046993074, -29.978847156221903, 0.0], [-51.33683202533402, -29.97911665080714, 0.0], [-51.33656253074878, -29.97830816705143, 0.0], [-51.335754046993074, -29.978847156221903, 0.0]]]}}, {"id": "272", "type": "Feature", "properties": {"cultura": "Outras Lavouras Temporárias", "area_ha": 0.04}, "geometry": {"type": "Polygon", "coordinates": [[[-51.31015206139567, -29.976960694125253, 0.0], [-51.31015206139567, -29.976691199540017, 0.0], [-51.30988256681043, -29.976691199540017, 0.0], [-51.31015206139567, -29.976960694125253, 0.0]]]}}, {"id": "273", "type": "Feature", "properties": {"cultura": "Outras Lavouras Temporárias", "area_ha": 0.16}, "geometry": {"type": "Polygon", "coordinates": [[[-51.310691050566135, -29.97642170495478, 0.0], [-51.310691050566135, -29.97588271578431, 0.0], [-51.31015206139567, -29.976691199540017, 0.0], [-51.310691050566135, -29.97642170495478, 0.0]]]}}, {"id": "274", "type": "Feature", "properties": {"cultura": "Outras Lavouras Temporárias", "area_ha": 0.04}, "geometry": {"type": "Polygon", "coordinates": [[[-51.310960545151374, -29.97588271578431, 0.0], [-51.310960545151374, -29.975613221199072, 0.0], [-51.310691050566135, -29.975613221199072, 0.0], [-51.310960545151374, -29.97588271578431, 0.0]]]}}, {"id": "275", "type": "Feature", "properties": {"cultura": "Outras Lavouras Temporárias", "area_ha": 0.04}, "geometry": {"type": "Polygon", "coordinates": [[[-51.30179772925335, -29.97426574827289, 0.0], [-51.30179772925335, -29.97399625368766, 0.0], [-51.30152823466812, -29.97399625368766, 0.0], [-51.30179772925335, -29.97426574827289, 0.0]]]}}, {"id": "276", "type": "Feature", "properties": {"cultura": "Outras Lavouras Temporárias", "area_ha": 0.04}, "geometry": {"type": "Polygon", "coordinates": [[[-51.301258740082886, -29.97399625368766, 0.0], [-51.30152823466812, -29.973726759102423, 0.0], [-51.301258740082886, -29.973726759102423, 0.0], [-51.301258740082886, -29.97399625368766, 0.0]]]}}, {"id": "277", "type": "Feature", "properties": {"cultura": "Outras Lavouras Temporárias", "area_ha": 0.04}, "geometry": {"type": "Polygon", "coordinates": [[[-51.32928617694741, -29.973726759102423, 0.0], [-51.32928617694741, -29.973457264517187, 0.0], [-51.32901668236217, -29.973457264517187, 0.0], [-51.32928617694741, -29.973726759102423, 0.0]]]}}, {"id": "278", "type": "Feature", "properties": {"cultura": "Outras Lavouras Temporárias", "area_ha": 0.08}, "geometry": {"type": "Polygon", "coordinates": [[[-51.301258740082886, -29.973726759102423, 0.0], [-51.301258740082886, -29.97318776993195, 0.0], [-51.30098924549765, -29.97318776993195, 0.0], [-51.301258740082886, -29.973726759102423, 0.0]]]}}, {"id": "279", "type": "Feature", "properties": {"cultura": "Outras Lavouras Temporárias", "area_ha": 0.31}, "geometry": {"type": "Polygon", "coordinates": [[[-51.31608094227086, -29.973726759102423, 0.0], [-51.31608094227086, -29.97318776993195, 0.0], [-51.31500296392991, -29.97318776993195, 0.0], [-51.31608094227086, -29.973726759102423, 0.0]]]}}, {"id": "280", "type": "Feature", "properties": {"cultura": "Outras Lavouras Temporárias", "area_ha": 0.16}, "geometry": {"type": "Polygon", "coordinates": [[[-51.32847769319171, -29.973457264517187, 0.0], [-51.32901668236217, -29.972918275346714, 0.0], [-51.32847769319171, -29.972918275346714, 0.0], [-51.32847769319171, -29.973457264517187, 0.0]]]}}, {"id": "281", "type": "Feature", "properties": {"cultura": "Outras Lavouras Temporárias", "area_ha": 0.04}, "geometry": {"type": "Polygon", "coordinates": [[[-51.300719750912414, -29.97318776993195, 0.0], [-51.30098924549765, -29.972918275346714, 0.0], [-51.300719750912414, -29.972918275346714, 0.0], [-51.300719750912414, -29.97318776993195, 0.0]]]}}, {"id": "282", "type": "Feature", "properties": {"cultura": "Outras Lavouras Temporárias", "area_ha": 0.23}, "geometry": {"type": "Polygon", "coordinates": [[[-51.33332859572595, -29.972648780761478, 0.0], [-51.33252011197024, -29.972648780761478, 0.0], [-51.33252011197024, -29.97318776993195, 0.0], [-51.33332859572595, -29.972648780761478, 0.0]]]}}, {"id": "283", "type": "Feature", "properties": {"cultura": "Outras Lavouras Temporárias", "area_ha": 0.04}, "geometry": {"type": "Polygon", "coordinates": [[[-51.31661993144132, -29.972918275346714, 0.0], [-51.31661993144132, -29.972648780761478, 0.0], [-51.31635043685609, -29.972648780761478, 0.0], [-51.31661993144132, -29.972918275346714, 0.0]]]}}, {"id": "284", "type": "Feature", "properties": {"cultura": "Outras Lavouras Temporárias", "area_ha": 0.08}, "geometry": {"type": "Polygon", "coordinates": [[[-51.317158920611796, -29.972648780761478, 0.0], [-51.317158920611796, -29.972379286176242, 0.0], [-51.31661993144132, -29.972379286176242, 0.0], [-51.317158920611796, -29.972648780761478, 0.0]]]}}, {"id": "285", "type": "Feature", "properties": {"cultura": "Outras Lavouras Temporárias", "area_ha": 0.08}, "geometry": {"type": "Polygon", "coordinates": [[[-51.31581144768562, -29.972648780761478, 0.0], [-51.31635043685609, -29.972379286176242, 0.0], [-51.31581144768562, -29.972379286176242, 0.0], [-51.31581144768562, -29.972648780761478, 0.0]]]}}, {"id": "286", "type": "Feature", "properties": {"cultura": "Outras Lavouras Temporárias", "area_ha": 0.04}, "geometry": {"type": "Polygon", "coordinates": [[[-51.33225061738501, -29.972648780761478, 0.0], [-51.33252011197024, -29.972648780761478, 0.0], [-51.33252011197024, -29.972379286176242, 0.0], [-51.33225061738501, -29.972648780761478, 0.0]]]}}, {"id": "287", "type": "Feature", "properties": {"cultura": "Outras Lavouras Temporárias", "area_ha": 0.08}, "geometry": {"type": "Polygon", "coordinates": [[[-51.33278960655548, -29.972379286176242, 0.0], [-51.33278960655548, -29.97184029700577, 0.0], [-51.33252011197024, -29.97184029700577, 0.0], [-51.33278960655548, -29.972379286176242, 0.0]]]}}, {"id": "288", "type": "Feature", "properties": {"cultura": "Outras Lavouras Temporárias", "area_ha": 0.08}, "geometry": {"type": "Polygon", "coordinates": [[[-51.3600085596643, -29.97184029700577, 0.0], [-51.360547548834774, -29.972109791591006, 0.0], [-51.35946957049383, -29.97184029700577, 0.0], [-51.3600085596643, -29.97184029700577, 0.0]]]}}, {"id": "289", "type": "Feature", "properties": {"cultura": "Outras Lavouras Temporárias", "area_ha": 1.59}, "geometry": {"type": "Polygon", "coordinates": [[[-51.33278960655548, -29.971570802420533, 0.0], [-51.33413707948166, -29.97103181325006, 0.0], [-51.333598090311185, -29.970223329494356, 0.0], [-51.33225061738501, -29.970492824079592, 0.0], [-51.33278960655548, -29.971570802420533, 0.0]]]}}, {"id": "290", "type": "Feature", "properties": {"cultura": "Outras Lavouras Temporárias", "area_ha": 0.04}, "geometry": {"type": "Polygon", "coordinates": [[[-51.29506036462246, -29.96860636198294, 0.0], [-51.29506036462246, -29.968336867397703, 0.0], [-51.294790870037225, -29.968336867397703, 0.0], [-51.29506036462246, -29.96860636198294, 0.0]]]}}, {"id": "291", "type": "Feature", "properties": {"cultura": "Outras Lavouras Temporárias", "area_ha": 0.04}, "geometry": {"type": "Polygon", "coordinates": [[[-51.294790870037225, -29.968336867397703, 0.0], [-51.294521375451986, -29.968067372812467, 0.0], [-51.294521375451986, -29.968336867397703, 0.0], [-51.294790870037225, -29.968336867397703, 0.0]]]}}, {"id": "292", "type": "Feature", "properties": {"cultura": "Outras Lavouras Temporárias", "area_ha": 1.59}, "geometry": {"type": "Polygon", "coordinates": [[[-51.29398238628151, -29.96725888905676, 0.0], [-51.2923654187701, -29.96860636198294, 0.0], [-51.29586884837816, -29.967528383641998, 0.0], [-51.29398238628151, -29.96725888905676, 0.0]]]}}, {"id": "293", "type": "Feature", "properties": {"cultura": "Outras Lavouras Temporárias", "area_ha": 0.04}, "geometry": {"type": "Polygon", "coordinates": [[[-51.2961383429634, -29.96725888905676, 0.0], [-51.2961383429634, -29.966989394471526, 0.0], [-51.29586884837816, -29.966989394471526, 0.0], [-51.2961383429634, -29.96725888905676, 0.0]]]}}, {"id": "294", "type": "Feature", "properties": {"cultura": "Outras Lavouras Temporárias", "area_ha": 0.12}, "geometry": {"type": "Polygon", "coordinates": [[[-51.29883328881576, -29.96725888905676, 0.0], [-51.29883328881576, -29.966450405301053, 0.0], [-51.298563794230525, -29.966450405301053, 0.0], [-51.29883328881576, -29.96725888905676, 0.0]]]}}, {"id": "295", "type": "Feature", "properties": {"cultura": "Outras Lavouras Temporárias", "area_ha": 2.99}, "geometry": {"type": "Polygon", "coordinates": [[[-51.31769790978227, -29.967528383641998, 0.0], [-51.31823689895274, -29.965102932374872, 0.0], [-51.31688942602656, -29.964563943204404, 0.0], [-51.317158920611796, -29.96537242696011, 0.0], [-51.31635043685609, -29.966180910715817, 0.0], [-51.31769790978227, -29.967528383641998, 0.0]]]}}, {"id": "296", "type": "Feature", "properties": {"cultura": "Outras Lavouras Temporárias", "area_ha": 0.04}, "geometry": {"type": "Polygon", "coordinates": [[[-51.3238962852427, -29.966180910715817, 0.0], [-51.3238962852427, -29.96591141613058, 0.0], [-51.32362679065746, -29.96591141613058, 0.0], [-51.3238962852427, -29.966180910715817, 0.0]]]}}, {"id": "297", "type": "Feature", "properties": {"cultura": "Outras Lavouras Temporárias", "area_ha": 1.4}, "geometry": {"type": "Polygon", "coordinates": [[[-51.298563794230525, -29.966450405301053, 0.0], [-51.298563794230525, -29.96537242696011, 0.0], [-51.29694682671911, -29.96591141613058, 0.0], [-51.29694682671911, -29.966450405301053, 0.0], [-51.298563794230525, -29.966450405301053, 0.0]]]}}, {"id": "298", "type": "Feature", "properties": {"cultura": "Outras Lavouras Temporárias", "area_ha": 5.44}, "geometry": {"type": "Polygon", "coordinates": [[[-51.323087801486984, -29.96591141613058, 0.0], [-51.3209318448051, -29.964563943204404, 0.0], [-51.31985386646416, -29.96483343778964, 0.0], [-51.32200982314605, -29.965641921545345, 0.0], [-51.323087801486984, -29.967528383641998, 0.0], [-51.3238962852427, -29.96483343778964, 0.0], [-51.323087801486984, -29.96348596486346, 0.0], [-51.32174032856081, -29.964294448619167, 0.0], [-51.323087801486984, -29.96591141613058, 0.0]], [[-51.323357296072224, -29.96483343778964, 0.0], [-51.32254881231651, -29.96402495403393, 0.0], [-51.323357296072224, -29.964294448619167, 0.0], [-51.323357296072224, -29.96483343778964, 0.0]]]}}, {"id": "299", "type": "Feature", "properties": {"cultura": "Outras Lavouras Temporárias", "area_ha": 0.08}, "geometry": {"type": "Polygon", "coordinates": [[[-51.31796740436751, -29.964563943204404, 0.0], [-51.31796740436751, -29.964294448619167, 0.0], [-51.317428415197035, -29.964294448619167, 0.0], [-51.31796740436751, -29.964563943204404, 0.0]]]}}, {"id": "300", "type": "Feature", "properties": {"cultura": "Outras Lavouras Temporárias", "area_ha": 0.23}, "geometry": {"type": "Polygon", "coordinates": [[[-51.306918126372835, -29.96483343778964, 0.0], [-51.3066486317876, -29.963216470278223, 0.0], [-51.30637913720236, -29.963216470278223, 0.0], [-51.306918126372835, -29.96483343778964, 0.0]]]}}, {"id": "301", "type": "Feature", "properties": {"cultura": "Outras Lavouras Temporárias", "area_ha": 0.04}, "geometry": {"type": "Polygon", "coordinates": [[[-51.32254881231651, -29.96348596486346, 0.0], [-51.32254881231651, -29.963216470278223, 0.0], [-51.32227931773128, -29.963216470278223, 0.0], [-51.32254881231651, -29.96348596486346, 0.0]]]}}, {"id": "302", "type": "Feature", "properties": {"cultura": "Outras Lavouras Temporárias", "area_ha": 0.23}, "geometry": {"type": "Polygon", "coordinates": [[[-51.304762169690946, -29.963216470278223, 0.0], [-51.30637913720236, -29.962946975692986, 0.0], [-51.304762169690946, -29.962946975692986, 0.0], [-51.304762169690946, -29.963216470278223, 0.0]]]}}, {"id": "303", "type": "Feature", "properties": {"cultura": "Outras Lavouras Temporárias", "area_ha": 0.16}, "geometry": {"type": "Polygon", "coordinates": [[[-51.32174032856081, -29.963216470278223, 0.0], [-51.32227931773128, -29.96267748110775, 0.0], [-51.32174032856081, -29.96267748110775, 0.0], [-51.32174032856081, -29.963216470278223, 0.0]]]}}, {"id": "304", "type": "Feature", "properties": {"cultura": "Outras Lavouras Temporárias", "area_ha": 0.47}, "geometry": {"type": "Polygon", "coordinates": [[[-51.32254881231651, -29.9607910190111, 0.0], [-51.32254881231651, -29.961868997352045, 0.0], [-51.323357296072224, -29.96159950276681, 0.0], [-51.32254881231651, -29.9607910190111, 0.0]]]}}, {"id": "305", "type": "Feature", "properties": {"cultura": "Outras Lavouras Temporárias", "area_ha": 0.23}, "geometry": {"type": "Polygon", "coordinates": [[[-51.31203852349232, -29.961060513596337, 0.0], [-51.31123003973661, -29.961060513596337, 0.0], [-51.31123003973661, -29.96159950276681, 0.0], [-51.31203852349232, -29.961060513596337, 0.0]]]}}, {"id": "306", "type": "Feature", "properties": {"cultura": "Outras Lavouras Temporárias", "area_ha": 0.58}, "geometry": {"type": "Polygon", "coordinates": [[[-51.317158920611796, -29.961330008181573, 0.0], [-51.317428415197035, -29.959982535255392, 0.0], [-51.31661993144132, -29.961060513596337, 0.0], [-51.315541953100386, -29.961060513596337, 0.0], [-51.317158920611796, -29.961330008181573, 0.0]]]}}, {"id": "307", "type": "Feature", "properties": {"cultura": "Outras Lavouras Temporárias", "area_ha": 1.55}, "geometry": {"type": "Polygon", "coordinates": [[[-51.32254881231651, -29.96025202984063, 0.0], [-51.321201339390335, -29.96025202984063, 0.0], [-51.32066235021986, -29.96159950276681, 0.0], [-51.321470833975575, -29.96159950276681, 0.0], [-51.32254881231651, -29.96025202984063, 0.0]]]}}, {"id": "308", "type": "Feature", "properties": {"cultura": "Outras Lavouras Temporárias", "area_ha": 0.31}, "geometry": {"type": "Polygon", "coordinates": [[[-51.31500296392991, -29.961060513596337, 0.0], [-51.31500296392991, -29.959982535255392, 0.0], [-51.31446397475944, -29.959982535255392, 0.0], [-51.31500296392991, -29.961060513596337, 0.0]]]}}, {"id": "309", "type": "Feature", "properties": {"cultura": "Outras Lavouras Temporárias", "area_ha": 0.23}, "geometry": {"type": "Polygon", "coordinates": [[[-51.317428415197035, -29.958635062329215, 0.0], [-51.31661993144132, -29.958635062329215, 0.0], [-51.31661993144132, -29.959174051499684, 0.0], [-51.317428415197035, -29.958635062329215, 0.0]]]}}, {"id": "310", "type": "Feature", "properties": {"cultura": "Outras Lavouras Temporárias", "area_ha": 0.16}, "geometry": {"type": "Polygon", "coordinates": [[[-51.32686072568029, -29.95674860023256, 0.0], [-51.32739971485076, -29.957018094817798, 0.0], [-51.325782747339346, -29.95674860023256, 0.0], [-51.32686072568029, -29.95674860023256, 0.0]]]}}, {"id": "311", "type": "Feature", "properties": {"cultura": "Outras Lavouras Temporárias", "area_ha": 0.12}, "geometry": {"type": "Polygon", "coordinates": [[[-51.325782747339346, -29.95620961106209, 0.0], [-51.32497426358364, -29.95620961106209, 0.0], [-51.32497426358364, -29.956479105647325, 0.0], [-51.325782747339346, -29.95620961106209, 0.0]]]}}, {"id": "312", "type": "Feature", "properties": {"cultura": "Outras Lavouras Temporárias", "area_ha": 0.08}, "geometry": {"type": "Polygon", "coordinates": [[[-51.32443527441317, -29.95620961106209, 0.0], [-51.32497426358364, -29.95620961106209, 0.0], [-51.32497426358364, -29.955940116476853, 0.0], [-51.32443527441317, -29.95620961106209, 0.0]]]}}, {"id": "313", "type": "Feature", "properties": {"cultura": "Outras Lavouras Temporárias", "area_ha": 0.08}, "geometry": {"type": "Polygon", "coordinates": [[[-51.32443527441317, -29.95567062189162, 0.0], [-51.3238962852427, -29.95567062189162, 0.0], [-51.3238962852427, -29.955940116476853, 0.0], [-51.32443527441317, -29.95567062189162, 0.0]]]}}, {"id": "314", "type": "Feature", "properties": {"cultura": "Outras Lavouras Temporárias", "area_ha": 0.08}, "geometry": {"type": "Polygon", "coordinates": [[[-51.323357296072224, -29.95567062189162, 0.0], [-51.3238962852427, -29.95567062189162, 0.0], [-51.3238962852427, -29.955401127306384, 0.0], [-51.323357296072224, -29.95567062189162, 0.0]]]}}, {"id": "315", "type": "Feature", "properties": {"cultura": "Outras Lavouras Temporárias", "area_ha": 0.04}, "geometry": {"type": "Polygon", "coordinates": [[[-51.323357296072224, -29.955131632721148, 0.0], [-51.323087801486984, -29.955131632721148, 0.0], [-51.323087801486984, -29.955401127306384, 0.0], [-51.323357296072224, -29.955131632721148, 0.0]]]}}, {"id": "316", "type": "Feature", "properties": {"cultura": "Outras Lavouras Temporárias", "area_ha": 0.04}, "geometry": {"type": "Polygon", "coordinates": [[[-51.32281830690175, -29.955131632721148, 0.0], [-51.323087801486984, -29.955131632721148, 0.0], [-51.323087801486984, -29.954862138135912, 0.0], [-51.32281830690175, -29.955131632721148, 0.0]]]}}, {"id": "317", "type": "Feature", "properties": {"cultura": "Arroz", "area_ha": 22.53}, "geometry": {"type": "Polygon", "coordinates": [[[-51.4616896976154, -30.050328665449722, 0.0], [-51.455913120860856, -30.04958790435648, 0.0], [-51.45572580055096, -30.05029035551861, 0.0], [-51.459546637147746, -30.054564948126774, 0.0], [-51.46124114992942, -30.054166238652453, 0.0], [-51.46241650205393, -30.051610694235585, 0.0], [-51.46241650205393, -30.05281506961485, 0.0], [-51.463820713594835, -30.051411410227395, 0.0], [-51.46241650205393, -30.05134119965035, 0.0], [-51.46261729352599, -30.05068862736616, 0.0], [-51.4616896976154, -30.050328665449722, 0.0]]]}}, {"id": "317", "type": "Feature", "properties": {"cultura": "Arroz", "area_ha": 0.02}, "geometry": {"type": "Polygon", "coordinates": [[[-51.46214700746869, -30.053195573236053, 0.0], [-51.46231136505503, -30.052958167161762, 0.0], [-51.46214700746869, -30.052958167161762, 0.0], [-51.46214700746869, -30.053195573236053, 0.0]]]}}, {"id": "318", "type": "Feature", "properties": {"cultura": "Arroz", "area_ha": 790.98}, "geometry": {"type": "Polygon", "coordinates": [[[-51.43277209767798, -29.996094809676997, 0.0], [-51.43169411933704, -29.99717278801794, 0.0], [-51.43223310850751, -30.00417964723407, 0.0], [-51.43169411933704, -30.003640658063603, 0.0], [-51.431155130166566, -30.00417964723407, 0.0], [-51.43223310850751, -30.004449141819308, 0.0], [-51.43250260309274, -30.006605098501197, 0.0], [-51.43385007601893, -30.00714408767167, 0.0], [-51.43277209767798, -30.011186506450205, 0.0], [-51.43465855977463, -30.02789517073483, 0.0], [-51.43600603270081, -30.028703654490535, 0.0], [-51.434928054359865, -30.02897314907577, 0.0], [-51.434928054359865, -30.030590116587188, 0.0], [-51.43632417734687, -30.04434097453342, 0.0], [-51.4372749388542, -30.044470623829874, 0.0], [-51.43831974163142, -30.043023116468195, 0.0], [-51.437161027204304, -30.03777671505435, 0.0], [-51.43580919385573, -30.037744529722445, 0.0], [-51.435680448207535, -30.035974270595496, 0.0], [-51.44086247604372, -30.034622437511352, 0.0], [-51.44173151163946, -30.033367164197525, 0.0], [-51.445737033016016, -30.034677931285255, 0.0], [-51.44522204862656, -30.03261799544077, 0.0], [-51.44621260329364, -30.03057944663991, 0.0], [-51.44651632152501, -30.02708668697912, 0.0], [-51.445707837769305, -30.02520022488247, 0.0], [-51.447324805280715, -30.02520022488247, 0.0], [-51.44658836914912, -30.030502565029995, 0.0], [-51.449198780794895, -30.02956915575697, 0.0], [-51.45122653081774, -30.029858834820715, 0.0], [-51.45299678864588, -30.029279477402117, 0.0], [-51.453313270510364, -30.029628144374794, 0.0], [-51.45789138755632, -30.0284341599053, 0.0], [-51.45648762117874, -30.028703654490535, 0.0], [-51.45648762117874, -30.028164665320066, 0.0], [-51.459721556201565, -30.028703654490535, 0.0], [-51.45945206161633, -30.026817192393885, 0.0], [-51.46053003995728, -30.026278203223413, 0.0], [-51.46214700746869, -30.02708668697912, 0.0], [-51.461877512883454, -30.02897314907577, 0.0], [-51.46241650205393, -30.029242643661007, 0.0], [-51.46106902912775, -30.029242643661007, 0.0], [-51.46133852371298, -30.02978163283148, 0.0], [-51.46538094249152, -30.029512138246243, 0.0], [-51.466189426247226, -30.030320622001952, 0.0], [-51.46726740458817, -30.02978163283148, 0.0], [-51.468345382929115, -30.030320622001952, 0.0], [-51.470501339611, -30.029242643661007, 0.0], [-51.47243743991528, -30.03069568397749, 0.0], [-51.4732421031361, -30.029182917762366, 0.0], [-51.47433644339162, -30.029440409926007, 0.0], [-51.47449737657477, -30.028024203303758, 0.0], [-51.47578483665007, -30.029118544616956, 0.0], [-51.47807007886765, -30.026994235364437, 0.0], [-51.47871380890532, -30.02844262795473, 0.0], [-51.478134451242596, -30.03253031504338, 0.0], [-51.47451150887082, -30.033599691423724, 0.0], [-51.47386812558286, -30.035219749281225, 0.0], [-51.47535391480829, -30.036875928532563, 0.0], [-51.478077206999444, -30.036587298844974, 0.0], [-51.481627678684, -30.031925310254532, 0.0], [-51.48337699289193, -30.031788268548915, 0.0], [-51.48251055462332, -30.0303380092502, 0.0], [-51.480472639264725, -30.030051127416716, 0.0], [-51.480634320744485, -30.028229996505353, 0.0], [-51.47966415550902, -30.027625676149594, 0.0], [-51.478855671753315, -30.024391741126763, 0.0], [-51.46861487751435, -30.02385275195629, 0.0], [-51.46888437209959, -30.02520022488247, 0.0], [-51.46861487751435, -30.024661235712, 0.0], [-51.46457245873581, -30.024661235712, 0.0], [-51.46214700746869, -30.024930730297235, 0.0], [-51.46133852371298, -30.02573921405294, 0.0], [-51.45945206161633, -30.023583257371055, 0.0], [-51.46053003995728, -30.023044268200582, 0.0], [-51.461608018298215, -30.020888311518696, 0.0], [-51.459991050786805, -30.020888311518696, 0.0], [-51.459991050786805, -30.020079827762988, 0.0], [-51.4562181265935, -30.01981033317775, 0.0], [-51.45487065366732, -30.01873235483681, 0.0], [-51.45433166449685, -30.01927134400728, 0.0], [-51.454062169911616, -30.017654376495866, 0.0], [-51.455679137423026, -30.015767914399216, 0.0], [-51.45433166449685, -30.016306903569685, 0.0], [-51.45433166449685, -30.015228925228744, 0.0], [-51.45109772947402, -30.014420441473035, 0.0], [-51.44975025654784, -30.01226448479115, 0.0], [-51.4486722782069, -30.01226448479115, 0.0], [-51.44678581611024, -30.015228925228744, 0.0], [-51.44786379445119, -30.01334246313209, 0.0], [-51.447324805280715, -30.012533979376386, 0.0], [-51.44651632152501, -30.013072968546858, 0.0], [-51.44651632152501, -30.011186506450205, 0.0], [-51.44462985942836, -30.010647517279732, 0.0], [-51.44651632152501, -30.00903054976832, 0.0], [-51.44624682693977, -30.006874593086433, 0.0], [-51.441934913576, -30.005257625575016, 0.0], [-51.44058744064982, -30.002832174307894, 0.0], [-51.44058744064982, -30.002023690552186, 0.0], [-51.441395924405526, -30.002832174307894, 0.0], [-51.443282386502176, -30.00175419596695, 0.0], [-51.44516884859883, -29.998789755529355, 0.0], [-51.44436036484312, -29.99798127177365, 0.0], [-51.44382137567265, -29.99852026094412, 0.0], [-51.441934913576, -29.99798127177365, 0.0], [-51.441665418990766, -29.996364304262233, 0.0], [-51.44004845147935, -29.997442282603178, 0.0], [-51.4381619893827, -29.996364304262233, 0.0], [-51.43654502187128, -29.997442282603178, 0.0], [-51.434928054359865, -29.996903293432705, 0.0], [-51.435197548945105, -29.998250766358883, 0.0], [-51.43277209767798, -29.996094809676997, 0.0]], [[-51.45109772947402, -30.029512138246243, 0.0], [-51.451636718644494, -30.029512138246243, 0.0], [-51.45109772947402, -30.02978163283148, 0.0], [-51.45109772947402, -30.029512138246243, 0.0]], [[-51.454062169911616, -30.02897314907577, 0.0], [-51.454062169911616, -30.028703654490535, 0.0], [-51.45433166449685, -30.02897314907577, 0.0], [-51.454062169911616, -30.02897314907577, 0.0]], [[-51.453792675326376, -30.028703654490535, 0.0], [-51.453792675326376, -30.028164665320066, 0.0], [-51.454062169911616, -30.028703654490535, 0.0], [-51.453792675326376, -30.028703654490535, 0.0]], [[-51.46915386668482, -30.026008708638177, 0.0], [-51.46888437209959, -30.026008708638177, 0.0], [-51.46888437209959, -30.02520022488247, 0.0], [-51.46915386668482, -30.026008708638177, 0.0]], [[-51.44651632152501, -30.015767914399216, 0.0], [-51.44651632152501, -30.015228925228744, 0.0], [-51.44678581611024, -30.015228925228744, 0.0], [-51.44651632152501, -30.015767914399216, 0.0]], [[-51.44624682693977, -30.016037408984452, 0.0], [-51.44624682693977, -30.015767914399216, 0.0], [-51.44651632152501, -30.015767914399216, 0.0], [-51.44624682693977, -30.016037408984452, 0.0]], [[-51.44597733235454, -30.01657639815492, 0.0], [-51.44597733235454, -30.016037408984452, 0.0], [-51.44624682693977, -30.016037408984452, 0.0], [-51.44597733235454, -30.01657639815492, 0.0]], [[-51.445707837769305, -30.016845892740157, 0.0], [-51.445707837769305, -30.01657639815492, 0.0], [-51.44597733235454, -30.01657639815492, 0.0], [-51.445707837769305, -30.016845892740157, 0.0]], [[-51.44031794606458, -30.001484701381713, 0.0], [-51.44058744064982, -30.001484701381713, 0.0], [-51.44058744064982, -30.002023690552186, 0.0], [-51.44031794606458, -30.001484701381713, 0.0]], [[-51.43546704353034, -29.99852026094412, 0.0], [-51.435197548945105, -29.99852026094412, 0.0], [-51.435197548945105, -29.998250766358883, 0.0], [-51.43546704353034, -29.99852026094412, 0.0]], [[-51.43573653811558, -29.99905925011459, 0.0], [-51.43546704353034, -29.99905925011459, 0.0], [-51.43546704353034, -29.99852026094412, 0.0], [-51.43573653811558, -29.99905925011459, 0.0]], [[-51.43600603270081, -29.999598239285064, 0.0], [-51.43573653811558, -29.999598239285064, 0.0], [-51.43573653811558, -29.99905925011459, 0.0], [-51.43600603270081, -29.999598239285064, 0.0]], [[-51.43627552728605, -29.9998677338703, 0.0], [-51.43600603270081, -29.9998677338703, 0.0], [-51.43600603270081, -29.999598239285064, 0.0], [-51.43627552728605, -29.9998677338703, 0.0]], [[-51.43654502187128, -30.00067621762601, 0.0], [-51.43627552728605, -30.00067621762601, 0.0], [-51.43627552728605, -29.9998677338703, 0.0], [-51.43654502187128, -30.00067621762601, 0.0]], [[-51.43681451645652, -30.001215206796477, 0.0], [-51.43654502187128, -30.001215206796477, 0.0], [-51.43654502187128, -30.00067621762601, 0.0], [-51.43681451645652, -30.001215206796477, 0.0]], [[-51.437084011041755, -30.00175419596695, 0.0], [-51.43681451645652, -30.00175419596695, 0.0], [-51.43681451645652, -30.001215206796477, 0.0], [-51.437084011041755, -30.00175419596695, 0.0]], [[-51.43735350562699, -30.002023690552186, 0.0], [-51.437084011041755, -30.002023690552186, 0.0], [-51.437084011041755, -30.00175419596695, 0.0], [-51.43735350562699, -30.002023690552186, 0.0]], [[-51.43385007601893, -30.006605098501197, 0.0], [-51.43385007601893, -30.006874593086433, 0.0], [-51.43358058143369, -30.006874593086433, 0.0], [-51.43385007601893, -30.006605098501197, 0.0]], [[-51.43438906518939, -30.00633560391596, 0.0], [-51.43438906518939, -30.006605098501197, 0.0], [-51.43385007601893, -30.006605098501197, 0.0], [-51.43438906518939, -30.00633560391596, 0.0]], [[-51.43465855977463, -30.006066109330725, 0.0], [-51.43465855977463, -30.00633560391596, 0.0], [-51.43438906518939, -30.00633560391596, 0.0], [-51.43465855977463, -30.006066109330725, 0.0]], [[-51.434928054359865, -30.00579661474549, 0.0], [-51.434928054359865, -30.006066109330725, 0.0], [-51.43465855977463, -30.006066109330725, 0.0], [-51.434928054359865, -30.00579661474549, 0.0]], [[-51.435197548945105, -30.005257625575016, 0.0], [-51.43573653811558, -30.005257625575016, 0.0], [-51.43546704353034, -30.00579661474549, 0.0], [-51.435197548945105, -30.005257625575016, 0.0]], [[-51.43600603270081, -30.00391015264884, 0.0], [-51.43600603270081, -30.005257625575016, 0.0], [-51.43573653811558, -30.005257625575016, 0.0], [-51.43600603270081, -30.00391015264884, 0.0]], [[-51.43627552728605, -30.005257625575016, 0.0], [-51.43546704353034, -30.012803473961622, 0.0], [-51.43600603270081, -30.013611957717327, 0.0], [-51.435197548945105, -30.014420441473035, 0.0], [-51.43465855977463, -30.019001849422047, 0.0], [-51.43465855977463, -30.015767914399216, 0.0], [-51.43627552728605, -30.005257625575016, 0.0]], [[-51.43438906518939, -30.01981033317775, 0.0], [-51.43438906518939, -30.019001849422047, 0.0], [-51.43465855977463, -30.019001849422047, 0.0], [-51.43438906518939, -30.01981033317775, 0.0]], [[-51.459721556201565, -30.02061881693346, 0.0], [-51.45918256703109, -30.02061881693346, 0.0], [-51.45918256703109, -30.020349322348224, 0.0], [-51.459721556201565, -30.02061881693346, 0.0]], [[-51.44220440816124, -30.01091701186497, 0.0], [-51.443551881087416, -30.00956953893879, 0.0], [-51.44462985942836, -30.010108528109264, 0.0], [-51.44220440816124, -30.01091701186497, 0.0]], [[-51.439239967723644, -29.9998677338703, 0.0], [-51.439239967723644, -29.998789755529355, 0.0], [-51.44004845147935, -29.99905925011459, 0.0], [-51.439239967723644, -29.9998677338703, 0.0]], [[-51.43465855977463, -29.9998677338703, 0.0], [-51.43465855977463, -29.99905925011459, 0.0], [-51.434928054359865, -29.99905925011459, 0.0], [-51.43465855977463, -29.9998677338703, 0.0]], [[-51.43411957060416, -30.000137228455536, 0.0], [-51.43411957060416, -29.9998677338703, 0.0], [-51.43465855977463, -29.9998677338703, 0.0], [-51.43411957060416, -30.000137228455536, 0.0]], [[-51.43358058143369, -30.000406723040772, 0.0], [-51.43358058143369, -30.000137228455536, 0.0], [-51.43411957060416, -30.000137228455536, 0.0], [-51.43358058143369, -30.000406723040772, 0.0]], [[-51.433041592263216, -30.00067621762601, 0.0], [-51.433041592263216, -30.000406723040772, 0.0], [-51.43358058143369, -30.000406723040772, 0.0], [-51.433041592263216, -30.00067621762601, 0.0]], [[-51.435197548945105, -29.9998677338703, 0.0], [-51.43573653811558, -30.003640658063603, 0.0], [-51.434928054359865, -30.00175419596695, 0.0], [-51.435197548945105, -29.9998677338703, 0.0]], [[-51.433311086848455, -30.001215206796477, 0.0], [-51.433311086848455, -30.002562679722658, 0.0], [-51.433041592263216, -30.002562679722658, 0.0], [-51.433311086848455, -30.001215206796477, 0.0]], [[-51.43762300021223, -30.003371163478366, 0.0], [-51.43735350562699, -30.002562679722658, 0.0], [-51.43789249479746, -30.002562679722658, 0.0], [-51.43762300021223, -30.003371163478366, 0.0]], [[-51.43843148396793, -30.00391015264884, 0.0], [-51.43789249479746, -30.00391015264884, 0.0], [-51.43789249479746, -30.003371163478366, 0.0], [-51.43843148396793, -30.00391015264884, 0.0]], [[-51.438970473138404, -30.005257625575016, 0.0], [-51.43870097855317, -30.005257625575016, 0.0], [-51.43870097855317, -30.00498813098978, 0.0], [-51.438970473138404, -30.005257625575016, 0.0]], [[-51.43950946230888, -30.006605098501197, 0.0], [-51.43789249479746, -30.006605098501197, 0.0], [-51.439239967723644, -30.005257625575016, 0.0], [-51.43950946230888, -30.006605098501197, 0.0]], [[-51.439778956894116, -30.006874593086433, 0.0], [-51.43950946230888, -30.006874593086433, 0.0], [-51.43950946230888, -30.006605098501197, 0.0], [-51.439778956894116, -30.006874593086433, 0.0]], [[-51.43762300021223, -30.006874593086433, 0.0], [-51.43762300021223, -30.006605098501197, 0.0], [-51.43789249479746, -30.006605098501197, 0.0], [-51.43762300021223, -30.006874593086433, 0.0]], [[-51.44274339733171, -30.007952571427374, 0.0], [-51.443282386502176, -30.00714408767167, 0.0], [-51.44489935401359, -30.006874593086433, 0.0], [-51.44274339733171, -30.007952571427374, 0.0]], [[-51.44031794606458, -30.007952571427374, 0.0], [-51.44004845147935, -30.007952571427374, 0.0], [-51.439778956894116, -30.00714408767167, 0.0], [-51.44031794606458, -30.007952571427374, 0.0]], [[-51.44058744064982, -30.008491560597847, 0.0], [-51.44031794606458, -30.008491560597847, 0.0], [-51.44031794606458, -30.007952571427374, 0.0], [-51.44058744064982, -30.008491560597847, 0.0]], [[-51.445438343184065, -30.007413582256902, 0.0], [-51.445438343184065, -30.007952571427374, 0.0], [-51.44489935401359, -30.007683076842138, 0.0], [-51.445438343184065, -30.007413582256902, 0.0]], [[-51.445707837769305, -30.00822206601261, 0.0], [-51.445438343184065, -30.00822206601261, 0.0], [-51.445438343184065, -30.007952571427374, 0.0], [-51.445707837769305, -30.00822206601261, 0.0]], [[-51.44462985942836, -30.007952571427374, 0.0], [-51.44462985942836, -30.007683076842138, 0.0], [-51.44489935401359, -30.007683076842138, 0.0], [-51.44462985942836, -30.007952571427374, 0.0]], [[-51.440856935235054, -30.00903054976832, 0.0], [-51.44058744064982, -30.00903054976832, 0.0], [-51.44058744064982, -30.008761055183083, 0.0], [-51.440856935235054, -30.00903054976832, 0.0]], [[-51.441126429820294, -30.00956953893879, 0.0], [-51.440856935235054, -30.00956953893879, 0.0], [-51.440856935235054, -30.00903054976832, 0.0], [-51.441126429820294, -30.00956953893879, 0.0]], [[-51.441395924405526, -30.00956953893879, 0.0], [-51.441665418990766, -30.010378022694496, 0.0], [-51.441126429820294, -30.010378022694496, 0.0], [-51.441395924405526, -30.00956953893879, 0.0]], [[-51.43789249479746, -30.010108528109264, 0.0], [-51.43789249479746, -30.01145600103544, 0.0], [-51.43762300021223, -30.01145600103544, 0.0], [-51.43789249479746, -30.010108528109264, 0.0]], [[-51.438970473138404, -30.010378022694496, 0.0], [-51.439239967723644, -30.013611957717327, 0.0], [-51.43870097855317, -30.012803473961622, 0.0], [-51.438970473138404, -30.010378022694496, 0.0]], [[-51.44220440816124, -30.011725495620677, 0.0], [-51.441934913576, -30.011725495620677, 0.0], [-51.441934913576, -30.011186506450205, 0.0], [-51.44220440816124, -30.011725495620677, 0.0]], [[-51.44247390274647, -30.011725495620677, 0.0], [-51.44301289191694, -30.012803473961622, 0.0], [-51.44220440816124, -30.012533979376386, 0.0], [-51.44247390274647, -30.011725495620677, 0.0]], [[-51.443282386502176, -30.01334246313209, 0.0], [-51.44301289191694, -30.01334246313209, 0.0], [-51.44301289191694, -30.012803473961622, 0.0], [-51.443282386502176, -30.01334246313209, 0.0]], [[-51.443551881087416, -30.013611957717327, 0.0], [-51.443282386502176, -30.013611957717327, 0.0], [-51.443282386502176, -30.01334246313209, 0.0], [-51.443551881087416, -30.013611957717327, 0.0]], [[-51.44220440816124, -30.012803473961622, 0.0], [-51.439778956894116, -30.013881452302563, 0.0], [-51.441395924405526, -30.012533979376386, 0.0], [-51.44220440816124, -30.012803473961622, 0.0]], [[-51.437084011041755, -30.018462860251574, 0.0], [-51.43735350562699, -30.013881452302563, 0.0], [-51.43681451645652, -30.013611957717327, 0.0], [-51.43762300021223, -30.013611957717327, 0.0], [-51.4381619893827, -30.014420441473035, 0.0], [-51.43762300021223, -30.018462860251574, 0.0], [-51.437084011041755, -30.018462860251574, 0.0]], [[-51.44058744064982, -30.01819336566634, 0.0], [-51.44058744064982, -30.018462860251574, 0.0], [-51.43950946230888, -30.018462860251574, 0.0], [-51.44058744064982, -30.01819336566634, 0.0]], [[-51.43789249479746, -30.02196628985964, 0.0], [-51.43600603270081, -30.02142730068917, 0.0], [-51.43735350562699, -30.021157806103933, 0.0], [-51.43735350562699, -30.01873235483681, 0.0], [-51.43789249479746, -30.02196628985964, 0.0]], [[-51.43546704353034, -30.020888311518696, 0.0], [-51.43600603270081, -30.020888311518696, 0.0], [-51.43600603270081, -30.021157806103933, 0.0], [-51.43546704353034, -30.020888311518696, 0.0]], [[-51.454062169911616, -30.020888311518696, 0.0], [-51.454062169911616, -30.022235784444874, 0.0], [-51.453792675326376, -30.022235784444874, 0.0], [-51.454062169911616, -30.020888311518696, 0.0]], [[-51.45001975113308, -30.02142730068917, 0.0], [-51.45001975113308, -30.021696795274405, 0.0], [-51.449211267377365, -30.021696795274405, 0.0], [-51.45001975113308, -30.02142730068917, 0.0]], [[-51.451367224059254, -30.024391741126763, 0.0], [-51.451367224059254, -30.024930730297235, 0.0], [-51.45055874030355, -30.024391741126763, 0.0], [-51.451367224059254, -30.024391741126763, 0.0]], [[-51.45190621322973, -30.02520022488247, 0.0], [-51.45190621322973, -30.02573921405294, 0.0], [-51.451367224059254, -30.025469719467704, 0.0], [-51.45190621322973, -30.02520022488247, 0.0]], [[-51.45217570781496, -30.026008708638177, 0.0], [-51.45190621322973, -30.026008708638177, 0.0], [-51.45190621322973, -30.02573921405294, 0.0], [-51.45217570781496, -30.026008708638177, 0.0]], [[-51.45271469698543, -30.02654769780865, 0.0], [-51.45217570781496, -30.026278203223413, 0.0], [-51.45217570781496, -30.026008708638177, 0.0], [-51.45271469698543, -30.02654769780865, 0.0]], [[-51.44436036484312, -30.024661235712, 0.0], [-51.44382137567265, -30.024661235712, 0.0], [-51.44382137567265, -30.024391741126763, 0.0], [-51.44436036484312, -30.024661235712, 0.0]], [[-51.44489935401359, -30.024930730297235, 0.0], [-51.44436036484312, -30.024930730297235, 0.0], [-51.44436036484312, -30.024661235712, 0.0], [-51.44489935401359, -30.024930730297235, 0.0]], [[-51.445438343184065, -30.02520022488247, 0.0], [-51.44489935401359, -30.02520022488247, 0.0], [-51.44489935401359, -30.024930730297235, 0.0], [-51.445438343184065, -30.02520022488247, 0.0]], [[-51.447594299865955, -30.028164665320066, 0.0], [-51.447324805280715, -30.028164665320066, 0.0], [-51.44705531069548, -30.027625676149594, 0.0], [-51.447594299865955, -30.028164665320066, 0.0]], [[-51.46942336127006, -30.026817192393885, 0.0], [-51.46915386668482, -30.026817192393885, 0.0], [-51.46915386668482, -30.026278203223413, 0.0], [-51.46942336127006, -30.026817192393885, 0.0]], [[-51.46969285585529, -30.027625676149594, 0.0], [-51.46942336127006, -30.027625676149594, 0.0], [-51.46942336127006, -30.026817192393885, 0.0], [-51.46969285585529, -30.027625676149594, 0.0]], [[-51.46996235044053, -30.0284341599053, 0.0], [-51.46969285585529, -30.0284341599053, 0.0], [-51.46969285585529, -30.027625676149594, 0.0], [-51.46996235044053, -30.0284341599053, 0.0]], [[-51.470231845025765, -30.028703654490535, 0.0], [-51.46996235044053, -30.028703654490535, 0.0], [-51.46996235044053, -30.0284341599053, 0.0], [-51.470231845025765, -30.028703654490535, 0.0]], [[-51.466189426247226, -30.0284341599053, 0.0], [-51.466189426247226, -30.028164665320066, 0.0], [-51.466458920832466, -30.028164665320066, 0.0], [-51.466189426247226, -30.0284341599053, 0.0]], [[-51.46511144790628, -30.028703654490535, 0.0], [-51.46511144790628, -30.0284341599053, 0.0], [-51.466189426247226, -30.0284341599053, 0.0], [-51.46511144790628, -30.028703654490535, 0.0]], [[-51.464033469565344, -30.028703654490535, 0.0], [-51.464033469565344, -30.0284341599053, 0.0], [-51.46484195332105, -30.028164665320066, 0.0], [-51.464033469565344, -30.028703654490535, 0.0]], [[-51.478855671753315, -30.03301556785431, 0.0], [-51.478855671753315, -30.032746073269074, 0.0], [-51.47966415550902, -30.032476578683838, 0.0], [-51.478855671753315, -30.03301556785431, 0.0]], [[-51.4772387042419, -30.033285062439546, 0.0], [-51.47696920965666, -30.033285062439546, 0.0], [-51.47696920965666, -30.03301556785431, 0.0], [-51.4772387042419, -30.033285062439546, 0.0]], [[-51.47750819882713, -30.033554557024782, 0.0], [-51.4772387042419, -30.033554557024782, 0.0], [-51.4772387042419, -30.033285062439546, 0.0], [-51.47750819882713, -30.033554557024782, 0.0]], [[-51.47777769341237, -30.03382405161002, 0.0], [-51.47750819882713, -30.03382405161002, 0.0], [-51.47750819882713, -30.033554557024782, 0.0], [-51.47777769341237, -30.03382405161002, 0.0]], [[-51.4780471879976, -30.034093546195255, 0.0], [-51.47777769341237, -30.034093546195255, 0.0], [-51.47777769341237, -30.03382405161002, 0.0], [-51.4780471879976, -30.034093546195255, 0.0]], [[-51.47831668258284, -30.034363040780487, 0.0], [-51.4780471879976, -30.034363040780487, 0.0], [-51.4780471879976, -30.034093546195255, 0.0], [-51.47831668258284, -30.034363040780487, 0.0]], [[-51.478586177168076, -30.034632535365724, 0.0], [-51.47831668258284, -30.034632535365724, 0.0], [-51.47831668258284, -30.034363040780487, 0.0], [-51.478586177168076, -30.034632535365724, 0.0]], [[-51.478855671753315, -30.03490202995096, 0.0], [-51.478586177168076, -30.03490202995096, 0.0], [-51.478586177168076, -30.034632535365724, 0.0], [-51.478855671753315, -30.03490202995096, 0.0]]]}}, {"id": "319", "type": "Feature", "properties": {"cultura": "Arroz", "area_ha": 0.04}, "geometry": {"type": "Polygon", "coordinates": [[[-51.44436036484312, -30.00229318513742, 0.0], [-51.44409087025789, -30.00229318513742, 0.0], [-51.44409087025789, -30.002562679722658, 0.0], [-51.44436036484312, -30.00229318513742, 0.0]]]}}, {"id": "320", "type": "Feature", "properties": {"cultura": "Arroz", "area_ha": 0.08}, "geometry": {"type": "Polygon", "coordinates": [[[-51.44436036484312, -30.00229318513742, 0.0], [-51.44489935401359, -30.00229318513742, 0.0], [-51.44489935401359, -30.002023690552186, 0.0], [-51.44436036484312, -30.00229318513742, 0.0]]]}}, {"id": "321", "type": "Feature", "properties": {"cultura": "Arroz", "area_ha": 0.04}, "geometry": {"type": "Polygon", "coordinates": [[[-51.44516884859883, -30.00175419596695, 0.0], [-51.44489935401359, -30.00175419596695, 0.0], [-51.44489935401359, -30.002023690552186, 0.0], [-51.44516884859883, -30.00175419596695, 0.0]]]}}, {"id": "322", "type": "Feature", "properties": {"cultura": "Arroz", "area_ha": 0.47}, "geometry": {"type": "Polygon", "coordinates": [[[-51.44409087025789, -30.00067621762601, 0.0], [-51.44382137567265, -30.00175419596695, 0.0], [-51.44462985942836, -30.00175419596695, 0.0], [-51.44409087025789, -30.00067621762601, 0.0]]]}}, {"id": "323", "type": "Feature", "properties": {"cultura": "Arroz", "area_ha": 0.04}, "geometry": {"type": "Polygon", "coordinates": [[[-51.441934913576, -29.99070491797228, 0.0], [-51.441934913576, -29.990974412557517, 0.0], [-51.44220440816124, -29.990974412557517, 0.0], [-51.441934913576, -29.99070491797228, 0.0]]]}}, {"id": "324", "type": "Feature", "properties": {"cultura": "Arroz", "area_ha": 4.24}, "geometry": {"type": "Polygon", "coordinates": [[[-51.38864291916126, -30.09826498494976, 0.0], [-51.38984347694906, -30.099007702578618, 0.0], [-51.39144207481122, -30.096400595927637, 0.0], [-51.38970013918854, -30.096264591378713, 0.0], [-51.38864291916126, -30.09826498494976, 0.0]]]}}, {"id": "325", "type": "Feature", "properties": {"cultura": "Arroz", "area_ha": 2.3}, "geometry": {"type": "Polygon", "coordinates": [[[-51.433041592263216, -30.079907625685347, 0.0], [-51.43356016767109, -30.082241215020794, 0.0], [-51.43485474426217, -30.07977811482828, 0.0], [-51.433041592263216, -30.079907625685347, 0.0]]]}}, {"id": "325", "type": "Feature", "properties": {"cultura": "Arroz", "area_ha": 5.36}, "geometry": {"type": "Polygon", "coordinates": [[[-51.431155130166566, -30.084219539049123, 0.0], [-51.43034664641086, -30.08691448490148, 0.0], [-51.43305050804239, -30.08578000886592, 0.0], [-51.43289960767227, -30.083721116904634, 0.0], [-51.431155130166566, -30.084219539049123, 0.0]]]}}, {"id": "325", "type": "Feature", "properties": {"cultura": "Arroz", "area_ha": 0.22}, "geometry": {"type": "Polygon", "coordinates": [[[-51.43135252327214, -30.087996398442773, 0.0], [-51.43088563558133, -30.08772296865719, 0.0], [-51.43088563558133, -30.08859203280036, 0.0], [-51.43135252327214, -30.087996398442773, 0.0]]]}}, {"id": "325", "type": "Feature", "properties": {"cultura": "Arroz", "area_ha": 0.03}, "geometry": {"type": "Polygon", "coordinates": [[[-51.43009694654867, -30.089267613841532, 0.0], [-51.430344013448746, -30.089348232701813, 0.0], [-51.430505250353384, -30.089165537890352, 0.0], [-51.43009694654867, -30.089267613841532, 0.0]]]}}, {"id": "326", "type": "Feature", "properties": {"cultura": "Arroz", "area_ha": 0.04}, "geometry": {"type": "Polygon", "coordinates": [[[-51.393425888233544, -30.045142824189924, 0.0], [-51.39315639364831, -30.045142824189924, 0.0], [-51.39315639364831, -30.04541231877516, 0.0], [-51.393425888233544, -30.045142824189924, 0.0]]]}}, {"id": "327", "type": "Feature", "properties": {"cultura": "Arroz", "area_ha": 0.04}, "geometry": {"type": "Polygon", "coordinates": [[[-51.42738220597327, -30.03624950287714, 0.0], [-51.42772652063623, -30.036421660208624, 0.0], [-51.42786424576017, -30.03624950287714, 0.0], [-51.42738220597327, -30.03624950287714, 0.0]]]}}, {"id": "328", "type": "Feature", "properties": {"cultura": "Arroz", "area_ha": 2.6}, "geometry": {"type": "Polygon", "coordinates": [[[-51.424956754706145, -30.01549841981398, 0.0], [-51.4238787763652, -30.01468993605827, 0.0], [-51.42199231426855, -30.0141509468878, 0.0], [-51.42199231426855, -30.014959430643508, 0.0], [-51.42360928177996, -30.015767914399216, 0.0], [-51.424956754706145, -30.01549841981398, 0.0]]]}}, {"id": "329", "type": "Feature", "properties": {"cultura": "Arroz", "area_ha": 0.08}, "geometry": {"type": "Polygon", "coordinates": [[[-51.38695801818788, -30.011725495620677, 0.0], [-51.38695801818788, -30.01226448479115, 0.0], [-51.38722751277312, -30.01226448479115, 0.0], [-51.38695801818788, -30.011725495620677, 0.0]]]}}, {"id": "330", "type": "Feature", "properties": {"cultura": "Arroz", "area_ha": 0.04}, "geometry": {"type": "Polygon", "coordinates": [[[-51.40339718788727, -30.005527120160252, 0.0], [-51.40312769330204, -30.005527120160252, 0.0], [-51.40312769330204, -30.00579661474549, 0.0], [-51.40339718788727, -30.005527120160252, 0.0]]]}}, {"id": "331", "type": "Feature", "properties": {"cultura": "Arroz", "area_ha": 0.23}, "geometry": {"type": "Polygon", "coordinates": [[[-51.43034664641086, -30.00391015264884, 0.0], [-51.431155130166566, -30.00391015264884, 0.0], [-51.43088563558133, -30.003371163478366, 0.0], [-51.43034664641086, -30.00391015264884, 0.0]]]}}, {"id": "332", "type": "Feature", "properties": {"cultura": "Arroz", "area_ha": 0.23}, "geometry": {"type": "Polygon", "coordinates": [[[-51.42980765724039, -30.002832174307894, 0.0], [-51.42953816265515, -30.003371163478366, 0.0], [-51.43034664641086, -30.003371163478366, 0.0], [-51.42980765724039, -30.002832174307894, 0.0]]]}}, {"id": "333", "type": "Feature", "properties": {"cultura": "Arroz", "area_ha": 0.04}, "geometry": {"type": "Polygon", "coordinates": [[[-51.40797859583628, -30.002832174307894, 0.0], [-51.407709101251044, -30.002832174307894, 0.0], [-51.407709101251044, -30.00310166889313, 0.0], [-51.40797859583628, -30.002832174307894, 0.0]]]}}, {"id": "334", "type": "Feature", "properties": {"cultura": "Arroz", "area_ha": 0.47}, "geometry": {"type": "Polygon", "coordinates": [[[-51.42980765724039, -30.00175419596695, 0.0], [-51.42980765724039, -30.002562679722658, 0.0], [-51.43088563558133, -30.002023690552186, 0.0], [-51.42980765724039, -30.00175419596695, 0.0]]]}}, {"id": "335", "type": "Feature", "properties": {"cultura": "Arroz", "area_ha": 0.08}, "geometry": {"type": "Polygon", "coordinates": [[[-51.408517585006756, -30.002023690552186, 0.0], [-51.40905657417723, -30.00175419596695, 0.0], [-51.40905657417723, -30.001484701381713, 0.0], [-51.408517585006756, -30.002023690552186, 0.0]]]}}, {"id": "336", "type": "Feature", "properties": {"cultura": "Arroz", "area_ha": 1.71}, "geometry": {"type": "Polygon", "coordinates": [[[-51.42792119514374, -30.00229318513742, 0.0], [-51.42899917348468, -30.000137228455536, 0.0], [-51.4276517005585, -29.9998677338703, 0.0], [-51.42792119514374, -30.00229318513742, 0.0]]]}}, {"id": "337", "type": "Feature", "properties": {"cultura": "Arroz", "area_ha": 0.08}, "geometry": {"type": "Polygon", "coordinates": [[[-51.42819068972897, -29.999598239285064, 0.0], [-51.42819068972897, -29.9998677338703, 0.0], [-51.428729678899444, -29.9998677338703, 0.0], [-51.42819068972897, -29.999598239285064, 0.0]]]}}, {"id": "338", "type": "Feature", "properties": {"cultura": "Arroz", "area_ha": 0.27}, "geometry": {"type": "Polygon", "coordinates": [[[-51.42792119514374, -29.99717278801794, 0.0], [-51.4276517005585, -29.997711777188414, 0.0], [-51.428460184314204, -29.99798127177365, 0.0], [-51.42792119514374, -29.99717278801794, 0.0]]]}}, {"id": "339", "type": "Feature", "properties": {"cultura": "Arroz", "area_ha": 1.63}, "geometry": {"type": "Polygon", "coordinates": [[[-51.43034664641086, -29.99663379884747, 0.0], [-51.42899917348468, -29.99663379884747, 0.0], [-51.428729678899444, -29.997711777188414, 0.0], [-51.42980765724039, -29.99798127177365, 0.0], [-51.43034664641086, -29.99663379884747, 0.0]]]}}, {"id": "340", "type": "Feature", "properties": {"cultura": "Arroz", "area_ha": 0.04}, "geometry": {"type": "Polygon", "coordinates": [[[-51.441395924405526, -29.996094809676997, 0.0], [-51.441126429820294, -29.996094809676997, 0.0], [-51.441126429820294, -29.996364304262233, 0.0], [-51.441395924405526, -29.996094809676997, 0.0]]]}}, {"id": "341", "type": "Feature", "properties": {"cultura": "Arroz", "area_ha": 0.62}, "geometry": {"type": "Polygon", "coordinates": [[[-51.39504285574496, -29.99663379884747, 0.0], [-51.395312350330194, -29.995016831336056, 0.0], [-51.39450386657449, -29.995555820506524, 0.0], [-51.39504285574496, -29.99663379884747, 0.0]]]}}, {"id": "342", "type": "Feature", "properties": {"cultura": "Arroz", "area_ha": 0.47}, "geometry": {"type": "Polygon", "coordinates": [[[-51.396120834085906, -29.995016831336056, 0.0], [-51.395581844915434, -29.99393885299511, 0.0], [-51.395312350330194, -29.995016831336056, 0.0], [-51.396120834085906, -29.995016831336056, 0.0]]]}}, {"id": "343", "type": "Feature", "properties": {"cultura": "Arroz", "area_ha": 0.04}, "geometry": {"type": "Polygon", "coordinates": [[[-51.435197548945105, -29.99393885299511, 0.0], [-51.434928054359865, -29.99393885299511, 0.0], [-51.434928054359865, -29.994208347580347, 0.0], [-51.435197548945105, -29.99393885299511, 0.0]]]}}, {"id": "344", "type": "Feature", "properties": {"cultura": "Arroz", "area_ha": 0.08}, "geometry": {"type": "Polygon", "coordinates": [[[-51.39639032867114, -29.99339986382464, 0.0], [-51.396120834085906, -29.99339986382464, 0.0], [-51.396120834085906, -29.99393885299511, 0.0], [-51.39639032867114, -29.99339986382464, 0.0]]]}}, {"id": "345", "type": "Feature", "properties": {"cultura": "Arroz", "area_ha": 0.23}, "geometry": {"type": "Polygon", "coordinates": [[[-51.41282949837053, -29.992321885483694, 0.0], [-51.41202101461482, -29.992321885483694, 0.0], [-51.412290509200055, -29.992860874654166, 0.0], [-51.41282949837053, -29.992321885483694, 0.0]]]}}, {"id": "346", "type": "Feature", "properties": {"cultura": "Arroz", "area_ha": 59.19}, "geometry": {"type": "Polygon", "coordinates": [[[-51.439778956894116, -29.996094809676997, 0.0], [-51.441126429820294, -29.995016831336056, 0.0], [-51.44031794606458, -29.992321885483694, 0.0], [-51.441395924405526, -29.992860874654166, 0.0], [-51.44192103991792, -29.990497854848392, 0.0], [-51.43803907895523, -29.98747098294945, 0.0], [-51.43573653811558, -29.98747098294945, 0.0], [-51.43088563558133, -29.989626939631336, 0.0], [-51.43196361392227, -29.99474733675082, 0.0], [-51.43358058143369, -29.994208347580347, 0.0], [-51.43465855977463, -29.99582531509176, 0.0], [-51.439778956894116, -29.996094809676997, 0.0]], [[-51.43438906518939, -29.992321885483694, 0.0], [-51.434928054359865, -29.99339986382464, 0.0], [-51.43573653811558, -29.99339986382464, 0.0], [-51.434928054359865, -29.99151340172799, 0.0], [-51.43627552728605, -29.990165928801808, 0.0], [-51.437084011041755, -29.990974412557517, 0.0], [-51.437084011041755, -29.990165928801808, 0.0], [-51.438970473138404, -29.990435423387044, 0.0], [-51.439778956894116, -29.989626939631336, 0.0], [-51.440856935235054, -29.990974412557517, 0.0], [-51.43870097855317, -29.992860874654166, 0.0], [-51.437084011041755, -29.99259138006893, 0.0], [-51.437084011041755, -29.993130369239402, 0.0], [-51.435197548945105, -29.993669358409875, 0.0], [-51.43654502187128, -29.994477842165583, 0.0], [-51.43465855977463, -29.99474733675082, 0.0], [-51.43385007601893, -29.993669358409875, 0.0], [-51.43438906518939, -29.992321885483694, 0.0]]]}}, {"id": "347", "type": "Feature", "properties": {"cultura": "Arroz", "area_ha": 0.74}, "geometry": {"type": "Polygon", "coordinates": [[[-51.43088563558133, -29.989087950460863, 0.0], [-51.43223310850751, -29.98881845587563, 0.0], [-51.431155130166566, -29.988009972119922, 0.0], [-51.43088563558133, -29.989087950460863, 0.0]]]}}, {"id": "348", "type": "Feature", "properties": {"cultura": "Arroz", "area_ha": 0.19}, "geometry": {"type": "Polygon", "coordinates": [[[-51.36917137556232, -30.094460333288087, 0.0], [-51.36986151616078, -30.094114283619973, 0.0], [-51.36917137556232, -30.093932272664688, 0.0], [-51.36917137556232, -30.094460333288087, 0.0]]]}}, {"id": "349", "type": "Feature", "properties": {"cultura": "Arroz", "area_ha": 0.11}, "geometry": {"type": "Polygon", "coordinates": [[[-51.368901880977084, -30.093651849532378, 0.0], [-51.368506815349605, -30.094092072295982, 0.0], [-51.368901880977084, -30.09419083870285, 0.0], [-51.368901880977084, -30.093651849532378, 0.0]]]}}, {"id": "350", "type": "Feature", "properties": {"cultura": "Arroz", "area_ha": 30.24}, "geometry": {"type": "Polygon", "coordinates": [[[-51.35785260298241, -30.08368054987865, 0.0], [-51.35807199573518, -30.084802406770148, 0.0], [-51.360547548834774, -30.085297517390067, 0.0], [-51.362973000101896, -30.08691448490148, 0.0], [-51.364751927275876, -30.08691448490148, 0.0], [-51.36248607728527, -30.08581558233799, 0.0], [-51.37074906603454, -30.083498153689312, 0.0], [-51.37262576708828, -30.0819186128752, 0.0], [-51.35785260298241, -30.08368054987865, 0.0]]]}}, {"id": "350", "type": "Feature", "properties": {"cultura": "Arroz", "area_ha": 7.42}, "geometry": {"type": "Polygon", "coordinates": [[[-51.36593744053949, -30.08826195782766, 0.0], [-51.36593744053949, -30.090047556870488, 0.0], [-51.36728491346567, -30.090687409094784, 0.0], [-51.36736078969054, -30.092545916792798, 0.0], [-51.36850449879404, -30.09212455028098, 0.0], [-51.36850333262148, -30.089457758252482, 0.0], [-51.36836289180661, -30.09014841992431, 0.0], [-51.36774039524731, -30.0888855567979, 0.0], [-51.36500044008241, -30.087090707256312, 0.0], [-51.36593744053949, -30.08826195782766, 0.0]]]}}, {"id": "350", "type": "Feature", "properties": {"cultura": "Arroz", "area_ha": 0.01}, "geometry": {"type": "Polygon", "coordinates": [[[-51.37213581599991, -30.095538311629028, 0.0], [-51.37235926119432, -30.095429874990565, 0.0], [-51.372073574794165, -30.095452729971125, 0.0], [-51.37213581599991, -30.095538311629028, 0.0]]]}}, {"id": "351", "type": "Feature", "properties": {"cultura": "Arroz", "area_ha": 0.04}, "geometry": {"type": "Polygon", "coordinates": [[[-51.35515765713006, -30.078021163588698, 0.0], [-51.354967585061544, -30.078021163588698, 0.0], [-51.355230738195814, -30.078386568917495, 0.0], [-51.35515765713006, -30.078021163588698, 0.0]]]}}, {"id": "352", "type": "Feature", "properties": {"cultura": "Arroz", "area_ha": 0.04}, "geometry": {"type": "Polygon", "coordinates": [[[-51.35470290626511, -30.077650651029273, 0.0], [-51.35488816254482, -30.07790998339465, 0.0], [-51.35488816254482, -30.077482174418225, 0.0], [-51.35470290626511, -30.077650651029273, 0.0]]]}}, {"id": "353", "type": "Feature", "properties": {"cultura": "Arroz", "area_ha": 0.04}, "geometry": {"type": "Polygon", "coordinates": [[[-51.35407967878911, -30.076134701492048, 0.0], [-51.35393401808568, -30.0766008603108, 0.0], [-51.35407967878911, -30.076673690662517, 0.0], [-51.35407967878911, -30.076134701492048, 0.0]]]}}, {"id": "354", "type": "Feature", "properties": {"cultura": "Arroz", "area_ha": 0.16}, "geometry": {"type": "Polygon", "coordinates": [[[-51.35300170044817, -30.07532621773634, 0.0], [-51.35354068961864, -30.075865206906812, 0.0], [-51.35300170044817, -30.074787228565867, 0.0], [-51.35300170044817, -30.07532621773634, 0.0]]]}}, {"id": "355", "type": "Feature", "properties": {"cultura": "Arroz", "area_ha": 0.08}, "geometry": {"type": "Polygon", "coordinates": [[[-51.35677462464147, -30.058348058866482, 0.0], [-51.356505130056235, -30.058348058866482, 0.0], [-51.356505130056235, -30.05888704803695, 0.0], [-51.35677462464147, -30.058348058866482, 0.0]]]}}, {"id": "356", "type": "Feature", "properties": {"cultura": "Arroz", "area_ha": 0.04}, "geometry": {"type": "Polygon", "coordinates": [[[-51.35946957049383, -30.05511412384365, 0.0], [-51.35920007590859, -30.05511412384365, 0.0], [-51.35920007590859, -30.055383618428884, 0.0], [-51.35946957049383, -30.05511412384365, 0.0]]]}}, {"id": "357", "type": "Feature", "properties": {"cultura": "Arroz", "area_ha": 0.04}, "geometry": {"type": "Polygon", "coordinates": [[[-51.37563924560798, -30.047837770042282, 0.0], [-51.37563924560798, -30.047568275457046, 0.0], [-51.375369751022745, -30.047568275457046, 0.0], [-51.37563924560798, -30.047837770042282, 0.0]]]}}, {"id": "358", "type": "Feature", "properties": {"cultura": "Arroz", "area_ha": 6144.23}, "geometry": {"type": "Polygon", "coordinates": [[[-51.35300170044817, -29.974804737443364, 0.0], [-51.352462711277695, -29.983159069585675, 0.0], [-51.35542715171529, -29.987740477534686, 0.0], [-51.35165422752199, -29.98666249919374, 0.0], [-51.35138473293675, -29.988009972119922, 0.0], [-51.34653383040251, -29.988009972119922, 0.0], [-51.34545585206156, -29.98747098294945, 0.0], [-51.34545585206156, -29.98612351002327, 0.0], [-51.344108379135385, -29.98612351002327, 0.0], [-51.345994841232034, -29.99339986382464, 0.0], [-51.34734231415821, -29.993130369239402, 0.0], [-51.34734231415821, -29.99205239089846, 0.0], [-51.34761180874345, -29.993669358409875, 0.0], [-51.3494982708401, -29.99339986382464, 0.0], [-51.35084574376628, -29.991782896313225, 0.0], [-51.35138473293675, -29.989087950460863, 0.0], [-51.35219321669246, -29.993130369239402, 0.0], [-51.349767765425334, -29.994208347580347, 0.0], [-51.35192372210722, -29.994477842165583, 0.0], [-51.35192372210722, -29.993669358409875, 0.0], [-51.35381018420387, -29.99339986382464, 0.0], [-51.35407967878911, -29.99393885299511, 0.0], [-51.35273220586293, -29.994477842165583, 0.0], [-51.35300170044817, -29.996364304262233, 0.0], [-51.35542715171529, -29.996094809676997, 0.0], [-51.358391592152884, -30.00067621762601, 0.0], [-51.35973906507906, -29.99905925011459, 0.0], [-51.362973000101896, -30.000406723040772, 0.0], [-51.36458996761331, -30.000137228455536, 0.0], [-51.36351198927237, -30.001484701381713, 0.0], [-51.36351198927237, -30.00310166889313, 0.0], [-51.349767765425334, -30.00579661474549, 0.0], [-51.35003726001057, -30.001484701381713, 0.0], [-51.34922877625487, -30.001484701381713, 0.0], [-51.34895928166963, -30.002832174307894, 0.0], [-51.347881303328684, -30.003371163478366, 0.0], [-51.348420292499156, -30.005257625575016, 0.0], [-51.34653383040251, -30.00498813098978, 0.0], [-51.34518635747633, -30.005257625575016, 0.0], [-51.34545585206156, -30.010378022694496, 0.0], [-51.34464736830586, -30.01091701186497, 0.0], [-51.34734231415821, -30.011186506450205, 0.0], [-51.33925747660114, -30.011725495620677, 0.0], [-51.344108379135385, -30.01091701186497, 0.0], [-51.34491686289109, -30.00956953893879, 0.0], [-51.34356938996491, -30.009300044353555, 0.0], [-51.344108379135385, -30.006066109330725, 0.0], [-51.34168292786826, -30.005257625575016, 0.0], [-51.34168292786826, -30.004449141819308, 0.0], [-51.34249141162397, -30.002832174307894, 0.0], [-51.34249141162397, -30.004449141819308, 0.0], [-51.344108379135385, -30.004718636404544, 0.0], [-51.34491686289109, -30.00391015264884, 0.0], [-51.345994841232034, -29.99717278801794, 0.0], [-51.34518635747633, -29.994208347580347, 0.0], [-51.34141343328302, -29.99528632592129, 0.0], [-51.34114393869779, -29.99393885299511, 0.0], [-51.33871848743067, -29.994208347580347, 0.0], [-51.3389879820159, -30.003371163478366, 0.0], [-51.33009466070312, -30.003640658063603, 0.0], [-51.329555671532646, -30.005257625575016, 0.0], [-51.33063364987359, -30.008761055183083, 0.0], [-51.329825166117885, -30.008761055183083, 0.0], [-51.32928617694741, -30.00633560391596, 0.0], [-51.32901668236217, -30.008761055183083, 0.0], [-51.32254881231651, -30.007952571427374, 0.0], [-51.32227931773128, -30.009300044353555, 0.0], [-51.3209318448051, -30.008761055183083, 0.0], [-51.3209318448051, -30.007952571427374, 0.0], [-51.31985386646416, -30.007952571427374, 0.0], [-51.31985386646416, -30.010108528109264, 0.0], [-51.32174032856081, -30.010378022694496, 0.0], [-51.32200982314605, -30.011186506450205, 0.0], [-51.31985386646416, -30.01145600103544, 0.0], [-51.31985386646416, -30.01226448479115, 0.0], [-51.31850639353798, -30.011725495620677, 0.0], [-51.32012336104939, -30.015767914399216, 0.0], [-51.32227931773128, -30.016037408984452, 0.0], [-51.31958437187892, -30.01657639815492, 0.0], [-51.319314877293685, -30.017923871081102, 0.0], [-51.321470833975575, -30.01819336566634, 0.0], [-51.321470833975575, -30.01927134400728, 0.0], [-51.32227931773128, -30.01927134400728, 0.0], [-51.32254881231651, -30.020888311518696, 0.0], [-51.32066235021986, -30.02196628985964, 0.0], [-51.32174032856081, -30.022774773615346, 0.0], [-51.323357296072224, -30.02654769780865, 0.0], [-51.32443527441317, -30.026817192393885, 0.0], [-51.32362679065746, -30.02789517073483, 0.0], [-51.32551325275411, -30.030051127416716, 0.0], [-51.32659123109505, -30.03490202995096, 0.0], [-51.32820819860647, -30.03705798663285, 0.0], [-51.329825166117885, -30.036518997462377, 0.0], [-51.3314421336293, -30.0389444487295, 0.0], [-51.33278960655548, -30.039213943314735, 0.0], [-51.33117263904406, -30.039213943314735, 0.0], [-51.33090314445883, -30.041639394581857, 0.0], [-51.333867584896424, -30.043256362093274, 0.0], [-51.33656253074878, -30.043256362093274, 0.0], [-51.335484552407834, -30.04406484584898, 0.0], [-51.335484552407834, -30.044873329604687, 0.0], [-51.33602354157831, -30.04460383501945, 0.0], [-51.335484552407834, -30.04864625379799, 0.0], [-51.33656253074878, -30.049185242968463, 0.0], [-51.33710151991925, -30.050802210479876, 0.0], [-51.33925747660114, -30.05053271589464, 0.0], [-51.3389879820159, -30.051610694235585, 0.0], [-51.340065960356846, -30.05188018882082, 0.0], [-51.33925747660114, -30.052958167161762, 0.0], [-51.33871848743067, -30.051610694235585, 0.0], [-51.33602354157831, -30.052149683406057, 0.0], [-51.33602354157831, -30.053497156332234, 0.0], [-51.33710151991925, -30.05376665091747, 0.0], [-51.33710151991925, -30.05565311301412, 0.0], [-51.33871848743067, -30.05888704803695, 0.0], [-51.33952697118637, -30.059156542622187, 0.0], [-51.33979646577161, -30.058348058866482, 0.0], [-51.340065960356846, -30.059426037207423, 0.0], [-51.34114393869779, -30.05969553179266, 0.0], [-51.34249141162397, -30.05888704803695, 0.0], [-51.34276090620921, -30.060773510133604, 0.0], [-51.34464736830586, -30.06023452096313, 0.0], [-51.34437787372062, -30.05511412384365, 0.0], [-51.3457253466468, -30.05053271589464, 0.0], [-51.34545585206156, -30.057539575110773, 0.0], [-51.35192372210722, -30.05780906969601, 0.0], [-51.35165422752199, -30.059156542622187, 0.0], [-51.3532711950334, -30.059156542622187, 0.0], [-51.35138473293675, -30.059426037207423, 0.0], [-51.35111523835152, -30.06023452096313, 0.0], [-51.35084574376628, -30.062659972230254, 0.0], [-51.35219321669246, -30.06292946681549, 0.0], [-51.350306754595806, -30.06292946681549, 0.0], [-51.350306754595806, -30.06212098305978, 0.0], [-51.3494982708401, -30.062659972230254, 0.0], [-51.34761180874345, -30.062659972230254, 0.0], [-51.34922877625487, -30.062390477645017, 0.0], [-51.347881303328684, -30.061851488474545, 0.0], [-51.348150797913924, -30.05969553179266, 0.0], [-51.34922877625487, -30.059426037207423, 0.0], [-51.348689787084396, -30.058078564281246, 0.0], [-51.34761180874345, -30.058078564281246, 0.0], [-51.34680332498774, -30.05969553179266, 0.0], [-51.34761180874345, -30.06104300471884, 0.0], [-51.34734231415821, -30.062390477645017, 0.0], [-51.34437787372062, -30.061851488474545, 0.0], [-51.34464736830586, -30.063468455985962, 0.0], [-51.34389074835979, -30.064981695878085, 0.0], [-51.34518635747633, -30.065354918082612, 0.0], [-51.34476344196594, -30.066200749103395, 0.0], [-51.345803697705854, -30.067871243202198, 0.0], [-51.34978243506085, -30.0712837989578, 0.0], [-51.35731361381194, -30.0712837989578, 0.0], [-51.35542715171529, -30.071822788128273, 0.0], [-51.35542715171529, -30.07263127188398, 0.0], [-51.356235635470995, -30.07263127188398, 0.0], [-51.35596614088576, -30.07451773398063, 0.0], [-51.35569664630052, -30.07397874481016, 0.0], [-51.3532711950334, -30.074248239395395, 0.0], [-51.354618667959585, -30.07532621773634, 0.0], [-51.354618667959585, -30.076673690662517, 0.0], [-51.356505130056235, -30.079907625685347, 0.0], [-51.37280900269403, -30.07882070084283, 0.0], [-51.373130868162015, -30.07545152715995, 0.0], [-51.37139279697052, -30.074099693420244, 0.0], [-51.372680257045815, -30.072168502197265, 0.0], [-51.37450404009184, -30.070537839220062, 0.0], [-51.37468677538694, -30.071760233960088, 0.0], [-51.37606006769101, -30.071760233960088, 0.0], [-51.3808665862637, -30.06914239810317, 0.0], [-51.37947684670509, -30.066221570875694, 0.0], [-51.38012091810256, -30.06612766490017, 0.0], [-51.3817946169191, -30.065419561623703, 0.0], [-51.38183762106841, -30.06481592891214, 0.0], [-51.3826301684163, -30.065014065749114, 0.0], [-51.3885749856993, -30.063141121917095, 0.0], [-51.38974013402321, -30.059089224060624, 0.0], [-51.386486164610155, -30.058280376560905, 0.0], [-51.39100043696642, -30.053497156332234, 0.0], [-51.39100043696642, -30.049185242968463, 0.0], [-51.38668852360265, -30.048376759212754, 0.0], [-51.3923479098926, -30.04864625379799, 0.0], [-51.393695382818784, -30.043525856678507, 0.0], [-51.39477336115973, -30.045142824189924, 0.0], [-51.393695382818784, -30.045142824189924, 0.0], [-51.39288689906307, -30.04864625379799, 0.0], [-51.39480358228249, -30.04887174594145, 0.0], [-51.395801363526445, -30.047561413399244, 0.0], [-51.40120869781904, -30.047303921666426, 0.0], [-51.40355831241156, -30.0455336638242, 0.0], [-51.40561824907105, -30.045147425843222, 0.0], [-51.40693789578299, -30.043827779191428, 0.0], [-51.40983468140158, -30.044278390323164, 0.0], [-51.409512815933596, -30.04257250584768, 0.0], [-51.4105427847125, -30.0419287755006, 0.0], [-51.413922368083924, -30.04250813206806, 0.0], [-51.41417986027864, -30.047046429264263, 0.0], [-51.41562825263878, -30.045469291191147, 0.0], [-51.414984522601124, -30.04112411212826, 0.0], [-51.41105776820363, -30.039836651758886, 0.0], [-51.41096120919206, -30.039064175750198, 0.0], [-51.411347447034984, -30.038452631828047, 0.0], [-51.4166770116512, -30.0395509001353, 0.0], [-51.41660242256383, -30.032746073269074, 0.0], [-51.41498545505242, -30.0322070840986, 0.0], [-51.41687191714907, -30.03166809492813, 0.0], [-51.41525494963765, -30.030051127416716, 0.0], [-51.41579393880812, -30.02897314907577, 0.0], [-51.41660242256383, -30.030051127416716, 0.0], [-51.41741090631954, -30.02978163283148, 0.0], [-51.41687191714907, -30.025469719467704, 0.0], [-51.41768040090477, -30.02573921405294, 0.0], [-51.41794989549001, -30.020888311518696, 0.0], [-51.4171414117343, -30.02061881693346, 0.0], [-51.41794989549001, -30.02061881693346, 0.0], [-51.418219390075244, -30.013611957717327, 0.0], [-51.41660242256383, -30.012803473961622, 0.0], [-51.418219390075244, -30.013072968546858, 0.0], [-51.41848888466048, -30.011994990205913, 0.0], [-51.418758379245716, -30.005257625575016, 0.0], [-51.4171414117343, -30.00498813098978, 0.0], [-51.418758379245716, -30.00498813098978, 0.0], [-51.41956686300142, -29.995555820506524, 0.0], [-51.41552444422289, -29.993669358409875, 0.0], [-51.41552444422289, -29.99528632592129, 0.0], [-51.413368487541, -29.994477842165583, 0.0], [-51.40797859583628, -30.003371163478366, 0.0], [-51.406631122910106, -30.00391015264884, 0.0], [-51.40690061749534, -30.00310166889313, 0.0], [-51.405822639154394, -30.002023690552186, 0.0], [-51.40447516622822, -30.002562679722658, 0.0], [-51.4028581987168, -30.00714408767167, 0.0], [-51.39477336115973, -30.005257625575016, 0.0], [-51.39665982325638, -29.996094809676997, 0.0], [-51.39504285574496, -29.99663379884747, 0.0], [-51.39315639364831, -29.998789755529355, 0.0], [-51.39261740447784, -30.001484701381713, 0.0], [-51.387497007358355, -30.001215206796477, 0.0], [-51.387497007358355, -30.002832174307894, 0.0], [-51.38668852360265, -30.002832174307894, 0.0], [-51.38453256692076, -30.00229318513742, 0.0], [-51.38588003984694, -30.000406723040772, 0.0], [-51.37887318063081, -29.998250766358883, 0.0], [-51.381029137312694, -29.996364304262233, 0.0], [-51.37995115897175, -29.99582531509176, 0.0], [-51.381298631897934, -29.99582531509176, 0.0], [-51.38210711565364, -29.994477842165583, 0.0], [-51.38075964272746, -29.995016831336056, 0.0], [-51.37887318063081, -29.994477842165583, 0.0], [-51.379142675216045, -29.995555820506524, 0.0], [-51.37833419146034, -29.996364304262233, 0.0], [-51.379412169801284, -29.99717278801794, 0.0], [-51.37833419146034, -29.997711777188414, 0.0], [-51.37860368604557, -29.998250766358883, 0.0], [-51.376986718534155, -29.99852026094412, 0.0], [-51.376986718534155, -29.9998677338703, 0.0], [-51.37671722394892, -29.997711777188414, 0.0], [-51.376986718534155, -29.996364304262233, 0.0], [-51.37644772936369, -29.996903293432705, 0.0], [-51.37617823477845, -29.99528632592129, 0.0], [-51.373213794340856, -29.995016831336056, 0.0], [-51.37186632141468, -29.99663379884747, 0.0], [-51.37213581599991, -30.000406723040772, 0.0], [-51.373213794340856, -30.001484701381713, 0.0], [-51.37240531058515, -30.00175419596695, 0.0], [-51.372674805170384, -30.002562679722658, 0.0], [-51.37159682682944, -30.002562679722658, 0.0], [-51.371327332244206, -29.998250766358883, 0.0], [-51.37024935390326, -29.998250766358883, 0.0], [-51.3705188484885, -29.996364304262233, 0.0], [-51.36566794595425, -29.99663379884747, 0.0], [-51.36997985931803, -29.99582531509176, 0.0], [-51.36997985931803, -29.995016831336056, 0.0], [-51.371327332244206, -29.994208347580347, 0.0], [-51.36782390263614, -29.99259138006893, 0.0], [-51.36997985931803, -29.992860874654166, 0.0], [-51.370788343073734, -29.99205239089846, 0.0], [-51.37105783765897, -29.99339986382464, 0.0], [-51.373213794340856, -29.994477842165583, 0.0], [-51.37860368604557, -29.994477842165583, 0.0], [-51.381029137312694, -29.994208347580347, 0.0], [-51.38183762106841, -29.993130369239402, 0.0], [-51.38992245862548, -29.99205239089846, 0.0], [-51.38884448028453, -29.993130369239402, 0.0], [-51.38695801818788, -29.99259138006893, 0.0], [-51.385610545261706, -29.993669358409875, 0.0], [-51.38614953443218, -29.996094809676997, 0.0], [-51.38695801818788, -29.99663379884747, 0.0], [-51.38884448028453, -29.99528632592129, 0.0], [-51.38884448028453, -29.99339986382464, 0.0], [-51.39126993155166, -29.993669358409875, 0.0], [-51.391539426136895, -29.992321885483694, 0.0], [-51.39019195321072, -29.991782896313225, 0.0], [-51.391539426136895, -29.991782896313225, 0.0], [-51.3923479098926, -29.990435423387044, 0.0], [-51.39207841530737, -29.987740477534686, 0.0], [-51.387766501943595, -29.98612351002327, 0.0], [-51.38668852360265, -29.984506542511856, 0.0], [-51.38453256692076, -29.984506542511856, 0.0], [-51.38507155609123, -29.98342856417091, 0.0], [-51.383185093994584, -29.982889575000442, 0.0], [-51.38399357775029, -29.981272607489025, 0.0], [-51.38049014814222, -29.979925134562848, 0.0], [-51.379412169801284, -29.98342856417091, 0.0], [-51.38022065355699, -29.982889575000442, 0.0], [-51.38049014814222, -29.983967553341383, 0.0], [-51.382915599409344, -29.9855845208528, 0.0], [-51.38183762106841, -29.985854015438036, 0.0], [-51.38264610482411, -29.987201488364214, 0.0], [-51.38156812648317, -29.98612351002327, 0.0], [-51.38022065355699, -29.98612351002327, 0.0], [-51.37995115897175, -29.985315026267564, 0.0], [-51.379142675216045, -29.985854015438036, 0.0], [-51.379412169801284, -29.987201488364214, 0.0], [-51.37887318063081, -29.987201488364214, 0.0], [-51.37779520228987, -29.992860874654166, 0.0], [-51.37887318063081, -29.98477603709709, 0.0], [-51.37563924560798, -29.983698058756147, 0.0], [-51.37617823477845, -29.983159069585675, 0.0], [-51.37483076185227, -29.982081091244734, 0.0], [-51.373213794340856, -29.982081091244734, 0.0], [-51.37294429975562, -29.983159069585675, 0.0], [-51.375100256437506, -29.98342856417091, 0.0], [-51.372674805170384, -29.98342856417091, 0.0], [-51.370788343073734, -29.978038672466194, 0.0], [-51.368901880977084, -29.97642170495478, 0.0], [-51.36755440805091, -29.976960694125253, 0.0], [-51.36755440805091, -29.978577661636667, 0.0], [-51.366745924295195, -29.978038672466194, 0.0], [-51.36620693512472, -29.978847156221903, 0.0], [-51.36620693512472, -29.97965563997761, 0.0], [-51.367015418880435, -29.97911665080714, 0.0], [-51.36809339722137, -29.97965563997761, 0.0], [-51.36593744053949, -29.980733618318553, 0.0], [-51.36620693512472, -29.981811596659497, 0.0], [-51.36539845136902, -29.98235058582997, 0.0], [-51.36539845136902, -29.98019462914808, 0.0], [-51.36458996761331, -29.98019462914808, 0.0], [-51.36458996761331, -29.979386145392375, 0.0], [-51.36351198927237, -29.97965563997761, 0.0], [-51.36324249468713, -29.981811596659497, 0.0], [-51.36351198927237, -29.978577661636667, 0.0], [-51.361086538005246, -29.97830816705143, 0.0], [-51.35812209756765, -29.97965563997761, 0.0], [-51.35704411922671, -29.978038672466194, 0.0], [-51.35731361381194, -29.977230188710486, 0.0], [-51.356235635470995, -29.977230188710486, 0.0], [-51.356505130056235, -29.976960694125253, 0.0], [-51.356235635470995, -29.974535242858128, 0.0], [-51.35300170044817, -29.974804737443364, 0.0]], [[-51.33090314445883, -30.00903054976832, 0.0], [-51.33063364987359, -30.00903054976832, 0.0], [-51.33063364987359, -30.008761055183083, 0.0], [-51.33090314445883, -30.00903054976832, 0.0]], [[-51.33305910114071, -30.0389444487295, 0.0], [-51.33305910114071, -30.039213943314735, 0.0], [-51.33278960655548, -30.039213943314735, 0.0], [-51.33305910114071, -30.0389444487295, 0.0]], [[-51.34545585206156, -30.065085423497376, 0.0], [-51.34545585206156, -30.065354918082612, 0.0], [-51.34518635747633, -30.065354918082612, 0.0], [-51.34545585206156, -30.065085423497376, 0.0]], [[-51.3457253466468, -30.06427693974167, 0.0], [-51.3457253466468, -30.065085423497376, 0.0], [-51.34545585206156, -30.065085423497376, 0.0], [-51.3457253466468, -30.06427693974167, 0.0]], [[-51.381029137312694, -30.065624412667848, 0.0], [-51.381029137312694, -30.065354918082612, 0.0], [-51.38156812648317, -30.065354918082612, 0.0], [-51.381029137312694, -30.065624412667848, 0.0]], [[-51.38049014814222, -30.065893907253084, 0.0], [-51.38049014814222, -30.065624412667848, 0.0], [-51.381029137312694, -30.065624412667848, 0.0], [-51.38049014814222, -30.065893907253084, 0.0]], [[-51.39261740447784, -30.044873329604687, 0.0], [-51.39288689906307, -30.044873329604687, 0.0], [-51.39288689906307, -30.045142824189924, 0.0], [-51.39261740447784, -30.044873329604687, 0.0]], [[-51.40555314456916, -30.04460383501945, 0.0], [-51.40555314456916, -30.044334340434215, 0.0], [-51.405822639154394, -30.04460383501945, 0.0], [-51.40555314456916, -30.04460383501945, 0.0]], [[-51.40528364998392, -30.044334340434215, 0.0], [-51.40528364998392, -30.04406484584898, 0.0], [-51.40555314456916, -30.044334340434215, 0.0], [-51.40528364998392, -30.044334340434215, 0.0]], [[-51.40501415539869, -30.04406484584898, 0.0], [-51.40501415539869, -30.043795351263743, 0.0], [-51.40528364998392, -30.04406484584898, 0.0], [-51.40501415539869, -30.04406484584898, 0.0]], [[-51.416063433393354, -30.012533979376386, 0.0], [-51.41660242256383, -30.012533979376386, 0.0], [-51.41660242256383, -30.012803473961622, 0.0], [-51.416063433393354, -30.012533979376386, 0.0]], [[-51.41552444422289, -30.01226448479115, 0.0], [-51.416063433393354, -30.01226448479115, 0.0], [-51.416063433393354, -30.012533979376386, 0.0], [-51.41552444422289, -30.01226448479115, 0.0]], [[-51.39450386657449, -30.006605098501197, 0.0], [-51.39450386657449, -30.005257625575016, 0.0], [-51.39477336115973, -30.005257625575016, 0.0], [-51.39450386657449, -30.006605098501197, 0.0]], [[-51.38803599652883, -30.00310166889313, 0.0], [-51.387497007358355, -30.00310166889313, 0.0], [-51.387497007358355, -30.002832174307894, 0.0], [-51.38803599652883, -30.00310166889313, 0.0]], [[-51.37294429975562, -30.002832174307894, 0.0], [-51.372674805170384, -30.002832174307894, 0.0], [-51.372674805170384, -30.002562679722658, 0.0], [-51.37294429975562, -30.002832174307894, 0.0]], [[-51.373213794340856, -29.993130369239402, 0.0], [-51.373213794340856, -29.99393885299511, 0.0], [-51.37294429975562, -29.99393885299511, 0.0], [-51.373213794340856, -29.993130369239402, 0.0]], [[-51.382915599409344, -29.98747098294945, 0.0], [-51.38264610482411, -29.98747098294945, 0.0], [-51.38264610482411, -29.987201488364214, 0.0], [-51.382915599409344, -29.98747098294945, 0.0]], [[-51.383185093994584, -29.987740477534686, 0.0], [-51.382915599409344, -29.987740477534686, 0.0], [-51.382915599409344, -29.98747098294945, 0.0], [-51.383185093994584, -29.987740477534686, 0.0]], [[-51.37752570770463, -29.993130369239402, 0.0], [-51.37752570770463, -29.992860874654166, 0.0], [-51.37779520228987, -29.992860874654166, 0.0], [-51.37752570770463, -29.993130369239402, 0.0]], [[-51.375369751022745, -29.983698058756147, 0.0], [-51.375100256437506, -29.983698058756147, 0.0], [-51.375100256437506, -29.98342856417091, 0.0], [-51.375369751022745, -29.983698058756147, 0.0]], [[-51.364859462198545, -29.981272607489025, 0.0], [-51.364859462198545, -29.980733618318553, 0.0], [-51.36512895678378, -29.980733618318553, 0.0], [-51.364859462198545, -29.981272607489025, 0.0]], [[-51.33278960655548, -30.011725495620677, 0.0], [-51.33467606865213, -30.011725495620677, 0.0], [-51.33467606865213, -30.01091701186497, 0.0], [-51.3352150578226, -30.011725495620677, 0.0], [-51.33844899284543, -30.011725495620677, 0.0], [-51.331711628214535, -30.011994990205913, 0.0], [-51.3314421336293, -30.012533979376386, 0.0], [-51.33117263904406, -30.011186506450205, 0.0], [-51.33036415528836, -30.011186506450205, 0.0], [-51.33117263904406, -30.00903054976832, 0.0], [-51.33278960655548, -30.011725495620677, 0.0]], [[-51.33305910114071, -30.016306903569685, 0.0], [-51.33117263904406, -30.016845892740157, 0.0], [-51.33252011197024, -30.016306903569685, 0.0], [-51.33198112279977, -30.012533979376386, 0.0], [-51.33305910114071, -30.016306903569685, 0.0]], [[-51.33090314445883, -30.016306903569685, 0.0], [-51.33117263904406, -30.016306903569685, 0.0], [-51.33117263904406, -30.01657639815492, 0.0], [-51.33090314445883, -30.016306903569685, 0.0]], [[-51.33225061738501, -30.03813596497379, 0.0], [-51.33467606865213, -30.03813596497379, 0.0], [-51.333867584896424, -30.039752932485207, 0.0], [-51.33225061738501, -30.03813596497379, 0.0]], [[-51.33332859572595, -30.040022427070443, 0.0], [-51.33332859572595, -30.039752932485207, 0.0], [-51.333598090311185, -30.039752932485207, 0.0], [-51.33332859572595, -30.040022427070443, 0.0]], [[-51.333867584896424, -30.041100405411385, 0.0], [-51.33305910114071, -30.041639394581857, 0.0], [-51.33278960655548, -30.040022427070443, 0.0], [-51.333867584896424, -30.041100405411385, 0.0]], [[-51.333867584896424, -30.041908889167093, 0.0], [-51.33332859572595, -30.041908889167093, 0.0], [-51.33332859572595, -30.041639394581857, 0.0], [-51.333867584896424, -30.041908889167093, 0.0]], [[-51.35596614088576, -30.063468455985962, 0.0], [-51.35488816254482, -30.062390477645017, 0.0], [-51.35596614088576, -30.06212098305978, 0.0], [-51.356505130056235, -30.060773510133604, 0.0], [-51.35596614088576, -30.058348058866482, 0.0], [-51.35677462464147, -30.057270080525537, 0.0], [-51.35704411922671, -30.053227661746998, 0.0], [-51.35758310839718, -30.054844629258415, 0.0], [-51.3600085596643, -30.052688672576526, 0.0], [-51.360547548834774, -30.05457513467318, 0.0], [-51.35946957049383, -30.05565311301412, 0.0], [-51.358661086738124, -30.05511412384365, 0.0], [-51.35920007590859, -30.056731091355065, 0.0], [-51.35812209756765, -30.055383618428884, 0.0], [-51.35704411922671, -30.056192102184593, 0.0], [-51.356235635470995, -30.063468455985962, 0.0], [-51.35785260298241, -30.064007445156435, 0.0], [-51.35219321669246, -30.063198961400726, 0.0], [-51.35596614088576, -30.063468455985962, 0.0]], [[-51.35893058132336, -30.06427693974167, 0.0], [-51.35785260298241, -30.06427693974167, 0.0], [-51.35785260298241, -30.064007445156435, 0.0], [-51.35893058132336, -30.06427693974167, 0.0]], [[-51.414446465881944, -30.03166809492813, 0.0], [-51.41498545505242, -30.03166809492813, 0.0], [-51.41498545505242, -30.031937589513365, 0.0], [-51.414446465881944, -30.03166809492813, 0.0]], [[-51.41498545505242, -30.029512138246243, 0.0], [-51.41525494963765, -30.029512138246243, 0.0], [-51.41525494963765, -30.02978163283148, 0.0], [-51.41498545505242, -30.029512138246243, 0.0]], [[-51.39504285574496, -29.999598239285064, 0.0], [-51.39477336115973, -30.000137228455536, 0.0], [-51.39450386657449, -29.998250766358883, 0.0], [-51.39504285574496, -29.999598239285064, 0.0]], [[-51.394234371989256, -30.00067621762601, 0.0], [-51.394234371989256, -30.000137228455536, 0.0], [-51.39450386657449, -30.000137228455536, 0.0], [-51.394234371989256, -30.00067621762601, 0.0]], [[-51.372674805170384, -29.998250766358883, 0.0], [-51.372674805170384, -29.99852026094412, 0.0], [-51.37240531058515, -29.99852026094412, 0.0], [-51.372674805170384, -29.998250766358883, 0.0]], [[-51.38237661023888, -29.98423704792662, 0.0], [-51.38237661023888, -29.984506542511856, 0.0], [-51.38156812648317, -29.984506542511856, 0.0], [-51.38237661023888, -29.98423704792662, 0.0]], [[-51.38237661023888, -29.98342856417091, 0.0], [-51.38264610482411, -29.983967553341383, 0.0], [-51.383724083165056, -29.98423704792662, 0.0], [-51.38237661023888, -29.98423704792662, 0.0], [-51.38237661023888, -29.98342856417091, 0.0]], [[-51.37105783765897, -29.979925134562848, 0.0], [-51.37105783765897, -29.97965563997761, 0.0], [-51.371327332244206, -29.97965563997761, 0.0], [-51.37105783765897, -29.979925134562848, 0.0]], [[-51.36351198927237, -29.98235058582997, 0.0], [-51.362973000101896, -29.98342856417091, 0.0], [-51.362973000101896, -29.981811596659497, 0.0], [-51.36351198927237, -29.98235058582997, 0.0]], [[-51.35596614088576, -29.976691199540017, 0.0], [-51.356235635470995, -29.976691199540017, 0.0], [-51.356235635470995, -29.976960694125253, 0.0], [-51.35596614088576, -29.976691199540017, 0.0]], [[-51.36971036473279, -29.982081091244734, 0.0], [-51.36944087014756, -29.98423704792662, 0.0], [-51.370788343073734, -29.985045531682328, 0.0], [-51.36944087014756, -29.9855845208528, 0.0], [-51.3705188484885, -29.986393004608505, 0.0], [-51.368632386391845, -29.986393004608505, 0.0], [-51.36809339722137, -29.985315026267564, 0.0], [-51.366745924295195, -29.9855845208528, 0.0], [-51.36971036473279, -29.982081091244734, 0.0]], [[-51.37105783765897, -29.985315026267564, 0.0], [-51.370788343073734, -29.985315026267564, 0.0], [-51.370788343073734, -29.985045531682328, 0.0], [-51.37105783765897, -29.985315026267564, 0.0]], [[-51.36647642970996, -29.98612351002327, 0.0], [-51.36593744053949, -29.98612351002327, 0.0], [-51.36620693512472, -29.9855845208528, 0.0], [-51.36647642970996, -29.98612351002327, 0.0]], [[-51.36243401093142, -29.990974412557517, 0.0], [-51.360278054249534, -29.989626939631336, 0.0], [-51.36189502176095, -29.989896434216572, 0.0], [-51.362703505516656, -29.983698058756147, 0.0], [-51.36324249468713, -29.985045531682328, 0.0], [-51.36405097844284, -29.985045531682328, 0.0], [-51.364859462198545, -29.98477603709709, 0.0], [-51.36432047302807, -29.983967553341383, 0.0], [-51.36539845136902, -29.982889575000442, 0.0], [-51.36620693512472, -29.98342856417091, 0.0], [-51.36512895678378, -29.983967553341383, 0.0], [-51.36512895678378, -29.986931993778978, 0.0], [-51.36593744053949, -29.988548961290395, 0.0], [-51.36728491346567, -29.988548961290395, 0.0], [-51.36620693512472, -29.9893574450461, 0.0], [-51.366745924295195, -29.99205239089846, 0.0], [-51.362703505516656, -29.99070491797228, 0.0], [-51.36216451634618, -29.996094809676997, 0.0], [-51.360278054249534, -29.99663379884747, 0.0], [-51.36189502176095, -29.995555820506524, 0.0], [-51.36243401093142, -29.990974412557517, 0.0]], [[-51.36216451634618, -29.996903293432705, 0.0], [-51.36189502176095, -29.996903293432705, 0.0], [-51.36189502176095, -29.99663379884747, 0.0], [-51.36216451634618, -29.996903293432705, 0.0]], [[-51.36755440805091, -29.989087950460863, 0.0], [-51.36728491346567, -29.989087950460863, 0.0], [-51.36728491346567, -29.98881845587563, 0.0], [-51.36755440805091, -29.989087950460863, 0.0]], [[-51.37213581599991, -29.98612351002327, 0.0], [-51.370788343073734, -29.985854015438036, 0.0], [-51.37213581599991, -29.9855845208528, 0.0], [-51.37213581599991, -29.98612351002327, 0.0]], [[-51.37483076185227, -29.98747098294945, 0.0], [-51.3742917726818, -29.987740477534686, 0.0], [-51.3742917726818, -29.98612351002327, 0.0], [-51.37483076185227, -29.98747098294945, 0.0]], [[-51.37375278351133, -29.989626939631336, 0.0], [-51.37375278351133, -29.987740477534686, 0.0], [-51.3742917726818, -29.987740477534686, 0.0], [-51.37375278351133, -29.989626939631336, 0.0]], [[-51.373213794340856, -29.99151340172799, 0.0], [-51.373483288926096, -29.989626939631336, 0.0], [-51.37375278351133, -29.989626939631336, 0.0], [-51.373213794340856, -29.99151340172799, 0.0]], [[-51.373213794340856, -29.991782896313225, 0.0], [-51.37159682682944, -29.992321885483694, 0.0], [-51.37159682682944, -29.991782896313225, 0.0], [-51.373213794340856, -29.991782896313225, 0.0]], [[-51.3885749856993, -29.98666249919374, 0.0], [-51.3885749856993, -29.98747098294945, 0.0], [-51.387766501943595, -29.987201488364214, 0.0], [-51.3885749856993, -29.98666249919374, 0.0]], [[-51.38884448028453, -29.988009972119922, 0.0], [-51.389652964040245, -29.987740477534686, 0.0], [-51.389383469455005, -29.988548961290395, 0.0], [-51.38884448028453, -29.988009972119922, 0.0]], [[-51.371327332244206, -29.987740477534686, 0.0], [-51.371327332244206, -29.989087950460863, 0.0], [-51.37105783765897, -29.989087950460863, 0.0], [-51.371327332244206, -29.987740477534686, 0.0]], [[-51.35596614088576, -29.98827946670516, 0.0], [-51.35569664630052, -29.987740477534686, 0.0], [-51.35677462464147, -29.988009972119922, 0.0], [-51.35596614088576, -29.98827946670516, 0.0]], [[-51.35758310839718, -29.988548961290395, 0.0], [-51.358661086738124, -29.989087950460863, 0.0], [-51.35677462464147, -29.988548961290395, 0.0], [-51.35758310839718, -29.988548961290395, 0.0]], [[-51.3600085596643, -29.989626939631336, 0.0], [-51.358661086738124, -29.9893574450461, 0.0], [-51.358661086738124, -29.989087950460863, 0.0], [-51.3600085596643, -29.989626939631336, 0.0]], [[-51.38641902901741, -29.988548961290395, 0.0], [-51.385610545261706, -29.988548961290395, 0.0], [-51.385610545261706, -29.98827946670516, 0.0], [-51.38641902901741, -29.988548961290395, 0.0]], [[-51.38722751277312, -29.98881845587563, 0.0], [-51.38641902901741, -29.98881845587563, 0.0], [-51.38641902901741, -29.988548961290395, 0.0], [-51.38722751277312, -29.98881845587563, 0.0]], [[-51.348150797913924, -29.988548961290395, 0.0], [-51.348150797913924, -29.990435423387044, 0.0], [-51.347881303328684, -29.990435423387044, 0.0], [-51.348150797913924, -29.988548961290395, 0.0]], [[-51.35354068961864, -29.989087950460863, 0.0], [-51.3532711950334, -29.989087950460863, 0.0], [-51.3532711950334, -29.98881845587563, 0.0], [-51.35354068961864, -29.989087950460863, 0.0]], [[-51.35407967878911, -29.9893574450461, 0.0], [-51.35354068961864, -29.9893574450461, 0.0], [-51.35354068961864, -29.989087950460863, 0.0], [-51.35407967878911, -29.9893574450461, 0.0]], [[-51.354618667959585, -29.989626939631336, 0.0], [-51.35407967878911, -29.989626939631336, 0.0], [-51.35407967878911, -29.9893574450461, 0.0], [-51.354618667959585, -29.989626939631336, 0.0]], [[-51.38614953443218, -29.990435423387044, 0.0], [-51.38588003984694, -29.991243907142753, 0.0], [-51.38507155609123, -29.989896434216572, 0.0], [-51.38614953443218, -29.990435423387044, 0.0]], [[-51.38507155609123, -29.992321885483694, 0.0], [-51.38507155609123, -29.991243907142753, 0.0], [-51.38534105067647, -29.991243907142753, 0.0], [-51.38507155609123, -29.992321885483694, 0.0]], [[-51.34895928166963, -29.990165928801808, 0.0], [-51.35003726001057, -29.989626939631336, 0.0], [-51.350306754595806, -29.990435423387044, 0.0], [-51.34895928166963, -29.990165928801808, 0.0]], [[-51.352462711277695, -29.990435423387044, 0.0], [-51.35192372210722, -29.990435423387044, 0.0], [-51.35192372210722, -29.990165928801808, 0.0], [-51.352462711277695, -29.990435423387044, 0.0]], [[-51.35300170044817, -29.99070491797228, 0.0], [-51.352462711277695, -29.99070491797228, 0.0], [-51.352462711277695, -29.990435423387044, 0.0], [-51.35300170044817, -29.99070491797228, 0.0]], [[-51.35354068961864, -29.990974412557517, 0.0], [-51.35300170044817, -29.990974412557517, 0.0], [-51.35300170044817, -29.99070491797228, 0.0], [-51.35354068961864, -29.990974412557517, 0.0]], [[-51.354349173374345, -29.991243907142753, 0.0], [-51.35354068961864, -29.991243907142753, 0.0], [-51.35354068961864, -29.990974412557517, 0.0], [-51.354349173374345, -29.991243907142753, 0.0]], [[-51.38641902901741, -29.994208347580347, 0.0], [-51.38641902901741, -29.993130369239402, 0.0], [-51.38722751277312, -29.99339986382464, 0.0], [-51.38641902901741, -29.994208347580347, 0.0]], [[-51.356235635470995, -29.996364304262233, 0.0], [-51.356505130056235, -29.995016831336056, 0.0], [-51.358391592152884, -29.996094809676997, 0.0], [-51.356235635470995, -29.996364304262233, 0.0]], [[-51.344108379135385, -29.996903293432705, 0.0], [-51.343838884550145, -29.996903293432705, 0.0], [-51.343838884550145, -29.996364304262233, 0.0], [-51.344108379135385, -29.996903293432705, 0.0]], [[-51.34437787372062, -29.99852026094412, 0.0], [-51.344108379135385, -29.99852026094412, 0.0], [-51.344108379135385, -29.996903293432705, 0.0], [-51.34437787372062, -29.99852026094412, 0.0]], [[-51.37590874019322, -29.997711777188414, 0.0], [-51.37590874019322, -29.99717278801794, 0.0], [-51.37617823477845, -29.99717278801794, 0.0], [-51.37590874019322, -29.997711777188414, 0.0]], [[-51.37563924560798, -29.998250766358883, 0.0], [-51.37563924560798, -29.997711777188414, 0.0], [-51.37590874019322, -29.997711777188414, 0.0], [-51.37563924560798, -29.998250766358883, 0.0]], [[-51.41660242256383, -29.998250766358883, 0.0], [-51.416332927978594, -29.998250766358883, 0.0], [-51.416332927978594, -29.997711777188414, 0.0], [-51.41660242256383, -29.998250766358883, 0.0]], [[-51.41687191714907, -29.999328744699827, 0.0], [-51.41660242256383, -29.999328744699827, 0.0], [-51.41660242256383, -29.998250766358883, 0.0], [-51.41687191714907, -29.999328744699827, 0.0]], [[-51.4171414117343, -29.9998677338703, 0.0], [-51.41687191714907, -29.9998677338703, 0.0], [-51.41687191714907, -29.999328744699827, 0.0], [-51.4171414117343, -29.9998677338703, 0.0]], [[-51.41794989549001, -30.000945712211244, 0.0], [-51.4171414117343, -30.00175419596695, 0.0], [-51.4171414117343, -29.9998677338703, 0.0], [-51.41794989549001, -30.000945712211244, 0.0]], [[-51.4171414117343, -30.002023690552186, 0.0], [-51.416063433393354, -30.003371163478366, 0.0], [-51.41660242256383, -30.00175419596695, 0.0], [-51.4171414117343, -30.002023690552186, 0.0]], [[-51.416063433393354, -30.003640658063603, 0.0], [-51.41498545505242, -30.00498813098978, 0.0], [-51.41552444422289, -30.003371163478366, 0.0], [-51.416063433393354, -30.003640658063603, 0.0]], [[-51.41579393880812, -30.00498813098978, 0.0], [-51.41552444422289, -30.00498813098978, 0.0], [-51.41552444422289, -30.004718636404544, 0.0], [-51.41579393880812, -30.00498813098978, 0.0]], [[-51.41471596046718, -30.005527120160252, 0.0], [-51.414176971296705, -30.006066109330725, 0.0], [-51.41471596046718, -30.00498813098978, 0.0], [-51.41471596046718, -30.005527120160252, 0.0]], [[-51.41390747671147, -30.006874593086433, 0.0], [-51.413368487541, -30.006874593086433, 0.0], [-51.41363798212623, -30.006066109330725, 0.0], [-51.41390747671147, -30.006874593086433, 0.0]], [[-51.41309899295576, -30.00714408767167, 0.0], [-51.41202101461482, -30.00822206601261, 0.0], [-51.41282949837053, -30.006874593086433, 0.0], [-51.41309899295576, -30.00714408767167, 0.0]], [[-51.41175152002958, -30.008761055183083, 0.0], [-51.41121253085911, -30.008761055183083, 0.0], [-51.41148202544435, -30.00822206601261, 0.0], [-51.41175152002958, -30.008761055183083, 0.0]], [[-51.41094303627388, -30.00903054976832, 0.0], [-51.41094303627388, -30.008761055183083, 0.0], [-51.41121253085911, -30.008761055183083, 0.0], [-51.41094303627388, -30.00903054976832, 0.0]], [[-51.41067354168864, -30.00956953893879, 0.0], [-51.41067354168864, -30.00903054976832, 0.0], [-51.41094303627388, -30.00903054976832, 0.0], [-51.41067354168864, -30.00956953893879, 0.0]], [[-51.410404047103405, -30.010108528109264, 0.0], [-51.410404047103405, -30.00956953893879, 0.0], [-51.41067354168864, -30.00956953893879, 0.0], [-51.410404047103405, -30.010108528109264, 0.0]], [[-51.41094303627388, -30.010378022694496, 0.0], [-51.41067354168864, -30.010378022694496, 0.0], [-51.41067354168864, -30.010108528109264, 0.0], [-51.41094303627388, -30.010378022694496, 0.0]], [[-51.41498545505242, -30.00067621762601, 0.0], [-51.41471596046718, -29.998250766358883, 0.0], [-51.41525494963765, -29.99905925011459, 0.0], [-51.41498545505242, -30.00067621762601, 0.0]], [[-51.41471596046718, -30.001484701381713, 0.0], [-51.41471596046718, -30.00067621762601, 0.0], [-51.41498545505242, -30.00067621762601, 0.0], [-51.41471596046718, -30.001484701381713, 0.0]], [[-51.36997985931803, -29.999328744699827, 0.0], [-51.36997985931803, -29.998789755529355, 0.0], [-51.37024935390326, -29.998789755529355, 0.0], [-51.36997985931803, -29.999328744699827, 0.0]], [[-51.36971036473279, -29.9998677338703, 0.0], [-51.36971036473279, -29.999328744699827, 0.0], [-51.36997985931803, -29.999328744699827, 0.0], [-51.36971036473279, -29.9998677338703, 0.0]], [[-51.36944087014756, -30.000137228455536, 0.0], [-51.36944087014756, -29.9998677338703, 0.0], [-51.36971036473279, -29.9998677338703, 0.0], [-51.36944087014756, -30.000137228455536, 0.0]], [[-51.35812209756765, -29.99905925011459, 0.0], [-51.358661086738124, -29.998789755529355, 0.0], [-51.35893058132336, -29.999328744699827, 0.0], [-51.35812209756765, -29.99905925011459, 0.0]], [[-51.34464736830586, -29.999328744699827, 0.0], [-51.34437787372062, -30.000406723040772, 0.0], [-51.344108379135385, -30.000406723040772, 0.0], [-51.34464736830586, -29.999328744699827, 0.0]], [[-51.343838884550145, -30.000945712211244, 0.0], [-51.343838884550145, -30.000406723040772, 0.0], [-51.344108379135385, -30.000406723040772, 0.0], [-51.343838884550145, -30.000945712211244, 0.0]], [[-51.34356938996491, -30.001215206796477, 0.0], [-51.34356938996491, -30.000945712211244, 0.0], [-51.343838884550145, -30.000945712211244, 0.0], [-51.34356938996491, -30.001215206796477, 0.0]], [[-51.34329989537968, -30.002562679722658, 0.0], [-51.34303040079444, -30.002562679722658, 0.0], [-51.34329989537968, -30.001215206796477, 0.0], [-51.34329989537968, -30.002562679722658, 0.0]], [[-51.34356938996491, -30.003640658063603, 0.0], [-51.34329989537968, -30.003640658063603, 0.0], [-51.34329989537968, -30.002562679722658, 0.0], [-51.34356938996491, -30.003640658063603, 0.0]], [[-51.375369751022745, -30.000137228455536, 0.0], [-51.375369751022745, -29.999598239285064, 0.0], [-51.37563924560798, -29.999598239285064, 0.0], [-51.375369751022745, -30.000137228455536, 0.0]], [[-51.37483076185227, -30.000945712211244, 0.0], [-51.375100256437506, -30.000137228455536, 0.0], [-51.375369751022745, -30.000137228455536, 0.0], [-51.37483076185227, -30.000945712211244, 0.0]], [[-51.37456126726703, -30.001215206796477, 0.0], [-51.37456126726703, -30.000945712211244, 0.0], [-51.37483076185227, -30.000945712211244, 0.0], [-51.37456126726703, -30.001215206796477, 0.0]], [[-51.3742917726818, -30.001484701381713, 0.0], [-51.3742917726818, -30.001215206796477, 0.0], [-51.37456126726703, -30.001215206796477, 0.0], [-51.3742917726818, -30.001484701381713, 0.0]], [[-51.37402227809656, -30.002023690552186, 0.0], [-51.37402227809656, -30.001484701381713, 0.0], [-51.3742917726818, -30.001484701381713, 0.0], [-51.37402227809656, -30.002023690552186, 0.0]], [[-51.39315639364831, -30.00175419596695, 0.0], [-51.39396487740402, -30.00175419596695, 0.0], [-51.39396487740402, -30.00229318513742, 0.0], [-51.39315639364831, -30.00175419596695, 0.0]], [[-51.394234371989256, -30.002562679722658, 0.0], [-51.39396487740402, -30.002562679722658, 0.0], [-51.39396487740402, -30.00229318513742, 0.0], [-51.394234371989256, -30.002562679722658, 0.0]], [[-51.39288689906307, -30.002562679722658, 0.0], [-51.39288689906307, -30.00229318513742, 0.0], [-51.39315639364831, -30.00229318513742, 0.0], [-51.39288689906307, -30.002562679722658, 0.0]], [[-51.39261740447784, -30.00310166889313, 0.0], [-51.39261740447784, -30.002562679722658, 0.0], [-51.39288689906307, -30.002562679722658, 0.0], [-51.39261740447784, -30.00310166889313, 0.0]], [[-51.39288689906307, -30.004718636404544, 0.0], [-51.39207841530737, -30.005257625575016, 0.0], [-51.3923479098926, -30.00310166889313, 0.0], [-51.39288689906307, -30.004718636404544, 0.0]], [[-51.39180892072213, -30.00579661474549, 0.0], [-51.39180892072213, -30.005257625575016, 0.0], [-51.39207841530737, -30.005257625575016, 0.0], [-51.39180892072213, -30.00579661474549, 0.0]], [[-51.391539426136895, -30.00633560391596, 0.0], [-51.391539426136895, -30.00579661474549, 0.0], [-51.39180892072213, -30.00579661474549, 0.0], [-51.391539426136895, -30.00633560391596, 0.0]], [[-51.39207841530737, -30.006605098501197, 0.0], [-51.39180892072213, -30.006605098501197, 0.0], [-51.39180892072213, -30.00633560391596, 0.0], [-51.39207841530737, -30.006605098501197, 0.0]], [[-51.391539426136895, -30.006605098501197, 0.0], [-51.39126993155166, -30.007413582256902, 0.0], [-51.39100043696642, -30.007952571427374, 0.0], [-51.39073094238119, -30.006874593086433, 0.0], [-51.391539426136895, -30.006605098501197, 0.0]], [[-51.39046144779595, -30.00822206601261, 0.0], [-51.39046144779595, -30.007683076842138, 0.0], [-51.39073094238119, -30.007683076842138, 0.0], [-51.39046144779595, -30.00822206601261, 0.0]], [[-51.39019195321072, -30.008761055183083, 0.0], [-51.39019195321072, -30.00822206601261, 0.0], [-51.39046144779595, -30.00822206601261, 0.0], [-51.39019195321072, -30.008761055183083, 0.0]], [[-51.38992245862548, -30.009300044353555, 0.0], [-51.38992245862548, -30.008761055183083, 0.0], [-51.39019195321072, -30.008761055183083, 0.0], [-51.38992245862548, -30.009300044353555, 0.0]], [[-51.389652964040245, -30.009839033524027, 0.0], [-51.389652964040245, -30.009300044353555, 0.0], [-51.38992245862548, -30.009300044353555, 0.0], [-51.389652964040245, -30.009839033524027, 0.0]], [[-51.389383469455005, -30.010108528109264, 0.0], [-51.389383469455005, -30.009839033524027, 0.0], [-51.389652964040245, -30.009839033524027, 0.0], [-51.389383469455005, -30.010108528109264, 0.0]], [[-51.38911397486977, -30.010378022694496, 0.0], [-51.38911397486977, -30.010108528109264, 0.0], [-51.389383469455005, -30.010108528109264, 0.0], [-51.38911397486977, -30.010378022694496, 0.0]], [[-51.39073094238119, -30.00903054976832, 0.0], [-51.39046144779595, -30.00903054976832, 0.0], [-51.39046144779595, -30.008761055183083, 0.0], [-51.39073094238119, -30.00903054976832, 0.0]], [[-51.391539426136895, -30.002023690552186, 0.0], [-51.391539426136895, -30.00175419596695, 0.0], [-51.39180892072213, -30.00175419596695, 0.0], [-51.391539426136895, -30.002023690552186, 0.0]], [[-51.39073094238119, -30.003371163478366, 0.0], [-51.39019195321072, -30.003371163478366, 0.0], [-51.39126993155166, -30.002023690552186, 0.0], [-51.39073094238119, -30.003371163478366, 0.0]], [[-51.38992245862548, -30.00391015264884, 0.0], [-51.389383469455005, -30.00391015264884, 0.0], [-51.389652964040245, -30.003371163478366, 0.0], [-51.38992245862548, -30.00391015264884, 0.0]], [[-51.38911397486977, -30.00417964723407, 0.0], [-51.38911397486977, -30.00391015264884, 0.0], [-51.389383469455005, -30.00391015264884, 0.0], [-51.38911397486977, -30.00417964723407, 0.0]], [[-51.383724083165056, -30.002832174307894, 0.0], [-51.38399357775029, -30.00175419596695, 0.0], [-51.38426307233553, -30.00229318513742, 0.0], [-51.383724083165056, -30.002832174307894, 0.0]], [[-51.37375278351133, -30.00310166889313, 0.0], [-51.37375278351133, -30.002562679722658, 0.0], [-51.37402227809656, -30.002562679722658, 0.0], [-51.37375278351133, -30.00310166889313, 0.0]], [[-51.373483288926096, -30.003371163478366, 0.0], [-51.373483288926096, -30.00310166889313, 0.0], [-51.37375278351133, -30.00310166889313, 0.0], [-51.373483288926096, -30.003371163478366, 0.0]], [[-51.37240531058515, -30.003371163478366, 0.0], [-51.373483288926096, -30.00417964723407, 0.0], [-51.373213794340856, -30.005257625575016, 0.0], [-51.37240531058515, -30.003371163478366, 0.0]], [[-51.381298631897934, -30.003640658063603, 0.0], [-51.381029137312694, -30.003640658063603, 0.0], [-51.381029137312694, -30.003371163478366, 0.0], [-51.381298631897934, -30.003640658063603, 0.0]], [[-51.38156812648317, -30.00391015264884, 0.0], [-51.381298631897934, -30.00391015264884, 0.0], [-51.381298631897934, -30.003640658063603, 0.0], [-51.38156812648317, -30.00391015264884, 0.0]], [[-51.38183762106841, -30.00417964723407, 0.0], [-51.38156812648317, -30.00417964723407, 0.0], [-51.38156812648317, -30.00391015264884, 0.0], [-51.38183762106841, -30.00417964723407, 0.0]], [[-51.38210711565364, -30.004449141819308, 0.0], [-51.38183762106841, -30.004449141819308, 0.0], [-51.38183762106841, -30.00417964723407, 0.0], [-51.38210711565364, -30.004449141819308, 0.0]], [[-51.38237661023888, -30.004718636404544, 0.0], [-51.38210711565364, -30.004718636404544, 0.0], [-51.38210711565364, -30.004449141819308, 0.0], [-51.38237661023888, -30.004718636404544, 0.0]], [[-51.384802061506, -30.005257625575016, 0.0], [-51.38507155609123, -30.00417964723407, 0.0], [-51.38534105067647, -30.005527120160252, 0.0], [-51.38614953443218, -30.00579661474549, 0.0], [-51.3885749856993, -30.005257625575016, 0.0], [-51.387766501943595, -30.010647517279732, 0.0], [-51.38614953443218, -30.010647517279732, 0.0], [-51.385610545261706, -30.010378022694496, 0.0], [-51.38614953443218, -30.00956953893879, 0.0], [-51.38453256692076, -30.00903054976832, 0.0], [-51.383724083165056, -30.00956953893879, 0.0], [-51.383454588579816, -30.008491560597847, 0.0], [-51.38237661023888, -30.00822206601261, 0.0], [-51.38210711565364, -30.005257625575016, 0.0], [-51.383185093994584, -30.004718636404544, 0.0], [-51.384802061506, -30.005257625575016, 0.0]], [[-51.38884448028453, -30.004718636404544, 0.0], [-51.38884448028453, -30.005257625575016, 0.0], [-51.3885749856993, -30.005257625575016, 0.0], [-51.38884448028453, -30.004718636404544, 0.0]], [[-51.38911397486977, -30.004449141819308, 0.0], [-51.38911397486977, -30.004718636404544, 0.0], [-51.38884448028453, -30.004718636404544, 0.0], [-51.38911397486977, -30.004449141819308, 0.0]], [[-51.33925747660114, -30.00391015264884, 0.0], [-51.33925747660114, -30.005257625575016, 0.0], [-51.3389879820159, -30.005257625575016, 0.0], [-51.33925747660114, -30.00391015264884, 0.0]], [[-51.37563924560798, -30.006066109330725, 0.0], [-51.37563924560798, -30.005257625575016, 0.0], [-51.37590874019322, -30.005257625575016, 0.0], [-51.37563924560798, -30.006066109330725, 0.0]], [[-51.37590874019322, -30.00822206601261, 0.0], [-51.375100256437506, -30.008761055183083, 0.0], [-51.375369751022745, -30.006066109330725, 0.0], [-51.37590874019322, -30.00822206601261, 0.0]], [[-51.3457253466468, -30.00579661474549, 0.0], [-51.3457253466468, -30.005257625575016, 0.0], [-51.345994841232034, -30.005257625575016, 0.0], [-51.3457253466468, -30.00579661474549, 0.0]], [[-51.34545585206156, -30.006066109330725, 0.0], [-51.34545585206156, -30.00579661474549, 0.0], [-51.3457253466468, -30.00579661474549, 0.0], [-51.34545585206156, -30.006066109330725, 0.0]], [[-51.345994841232034, -30.00633560391596, 0.0], [-51.3457253466468, -30.00633560391596, 0.0], [-51.3457253466468, -30.006066109330725, 0.0], [-51.345994841232034, -30.00633560391596, 0.0]], [[-51.37968166438652, -30.006874593086433, 0.0], [-51.379412169801284, -30.006874593086433, 0.0], [-51.379412169801284, -30.00579661474549, 0.0], [-51.37968166438652, -30.006874593086433, 0.0]], [[-51.37995115897175, -30.007683076842138, 0.0], [-51.37968166438652, -30.007683076842138, 0.0], [-51.37968166438652, -30.006874593086433, 0.0], [-51.37995115897175, -30.007683076842138, 0.0]], [[-51.38022065355699, -30.00822206601261, 0.0], [-51.37995115897175, -30.00822206601261, 0.0], [-51.37995115897175, -30.007683076842138, 0.0], [-51.38022065355699, -30.00822206601261, 0.0]], [[-51.38049014814222, -30.008491560597847, 0.0], [-51.38022065355699, -30.008491560597847, 0.0], [-51.38022065355699, -30.00822206601261, 0.0], [-51.38049014814222, -30.008491560597847, 0.0]], [[-51.38075964272746, -30.008761055183083, 0.0], [-51.38049014814222, -30.008761055183083, 0.0], [-51.38049014814222, -30.008491560597847, 0.0], [-51.38075964272746, -30.008761055183083, 0.0]], [[-51.381029137312694, -30.009300044353555, 0.0], [-51.38075964272746, -30.009300044353555, 0.0], [-51.38075964272746, -30.008761055183083, 0.0], [-51.381029137312694, -30.009300044353555, 0.0]], [[-51.35381018420387, -30.006605098501197, 0.0], [-51.35273220586293, -30.006066109330725, 0.0], [-51.35381018420387, -30.006066109330725, 0.0], [-51.35381018420387, -30.006605098501197, 0.0]], [[-51.36243401093142, -30.006874593086433, 0.0], [-51.36243401093142, -30.00633560391596, 0.0], [-51.362703505516656, -30.00633560391596, 0.0], [-51.36243401093142, -30.006874593086433, 0.0]], [[-51.36189502176095, -30.008761055183083, 0.0], [-51.36216451634618, -30.006874593086433, 0.0], [-51.36243401093142, -30.006874593086433, 0.0], [-51.36189502176095, -30.008761055183083, 0.0]], [[-51.36162552717572, -30.010108528109264, 0.0], [-51.36162552717572, -30.008761055183083, 0.0], [-51.36189502176095, -30.008761055183083, 0.0], [-51.36162552717572, -30.010108528109264, 0.0]], [[-51.361086538005246, -30.010378022694496, 0.0], [-51.361086538005246, -30.010108528109264, 0.0], [-51.36162552717572, -30.010108528109264, 0.0], [-51.361086538005246, -30.010378022694496, 0.0]], [[-51.349767765425334, -30.00633560391596, 0.0], [-51.349767765425334, -30.007683076842138, 0.0], [-51.3494982708401, -30.007683076842138, 0.0], [-51.349767765425334, -30.00633560391596, 0.0]], [[-51.33844899284543, -30.006874593086433, 0.0], [-51.33844899284543, -30.008491560597847, 0.0], [-51.338179498260196, -30.008491560597847, 0.0], [-51.33844899284543, -30.006874593086433, 0.0]], [[-51.36405097844284, -30.007413582256902, 0.0], [-51.3637814838576, -30.007413582256902, 0.0], [-51.3637814838576, -30.00714408767167, 0.0], [-51.36405097844284, -30.007413582256902, 0.0]], [[-51.36432047302807, -30.007683076842138, 0.0], [-51.36405097844284, -30.007683076842138, 0.0], [-51.36405097844284, -30.007413582256902, 0.0], [-51.36432047302807, -30.007683076842138, 0.0]], [[-51.364859462198545, -30.007952571427374, 0.0], [-51.36432047302807, -30.007952571427374, 0.0], [-51.36432047302807, -30.007683076842138, 0.0], [-51.364859462198545, -30.007952571427374, 0.0]], [[-51.36512895678378, -30.00822206601261, 0.0], [-51.364859462198545, -30.00822206601261, 0.0], [-51.364859462198545, -30.007952571427374, 0.0], [-51.36512895678378, -30.00822206601261, 0.0]], [[-51.3637814838576, -30.00822206601261, 0.0], [-51.3637814838576, -30.007683076842138, 0.0], [-51.36405097844284, -30.007683076842138, 0.0], [-51.3637814838576, -30.00822206601261, 0.0]], [[-51.4028581987168, -30.008761055183083, 0.0], [-51.40231920954633, -30.009300044353555, 0.0], [-51.40258870413157, -30.007413582256902, 0.0], [-51.4028581987168, -30.008761055183083, 0.0]], [[-51.405822639154394, -30.00822206601261, 0.0], [-51.40501415539869, -30.00822206601261, 0.0], [-51.40501415539869, -30.007952571427374, 0.0], [-51.405822639154394, -30.00822206601261, 0.0]], [[-51.406092133739634, -30.008491560597847, 0.0], [-51.405822639154394, -30.008491560597847, 0.0], [-51.405822639154394, -30.00822206601261, 0.0], [-51.406092133739634, -30.008491560597847, 0.0]], [[-51.406631122910106, -30.008761055183083, 0.0], [-51.406092133739634, -30.008761055183083, 0.0], [-51.406092133739634, -30.008491560597847, 0.0], [-51.406631122910106, -30.008761055183083, 0.0]], [[-51.39827679076779, -30.008761055183083, 0.0], [-51.39827679076779, -30.007952571427374, 0.0], [-51.39854628535303, -30.007952571427374, 0.0], [-51.39827679076779, -30.008761055183083, 0.0]], [[-51.3990852745235, -30.00903054976832, 0.0], [-51.3990852745235, -30.009300044353555, 0.0], [-51.398007296182556, -30.009839033524027, 0.0], [-51.3990852745235, -30.00903054976832, 0.0]], [[-51.34922877625487, -30.009300044353555, 0.0], [-51.34922877625487, -30.007952571427374, 0.0], [-51.3494982708401, -30.007952571427374, 0.0], [-51.34922877625487, -30.009300044353555, 0.0]], [[-51.350306754595806, -30.010647517279732, 0.0], [-51.34922877625487, -30.01091701186497, 0.0], [-51.34895928166963, -30.012533979376386, 0.0], [-51.34895928166963, -30.009300044353555, 0.0], [-51.34922877625487, -30.010378022694496, 0.0], [-51.350306754595806, -30.010647517279732, 0.0]], [[-51.37644772936369, -30.008761055183083, 0.0], [-51.37617823477845, -30.008761055183083, 0.0], [-51.37617823477845, -30.008491560597847, 0.0], [-51.37644772936369, -30.008761055183083, 0.0]], [[-51.37671722394892, -30.009300044353555, 0.0], [-51.37644772936369, -30.009300044353555, 0.0], [-51.37644772936369, -30.008761055183083, 0.0], [-51.37671722394892, -30.009300044353555, 0.0]], [[-51.376986718534155, -30.009839033524027, 0.0], [-51.37671722394892, -30.009839033524027, 0.0], [-51.37671722394892, -30.009300044353555, 0.0], [-51.376986718534155, -30.009839033524027, 0.0]], [[-51.377256213119395, -30.010108528109264, 0.0], [-51.376986718534155, -30.010108528109264, 0.0], [-51.376986718534155, -30.009839033524027, 0.0], [-51.377256213119395, -30.010108528109264, 0.0]], [[-51.37752570770463, -30.010378022694496, 0.0], [-51.377256213119395, -30.010378022694496, 0.0], [-51.377256213119395, -30.010108528109264, 0.0], [-51.37752570770463, -30.010378022694496, 0.0]], [[-51.37779520228987, -30.010647517279732, 0.0], [-51.37752570770463, -30.010647517279732, 0.0], [-51.37752570770463, -30.010378022694496, 0.0], [-51.37779520228987, -30.010647517279732, 0.0]], [[-51.40501415539869, -30.008761055183083, 0.0], [-51.40501415539869, -30.010108528109264, 0.0], [-51.40474466081345, -30.010108528109264, 0.0], [-51.40501415539869, -30.008761055183083, 0.0]], [[-51.33871848743067, -30.008761055183083, 0.0], [-51.33871848743067, -30.010647517279732, 0.0], [-51.33844899284543, -30.010647517279732, 0.0], [-51.33871848743067, -30.008761055183083, 0.0]], [[-51.32820819860647, -30.010108528109264, 0.0], [-51.32874718777694, -30.009300044353555, 0.0], [-51.32901668236217, -30.009300044353555, 0.0], [-51.32901668236217, -30.010108528109264, 0.0], [-51.32820819860647, -30.010108528109264, 0.0]], [[-51.325782747339346, -30.010647517279732, 0.0], [-51.323357296072224, -30.010647517279732, 0.0], [-51.32443527441317, -30.010108528109264, 0.0], [-51.325782747339346, -30.010647517279732, 0.0]], [[-51.32874718777694, -30.01091701186497, 0.0], [-51.325782747339346, -30.01091701186497, 0.0], [-51.325782747339346, -30.010647517279732, 0.0], [-51.32874718777694, -30.01091701186497, 0.0]], [[-51.41202101461482, -30.010647517279732, 0.0], [-51.41121253085911, -30.010647517279732, 0.0], [-51.41121253085911, -30.010378022694496, 0.0], [-51.41202101461482, -30.010647517279732, 0.0]], [[-51.41363798212623, -30.011186506450205, 0.0], [-51.41390747671147, -30.011725495620677, 0.0], [-51.41202101461482, -30.01091701186497, 0.0], [-51.41363798212623, -30.011186506450205, 0.0]], [[-51.414446465881944, -30.011994990205913, 0.0], [-51.41390747671147, -30.011994990205913, 0.0], [-51.41390747671147, -30.011725495620677, 0.0], [-51.414446465881944, -30.011994990205913, 0.0]], [[-51.41498545505242, -30.01226448479115, 0.0], [-51.414446465881944, -30.01226448479115, 0.0], [-51.414446465881944, -30.011994990205913, 0.0], [-51.41498545505242, -30.01226448479115, 0.0]], [[-51.3885749856993, -30.010647517279732, 0.0], [-51.3885749856993, -30.010378022694496, 0.0], [-51.38884448028453, -30.010378022694496, 0.0], [-51.3885749856993, -30.010647517279732, 0.0]], [[-51.38803599652883, -30.012803473961622, 0.0], [-51.38830549111407, -30.010647517279732, 0.0], [-51.3885749856993, -30.010647517279732, 0.0], [-51.38803599652883, -30.012803473961622, 0.0]], [[-51.3885749856993, -30.01334246313209, 0.0], [-51.38830549111407, -30.01334246313209, 0.0], [-51.38830549111407, -30.012803473961622, 0.0], [-51.3885749856993, -30.01334246313209, 0.0]], [[-51.40878707959199, -30.01145600103544, 0.0], [-51.40878707959199, -30.011186506450205, 0.0], [-51.40905657417723, -30.011186506450205, 0.0], [-51.40878707959199, -30.01145600103544, 0.0]], [[-51.408517585006756, -30.011994990205913, 0.0], [-51.408248090421516, -30.011994990205913, 0.0], [-51.408248090421516, -30.01145600103544, 0.0], [-51.408517585006756, -30.011994990205913, 0.0]], [[-51.40797859583628, -30.012533979376386, 0.0], [-51.40797859583628, -30.011994990205913, 0.0], [-51.408248090421516, -30.011994990205913, 0.0], [-51.40797859583628, -30.012533979376386, 0.0]], [[-51.407709101251044, -30.012803473961622, 0.0], [-51.407709101251044, -30.012533979376386, 0.0], [-51.40797859583628, -30.012533979376386, 0.0], [-51.407709101251044, -30.012803473961622, 0.0]], [[-51.381029137312694, -30.014959430643508, 0.0], [-51.37968166438652, -30.015228925228744, 0.0], [-51.379142675216045, -30.013072968546858, 0.0], [-51.38049014814222, -30.014420441473035, 0.0], [-51.38210711565364, -30.013611957717327, 0.0], [-51.38210711565364, -30.01145600103544, 0.0], [-51.382915599409344, -30.013072968546858, 0.0], [-51.38668852360265, -30.011186506450205, 0.0], [-51.387766501943595, -30.011725495620677, 0.0], [-51.38695801818788, -30.012533979376386, 0.0], [-51.38668852360265, -30.01549841981398, 0.0], [-51.38453256692076, -30.01549841981398, 0.0], [-51.38588003984694, -30.016037408984452, 0.0], [-51.38507155609123, -30.01657639815492, 0.0], [-51.387766501943595, -30.015767914399216, 0.0], [-51.38668852360265, -30.020079827762988, 0.0], [-51.38641902901741, -30.01819336566634, 0.0], [-51.383724083165056, -30.01873235483681, 0.0], [-51.381029137312694, -30.01738488191063, 0.0], [-51.381029137312694, -30.014959430643508, 0.0]], [[-51.38614953443218, -30.021157806103933, 0.0], [-51.38614953443218, -30.020079827762988, 0.0], [-51.38641902901741, -30.020079827762988, 0.0], [-51.38614953443218, -30.021157806103933, 0.0]], [[-51.38588003984694, -30.021696795274405, 0.0], [-51.38588003984694, -30.021157806103933, 0.0], [-51.38614953443218, -30.021157806103933, 0.0], [-51.38588003984694, -30.021696795274405, 0.0]], [[-51.381298631897934, -30.01819336566634, 0.0], [-51.381298631897934, -30.017923871081102, 0.0], [-51.38156812648317, -30.017923871081102, 0.0], [-51.381298631897934, -30.01819336566634, 0.0]], [[-51.381029137312694, -30.018462860251574, 0.0], [-51.381029137312694, -30.01819336566634, 0.0], [-51.381298631897934, -30.01819336566634, 0.0], [-51.381029137312694, -30.018462860251574, 0.0]], [[-51.38075964272746, -30.01873235483681, 0.0], [-51.38075964272746, -30.018462860251574, 0.0], [-51.381029137312694, -30.018462860251574, 0.0], [-51.38075964272746, -30.01873235483681, 0.0]], [[-51.38049014814222, -30.019001849422047, 0.0], [-51.38049014814222, -30.01873235483681, 0.0], [-51.38075964272746, -30.01873235483681, 0.0], [-51.38049014814222, -30.019001849422047, 0.0]], [[-51.32847769319171, -30.011186506450205, 0.0], [-51.32847769319171, -30.015228925228744, 0.0], [-51.32820819860647, -30.015228925228744, 0.0], [-51.32847769319171, -30.011186506450205, 0.0]], [[-51.401780220375855, -30.01226448479115, 0.0], [-51.40151072579062, -30.013611957717327, 0.0], [-51.40124123120538, -30.013611957717327, 0.0], [-51.40124123120538, -30.01226448479115, 0.0], [-51.401780220375855, -30.01226448479115, 0.0]], [[-51.40097173662015, -30.014420441473035, 0.0], [-51.40097173662015, -30.013611957717327, 0.0], [-51.40124123120538, -30.013611957717327, 0.0], [-51.40097173662015, -30.014420441473035, 0.0]], [[-51.40070224203492, -30.015767914399216, 0.0], [-51.40070224203492, -30.014420441473035, 0.0], [-51.40097173662015, -30.014420441473035, 0.0], [-51.40070224203492, -30.015767914399216, 0.0]], [[-51.400163252864445, -30.017923871081102, 0.0], [-51.40043274744968, -30.015767914399216, 0.0], [-51.40070224203492, -30.015767914399216, 0.0], [-51.400163252864445, -30.017923871081102, 0.0]], [[-51.33413707948166, -30.013072968546858, 0.0], [-51.33413707948166, -30.01334246313209, 0.0], [-51.33252011197024, -30.01334246313209, 0.0], [-51.33413707948166, -30.013072968546858, 0.0]], [[-51.40743960666581, -30.013611957717327, 0.0], [-51.40797859583628, -30.01334246313209, 0.0], [-51.407709101251044, -30.024391741126763, 0.0], [-51.40717011208057, -30.02385275195629, 0.0], [-51.40743960666581, -30.013611957717327, 0.0]], [[-51.34895928166963, -30.0141509468878, 0.0], [-51.34895928166963, -30.015767914399216, 0.0], [-51.348689787084396, -30.015767914399216, 0.0], [-51.34895928166963, -30.0141509468878, 0.0]], [[-51.387497007358355, -30.01549841981398, 0.0], [-51.387497007358355, -30.014420441473035, 0.0], [-51.38803599652883, -30.014420441473035, 0.0], [-51.387497007358355, -30.01549841981398, 0.0]], [[-51.3742917726818, -30.014959430643508, 0.0], [-51.375100256437506, -30.014959430643508, 0.0], [-51.37483076185227, -30.016037408984452, 0.0], [-51.3742917726818, -30.014959430643508, 0.0]], [[-51.39396487740402, -30.016845892740157, 0.0], [-51.39396487740402, -30.015767914399216, 0.0], [-51.39477336115973, -30.015767914399216, 0.0], [-51.39477336115973, -30.017115387325394, 0.0], [-51.39396487740402, -30.016845892740157, 0.0]], [[-51.33952697118637, -30.015767914399216, 0.0], [-51.33952697118637, -30.016037408984452, 0.0], [-51.33332859572595, -30.016037408984452, 0.0], [-51.33952697118637, -30.015767914399216, 0.0]], [[-51.32632173650982, -30.016037408984452, 0.0], [-51.32632173650982, -30.016306903569685, 0.0], [-51.3238962852427, -30.016306903569685, 0.0], [-51.32632173650982, -30.016037408984452, 0.0]], [[-51.32901668236217, -30.016306903569685, 0.0], [-51.32901668236217, -30.01657639815492, 0.0], [-51.32739971485076, -30.01657639815492, 0.0], [-51.32901668236217, -30.016306903569685, 0.0]], [[-51.4095955633477, -30.017923871081102, 0.0], [-51.40932606876246, -30.017923871081102, 0.0], [-51.40932606876246, -30.017654376495866, 0.0], [-51.4095955633477, -30.017923871081102, 0.0]], [[-51.40986505793293, -30.01819336566634, 0.0], [-51.4095955633477, -30.01819336566634, 0.0], [-51.4095955633477, -30.017923871081102, 0.0], [-51.40986505793293, -30.01819336566634, 0.0]], [[-51.410404047103405, -30.018462860251574, 0.0], [-51.40986505793293, -30.018462860251574, 0.0], [-51.40986505793293, -30.01819336566634, 0.0], [-51.410404047103405, -30.018462860251574, 0.0]], [[-51.41094303627388, -30.01873235483681, 0.0], [-51.410404047103405, -30.01873235483681, 0.0], [-51.410404047103405, -30.018462860251574, 0.0], [-51.41094303627388, -30.01873235483681, 0.0]], [[-51.41121253085911, -30.019001849422047, 0.0], [-51.41094303627388, -30.019001849422047, 0.0], [-51.41094303627388, -30.01873235483681, 0.0], [-51.41121253085911, -30.019001849422047, 0.0]], [[-51.41148202544435, -30.01927134400728, 0.0], [-51.41121253085911, -30.01927134400728, 0.0], [-51.41121253085911, -30.019001849422047, 0.0], [-51.41148202544435, -30.01927134400728, 0.0]], [[-51.32847769319171, -30.017654376495866, 0.0], [-51.32847769319171, -30.020888311518696, 0.0], [-51.32820819860647, -30.020888311518696, 0.0], [-51.32847769319171, -30.017654376495866, 0.0]], [[-51.35273220586293, -30.018462860251574, 0.0], [-51.35273220586293, -30.01819336566634, 0.0], [-51.3532711950334, -30.01819336566634, 0.0], [-51.35273220586293, -30.018462860251574, 0.0]], [[-51.35192372210722, -30.01873235483681, 0.0], [-51.35192372210722, -30.018462860251574, 0.0], [-51.35273220586293, -30.018462860251574, 0.0], [-51.35192372210722, -30.01873235483681, 0.0]], [[-51.35084574376628, -30.019001849422047, 0.0], [-51.35084574376628, -30.01873235483681, 0.0], [-51.35192372210722, -30.01873235483681, 0.0], [-51.35084574376628, -30.019001849422047, 0.0]], [[-51.39962426369397, -30.018462860251574, 0.0], [-51.39962426369397, -30.019001849422047, 0.0], [-51.3990852745235, -30.019001849422047, 0.0], [-51.39962426369397, -30.018462860251574, 0.0]], [[-51.348420292499156, -30.018462860251574, 0.0], [-51.350576249181046, -30.01927134400728, 0.0], [-51.348420292499156, -30.01927134400728, 0.0], [-51.348420292499156, -30.018462860251574, 0.0]], [[-51.348150797913924, -30.021157806103933, 0.0], [-51.348150797913924, -30.01927134400728, 0.0], [-51.348420292499156, -30.01927134400728, 0.0], [-51.348150797913924, -30.021157806103933, 0.0]], [[-51.348150797913924, -30.02196628985964, 0.0], [-51.34761180874345, -30.021696795274405, 0.0], [-51.347881303328684, -30.021157806103933, 0.0], [-51.348150797913924, -30.021157806103933, 0.0], [-51.348150797913924, -30.02196628985964, 0.0]], [[-51.39100043696642, -30.019001849422047, 0.0], [-51.38992245862548, -30.019001849422047, 0.0], [-51.38992245862548, -30.01873235483681, 0.0], [-51.39100043696642, -30.019001849422047, 0.0]], [[-51.39180892072213, -30.01927134400728, 0.0], [-51.39100043696642, -30.01927134400728, 0.0], [-51.39100043696642, -30.019001849422047, 0.0], [-51.39180892072213, -30.01927134400728, 0.0]], [[-51.337640509089724, -30.019001849422047, 0.0], [-51.337640509089724, -30.01927134400728, 0.0], [-51.336293036163546, -30.01927134400728, 0.0], [-51.337640509089724, -30.019001849422047, 0.0]], [[-51.393425888233544, -30.019540838592516, 0.0], [-51.39261740447784, -30.019540838592516, 0.0], [-51.39261740447784, -30.01927134400728, 0.0], [-51.393425888233544, -30.019540838592516, 0.0]], [[-51.39396487740402, -30.01981033317775, 0.0], [-51.393425888233544, -30.01981033317775, 0.0], [-51.393425888233544, -30.019540838592516, 0.0], [-51.39396487740402, -30.01981033317775, 0.0]], [[-51.38264610482411, -30.020079827762988, 0.0], [-51.38264610482411, -30.019540838592516, 0.0], [-51.382915599409344, -30.019540838592516, 0.0], [-51.38264610482411, -30.020079827762988, 0.0]], [[-51.38237661023888, -30.020888311518696, 0.0], [-51.38237661023888, -30.020079827762988, 0.0], [-51.38264610482411, -30.020079827762988, 0.0], [-51.38237661023888, -30.020888311518696, 0.0]], [[-51.38210711565364, -30.021696795274405, 0.0], [-51.38210711565364, -30.020888311518696, 0.0], [-51.38237661023888, -30.020888311518696, 0.0], [-51.38210711565364, -30.021696795274405, 0.0]], [[-51.38183762106841, -30.022235784444874, 0.0], [-51.38183762106841, -30.021696795274405, 0.0], [-51.38210711565364, -30.021696795274405, 0.0], [-51.38183762106841, -30.022235784444874, 0.0]], [[-51.379412169801284, -30.02196628985964, 0.0], [-51.37779520228987, -30.021696795274405, 0.0], [-51.37860368604557, -30.020888311518696, 0.0], [-51.379412169801284, -30.02196628985964, 0.0]], [[-51.37752570770463, -30.021157806103933, 0.0], [-51.37779520228987, -30.021157806103933, 0.0], [-51.37779520228987, -30.02142730068917, 0.0], [-51.37752570770463, -30.021157806103933, 0.0]], [[-51.37456126726703, -30.02142730068917, 0.0], [-51.37456126726703, -30.021157806103933, 0.0], [-51.37483076185227, -30.021157806103933, 0.0], [-51.37456126726703, -30.02142730068917, 0.0]], [[-51.3742917726818, -30.021696795274405, 0.0], [-51.3742917726818, -30.02142730068917, 0.0], [-51.37456126726703, -30.02142730068917, 0.0], [-51.3742917726818, -30.021696795274405, 0.0]], [[-51.37375278351133, -30.02196628985964, 0.0], [-51.37375278351133, -30.021696795274405, 0.0], [-51.3742917726818, -30.021696795274405, 0.0], [-51.37375278351133, -30.02196628985964, 0.0]], [[-51.373483288926096, -30.022235784444874, 0.0], [-51.373483288926096, -30.02196628985964, 0.0], [-51.37375278351133, -30.02196628985964, 0.0], [-51.373483288926096, -30.022235784444874, 0.0]], [[-51.39881577993826, -30.023583257371055, 0.0], [-51.39881577993826, -30.02250527903011, 0.0], [-51.3990852745235, -30.02250527903011, 0.0], [-51.39881577993826, -30.023583257371055, 0.0]], [[-51.39854628535303, -30.024661235712, 0.0], [-51.39854628535303, -30.023583257371055, 0.0], [-51.39881577993826, -30.023583257371055, 0.0], [-51.39854628535303, -30.024661235712, 0.0]], [[-51.39827679076779, -30.026008708638177, 0.0], [-51.39827679076779, -30.024661235712, 0.0], [-51.39854628535303, -30.024661235712, 0.0], [-51.39827679076779, -30.026008708638177, 0.0]], [[-51.398007296182556, -30.026817192393885, 0.0], [-51.398007296182556, -30.026008708638177, 0.0], [-51.39827679076779, -30.026008708638177, 0.0], [-51.398007296182556, -30.026817192393885, 0.0]], [[-51.348150797913924, -30.02250527903011, 0.0], [-51.348150797913924, -30.024391741126763, 0.0], [-51.347881303328684, -30.024391741126763, 0.0], [-51.348150797913924, -30.02250527903011, 0.0]], [[-51.38075964272746, -30.02520022488247, 0.0], [-51.38075964272746, -30.024661235712, 0.0], [-51.381029137312694, -30.024661235712, 0.0], [-51.38075964272746, -30.02520022488247, 0.0]], [[-51.38049014814222, -30.025469719467704, 0.0], [-51.38049014814222, -30.02520022488247, 0.0], [-51.38075964272746, -30.02520022488247, 0.0], [-51.38049014814222, -30.025469719467704, 0.0]], [[-51.37995115897175, -30.02573921405294, 0.0], [-51.37995115897175, -30.025469719467704, 0.0], [-51.38049014814222, -30.025469719467704, 0.0], [-51.37995115897175, -30.02573921405294, 0.0]], [[-51.37968166438652, -30.026008708638177, 0.0], [-51.37968166438652, -30.02573921405294, 0.0], [-51.37995115897175, -30.02573921405294, 0.0], [-51.37968166438652, -30.026008708638177, 0.0]], [[-51.416063433393354, -30.025469719467704, 0.0], [-51.416063433393354, -30.02520022488247, 0.0], [-51.41660242256383, -30.02520022488247, 0.0], [-51.416063433393354, -30.025469719467704, 0.0]], [[-51.41471596046718, -30.02573921405294, 0.0], [-51.41471596046718, -30.025469719467704, 0.0], [-51.416063433393354, -30.025469719467704, 0.0], [-51.41471596046718, -30.02573921405294, 0.0]], [[-51.407709101251044, -30.029512138246243, 0.0], [-51.406631122910106, -30.031398600342893, 0.0], [-51.40743960666581, -30.02520022488247, 0.0], [-51.407709101251044, -30.029512138246243, 0.0]], [[-51.406361628324866, -30.031937589513365, 0.0], [-51.406361628324866, -30.031398600342893, 0.0], [-51.406631122910106, -30.031398600342893, 0.0], [-51.406361628324866, -30.031937589513365, 0.0]], [[-51.406092133739634, -30.032476578683838, 0.0], [-51.406092133739634, -30.031937589513365, 0.0], [-51.406361628324866, -30.031937589513365, 0.0], [-51.406092133739634, -30.032476578683838, 0.0]], [[-51.40555314456916, -30.03382405161002, 0.0], [-51.405822639154394, -30.032476578683838, 0.0], [-51.406092133739634, -30.032476578683838, 0.0], [-51.40555314456916, -30.03382405161002, 0.0]], [[-51.40528364998392, -30.03490202995096, 0.0], [-51.40528364998392, -30.03382405161002, 0.0], [-51.40555314456916, -30.03382405161002, 0.0], [-51.40528364998392, -30.03490202995096, 0.0]], [[-51.40501415539869, -30.035171524536196, 0.0], [-51.40501415539869, -30.03490202995096, 0.0], [-51.40528364998392, -30.03490202995096, 0.0], [-51.40501415539869, -30.035171524536196, 0.0]], [[-51.40474466081345, -30.035441019121432, 0.0], [-51.40474466081345, -30.035171524536196, 0.0], [-51.40501415539869, -30.035171524536196, 0.0], [-51.40474466081345, -30.035441019121432, 0.0]], [[-51.40447516622822, -30.035710513706668, 0.0], [-51.40447516622822, -30.035441019121432, 0.0], [-51.40474466081345, -30.035441019121432, 0.0], [-51.40447516622822, -30.035710513706668, 0.0]], [[-51.40420567164298, -30.035980008291904, 0.0], [-51.40420567164298, -30.035710513706668, 0.0], [-51.40447516622822, -30.035710513706668, 0.0], [-51.40420567164298, -30.035980008291904, 0.0]], [[-51.40366668247251, -30.036518997462377, 0.0], [-51.403936177057744, -30.035980008291904, 0.0], [-51.40420567164298, -30.035980008291904, 0.0], [-51.40366668247251, -30.036518997462377, 0.0]], [[-51.40474466081345, -30.036788492047613, 0.0], [-51.40420567164298, -30.036788492047613, 0.0], [-51.40420567164298, -30.036518997462377, 0.0], [-51.40474466081345, -30.036788492047613, 0.0]], [[-51.37887318063081, -30.026278203223413, 0.0], [-51.37887318063081, -30.026008708638177, 0.0], [-51.379142675216045, -30.026008708638177, 0.0], [-51.37887318063081, -30.026278203223413, 0.0]], [[-51.37860368604557, -30.02654769780865, 0.0], [-51.37860368604557, -30.026278203223413, 0.0], [-51.37887318063081, -30.026278203223413, 0.0], [-51.37860368604557, -30.02654769780865, 0.0]], [[-51.37833419146034, -30.026817192393885, 0.0], [-51.37833419146034, -30.02654769780865, 0.0], [-51.37860368604557, -30.02654769780865, 0.0], [-51.37833419146034, -30.026817192393885, 0.0]], [[-51.3780646968751, -30.02708668697912, 0.0], [-51.3780646968751, -30.026817192393885, 0.0], [-51.37833419146034, -30.026817192393885, 0.0], [-51.3780646968751, -30.02708668697912, 0.0]], [[-51.37779520228987, -30.027356181564357, 0.0], [-51.37779520228987, -30.02708668697912, 0.0], [-51.3780646968751, -30.02708668697912, 0.0], [-51.37779520228987, -30.027356181564357, 0.0]], [[-51.354618667959585, -30.02654769780865, 0.0], [-51.354618667959585, -30.026278203223413, 0.0], [-51.35542715171529, -30.026278203223413, 0.0], [-51.354618667959585, -30.02654769780865, 0.0]], [[-51.35300170044817, -30.026817192393885, 0.0], [-51.35165422752199, -30.02708668697912, 0.0], [-51.354618667959585, -30.026817192393885, 0.0], [-51.35300170044817, -30.026817192393885, 0.0]], [[-51.336293036163546, -30.026278203223413, 0.0], [-51.336293036163546, -30.02654769780865, 0.0], [-51.33413707948166, -30.02654769780865, 0.0], [-51.336293036163546, -30.026278203223413, 0.0]], [[-51.35300170044817, -30.029242643661007, 0.0], [-51.352462711277695, -30.0322070840986, 0.0], [-51.35273220586293, -30.027356181564357, 0.0], [-51.35300170044817, -30.029242643661007, 0.0]], [[-51.37833419146034, -30.027625676149594, 0.0], [-51.37833419146034, -30.02897314907577, 0.0], [-51.3780646968751, -30.02897314907577, 0.0], [-51.37833419146034, -30.027625676149594, 0.0]], [[-51.37213581599991, -30.02789517073483, 0.0], [-51.37294429975562, -30.02789517073483, 0.0], [-51.37240531058515, -30.028703654490535, 0.0], [-51.37213581599991, -30.02789517073483, 0.0]], [[-51.414176971296705, -30.02897314907577, 0.0], [-51.41309899295576, -30.028703654490535, 0.0], [-51.414446465881944, -30.028703654490535, 0.0], [-51.414176971296705, -30.02897314907577, 0.0]], [[-51.41471596046718, -30.029512138246243, 0.0], [-51.414446465881944, -30.029512138246243, 0.0], [-51.414446465881944, -30.029242643661007, 0.0], [-51.41471596046718, -30.029512138246243, 0.0]], [[-51.35596614088576, -30.029242643661007, 0.0], [-51.356505130056235, -30.028703654490535, 0.0], [-51.35677462464147, -30.029512138246243, 0.0], [-51.35596614088576, -30.029242643661007, 0.0]], [[-51.34464736830586, -30.028703654490535, 0.0], [-51.34464736830586, -30.030320622001952, 0.0], [-51.34437787372062, -30.030320622001952, 0.0], [-51.34464736830586, -30.028703654490535, 0.0]], [[-51.36243401093142, -30.029242643661007, 0.0], [-51.36243401093142, -30.02897314907577, 0.0], [-51.362703505516656, -30.02897314907577, 0.0], [-51.36243401093142, -30.029242643661007, 0.0]], [[-51.36216451634618, -30.029512138246243, 0.0], [-51.36216451634618, -30.029242643661007, 0.0], [-51.36243401093142, -30.029242643661007, 0.0], [-51.36216451634618, -30.029512138246243, 0.0]], [[-51.36189502176095, -30.02978163283148, 0.0], [-51.36189502176095, -30.029512138246243, 0.0], [-51.36216451634618, -30.029512138246243, 0.0], [-51.36189502176095, -30.02978163283148, 0.0]], [[-51.36162552717572, -30.030051127416716, 0.0], [-51.36162552717572, -30.02978163283148, 0.0], [-51.36189502176095, -30.02978163283148, 0.0], [-51.36162552717572, -30.030051127416716, 0.0]], [[-51.36135603259048, -30.030320622001952, 0.0], [-51.36135603259048, -30.030051127416716, 0.0], [-51.36162552717572, -30.030051127416716, 0.0], [-51.36135603259048, -30.030320622001952, 0.0]], [[-51.361086538005246, -30.030859611172424, 0.0], [-51.361086538005246, -30.030320622001952, 0.0], [-51.36135603259048, -30.030320622001952, 0.0], [-51.361086538005246, -30.030859611172424, 0.0]], [[-51.360817043420006, -30.03112910575766, 0.0], [-51.360817043420006, -30.030859611172424, 0.0], [-51.361086538005246, -30.030859611172424, 0.0], [-51.360817043420006, -30.03112910575766, 0.0]], [[-51.36162552717572, -30.029242643661007, 0.0], [-51.36189502176095, -30.029242643661007, 0.0], [-51.36189502176095, -30.029512138246243, 0.0], [-51.36162552717572, -30.029242643661007, 0.0]], [[-51.33602354157831, -30.02978163283148, 0.0], [-51.335754046993074, -30.02978163283148, 0.0], [-51.335754046993074, -30.029512138246243, 0.0], [-51.33602354157831, -30.02978163283148, 0.0]], [[-51.336293036163546, -30.030051127416716, 0.0], [-51.33602354157831, -30.030051127416716, 0.0], [-51.33602354157831, -30.02978163283148, 0.0], [-51.336293036163546, -30.030051127416716, 0.0]], [[-51.33656253074878, -30.030320622001952, 0.0], [-51.336293036163546, -30.030320622001952, 0.0], [-51.336293036163546, -30.030051127416716, 0.0], [-51.33656253074878, -30.030320622001952, 0.0]], [[-51.33683202533402, -30.030590116587188, 0.0], [-51.33656253074878, -30.030590116587188, 0.0], [-51.33656253074878, -30.030320622001952, 0.0], [-51.33683202533402, -30.030590116587188, 0.0]], [[-51.33710151991925, -30.030859611172424, 0.0], [-51.33683202533402, -30.030859611172424, 0.0], [-51.33683202533402, -30.030590116587188, 0.0], [-51.33710151991925, -30.030859611172424, 0.0]], [[-51.3780646968751, -30.030051127416716, 0.0], [-51.3780646968751, -30.031398600342893, 0.0], [-51.37779520228987, -30.031398600342893, 0.0], [-51.3780646968751, -30.030051127416716, 0.0]], [[-51.3885749856993, -30.03166809492813, 0.0], [-51.38830549111407, -30.03166809492813, 0.0], [-51.38830549111407, -30.03112910575766, 0.0], [-51.3885749856993, -30.03166809492813, 0.0]], [[-51.389383469455005, -30.03301556785431, 0.0], [-51.389383469455005, -30.03490202995096, 0.0], [-51.38884448028453, -30.03166809492813, 0.0], [-51.389383469455005, -30.03301556785431, 0.0]], [[-51.37779520228987, -30.03301556785431, 0.0], [-51.377256213119395, -30.034632535365724, 0.0], [-51.37752570770463, -30.03166809492813, 0.0], [-51.37779520228987, -30.03301556785431, 0.0]], [[-51.34761180874345, -30.0322070840986, 0.0], [-51.34761180874345, -30.033285062439546, 0.0], [-51.34734231415821, -30.033285062439546, 0.0], [-51.34761180874345, -30.0322070840986, 0.0]], [[-51.39639032867114, -30.033285062439546, 0.0], [-51.39639032867114, -30.032476578683838, 0.0], [-51.39665982325638, -30.032476578683838, 0.0], [-51.39639032867114, -30.033285062439546, 0.0]], [[-51.396120834085906, -30.03382405161002, 0.0], [-51.396120834085906, -30.033285062439546, 0.0], [-51.39639032867114, -30.033285062439546, 0.0], [-51.396120834085906, -30.03382405161002, 0.0]], [[-51.37456126726703, -30.032476578683838, 0.0], [-51.37456126726703, -30.034093546195255, 0.0], [-51.373213794340856, -30.033554557024782, 0.0], [-51.3742917726818, -30.033285062439546, 0.0], [-51.37456126726703, -30.032476578683838, 0.0]], [[-51.352462711277695, -30.032476578683838, 0.0], [-51.352462711277695, -30.034093546195255, 0.0], [-51.35219321669246, -30.034093546195255, 0.0], [-51.352462711277695, -30.032476578683838, 0.0]], [[-51.37105783765897, -30.03301556785431, 0.0], [-51.37105783765897, -30.033554557024782, 0.0], [-51.3705188484885, -30.033554557024782, 0.0], [-51.37105783765897, -30.03301556785431, 0.0]], [[-51.36782390263614, -30.033285062439546, 0.0], [-51.367015418880435, -30.03382405161002, 0.0], [-51.367015418880435, -30.03301556785431, 0.0], [-51.36782390263614, -30.033285062439546, 0.0]], [[-51.344108379135385, -30.034093546195255, 0.0], [-51.34303040079444, -30.03382405161002, 0.0], [-51.34303040079444, -30.033554557024782, 0.0], [-51.343838884550145, -30.033285062439546, 0.0], [-51.344108379135385, -30.034093546195255, 0.0]], [[-51.39854628535303, -30.035710513706668, 0.0], [-51.398007296182556, -30.035171524536196, 0.0], [-51.39962426369397, -30.035441019121432, 0.0], [-51.39854628535303, -30.035710513706668, 0.0]], [[-51.40258870413157, -30.03624950287714, 0.0], [-51.40258870413157, -30.036788492047613, 0.0], [-51.39962426369397, -30.035980008291904, 0.0], [-51.40258870413157, -30.03624950287714, 0.0]], [[-51.389652964040245, -30.036518997462377, 0.0], [-51.389383469455005, -30.035171524536196, 0.0], [-51.389652964040245, -30.035171524536196, 0.0], [-51.389652964040245, -30.036518997462377, 0.0]], [[-51.39019195321072, -30.03732748121808, 0.0], [-51.38992245862548, -30.03732748121808, 0.0], [-51.38992245862548, -30.036518997462377, 0.0], [-51.39019195321072, -30.03732748121808, 0.0]], [[-51.395851339500666, -30.035980008291904, 0.0], [-51.395851339500666, -30.03705798663285, 0.0], [-51.395312350330194, -30.036788492047613, 0.0], [-51.395851339500666, -30.035980008291904, 0.0]], [[-51.38722751277312, -30.03732748121808, 0.0], [-51.38695801818788, -30.036788492047613, 0.0], [-51.387497007358355, -30.036788492047613, 0.0], [-51.38722751277312, -30.03732748121808, 0.0]], [[-51.38803599652883, -30.037596975803318, 0.0], [-51.387766501943595, -30.037596975803318, 0.0], [-51.387766501943595, -30.03732748121808, 0.0], [-51.38803599652883, -30.037596975803318, 0.0]], [[-51.403936177057744, -30.03705798663285, 0.0], [-51.40474466081345, -30.037866470388554, 0.0], [-51.403936177057744, -30.037596975803318, 0.0], [-51.403936177057744, -30.03705798663285, 0.0]], [[-51.35973906507906, -30.03813596497379, 0.0], [-51.35893058132336, -30.03813596497379, 0.0], [-51.35946957049383, -30.03705798663285, 0.0], [-51.35973906507906, -30.03813596497379, 0.0]], [[-51.360547548834774, -30.038405459559026, 0.0], [-51.35973906507906, -30.038405459559026, 0.0], [-51.35973906507906, -30.03813596497379, 0.0], [-51.360547548834774, -30.038405459559026, 0.0]], [[-51.360817043420006, -30.038674954144263, 0.0], [-51.361086538005246, -30.0389444487295, 0.0], [-51.360547548834774, -30.0389444487295, 0.0], [-51.360817043420006, -30.038674954144263, 0.0]], [[-51.341952422453495, -30.03813596497379, 0.0], [-51.341952422453495, -30.03705798663285, 0.0], [-51.342221917038735, -30.03705798663285, 0.0], [-51.341952422453495, -30.03813596497379, 0.0]], [[-51.34168292786826, -30.040022427070443, 0.0], [-51.34168292786826, -30.03813596497379, 0.0], [-51.341952422453495, -30.03813596497379, 0.0], [-51.34168292786826, -30.040022427070443, 0.0]], [[-51.39504285574496, -30.03813596497379, 0.0], [-51.39504285574496, -30.03732748121808, 0.0], [-51.395581844915434, -30.03732748121808, 0.0], [-51.39504285574496, -30.03813596497379, 0.0]], [[-51.40932606876246, -30.037596975803318, 0.0], [-51.40986505793293, -30.03813596497379, 0.0], [-51.40905657417723, -30.03813596497379, 0.0], [-51.40932606876246, -30.037596975803318, 0.0]], [[-51.40932606876246, -30.038674954144263, 0.0], [-51.40932606876246, -30.038405459559026, 0.0], [-51.4095955633477, -30.038405459559026, 0.0], [-51.40932606876246, -30.038674954144263, 0.0]], [[-51.40905657417723, -30.039213943314735, 0.0], [-51.40905657417723, -30.038674954144263, 0.0], [-51.40932606876246, -30.038674954144263, 0.0], [-51.40905657417723, -30.039213943314735, 0.0]], [[-51.408517585006756, -30.03948343789997, 0.0], [-51.408517585006756, -30.039213943314735, 0.0], [-51.40905657417723, -30.039213943314735, 0.0], [-51.408517585006756, -30.03948343789997, 0.0]], [[-51.37644772936369, -30.038674954144263, 0.0], [-51.37644772936369, -30.038405459559026, 0.0], [-51.376986718534155, -30.038405459559026, 0.0], [-51.37644772936369, -30.038674954144263, 0.0]], [[-51.37617823477845, -30.03948343789997, 0.0], [-51.37617823477845, -30.038674954144263, 0.0], [-51.37644772936369, -30.038674954144263, 0.0], [-51.37617823477845, -30.03948343789997, 0.0]], [[-51.395312350330194, -30.038674954144263, 0.0], [-51.39396487740402, -30.043525856678507, 0.0], [-51.39396487740402, -30.041908889167093, 0.0], [-51.395312350330194, -30.038674954144263, 0.0]], [[-51.40258870413157, -30.04029192165568, 0.0], [-51.40258870413157, -30.03948343789997, 0.0], [-51.4028581987168, -30.03948343789997, 0.0], [-51.40258870413157, -30.04029192165568, 0.0]], [[-51.40231920954633, -30.041639394581857, 0.0], [-51.40231920954633, -30.04029192165568, 0.0], [-51.40258870413157, -30.04029192165568, 0.0], [-51.40231920954633, -30.041639394581857, 0.0]], [[-51.40312769330204, -30.041908889167093, 0.0], [-51.4028581987168, -30.041908889167093, 0.0], [-51.4028581987168, -30.041639394581857, 0.0], [-51.40312769330204, -30.041908889167093, 0.0]], [[-51.40339718788727, -30.04217838375233, 0.0], [-51.40312769330204, -30.04217838375233, 0.0], [-51.40312769330204, -30.041908889167093, 0.0], [-51.40339718788727, -30.04217838375233, 0.0]], [[-51.40366668247251, -30.042447878337565, 0.0], [-51.40339718788727, -30.042447878337565, 0.0], [-51.40339718788727, -30.04217838375233, 0.0], [-51.40366668247251, -30.042447878337565, 0.0]], [[-51.403936177057744, -30.0427173729228, 0.0], [-51.40366668247251, -30.0427173729228, 0.0], [-51.40366668247251, -30.042447878337565, 0.0], [-51.403936177057744, -30.0427173729228, 0.0]], [[-51.40420567164298, -30.042986867508038, 0.0], [-51.403936177057744, -30.042986867508038, 0.0], [-51.403936177057744, -30.0427173729228, 0.0], [-51.40420567164298, -30.042986867508038, 0.0]], [[-51.40447516622822, -30.043256362093274, 0.0], [-51.40420567164298, -30.043256362093274, 0.0], [-51.40420567164298, -30.042986867508038, 0.0], [-51.40447516622822, -30.043256362093274, 0.0]], [[-51.40474466081345, -30.043525856678507, 0.0], [-51.40447516622822, -30.043525856678507, 0.0], [-51.40447516622822, -30.043256362093274, 0.0], [-51.40474466081345, -30.043525856678507, 0.0]], [[-51.39126993155166, -30.040022427070443, 0.0], [-51.39100043696642, -30.040022427070443, 0.0], [-51.39100043696642, -30.03948343789997, 0.0], [-51.39126993155166, -30.040022427070443, 0.0]], [[-51.391539426136895, -30.041100405411385, 0.0], [-51.39126993155166, -30.041100405411385, 0.0], [-51.39126993155166, -30.040022427070443, 0.0], [-51.391539426136895, -30.041100405411385, 0.0]], [[-51.39180892072213, -30.041908889167093, 0.0], [-51.391539426136895, -30.041908889167093, 0.0], [-51.391539426136895, -30.041100405411385, 0.0], [-51.39180892072213, -30.041908889167093, 0.0]], [[-51.39207841530737, -30.0427173729228, 0.0], [-51.39180892072213, -30.0427173729228, 0.0], [-51.39180892072213, -30.041908889167093, 0.0], [-51.39207841530737, -30.0427173729228, 0.0]], [[-51.376986718534155, -30.04029192165568, 0.0], [-51.376986718534155, -30.040561416240912, 0.0], [-51.37590874019322, -30.04083091082615, 0.0], [-51.376986718534155, -30.04029192165568, 0.0]], [[-51.38695801818788, -30.041639394581857, 0.0], [-51.38695801818788, -30.04083091082615, 0.0], [-51.387497007358355, -30.04083091082615, 0.0], [-51.38695801818788, -30.041639394581857, 0.0]], [[-51.382915599409344, -30.04217838375233, 0.0], [-51.38210711565364, -30.04217838375233, 0.0], [-51.38210711565364, -30.04136989999662, 0.0], [-51.382915599409344, -30.04217838375233, 0.0]], [[-51.37617823477845, -30.04136989999662, 0.0], [-51.37617823477845, -30.042447878337565, 0.0], [-51.37590874019322, -30.042447878337565, 0.0], [-51.37617823477845, -30.04136989999662, 0.0]], [[-51.352462711277695, -30.044873329604687, 0.0], [-51.35165422752199, -30.045681813360396, 0.0], [-51.35003726001057, -30.044873329604687, 0.0], [-51.33710151991925, -30.043795351263743, 0.0], [-51.34141343328302, -30.043795351263743, 0.0], [-51.34141343328302, -30.041639394581857, 0.0], [-51.34518635747633, -30.041639394581857, 0.0], [-51.34491686289109, -30.0427173729228, 0.0], [-51.34653383040251, -30.041639394581857, 0.0], [-51.34680332498774, -30.042447878337565, 0.0], [-51.35192372210722, -30.0427173729228, 0.0], [-51.352462711277695, -30.044873329604687, 0.0]], [[-51.37563924560798, -30.04406484584898, 0.0], [-51.376986718534155, -30.04406484584898, 0.0], [-51.37563924560798, -30.0464902971161, 0.0], [-51.37375278351133, -30.045951307945632, 0.0], [-51.37563924560798, -30.04406484584898, 0.0]], [[-51.38264610482411, -30.047837770042282, 0.0], [-51.38264610482411, -30.048376759212754, 0.0], [-51.381029137312694, -30.048107264627518, 0.0], [-51.38075964272746, -30.052149683406057, 0.0], [-51.37968166438652, -30.047837770042282, 0.0], [-51.37563924560798, -30.047837770042282, 0.0], [-51.375369751022745, -30.050802210479876, 0.0], [-51.37402227809656, -30.04972423213893, 0.0], [-51.371327332244206, -30.049185242968463, 0.0], [-51.37159682682944, -30.04729878087181, 0.0], [-51.368632386391845, -30.0464902971161, 0.0], [-51.358661086738124, -30.04622080253087, 0.0], [-51.354618667959585, -30.045142824189924, 0.0], [-51.36647642970996, -30.04622080253087, 0.0], [-51.36728491346567, -30.045681813360396, 0.0], [-51.36728491346567, -30.04622080253087, 0.0], [-51.37024935390326, -30.046759791701337, 0.0], [-51.375100256437506, -30.047029286286573, 0.0], [-51.375369751022745, -30.0464902971161, 0.0], [-51.375369751022745, -30.047029286286573, 0.0], [-51.38264610482411, -30.047837770042282, 0.0]], [[-51.36755440805091, -30.045142824189924, 0.0], [-51.36755440805091, -30.045681813360396, 0.0], [-51.36728491346567, -30.045681813360396, 0.0], [-51.36755440805091, -30.045142824189924, 0.0]], [[-51.36782390263614, -30.04460383501945, 0.0], [-51.36782390263614, -30.045142824189924, 0.0], [-51.36755440805091, -30.045142824189924, 0.0], [-51.36782390263614, -30.04460383501945, 0.0]], [[-51.35381018420387, -30.047568275457046, 0.0], [-51.35165422752199, -30.04729878087181, 0.0], [-51.35381018420387, -30.047029286286573, 0.0], [-51.35381018420387, -30.045142824189924, 0.0], [-51.35273220586293, -30.044873329604687, 0.0], [-51.354349173374345, -30.045142824189924, 0.0], [-51.35381018420387, -30.047568275457046, 0.0]], [[-51.37995115897175, -30.045142824189924, 0.0], [-51.37887318063081, -30.044334340434215, 0.0], [-51.37995115897175, -30.044334340434215, 0.0], [-51.37995115897175, -30.045142824189924, 0.0]], [[-51.370788343073734, -30.04622080253087, 0.0], [-51.37105783765897, -30.04460383501945, 0.0], [-51.37213581599991, -30.044873329604687, 0.0], [-51.37213581599991, -30.04622080253087, 0.0], [-51.370788343073734, -30.04622080253087, 0.0]], [[-51.34249141162397, -30.045681813360396, 0.0], [-51.341952422453495, -30.045681813360396, 0.0], [-51.341952422453495, -30.045142824189924, 0.0], [-51.34249141162397, -30.045681813360396, 0.0]], [[-51.34464736830586, -30.045951307945632, 0.0], [-51.34464736830586, -30.0464902971161, 0.0], [-51.344108379135385, -30.0464902971161, 0.0], [-51.34464736830586, -30.045951307945632, 0.0]], [[-51.35138473293675, -30.047029286286573, 0.0], [-51.350576249181046, -30.050802210479876, 0.0], [-51.35084574376628, -30.04622080253087, 0.0], [-51.35138473293675, -30.047029286286573, 0.0]], [[-51.350306754595806, -30.05134119965035, 0.0], [-51.350306754595806, -30.050802210479876, 0.0], [-51.350576249181046, -30.050802210479876, 0.0], [-51.350306754595806, -30.05134119965035, 0.0]], [[-51.368632386391845, -30.047568275457046, 0.0], [-51.36836289180661, -30.047568275457046, 0.0], [-51.36836289180661, -30.047029286286573, 0.0], [-51.368632386391845, -30.047568275457046, 0.0]], [[-51.36917137556232, -30.047837770042282, 0.0], [-51.368632386391845, -30.047837770042282, 0.0], [-51.368632386391845, -30.047568275457046, 0.0], [-51.36917137556232, -30.047837770042282, 0.0]], [[-51.36971036473279, -30.048107264627518, 0.0], [-51.36917137556232, -30.048107264627518, 0.0], [-51.36917137556232, -30.047837770042282, 0.0], [-51.36971036473279, -30.048107264627518, 0.0]], [[-51.38614953443218, -30.04864625379799, 0.0], [-51.38426307233553, -30.048376759212754, 0.0], [-51.38614953443218, -30.048107264627518, 0.0], [-51.38614953443218, -30.04864625379799, 0.0]], [[-51.35381018420387, -30.048376759212754, 0.0], [-51.35381018420387, -30.05053271589464, 0.0], [-51.35354068961864, -30.05053271589464, 0.0], [-51.35381018420387, -30.048376759212754, 0.0]], [[-51.360278054249534, -30.04864625379799, 0.0], [-51.360278054249534, -30.05053271589464, 0.0], [-51.3600085596643, -30.05053271589464, 0.0], [-51.360278054249534, -30.04864625379799, 0.0]], [[-51.345994841232034, -30.04864625379799, 0.0], [-51.345994841232034, -30.049993726724168, 0.0], [-51.3457253466468, -30.049993726724168, 0.0], [-51.345994841232034, -30.04864625379799, 0.0]], [[-51.341952422453495, -30.049993726724168, 0.0], [-51.341952422453495, -30.050263221309404, 0.0], [-51.33952697118637, -30.05053271589464, 0.0], [-51.341952422453495, -30.049993726724168, 0.0]], [[-51.36162552717572, -30.050263221309404, 0.0], [-51.36162552717572, -30.050802210479876, 0.0], [-51.361086538005246, -30.050802210479876, 0.0], [-51.36162552717572, -30.050263221309404, 0.0]], [[-51.36944087014756, -30.052149683406057, 0.0], [-51.36809339722137, -30.052149683406057, 0.0], [-51.36728491346567, -30.050802210479876, 0.0], [-51.36809339722137, -30.05053271589464, 0.0], [-51.36782390263614, -30.051071705065112, 0.0], [-51.36944087014756, -30.052149683406057, 0.0]], [[-51.348150797913924, -30.051071705065112, 0.0], [-51.348150797913924, -30.05053271589464, 0.0], [-51.348420292499156, -30.05053271589464, 0.0], [-51.348150797913924, -30.051071705065112, 0.0]], [[-51.34707281957298, -30.05134119965035, 0.0], [-51.34707281957298, -30.051071705065112, 0.0], [-51.348150797913924, -30.051071705065112, 0.0], [-51.34707281957298, -30.05134119965035, 0.0]], [[-51.36405097844284, -30.05134119965035, 0.0], [-51.36405097844284, -30.050802210479876, 0.0], [-51.36432047302807, -30.050802210479876, 0.0], [-51.36405097844284, -30.05134119965035, 0.0]], [[-51.3637814838576, -30.053497156332234, 0.0], [-51.362973000101896, -30.052688672576526, 0.0], [-51.3637814838576, -30.05134119965035, 0.0], [-51.3637814838576, -30.053497156332234, 0.0]], [[-51.35300170044817, -30.053227661746998, 0.0], [-51.35354068961864, -30.05134119965035, 0.0], [-51.3532711950334, -30.054036145502707, 0.0], [-51.35300170044817, -30.053227661746998, 0.0]], [[-51.35273220586293, -30.05457513467318, 0.0], [-51.35273220586293, -30.054036145502707, 0.0], [-51.35300170044817, -30.054036145502707, 0.0], [-51.35273220586293, -30.05457513467318, 0.0]], [[-51.352462711277695, -30.05511412384365, 0.0], [-51.352462711277695, -30.05457513467318, 0.0], [-51.35273220586293, -30.05457513467318, 0.0], [-51.352462711277695, -30.05511412384365, 0.0]], [[-51.38049014814222, -30.052688672576526, 0.0], [-51.38049014814222, -30.05457513467318, 0.0], [-51.38022065355699, -30.05457513467318, 0.0], [-51.38049014814222, -30.052688672576526, 0.0]], [[-51.34464736830586, -30.052688672576526, 0.0], [-51.34464736830586, -30.052958167161762, 0.0], [-51.34303040079444, -30.052958167161762, 0.0], [-51.34464736830586, -30.052688672576526, 0.0]], [[-51.33952697118637, -30.053227661746998, 0.0], [-51.33952697118637, -30.05511412384365, 0.0], [-51.33925747660114, -30.05511412384365, 0.0], [-51.33952697118637, -30.053227661746998, 0.0]], [[-51.341952422453495, -30.056192102184593, 0.0], [-51.34276090620921, -30.05376665091747, 0.0], [-51.34329989537968, -30.056192102184593, 0.0], [-51.341952422453495, -30.056192102184593, 0.0]], [[-51.375100256437506, -30.05457513467318, 0.0], [-51.37483076185227, -30.05457513467318, 0.0], [-51.37483076185227, -30.054305640087943, 0.0], [-51.375100256437506, -30.05457513467318, 0.0]], [[-51.37563924560798, -30.05511412384365, 0.0], [-51.375100256437506, -30.05511412384365, 0.0], [-51.375100256437506, -30.05457513467318, 0.0], [-51.37563924560798, -30.05511412384365, 0.0]], [[-51.38022065355699, -30.05511412384365, 0.0], [-51.38022065355699, -30.057270080525537, 0.0], [-51.37995115897175, -30.057270080525537, 0.0], [-51.38022065355699, -30.05511412384365, 0.0]], [[-51.37563924560798, -30.057539575110773, 0.0], [-51.37563924560798, -30.05780906969601, 0.0], [-51.3742917726818, -30.05780906969601, 0.0], [-51.37563924560798, -30.057539575110773, 0.0]], [[-51.36593744053949, -30.05780906969601, 0.0], [-51.36512895678378, -30.058348058866482, 0.0], [-51.36512895678378, -30.057539575110773, 0.0], [-51.36593744053949, -30.05780906969601, 0.0]], [[-51.38534105067647, -30.059426037207423, 0.0], [-51.38588003984694, -30.059156542622187, 0.0], [-51.38588003984694, -30.05969553179266, 0.0], [-51.38534105067647, -30.059426037207423, 0.0]], [[-51.38534105067647, -30.060773510133604, 0.0], [-51.38453256692076, -30.060504015548368, 0.0], [-51.38534105067647, -30.059965026377895, 0.0], [-51.38534105067647, -30.060773510133604, 0.0]], [[-51.362703505516656, -30.059426037207423, 0.0], [-51.362703505516656, -30.060773510133604, 0.0], [-51.36243401093142, -30.060773510133604, 0.0], [-51.362703505516656, -30.059426037207423, 0.0]], [[-51.38588003984694, -30.0637379505712, 0.0], [-51.38588003984694, -30.063468455985962, 0.0], [-51.38641902901741, -30.063468455985962, 0.0], [-51.38588003984694, -30.0637379505712, 0.0]], [[-51.38534105067647, -30.064007445156435, 0.0], [-51.38534105067647, -30.0637379505712, 0.0], [-51.38588003984694, -30.0637379505712, 0.0], [-51.38534105067647, -30.064007445156435, 0.0]], [[-51.384802061506, -30.06427693974167, 0.0], [-51.384802061506, -30.064007445156435, 0.0], [-51.38534105067647, -30.064007445156435, 0.0], [-51.384802061506, -30.06427693974167, 0.0]], [[-51.36216451634618, -30.06427693974167, 0.0], [-51.36324249468713, -30.06481592891214, 0.0], [-51.360817043420006, -30.06427693974167, 0.0], [-51.36216451634618, -30.06427693974167, 0.0]], [[-51.382915599409344, -30.06481592891214, 0.0], [-51.382915599409344, -30.064546434326903, 0.0], [-51.383454588579816, -30.064546434326903, 0.0], [-51.382915599409344, -30.06481592891214, 0.0]], [[-51.364859462198545, -30.06481592891214, 0.0], [-51.364859462198545, -30.065085423497376, 0.0], [-51.36351198927237, -30.065085423497376, 0.0], [-51.364859462198545, -30.06481592891214, 0.0]], [[-51.3705188484885, -30.06616340183832, 0.0], [-51.372674805170384, -30.065893907253084, 0.0], [-51.3742917726818, -30.066702391008793, 0.0], [-51.3705188484885, -30.06616340183832, 0.0]], [[-51.37779520228987, -30.066702391008793, 0.0], [-51.37779520228987, -30.066432896423557, 0.0], [-51.37833419146034, -30.066432896423557, 0.0], [-51.37779520228987, -30.066702391008793, 0.0]], [[-51.377256213119395, -30.06697188559403, 0.0], [-51.377256213119395, -30.066702391008793, 0.0], [-51.37779520228987, -30.066702391008793, 0.0], [-51.377256213119395, -30.06697188559403, 0.0]], [[-51.37644772936369, -30.067241380179265, 0.0], [-51.37644772936369, -30.06697188559403, 0.0], [-51.377256213119395, -30.06697188559403, 0.0], [-51.37644772936369, -30.067241380179265, 0.0]], [[-51.35003726001057, -30.06804986393497, 0.0], [-51.349767765425334, -30.06804986393497, 0.0], [-51.349767765425334, -30.066702391008793, 0.0], [-51.35003726001057, -30.06804986393497, 0.0]], [[-51.350306754595806, -30.068319358520206, 0.0], [-51.35003726001057, -30.068319358520206, 0.0], [-51.35003726001057, -30.06804986393497, 0.0], [-51.350306754595806, -30.068319358520206, 0.0]], [[-51.3637814838576, -30.0712837989578, 0.0], [-51.3637814838576, -30.071553293543037, 0.0], [-51.36216451634618, -30.071553293543037, 0.0], [-51.3637814838576, -30.0712837989578, 0.0]], [[-51.36162552717572, -30.071553293543037, 0.0], [-51.36162552717572, -30.071822788128273, 0.0], [-51.35946957049383, -30.071822788128273, 0.0], [-51.36162552717572, -30.071553293543037, 0.0]], [[-51.371327332244206, -30.07343975563969, 0.0], [-51.371327332244206, -30.07451773398063, 0.0], [-51.3705188484885, -30.074248239395395, 0.0], [-51.371327332244206, -30.07343975563969, 0.0]], [[-51.36593744053949, -30.074248239395395, 0.0], [-51.358661086738124, -30.074248239395395, 0.0], [-51.358661086738124, -30.07397874481016, 0.0], [-51.36593744053949, -30.074248239395395, 0.0]], [[-51.358391592152884, -30.075595712321576, 0.0], [-51.358391592152884, -30.07532621773634, 0.0], [-51.35893058132336, -30.07532621773634, 0.0], [-51.358391592152884, -30.075595712321576, 0.0]], [[-51.35785260298241, -30.075865206906812, 0.0], [-51.35785260298241, -30.075595712321576, 0.0], [-51.358391592152884, -30.075595712321576, 0.0], [-51.35785260298241, -30.075865206906812, 0.0]], [[-51.35731361381194, -30.076134701492048, 0.0], [-51.35731361381194, -30.075865206906812, 0.0], [-51.35785260298241, -30.075865206906812, 0.0], [-51.35731361381194, -30.076134701492048, 0.0]], [[-51.35704411922671, -30.076404196077284, 0.0], [-51.35704411922671, -30.076134701492048, 0.0], [-51.35731361381194, -30.076134701492048, 0.0], [-51.35704411922671, -30.076404196077284, 0.0]], [[-51.35677462464147, -30.077482174418225, 0.0], [-51.35677462464147, -30.076404196077284, 0.0], [-51.35704411922671, -30.076404196077284, 0.0], [-51.35677462464147, -30.077482174418225, 0.0]]]}}, {"id": "358", "type": "Feature", "properties": {"cultura": "Arroz", "area_ha": 0.05}, "geometry": {"type": "Polygon", "coordinates": [[[-51.42202821702351, -30.077254641021455, 0.0], [-51.421388778449945, -30.077949682957378, 0.0], [-51.421458429031816, -30.07801435834371, 0.0], [-51.42202821702351, -30.077254641021455, 0.0]]]}}, {"id": "358", "type": "Feature", "properties": {"cultura": "Arroz", "area_ha": 1.08}, "geometry": {"type": "Polygon", "coordinates": [[[-51.42549574387661, -30.04217838375233, 0.0], [-51.42586356266293, -30.043184049224653, 0.0], [-51.42699009045341, -30.042894370230318, 0.0], [-51.42696377968873, -30.042361888228843, 0.0], [-51.42549574387661, -30.04217838375233, 0.0]]]}}, {"id": "358", "type": "Feature", "properties": {"cultura": "Arroz", "area_ha": 9.74}, "geometry": {"type": "Polygon", "coordinates": [[[-51.42172281968331, -30.041100405411385, 0.0], [-51.41702171866007, -30.040022427070443, 0.0], [-51.416915717205676, -30.041542459698224, 0.0], [-51.41974812595774, -30.04109192555076, 0.0], [-51.4198124983327, -30.04454242618663, 0.0], [-51.42128788435172, -30.044173579681875, 0.0], [-51.42145401141094, -30.04244375980185, 0.0], [-51.42225867373343, -30.041960961028607, 0.0], [-51.42172281968331, -30.041100405411385, 0.0]]]}}, {"id": "358", "type": "Feature", "properties": {"cultura": "Arroz", "area_ha": 0.21}, "geometry": {"type": "Polygon", "coordinates": [[[-51.4198124983327, -30.04464477424133, 0.0], [-51.4204884159053, -30.045050866112675, 0.0], [-51.421166588980185, -30.04487045601591, 0.0], [-51.4198124983327, -30.04464477424133, 0.0]]]}}, {"id": "358", "type": "Feature", "properties": {"cultura": "Arroz", "area_ha": 19.7}, "geometry": {"type": "Polygon", "coordinates": [[[-51.39315639364831, -30.04972423213893, 0.0], [-51.39288689906307, -30.049185242968463, 0.0], [-51.39261740447784, -30.050263221309404, 0.0], [-51.394234371989256, -30.051071705065112, 0.0], [-51.39180892072213, -30.051610694235585, 0.0], [-51.391064644647045, -30.055221136644693, 0.0], [-51.39190118129506, -30.0565682712801, 0.0], [-51.3944112691333, -30.056972024942056, 0.0], [-51.39486795555577, -30.05493212393271, 0.0], [-51.394031105698325, -30.0521640845529, 0.0], [-51.39468505288854, -30.04921467905886, 0.0], [-51.39315639364831, -30.04972423213893, 0.0]]]}}, {"id": "358", "type": "Feature", "properties": {"cultura": "Arroz", "area_ha": 16.79}, "geometry": {"type": "Polygon", "coordinates": [[[-51.38992245862548, -30.059965026377895, 0.0], [-51.38983640098622, -30.062814875980916, 0.0], [-51.391514942553805, -30.060816890857645, 0.0], [-51.394057676966106, -30.060816890857645, 0.0], [-51.396825716936505, -30.05872476722335, 0.0], [-51.39280240262912, -30.057469493747355, 0.0], [-51.38992245862548, -30.059965026377895, 0.0]]]}}, {"id": "359", "type": "Feature", "properties": {"cultura": "Arroz", "area_ha": 1.24}, "geometry": {"type": "Polygon", "coordinates": [[[-51.38264610482411, -29.99852026094412, 0.0], [-51.38237661023888, -29.99717278801794, 0.0], [-51.381298631897934, -29.997711777188414, 0.0], [-51.381298631897934, -29.998250766358883, 0.0], [-51.38264610482411, -29.99852026094412, 0.0]]]}}, {"id": "360", "type": "Feature", "properties": {"cultura": "Arroz", "area_ha": 1.55}, "geometry": {"type": "Polygon", "coordinates": [[[-51.350306754595806, -29.99798127177365, 0.0], [-51.34895928166963, -29.996094809676997, 0.0], [-51.34895928166963, -29.998250766358883, 0.0], [-51.350306754595806, -29.99798127177365, 0.0]]]}}, {"id": "361", "type": "Feature", "properties": {"cultura": "Arroz", "area_ha": 0.04}, "geometry": {"type": "Polygon", "coordinates": [[[-51.350576249181046, -29.996903293432705, 0.0], [-51.350306754595806, -29.996903293432705, 0.0], [-51.350306754595806, -29.99717278801794, 0.0], [-51.350576249181046, -29.996903293432705, 0.0]]]}}, {"id": "362", "type": "Feature", "properties": {"cultura": "Arroz", "area_ha": 0.47}, "geometry": {"type": "Polygon", "coordinates": [[[-51.37752570770463, -29.99717278801794, 0.0], [-51.37833419146034, -29.99717278801794, 0.0], [-51.37779520228987, -29.996094809676997, 0.0], [-51.37752570770463, -29.99717278801794, 0.0]]]}}, {"id": "363", "type": "Feature", "properties": {"cultura": "Arroz", "area_ha": 0.08}, "geometry": {"type": "Polygon", "coordinates": [[[-51.3494982708401, -29.996094809676997, 0.0], [-51.3494982708401, -29.996364304262233, 0.0], [-51.35003726001057, -29.996364304262233, 0.0], [-51.3494982708401, -29.996094809676997, 0.0]]]}}, {"id": "364", "type": "Feature", "properties": {"cultura": "Arroz", "area_ha": 0.08}, "geometry": {"type": "Polygon", "coordinates": [[[-51.35273220586293, -29.995555820506524, 0.0], [-51.352462711277695, -29.995555820506524, 0.0], [-51.352462711277695, -29.996094809676997, 0.0], [-51.35273220586293, -29.995555820506524, 0.0]]]}}, {"id": "365", "type": "Feature", "properties": {"cultura": "Arroz", "area_ha": 0.23}, "geometry": {"type": "Polygon", "coordinates": [[[-51.35084574376628, -29.99474733675082, 0.0], [-51.350576249181046, -29.99474733675082, 0.0], [-51.350306754595806, -29.996364304262233, 0.0], [-51.35084574376628, -29.99474733675082, 0.0]]]}}, {"id": "366", "type": "Feature", "properties": {"cultura": "Arroz", "area_ha": 0.12}, "geometry": {"type": "Polygon", "coordinates": [[[-51.370788343073734, -29.99528632592129, 0.0], [-51.37159682682944, -29.995016831336056, 0.0], [-51.37159682682944, -29.99474733675082, 0.0], [-51.370788343073734, -29.99528632592129, 0.0]]]}}, {"id": "367", "type": "Feature", "properties": {"cultura": "Arroz", "area_ha": 0.23}, "geometry": {"type": "Polygon", "coordinates": [[[-51.37213581599991, -29.99474733675082, 0.0], [-51.37294429975562, -29.99474733675082, 0.0], [-51.372674805170384, -29.994208347580347, 0.0], [-51.37213581599991, -29.99474733675082, 0.0]]]}}, {"id": "368", "type": "Feature", "properties": {"cultura": "Arroz", "area_ha": 0.58}, "geometry": {"type": "Polygon", "coordinates": [[[-51.36432047302807, -29.988548961290395, 0.0], [-51.36432047302807, -29.9893574450461, 0.0], [-51.36566794595425, -29.989087950460863, 0.0], [-51.36432047302807, -29.988548961290395, 0.0]]]}}, {"id": "369", "type": "Feature", "properties": {"cultura": "Arroz", "area_ha": 0.23}, "geometry": {"type": "Polygon", "coordinates": [[[-51.36243401093142, -29.987740477534686, 0.0], [-51.36243401093142, -29.988548961290395, 0.0], [-51.362973000101896, -29.98827946670516, 0.0], [-51.36243401093142, -29.987740477534686, 0.0]]]}}, {"id": "370", "type": "Feature", "properties": {"cultura": "Arroz", "area_ha": 2.1}, "geometry": {"type": "Polygon", "coordinates": [[[-51.36405097844284, -29.987740477534686, 0.0], [-51.36458996761331, -29.98612351002327, 0.0], [-51.36324249468713, -29.985854015438036, 0.0], [-51.362973000101896, -29.987201488364214, 0.0], [-51.36405097844284, -29.987740477534686, 0.0]]]}}, {"id": "371", "type": "Feature", "properties": {"cultura": "Arroz", "area_ha": 2.52}, "geometry": {"type": "Polygon", "coordinates": [[[-51.35111523835152, -29.985854015438036, 0.0], [-51.350306754595806, -29.985315026267564, 0.0], [-51.35084574376628, -29.984506542511856, 0.0], [-51.3494982708401, -29.98423704792662, 0.0], [-51.348689787084396, -29.985854015438036, 0.0], [-51.35111523835152, -29.985854015438036, 0.0]]]}}, {"id": "372", "type": "Feature", "properties": {"cultura": "Arroz", "area_ha": 0.47}, "geometry": {"type": "Polygon", "coordinates": [[[-51.36944087014756, -29.985315026267564, 0.0], [-51.36944087014756, -29.98423704792662, 0.0], [-51.368632386391845, -29.98477603709709, 0.0], [-51.36944087014756, -29.985315026267564, 0.0]]]}}, {"id": "373", "type": "Feature", "properties": {"cultura": "Arroz", "area_ha": 0.16}, "geometry": {"type": "Polygon", "coordinates": [[[-51.38588003984694, -29.983967553341383, 0.0], [-51.38534105067647, -29.983967553341383, 0.0], [-51.38614953443218, -29.984506542511856, 0.0], [-51.38588003984694, -29.983967553341383, 0.0]]]}}, {"id": "374", "type": "Feature", "properties": {"cultura": "Arroz", "area_ha": 3.84}, "geometry": {"type": "Polygon", "coordinates": [[[-51.3885749856993, -29.98477603709709, 0.0], [-51.38695801818788, -29.982620080415206, 0.0], [-51.384802061506, -29.98235058582997, 0.0], [-51.387766501943595, -29.985045531682328, 0.0], [-51.3885749856993, -29.98477603709709, 0.0]]]}}, {"id": "375", "type": "Feature", "properties": {"cultura": "Arroz", "area_ha": 0.04}, "geometry": {"type": "Polygon", "coordinates": [[[-51.38534105067647, -29.983698058756147, 0.0], [-51.38507155609123, -29.983698058756147, 0.0], [-51.38507155609123, -29.983967553341383, 0.0], [-51.38534105067647, -29.983698058756147, 0.0]]]}}, {"id": "376", "type": "Feature", "properties": {"cultura": "Arroz", "area_ha": 5.32}, "geometry": {"type": "Polygon", "coordinates": [[[-51.34922877625487, -29.981272607489025, 0.0], [-51.35084574376628, -29.98154210207426, 0.0], [-51.350306754595806, -29.983159069585675, 0.0], [-51.35111523835152, -29.98342856417091, 0.0], [-51.35084574376628, -29.98100311290379, 0.0], [-51.35165422752199, -29.979386145392375, 0.0], [-51.34895928166963, -29.979386145392375, 0.0], [-51.34922877625487, -29.981272607489025, 0.0]]]}}, {"id": "377", "type": "Feature", "properties": {"cultura": "Arroz", "area_ha": 0.04}, "geometry": {"type": "Polygon", "coordinates": [[[-51.36566794595425, -29.980464123733316, 0.0], [-51.36539845136902, -29.980464123733316, 0.0], [-51.36539845136902, -29.980733618318553, 0.0], [-51.36566794595425, -29.980464123733316, 0.0]]]}}, {"id": "378", "type": "Feature", "properties": {"cultura": "Arroz", "area_ha": 0.12}, "geometry": {"type": "Polygon", "coordinates": [[[-51.3637814838576, -29.977499683295722, 0.0], [-51.362973000101896, -29.977499683295722, 0.0], [-51.362973000101896, -29.97776917788096, 0.0], [-51.3637814838576, -29.977499683295722, 0.0]]]}}, {"id": "379", "type": "Feature", "properties": {"cultura": "Arroz", "area_ha": 0.08}, "geometry": {"type": "Polygon", "coordinates": [[[-51.362973000101896, -29.977230188710486, 0.0], [-51.36243401093142, -29.977230188710486, 0.0], [-51.36243401093142, -29.977499683295722, 0.0], [-51.362973000101896, -29.977230188710486, 0.0]]]}}, {"id": "380", "type": "Feature", "properties": {"cultura": "Arroz", "area_ha": 0.04}, "geometry": {"type": "Polygon", "coordinates": [[[-51.349767765425334, -29.97588271578431, 0.0], [-51.349767765425334, -29.976152210369545, 0.0], [-51.35003726001057, -29.976152210369545, 0.0], [-51.349767765425334, -29.97588271578431, 0.0]]]}}, {"id": "381", "type": "Feature", "properties": {"cultura": "Arroz", "area_ha": 24.85}, "geometry": {"type": "Polygon", "coordinates": [[[-51.35084574376628, -29.97426574827289, 0.0], [-51.35273220586293, -29.97318776993195, 0.0], [-51.35273220586293, -29.96860636198294, 0.0], [-51.35003726001057, -29.96671989988629, 0.0], [-51.348689787084396, -29.974804737443364, 0.0], [-51.349767765425334, -29.97426574827289, 0.0], [-51.34922877625487, -29.975613221199072, 0.0], [-51.35003726001057, -29.97588271578431, 0.0], [-51.35084574376628, -29.97426574827289, 0.0]], [[-51.35003726001057, -29.97399625368766, 0.0], [-51.35003726001057, -29.97426574827289, 0.0], [-51.349767765425334, -29.97426574827289, 0.0], [-51.35003726001057, -29.97399625368766, 0.0]]]}}, {"id": "382", "type": "Feature", "properties": {"cultura": "Arroz", "area_ha": 0.39}, "geometry": {"type": "Polygon", "coordinates": [[[-51.34491686289109, -30.06104300471884, 0.0], [-51.346264335817274, -30.061851488474545, 0.0], [-51.346264335817274, -30.061312499304076, 0.0], [-51.34491686289109, -30.06104300471884, 0.0]]]}}, {"id": "383", "type": "Feature", "properties": {"cultura": "Arroz", "area_ha": 4.58}, "geometry": {"type": "Polygon", "coordinates": [[[-51.33252011197024, -30.047029286286573, 0.0], [-51.33467606865213, -30.047029286286573, 0.0], [-51.3352150578226, -30.04541231877516, 0.0], [-51.33252011197024, -30.045142824189924, 0.0], [-51.33252011197024, -30.047029286286573, 0.0]]]}}, {"id": "384", "type": "Feature", "properties": {"cultura": "Arroz", "area_ha": 0.23}, "geometry": {"type": "Polygon", "coordinates": [[[-51.34707281957298, -30.043795351263743, 0.0], [-51.34761180874345, -30.044334340434215, 0.0], [-51.347881303328684, -30.043795351263743, 0.0], [-51.34707281957298, -30.043795351263743, 0.0]]]}}, {"id": "385", "type": "Feature", "properties": {"cultura": "Arroz", "area_ha": 0.16}, "geometry": {"type": "Polygon", "coordinates": [[[-51.34653383040251, -30.043256362093274, 0.0], [-51.34653383040251, -30.043795351263743, 0.0], [-51.34707281957298, -30.043795351263743, 0.0], [-51.34653383040251, -30.043256362093274, 0.0]]]}}, {"id": "386", "type": "Feature", "properties": {"cultura": "Arroz", "area_ha": 0.04}, "geometry": {"type": "Polygon", "coordinates": [[[-51.34653383040251, -30.042986867508038, 0.0], [-51.346264335817274, -30.042986867508038, 0.0], [-51.346264335817274, -30.043256362093274, 0.0], [-51.34653383040251, -30.042986867508038, 0.0]]]}}, {"id": "387", "type": "Feature", "properties": {"cultura": "Arroz", "area_ha": 2.17}, "geometry": {"type": "Polygon", "coordinates": [[[-51.329825166117885, -30.040022427070443, 0.0], [-51.33090314445883, -30.03948343789997, 0.0], [-51.33090314445883, -30.038405459559026, 0.0], [-51.32928617694741, -30.038405459559026, 0.0], [-51.32928617694741, -30.03948343789997, 0.0], [-51.329825166117885, -30.040022427070443, 0.0]], [[-51.33009466070312, -30.039213943314735, 0.0], [-51.329555671532646, -30.039213943314735, 0.0], [-51.329555671532646, -30.038674954144263, 0.0], [-51.33009466070312, -30.039213943314735, 0.0]]]}}, {"id": "388", "type": "Feature", "properties": {"cultura": "Arroz", "area_ha": 0.04}, "geometry": {"type": "Polygon", "coordinates": [[[-51.34491686289109, -30.009839033524027, 0.0], [-51.34464736830586, -30.009839033524027, 0.0], [-51.34464736830586, -30.010108528109264, 0.0], [-51.34491686289109, -30.009839033524027, 0.0]]]}}, {"id": "389", "type": "Feature", "properties": {"cultura": "Arroz", "area_ha": 65.24}, "geometry": {"type": "Polygon", "coordinates": [[[-51.32874718777694, -29.99663379884747, 0.0], [-51.327669209435996, -29.997442282603178, 0.0], [-51.32874718777694, -30.002832174307894, 0.0], [-51.329555671532646, -30.003640658063603, 0.0], [-51.335484552407834, -30.003371163478366, 0.0], [-51.33467606865213, -30.000137228455536, 0.0], [-51.33871848743067, -30.000137228455536, 0.0], [-51.33844899284543, -29.99582531509176, 0.0], [-51.33467606865213, -29.996094809676997, 0.0], [-51.33332859572595, -29.99717278801794, 0.0], [-51.33332859572595, -29.998250766358883, 0.0], [-51.33305910114071, -29.99663379884747, 0.0], [-51.32874718777694, -29.99663379884747, 0.0]], [[-51.33278960655548, -29.99905925011459, 0.0], [-51.33278960655548, -29.998250766358883, 0.0], [-51.33305910114071, -29.998250766358883, 0.0], [-51.33278960655548, -29.99905925011459, 0.0]], [[-51.33225061738501, -30.00067621762601, 0.0], [-51.33225061738501, -30.002562679722658, 0.0], [-51.33198112279977, -30.002562679722658, 0.0], [-51.33225061738501, -30.00067621762601, 0.0]]]}}, {"id": "390", "type": "Feature", "properties": {"cultura": "Arroz", "area_ha": 0.39}, "geometry": {"type": "Polygon", "coordinates": [[[-51.34922877625487, -29.99474733675082, 0.0], [-51.3494982708401, -29.996094809676997, 0.0], [-51.349767765425334, -29.99474733675082, 0.0], [-51.34922877625487, -29.99474733675082, 0.0]]]}}, {"id": "391", "type": "Feature", "properties": {"cultura": "Arroz", "area_ha": 5.9}, "geometry": {"type": "Polygon", "coordinates": [[[-51.32739971485076, -29.99663379884747, 0.0], [-51.32874718777694, -29.99663379884747, 0.0], [-51.32847769319171, -29.993130369239402, 0.0], [-51.32659123109505, -29.99339986382464, 0.0], [-51.32739971485076, -29.99663379884747, 0.0]]]}}, {"id": "392", "type": "Feature", "properties": {"cultura": "Arroz", "area_ha": 4.0}, "geometry": {"type": "Polygon", "coordinates": [[[-51.3344065740669, -29.99582531509176, 0.0], [-51.338179498260196, -29.994477842165583, 0.0], [-51.337640509089724, -29.993669358409875, 0.0], [-51.33467606865213, -29.99474733675082, 0.0], [-51.33467606865213, -29.991782896313225, 0.0], [-51.3344065740669, -29.99582531509176, 0.0]]]}}, {"id": "393", "type": "Feature", "properties": {"cultura": "Arroz", "area_ha": 0.04}, "geometry": {"type": "Polygon", "coordinates": [[[-51.34303040079444, -29.99259138006893, 0.0], [-51.34276090620921, -29.99259138006893, 0.0], [-51.34276090620921, -29.992860874654166, 0.0], [-51.34303040079444, -29.99259138006893, 0.0]]]}}, {"id": "394", "type": "Feature", "properties": {"cultura": "Arroz", "area_ha": 5.63}, "geometry": {"type": "Polygon", "coordinates": [[[-51.343838884550145, -29.991243907142753, 0.0], [-51.34329989537968, -29.993130369239402, 0.0], [-51.34545585206156, -29.993669358409875, 0.0], [-51.3457253466468, -29.991782896313225, 0.0], [-51.34491686289109, -29.989626939631336, 0.0], [-51.34437787372062, -29.991243907142753, 0.0], [-51.34518635747633, -29.991782896313225, 0.0], [-51.343838884550145, -29.991243907142753, 0.0]]]}}, {"id": "395", "type": "Feature", "properties": {"cultura": "Arroz", "area_ha": 0.04}, "geometry": {"type": "Polygon", "coordinates": [[[-51.34356938996491, -29.989626939631336, 0.0], [-51.34329989537968, -29.989626939631336, 0.0], [-51.34329989537968, -29.989896434216572, 0.0], [-51.34356938996491, -29.989626939631336, 0.0]]]}}, {"id": "396", "type": "Feature", "properties": {"cultura": "Arroz", "area_ha": 27.87}, "geometry": {"type": "Polygon", "coordinates": [[[-51.34276090620921, -29.983967553341383, 0.0], [-51.33952697118637, -29.98423704792662, 0.0], [-51.33979646577161, -29.987740477534686, 0.0], [-51.34168292786826, -29.988548961290395, 0.0], [-51.34168292786826, -29.989626939631336, 0.0], [-51.34114393869779, -29.989087950460863, 0.0], [-51.340065960356846, -29.989896434216572, 0.0], [-51.33871848743067, -29.989626939631336, 0.0], [-51.33979646577161, -29.991243907142753, 0.0], [-51.34060494952732, -29.99070491797228, 0.0], [-51.34087444411255, -29.99151340172799, 0.0], [-51.341952422453495, -29.99151340172799, 0.0], [-51.341952422453495, -29.99259138006893, 0.0], [-51.34329989537968, -29.991782896313225, 0.0], [-51.34329989537968, -29.988548961290395, 0.0], [-51.34437787372062, -29.989087950460863, 0.0], [-51.34276090620921, -29.983967553341383, 0.0]], [[-51.340065960356846, -29.990435423387044, 0.0], [-51.340335454942085, -29.990435423387044, 0.0], [-51.340335454942085, -29.99070491797228, 0.0], [-51.340065960356846, -29.990435423387044, 0.0]], [[-51.34276090620921, -29.989087950460863, 0.0], [-51.34303040079444, -29.989087950460863, 0.0], [-51.34303040079444, -29.989626939631336, 0.0], [-51.34276090620921, -29.989087950460863, 0.0]]]}}, {"id": "397", "type": "Feature", "properties": {"cultura": "Arroz", "area_ha": 17.39}, "geometry": {"type": "Polygon", "coordinates": [[[-51.33925747660114, -29.982620080415206, 0.0], [-51.33683202533402, -29.982081091244734, 0.0], [-51.33656253074878, -29.987740477534686, 0.0], [-51.33737101450449, -29.98881845587563, 0.0], [-51.33602354157831, -29.989087950460863, 0.0], [-51.33602354157831, -29.991243907142753, 0.0], [-51.338179498260196, -29.99070491797228, 0.0], [-51.337910003674956, -29.988548961290395, 0.0], [-51.3389879820159, -29.987201488364214, 0.0], [-51.33710151991925, -29.986931993778978, 0.0], [-51.338179498260196, -29.98612351002327, 0.0], [-51.33925747660114, -29.98666249919374, 0.0], [-51.33925747660114, -29.98477603709709, 0.0], [-51.337910003674956, -29.983967553341383, 0.0], [-51.33925747660114, -29.982620080415206, 0.0]], [[-51.33871848743067, -29.98477603709709, 0.0], [-51.33844899284543, -29.98477603709709, 0.0], [-51.33844899284543, -29.984506542511856, 0.0], [-51.33871848743067, -29.98477603709709, 0.0]]]}}, {"id": "398", "type": "Feature", "properties": {"cultura": "Arroz", "area_ha": 0.04}, "geometry": {"type": "Polygon", "coordinates": [[[-51.343838884550145, -29.985854015438036, 0.0], [-51.343838884550145, -29.98612351002327, 0.0], [-51.344108379135385, -29.98612351002327, 0.0], [-51.343838884550145, -29.985854015438036, 0.0]]]}}, {"id": "399", "type": "Feature", "properties": {"cultura": "Arroz", "area_ha": 0.62}, "geometry": {"type": "Polygon", "coordinates": [[[-51.34249141162397, -29.982889575000442, 0.0], [-51.34141343328302, -29.983159069585675, 0.0], [-51.34141343328302, -29.98342856417091, 0.0], [-51.34249141162397, -29.983698058756147, 0.0], [-51.34249141162397, -29.982889575000442, 0.0]]]}}, {"id": "400", "type": "Feature", "properties": {"cultura": "Arroz", "area_ha": 0.04}, "geometry": {"type": "Polygon", "coordinates": [[[-51.31446397475944, -29.98235058582997, 0.0], [-51.3141944801742, -29.98235058582997, 0.0], [-51.3141944801742, -29.982620080415206, 0.0], [-51.31446397475944, -29.98235058582997, 0.0]]]}}, {"id": "401", "type": "Feature", "properties": {"cultura": "Arroz", "area_ha": 0.23}, "geometry": {"type": "Polygon", "coordinates": [[[-51.33925747660114, -29.98154210207426, 0.0], [-51.33871848743067, -29.982081091244734, 0.0], [-51.33925747660114, -29.98235058582997, 0.0], [-51.33925747660114, -29.98154210207426, 0.0]]]}}, {"id": "402", "type": "Feature", "properties": {"cultura": "Arroz", "area_ha": 0.12}, "geometry": {"type": "Polygon", "coordinates": [[[-51.31500296392991, -29.98154210207426, 0.0], [-51.314733469344674, -29.98154210207426, 0.0], [-51.31446397475944, -29.98235058582997, 0.0], [-51.31500296392991, -29.98154210207426, 0.0]]]}}, {"id": "403", "type": "Feature", "properties": {"cultura": "Arroz", "area_ha": 0.89}, "geometry": {"type": "Polygon", "coordinates": [[[-51.34653383040251, -29.981272607489025, 0.0], [-51.348150797913924, -29.98154210207426, 0.0], [-51.34761180874345, -29.98100311290379, 0.0], [-51.348420292499156, -29.979925134562848, 0.0], [-51.34653383040251, -29.981272607489025, 0.0]]]}}, {"id": "404", "type": "Feature", "properties": {"cultura": "Arroz", "area_ha": 410.25}, "geometry": {"type": "Polygon", "coordinates": [[[-51.32066235021986, -29.96591141613058, 0.0], [-51.31796740436751, -29.96671989988629, 0.0], [-51.31796740436751, -29.967528383641998, 0.0], [-51.317428415197035, -29.96671989988629, 0.0], [-51.315272458515146, -29.966450405301053, 0.0], [-51.315272458515146, -29.969414845738648, 0.0], [-51.31850639353798, -29.968875856568175, 0.0], [-51.317428415197035, -29.96914535115341, 0.0], [-51.317428415197035, -29.970223329494356, 0.0], [-51.315541953100386, -29.970223329494356, 0.0], [-51.31608094227086, -29.97103181325006, 0.0], [-51.314733469344674, -29.97184029700577, 0.0], [-51.31500296392991, -29.972648780761478, 0.0], [-51.31392498558897, -29.972648780761478, 0.0], [-51.3141944801742, -29.973726759102423, 0.0], [-51.312847007248024, -29.973726759102423, 0.0], [-51.31257751266279, -29.972918275346714, 0.0], [-51.308804588469485, -29.97318776993195, 0.0], [-51.30449267510571, -29.976152210369545, 0.0], [-51.30395368593524, -29.97830816705143, 0.0], [-51.303145202179536, -29.97830816705143, 0.0], [-51.303145202179536, -29.97588271578431, 0.0], [-51.30395368593524, -29.976152210369545, 0.0], [-51.30772661012854, -29.972379286176242, 0.0], [-51.30772661012854, -29.971570802420533, 0.0], [-51.30610964261713, -29.97184029700577, 0.0], [-51.30610964261713, -29.971301307835297, 0.0], [-51.30799610471378, -29.97103181325006, 0.0], [-51.30799610471378, -29.970223329494356, 0.0], [-51.309074083054725, -29.97076231866483, 0.0], [-51.308804588469485, -29.969684340323884, 0.0], [-51.3096130722252, -29.96995383490912, 0.0], [-51.310960545151374, -29.96860636198294, 0.0], [-51.31123003973661, -29.966989394471526, 0.0], [-51.309074083054725, -29.966989394471526, 0.0], [-51.30799610471378, -29.96860636198294, 0.0], [-51.306918126372835, -29.96860636198294, 0.0], [-51.304762169690946, -29.96725888905676, 0.0], [-51.30098924549765, -29.967528383641998, 0.0], [-51.29964177257147, -29.966450405301053, 0.0], [-51.2999112671567, -29.968875856568175, 0.0], [-51.29775531047482, -29.969414845738648, 0.0], [-51.29883328881576, -29.970492824079592, 0.0], [-51.29748581588958, -29.970223329494356, 0.0], [-51.29721632130435, -29.969414845738648, 0.0], [-51.29506036462246, -29.970223329494356, 0.0], [-51.294521375451986, -29.96914535115341, 0.0], [-51.29344339711104, -29.97076231866483, 0.0], [-51.29290440794057, -29.96914535115341, 0.0], [-51.29425188086675, -29.96860636198294, 0.0], [-51.29344339711104, -29.968067372812467, 0.0], [-51.29209592418486, -29.96860636198294, 0.0], [-51.289939967502974, -29.97184029700577, 0.0], [-51.289939967502974, -29.972379286176242, 0.0], [-51.29182642959963, -29.972379286176242, 0.0], [-51.29182642959963, -29.97318776993195, 0.0], [-51.29101794584392, -29.973726759102423, 0.0], [-51.29047895667345, -29.972918275346714, 0.0], [-51.28913148374727, -29.972918275346714, 0.0], [-51.2885924945768, -29.973726759102423, 0.0], [-51.29155693501439, -29.976152210369545, 0.0], [-51.2953298592077, -29.976960694125253, 0.0], [-51.29559935379293, -29.977499683295722, 0.0], [-51.294521375451986, -29.978038672466194, 0.0], [-51.29559935379293, -29.97830816705143, 0.0], [-51.296407837548635, -29.98019462914808, 0.0], [-51.29802480506005, -29.980464123733316, 0.0], [-51.30018076174194, -29.97911665080714, 0.0], [-51.30018076174194, -29.979925134562848, 0.0], [-51.302336718423824, -29.980733618318553, 0.0], [-51.302875707594296, -29.982081091244734, 0.0], [-51.30449267510571, -29.981811596659497, 0.0], [-51.30584014803189, -29.982889575000442, 0.0], [-51.30637913720236, -29.982889575000442, 0.0], [-51.30637913720236, -29.980464123733316, 0.0], [-51.306918126372835, -29.982889575000442, 0.0], [-51.308804588469485, -29.982081091244734, 0.0], [-51.313116501833264, -29.986931993778978, 0.0], [-51.312847007248024, -29.984506542511856, 0.0], [-51.31392498558897, -29.98342856417091, 0.0], [-51.31392498558897, -29.982081091244734, 0.0], [-51.31608094227086, -29.980464123733316, 0.0], [-51.31635043685609, -29.978847156221903, 0.0], [-51.317428415197035, -29.978847156221903, 0.0], [-51.31769790978227, -29.977499683295722, 0.0], [-51.32012336104939, -29.97588271578431, 0.0], [-51.31985386646416, -29.974804737443364, 0.0], [-51.31796740436751, -29.973726759102423, 0.0], [-51.31877588812321, -29.97318776993195, 0.0], [-51.31823689895274, -29.972379286176242, 0.0], [-51.319314877293685, -29.972379286176242, 0.0], [-51.32039285563463, -29.97426574827289, 0.0], [-51.32174032856081, -29.97399625368766, 0.0], [-51.32281830690175, -29.97588271578431, 0.0], [-51.325782747339346, -29.976691199540017, 0.0], [-51.325243758168874, -29.97776917788096, 0.0], [-51.32416577982793, -29.977230188710486, 0.0], [-51.3247047689984, -29.98019462914808, 0.0], [-51.325782747339346, -29.981811596659497, 0.0], [-51.32847769319171, -29.982081091244734, 0.0], [-51.32820819860647, -29.982889575000442, 0.0], [-51.32901668236217, -29.982889575000442, 0.0], [-51.32901668236217, -29.976152210369545, 0.0], [-51.32820819860647, -29.97588271578431, 0.0], [-51.32901668236217, -29.973457264517187, 0.0], [-51.32686072568029, -29.97184029700577, 0.0], [-51.32713022026552, -29.97076231866483, 0.0], [-51.32551325275411, -29.970492824079592, 0.0], [-51.325782747339346, -29.971301307835297, 0.0], [-51.325243758168874, -29.971301307835297, 0.0], [-51.32416577982793, -29.970492824079592, 0.0], [-51.323357296072224, -29.97076231866483, 0.0], [-51.32362679065746, -29.971570802420533, 0.0], [-51.32281830690175, -29.971301307835297, 0.0], [-51.32254881231651, -29.966450405301053, 0.0], [-51.32066235021986, -29.96591141613058, 0.0]], [[-51.302875707594296, -29.975613221199072, 0.0], [-51.303145202179536, -29.975613221199072, 0.0], [-51.303145202179536, -29.97588271578431, 0.0], [-51.302875707594296, -29.975613221199072, 0.0]], [[-51.302606213009064, -29.975343726613836, 0.0], [-51.302875707594296, -29.975343726613836, 0.0], [-51.302875707594296, -29.975613221199072, 0.0], [-51.302606213009064, -29.975343726613836, 0.0]], [[-51.302336718423824, -29.9750742320286, 0.0], [-51.302606213009064, -29.9750742320286, 0.0], [-51.302606213009064, -29.975343726613836, 0.0], [-51.302336718423824, -29.9750742320286, 0.0]], [[-51.30206722383859, -29.974804737443364, 0.0], [-51.302336718423824, -29.974804737443364, 0.0], [-51.302336718423824, -29.9750742320286, 0.0], [-51.30206722383859, -29.974804737443364, 0.0]], [[-51.30745711554331, -29.969684340323884, 0.0], [-51.30799610471378, -29.96914535115341, 0.0], [-51.308804588469485, -29.969414845738648, 0.0], [-51.308804588469485, -29.969684340323884, 0.0], [-51.30745711554331, -29.969684340323884, 0.0]], [[-51.306918126372835, -29.96995383490912, 0.0], [-51.306918126372835, -29.969684340323884, 0.0], [-51.30745711554331, -29.969684340323884, 0.0], [-51.306918126372835, -29.96995383490912, 0.0]], [[-51.302606213009064, -29.980464123733316, 0.0], [-51.302606213009064, -29.980733618318553, 0.0], [-51.302336718423824, -29.980733618318553, 0.0], [-51.302606213009064, -29.980464123733316, 0.0]], [[-51.32605224192458, -29.971570802420533, 0.0], [-51.325782747339346, -29.971570802420533, 0.0], [-51.325782747339346, -29.971301307835297, 0.0], [-51.32605224192458, -29.971570802420533, 0.0]], [[-51.31850639353798, -29.96914535115341, 0.0], [-51.32012336104939, -29.970223329494356, 0.0], [-51.31796740436751, -29.969684340323884, 0.0], [-51.31850639353798, -29.96914535115341, 0.0]], [[-51.290209462088214, -29.973726759102423, 0.0], [-51.289939967502974, -29.973726759102423, 0.0], [-51.289939967502974, -29.97318776993195, 0.0], [-51.290209462088214, -29.973726759102423, 0.0]], [[-51.29128744042916, -29.974535242858128, 0.0], [-51.29047895667345, -29.974804737443364, 0.0], [-51.290209462088214, -29.973726759102423, 0.0], [-51.29128744042916, -29.974535242858128, 0.0]], [[-51.30584014803189, -29.980464123733316, 0.0], [-51.30530115886142, -29.97911665080714, 0.0], [-51.30610964261713, -29.97965563997761, 0.0], [-51.30584014803189, -29.980464123733316, 0.0]], [[-51.305031664276186, -29.978847156221903, 0.0], [-51.30530115886142, -29.978847156221903, 0.0], [-51.30530115886142, -29.97911665080714, 0.0], [-51.305031664276186, -29.978847156221903, 0.0]], [[-51.304762169690946, -29.978577661636667, 0.0], [-51.305031664276186, -29.978577661636667, 0.0], [-51.305031664276186, -29.978847156221903, 0.0], [-51.304762169690946, -29.978577661636667, 0.0]], [[-51.32200982314605, -29.96860636198294, 0.0], [-51.32227931773128, -29.97103181325006, 0.0], [-51.321470833975575, -29.971301307835297, 0.0], [-51.321201339390335, -29.96995383490912, 0.0], [-51.32200982314605, -29.96860636198294, 0.0]], [[-51.321201339390335, -29.97184029700577, 0.0], [-51.321201339390335, -29.971301307835297, 0.0], [-51.321470833975575, -29.971301307835297, 0.0], [-51.321201339390335, -29.97184029700577, 0.0]], [[-51.32254881231651, -29.971570802420533, 0.0], [-51.32227931773128, -29.972379286176242, 0.0], [-51.32066235021986, -29.972379286176242, 0.0], [-51.32254881231651, -29.971570802420533, 0.0]], [[-51.300450256327174, -29.972109791591006, 0.0], [-51.30018076174194, -29.970223329494356, 0.0], [-51.300450256327174, -29.971301307835297, 0.0], [-51.300450256327174, -29.972109791591006, 0.0]], [[-51.30098924549765, -29.97318776993195, 0.0], [-51.300719750912414, -29.97318776993195, 0.0], [-51.300719750912414, -29.972109791591006, 0.0], [-51.30098924549765, -29.97318776993195, 0.0]], [[-51.301258740082886, -29.973726759102423, 0.0], [-51.30098924549765, -29.973726759102423, 0.0], [-51.30098924549765, -29.97318776993195, 0.0], [-51.301258740082886, -29.973726759102423, 0.0]], [[-51.30152823466812, -29.97399625368766, 0.0], [-51.301258740082886, -29.97399625368766, 0.0], [-51.301258740082886, -29.973726759102423, 0.0], [-51.30152823466812, -29.97399625368766, 0.0]], [[-51.30179772925335, -29.97426574827289, 0.0], [-51.30152823466812, -29.97426574827289, 0.0], [-51.30152823466812, -29.97399625368766, 0.0], [-51.30179772925335, -29.97426574827289, 0.0]], [[-51.32066235021986, -29.971301307835297, 0.0], [-51.31958437187892, -29.971570802420533, 0.0], [-51.31958437187892, -29.97103181325006, 0.0], [-51.32066235021986, -29.971301307835297, 0.0]], [[-51.303145202179536, -29.971570802420533, 0.0], [-51.303145202179536, -29.971301307835297, 0.0], [-51.30341469676477, -29.971301307835297, 0.0], [-51.303145202179536, -29.971570802420533, 0.0]], [[-51.302606213009064, -29.97184029700577, 0.0], [-51.302606213009064, -29.971570802420533, 0.0], [-51.303145202179536, -29.971570802420533, 0.0], [-51.302606213009064, -29.97184029700577, 0.0]], [[-51.30206722383859, -29.972109791591006, 0.0], [-51.30206722383859, -29.97184029700577, 0.0], [-51.302606213009064, -29.97184029700577, 0.0], [-51.30206722383859, -29.972109791591006, 0.0]], [[-51.31608094227086, -29.97318776993195, 0.0], [-51.31581144768562, -29.972109791591006, 0.0], [-51.31688942602656, -29.972109791591006, 0.0], [-51.317158920611796, -29.972918275346714, 0.0], [-51.31608094227086, -29.97318776993195, 0.0]], [[-51.31500296392991, -29.973726759102423, 0.0], [-51.31500296392991, -29.97318776993195, 0.0], [-51.31608094227086, -29.97318776993195, 0.0], [-51.31500296392991, -29.973726759102423, 0.0]], [[-51.29721632130435, -29.975343726613836, 0.0], [-51.296677332133875, -29.975343726613836, 0.0], [-51.29721632130435, -29.974535242858128, 0.0], [-51.29721632130435, -29.975343726613836, 0.0]], [[-51.296407837548635, -29.975613221199072, 0.0], [-51.296407837548635, -29.975343726613836, 0.0], [-51.296677332133875, -29.975343726613836, 0.0], [-51.296407837548635, -29.975613221199072, 0.0]], [[-51.310691050566135, -29.97588271578431, 0.0], [-51.310691050566135, -29.975613221199072, 0.0], [-51.310960545151374, -29.975613221199072, 0.0], [-51.310691050566135, -29.97588271578431, 0.0]], [[-51.31015206139567, -29.976691199540017, 0.0], [-51.3104215559809, -29.97588271578431, 0.0], [-51.310691050566135, -29.97588271578431, 0.0], [-51.31015206139567, -29.976691199540017, 0.0]], [[-51.30988256681043, -29.977230188710486, 0.0], [-51.30988256681043, -29.976691199540017, 0.0], [-51.31015206139567, -29.976691199540017, 0.0], [-51.30988256681043, -29.977230188710486, 0.0]], [[-51.3096130722252, -29.981272607489025, 0.0], [-51.309074083054725, -29.981272607489025, 0.0], [-51.3096130722252, -29.977230188710486, 0.0], [-51.3096130722252, -29.981272607489025, 0.0]], [[-51.308804588469485, -29.981811596659497, 0.0], [-51.308804588469485, -29.981272607489025, 0.0], [-51.309074083054725, -29.981272607489025, 0.0], [-51.308804588469485, -29.981811596659497, 0.0]], [[-51.30772661012854, -29.97642170495478, 0.0], [-51.30772661012854, -29.976691199540017, 0.0], [-51.30637913720236, -29.976691199540017, 0.0], [-51.30772661012854, -29.97642170495478, 0.0]], [[-51.32874718777694, -29.97830816705143, 0.0], [-51.32820819860647, -29.979386145392375, 0.0], [-51.32605224192458, -29.97830816705143, 0.0], [-51.32659123109505, -29.977499683295722, 0.0], [-51.32874718777694, -29.97830816705143, 0.0]], [[-51.325782747339346, -29.97776917788096, 0.0], [-51.32605224192458, -29.97776917788096, 0.0], [-51.32605224192458, -29.978038672466194, 0.0], [-51.325782747339346, -29.97776917788096, 0.0]], [[-51.32551325275411, -29.97830816705143, 0.0], [-51.32551325275411, -29.978038672466194, 0.0], [-51.325782747339346, -29.978038672466194, 0.0], [-51.32551325275411, -29.97830816705143, 0.0]], [[-51.310691050566135, -29.98154210207426, 0.0], [-51.31015206139567, -29.98154210207426, 0.0], [-51.31015206139567, -29.981272607489025, 0.0], [-51.310691050566135, -29.98154210207426, 0.0]], [[-51.310960545151374, -29.981811596659497, 0.0], [-51.310691050566135, -29.981811596659497, 0.0], [-51.310691050566135, -29.98154210207426, 0.0], [-51.310960545151374, -29.981811596659497, 0.0]], [[-51.31149953432185, -29.982620080415206, 0.0], [-51.31123003973661, -29.982620080415206, 0.0], [-51.310960545151374, -29.981811596659497, 0.0], [-51.31149953432185, -29.982620080415206, 0.0]]]}}, {"id": "405", "type": "Feature", "properties": {"cultura": "Arroz", "area_ha": 4.74}, "geometry": {"type": "Polygon", "coordinates": [[[-51.34653383040251, -29.975613221199072, 0.0], [-51.346264335817274, -29.977230188710486, 0.0], [-51.34761180874345, -29.977230188710486, 0.0], [-51.347881303328684, -29.97588271578431, 0.0], [-51.34680332498774, -29.97588271578431, 0.0], [-51.345994841232034, -29.973726759102423, 0.0], [-51.34437787372062, -29.974804737443364, 0.0], [-51.34437787372062, -29.975343726613836, 0.0], [-51.34653383040251, -29.975613221199072, 0.0]], [[-51.3457253466468, -29.974535242858128, 0.0], [-51.34545585206156, -29.974535242858128, 0.0], [-51.34545585206156, -29.97426574827289, 0.0], [-51.3457253466468, -29.974535242858128, 0.0]]]}}, {"id": "406", "type": "Feature", "properties": {"cultura": "Arroz", "area_ha": 0.12}, "geometry": {"type": "Polygon", "coordinates": [[[-51.32012336104939, -29.975343726613836, 0.0], [-51.32012336104939, -29.975613221199072, 0.0], [-51.3209318448051, -29.975613221199072, 0.0], [-51.32012336104939, -29.975343726613836, 0.0]]]}}, {"id": "407", "type": "Feature", "properties": {"cultura": "Arroz", "area_ha": 0.04}, "geometry": {"type": "Polygon", "coordinates": [[[-51.34518635747633, -29.973726759102423, 0.0], [-51.34518635747633, -29.97399625368766, 0.0], [-51.34545585206156, -29.97399625368766, 0.0], [-51.34518635747633, -29.973726759102423, 0.0]]]}}, {"id": "408", "type": "Feature", "properties": {"cultura": "Arroz", "area_ha": 1.75}, "geometry": {"type": "Polygon", "coordinates": [[[-51.348420292499156, -29.973726759102423, 0.0], [-51.348150797913924, -29.972379286176242, 0.0], [-51.34707281957298, -29.972379286176242, 0.0], [-51.34680332498774, -29.973457264517187, 0.0], [-51.348420292499156, -29.973726759102423, 0.0]]]}}, {"id": "409", "type": "Feature", "properties": {"cultura": "Arroz", "area_ha": 0.04}, "geometry": {"type": "Polygon", "coordinates": [[[-51.34895928166963, -29.97103181325006, 0.0], [-51.348689787084396, -29.97103181325006, 0.0], [-51.348689787084396, -29.971301307835297, 0.0], [-51.34895928166963, -29.97103181325006, 0.0]]]}}, {"id": "410", "type": "Feature", "properties": {"cultura": "Arroz", "area_ha": 4.46}, "geometry": {"type": "Polygon", "coordinates": [[[-51.327669209435996, -29.972109791591006, 0.0], [-51.32901668236217, -29.972918275346714, 0.0], [-51.32874718777694, -29.969414845738648, 0.0], [-51.32686072568029, -29.96860636198294, 0.0], [-51.32739971485076, -29.970223329494356, 0.0], [-51.32820819860647, -29.970223329494356, 0.0], [-51.327669209435996, -29.972109791591006, 0.0]]]}}, {"id": "411", "type": "Feature", "properties": {"cultura": "Arroz", "area_ha": 0.12}, "geometry": {"type": "Polygon", "coordinates": [[[-51.30988256681043, -29.970492824079592, 0.0], [-51.31015206139567, -29.970492824079592, 0.0], [-51.3104215559809, -29.969684340323884, 0.0], [-51.30988256681043, -29.970492824079592, 0.0]]]}}, {"id": "412", "type": "Feature", "properties": {"cultura": "Arroz", "area_ha": 0.04}, "geometry": {"type": "Polygon", "coordinates": [[[-51.34653383040251, -29.969414845738648, 0.0], [-51.34680332498774, -29.969414845738648, 0.0], [-51.34680332498774, -29.96914535115341, 0.0], [-51.34653383040251, -29.969414845738648, 0.0]]]}}, {"id": "413", "type": "Feature", "properties": {"cultura": "Arroz", "area_ha": 0.35}, "geometry": {"type": "Polygon", "coordinates": [[[-51.34653383040251, -29.969684340323884, 0.0], [-51.346264335817274, -29.96860636198294, 0.0], [-51.3457253466468, -29.968875856568175, 0.0], [-51.34653383040251, -29.969684340323884, 0.0]]]}}, {"id": "414", "type": "Feature", "properties": {"cultura": "Arroz", "area_ha": 0.47}, "geometry": {"type": "Polygon", "coordinates": [[[-51.314733469344674, -29.968875856568175, 0.0], [-51.314733469344674, -29.968067372812467, 0.0], [-51.31365549100373, -29.968875856568175, 0.0], [-51.314733469344674, -29.968875856568175, 0.0]]]}}, {"id": "415", "type": "Feature", "properties": {"cultura": "Arroz", "area_ha": 1.24}, "geometry": {"type": "Polygon", "coordinates": [[[-51.32362679065746, -29.96914535115341, 0.0], [-51.32416577982793, -29.967528383641998, 0.0], [-51.323357296072224, -29.968067372812467, 0.0], [-51.323087801486984, -29.966989394471526, 0.0], [-51.32281830690175, -29.968336867397703, 0.0], [-51.32362679065746, -29.96914535115341, 0.0]]]}}, {"id": "416", "type": "Feature", "properties": {"cultura": "Arroz", "area_ha": 0.16}, "geometry": {"type": "Polygon", "coordinates": [[[-51.32497426358364, -29.962946975692986, 0.0], [-51.32497426358364, -29.96348596486346, 0.0], [-51.32551325275411, -29.963216470278223, 0.0], [-51.32497426358364, -29.962946975692986, 0.0]]]}}, {"id": "417", "type": "Feature", "properties": {"cultura": "Soja", "area_ha": 0.23}, "geometry": {"type": "Polygon", "coordinates": [[[-51.603024972466386, -30.040161786443903, 0.0], [-51.603484676792725, -30.04038994705179, 0.0], [-51.60309060139621, -30.03924298142632, 0.0], [-51.603024972466386, -30.040161786443903, 0.0]]]}}, {"id": "418", "type": "Feature", "properties": {"cultura": "Soja", "area_ha": 0.38}, "geometry": {"type": "Polygon", "coordinates": [[[-51.60192423390797, -30.03570577543384, 0.0], [-51.60116918309774, -30.0348220032645, 0.0], [-51.60143740387189, -30.03608800569983, 0.0], [-51.60192423390797, -30.03570577543384, 0.0]]]}}, {"id": "418", "type": "Feature", "properties": {"cultura": "Soja", "area_ha": 2.15}, "geometry": {"type": "Polygon", "coordinates": [[[-51.601212098313795, -30.03469325725763, 0.0], [-51.60336217013228, -30.034093546195255, 0.0], [-51.60336217013228, -30.033172352058685, 0.0], [-51.60104043655121, -30.033859834611064, 0.0], [-51.601212098313795, -30.03469325725763, 0.0]]]}}, {"id": "418", "type": "Feature", "properties": {"cultura": "Soja", "area_ha": 57.85}, "geometry": {"type": "Polygon", "coordinates": [[[-51.602823180961806, -30.0322070840986, 0.0], [-51.60174520262086, -30.029512138246243, 0.0], [-51.60363166471751, -30.02897314907577, 0.0], [-51.60390115930275, -30.02789517073483, 0.0], [-51.60550840272545, -30.0268236751197, 0.0], [-51.60551812681417, -30.02250527903011, 0.0], [-51.60363166471751, -30.02061881693346, 0.0], [-51.60309267554704, -30.02142730068917, 0.0], [-51.60093671886516, -30.02061881693346, 0.0], [-51.59960505928204, -30.02239436304428, 0.0], [-51.599137028635035, -30.025343408449267, 0.0], [-51.59793539899187, -30.025772561973092, 0.0], [-51.598450382483, -30.029377450089516, 0.0], [-51.60128279572666, -30.029892434292627, 0.0], [-51.60128279572666, -30.0328106778616, 0.0], [-51.602823180961806, -30.0322070840986, 0.0]]]}}, {"id": "418", "type": "Feature", "properties": {"cultura": "Soja", "area_ha": 17.47}, "geometry": {"type": "Polygon", "coordinates": [[[-51.59905025676851, -30.020349322348224, 0.0], [-51.59716379467185, -30.01927134400728, 0.0], [-51.596355310916145, -30.01981033317775, 0.0], [-51.59312137589332, -30.01873235483681, 0.0], [-51.59123491379666, -30.01927134400728, 0.0], [-51.59021063674339, -30.020039551797236, 0.0], [-51.590156935455724, -30.02385275195629, 0.0], [-51.59123491379666, -30.024122246541527, 0.0], [-51.591686417735325, -30.025792332163373, 0.0], [-51.59122664660109, -30.023702505714112, 0.0], [-51.5906397907007, -30.02302597889714, 0.0], [-51.59218474297074, -30.02182435010466, 0.0], [-51.59261389602973, -30.020365228239577, 0.0], [-51.59536047884125, -30.02105187370689, 0.0], [-51.59905025676851, -30.020349322348224, 0.0]]]}}, {"id": "418", "type": "Feature", "properties": {"cultura": "Soja", "area_ha": 0.01}, "geometry": {"type": "Polygon", "coordinates": [[[-51.602284191791334, -30.039752932485207, 0.0], [-51.60241064127373, -30.039247134555627, 0.0], [-51.60233862610427, -30.039360301817542, 0.0], [-51.602284191791334, -30.039752932485207, 0.0]]]}}, {"id": "418", "type": "Feature", "properties": {"cultura": "Soja", "area_ha": 0.0}, "geometry": {"type": "Polygon", "coordinates": [[[-51.602441762210226, -30.03912265080966, 0.0], [-51.602424456536404, -30.039145724764158, 0.0], [-51.60241522714096, -30.0392287910867, 0.0], [-51.602441762210226, -30.03912265080966, 0.0]]]}}, {"id": "419", "type": "Feature", "properties": {"cultura": "Soja", "area_ha": 0.0}, "geometry": {"type": "Polygon", "coordinates": [[[-51.59142939080827, -30.026213377552875, 0.0], [-51.59146176625366, -30.026235802004997, 0.0], [-51.591583560691106, -30.026161987591934, 0.0], [-51.59142939080827, -30.026213377552875, 0.0]]]}}, {"id": "420", "type": "Feature", "properties": {"cultura": "Soja", "area_ha": 0.02}, "geometry": {"type": "Polygon", "coordinates": [[[-51.59096541921143, -30.02573921405294, 0.0], [-51.59106989956716, -30.025964380387606, 0.0], [-51.59123491379666, -30.026008708638177, 0.0], [-51.59096541921143, -30.02573921405294, 0.0]]]}}, {"id": "421", "type": "Feature", "properties": {"cultura": "Soja", "area_ha": 0.07}, "geometry": {"type": "Polygon", "coordinates": [[[-51.590695924626196, -30.024391741126763, 0.0], [-51.590850637780015, -30.025498414825556, 0.0], [-51.59096541921143, -30.025469719467704, 0.0], [-51.590695924626196, -30.024391741126763, 0.0]]]}}, {"id": "422", "type": "Feature", "properties": {"cultura": "Soja", "area_ha": 0.08}, "geometry": {"type": "Polygon", "coordinates": [[[-51.59500783798997, -30.019001849422047, 0.0], [-51.59500783798997, -30.019540838592516, 0.0], [-51.5952773325752, -30.019540838592516, 0.0], [-51.59500783798997, -30.019001849422047, 0.0]]]}}, {"id": "423", "type": "Feature", "properties": {"cultura": "Soja", "area_ha": 0.23}, "geometry": {"type": "Polygon", "coordinates": [[[-51.42010585217189, -30.093651849532378, 0.0], [-51.41929736841619, -30.093651849532378, 0.0], [-51.41929736841619, -30.09419083870285, 0.0], [-51.42010585217189, -30.093651849532378, 0.0]]]}}, {"id": "424", "type": "Feature", "properties": {"cultura": "Soja", "area_ha": 0.05}, "geometry": {"type": "Polygon", "coordinates": [[[-51.42118383051284, -30.093651849532378, 0.0], [-51.42118383051284, -30.093913954904288, 0.0], [-51.42152174586638, -30.09382080720915, 0.0], [-51.42118383051284, -30.093651849532378, 0.0]]]}}, {"id": "425", "type": "Feature", "properties": {"cultura": "Soja", "area_ha": 0.04}, "geometry": {"type": "Polygon", "coordinates": [[[-51.41525494963765, -30.09419083870285, 0.0], [-51.41517650826362, -30.093798631832716, 0.0], [-51.415057647601714, -30.094042862175897, 0.0], [-51.41525494963765, -30.09419083870285, 0.0]]]}}, {"id": "426", "type": "Feature", "properties": {"cultura": "Soja", "area_ha": 0.08}, "geometry": {"type": "Polygon", "coordinates": [[[-51.42199231426855, -30.093112860361906, 0.0], [-51.42172281968331, -30.093112860361906, 0.0], [-51.42172281968331, -30.093651849532378, 0.0], [-51.42199231426855, -30.093112860361906, 0.0]]]}}, {"id": "427", "type": "Feature", "properties": {"cultura": "Soja", "area_ha": 0.01}, "geometry": {"type": "Polygon", "coordinates": [[[-51.39019195321072, -30.093112860361906, 0.0], [-51.39019195321072, -30.09331110442895, 0.0], [-51.39028999015821, -30.09306384188816, 0.0], [-51.39019195321072, -30.093112860361906, 0.0]]]}}, {"id": "428", "type": "Feature", "properties": {"cultura": "Soja", "area_ha": 1.12}, "geometry": {"type": "Polygon", "coordinates": [[[-51.41768040090477, -30.09203488202096, 0.0], [-51.41660242256383, -30.092304376606197, 0.0], [-51.41660242256383, -30.09284336577667, 0.0], [-51.41848888466048, -30.09284336577667, 0.0], [-51.41768040090477, -30.09203488202096, 0.0]]]}}, {"id": "429", "type": "Feature", "properties": {"cultura": "Soja", "area_ha": 0.54}, "geometry": {"type": "Polygon", "coordinates": [[[-51.41848888466048, -30.093112860361906, 0.0], [-51.41960264834001, -30.092667354890096, 0.0], [-51.41944634412458, -30.09214325552166, 0.0], [-51.41913512058238, -30.092078882886863, 0.0], [-51.41848888466048, -30.093112860361906, 0.0]]]}}, {"id": "430", "type": "Feature", "properties": {"cultura": "Soja", "area_ha": 0.16}, "geometry": {"type": "Polygon", "coordinates": [[[-51.41687191714907, -30.091765387435725, 0.0], [-51.417470925592184, -30.091765387435725, 0.0], [-51.41687191714907, -30.09126386129555, 0.0], [-51.41687191714907, -30.091765387435725, 0.0]]]}}, {"id": "431", "type": "Feature", "properties": {"cultura": "Soja", "area_ha": 0.03}, "geometry": {"type": "Polygon", "coordinates": [[[-51.41660242256383, -30.091226398265256, 0.0], [-51.41685287744796, -30.091226398265256, 0.0], [-51.41660242256383, -30.0910217024776, 0.0], [-51.41660242256383, -30.091226398265256, 0.0]]]}}, {"id": "432", "type": "Feature", "properties": {"cultura": "Soja", "area_ha": 0.01}, "geometry": {"type": "Polygon", "coordinates": [[[-51.4238787763652, -30.09014841992431, 0.0], [-51.42407356624108, -30.09014841992431, 0.0], [-51.42375044965372, -30.090020093212825, 0.0], [-51.4238787763652, -30.09014841992431, 0.0]]]}}, {"id": "433", "type": "Feature", "properties": {"cultura": "Soja", "area_ha": 0.19}, "geometry": {"type": "Polygon", "coordinates": [[[-51.40743960666581, -30.01981033317775, 0.0], [-51.407709101251044, -30.01981033317775, 0.0], [-51.407709101251044, -30.018462860251574, 0.0], [-51.40743960666581, -30.01981033317775, 0.0]]]}}]}