{"type": "FeatureCollection", "features": [{"id": "0", "type": "Feature", "properties": {}, "geometry": {"type": "Polygon", "coordinates": [[[-52.09827903678639, -32.04610508032384], [-52.09645750196665, -32.04645183985453], [-52.096442779105445, -32.04689762643257], [-52.09645867641917, -32.04690956905742], [-52.096667786249206, -32.046874926967796], [-52.09817868013181, -32.04659361515577], [-52.09834514624147, -32.04637009891119], [-52.09827903678639, -32.04610508032384]]]}}, {"id": "1", "type": "Feature", "properties": {}, "geometry": {"type": "Polygon", "coordinates": [[[-52.09840722157297, -32.04642585854946], [-52.09823821513323, -32.04664331309664], [-52.09819749021376, -32.04666278145232], [-52.097837475004624, -32.04674362495691], [-52.097850978181704, -32.04690234107592], [-52.0978883521, -32.04701203772205], [-52.097828322912555, -32.04703364875538], [-52.09783525074904, -32.04704792315417], [-52.09758499920541, -32.047149592040675], [-52.09712694864, -32.04728749232605], [-52.09695177054634, -32.04732270186746], [-52.0963898765714, -32.04738853608323], [-52.096381671196056, -32.047566465463944], [-52.096351371297516, -32.047589794273065], [-52.09634741635156, -32.04762941270979], [-52.096349243027426, -32.04774086964044], [-52.09637355624858, -32.047838149504194], [-52.09638255807011, -32.048049479212516], [-52.096383957139636, -32.0481241791845], [-52.096348148643735, -32.04812523763922], [-52.096337447078795, -32.048143561673655], [-52.096363653128336, -32.048266184311075], [-52.09645046600145, -32.04822307868318], [-52.09661597832537, -32.04822094329518], [-52.09662112138791, -32.04816727787269], [-52.096814676322865, -32.048175454214736], [-52.09683693263552, -32.04816417480692], [-52.09684786977153, -32.04813808159725], [-52.096828220261415, -32.04798519201405], [-52.096885296168594, -32.04794945302445], [-52.09687170705666, -32.04787486756384], [-52.09684725565061, -32.047877929781784], [-52.096835718013764, -32.047807503296234], [-52.09679865256745, -32.047811504583564], [-52.09679824485122, -32.04779685797797], [-52.096828044870655, -32.047689890508835], [-52.09690586564237, -32.0476769034391], [-52.09688578265265, -32.04758090414625], [-52.09695873013983, -32.04758477816298], [-52.09696210229474, -32.04760252744128], [-52.097020001210964, -32.04759702377602], [-52.09703123473295, -32.047654801495185], [-52.097116112369115, -32.047651918780154], [-52.097095263982105, -32.047582681676836], [-52.09729249336682, -32.04753674450313], [-52.09730421404074, -32.047566565760704], [-52.09735915666804, -32.04755446205209], [-52.09730641421505, -32.047438511409744], [-52.097379713589994, -32.04741943792011], [-52.09737120198607, -32.047400251731425], [-52.09738398038438, -32.047396225987775], [-52.09739266860977, -32.047416899114474], [-52.097457713259196, -32.04741969182035], [-52.097471535504916, -32.04739840884485], [-52.09751723389052, -32.04739360191657], [-52.09752290643559, -32.04735239892059], [-52.09754047326988, -32.04735733467822], [-52.097644891785556, -32.04732770763613], [-52.097731777318046, -32.047280902966214], [-52.097751452094045, -32.04731602280691], [-52.09779197660864, -32.047296592410945], [-52.09778466494898, -32.047283881970465], [-52.097921520143124, -32.0472121252926], [-52.09804831827362, -32.04716208798514], [-52.09807627196247, -32.047140123231955], [-52.09811423236036, -32.04714545959604], [-52.09813393839682, -32.04709626867909], [-52.09817302904708, -32.04706764914685], [-52.09837229015401, -32.04703854396966], [-52.09835446140199, -32.04697975512448], [-52.09857314411122, -32.04691138426555], [-52.09859750332505, -32.046876694832086], [-52.09860421059932, -32.04677231766287], [-52.09858033834578, -32.04673428445879], [-52.09855193257083, -32.0466199727316], [-52.098593164952284, -32.046655401776334], [-52.098643232797116, -32.04664579348251], [-52.09867315452706, -32.046717657184274], [-52.098684114505545, -32.04673519828114], [-52.09869619056985, -32.04673356906351], [-52.09874701201398, -32.04686414981937], [-52.098674702378155, -32.04687548991479], [-52.09869144215408, -32.04694861082003], [-52.09874221569956, -32.04694229535473], [-52.09870553628971, -32.0469493158891], [-52.09873489221896, -32.047004838392915], [-52.09875118822968, -32.0470018104193], [-52.09877966759602, -32.04714175015977], [-52.09876560440086, -32.04714549850695], [-52.09878376718237, -32.04724108111855], [-52.09876704815287, -32.04724771214896], [-52.09883056243246, -32.04744685080781], [-52.09904886244186, -32.04740488695257], [-52.098995032189364, -32.047098828558134], [-52.09882965753835, -32.046365978487756], [-52.09840722157297, -32.04642585854946]]]}}, {"id": "2", "type": "Feature", "properties": {}, "geometry": {"type": "Polygon", "coordinates": [[[-52.156539214539194, -32.051255410693855], [-52.156249392371485, -32.05169771605775], [-52.15629019685187, -32.051709828795644], [-52.15632357676265, -32.051667234156255], [-52.156370261808085, -32.05163992587605], [-52.15657788657215, -32.05131409889322], [-52.15662020936883, -32.05133409098842], [-52.15637633294683, -32.051709133200745], [-52.15637767847352, -32.05175126671711], [-52.15670197228846, -32.0518866527082], [-52.15750260902357, -32.05217150460542], [-52.15850089367024, -32.05250971699622], [-52.15851166853909, -32.052497322988835], [-52.15853558311485, -32.052505538971246], [-52.15854702600582, -32.05248815930305], [-52.15853441823307, -32.05247698034153], [-52.158594439213466, -32.05238501363853], [-52.15853928278167, -32.052309092500124], [-52.15848352067953, -32.052308663995], [-52.158462142070476, -32.05227642013485], [-52.15840851642088, -32.05226985588072], [-52.158330256496455, -32.05223577737691], [-52.1582986666668, -32.05218247272774], [-52.15815685308936, -32.05209867418043], [-52.15805926394965, -32.052085700674105], [-52.15802731586745, -32.052135120541166], [-52.157987698751484, -32.052145829492254], [-52.15793491874337, -32.05213996094267], [-52.1579214091098, -32.05211939936991], [-52.157949926890964, -32.052060845603066], [-52.15784168421409, -32.05201270644293], [-52.15779927797703, -32.051998750529876], [-52.15777223474931, -32.052043191083385], [-52.15775410734383, -32.05205041102851], [-52.15770472957659, -32.052030411593215], [-52.15765277400201, -32.05202523902715], [-52.15762261331287, -32.05199707149946], [-52.15763454046064, -32.051958416136536], [-52.157572297460014, -32.05192443443456], [-52.15758809015408, -32.05188573475186], [-52.157466557529624, -32.05181256628499], [-52.15743710188276, -32.05175289118473], [-52.157362247788754, -32.0517267825334], [-52.157337690439704, -32.051749099020675], [-52.15727168345181, -32.051767806703914], [-52.157178943161, -32.05176723712469], [-52.15716219180738, -32.051729781796524], [-52.15712457544556, -32.05170168221076], [-52.15711368263502, -32.05164748467068], [-52.157072316327564, -32.05160672685201], [-52.1570262153754, -32.051583639136986], [-52.15699478918621, -32.051543259643665], [-52.15696260349876, -32.05152921917183], [-52.15687885150752, -32.051519871148535], [-52.156803466736406, -32.051472603900066], [-52.156776578616345, -32.051419959571284], [-52.15671142718744, -32.051374484247454], [-52.15668316825304, -32.05132232149505], [-52.156539214539194, -32.051255410693855]]]}}, {"id": "3", "type": "Feature", "properties": {}, "geometry": {"type": "Polygon", "coordinates": [[[-52.14185365626666, -32.06290745334458], [-52.14171238025056, -32.06248083610096], [-52.14163886216805, -32.06235030691782], [-52.14159476169389, -32.06229822939455], [-52.14105965740678, -32.06213385182627], [-52.141026305387236, -32.06214884722795], [-52.14081824746032, -32.0626535023354], [-52.14083921969439, -32.0626925546214], [-52.14092301627168, -32.06275342226578], [-52.140956881596736, -32.062793404883784], [-52.14111918037307, -32.06301510352734], [-52.14111050489982, -32.06302026043275], [-52.1410502492906, -32.0629673088258], [-52.140944030994866, -32.062822342475236], [-52.14079156909989, -32.06268472039388], [-52.14074683965615, -32.06267155554211], [-52.14080994070839, -32.062545849068584], [-52.14086371275978, -32.062388878786116], [-52.14063973232666, -32.06224407916116], [-52.140323530074106, -32.062067868139394], [-52.140283968040734, -32.06200242537999], [-52.14028468588923, -32.06195782841559], [-52.14030612770825, -32.061897303440546], [-52.140293647809756, -32.061865625940335], [-52.14013751915277, -32.061786590931966], [-52.14010255867707, -32.0617240204752], [-52.14006050874384, -32.06168941555287], [-52.1399203657648, -32.061619780616454], [-52.13979341274281, -32.06153743366059], [-52.139557139958725, -32.06134243281235], [-52.13952919275326, -32.06132770934421], [-52.139507894439916, -32.06134601490078], [-52.13947505593885, -32.061327239893025], [-52.139447288347974, -32.06135690684633], [-52.139504741339266, -32.06140098980775], [-52.139561281722145, -32.0614748410342], [-52.13957382088086, -32.06146689810496], [-52.13959398468029, -32.0614869507613], [-52.13955927333312, -32.06149996437354], [-52.139556203210546, -32.06151720393617], [-52.13958180347611, -32.061528033412486], [-52.1395890313886, -32.06152061635083], [-52.13961670022875, -32.0615402226368], [-52.13957596375271, -32.06158076822129], [-52.13962684085788, -32.06163016044148], [-52.139744384823835, -32.061718302439004], [-52.13975447781046, -32.06170786464889], [-52.13984287361527, -32.06177413130354], [-52.13985385431662, -32.06176096119729], [-52.13989879617147, -32.06179044334526], [-52.13993666013606, -32.06189580112566], [-52.139939534236255, -32.06199172199448], [-52.13989639240881, -32.06217399024425], [-52.13990526557723, -32.062208686156275], [-52.14001913123652, -32.062323021687654], [-52.14011329366298, -32.062392952888615], [-52.14010263214119, -32.062403675470556], [-52.14017600045767, -32.06245997361277], [-52.14014383049074, -32.06249512897048], [-52.14019689964476, -32.062546954917714], [-52.14022550217675, -32.06253334658416], [-52.14031726445252, -32.06260531991133], [-52.14042750661182, -32.06265294173422], [-52.1405057911335, -32.062705866710466], [-52.140544429676495, -32.06266357160993], [-52.140592338273855, -32.062696463775644], [-52.140637830283, -32.062732661294945], [-52.14064898606792, -32.06276859051264], [-52.14068407755949, -32.062800686889744], [-52.140725684570775, -32.06281747020215], [-52.140737638722385, -32.0628328840242], [-52.140718460817666, -32.06285893321206], [-52.140781507775564, -32.06289176661731], [-52.14095364904354, -32.06302809112621], [-52.140960171860044, -32.06303538356196], [-52.14093716460907, -32.06305854176824], [-52.140977521934545, -32.06309692515314], [-52.140962849835354, -32.06311251462669], [-52.140999133858415, -32.06315113855001], [-52.14102446443766, -32.063157175523365], [-52.14105516106785, -32.06314235106966], [-52.141317277933474, -32.06332159292229], [-52.14172501717048, -32.06297949796691], [-52.14176743285703, -32.06292620532796], [-52.14178849967882, -32.06291076202166], [-52.14181585113615, -32.06292828412764], [-52.14185365626666, -32.06290745334458]]]}}, {"id": "4", "type": "Feature", "properties": {}, "geometry": {"type": "Polygon", "coordinates": [[[-52.107821366259344, -32.026989205287165], [-52.107857030842936, -32.02679832440352], [-52.107780137258395, -32.02678557287295], [-52.107786964434375, -32.0267492667231], [-52.10782096124778, -32.026754995770425], [-52.107836010134044, -32.02665484811314], [-52.107883429303286, -32.026661064289385], [-52.10793690607049, -32.02641576624484], [-52.10798740505636, -32.026115772605856], [-52.107953501113464, -32.02608607390359], [-52.10798664349553, -32.02593993226409], [-52.107984397871434, -32.025871265738786], [-52.10800788362698, -32.0257893931167], [-52.10800786043938, -32.02572853742852], [-52.108061735208395, -32.02545919477624], [-52.108089234132315, -32.02539228002727], [-52.108076540967396, -32.025377587425986], [-52.10816640277176, -32.02483083115026], [-52.10815617165967, -32.024819220275376], [-52.10808808790951, -32.02483358131719], [-52.10805493780301, -32.02486382081752], [-52.10773343836479, -32.02499258132116], [-52.10687652473364, -32.02537137872326], [-52.1069512795365, -32.025494305353156], [-52.10699135493682, -32.02550187598679], [-52.10719542347239, -32.02542495819032], [-52.10724028805558, -32.02539140513754], [-52.107580381331296, -32.02530202265761], [-52.10755720834941, -32.02514153336244], [-52.10759138983935, -32.025095786843806], [-52.10764539697546, -32.025086366253696], [-52.107689196880905, -32.02510251020346], [-52.107715729730145, -32.025159426689555], [-52.10766974626681, -32.025249560588584], [-52.1076352923165, -32.02539584893568], [-52.10766782032606, -32.025384279496954], [-52.10791599837279, -32.02541349562036], [-52.107893988062756, -32.025434968538576], [-52.10792368412077, -32.02548634548748], [-52.10785910277019, -32.02587527423285], [-52.107554824254386, -32.02599139875353], [-52.107454591536765, -32.025989089731546], [-52.10743822023413, -32.02605240700535], [-52.107503637399, -32.026060116996845], [-52.10746260184671, -32.02627900991901], [-52.10740965674544, -32.026273789048425], [-52.10738140813058, -32.02647646772798], [-52.10710005775738, -32.02661062246086], [-52.10706576848453, -32.02674166365834], [-52.10725788669465, -32.02677582681703], [-52.107249631615076, -32.0268096465832], [-52.10683910900587, -32.026745410395485], [-52.10680746349501, -32.026762610070435], [-52.106799773697944, -32.02695966949626], [-52.10676426556996, -32.02722186000921], [-52.106817060393254, -32.02726296812217], [-52.1077404651729, -32.02733235942814], [-52.10779733805034, -32.02698646532627], [-52.107821366259344, -32.026989205287165]]]}}, {"id": "5", "type": "Feature", "properties": {}, "geometry": {"type": "Polygon", "coordinates": [[[-52.1175569984971, -32.05242111442325], [-52.11756873364092, -32.0524009933915], [-52.11750145485004, -32.05238116306387], [-52.11826975231221, -32.050874251536506], [-52.11826541418094, -32.050839793561835], [-52.11666522271114, -32.050222485784694], [-52.11589436392779, -32.05168332234456], [-52.11582662059876, -32.05165830813514], [-52.1164217728489, -32.05049419540864], [-52.11643457305975, -32.05049898106433], [-52.116444994479615, -32.05048057666854], [-52.11659030222817, -32.050191635467094], [-52.11480619866871, -32.04950559611544], [-52.114077547892656, -32.05086168703683], [-52.113989000285805, -32.05082683235769], [-52.114297358686095, -32.050251271001564], [-52.11440641199553, -32.05009825445178], [-52.11474064646136, -32.0494750682366], [-52.114216026657466, -32.04927521999826], [-52.11411704817726, -32.049336566725586], [-52.11405541728273, -32.04939187485174], [-52.11301571423478, -32.05142359614648], [-52.112955710197596, -32.05140346495358], [-52.1140091651689, -32.04934660805895], [-52.11399441235744, -32.04918850047386], [-52.112891149767684, -32.048762288014494], [-52.111900345754876, -32.048266582948216], [-52.111853687401506, -32.04826992403547], [-52.11183286963822, -32.04828716529433], [-52.111757730197944, -32.04824831240629], [-52.111754386156534, -32.04821176159056], [-52.111734238275375, -32.04818439719065], [-52.11091549759509, -32.047772887031364], [-52.109144364333716, -32.05009494919529], [-52.10923628528475, -32.05007996015448], [-52.10926486056843, -32.05008684570093], [-52.10928861188895, -32.050110904332726], [-52.10936710860426, -32.05008808884908], [-52.10945603690204, -32.05009588046995], [-52.109509961425395, -32.050119674960236], [-52.10957374712485, -32.0501276775496], [-52.10961123380298, -32.05017874202518], [-52.109752203552596, -32.05026315326279], [-52.109758259523986, -32.05027259033171], [-52.109709497578436, -32.05031410787947], [-52.10965740158734, -32.05039444488457], [-52.10964524263177, -32.05051121988457], [-52.10965315302316, -32.05055319750283], [-52.10975064562484, -32.05065534573089], [-52.10990223492256, -32.0507402140891], [-52.109968376449615, -32.05079065767446], [-52.10989219861572, -32.05092488057686], [-52.1105699986044, -32.050895687674426], [-52.110609487918346, -32.050826610716214], [-52.11071947977307, -32.05082787512076], [-52.11087760585505, -32.05079179465853], [-52.11098383471177, -32.05079458027709], [-52.11101129722991, -32.0507794729705], [-52.11103315930268, -32.05078299799687], [-52.111071353564576, -32.05081364130721], [-52.1110988502831, -32.050802241310954], [-52.11115126710387, -32.05080550749975], [-52.11121118865436, -32.050828517980236], [-52.111240611204636, -32.05085552148641], [-52.111272784218876, -32.050949716301375], [-52.11130454744323, -32.05098721774973], [-52.11136404940893, -32.05103158452708], [-52.11145050254166, -32.051060595769925], [-52.11154787245698, -32.05104374771896], [-52.111604650999624, -32.05107835950594], [-52.111666568051795, -32.05106314835786], [-52.11172881303473, -32.05107593546772], [-52.11176974799008, -32.05105202261735], [-52.111813404104666, -32.05099386925695], [-52.11184377503236, -32.05100293056543], [-52.111861920713274, -32.05099255061129], [-52.111887982208884, -32.05094743353926], [-52.111903782957846, -32.051002404183926], [-52.11194833356254, -32.05106201200061], [-52.111997355413706, -32.05110246509008], [-52.11203977976904, -32.051115876977796], [-52.11206734650871, -32.051108517562895], [-52.11207026939425, -32.05104805126514], [-52.11211923515092, -32.05104095514448], [-52.11216498784707, -32.051070332008855], [-52.11219307362489, -32.05106297703379], [-52.11221614509383, -32.051028999995694], [-52.112184548000364, -32.051004388322816], [-52.11220213735817, -32.05099267809481], [-52.112296016696675, -32.05103140235308], [-52.11243798272456, -32.05111993341183], [-52.1124789766772, -32.05118757386993], [-52.11254519173468, -32.05121506603316], [-52.112735608748594, -32.05141582562161], [-52.11262217453018, -32.0516439428891], [-52.112629464773114, -32.05165818618882], [-52.11295289656307, -32.05177653471001], [-52.11304872527876, -32.051793329287285], [-52.11311715117547, -32.05172517020344], [-52.11363120252787, -32.05166715137985], [-52.11404633608004, -32.05177889990517], [-52.11407721393909, -32.051750212395056], [-52.11417858404163, -32.05173392254683], [-52.11420472004675, -32.05169765395183], [-52.11425838682884, -32.0516694155847], [-52.11431770435385, -32.05161364056362], [-52.1143556200819, -32.051539912461955], [-52.114413876932794, -32.051516360674825], [-52.11448107887696, -32.05152121849596], [-52.11455143890709, -32.05156378330978], [-52.11464796642096, -32.05157967745453], [-52.114770729841524, -32.05167326408878], [-52.114963629116836, -32.051653750974296], [-52.11500717409238, -32.051621514820106], [-52.11503024764216, -32.05161835296303], [-52.11520192496233, -32.051719736014896], [-52.115236318026035, -32.051727642511075], [-52.11530443755086, -32.051720809639974], [-52.115368679056736, -32.0517435545923], [-52.1154131511075, -32.05172662777966], [-52.1154779855776, -32.05174760836551], [-52.115491220669405, -32.05185632108428], [-52.115597096915906, -32.05186311123722], [-52.11576911873504, -32.05189591292671], [-52.115985329063875, -32.05195822990385], [-52.116058816524145, -32.051956437200374], [-52.11615190484329, -32.051902745518746], [-52.11629379657185, -32.05187046378185], [-52.116326455838696, -32.051841119554624], [-52.11642569383726, -32.05186996064262], [-52.11647466340453, -32.05195126846819], [-52.11657344148318, -32.051977984536165], [-52.116663536792956, -32.05206684140128], [-52.11677718393591, -32.05205498789385], [-52.11680700448614, -32.052091918672694], [-52.116704034137115, -32.05228602834209], [-52.11709751050788, -32.05243417682466], [-52.11718941261021, -32.05226195910398], [-52.117324716763946, -32.0523177520194], [-52.11733403403298, -32.05233835500375], [-52.117395935701914, -32.05235849443278], [-52.11748292043235, -32.05241355844686], [-52.1175569984971, -32.05242111442325]]]}}, {"id": "6", "type": "Feature", "properties": {}, "geometry": {"type": "Polygon", "coordinates": [[[-52.14483585594095, -32.04780195757995], [-52.14502883897173, -32.04729338817268], [-52.14495221959778, -32.047236823227294], [-52.144835397152946, -32.047248075065994], [-52.144728004912174, -32.04723189115932], [-52.144510784208684, -32.04716715374412], [-52.14453387206845, -32.04709845553804], [-52.14442796079119, -32.04707230078126], [-52.14442105423312, -32.04709286110652], [-52.14421321719619, -32.047055755463], [-52.14417866453924, -32.0471586153822], [-52.14392372211885, -32.047096489965114], [-52.14395812954008, -32.04699406325066], [-52.14385807747574, -32.04696968198694], [-52.143831680153305, -32.04705597291622], [-52.143390502113455, -32.046953511932166], [-52.14344332407857, -32.04677708131728], [-52.14313371440775, -32.046703348409814], [-52.14293031739379, -32.046662635298524], [-52.14288770154571, -32.04676673193883], [-52.142810296978546, -32.04674323916518], [-52.14283309016727, -32.04669240510447], [-52.14275021061849, -32.04666725244099], [-52.14275880417586, -32.046647159431906], [-52.1426982823743, -32.046626503888504], [-52.1426651729841, -32.04670323799523], [-52.142612395068724, -32.04668675758563], [-52.14263558333193, -32.04663021527105], [-52.14255513061804, -32.04660275738285], [-52.14251178460942, -32.04670556853402], [-52.14225170491029, -32.04663087404733], [-52.14225755236681, -32.04661383664065], [-52.14219778645091, -32.04659696195165], [-52.14218279836826, -32.04663423719331], [-52.14189457973519, -32.04655145241091], [-52.14177180848592, -32.0468279676921], [-52.14483585594095, -32.04780195757995]]]}}, {"id": "7", "type": "Feature", "properties": {}, "geometry": {"type": "Polygon", "coordinates": [[[-52.10294472491447, -32.04394514343895], [-52.102726812811184, -32.044200853745934], [-52.10241498683781, -32.044603910929645], [-52.102022816027585, -32.0450641413889], [-52.10224226784983, -32.04524764828134], [-52.10206866912043, -32.045569531381695], [-52.10210986554529, -32.04555938582359], [-52.10214599953837, -32.0455679032415], [-52.10216570062221, -32.045617482844584], [-52.1022542925538, -32.04567714432494], [-52.10226787203501, -32.045717016401824], [-52.1023700482188, -32.04577098469199], [-52.102405360559644, -32.04584878154065], [-52.102416852151585, -32.04585053993345], [-52.10245855309172, -32.04580039030296], [-52.102481182725484, -32.04582300763792], [-52.103272801166355, -32.0449582492214], [-52.10334552796248, -32.044995892410476], [-52.10333845294386, -32.045027671871345], [-52.10335471927661, -32.0450381029215], [-52.103412999577635, -32.045033373815905], [-52.10345422891258, -32.045055215652695], [-52.10343753522142, -32.04511244593264], [-52.10344409630521, -32.045141995786175], [-52.103609677894795, -32.0452864512111], [-52.103664640721924, -32.04541918599118], [-52.103685950099056, -32.04543591486206], [-52.103772179316834, -32.045484851817406], [-52.10386531859873, -32.04548827166235], [-52.10393459409511, -32.045468634067284], [-52.10397435839581, -32.04547251863201], [-52.10398598798129, -32.04551047700081], [-52.10414145008758, -32.04548416187603], [-52.10451372992126, -32.04575429146802], [-52.10449174457486, -32.045776539395675], [-52.10465459165072, -32.04589326860134], [-52.1046757607996, -32.045871848670515], [-52.10510179888822, -32.04617383801588], [-52.10409802811004, -32.047184191705966], [-52.10409731938949, -32.04741691218625], [-52.104348163041905, -32.04760577430849], [-52.104289465507506, -32.04765391977852], [-52.104712877248794, -32.04800156938314], [-52.105826229460604, -32.04676290836055], [-52.10634650976999, -32.04624026511584], [-52.106395888408734, -32.04623860729474], [-52.10639377082516, -32.04619288926918], [-52.106469811769045, -32.04611671071442], [-52.106523349376886, -32.04611829116862], [-52.10654692380399, -32.04613483739765], [-52.10652994897409, -32.046150952754736], [-52.10654823923373, -32.046164938037556], [-52.10653800556514, -32.04617442725776], [-52.10657552129246, -32.0461982580329], [-52.10606008227215, -32.04674638940864], [-52.10584780875369, -32.046955185105816], [-52.10617819266342, -32.04718195269018], [-52.10705729197685, -32.04625783910984], [-52.10743844808194, -32.045875347926376], [-52.10745192732111, -32.0458847202683], [-52.107485320311056, -32.04585027500505], [-52.106295042507, -32.04502324802044], [-52.10538582043577, -32.044224087698794], [-52.10482386663773, -32.04476681923469], [-52.10476868930137, -32.044728302277505], [-52.104994432288535, -32.0445061859895], [-52.104262331816884, -32.04398220192551], [-52.104295297205894, -32.0439473823282], [-52.10502025236629, -32.044471690099805], [-52.10532434960218, -32.04417038936743], [-52.10364621212616, -32.042644410328194], [-52.10294472491447, -32.04394514343895]]]}}, {"id": "8", "type": "Feature", "properties": {}, "geometry": {"type": "Polygon", "coordinates": [[[-52.13428535074197, -32.04518908890318], [-52.13433214039413, -32.04512024866855], [-52.13353011965557, -32.04448676614591], [-52.13335285941728, -32.0447695955416], [-52.13428535074197, -32.04518908890318]]]}}, {"id": "9", "type": "Feature", "properties": {}, "geometry": {"type": "Polygon", "coordinates": [[[-52.15250349750413, -32.0744925666232], [-52.1510724479403, -32.07483024337323], [-52.151123458380134, -32.0749830271112], [-52.1512266737218, -32.075210561834545], [-52.15047094629639, -32.0753886340091], [-52.15063795974793, -32.07590348288648], [-52.15083626587798, -32.076137069937694], [-52.15090213502965, -32.07631598764126], [-52.150865835978095, -32.07641585042905], [-52.15079636890011, -32.076449362611136], [-52.15078644042402, -32.07648944426816], [-52.150794142374664, -32.07652136695333], [-52.15082192702103, -32.07657443625413], [-52.150955842740615, -32.07668963819692], [-52.150992803062394, -32.07670756255212], [-52.15101612655832, -32.07673756618828], [-52.15100144046381, -32.07681412651494], [-52.1510249755682, -32.076861013555344], [-52.15101421523681, -32.07691798721118], [-52.15105140951925, -32.07697274899106], [-52.15106314918453, -32.07703551713671], [-52.15112551699702, -32.07705983376549], [-52.15112449703084, -32.077178550011354], [-52.15127596249717, -32.07719646406553], [-52.151300680771215, -32.07721448603489], [-52.1514064306469, -32.077395473957054], [-52.15140194483386, -32.07742835893031], [-52.15133690308932, -32.07751523223615], [-52.15124138484402, -32.077539821574035], [-52.15121626369636, -32.07756801195378], [-52.15122948297723, -32.07758576752197], [-52.15114356458438, -32.07760427438029], [-52.151265465389876, -32.07820969435752], [-52.15120319817705, -32.07824867297525], [-52.15119498930261, -32.078277682108585], [-52.15129525584028, -32.07838755581143], [-52.151561188697805, -32.07879308938549], [-52.15162936176637, -32.0787876552666], [-52.15161453563906, -32.078719692152085], [-52.15164101566062, -32.078701240058265], [-52.15254859848969, -32.07850326560635], [-52.152585773163665, -32.07852009682415], [-52.15267750179547, -32.078844313296855], [-52.15234849570816, -32.07892143200239], [-52.1523307239503, -32.07894816109714], [-52.15233014864777, -32.07898244665144], [-52.15241332955435, -32.07927843164838], [-52.152430654065796, -32.07929627165783], [-52.15246893852763, -32.079301065319754], [-52.152534728548495, -32.07928132950783], [-52.15270042952769, -32.079729722503465], [-52.1530000839675, -32.080701524271724], [-52.153262654397416, -32.081415925259755], [-52.153475267353414, -32.08415764058516], [-52.15328051868235, -32.08418221848137], [-52.15324281850133, -32.08416446577857], [-52.15321668273678, -32.084173219421814], [-52.153199576425386, -32.08419562066125], [-52.1532070672577, -32.08422090117659], [-52.15317395067904, -32.08422979954624], [-52.15324165118491, -32.08445152949167], [-52.15350202610373, -32.084401754832385], [-52.15359045514107, -32.084414977097424], [-52.153880452968856, -32.08442353993768], [-52.15388134288784, -32.084431118400595], [-52.15397584988039, -32.08442040673801], [-52.15397816427646, -32.08443509872738], [-52.15404547914901, -32.08444014161969], [-52.15474426660857, -32.084474286704534], [-52.15521118688703, -32.084398963165484], [-52.15588935401677, -32.084252908296705], [-52.15622311547762, -32.08425855233436], [-52.15585312831702, -32.083434317174046], [-52.15537427923977, -32.08211281806483], [-52.15538817879442, -32.082070194938964], [-52.1552927592484, -32.08180241305369], [-52.15481602004251, -32.080560991971915], [-52.154114064612216, -32.07863496761179], [-52.15373033675015, -32.07763785091917], [-52.15326264587176, -32.07656683739864], [-52.15302525054811, -32.07592557043522], [-52.1528676639831, -32.07556864273418], [-52.1526526526576, -32.074938800073674], [-52.15257282142992, -32.07475344848027], [-52.15250349750413, -32.0744925666232]]]}}, {"id": "10", "type": "Feature", "properties": {}, "geometry": {"type": "Polygon", "coordinates": [[[-52.114077529819646, -32.03183737350931], [-52.11434477447323, -32.03149728726059], [-52.11431248147531, -32.03144791938509], [-52.1142392092371, -32.03139530321054], [-52.11421951488748, -32.0313412960459], [-52.11421849151794, -32.031254162010896], [-52.11414029404829, -32.031184828004086], [-52.11393744328887, -32.03082404651354], [-52.11393644122939, -32.03077888707752], [-52.113987494544304, -32.030718575078005], [-52.11403090130327, -32.03058560278867], [-52.113957385084326, -32.030534630401654], [-52.11381321887622, -32.030471739372466], [-52.113770561829575, -32.0304313300428], [-52.113676464700106, -32.03040527389956], [-52.113576829401325, -32.03039673101699], [-52.113481780980536, -32.03054058496384], [-52.113371716181625, -32.03074483110428], [-52.11380119743544, -32.03093435260102], [-52.113782800376725, -32.030965618672944], [-52.113396706259316, -32.03079196300157], [-52.11333744871954, -32.03078689931082], [-52.11148125437478, -32.03394153346224], [-52.11148827097648, -32.0339683275216], [-52.11248124270095, -32.034342885816], [-52.11250532431414, -32.03435074832579], [-52.11252940670361, -32.03433590492824], [-52.113322682652914, -32.033023564786994], [-52.11360868169864, -32.03250970592907], [-52.114029709746696, -32.03181404132992], [-52.114077529819646, -32.03183737350931]]]}}, {"id": "11", "type": "Feature", "properties": {}, "geometry": {"type": "Polygon", "coordinates": [[[-52.111544613115136, -32.0290078229173], [-52.10915373714654, -32.03306958333909], [-52.10915589804443, -32.03309246881029], [-52.109173391095815, -32.033109031736934], [-52.110156150433426, -32.03347779814372], [-52.11018350216499, -32.033476737743754], [-52.11020424443631, -32.033461527104954], [-52.11077587271032, -32.032481014571644], [-52.110768101714704, -32.03246451103444], [-52.11050189935442, -32.03234917259881], [-52.110443558373284, -32.03233939958839], [-52.11032723421438, -32.032293337571815], [-52.11030715641623, -32.03230391462701], [-52.11021165667629, -32.03247413857412], [-52.11014250916739, -32.03244202476772], [-52.11048264247033, -32.031882882286205], [-52.110533716613595, -32.031905655074624], [-52.11036210126864, -32.03221655202153], [-52.11080168508188, -32.03242703218007], [-52.111120217402686, -32.0318973504896], [-52.11111195234791, -32.03188027395637], [-52.11057848504379, -32.031663066575604], [-52.11074437193116, -32.0313716598178], [-52.11191382481708, -32.02947315675801], [-52.111946536247885, -32.02948896341222], [-52.11153749709585, -32.03017558549936], [-52.11201185696607, -32.03037700637455], [-52.112577004159384, -32.02943300333792], [-52.112509249989536, -32.029409883799445], [-52.112456395352254, -32.029349248133904], [-52.11235624433572, -32.029274287008214], [-52.11231583888632, -32.029187895302], [-52.112248244575554, -32.02920528537456], [-52.11213138024928, -32.0291484405443], [-52.112066648789465, -32.029135467709985], [-52.11159152744431, -32.02892044988653], [-52.111530983213996, -32.028863110754614], [-52.11150792343247, -32.02885511729136], [-52.11143810251856, -32.02895862761644], [-52.111544613115136, -32.0290078229173]]]}}, {"id": "12", "type": "Feature", "properties": {}, "geometry": {"type": "Polygon", "coordinates": [[[-52.08306037563355, -32.04802763076622], [-52.082877178805546, -32.047332764461245], [-52.081667270324274, -32.04757808630245], [-52.08185937034039, -32.04826579384843], [-52.08306037563355, -32.04802763076622]]]}}, {"id": "13", "type": "Feature", "properties": {}, "geometry": {"type": "Polygon", "coordinates": [[[-52.09491821954664, -32.038814465209946], [-52.09506670933238, -32.03941842822268], [-52.095126534650035, -32.039612627291895], [-52.096250588671, -32.03940320373584], [-52.09604782807401, -32.03859784105342], [-52.09491821954664, -32.038814465209946]]]}}, {"id": "14", "type": "Feature", "properties": {}, "geometry": {"type": "Polygon", "coordinates": [[[-52.1833571046061, -32.06899151832281], [-52.18371791815368, -32.06847968702171], [-52.18358073394335, -32.068407024390325], [-52.183192087490355, -32.06892866839975], [-52.18278144142014, -32.06871307001587], [-52.184023647151754, -32.06692508757362], [-52.183685450649826, -32.066765357252265], [-52.183185306059485, -32.06644163226743], [-52.18292790190926, -32.06634294748687], [-52.182882478611226, -32.06642130283547], [-52.182852821220195, -32.06640593060328], [-52.182836565783056, -32.066430364383734], [-52.18238254160469, -32.06719674815451], [-52.18162329967976, -32.06853138712086], [-52.18163229343238, -32.06856759422479], [-52.181897054610076, -32.06867697481493], [-52.181885456988816, -32.068695305150044], [-52.18165363752513, -32.06860363203254], [-52.18158872673124, -32.06860101687652], [-52.18157559967627, -32.06861080965839], [-52.18115999945705, -32.06932191173092], [-52.18200740197033, -32.06984883019884], [-52.18218951953117, -32.06965002520635], [-52.18224635220553, -32.06961428650512], [-52.18247484585855, -32.06952962248192], [-52.182585590887584, -32.06946586685948], [-52.18295294807169, -32.069176169576586], [-52.18319471868755, -32.06895126847636], [-52.18321172363649, -32.06896743355432], [-52.182947109195936, -32.06921374357057], [-52.18314247340819, -32.06937057806581], [-52.18342758841128, -32.06908029211047], [-52.18341751782868, -32.06906009856264], [-52.1833532656001, -32.0690225101917], [-52.1833571046061, -32.06899151832281]]]}}, {"id": "15", "type": "Feature", "properties": {}, "geometry": {"type": "Polygon", "coordinates": [[[-52.08565086612315, -32.04834054260423], [-52.08562950063356, -32.04848212124308], [-52.08543700004412, -32.04840354571063], [-52.08535094192285, -32.048436731239406], [-52.08530815281608, -32.048495193049014], [-52.085137548823866, -32.05006380524096], [-52.085174556833444, -32.050208275953615], [-52.08530376947639, -32.05040850103275], [-52.08537302037286, -32.05054762578405], [-52.08541645460204, -32.05086494744442], [-52.08551044367455, -32.05121265196892], [-52.085564638546074, -32.05133335828967], [-52.08583154856971, -32.051806020179214], [-52.086138961486384, -32.0517690342911], [-52.08614662836422, -32.05174556805099], [-52.086255203816606, -32.05170215761213], [-52.08636230955511, -32.05171724299248], [-52.08639291881287, -32.051679426114426], [-52.086446943013236, -32.05165649169069], [-52.086451496354854, -32.05161335921917], [-52.08641710679641, -32.051592102746774], [-52.086424422553975, -32.0515694062871], [-52.08649159977552, -32.05158392266244], [-52.0865471601561, -32.051578051832124], [-52.08672111908386, -32.051534540580846], [-52.08680870556604, -32.051565038465895], [-52.08683523180405, -32.051562654997895], [-52.08685642810135, -32.05153769249289], [-52.08683839941231, -32.05150983679304], [-52.0868533365125, -32.0514903135097], [-52.087047924275154, -32.051441067977954], [-52.08714831585719, -32.05143835766736], [-52.08715903399805, -32.05142841477918], [-52.087156426076064, -32.0513914960463], [-52.0873355651796, -32.05132839096632], [-52.08753413865431, -32.05120110479398], [-52.08755388801869, -32.05120114373205], [-52.08755688046507, -32.051190976168414], [-52.08767062584714, -32.051140307412055], [-52.087841014426736, -32.05097258590869], [-52.08805287316761, -32.05071991083961], [-52.08807846079886, -32.050623021886025], [-52.08806982665201, -32.05053606114498], [-52.08809397712643, -32.05044930611402], [-52.08946942209102, -32.049210594619375], [-52.08953516734554, -32.04920184381756], [-52.08953010689649, -32.04921629006531], [-52.08985897822999, -32.04922926773085], [-52.09066417381749, -32.04912784696437], [-52.090722493678825, -32.04916277973698], [-52.090742498523284, -32.04920448319406], [-52.090782516541026, -32.049228766234215], [-52.09078367489577, -32.049265697359715], [-52.090802061192534, -32.04929774419635], [-52.09092416797214, -32.04932933143144], [-52.0909834280072, -32.04933189757662], [-52.091027715255485, -32.04934998243381], [-52.09107919407949, -32.04935108193369], [-52.09111695678904, -32.0493673826305], [-52.09115422980632, -32.04940400287574], [-52.09124165306934, -32.04941544671797], [-52.09174961470468, -32.04939383357408], [-52.09198669253738, -32.049372468411995], [-52.09204186567618, -32.04935108237071], [-52.09229407679578, -32.04933594608014], [-52.092617497254416, -32.04926077403906], [-52.092854210795686, -32.049190092477176], [-52.09281944430081, -32.04906319580916], [-52.09279507860683, -32.04871078314551], [-52.09265600171577, -32.04734731773987], [-52.09224672591754, -32.04233781446855], [-52.08918796006475, -32.0428851499653], [-52.08764712862351, -32.04317662377482], [-52.08697643079962, -32.04328388100238], [-52.08680086244462, -32.04334403201739], [-52.08665831510803, -32.043424630090925], [-52.086512845485615, -32.04353401211997], [-52.086397054162035, -32.043684816845484], [-52.086342110213735, -32.043789994871894], [-52.086095731832664, -32.0444262758324], [-52.08597173404637, -32.04479264500452], [-52.085932906608356, -32.04496489150741], [-52.08584238955402, -32.0456283972765], [-52.08560388702113, -32.048113163886434], [-52.08561312828221, -32.048262536184374], [-52.08565086612315, -32.04834054260423]]]}}, {"id": "16", "type": "Feature", "properties": {}, "geometry": {"type": "Polygon", "coordinates": [[[-52.191808814862405, -32.07142939089052], [-52.1912967436551, -32.07202040581021], [-52.19111495818937, -32.07190641510878], [-52.19047900039222, -32.07276360061308], [-52.190796142404416, -32.072972593328295], [-52.190781565306466, -32.07302643694699], [-52.19078761558698, -32.073138473211834], [-52.19084505941398, -32.07340741328212], [-52.190855636395106, -32.073544178252675], [-52.19083809201307, -32.07369619115975], [-52.190747347504974, -32.07397386690062], [-52.19075153989279, -32.074031660184986], [-52.190779181292974, -32.07409706319205], [-52.19092154073827, -32.07422949540193], [-52.191443374445264, -32.074495702084306], [-52.191510732839966, -32.07449636766388], [-52.19165339010175, -32.07431189374416], [-52.19169250357877, -32.07434769948117], [-52.191570468385954, -32.07449907144244], [-52.191568039789075, -32.074517668213254], [-52.1916875201476, -32.07462750096216], [-52.19172763660626, -32.07463689322295], [-52.19175956541162, -32.07461948937229], [-52.19283532631048, -32.07337973510657], [-52.192905202446006, -32.07335698086467], [-52.1929812403284, -32.073383230277386], [-52.19363609587, -32.073745302496945], [-52.19369957496569, -32.07373462817602], [-52.19391986484406, -32.07345387152345], [-52.19416833960323, -32.07310270755295], [-52.19418818918986, -32.073114977965595], [-52.194205311069666, -32.07309005887258], [-52.19400244423942, -32.072982135206566], [-52.19397445754057, -32.072994190477544], [-52.19376839700063, -32.07301331678778], [-52.193691814242875, -32.07298730681551], [-52.19355128455531, -32.072872156164436], [-52.19259692914464, -32.07216749750351], [-52.19252943113164, -32.07215023181403], [-52.19231922543225, -32.072152210034226], [-52.1922307996197, -32.07214230186728], [-52.19203617144843, -32.072058200616446], [-52.192323846838725, -32.07171859584045], [-52.191808814862405, -32.07142939089052]]]}}, {"id": "17", "type": "Feature", "properties": {}, "geometry": {"type": "Polygon", "coordinates": [[[-52.131368262208866, -32.043122796126816], [-52.130324022467335, -32.04268225402809], [-52.130203930323894, -32.042882259019414], [-52.13067450343527, -32.04309416139233], [-52.13064778528433, -32.0431422423611], [-52.13015228751817, -32.042946692007014], [-52.12994957221441, -32.04332281746188], [-52.13098668065116, -32.043763779735286], [-52.131368262208866, -32.043122796126816]]]}}, {"id": "18", "type": "Feature", "properties": {}, "geometry": {"type": "Polygon", "coordinates": [[[-52.10694409344787, -32.03245757398077], [-52.10759885679649, -32.0325392169042], [-52.10845698192732, -32.031130040806836], [-52.10781414216273, -32.03096561596585], [-52.10694409344787, -32.03245757398077]]]}}, {"id": "19", "type": "Feature", "properties": {}, "geometry": {"type": "Polygon", "coordinates": [[[-52.139110608250334, -32.060971618006235], [-52.13912970296999, -32.06098577163263], [-52.13909367664841, -32.06101831825634], [-52.13910035630838, -32.061026494338876], [-52.13912896362243, -32.06100474932078], [-52.13914578788909, -32.06100579788081], [-52.13931040262188, -32.06117139499262], [-52.13932208222881, -32.061209475641725], [-52.13935105071495, -32.061238226561166], [-52.139369200437805, -32.061244504342014], [-52.13938342598155, -32.06122562190945], [-52.139396999593565, -32.06123361872302], [-52.13944508282971, -32.06126872892756], [-52.13947462682644, -32.06131911588271], [-52.139501127682976, -32.0613359452263], [-52.13951785991022, -32.06133383723394], [-52.13953795780763, -32.061310986893965], [-52.139568745946896, -32.06133014115988], [-52.13958808346692, -32.06131089700516], [-52.139651828281295, -32.06135322738554], [-52.13963228507853, -32.061372969551165], [-52.13972740551059, -32.061464732150824], [-52.13989863191717, -32.06158674296014], [-52.14007323842748, -32.061676337945585], [-52.140118917767445, -32.06171403145769], [-52.140136901238535, -32.06176154533992], [-52.14015838067974, -32.06177748153884], [-52.14034450345776, -32.06184580038419], [-52.14099829456435, -32.06204115487141], [-52.14140454742123, -32.06215906273691], [-52.14142303905759, -32.06215360991927], [-52.14161923643462, -32.06168884302388], [-52.141611770530915, -32.06167623585975], [-52.1404954213112, -32.06133419087677], [-52.14052980176792, -32.06128940823624], [-52.141637449791354, -32.06162518056749], [-52.14165621441161, -32.06161698289265], [-52.1418522173025, -32.0611307746118], [-52.14093756544313, -32.060846688730145], [-52.140990133653325, -32.06079677168849], [-52.141870637536755, -32.061063321461994], [-52.14188767956625, -32.06105887394349], [-52.14209083244611, -32.06058987596206], [-52.141355372040415, -32.06035657167934], [-52.14139810899657, -32.06031515052754], [-52.14209352399035, -32.060520047678494], [-52.1421206999119, -32.060512757418486], [-52.14231292391538, -32.06006124091617], [-52.14230915849275, -32.06003698146507], [-52.14178939104239, -32.05988257197144], [-52.14182358252508, -32.05984398807511], [-52.142301120210654, -32.05999280620793], [-52.14234028341013, -32.05998350443837], [-52.14278417750454, -32.058948806058126], [-52.14275018353864, -32.05887665077295], [-52.14153095112213, -32.05853057150075], [-52.14143330303074, -32.05859417012127], [-52.139456372013896, -32.06087459267169], [-52.13960894614412, -32.06096870745512], [-52.13963559308388, -32.060934107068135], [-52.139752214194885, -32.06100001173619], [-52.13965243683745, -32.06111612450267], [-52.1394722319731, -32.061010612177], [-52.139304143425825, -32.060898053559605], [-52.13931802496915, -32.06088218722133], [-52.13905838738786, -32.06072144047051], [-52.13898890362506, -32.060770714908784], [-52.13898311834122, -32.060781709306994], [-52.1389954589005, -32.060795455781424], [-52.138960411924536, -32.06083221685946], [-52.139067164331955, -32.060905165103456], [-52.13910304109253, -32.06094311669602], [-52.139110608250334, -32.060971618006235]]]}}, {"id": "20", "type": "Feature", "properties": {}, "geometry": {"type": "Polygon", "coordinates": [[[-52.09767103022471, -32.043453591754364], [-52.09753720042785, -32.04291903242414], [-52.096521746402374, -32.04310797804075], [-52.096527968272405, -32.04338899343666], [-52.0965090723499, -32.04367152182469], [-52.09673772271562, -32.043619939398816], [-52.09674026240089, -32.043627502804995], [-52.09696384837428, -32.04359554150922], [-52.096961197010366, -32.043585780660074], [-52.0972893502034, -32.043518923524196], [-52.09767103022471, -32.043453591754364]]]}}, {"id": "21", "type": "Feature", "properties": {}, "geometry": {"type": "Polygon", "coordinates": [[[-52.090798785950774, -32.03052919616402], [-52.08973556527476, -32.03073503003782], [-52.0896283720834, -32.0316899698458], [-52.091077711416, -32.03130475498396], [-52.090798785950774, -32.03052919616402]]]}}, {"id": "22", "type": "Feature", "properties": {}, "geometry": {"type": "Polygon", "coordinates": [[[-52.15423294573105, -32.05047504583428], [-52.15376278973931, -32.050305564400865], [-52.15376914261164, -32.050294396857105], [-52.15326872906318, -32.050109062529856], [-52.1530959312224, -32.050442294715495], [-52.15405205489541, -32.05079646585102], [-52.15423294573105, -32.05047504583428]]]}}, {"id": "23", "type": "Feature", "properties": {}, "geometry": {"type": "Polygon", "coordinates": [[[-52.1551838207201, -32.05122272167852], [-52.155351330140874, -32.05087822037752], [-52.15445368558458, -32.05054141953459], [-52.15426831004853, -32.050889439442884], [-52.15457334878922, -32.05100193911648], [-52.15457975091687, -32.05099182213481], [-52.154685469553435, -32.051029908604896], [-52.1551838207201, -32.05122272167852]]]}}, {"id": "24", "type": "Feature", "properties": {}, "geometry": {"type": "Polygon", "coordinates": [[[-52.09177155639309, -32.038430486261504], [-52.091535552160146, -32.03758569947901], [-52.0905027621216, -32.03781224735136], [-52.09072003341578, -32.038645981833064], [-52.09177155639309, -32.038430486261504]]]}}, {"id": "25", "type": "Feature", "properties": {}, "geometry": {"type": "Polygon", "coordinates": [[[-52.15617621584263, -32.05154303181084], [-52.15611081938152, -32.05143025048074], [-52.15582540954525, -32.05131129412336], [-52.155858768750576, -32.05124824517042], [-52.155600186148845, -32.05111551905155], [-52.15561351704685, -32.05109429984148], [-52.155503102912824, -32.051036939480504], [-52.155528764840824, -32.050988963248976], [-52.155416280037294, -32.05094100083142], [-52.15527115538395, -32.05125937106097], [-52.156141076089945, -32.05161374544835], [-52.15617621584263, -32.05154303181084]]]}}, {"id": "26", "type": "Feature", "properties": {}, "geometry": {"type": "Polygon", "coordinates": [[[-52.13290830979638, -32.057263254413314], [-52.13311368549588, -32.05739440846081], [-52.13315316145298, -32.05734786075981], [-52.1332174813248, -32.05734955920841], [-52.13344936700165, -32.057395759487264], [-52.13364786976079, -32.057379673260705], [-52.13377543589142, -32.057383306051186], [-52.1340297988769, -32.05744189383], [-52.13431548953055, -32.05754077606568], [-52.134524395360074, -32.057663020087126], [-52.1345530813052, -32.05771646593691], [-52.13458277087527, -32.05773768175344], [-52.134695426476284, -32.05788807546651], [-52.134783696814985, -32.057955070396076], [-52.13493837365506, -32.058134126974196], [-52.13503200194598, -32.05818102467578], [-52.1352894379588, -32.0582330295358], [-52.135339940307894, -32.05827857677589], [-52.13543316433469, -32.058329593154596], [-52.13552594290054, -32.05834454318028], [-52.135535985100084, -32.0583674539251], [-52.13591531472168, -32.05858173021469], [-52.13595852366029, -32.05863098883558], [-52.135966098826046, -32.05869966057962], [-52.13594854147016, -32.05873036919974], [-52.13589175619465, -32.05876770519706], [-52.13594824895838, -32.05883158192056], [-52.137043593602364, -32.059523527551825], [-52.137047534661896, -32.05947304705422], [-52.13708641139071, -32.059426005828925], [-52.13715064974834, -32.05937828598735], [-52.13716743129041, -32.05932796090118], [-52.13720881891412, -32.05928952113547], [-52.13720102991416, -32.05928498132201], [-52.137284671214026, -32.05924899496095], [-52.13747520688991, -32.05896660725618], [-52.13752551603896, -32.05892324306814], [-52.137586171557786, -32.05883856928196], [-52.137658336227425, -32.058846762043316], [-52.13770651277023, -32.0588698832704], [-52.13771808557794, -32.05888829036626], [-52.13770957416092, -32.05891781114578], [-52.13768602109672, -32.058929379951046], [-52.13765030374412, -32.0589149783855], [-52.137646483105065, -32.05892552208526], [-52.13771780553148, -32.058984618557574], [-52.13776215423249, -32.05897832975219], [-52.13787332152972, -32.058867546785365], [-52.137984502126834, -32.05871679178547], [-52.13795310814874, -32.05869309599226], [-52.137939932569495, -32.05866587180084], [-52.13795239478823, -32.058635476584485], [-52.13799962565798, -32.05862243219282], [-52.138013892888985, -32.05859268993401], [-52.13812299651023, -32.05867737290082], [-52.13810105810988, -32.058724721008865], [-52.13768826913576, -32.05922139489931], [-52.13772484042883, -32.059273965433775], [-52.137702009350505, -32.05931391668148], [-52.137628451790015, -32.05929335069351], [-52.13753538958692, -32.059412044693765], [-52.137550401219784, -32.05943955013562], [-52.137538017069474, -32.0594651454676], [-52.13746079093619, -32.059515354578934], [-52.13749638464006, -32.05953772279969], [-52.137503385500864, -32.05956160155755], [-52.137550969459255, -32.059577042308526], [-52.137589012018545, -32.05961924362576], [-52.137634537487315, -32.05963183416078], [-52.13764425752886, -32.05966571979388], [-52.13766864838085, -32.059690155093], [-52.137735217183725, -32.0597194619424], [-52.13780576152985, -32.05977897127625], [-52.1378877629347, -32.05982612725776], [-52.13796641048307, -32.05991039840768], [-52.138059315457426, -32.05996978800206], [-52.13805634024684, -32.060056307545025], [-52.13810681662599, -32.06007946207878], [-52.138124392717884, -32.06010958755334], [-52.13815983179162, -32.06010061820499], [-52.13819156251744, -32.0601121145922], [-52.138204145579664, -32.060148779977546], [-52.1382285139336, -32.060157690318775], [-52.1382791887915, -32.0601036327307], [-52.138306505824836, -32.06010002256413], [-52.1383273863786, -32.06012411037991], [-52.13833232123178, -32.06015820131084], [-52.13836191064977, -32.06017812440868], [-52.1383763447786, -32.060205156821475], [-52.13833076774972, -32.060214947986985], [-52.138332623092424, -32.06022790344097], [-52.13838491033775, -32.06023560675921], [-52.13836896445462, -32.06029691199722], [-52.13877136537572, -32.06056222021258], [-52.13904361327961, -32.0607122997276], [-52.13931802496915, -32.06088218722133], [-52.139326629376136, -32.060872159768294], [-52.13934615679863, -32.06088276424168], [-52.141345627665494, -32.058576376577406], [-52.14133265143751, -32.05848174338585], [-52.14095543704779, -32.05838577720657], [-52.14081399079675, -32.0583934192809], [-52.14066547077082, -32.058383317519294], [-52.13990923460457, -32.0581540073071], [-52.13985965591898, -32.05815279336332], [-52.13981674083108, -32.05816616046636], [-52.139699422779465, -32.05831371566553], [-52.13965949248258, -32.05832860747804], [-52.139114718166034, -32.05897673457991], [-52.13910526235584, -32.059048824755585], [-52.13914179768608, -32.059111255088354], [-52.13958400598041, -32.059363077530186], [-52.139635019660496, -32.05937574428891], [-52.139680794222244, -32.05936826024606], [-52.13972658696273, -32.0593357609451], [-52.14018621426383, -32.058764534098344], [-52.14020298988674, -32.05871131296032], [-52.140189149572315, -32.05863311763547], [-52.140209140797445, -32.05859489646049], [-52.140264510137015, -32.058566767158524], [-52.14032536155352, -32.05857238998651], [-52.14036783717904, -32.05862007139479], [-52.14036572828561, -32.058674640020214], [-52.13981455760828, -32.0593491417044], [-52.13976694329868, -32.059489304343224], [-52.13957862607692, -32.059724577093384], [-52.13892047339857, -32.06052375912119], [-52.1388791382441, -32.06055444997457], [-52.13882142191861, -32.06056085930081], [-52.13878090589272, -32.060543957283436], [-52.1387543939653, -32.060509961025275], [-52.13875017207543, -32.06046930548258], [-52.13876141144362, -32.060444523189254], [-52.138794307992896, -32.060417579725424], [-52.138915012625915, -32.06037544073334], [-52.13907607242407, -32.06019962741659], [-52.139577941828364, -32.05958053681298], [-52.139590039878016, -32.059543018174274], [-52.13958597206573, -32.059484057776835], [-52.139535527808384, -32.05939941678571], [-52.13946984879845, -32.05937782481414], [-52.139444408680745, -32.0594123331303], [-52.1394210351027, -32.059414446692486], [-52.13912918351146, -32.05924645712209], [-52.13915309388041, -32.059203897892374], [-52.13912743467972, -32.05918996564036], [-52.13900555102954, -32.05917700646014], [-52.138915901523575, -32.05921618722937], [-52.13883480402931, -32.05930353510542], [-52.13879938785994, -32.05939212329714], [-52.138804624398766, -32.05948560540448], [-52.138858672153034, -32.059603790270394], [-52.13884893013225, -32.05969127272774], [-52.138477806113634, -32.060155667627335], [-52.13839036976032, -32.060065738432094], [-52.13838242875386, -32.06001130521168], [-52.13840823755796, -32.05997572932075], [-52.13845299002052, -32.05995496704566], [-52.1386867014724, -32.05966497297061], [-52.13874182798665, -32.05969837837136], [-52.1387634802362, -32.05969326740456], [-52.13877710331386, -32.05964885215524], [-52.138771111903, -32.059594473608], [-52.13875143687116, -32.05955311796322], [-52.13871375397272, -32.059516046688074], [-52.138266778957174, -32.05924186499334], [-52.138213116131205, -32.05922397128081], [-52.13815724690625, -32.05922122548706], [-52.138101539856244, -32.05923157662681], [-52.13803443705625, -32.0592720517818], [-52.13786078510728, -32.05947208984995], [-52.13782533566995, -32.05954095829073], [-52.13782788470307, -32.05963990420912], [-52.13780344672732, -32.059678408506954], [-52.13774929723762, -32.05970079749643], [-52.13769735961847, -32.05969135874992], [-52.13765797300457, -32.05965953459953], [-52.137653788490795, -32.05960217187895], [-52.13808245182021, -32.05908446304089], [-52.13821473674287, -32.05901439111659], [-52.13878361433631, -32.0583301929591], [-52.13882120228614, -32.05821771582273], [-52.13886949029027, -32.05818571762317], [-52.13891962035659, -32.058180991216425], [-52.1389583424101, -32.0581959608071], [-52.13898444772248, -32.058224548128955], [-52.13899429096254, -32.05826578462516], [-52.1389819299075, -32.05829918300628], [-52.138855659006595, -32.05837403690286], [-52.13824877892924, -32.05909965808055], [-52.138252322918056, -32.059147184681066], [-52.13828125902861, -32.05918794303834], [-52.13856444465236, -32.05935941333783], [-52.13862617835459, -32.059362683603325], [-52.13867363918796, -32.059342528386736], [-52.1396559069949, -32.05818210347661], [-52.139660386181454, -32.058119611190435], [-52.13960813253907, -32.05806582908624], [-52.138973161720905, -32.0578813754593], [-52.138858460144384, -32.05782725213018], [-52.13877542989331, -32.057767909667874], [-52.13621270711276, -32.05703586654978], [-52.13543670906814, -32.05680031148686], [-52.13471887230841, -32.05659656922194], [-52.13463423647211, -32.05658448470572], [-52.13454402161428, -32.05655034013432], [-52.13454391506437, -32.05654170733083], [-52.13441516460277, -32.05650133480821], [-52.13385523838155, -32.05639053690407], [-52.13382811992067, -32.05640244360315], [-52.13290830979638, -32.057263254413314]]]}}, {"id": "27", "type": "Feature", "properties": {}, "geometry": {"type": "Polygon", "coordinates": [[[-52.10181847193981, -32.0440783858149], [-52.10168765410453, -32.04402044411269], [-52.10154920089768, -32.04402888211499], [-52.10147195957829, -32.0440138837634], [-52.10145370121656, -32.044023685871835], [-52.101442939327, -32.044069570059705], [-52.10148215953919, -32.044157193222894], [-52.101546822201016, -32.04424588530048], [-52.10165740196485, -32.044307494152086], [-52.10180383796783, -32.044364190549466], [-52.10186109243866, -32.04424469668983], [-52.10186500183265, -32.04413341553728], [-52.10181847193981, -32.0440783858149]]]}}, {"id": "28", "type": "Feature", "properties": {}, "geometry": {"type": "Polygon", "coordinates": [[[-52.131938353952854, -32.044378157460905], [-52.13172400103917, -32.04428340561594], [-52.131413118514054, -32.04417287864945], [-52.130971873638224, -32.04398785893444], [-52.130609225685994, -32.044623814611484], [-52.13155857820112, -32.045025713243426], [-52.131938353952854, -32.044378157460905]]]}}, {"id": "29", "type": "Feature", "properties": {}, "geometry": {"type": "Polygon", "coordinates": [[[-52.182518272908496, -32.066887951414124], [-52.18246906772222, -32.06687212748287], [-52.182478111240705, -32.06685539056003], [-52.18240317383077, -32.06682265845912], [-52.18261562716144, -32.066439643195615], [-52.18261004218145, -32.06636869201555], [-52.18264942815939, -32.0663208565992], [-52.18264136757935, -32.06628720277711], [-52.182654014572584, -32.066251668792425], [-52.18286321157671, -32.065918713276446], [-52.18284764881773, -32.065880799474435], [-52.18281369785655, -32.06584470812738], [-52.18268085001553, -32.06575467484779], [-52.182636271235395, -32.06573896156676], [-52.18245159859418, -32.065719621163794], [-52.18240167069037, -32.06577475354396], [-52.18213791181925, -32.06618567958562], [-52.18202097990827, -32.06627384886913], [-52.181904208045324, -32.06654990334444], [-52.18174636169813, -32.06684310155339], [-52.18176158326234, -32.06687262925765], [-52.182357865544134, -32.06713393151405], [-52.182373431125235, -32.06712760697808], [-52.182518272908496, -32.066887951414124]]]}}, {"id": "30", "type": "Feature", "properties": {}, "geometry": {"type": "Polygon", "coordinates": [[[-52.101742923232834, -32.04495527174795], [-52.10171417580698, -32.04501048098174], [-52.1016927537707, -32.04500270815501], [-52.101677561824644, -32.045036060973146], [-52.10180986548438, -32.04508175814874], [-52.101829753364136, -32.04504432037868], [-52.101802838321994, -32.04503271062337], [-52.10188833451274, -32.0449478330051], [-52.1021782739089, -32.044560417018985], [-52.102098560022924, -32.044518759127925], [-52.10210343138319, -32.044512552996515], [-52.10184834895684, -32.04442042859498], [-52.1015486051299, -32.04428686130723], [-52.10149933192101, -32.04424330297528], [-52.10142088171943, -32.04412649488197], [-52.10139713281489, -32.04397675387326], [-52.101374803406, -32.0439420004521], [-52.10131500623841, -32.04390757253349], [-52.10111352423673, -32.04386995502822], [-52.10092183916076, -32.044167653561225], [-52.10071821335317, -32.04452791701242], [-52.100675235083585, -32.04462712444632], [-52.10107004490772, -32.044757919576845], [-52.101742923232834, -32.04495527174795]]]}}, {"id": "31", "type": "Feature", "properties": {}, "geometry": {"type": "Polygon", "coordinates": [[[-52.09140360660314, -32.03648220806952], [-52.09229282141014, -32.036310575171775], [-52.09209963197728, -32.03547467858531], [-52.0911752752239, -32.035649183253675], [-52.09140360660314, -32.03648220806952]]]}}, {"id": "32", "type": "Feature", "properties": {}, "geometry": {"type": "Polygon", "coordinates": [[[-52.09796120553506, -32.044711325810624], [-52.09783833126402, -32.04420196854942], [-52.09782429633968, -32.0441952444796], [-52.09680454916093, -32.044391515528595], [-52.096737695592125, -32.04440293864514], [-52.09673543147333, -32.04439507116547], [-52.09649766334441, -32.04444562112345], [-52.096486599335705, -32.044464202137114], [-52.09649742039786, -32.04454096800905], [-52.09648610432541, -32.04499910979981], [-52.0966574565852, -32.04497840283599], [-52.09709483523755, -32.04488773275759], [-52.09790523973539, -32.044742066042936], [-52.09795118743786, -32.04472961953684], [-52.09796120553506, -32.044711325810624]]]}}, {"id": "33", "type": "Feature", "properties": {}, "geometry": {"type": "Polygon", "coordinates": [[[-52.100681573830876, -32.02852073786433], [-52.0992302355558, -32.029089141750894], [-52.09916559014942, -32.029902720310695], [-52.10022240148351, -32.029850471605684], [-52.10072644790846, -32.02853953157798], [-52.100681573830876, -32.02852073786433]]]}}, {"id": "34", "type": "Feature", "properties": {}, "geometry": {"type": "Polygon", "coordinates": [[[-52.14241581763033, -32.06333310045819], [-52.14208696438637, -32.06370108588067], [-52.142105077496296, -32.0637151035498], [-52.14204097614333, -32.06378759883778], [-52.141939743793436, -32.06389352469566], [-52.14191903212897, -32.06387874198902], [-52.141839170702845, -32.06396565030767], [-52.14205696397702, -32.06412653184383], [-52.142046396964766, -32.06414161716045], [-52.14212228847963, -32.064191300690716], [-52.14210373929908, -32.064209114616666], [-52.142294831286705, -32.064355108014084], [-52.14223206925057, -32.06442375947505], [-52.14223893039801, -32.06442893699044], [-52.142115656385556, -32.0645320225042], [-52.142338745695845, -32.06474893643413], [-52.14234349669747, -32.06472557428115], [-52.142746172400386, -32.06432813493699], [-52.14317251412119, -32.06386286895892], [-52.14315782195775, -32.06384250593287], [-52.14268350719717, -32.06350734398028], [-52.14241581763033, -32.06333310045819]]]}}, {"id": "35", "type": "Feature", "properties": {}, "geometry": {"type": "Polygon", "coordinates": [[[-52.095014925592665, -32.029776545884324], [-52.094289565715684, -32.02985829599419], [-52.09430819507914, -32.03093812971733], [-52.09510591192791, -32.030884981833225], [-52.095014925592665, -32.029776545884324]]]}}, {"id": "36", "type": "Feature", "properties": {}, "geometry": {"type": "Polygon", "coordinates": [[[-52.08420289875229, -32.04706265331045], [-52.083683259513116, -32.047171240042886], [-52.084059993971, -32.04851974151224], [-52.08456769857271, -32.0484166921052], [-52.08420289875229, -32.04706265331045]]]}}, {"id": "37", "type": "Feature", "properties": {}, "geometry": {"type": "Polygon", "coordinates": [[[-52.11135139064379, -32.03386978232256], [-52.11345834310144, -32.0302796749441], [-52.11253284030156, -32.02984675471093], [-52.11036782165865, -32.033507800591465], [-52.11135139064379, -32.03386978232256]]]}}, {"id": "38", "type": "Feature", "properties": {}, "geometry": {"type": "Polygon", "coordinates": [[[-52.098109500507306, -32.04535185145397], [-52.09799840776594, -32.044837411329034], [-52.09797189761707, -32.04482676765863], [-52.09647395920142, -32.04511612575182], [-52.096471956649246, -32.04566643705843], [-52.098096247500706, -32.04536704691251], [-52.098109500507306, -32.04535185145397]]]}}, {"id": "39", "type": "Feature", "properties": {}, "geometry": {"type": "Polygon", "coordinates": [[[-52.12417858290923, -32.054416825558654], [-52.124183299028466, -32.05431277995154], [-52.12405193204918, -32.05440630175856], [-52.12400795715338, -32.0543832913386], [-52.124071990007415, -32.05427516641645], [-52.12410143894714, -32.054285739429695], [-52.12421515698018, -32.05410804606431], [-52.124596582326134, -32.05342186494422], [-52.12417916754494, -32.05324470632116], [-52.12416619310833, -32.05324999041271], [-52.12386694621072, -32.05378761495363], [-52.123795731698955, -32.05375795395788], [-52.124087814213986, -32.05320784494167], [-52.123706518470016, -32.053053891101875], [-52.123682464128755, -32.053057406031265], [-52.12366110556882, -32.05307089229753], [-52.123609858621805, -32.05316001376203], [-52.12298775781568, -32.05431349763873], [-52.123225762457714, -32.05439189440542], [-52.12337566548954, -32.05442307747087], [-52.12388647527793, -32.054649449872535], [-52.12395817292895, -32.05461980264783], [-52.124060395601994, -32.05447735706622], [-52.12417858290923, -32.054416825558654]]]}}, {"id": "40", "type": "Feature", "properties": {}, "geometry": {"type": "Polygon", "coordinates": [[[-52.102151878625804, -32.02779585681398], [-52.102433471075976, -32.02829400529475], [-52.1033779703791, -32.02840156353077], [-52.10342309432882, -32.02837209517571], [-52.10355197068945, -32.02765480350538], [-52.10348921943316, -32.027625839144534], [-52.103419317774964, -32.02752582762143], [-52.103244042608075, -32.02721237514603], [-52.103048827681135, -32.02729902669868], [-52.10302559975383, -32.02725881981931], [-52.10223773432314, -32.02758203001345], [-52.102151878625804, -32.02779585681398]]]}}, {"id": "41", "type": "Feature", "properties": {}, "geometry": {"type": "Polygon", "coordinates": [[[-52.09525964713947, -32.043243630461134], [-52.09633929542303, -32.043047192176914], [-52.09634130919193, -32.042479795210006], [-52.09549572400108, -32.04263970723642], [-52.095494839502216, -32.04262132429026], [-52.09550964747325, -32.04261782523162], [-52.095502219430934, -32.04253648263906], [-52.0963357676118, -32.04237704377487], [-52.09635131826599, -32.042363862896615], [-52.096368981124016, -32.041636972930604], [-52.0957496630387, -32.04175786324482], [-52.09528992793631, -32.04183219379389], [-52.09525964713947, -32.043243630461134]]]}}, {"id": "42", "type": "Feature", "properties": {}, "geometry": {"type": "Polygon", "coordinates": [[[-52.10562725531902, -32.027238627557345], [-52.10606193627361, -32.0270724311193], [-52.10606434729876, -32.0269790261474], [-52.10649640364693, -32.02676186695589], [-52.106545713565026, -32.02672268952966], [-52.10656907514081, -32.02668558422712], [-52.10670172377889, -32.02560113026263], [-52.10669704151876, -32.025571649788006], [-52.106657797864806, -32.025548006240925], [-52.106571498926066, -32.02557089966631], [-52.105080698543276, -32.02619991238732], [-52.10505257232958, -32.02622651606035], [-52.10505195591132, -32.0262781840066], [-52.10507892528304, -32.026361241113776], [-52.10548408745447, -32.02721219923396], [-52.10550383139025, -32.02723416833338], [-52.10554508351508, -32.02724487929999], [-52.10562725531902, -32.027238627557345]]]}}, {"id": "43", "type": "Feature", "properties": {}, "geometry": {"type": "Polygon", "coordinates": [[[-52.09033774123362, -32.03768803015348], [-52.0901073140171, -32.03682206864563], [-52.089018918709954, -32.03703220543678], [-52.0889140611482, -32.037991859167995], [-52.09033774123362, -32.03768803015348]]]}}, {"id": "44", "type": "Feature", "properties": {}, "geometry": {"type": "Polygon", "coordinates": [[[-52.09166072329647, -32.0373953083073], [-52.09249741127109, -32.037215479560025], [-52.09231098621941, -32.03640567812611], [-52.091426269668716, -32.0365684392787], [-52.09166072329647, -32.0373953083073]]]}}, {"id": "45", "type": "Feature", "properties": {}, "geometry": {"type": "Polygon", "coordinates": [[[-52.09702984500559, -32.040211847385194], [-52.097598020185416, -32.040108076769094], [-52.097451558418385, -32.03945857408176], [-52.097539560394544, -32.03943826180568], [-52.097673573103656, -32.04008957741593], [-52.0982227190254, -32.03999457545288], [-52.09804472061959, -32.039188895330284], [-52.096843750877724, -32.0394239117693], [-52.09702984500559, -32.040211847385194]]]}}, {"id": "46", "type": "Feature", "properties": {}, "geometry": {"type": "Polygon", "coordinates": [[[-52.091233596313835, -32.03650527088259], [-52.09100797199616, -32.03568401448633], [-52.08913110981456, -32.036034589439026], [-52.089035046637086, -32.036927250457126], [-52.091233596313835, -32.03650527088259]]]}}, {"id": "47", "type": "Feature", "properties": {}, "geometry": {"type": "Polygon", "coordinates": [[[-52.09300210813432, -32.04512675978433], [-52.09295272629849, -32.04422032901611], [-52.09249704017278, -32.04430695107644], [-52.092572921189685, -32.045208030984625], [-52.09300210813432, -32.04512675978433]]]}}, {"id": "48", "type": "Feature", "properties": {}, "geometry": {"type": "Polygon", "coordinates": [[[-52.10089254828684, -32.02849660934684], [-52.100378639244624, -32.02982680707845], [-52.100448790201014, -32.029837970594016], [-52.101989137892474, -32.0297580142258], [-52.10218537318022, -32.02864743455127], [-52.10089254828684, -32.02849660934684]]]}}, {"id": "49", "type": "Feature", "properties": {}, "geometry": {"type": "Polygon", "coordinates": [[[-52.08962583387551, -32.0379984376357], [-52.088889133293314, -32.03815578654907], [-52.08885886432736, -32.03846028841918], [-52.0898467257673, -32.0387539619815], [-52.08962583387551, -32.0379984376357]]]}}, {"id": "50", "type": "Feature", "properties": {}, "geometry": {"type": "Polygon", "coordinates": [[[-52.15508340594905, -32.05135906521652], [-52.15419916422866, -32.05102743659784], [-52.15376988376597, -32.05187149082231], [-52.154659754418276, -32.052207157405526], [-52.15508340594905, -32.05135906521652]]]}}, {"id": "51", "type": "Feature", "properties": {}, "geometry": {"type": "Polygon", "coordinates": [[[-52.088123115488834, -32.03059699669721], [-52.08755910244363, -32.03054863601279], [-52.086949223707265, -32.030473819070814], [-52.08684348175133, -32.031457925338984], [-52.08800602068505, -32.031561979412885], [-52.088123115488834, -32.03059699669721]]]}}, {"id": "52", "type": "Feature", "properties": {}, "geometry": {"type": "Polygon", "coordinates": [[[-52.096322650347105, -32.043715321641805], [-52.096331358593154, -32.043153204863955], [-52.09524967827348, -32.043353247375926], [-52.095228088490714, -32.04458482979874], [-52.09630877893061, -32.04437743977537], [-52.09632052556326, -32.04381271292489], [-52.095465935354824, -32.0439686208505], [-52.09546571873116, -32.04387433794485], [-52.096322650347105, -32.043715321641805]]]}}, {"id": "53", "type": "Feature", "properties": {}, "geometry": {"type": "Polygon", "coordinates": [[[-52.08920367638327, -32.034518371459804], [-52.08919567373654, -32.03450444405357], [-52.088793258613755, -32.03458118464788], [-52.08878908319102, -32.0346072480278], [-52.088979713323916, -32.035176552126636], [-52.089103278028446, -32.03515420097573], [-52.08920367638327, -32.034518371459804]]]}}, {"id": "54", "type": "Feature", "properties": {}, "geometry": {"type": "Polygon", "coordinates": [[[-52.08560278368293, -32.03021067942653], [-52.08562398082269, -32.030162732057555], [-52.08555918962203, -32.030150634803014], [-52.085583176800604, -32.03008255500771], [-52.085354493931995, -32.030014346857286], [-52.085363872279316, -32.02998527290323], [-52.08520400842092, -32.029946416282215], [-52.08520691089346, -32.029937514720814], [-52.084761147489886, -32.02973416034454], [-52.08441537814787, -32.02970289197814], [-52.08440387937844, -32.029808157824455], [-52.084250689206826, -32.02977662214323], [-52.084234797324775, -32.029743632700814], [-52.08424791770189, -32.029688798765164], [-52.08419069266012, -32.02967720887292], [-52.084106648545706, -32.029893395457734], [-52.08405029566762, -32.029886633335046], [-52.08409278806347, -32.02978204974907], [-52.084082234579284, -32.02977972233255], [-52.084040571342506, -32.029886373670216], [-52.08394329961733, -32.029881359580216], [-52.084034541382614, -32.02961542356751], [-52.084001260950295, -32.02960845514865], [-52.08396344581725, -32.029731636232874], [-52.08393305601847, -32.02970126951982], [-52.083949516318775, -32.02962879795267], [-52.083944102129095, -32.029590793404324], [-52.0839064796456, -32.029554128663705], [-52.083683447421, -32.02946197236708], [-52.08357164179203, -32.029443902425946], [-52.08267388762346, -32.02915656416366], [-52.082632023611325, -32.02915445885415], [-52.08255198618279, -32.02919931832856], [-52.08241461602727, -32.02930347683282], [-52.082361126887335, -32.02928515442921], [-52.082320653279865, -32.029351286475276], [-52.082263797449116, -32.029328995197154], [-52.08200745560099, -32.02976995747258], [-52.081996216513545, -32.02976579987399], [-52.08198619805291, -32.02972053016622], [-52.081968256179245, -32.02970963967752], [-52.081941875104604, -32.02970907633867], [-52.08191259220532, -32.02973713091352], [-52.08180100977731, -32.02992612697552], [-52.081736394157424, -32.03019232776414], [-52.08156495836462, -32.03060084433467], [-52.0815421753524, -32.03059097573779], [-52.08131979514889, -32.03098335439834], [-52.08408474158689, -32.0312212389973], [-52.084103875559066, -32.03119592469708], [-52.084209540394895, -32.03014801015606], [-52.08432385189268, -32.03015578310474], [-52.08419563030366, -32.031230502717726], [-52.08532885433399, -32.031337540368966], [-52.08534816467814, -32.03131733029357], [-52.085494794858974, -32.03020367059387], [-52.08560278368293, -32.03021067942653]]]}}, {"id": "55", "type": "Feature", "properties": {}, "geometry": {"type": "Polygon", "coordinates": [[[-52.0963024924412, -32.04448773405833], [-52.09522179140914, -32.04468331878109], [-52.09518793509176, -32.04592070021259], [-52.09627311074104, -32.045717926021126], [-52.0962889764813, -32.04515188131082], [-52.095435927577924, -32.04531694978653], [-52.0954340239672, -32.04520554124911], [-52.096295468263925, -32.0450429171632], [-52.0963024924412, -32.04448773405833]]]}}, {"id": "56", "type": "Feature", "properties": {}, "geometry": {"type": "Polygon", "coordinates": [[[-52.090772563514435, -32.03485516042974], [-52.09061803976896, -32.0342591948756], [-52.09047652937266, -32.03429606738005], [-52.09024217920141, -32.03434042039127], [-52.09023980129253, -32.03433148944369], [-52.08995281390397, -32.03439177801893], [-52.08966463323101, -32.034423286581784], [-52.089514870168095, -32.03445166970393], [-52.089517265198744, -32.03446205209632], [-52.0894488231329, -32.03447355745211], [-52.089449696037654, -32.03448216851926], [-52.089308832386536, -32.03450660405737], [-52.089240504381365, -32.035135003504486], [-52.08924618463857, -32.03514195233042], [-52.08944737876453, -32.03511392708502], [-52.089445729487515, -32.0351065624043], [-52.089725536196134, -32.035051801962105], [-52.090772563514435, -32.03485516042974]]]}}, {"id": "57", "type": "Feature", "properties": {}, "geometry": {"type": "Polygon", "coordinates": [[[-52.12423659544622, -32.03932571287028], [-52.12434891510113, -32.03917110734132], [-52.12437451696415, -32.039181858835775], [-52.124358185600514, -32.03915754776182], [-52.12428524120014, -32.039114533050494], [-52.12424993342048, -32.039109442581235], [-52.1242289207524, -32.039120634526206], [-52.124188271973, -32.039107472507595], [-52.124178691208634, -32.03911471111001], [-52.12408357341537, -32.03906589393372], [-52.1240272148818, -32.03900647618174], [-52.1240453415699, -32.03892638044579], [-52.1240126762569, -32.03891132534564], [-52.1240197763703, -32.0388995531471], [-52.12387885023992, -32.038826974692306], [-52.123874084006275, -32.038836470945505], [-52.123799261385436, -32.03881738725096], [-52.1237059948215, -32.03881083477245], [-52.12369084465588, -32.03879390133264], [-52.12361237253553, -32.03878816486086], [-52.12357129529561, -32.038800598998954], [-52.12356041631451, -32.038822941184044], [-52.12353871048587, -32.03881726989871], [-52.123523049426, -32.0387845181417], [-52.123405529705934, -32.03875708928411], [-52.12339768322674, -32.03873290135699], [-52.12337283907074, -32.03871566587299], [-52.12333841228707, -32.03874280837587], [-52.123305290933175, -32.038739827222365], [-52.12328858159341, -32.03872095901284], [-52.123350587266664, -32.03864447088573], [-52.12331111531839, -32.03862011211893], [-52.123179393183186, -32.038573540037696], [-52.12313101092507, -32.03858096895021], [-52.123044087424496, -32.03856566354836], [-52.12298988452511, -32.038572566623415], [-52.12299096918081, -32.038524348815585], [-52.12301150378546, -32.03847139409968], [-52.12299993392359, -32.03842153830959], [-52.122967653971905, -32.03838857284399], [-52.12300695696387, -32.03833317859422], [-52.12281295651381, -32.038234006047745], [-52.122799565415754, -32.038256180978166], [-52.12267603528356, -32.038203924750526], [-52.122595182803984, -32.03823566389664], [-52.12258153453544, -32.038257597515], [-52.122502326181746, -32.03822272904786], [-52.122456224216144, -32.03827815627733], [-52.122289048460274, -32.03815800615173], [-52.12227397447611, -32.03811690461015], [-52.12217526845422, -32.03803161877353], [-52.122192148082966, -32.03798373926991], [-52.12218443841221, -32.03797160210114], [-52.12214308478313, -32.03795876138688], [-52.122074813721255, -32.03801740673113], [-52.1219837152793, -32.03796104689629], [-52.121976662362094, -32.03789161154535], [-52.121993203565395, -32.03787068078167], [-52.121960451159005, -32.037851900238934], [-52.121952618487164, -32.03786180244165], [-52.121875505893144, -32.037726060267254], [-52.121814096145165, -32.03771338789323], [-52.12170482259299, -32.037754976289975], [-52.12165030265675, -32.037738454059635], [-52.12160821530143, -32.03770537653839], [-52.12166420532718, -32.03768873361171], [-52.12168253652169, -32.037666948098284], [-52.121680108162714, -32.03765105654118], [-52.12160513107327, -32.037598342611474], [-52.12155678024458, -32.03759789530872], [-52.12154308525698, -32.037533489252745], [-52.12146626620559, -32.03749646100721], [-52.12142065592284, -32.037494076958275], [-52.12134981366453, -32.03755726418096], [-52.12131680073485, -32.03755531895635], [-52.12115743062338, -32.03738979478975], [-52.12109262396639, -32.03735993101163], [-52.12107192456563, -32.03733165279169], [-52.121078177730375, -32.03732162027267], [-52.120920216180004, -32.037243812562295], [-52.12104651335227, -32.037099225895076], [-52.12101474340595, -32.03705065809028], [-52.12099343584853, -32.03703851478076], [-52.120970297497365, -32.03705863773097], [-52.120937590015274, -32.03702525151774], [-52.120834229272184, -32.03699580965281], [-52.12080027205207, -32.03705889601091], [-52.12063783273698, -32.03705334965313], [-52.12059310694897, -32.03704270326905], [-52.12059695736613, -32.037035380268016], [-52.120480466004516, -32.03697996543392], [-52.1205050060625, -32.03693753928981], [-52.12044696406786, -32.03691785422309], [-52.1204240351703, -32.03681344932174], [-52.120363355148015, -32.03675801925671], [-52.12034981695249, -32.036714233674594], [-52.120548654558, -32.036317221277855], [-52.12044847397329, -32.03625056640494], [-52.120329267129264, -32.036199920455076], [-52.12041346623476, -32.036073486785526], [-52.12039655933436, -32.03605656845451], [-52.1203176982075, -32.03602737873584], [-52.12035940792252, -32.0359321543279], [-52.12025644621763, -32.03589014218411], [-52.1202044014054, -32.0359880649446], [-52.12015064643559, -32.03596467932543], [-52.11957273202931, -32.03698857082514], [-52.11968543578142, -32.03710002233184], [-52.11973418421614, -32.037186229505814], [-52.1198270340816, -32.03709780648862], [-52.11987073638738, -32.03708093008668], [-52.119934953305375, -32.03707892850957], [-52.12036070287259, -32.037223724821104], [-52.12034467487944, -32.03725551212733], [-52.120030547085754, -32.0371376136441], [-52.11989350297191, -32.03710419261525], [-52.11985030532022, -32.03712076687452], [-52.11977509109247, -32.03721114506325], [-52.11978749052077, -32.03726492701302], [-52.120557574329936, -32.037657221162384], [-52.12069213039439, -32.03778275883545], [-52.121008009750696, -32.03797113924558], [-52.12141506607979, -32.0381405711678], [-52.12152575873147, -32.038162342973465], [-52.1216166539844, -32.03819857006721], [-52.12195455007009, -32.03837010051835], [-52.12214866578512, -32.038087234139724], [-52.12215992932416, -32.03809465795715], [-52.122123428523295, -32.03815494359367], [-52.12196692141902, -32.03837110061972], [-52.122095583787214, -32.03847164661765], [-52.12203178806661, -32.03858813104576], [-52.122053750992485, -32.038607945238965], [-52.122393236063395, -32.03876629878125], [-52.12243836981347, -32.03876429346446], [-52.12248240377239, -32.038721631219076], [-52.122719753783905, -32.03829250267276], [-52.122743560529294, -32.03830372145075], [-52.122663046973564, -32.03846996971347], [-52.122755317101344, -32.03852246670134], [-52.12274678944292, -32.03853616392472], [-52.12264945690524, -32.03850188004493], [-52.12263306453579, -32.03850549828234], [-52.12246099267584, -32.03881908516427], [-52.12266437020323, -32.038927223251726], [-52.12306902157285, -32.039171455077955], [-52.12334760950214, -32.03930166769774], [-52.12353832503523, -32.039358839672545], [-52.12362406541725, -32.0393994681157], [-52.12364334353508, -32.039396257180215], [-52.12381768831939, -32.039127663371715], [-52.12384643409196, -32.039137430879876], [-52.123705525617495, -32.03934546813203], [-52.12365634775324, -32.03946379035285], [-52.1240102588367, -32.03960965284001], [-52.12418478652462, -32.039304954909355], [-52.12423659544622, -32.03932571287028]]]}}, {"id": "58", "type": "Feature", "properties": {}, "geometry": {"type": "Polygon", "coordinates": [[[-52.10471795278241, -32.0271463532696], [-52.104396057973894, -32.02656486346102], [-52.104326295912415, -32.02654160280974], [-52.10429267865487, -32.02654189556835], [-52.10407069199082, -32.026627844630596], [-52.10402472718345, -32.02671989874788], [-52.10429845599818, -32.02721015506669], [-52.10471795278241, -32.0271463532696]]]}}, {"id": "59", "type": "Feature", "properties": {}, "geometry": {"type": "Polygon", "coordinates": [[[-52.119327228689414, -32.05131729696026], [-52.11882306195014, -32.052228598725314], [-52.118978072423225, -32.05228766135663], [-52.11909894125158, -32.0520575666451], [-52.11916343229638, -32.05208304683558], [-52.11933283345698, -32.051777594384944], [-52.11937196542191, -32.051793344936016], [-52.119353781632476, -32.051825613175154], [-52.11943467074646, -32.05185881387134], [-52.11928506160776, -32.05212570877681], [-52.11935534925876, -32.05215761795091], [-52.11936586037021, -32.05214055302001], [-52.11956582568938, -32.05222764126445], [-52.11950120314199, -32.05234186579046], [-52.11966591761398, -32.052409457850786], [-52.119689894612854, -32.052364885776434], [-52.11975680618893, -32.05239232238525], [-52.119969038852254, -32.05203744837977], [-52.12017169150319, -32.05166271528723], [-52.119327228689414, -32.05131729696026]]]}}, {"id": "60", "type": "Feature", "properties": {}, "geometry": {"type": "Polygon", "coordinates": [[[-52.08951683600965, -32.031686966669724], [-52.08962035666166, -32.03074531631492], [-52.08856990583052, -32.030785303542146], [-52.08842709375684, -32.030782174400564], [-52.088344513849435, -32.03158349558409], [-52.08951683600965, -32.031686966669724]]]}}, {"id": "61", "type": "Feature", "properties": {}, "geometry": {"type": "Polygon", "coordinates": [[[-52.14532458130098, -32.065586803377116], [-52.14445667586301, -32.065922947892716], [-52.14456564576321, -32.066138431896604], [-52.14398412019846, -32.06636941397386], [-52.144091591392424, -32.06656561005176], [-52.145542423535495, -32.06600198472413], [-52.14532458130098, -32.065586803377116]]]}}, {"id": "62", "type": "Feature", "properties": {}, "geometry": {"type": "Polygon", "coordinates": [[[-52.14441298259967, -32.0667760658842], [-52.145688652879215, -32.06628853213443], [-52.14558786316209, -32.066097172968206], [-52.14430926965718, -32.06658583597887], [-52.14441298259967, -32.0667760658842]]]}}, {"id": "63", "type": "Feature", "properties": {}, "geometry": {"type": "Polygon", "coordinates": [[[-52.15357308388667, -32.051790921689346], [-52.15399982177567, -32.05096522853072], [-52.15302063695903, -32.050605698245796], [-52.15259752082397, -32.051437772081954], [-52.15357308388667, -32.051790921689346]]]}}, {"id": "64", "type": "Feature", "properties": {}, "geometry": {"type": "Polygon", "coordinates": [[[-52.17218089353768, -32.05961446672083], [-52.17301522691379, -32.05834613583944], [-52.1727390807605, -32.058208742997756], [-52.171918351145116, -32.05948999471678], [-52.17218089353768, -32.05961446672083]]]}}, {"id": "65", "type": "Feature", "properties": {}, "geometry": {"type": "Polygon", "coordinates": [[[-52.10336464768897, -32.028739632713325], [-52.102342426561286, -32.028630898100296], [-52.10231621730489, -32.02865827024469], [-52.10211778937368, -32.029755275180186], [-52.10270697015103, -32.02982847341533], [-52.102790749545015, -32.02942244774569], [-52.102844429258255, -32.02943051477987], [-52.10282880227194, -32.02951825396627], [-52.10284132635306, -32.029519741762705], [-52.10277831740322, -32.029836864943036], [-52.10314006350719, -32.0298806547667], [-52.10316191283092, -32.02985882321804], [-52.10338011815101, -32.02875016998183], [-52.10336464768897, -32.028739632713325]]]}}, {"id": "66", "type": "Feature", "properties": {}, "geometry": {"type": "Polygon", "coordinates": [[[-52.08125455574954, -32.04908834299421], [-52.079981336893674, -32.04597857853752], [-52.07975160012065, -32.04599292067013], [-52.079337728437345, -32.04724801200336], [-52.07935678787056, -32.04743040905323], [-52.07928337250614, -32.047412847168836], [-52.07896548531249, -32.04837683298195], [-52.079002116993536, -32.048429645837444], [-52.07897520084256, -32.04851875423952], [-52.07891188596352, -32.04853936982396], [-52.078598045581444, -32.04949106063716], [-52.078841184381496, -32.049564367716236], [-52.08125455574954, -32.04908834299421]]]}}, {"id": "67", "type": "Feature", "properties": {}, "geometry": {"type": "Polygon", "coordinates": [[[-52.08901781859148, -32.03605516165384], [-52.08780919259709, -32.03627856065756], [-52.08771887488325, -32.037165880281414], [-52.08892500643728, -32.036936417464155], [-52.08901781859148, -32.03605516165384]]]}}, {"id": "68", "type": "Feature", "properties": {}, "geometry": {"type": "Polygon", "coordinates": [[[-52.110617413388034, -32.026462629500195], [-52.11066131633461, -32.02658718717615], [-52.1106842637265, -32.02661470058894], [-52.11091172815371, -32.02668382803417], [-52.110953952782566, -32.026727439230854], [-52.110955240786524, -32.02677562639713], [-52.110991235594284, -32.02679350947713], [-52.11122653182318, -32.02641814935622], [-52.11128904415298, -32.026304943706414], [-52.11128869833474, -32.02627630491522], [-52.11127172841488, -32.02626308744804], [-52.11104726881821, -32.02623641246873], [-52.11083939894169, -32.02619145194266], [-52.11068675967888, -32.026172739699135], [-52.11061430821849, -32.02639105213613], [-52.110617413388034, -32.026462629500195]]]}}, {"id": "69", "type": "Feature", "properties": {}, "geometry": {"type": "Polygon", "coordinates": [[[-52.10032255066328, -32.02995579077859], [-52.099874547557235, -32.031092519482186], [-52.10024109426488, -32.03124162787063], [-52.10047295088814, -32.03135813700949], [-52.100770480592345, -32.0314445541403], [-52.101217942495076, -32.031484760376664], [-52.10167799161575, -32.03142877949751], [-52.10194612775311, -32.02989474241601], [-52.10124817373339, -32.0299062491778], [-52.10032255066328, -32.02995579077859]]]}}, {"id": "70", "type": "Feature", "properties": {}, "geometry": {"type": "Polygon", "coordinates": [[[-52.09095877439794, -32.03553094582061], [-52.09092197502161, -32.035408200976875], [-52.09093784688008, -32.035405430066504], [-52.09086641696959, -32.03519379181984], [-52.09087478347834, -32.03519146182685], [-52.09080254183254, -32.03494859472531], [-52.08939835567832, -32.03519625318259], [-52.08922693745653, -32.03523347774628], [-52.089210032261, -32.035372866892], [-52.08923573651283, -32.035491567899015], [-52.08919733961992, -32.03549490843926], [-52.08915255946377, -32.03585469294441], [-52.08917702528202, -32.03586878349692], [-52.09095877439794, -32.03553094582061]]]}}, {"id": "71", "type": "Feature", "properties": {}, "geometry": {"type": "Polygon", "coordinates": [[[-52.09794085915775, -32.04406828085166], [-52.09911876178937, -32.04384520485831], [-52.09899124828609, -32.04332252575154], [-52.09897115063878, -32.043312662823375], [-52.09863399217507, -32.04337529841022], [-52.09782527647262, -32.04353131007705], [-52.097806446269516, -32.04354389509165], [-52.097927283179736, -32.04405726969939], [-52.09794085915775, -32.04406828085166]]]}}, {"id": "72", "type": "Feature", "properties": {}, "geometry": {"type": "Polygon", "coordinates": [[[-52.08152013240001, -32.04760198254223], [-52.080829089218796, -32.047735959490645], [-52.08136378098034, -32.049058926126186], [-52.08189441996245, -32.04895715985808], [-52.08152013240001, -32.04760198254223]]]}}, {"id": "73", "type": "Feature", "properties": {}, "geometry": {"type": "Polygon", "coordinates": [[[-52.168634351852205, -32.056678141390734], [-52.16771683405225, -32.05631611333167], [-52.16729098188748, -32.056957204566025], [-52.16831567213995, -32.05733017940079], [-52.168634351852205, -32.056678141390734]]]}}, {"id": "74", "type": "Feature", "properties": {}, "geometry": {"type": "Polygon", "coordinates": [[[-52.16462713216872, -32.05625522310519], [-52.16251045762954, -32.05505653550357], [-52.162054697016806, -32.055932256220785], [-52.16354098780334, -32.056393635293865], [-52.16448064142491, -32.05675658965068], [-52.16462713216872, -32.05625522310519]]]}}, {"id": "75", "type": "Feature", "properties": {}, "geometry": {"type": "Polygon", "coordinates": [[[-52.173046751626444, -32.060014522858786], [-52.17358929159656, -32.05914546072881], [-52.1734592035594, -32.059082304091845], [-52.1735100745669, -32.05858236919891], [-52.173106606325206, -32.058396967700894], [-52.17300456147223, -32.05855629104194], [-52.17301631424842, -32.05856227679653], [-52.17229214267159, -32.05966550004757], [-52.173046751626444, -32.060014522858786]]]}}, {"id": "76", "type": "Feature", "properties": {}, "geometry": {"type": "Polygon", "coordinates": [[[-52.17509501255288, -32.06013548998901], [-52.17472096816957, -32.05996488126053], [-52.17477725629338, -32.05988175117704], [-52.17439556778214, -32.05970613644739], [-52.173929975398565, -32.06042193007003], [-52.174684674244226, -32.06077339145077], [-52.17509501255288, -32.06013548998901]]]}}, {"id": "77", "type": "Feature", "properties": {}, "geometry": {"type": "Polygon", "coordinates": [[[-52.143754701319025, -32.06491658949218], [-52.14367472286254, -32.06483377373624], [-52.1434117832701, -32.064651170388025], [-52.142954939944545, -32.06514140079315], [-52.1428274611699, -32.065258309725486], [-52.14298259519326, -32.06537426100239], [-52.14304823019491, -32.06531797726576], [-52.14319024929771, -32.06546865500478], [-52.143754701319025, -32.06491658949218]]]}}, {"id": "78", "type": "Feature", "properties": {}, "geometry": {"type": "Polygon", "coordinates": [[[-52.099004972617436, -32.045944521310965], [-52.098395896107014, -32.04606469197311], [-52.098390079290155, -32.04608579743116], [-52.09847159537648, -32.046350381186116], [-52.098493040610144, -32.04635903594959], [-52.09875589988898, -32.046326212679254], [-52.09882919806817, -32.0462965025948], [-52.099004972617436, -32.045944521310965]]]}}, {"id": "79", "type": "Feature", "properties": {}, "geometry": {"type": "Polygon", "coordinates": [[[-52.08818910578501, -32.03303628127682], [-52.08801087920966, -32.03456789482617], [-52.08844775886072, -32.03452618817127], [-52.089206171090844, -32.03437835150727], [-52.089350223525564, -32.03309611295726], [-52.08933396324067, -32.03307772649873], [-52.08820480430764, -32.03302600879703], [-52.08818910578501, -32.03303628127682]]]}}, {"id": "80", "type": "Feature", "properties": {}, "geometry": {"type": "Polygon", "coordinates": [[[-52.10494331219313, -32.03058481252008], [-52.104598034363185, -32.03053287315405], [-52.10426382268291, -32.03211508456861], [-52.10533842537001, -32.032253275438414], [-52.10591636065369, -32.029066675229465], [-52.1049461553753, -32.02894885667501], [-52.10462403205488, -32.030422956286536], [-52.10496908168557, -32.03047765043776], [-52.10494331219313, -32.03058481252008]]]}}, {"id": "81", "type": "Feature", "properties": {}, "geometry": {"type": "Polygon", "coordinates": [[[-52.10683221717988, -32.02657140128681], [-52.10729589115987, -32.02636216249766], [-52.10734188588376, -32.026040364187345], [-52.10684620840621, -32.02597909367615], [-52.10682211525495, -32.02615556686617], [-52.106809636332976, -32.02615410251748], [-52.106784792723936, -32.02636745978407], [-52.10680010257221, -32.02652396874514], [-52.10683221717988, -32.02657140128681]]]}}, {"id": "82", "type": "Feature", "properties": {}, "geometry": {"type": "Polygon", "coordinates": [[[-52.10153312513626, -32.04370768054208], [-52.10144771687786, -32.043910111841925], [-52.10146743714234, -32.04396303640251], [-52.10154204437466, -32.04399492333932], [-52.10170804921236, -32.04398504611251], [-52.101828332074916, -32.044026203744814], [-52.101824926492014, -32.04403367568329], [-52.10188286880812, -32.04405735740672], [-52.101918537598905, -32.04419770305409], [-52.10186222689169, -32.044381815294976], [-52.10222603952272, -32.044496592406304], [-52.10229575540186, -32.04434627706023], [-52.1027715110571, -32.04370960016765], [-52.102891977972774, -32.043780272930796], [-52.1029926855447, -32.043856213391734], [-52.103642718874795, -32.04265088065356], [-52.10268230119835, -32.0417691443891], [-52.10264451961232, -32.04176618935624], [-52.102621664030174, -32.041781182615196], [-52.10159243286319, -32.04350442143342], [-52.10153312513626, -32.04370768054208]]]}}, {"id": "83", "type": "Feature", "properties": {}, "geometry": {"type": "Polygon", "coordinates": [[[-52.10783678188665, -32.03087598852508], [-52.10852037454179, -32.03104797187328], [-52.10860631234893, -32.03090489581895], [-52.10822618310026, -32.030297197583884], [-52.10819700341745, -32.0302888465522], [-52.10796421436689, -32.030646128908295], [-52.10783678188665, -32.03087598852508]]]}}, {"id": "84", "type": "Feature", "properties": {}, "geometry": {"type": "Polygon", "coordinates": [[[-52.097473078891795, -32.02975916700089], [-52.09718232612235, -32.02977507033968], [-52.09720377344683, -32.03002331232023], [-52.097496593623006, -32.03000801735448], [-52.097473078891795, -32.02975916700089]]]}}, {"id": "85", "type": "Feature", "properties": {}, "geometry": {"type": "Polygon", "coordinates": [[[-52.09633793176621, -32.03937910369823], [-52.096696127242275, -32.03930404139535], [-52.09650744088332, -32.038517740323854], [-52.09614699288779, -32.03859035269253], [-52.09633793176621, -32.03937910369823]]]}}, {"id": "86", "type": "Feature", "properties": {}, "geometry": {"type": "Polygon", "coordinates": [[[-52.08696989307218, -32.038492555721035], [-52.08727705991732, -32.038405394665354], [-52.08729399548513, -32.0383902654724], [-52.087407261652125, -32.037310674859846], [-52.08712315904224, -32.03736420643738], [-52.087091375975525, -32.037380247746945], [-52.08696221210168, -32.03845019560464], [-52.08696989307218, -32.038492555721035]]]}}, {"id": "87", "type": "Feature", "properties": {}, "geometry": {"type": "Polygon", "coordinates": [[[-52.13369403175127, -32.05641126011396], [-52.131823314041554, -32.05622430642509], [-52.13148883686213, -32.056861611886426], [-52.131703214004034, -32.05694069053907], [-52.13187753013649, -32.056968765380944], [-52.132053999712895, -32.0569767823838], [-52.13235973253583, -32.057099224156715], [-52.13235208058562, -32.057111177048434], [-52.13240829826598, -32.05713329391378], [-52.132462061309965, -32.05706099565377], [-52.13263695745379, -32.05713232260104], [-52.1328414631208, -32.05724595426724], [-52.13369403175127, -32.05641126011396]]]}}, {"id": "88", "type": "Feature", "properties": {}, "geometry": {"type": "Polygon", "coordinates": [[[-52.131738713193094, -32.056198961964895], [-52.13153050280272, -32.05618291763113], [-52.13126450502448, -32.05612713000729], [-52.130990886910574, -32.05602892273966], [-52.130170959683454, -32.05569893750837], [-52.12981697186599, -32.05633516479861], [-52.131178308921314, -32.05681291572075], [-52.13121219852533, -32.05675229501351], [-52.131412674676206, -32.056827986766926], [-52.131738713193094, -32.056198961964895]]]}}, {"id": "89", "type": "Feature", "properties": {}, "geometry": {"type": "Polygon", "coordinates": [[[-52.1300788163616, -32.055660603514376], [-52.12893194344394, -32.05518435491612], [-52.12836641356997, -32.05610707602139], [-52.12903667037188, -32.0563617584566], [-52.12917468766084, -32.056115492615966], [-52.1297144785867, -32.05631247696105], [-52.1300788163616, -32.055660603514376]]]}}, {"id": "90", "type": "Feature", "properties": {}, "geometry": {"type": "Polygon", "coordinates": [[[-52.12881368600118, -32.05514456880132], [-52.12807935862148, -32.054840006605545], [-52.127523656363145, -32.05584581685415], [-52.12775950562236, -32.05595048872428], [-52.12779654320556, -32.055872216741434], [-52.12827218863438, -32.0560718800955], [-52.12881368600118, -32.05514456880132]]]}}, {"id": "91", "type": "Feature", "properties": {}, "geometry": {"type": "Polygon", "coordinates": [[[-52.12738307619572, -32.054546512685526], [-52.12623471233516, -32.05407205078799], [-52.126184379261026, -32.05415562896395], [-52.125765908431525, -32.053988240355956], [-52.12539056425329, -32.05466480770539], [-52.12578963219947, -32.054825271262736], [-52.12566190364662, -32.05504301543022], [-52.12598388464862, -32.05517439916192], [-52.12615684452512, -32.054870024067505], [-52.12634862593762, -32.05494992449829], [-52.12639276695436, -32.05487257163482], [-52.126585387033465, -32.054953471893164], [-52.126553579275345, -32.055010195203614], [-52.12702847761214, -32.05520309672857], [-52.12738307619572, -32.054546512685526]]]}}, {"id": "92", "type": "Feature", "properties": {}, "geometry": {"type": "Polygon", "coordinates": [[[-52.15727497709164, -32.052190333747376], [-52.15633659122728, -32.05184090735998], [-52.155880637242, -32.052683657459546], [-52.15685643604213, -32.05303955727391], [-52.15727497709164, -32.052190333747376]]]}}, {"id": "93", "type": "Feature", "properties": {}, "geometry": {"type": "Polygon", "coordinates": [[[-52.095342477310304, -32.04040990104534], [-52.0958563491021, -32.040564743409384], [-52.095955860019814, -32.04030230183856], [-52.09619792096479, -32.039553704588585], [-52.09516812250033, -32.03975740512825], [-52.095342477310304, -32.04040990104534]]]}}, {"id": "94", "type": "Feature", "properties": {}, "geometry": {"type": "Polygon", "coordinates": [[[-52.142718456533366, -32.0644561292289], [-52.1429807514515, -32.064630326011375], [-52.142524192319314, -32.065097434171854], [-52.14269035443642, -32.06522533400574], [-52.14284265457675, -32.06508058208625], [-52.14331419328918, -32.06458219378113], [-52.14287818461631, -32.064283493852955], [-52.142718456533366, -32.0644561292289]]]}}, {"id": "95", "type": "Feature", "properties": {}, "geometry": {"type": "Polygon", "coordinates": [[[-52.098018636426104, -32.04205073650405], [-52.09787821855356, -32.04138823073995], [-52.097761213264725, -32.04141032052525], [-52.09775467025616, -32.041381507815615], [-52.097319800173004, -32.041460566333356], [-52.09748034247258, -32.042150477165684], [-52.097675899441334, -32.04212883334181], [-52.09795453449371, -32.042073978527434], [-52.098018636426104, -32.04205073650405]]]}}, {"id": "96", "type": "Feature", "properties": {}, "geometry": {"type": "Polygon", "coordinates": [[[-52.13337638947672, -32.044386105009124], [-52.13248728099901, -32.04378124020533], [-52.13219548286237, -32.044282687783294], [-52.133186972614006, -32.04469629215838], [-52.13337638947672, -32.044386105009124]]]}}, {"id": "97", "type": "Feature", "properties": {}, "geometry": {"type": "Polygon", "coordinates": [[[-52.08042066337105, -32.02836248866022], [-52.08036418693493, -32.028363141250296], [-52.080260839532, -32.02838887476273], [-52.080181585946185, -32.028431994029646], [-52.08010095649647, -32.02842646533389], [-52.07996850206638, -32.02845520698353], [-52.07984319292139, -32.028509002297795], [-52.079856807902395, -32.02856469067293], [-52.07990755770235, -32.02857234135369], [-52.08009110679137, -32.02854001620784], [-52.0801161881389, -32.02857927875334], [-52.080115495392924, -32.02862310899472], [-52.0801308319415, -32.0286540378878], [-52.08008621418323, -32.028842236540356], [-52.07998360268072, -32.02883147335191], [-52.07998213074923, -32.02884410636004], [-52.080087296409744, -32.02885504625705], [-52.08007285177328, -32.02891544805689], [-52.08003291157303, -32.02898792069503], [-52.07999123579669, -32.028999137022666], [-52.079958448934995, -32.029042302415775], [-52.07988232992285, -32.02907736605512], [-52.079730124648506, -32.02908712394469], [-52.079565715833056, -32.02915337623661], [-52.079510341229444, -32.029144186109626], [-52.079463752547554, -32.02915907958027], [-52.07938789999322, -32.02915549440843], [-52.079276947733334, -32.02917938842116], [-52.07922336733276, -32.029202189642085], [-52.07913639274156, -32.02927781373609], [-52.079014533249705, -32.02927824634046], [-52.07885120313204, -32.02933180491581], [-52.07881744625092, -32.02935280449057], [-52.07876537232866, -32.029351470369726], [-52.07869249887022, -32.029312054822945], [-52.07861361440556, -32.02930819728601], [-52.07855746059768, -32.029333717417515], [-52.07848327652573, -32.029445397734854], [-52.078384706526066, -32.0295328563519], [-52.07831818999759, -32.02961299686115], [-52.07831877427428, -32.029628517149376], [-52.07834691306739, -32.029645877955865], [-52.07833748801724, -32.02967115394925], [-52.07828887142013, -32.0296684641364], [-52.07823509176058, -32.0297447976529], [-52.07824302975699, -32.02976612812442], [-52.078194861871026, -32.02980173791226], [-52.078002348803025, -32.030104173184306], [-52.07792422813437, -32.03027043703811], [-52.0778920356349, -32.030306605527706], [-52.077879332878844, -32.030354029006105], [-52.07781806818908, -32.03034108132797], [-52.07780253268871, -32.03039800099802], [-52.077857256984835, -32.03040857761275], [-52.07786212611666, -32.03038941156094], [-52.077866409801906, -32.030399821542765], [-52.077923116169515, -32.03040693523269], [-52.0778808850538, -32.030588689841935], [-52.07785194710924, -32.030606184110674], [-52.07777042783105, -32.030594455027796], [-52.07769931430203, -32.03060047210052], [-52.077699223573774, -32.03061171312088], [-52.077682632055556, -32.03061373953851], [-52.07768104390546, -32.030655358196405], [-52.077662447253296, -32.03066340066273], [-52.07762717624759, -32.03072788531561], [-52.07760936766871, -32.03072907408705], [-52.077577229935095, -32.03084499728311], [-52.07760011843935, -32.0308634312693], [-52.07771462481211, -32.03089684638798], [-52.07772163933111, -32.03090714295256], [-52.077707176788024, -32.03093452753842], [-52.077549578141095, -32.03114776275911], [-52.07742634762378, -32.03111633409305], [-52.07728267648062, -32.03133162471997], [-52.07729321202657, -32.03143191261296], [-52.077268029157814, -32.03148525162744], [-52.07724709139381, -32.03148148730683], [-52.0772362031835, -32.031522030271404], [-52.07724932257218, -32.031524625131595], [-52.07722531547848, -32.031613271621936], [-52.077280930868355, -32.031643822565414], [-52.077245868459016, -32.03174245909417], [-52.07720727640205, -32.03177479370233], [-52.077194452457896, -32.031813720294416], [-52.077206237426985, -32.03185158081987], [-52.077234562574, -32.03188481735357], [-52.077248120623494, -32.03193753854784], [-52.07713235633569, -32.03191979428407], [-52.077138734901965, -32.031891143319704], [-52.0770993412487, -32.03188576762912], [-52.077079344491985, -32.031975967730865], [-52.0771159764501, -32.031983342500745], [-52.07712369612051, -32.03195074696012], [-52.07719139673603, -32.03196337867088], [-52.077177115411, -32.03201260165642], [-52.07709842125456, -32.032012530438884], [-52.077031678924186, -32.0321821882332], [-52.07704857105961, -32.03231618798887], [-52.07708521289367, -32.03237505492172], [-52.077089546377714, -32.03242680804502], [-52.077039525642206, -32.03249698382258], [-52.07694237019338, -32.03256544900249], [-52.07688850894476, -32.03262509367391], [-52.07682445443671, -32.03279193199603], [-52.07691486222756, -32.032802900564825], [-52.076948842960036, -32.03283435707537], [-52.07696630252385, -32.0328829315487], [-52.07696376959507, -32.03296871632376], [-52.07710978793015, -32.0330721564183], [-52.07719438694655, -32.03309620054488], [-52.07724661237881, -32.03313923837384], [-52.07737749615004, -32.03318281665975], [-52.077508481350996, -32.033174459684155], [-52.07753236254835, -32.03315734224233], [-52.077553614565154, -32.03315716163423], [-52.07761280041132, -32.03318866536338], [-52.07768655398455, -32.033255074034514], [-52.077715501920444, -32.033306166857], [-52.07771935855895, -32.033346106406675], [-52.07768232420157, -32.03345089411696], [-52.07764353851147, -32.0336294889943], [-52.07766370517992, -32.03364061196143], [-52.07741912339399, -32.034360072482045], [-52.07734355769873, -32.03433793640428], [-52.07731306951814, -32.03442663795149], [-52.077297522222544, -32.034422033994716], [-52.07728860984883, -32.03445950202191], [-52.07729955646362, -32.03446552529273], [-52.07723765891044, -32.03465110024462], [-52.077226041066346, -32.03464744618992], [-52.077214208291686, -32.034684226359445], [-52.07722560236783, -32.03468866714871], [-52.07716305594959, -32.03487402204814], [-52.07715084957986, -32.0348689476592], [-52.07713928075898, -32.034908377770954], [-52.07714974987911, -32.03491341279345], [-52.07709586352575, -32.035078658307555], [-52.077085645726, -32.03507519081057], [-52.077073325196245, -32.03510921466476], [-52.0770849532026, -32.035114636774196], [-52.07702484278858, -32.03529734577809], [-52.07701311397296, -32.035297788209725], [-52.07700133040536, -32.03533064377832], [-52.07701225490261, -32.03533567494316], [-52.07695145972929, -32.03552142982425], [-52.076938696851705, -32.03551857932439], [-52.07692547202529, -32.035554974362455], [-52.076937111589814, -32.035561379681944], [-52.076881385854485, -32.03572787660764], [-52.07686954086638, -32.03572382752508], [-52.07685678990572, -32.0357618062375], [-52.07686889333835, -32.035767125095695], [-52.07680682025042, -32.03595232242996], [-52.076793161494344, -32.03595165360063], [-52.07678222097492, -32.0359850703147], [-52.07679338779447, -32.03599089329233], [-52.076733347698564, -32.036175180237294], [-52.07671945826774, -32.03617471182284], [-52.076707839600736, -32.036209911438], [-52.0767194745898, -32.0362159198881], [-52.076665977904064, -32.03638200987751], [-52.07665186233875, -32.036382129745256], [-52.07664093322767, -32.03641652964495], [-52.07665209685206, -32.036421170902386], [-52.07660560014936, -32.03656644396208], [-52.07656532496833, -32.03664065941271], [-52.07657697059315, -32.03664666778459], [-52.076513013326654, -32.036830230111015], [-52.07649981562377, -32.036829151389504], [-52.07648928736311, -32.0368652348099], [-52.07649976131953, -32.03687066676769], [-52.07644514018087, -32.037035755846375], [-52.07643257971266, -32.03703483408701], [-52.07642150427331, -32.03707031773601], [-52.07643208259508, -32.03707471139103], [-52.07636967043392, -32.037260037671324], [-52.07635672357962, -32.03726049038624], [-52.07634618448862, -32.03729475163176], [-52.076357582229654, -32.03729948113629], [-52.07629643636045, -32.037485346912405], [-52.0762834693169, -32.03748407676936], [-52.07627134062967, -32.03752006550363], [-52.07628312630035, -32.03752445794207], [-52.07621923071748, -32.03768623373049], [-52.07620557402752, -32.037685763287165], [-52.07619346723986, -32.037720912869254], [-52.076206025084, -32.03772612869735], [-52.07614278238713, -32.0379111461724], [-52.07612937013463, -32.03791165694196], [-52.07611774418197, -32.0379462701926], [-52.07612959164415, -32.03795050876196], [-52.07607111816687, -32.038133131221706], [-52.07605735980362, -32.03813393359555], [-52.076044836671606, -32.0381706202762], [-52.076057425675984, -32.03817396849437], [-52.07599879278851, -32.03834117528254], [-52.07598383284342, -32.038343377089525], [-52.07597166363108, -32.038375920093124], [-52.07598509221843, -32.038381327015045], [-52.07592496028289, -32.03856436040454], [-52.07590946410809, -32.03856508730028], [-52.075897184040976, -32.03860083371275], [-52.075911807354096, -32.03860425489145], [-52.0758508062902, -32.0387890637465], [-52.07583691678227, -32.03878862230449], [-52.07582468576958, -32.03882494564096], [-52.075837819252094, -32.03882865912259], [-52.07578124785536, -32.038994711657665], [-52.07576645052178, -32.03899543260696], [-52.07575461433146, -32.03903201419672], [-52.07576691404382, -32.0390350672017], [-52.07570583258509, -32.039222104865864], [-52.07569242013783, -32.0392226155932], [-52.075680103114934, -32.039257027180405], [-52.07569286970822, -32.039261059526], [-52.07563311318803, -32.039442781529274], [-52.07561812879476, -32.03944290865943], [-52.075608415090784, -32.039477153815426], [-52.075622211379056, -32.03948048281029], [-52.07556960097627, -32.039641170194244], [-52.075554330628485, -32.03964129974326], [-52.07553551306657, -32.039752896501945], [-52.07550243476229, -32.03985224636587], [-52.07548922049711, -32.03984978746397], [-52.075477834919326, -32.039885977297985], [-52.0754880959591, -32.03989219597127], [-52.07542880937167, -32.040076133064915], [-52.075413970309285, -32.04007330003289], [-52.07540413213413, -32.04010778077518], [-52.07541508627408, -32.040114399522174], [-52.075363737136264, -32.040273416241476], [-52.07534984839816, -32.040272153826486], [-52.07533822409277, -32.04030695642926], [-52.07534963129279, -32.04031337287537], [-52.07528782166959, -32.0404998662161], [-52.07527365251708, -32.040499986393215], [-52.075263525581775, -32.0405342350253], [-52.075273315562924, -32.040540015678054], [-52.07521250691962, -32.04072428131003], [-52.0751999924725, -32.04072280876078], [-52.07518721144698, -32.040757422695776], [-52.07519954595939, -32.0407634343634], [-52.07514222670392, -32.04092912307465], [-52.075131338427475, -32.040927239801746], [-52.0751191647671, -32.040962173336695], [-52.07512987441619, -32.040967801863694], [-52.07506967912283, -32.04115203515794], [-52.07505716925803, -32.04115095948305], [-52.075044667303004, -32.0411849936888], [-52.07505687841766, -32.04119041102606], [-52.07499724015087, -32.04137339465433], [-52.07498310435642, -32.04137094351704], [-52.07496848616727, -32.04140696224935], [-52.07495216256013, -32.04146108265667], [-52.07496749773094, -32.041466473512465], [-52.07493202613999, -32.04157682213556], [-52.074919984494386, -32.04157594094115], [-52.07490765640686, -32.04161036156378], [-52.07491859214113, -32.041615392800594], [-52.07485785763558, -32.04179977489618], [-52.07484535000335, -32.04179889764589], [-52.074818664617844, -32.04187264549045], [-52.074832831736266, -32.041876864506115], [-52.074784617400645, -32.0420269686576], [-52.07477053785199, -32.04203024539114], [-52.074761453956675, -32.04205771032493], [-52.074772466031135, -32.04206383247389], [-52.074720796315525, -32.042229130286515], [-52.07470797582935, -32.04222958177074], [-52.074697537134604, -32.04226437426005], [-52.07470831482452, -32.04226947000086], [-52.074645660868505, -32.04245643023897], [-52.07463431341388, -32.04245514620803], [-52.07462299243201, -32.04249147974897], [-52.07463357130373, -32.04249587353869], [-52.07456928312964, -32.042682585979], [-52.07454901882264, -32.04268137752247], [-52.07448146919978, -32.04287813995267], [-52.07446719114191, -32.04287803544115], [-52.07445580645239, -32.042911645147974], [-52.0744686012224, -32.04291804990705], [-52.0744059734016, -32.04310460385156], [-52.074392551104715, -32.043104320679454], [-52.07437998269369, -32.04313814789526], [-52.07439231979782, -32.04314435807701], [-52.074329700004725, -32.04333162457667], [-52.07431558478556, -32.04333095936372], [-52.07430412617212, -32.04336640997746], [-52.074316227580006, -32.043372387615996], [-52.0742610459731, -32.04353909521125], [-52.07424647392177, -32.04353921869386], [-52.074235344028665, -32.043573800494286], [-52.07424744124557, -32.04357941733229], [-52.07418560145306, -32.043765504409635], [-52.07417309123956, -32.04376442865541], [-52.07415986885763, -32.04380122029505], [-52.07417358408095, -32.043806624966656], [-52.074112323721145, -32.04399247254865], [-52.074097991534714, -32.04399318937229], [-52.074086377806594, -32.04402897505819], [-52.07409891212427, -32.04403301854263], [-52.07404399088481, -32.04419850598888], [-52.0740298694729, -32.04419822870363], [-52.07401871713527, -32.04423362256863], [-52.074031731143016, -32.04423883473213], [-52.073971191852834, -32.04442298919531], [-52.073942006594955, -32.04443152679192], [-52.07393652355036, -32.04444903800001], [-52.0739570203193, -32.04446467826399], [-52.07391442801872, -32.04459307488655], [-52.07389579643479, -32.04464827918322], [-52.07386479361761, -32.044668063370175], [-52.073883347480376, -32.04468783370336], [-52.07382782974614, -32.04485400268168], [-52.07379476003921, -32.04487547325475], [-52.073814812230644, -32.04489385068441], [-52.073754652321696, -32.045076098381635], [-52.07372768853624, -32.045085329777784], [-52.0737305364721, -32.04511153887508], [-52.07374215177651, -32.0451157796186], [-52.073682862481235, -32.04529732528414], [-52.07366651199452, -32.04530118043986], [-52.07365553559427, -32.04533533689636], [-52.07366775641089, -32.04534063700194], [-52.0736115499263, -32.04550593667075], [-52.07359846421535, -32.04550639029487], [-52.07358638599125, -32.04554143111835], [-52.0735987433485, -32.045546630842175], [-52.07353637102773, -32.04573358811279], [-52.07352221834562, -32.04573337418631], [-52.073510480432354, -32.04576853841497], [-52.07352301949363, -32.04577296981752], [-52.07345859939774, -32.045965086388236], [-52.07347532259257, -32.04597046565837], [-52.0734270009039, -32.046116267125164], [-52.073414744002825, -32.04611695728164], [-52.0734033444335, -32.04615117142417], [-52.07341336257458, -32.046157401329864], [-52.07334980302826, -32.04634615472284], [-52.073336606405064, -32.046345283166076], [-52.07332451065134, -32.046379746764075], [-52.0733357029254, -32.04638675156551], [-52.073269036139806, -32.04657701067719], [-52.07325762839455, -32.046570603083964], [-52.073244569373834, -32.04660965752316], [-52.073255302636156, -32.04661726160664], [-52.07319618821181, -32.04678581523535], [-52.0731847429253, -32.046779822922176], [-52.07317328756594, -32.046817438451086], [-52.07318342704043, -32.04682498441976], [-52.07312007594728, -32.047012617315644], [-52.073107595329446, -32.04700776139189], [-52.07309580145952, -32.047043602632], [-52.07310609444344, -32.04705068723327], [-52.07304934975277, -32.04723266209342], [-52.073037967200904, -32.04722841932066], [-52.07302599450098, -32.047264370320164], [-52.07303625489112, -32.04727138303416], [-52.07298009973123, -32.04743582497066], [-52.07296939407411, -32.04743059316822], [-52.072956050832566, -32.04746891025545], [-52.072966084206975, -32.04747552797], [-52.07290415049518, -32.04766397869047], [-52.072892989418, -32.04765875073665], [-52.072880382224206, -32.047694797302235], [-52.07289202771078, -32.04770159984088], [-52.07282539587408, -32.04788048286667], [-52.072811878501305, -32.04787755717362], [-52.072801379172674, -32.04791271084998], [-52.07281229887204, -32.047919943527056], [-52.07278555149846, -32.04800136835735], [-52.07285957959273, -32.04802610000618], [-52.07212841291353, -32.050229055847744], [-52.07215910292456, -32.050234939597296], [-52.07216871717463, -32.05022285126255], [-52.07219121271566, -32.05024267868673], [-52.072195961179055, -32.050267482484486], [-52.07217033480895, -32.05032705773538], [-52.072020731754336, -32.05029419643784], [-52.07201695195973, -32.05030704731253], [-52.07200117701353, -32.05030402335773], [-52.07199035715593, -32.05033807910462], [-52.072005065051464, -32.05034133761105], [-52.07192368891925, -32.05058500769741], [-52.0719088308206, -32.05058158807346], [-52.07189723062156, -32.05061867246137], [-52.071912770304046, -32.05062149995479], [-52.07185237941483, -32.050797271530996], [-52.07183776256361, -32.05079365139617], [-52.0718256857923, -32.0508298377023], [-52.07184052881597, -32.050832869557865], [-52.0717384989547, -32.051144832085264], [-52.07172100423364, -32.05114148885999], [-52.07171122967451, -32.0511761852586], [-52.071725844269295, -32.051179606963146], [-52.07163388998522, -32.05145367700557], [-52.071619499970026, -32.05145044283446], [-52.071607245165715, -32.05148590893985], [-52.07162262173341, -32.05148927008735], [-52.071506378588666, -32.05183873579265], [-52.07149268059254, -32.05183490036906], [-52.0714790016195, -32.05187268788799], [-52.07149499229665, -32.051875114691086], [-52.071394168214496, -32.05217166780505], [-52.07137994639605, -32.05216833295524], [-52.071365048001326, -32.05221056010161], [-52.07159407714595, -32.05225365711071], [-52.07160116100752, -32.05223437337531], [-52.07180798789854, -32.05228191562986], [-52.071820979816025, -32.0523369333747], [-52.071876046784745, -32.05244033602243], [-52.0719347963332, -32.052434408527986], [-52.07196648225558, -32.052416630712266], [-52.07220108876831, -32.05224490642649], [-52.072223003775456, -32.052179489875186], [-52.07223083730031, -32.05206464886294], [-52.07231494612906, -32.051832746014995], [-52.07241034188941, -32.05163774292033], [-52.072465703624616, -32.05154664910214], [-52.07249578745673, -32.05152050416165], [-52.07254351036312, -32.0515182420243], [-52.07261320444677, -32.05153985307413], [-52.07278996622437, -32.0516215853248], [-52.07284002247697, -32.05163410686044], [-52.07293340531212, -32.05163886438198], [-52.07302008040709, -32.051627034792006], [-52.07342844939499, -32.05147006604754], [-52.07386525265994, -32.0512819129315], [-52.074043167249464, -32.051221092159864], [-52.074277213569644, -32.05119057522399], [-52.0743404649681, -32.051191094601215], [-52.07451326625557, -32.051226616144405], [-52.07460735533646, -32.051212079461095], [-52.074778705862144, -32.05121953043507], [-52.0754263005117, -32.051344030919104], [-52.07560872964892, -32.05135411112585], [-52.075752452017376, -32.05131593224902], [-52.07594742173548, -32.05123184314646], [-52.07624893613493, -32.05105268752551], [-52.07635833718326, -32.05101431224223], [-52.076619943411075, -32.050882548376464], [-52.077491346189696, -32.050614616368996], [-52.077671948092444, -32.05058548567577], [-52.07782045513157, -32.05057524706075], [-52.077879240099215, -32.050551698438625], [-52.07797362466404, -32.050554341837056], [-52.078119535154954, -32.05047533051174], [-52.07817577499796, -32.05047140611835], [-52.07821563233367, -32.050483119198525], [-52.07819152328824, -32.05066362777313], [-52.07821005934608, -32.05066543669], [-52.0782344653438, -32.05043980235028], [-52.07814565262619, -32.05042002590488], [-52.079293247097624, -32.04696168755485], [-52.07970414409595, -32.0456641649792], [-52.079781005559525, -32.04550174495604], [-52.079690252065724, -32.04527839011081], [-52.07962405939412, -32.045187570684114], [-52.079482709038366, -32.045115577666806], [-52.07745565262422, -32.0456042535768], [-52.077020443868655, -32.045669700950505], [-52.076688232074176, -32.04568050663639], [-52.07622412847273, -32.0456391258818], [-52.075660132802106, -32.04549774477177], [-52.075636938336366, -32.04550414806362], [-52.07561415470583, -32.045523944123154], [-52.07558330887736, -32.04561328870356], [-52.07503171426783, -32.04726650109772], [-52.075033839684664, -32.04728975737505], [-52.07509026275509, -32.04737141549441], [-52.075098532482805, -32.047425570872065], [-52.07497481943311, -32.0478040696676], [-52.07494553156059, -32.04795522210048], [-52.07485357322656, -32.04793881678205], [-52.074860313321615, -32.04784127819948], [-52.074715507401635, -32.04769841278944], [-52.074696714048905, -32.04765459451599], [-52.07469632968697, -32.047609925548365], [-52.07649613483553, -32.04221856002677], [-52.07651306351817, -32.042228871676514], [-52.07652196083056, -32.04220451145101], [-52.07650971067799, -32.04219487273771], [-52.07650074017568, -32.04220483598423], [-52.07835561324829, -32.036652571422636], [-52.07890539358439, -32.03505067075032], [-52.07923429921983, -32.034005695598026], [-52.07975260333934, -32.032446867475386], [-52.0796208147556, -32.032399553797624], [-52.079163880885474, -32.03227636481518], [-52.07743110966318, -32.03184723361623], [-52.07744269425923, -32.0318138935537], [-52.07917581753606, -32.03224311442446], [-52.07972491381784, -32.03239334766447], [-52.079770593355924, -32.032394246879626], [-52.08024500446367, -32.03098143543549], [-52.080207605233106, -32.030950273245374], [-52.08016770535512, -32.030940002575825], [-52.07875932052782, -32.030803596718066], [-52.07831168903845, -32.03073986996445], [-52.07823985306074, -32.030701320398315], [-52.07820853287326, -32.03062205881292], [-52.078252549920265, -32.030625936857504], [-52.078273319273016, -32.0306838183194], [-52.07830198950491, -32.03070953126952], [-52.078442900236666, -32.03073623490538], [-52.079209290985034, -32.03081468540127], [-52.079726913215104, -32.030843803888075], [-52.079765035457626, -32.030832004918146], [-52.07978392508559, -32.03081131121708], [-52.07981686223647, -32.03066804957293], [-52.07981453629686, -32.03041863380024], [-52.07975096606378, -32.03017913453939], [-52.07997628700188, -32.02925308105133], [-52.08003310353862, -32.02926078735574], [-52.07981440176467, -32.03011537607582], [-52.079809493038454, -32.030179952770304], [-52.07982420501528, -32.030272429163034], [-52.07988279840195, -32.03039945509195], [-52.07990725815797, -32.03056424023695], [-52.07996890435087, -32.03068495108194], [-52.080111842496954, -32.030831757945975], [-52.0801994542488, -32.0308714724315], [-52.080343716649715, -32.0309011055582], [-52.0812677961083, -32.03097892059104], [-52.08147892630595, -32.03060827949998], [-52.08168521177733, -32.03013661549813], [-52.081742938340774, -32.02996719823671], [-52.08190381997935, -32.02965167345865], [-52.081937182999326, -32.02962046458856], [-52.08209325612665, -32.029534066877346], [-52.08224996597801, -32.02924166465129], [-52.082183379150344, -32.02921561364265], [-52.082112449341714, -32.02934483604637], [-52.08202013325898, -32.02938729482434], [-52.08196624920307, -32.02938413085399], [-52.08195363783804, -32.02933592435616], [-52.08191786721087, -32.029306637776024], [-52.081931407662104, -32.029253373748055], [-52.08196829410635, -32.0291968938718], [-52.08196618447931, -32.029109335391], [-52.081991282995865, -32.029040101074955], [-52.08189055501819, -32.0290364590258], [-52.0818587563511, -32.029051912781135], [-52.081823661594, -32.02909775954927], [-52.08174165430513, -32.02926694557715], [-52.08169301766675, -32.02931839264065], [-52.08158832601712, -32.02937847287563], [-52.08152313740276, -32.02946773301924], [-52.08149156409689, -32.02949336954267], [-52.081475963602195, -32.02949229377617], [-52.08145437885123, -32.029464088581804], [-52.081461770888026, -32.02937042298199], [-52.08144671630606, -32.02929505409643], [-52.08157614674488, -32.0290756404239], [-52.081577976901514, -32.02905025758177], [-52.08154270513948, -32.02903510534977], [-52.081509739001206, -32.02905574706682], [-52.08148380062574, -32.02905355065007], [-52.08143548050703, -32.02900668336129], [-52.08142318637487, -32.0289598516145], [-52.08147667159761, -32.02887404717141], [-52.08147472152751, -32.02880452943964], [-52.08154523654193, -32.02874322527078], [-52.08158578410669, -32.02868830198138], [-52.08158608186344, -32.028653270648675], [-52.081566941494906, -32.02865282949648], [-52.0815249293723, -32.02869486514942], [-52.081497400160956, -32.02870597033041], [-52.081385013556684, -32.028661778392284], [-52.0813720662946, -32.02861432975355], [-52.08133699923715, -32.028585039706336], [-52.08126131472016, -32.02858039875236], [-52.081250390460305, -32.02860057279439], [-52.081246620361576, -32.02875376458029], [-52.081232041646516, -32.02877925612581], [-52.081198882940136, -32.02879161806718], [-52.08115185120934, -32.02876786066821], [-52.081125627157704, -32.028767479846636], [-52.08109074093496, -32.028813072049445], [-52.08104183283174, -32.02881167578479], [-52.08100385634275, -32.02878621733925], [-52.08097770330998, -32.02873148396475], [-52.08091053094628, -32.028742926965336], [-52.0808507260632, -32.02871806951226], [-52.08080679679576, -32.02848239875169], [-52.080775603535784, -32.02842046437453], [-52.08069144793026, -32.02837346920557], [-52.080547995000764, -32.02834570702336], [-52.080490602360875, -32.02834498725384], [-52.08042066337105, -32.02836248866022]]]}}, {"id": "98", "type": "Feature", "properties": {}, "geometry": {"type": "Polygon", "coordinates": [[[-52.13241008783719, -32.04373338104565], [-52.13200505583318, -32.04344335754139], [-52.13165275691332, -32.04404726574022], [-52.132088315977306, -32.04424087972774], [-52.13241008783719, -32.04373338104565]]]}}, {"id": "99", "type": "Feature", "properties": {}, "geometry": {"type": "Polygon", "coordinates": [[[-52.131928868471604, -32.04338784404034], [-52.131464004319504, -32.043160350598136], [-52.131086325972866, -32.043803081566445], [-52.1315559981705, -32.044004101524834], [-52.131928868471604, -32.04338784404034]]]}}, {"id": "100", "type": "Feature", "properties": {}, "geometry": {"type": "Polygon", "coordinates": [[[-52.087998606567986, -32.03171152431381], [-52.086825473305154, -32.031600453199964], [-52.08670244062474, -32.03284485422668], [-52.0873167772067, -32.03286891911364], [-52.08730706236462, -32.032984102393996], [-52.08668142993626, -32.032956970356196], [-52.086491838103846, -32.034838359587624], [-52.08768660587542, -32.03460329239306], [-52.08782411535762, -32.03307306026981], [-52.087568929790045, -32.03305654051904], [-52.08758585867314, -32.032882624913], [-52.08787785132459, -32.03289534074934], [-52.087998606567986, -32.03171152431381]]]}}, {"id": "101", "type": "Feature", "properties": {}, "geometry": {"type": "Polygon", "coordinates": [[[-52.08739474319962, -32.03489151796685], [-52.08737694317675, -32.034950830659106], [-52.087103612857305, -32.03727491233054], [-52.08710546288149, -32.0372988293008], [-52.08712318101682, -32.0373105039669], [-52.08742054280563, -32.03724712496146], [-52.087426741493616, -32.03719723052232], [-52.08741741062518, -32.0372007565916], [-52.087396546937995, -32.037173836315915], [-52.087431019431165, -32.036816415510636], [-52.08746551076232, -32.036811798595394], [-52.08748151130221, -32.03671759891294], [-52.08768971747007, -32.03484901555287], [-52.08767841837776, -32.03483652812197], [-52.08739474319962, -32.03489151796685]]]}}, {"id": "102", "type": "Feature", "properties": {}, "geometry": {"type": "Polygon", "coordinates": [[[-52.09881609294082, -32.04255967399533], [-52.09868644349691, -32.04203709841981], [-52.09750869044462, -32.04225873832529], [-52.097638538793085, -32.04278697324273], [-52.09873505926017, -32.04258880067652], [-52.09881609294082, -32.04255967399533]]]}}, {"id": "103", "type": "Feature", "properties": {}, "geometry": {"type": "Polygon", "coordinates": [[[-52.09810589069836, -32.04469907420519], [-52.09924805082869, -32.04448379586617], [-52.099260230750154, -32.04447304537892], [-52.099128847418505, -32.04394673872716], [-52.097958297828605, -32.04417062652269], [-52.0980801996578, -32.0446884099445], [-52.09810589069836, -32.04469907420519]]]}}, {"id": "104", "type": "Feature", "properties": {}, "geometry": {"type": "Polygon", "coordinates": [[[-52.097818713693556, -32.04408740736953], [-52.097688323433026, -32.04355555604128], [-52.09650253302163, -32.04377368662755], [-52.09649891992543, -32.044339317286486], [-52.097818713693556, -32.04408740736953]]]}}, {"id": "105", "type": "Feature", "properties": {}, "geometry": {"type": "Polygon", "coordinates": [[[-52.09626991065349, -32.04581936353467], [-52.09519041334441, -32.04602290509572], [-52.09515215502313, -32.04758236200164], [-52.09538079397018, -32.0475832037535], [-52.09538685569466, -32.04710865448687], [-52.096247143847854, -32.04695555967763], [-52.096255891445956, -32.04647627198304], [-52.09540548747893, -32.04662455974119], [-52.09540859813643, -32.046541132047956], [-52.09626100941363, -32.046382784429916], [-52.09626991065349, -32.04581936353467]]]}}, {"id": "106", "type": "Feature", "properties": {}, "geometry": {"type": "Polygon", "coordinates": [[[-52.11950005882994, -32.03692750545024], [-52.12001574034079, -32.036025719317124], [-52.119442053092115, -32.03576539437116], [-52.11932359412048, -32.03597975917854], [-52.11892823791251, -32.03583705042127], [-52.11853193706556, -32.03656315076098], [-52.11950005882994, -32.03692750545024]]]}}, {"id": "107", "type": "Feature", "properties": {}, "geometry": {"type": "Polygon", "coordinates": [[[-52.08480061377952, -32.04928229264602], [-52.084913711057254, -32.04924077502356], [-52.08493425478094, -32.04922154677191], [-52.084955778342945, -32.04918392526767], [-52.084963612943014, -32.04912708885644], [-52.084930624356815, -32.04860056998929], [-52.084909417115085, -32.048515971833034], [-52.084881035139276, -32.04848308951094], [-52.08485224814514, -32.048467945998986], [-52.083912935683536, -32.048659000144205], [-52.08397307470063, -32.04890868425544], [-52.0840127256555, -32.04890558474208], [-52.0840217181181, -32.04894691438392], [-52.083957029758885, -32.04895644349652], [-52.08396720515621, -32.04900378005583], [-52.083955656327475, -32.049005259031645], [-52.08400806011337, -32.049233079123596], [-52.0841357426167, -32.049434121433094], [-52.08415610208711, -32.049443266028455], [-52.08430094238332, -32.04944835990353], [-52.08461154057132, -32.04943688007845], [-52.08464937825379, -32.04942011999432], [-52.0846390860126, -32.04937189141574], [-52.08470448893409, -32.049368147340346], [-52.084709298377696, -32.049352048748034], [-52.08480061377952, -32.04928229264602]]]}}, {"id": "108", "type": "Feature", "properties": {}, "geometry": {"type": "Polygon", "coordinates": [[[-52.12354516376259, -32.0530258877419], [-52.122627499922814, -32.0526551842983], [-52.12208760369347, -32.05362582828902], [-52.12251802068622, -32.05377235660855], [-52.12256133967742, -32.053693948111864], [-52.122912849701635, -32.053836701256586], [-52.12270204108594, -32.05420530174067], [-52.122851715842366, -32.05426505126621], [-52.12354516376259, -32.0530258877419]]]}}, {"id": "109", "type": "Feature", "properties": {}, "geometry": {"type": "Polygon", "coordinates": [[[-52.094791487068015, -32.0434026100027], [-52.09457333958908, -32.04333145528757], [-52.09339305659611, -32.043311761258195], [-52.09339770122049, -32.04362047465399], [-52.09478264007749, -32.0436417212872], [-52.094791487068015, -32.0434026100027]]]}}, {"id": "110", "type": "Feature", "properties": {}, "geometry": {"type": "Polygon", "coordinates": [[[-52.094786081512474, -32.043721058615894], [-52.093402155272486, -32.04370312323233], [-52.09340968356763, -32.044008491807226], [-52.09477516105194, -32.04403156626205], [-52.094786081512474, -32.043721058615894]]]}}, {"id": "111", "type": "Feature", "properties": {}, "geometry": {"type": "Polygon", "coordinates": [[[-52.094778325188564, -32.04411318843202], [-52.093412866225314, -32.04409177383286], [-52.093419981452534, -32.044403370818145], [-52.09477174976747, -32.04442033860801], [-52.094778325188564, -32.04411318843202]]]}}, {"id": "112", "type": "Feature", "properties": {}, "geometry": {"type": "Polygon", "coordinates": [[[-52.094759661571516, -32.04491926223587], [-52.09343606830881, -32.04489582653027], [-52.09344362653722, -32.04520368473326], [-52.09475645686055, -32.045223063337524], [-52.094759661571516, -32.04491926223587]]]}}, {"id": "113", "type": "Feature", "properties": {}, "geometry": {"type": "Polygon", "coordinates": [[[-52.09475072505819, -32.04530434732659], [-52.093442489725916, -32.045282231602336], [-52.09345199677852, -32.04559007297613], [-52.09474536506821, -32.045611279456025], [-52.09475072505819, -32.04530434732659]]]}}, {"id": "114", "type": "Feature", "properties": {}, "geometry": {"type": "Polygon", "coordinates": [[[-52.0947465842475, -32.045693229646545], [-52.09345514380238, -32.0456703466016], [-52.09345975939197, -32.045976570184], [-52.094738527455014, -32.045998732579186], [-52.0947465842475, -32.045693229646545]]]}}, {"id": "115", "type": "Feature", "properties": {}, "geometry": {"type": "Polygon", "coordinates": [[[-52.094735930984925, -32.04610763616416], [-52.09346594806555, -32.046086228156184], [-52.0934725420685, -32.046394922786625], [-52.094727874210015, -32.04641313728536], [-52.094735930984925, -32.04610763616416]]]}}, {"id": "116", "type": "Feature", "properties": {}, "geometry": {"type": "Polygon", "coordinates": [[[-52.09472727688256, -32.046497623835286], [-52.093479718532166, -32.04647409858046], [-52.09347986964698, -32.046781242455964], [-52.09472126142479, -32.04680109341676], [-52.09472727688256, -32.046497623835286]]]}}, {"id": "117", "type": "Feature", "properties": {}, "geometry": {"type": "Polygon", "coordinates": [[[-52.0947224579139, -32.04688306712658], [-52.09348636645513, -32.04686325420975], [-52.09349257634637, -32.04716703414248], [-52.09471501463029, -32.04717909861309], [-52.0947224579139, -32.04688306712658]]]}}, {"id": "118", "type": "Feature", "properties": {}, "geometry": {"type": "Polygon", "coordinates": [[[-52.0951205594314, -32.04469792690535], [-52.09488522244454, -32.044742290837924], [-52.09487178326202, -32.04597703790902], [-52.09509745998227, -32.04593907591852], [-52.0951205594314, -32.04469792690535]]]}}, {"id": "119", "type": "Feature", "properties": {}, "geometry": {"type": "Polygon", "coordinates": [[[-52.107003006164184, -32.050462849640546], [-52.107061061298715, -32.05041804047685], [-52.109129717802745, -32.04803646347304], [-52.10979982636858, -32.04724069791199], [-52.108541062091966, -32.0466037839041], [-52.10789708371119, -32.04727971593163], [-52.10643918828963, -32.048866681349025], [-52.106673689730314, -32.04903231743472], [-52.106022299997974, -32.04973633292887], [-52.106191013419206, -32.050036112192636], [-52.10630641976573, -32.050140566220236], [-52.106973368885505, -32.05046100657664], [-52.107003006164184, -32.050462849640546]]]}}, {"id": "120", "type": "Feature", "properties": {}, "geometry": {"type": "Polygon", "coordinates": [[[-52.11492222268109, -32.03181624594875], [-52.11490455979274, -32.031698334203696], [-52.11481789862902, -32.03170928090587], [-52.114754312020985, -32.03169133785454], [-52.114725841605186, -32.0316620713908], [-52.1146971666585, -32.03157396262899], [-52.114722241966824, -32.03148120459685], [-52.11458139950854, -32.03148043104135], [-52.11445868774989, -32.03145001729021], [-52.11440539040695, -32.0314256057642], [-52.11438639865178, -32.031433990826706], [-52.11436869686171, -32.031492052310604], [-52.11434477447323, -32.03149728726059], [-52.114077529819646, -32.03183737350931], [-52.11338593737525, -32.03298602318816], [-52.11294374103532, -32.03376665098336], [-52.11289387697666, -32.0339412303544], [-52.112779286182224, -32.03416307959217], [-52.11264898216246, -32.03436941515773], [-52.11265216596702, -32.03440500218633], [-52.11365697396249, -32.03477937507511], [-52.11368744058938, -32.03477315359798], [-52.1145210929023, -32.0333304948338], [-52.11451028315346, -32.03331409943856], [-52.11418692941307, -32.03317681789977], [-52.11418531707744, -32.033148614333655], [-52.114273354373495, -32.032959121047185], [-52.11492222268109, -32.03181624594875]]]}}, {"id": "121", "type": "Feature", "properties": {}, "geometry": {"type": "Polygon", "coordinates": [[[-52.109144364333716, -32.05009494919529], [-52.11091549759509, -32.047772887031364], [-52.11040888565482, -32.04751649823479], [-52.11023649711113, -32.04773057905745], [-52.11022778990093, -32.047793667005074], [-52.1101187392012, -32.04792708643494], [-52.11010431299209, -32.0479253003205], [-52.1100804716101, -32.04795341106134], [-52.10962869169883, -32.04850783707351], [-52.109776340308784, -32.04861139558322], [-52.10972334766139, -32.04867176797933], [-52.10956962468105, -32.048577427916385], [-52.10900590380339, -32.049235409344426], [-52.10901028300783, -32.04926039528419], [-52.10914714820232, -32.04934363433041], [-52.10910936313398, -32.04938983673038], [-52.10906580051398, -32.04936449901805], [-52.10904848860952, -32.04938341416583], [-52.10893626617375, -32.049313860790676], [-52.10789810915914, -32.05053745410496], [-52.107900979646466, -32.05055855619645], [-52.10805772342793, -32.050644139499454], [-52.10801664477168, -32.05069574688626], [-52.107783743557945, -32.050566112042105], [-52.107761549042884, -32.050592124110594], [-52.10753765466987, -32.05046274386645], [-52.107580515781756, -32.050406096358934], [-52.1078115764471, -32.05053775033707], [-52.109516190812464, -32.048545943247085], [-52.109351576727384, -32.04844957830502], [-52.107870432028676, -32.05016207060185], [-52.10784738665342, -32.05017635380087], [-52.107805271065686, -32.050177055659894], [-52.10776826944949, -32.05014419077558], [-52.10777176496368, -32.050107282378065], [-52.10780530209732, -32.050081171177844], [-52.10784315616826, -32.05008720916793], [-52.107918309342104, -32.05000576023537], [-52.109280319170416, -32.048441965728166], [-52.10927634920547, -32.04842368783836], [-52.10912929133051, -32.0483646422016], [-52.10902813437602, -32.048303534947514], [-52.109000159678295, -32.04830775795689], [-52.107124488691, -32.05046049862982], [-52.107061061298715, -32.05041804047685], [-52.107003006164184, -32.050462849640546], [-52.107029067466094, -32.05047471017643], [-52.10698101173832, -32.050531890001544], [-52.1070136545037, -32.050578378810364], [-52.10697501953973, -32.05064913415193], [-52.10697243337736, -32.05068154212924], [-52.10702071689597, -32.05070309561039], [-52.107026142426214, -32.0506936212808], [-52.107070719775336, -32.05070558170321], [-52.10719429582323, -32.05066771470068], [-52.10729321569592, -32.050683665752196], [-52.10737010386143, -32.050714531474924], [-52.107542867788545, -32.05081550059851], [-52.10756790846136, -32.050798015605984], [-52.10766055866635, -32.05082280760423], [-52.107669728515795, -32.050811144509076], [-52.10776625244662, -32.05086030438117], [-52.10778677549501, -32.050840612598456], [-52.10787287543332, -32.050890522021795], [-52.1078850389422, -32.050877660016134], [-52.10795979464578, -32.05091875578446], [-52.1079871443405, -32.05087402515229], [-52.10808066729666, -32.050938700067945], [-52.10832906238634, -32.05061727523365], [-52.10831702442344, -32.05061066886796], [-52.10834320618926, -32.05056045458416], [-52.10825986259707, -32.05050546961829], [-52.10825774956838, -32.05048394594727], [-52.10832386110527, -32.0503887646829], [-52.10832963020755, -32.05035508395431], [-52.1083723787117, -32.05030583438932], [-52.108667884501244, -32.05020055505203], [-52.10882590443063, -32.05017062137928], [-52.10896658631629, -32.05009159356741], [-52.10902435843827, -32.05008752482361], [-52.10902710944093, -32.050107482266235], [-52.109053976993636, -32.05011153216622], [-52.109144364333716, -32.05009494919529]]]}}, {"id": "122", "type": "Feature", "properties": {}, "geometry": {"type": "Polygon", "coordinates": [[[-52.12194734633111, -32.05356254733595], [-52.122485688867016, -32.05259602883894], [-52.121574157488325, -32.05222504653314], [-52.12107988005598, -32.05314334896181], [-52.12124758635048, -32.05320882313645], [-52.12126183890014, -32.05318234396053], [-52.12128914008975, -32.05319300258089], [-52.12130479995014, -32.053163908789976], [-52.12126829569171, -32.053149657210675], [-52.12128835288853, -32.05311239379364], [-52.121240743416614, -32.05309380662083], [-52.1212472044745, -32.053081802899605], [-52.121579772240636, -32.05303400808976], [-52.12171900910441, -32.0532600991834], [-52.12194734633111, -32.05356254733595]]]}}, {"id": "123", "type": "Feature", "properties": {}, "geometry": {"type": "Polygon", "coordinates": [[[-52.12139315692291, -32.05219116873509], [-52.121038747853, -32.05204824081799], [-52.121053882248525, -32.05201810605597], [-52.12086295494811, -32.0519377410193], [-52.12073842281738, -32.05191908559909], [-52.12030949981945, -32.05174415598907], [-52.1197815591313, -32.05268924608488], [-52.11990279619946, -32.05274000901137], [-52.11980917538285, -32.05291450928338], [-52.12077254799986, -32.05329259506045], [-52.12139315692291, -32.05219116873509]]]}}, {"id": "124", "type": "Feature", "properties": {}, "geometry": {"type": "Polygon", "coordinates": [[[-52.118600944601475, -32.05240762399252], [-52.11922975830419, -32.05127700255641], [-52.118380487105476, -32.050930540258484], [-52.117602442188605, -32.052423058622715], [-52.11774394343982, -32.05247967258648], [-52.11778453271704, -32.052409257861456], [-52.117899361458115, -32.05246343246504], [-52.11814870907886, -32.05197054000709], [-52.1183037944996, -32.052036246137305], [-52.118500149755924, -32.05209281386218], [-52.11839458236842, -32.05235449255727], [-52.118600944601475, -32.05240762399252]]]}}, {"id": "125", "type": "Feature", "properties": {}, "geometry": {"type": "Polygon", "coordinates": [[[-52.08948125885932, -32.0318439299182], [-52.088341325878744, -32.03174999606828], [-52.08819979712398, -32.03289385256048], [-52.088218762362615, -32.03291520927706], [-52.08832051835567, -32.03292230608686], [-52.08937248737474, -32.03297552821682], [-52.08948125885932, -32.0318439299182]]]}}, {"id": "126", "type": "Feature", "properties": {}, "geometry": {"type": "Polygon", "coordinates": [[[-52.14299014274533, -32.04822743825303], [-52.143156396001565, -32.04750989314754], [-52.14267093973518, -32.04734844467888], [-52.1425162268004, -32.04807809473923], [-52.14299014274533, -32.04822743825303]]]}}, {"id": "127", "type": "Feature", "properties": {}, "geometry": {"type": "Polygon", "coordinates": [[[-52.10594515190345, -32.02953467427731], [-52.10593252261302, -32.02954029627828], [-52.105743384981885, -32.030590036143856], [-52.10575239711604, -32.030600638452555], [-52.10595399748383, -32.030629245009045], [-52.10600813763678, -32.02959010942195], [-52.10598597756213, -32.02955078157371], [-52.10594515190345, -32.02953467427731]]]}}, {"id": "128", "type": "Feature", "properties": {}, "geometry": {"type": "Polygon", "coordinates": [[[-52.114837818224125, -32.0351806211778], [-52.1156738956043, -32.033770126477926], [-52.11530232568043, -32.03361641428428], [-52.11594292334042, -32.03245125041204], [-52.1153353951365, -32.032194782386796], [-52.11385129575481, -32.03480970534341], [-52.114837818224125, -32.0351806211778]]]}}, {"id": "129", "type": "Feature", "properties": {}, "geometry": {"type": "Polygon", "coordinates": [[[-52.11683941038207, -32.03419675979079], [-52.11661174232566, -32.03409023482711], [-52.116707527686856, -32.03392175085609], [-52.11621268912452, -32.033734242283096], [-52.11612335514621, -32.033895401457045], [-52.11588872654783, -32.03380104918627], [-52.11502980413667, -32.035250506949836], [-52.1160012018097, -32.03561793986775], [-52.11683941038207, -32.03419675979079]]]}}, {"id": "130", "type": "Feature", "properties": {}, "geometry": {"type": "Polygon", "coordinates": [[[-52.13997653345871, -32.0476241238097], [-52.140251025685906, -32.047143423619424], [-52.13917613829938, -32.04697188303221], [-52.13903156318833, -32.047212858355905], [-52.13997653345871, -32.0476241238097]]]}}, {"id": "131", "type": "Feature", "properties": {}, "geometry": {"type": "Polygon", "coordinates": [[[-52.13962909159645, -32.04852275376359], [-52.139766703276514, -32.048602596867084], [-52.141253818317516, -32.04922645693356], [-52.141290067099554, -32.04922505707072], [-52.14136111806837, -32.04910571958999], [-52.141828797424765, -32.0481274969581], [-52.14208053249981, -32.04750955785135], [-52.14215465742709, -32.04729338834005], [-52.142229919251086, -32.04716536133491], [-52.14222794629794, -32.04715062984755], [-52.142162935457065, -32.04712674177387], [-52.14201383557333, -32.04709748603213], [-52.14164558969184, -32.047072711803985], [-52.14123880286426, -32.04707535539019], [-52.140473074083, -32.047105665345214], [-52.14044574323795, -32.04712919433437], [-52.14004635138312, -32.04779838944555], [-52.13962909159645, -32.04852275376359]]]}}, {"id": "132", "type": "Feature", "properties": {}, "geometry": {"type": "Polygon", "coordinates": [[[-52.15231893018935, -32.04928670604961], [-52.15212773322387, -32.04971905862566], [-52.15196819851397, -32.05003937176043], [-52.15197002579968, -32.050067707967955], [-52.15300179428607, -32.050451784155406], [-52.153315507226786, -32.04984404015717], [-52.15333388516188, -32.04985250494667], [-52.15335769232033, -32.04980652554436], [-52.15327515913069, -32.04974155052653], [-52.153154876145706, -32.04970080573678], [-52.15310571692692, -32.049698898484806], [-52.153050161503636, -32.04971398169996], [-52.15291837746512, -32.04968180294442], [-52.152864314910204, -32.049684171017574], [-52.15282526792309, -32.049651617762784], [-52.152832680135496, -32.04953825637264], [-52.152810730979404, -32.04950506949831], [-52.15269483914805, -32.04941915256526], [-52.15260323956327, -32.04937673913058], [-52.152520430464364, -32.04928863582868], [-52.152472234998925, -32.04927402710172], [-52.152355214329674, -32.04927462190823], [-52.15231893018935, -32.04928670604961]]]}}, {"id": "133", "type": "Feature", "properties": {}, "geometry": {"type": "Polygon", "coordinates": [[[-52.152242561614536, -32.04911097675867], [-52.15213042542396, -32.04907922061568], [-52.1514706077685, -32.04881590477183], [-52.15135925196984, -32.04903714849984], [-52.15054390151476, -32.04881888731038], [-52.150158467165255, -32.04868762410476], [-52.15021472366776, -32.04857732737431], [-52.150078374363424, -32.04852975677832], [-52.15011201790955, -32.04846168929092], [-52.14985937043255, -32.048368031275146], [-52.14939805701219, -32.0492986698926], [-52.15174754570699, -32.05012282631768], [-52.152242561614536, -32.04911097675867]]]}}, {"id": "134", "type": "Feature", "properties": {}, "geometry": {"type": "Polygon", "coordinates": [[[-52.14939805701219, -32.0492986698926], [-52.149773429212495, -32.04854140779486], [-52.14953785270031, -32.048452444737286], [-52.14954556189989, -32.04843615821967], [-52.14944544377067, -32.04839942855981], [-52.149435891151974, -32.04842094594181], [-52.14933922032988, -32.04838644546872], [-52.1493143488349, -32.0484424686618], [-52.14911537007627, -32.04837145421307], [-52.149144952020265, -32.04829821122344], [-52.14884802919933, -32.04820904301255], [-52.14880660797843, -32.048301595046055], [-52.14870531937105, -32.048271176025146], [-52.14734064474899, -32.04780330076165], [-52.14716098190562, -32.04821565378477], [-52.14711596422116, -32.04820113064425], [-52.14707774423034, -32.0482888517683], [-52.14710055592631, -32.04829621104486], [-52.147008329554914, -32.048507885045396], [-52.14939805701219, -32.0492986698926]]]}}, {"id": "135", "type": "Feature", "properties": {}, "geometry": {"type": "Polygon", "coordinates": [[[-52.147008329554914, -32.048507885045396], [-52.14710055592631, -32.04829621104486], [-52.14707774423034, -32.0482888517683], [-52.14711596422116, -32.04820113064425], [-52.14716098190562, -32.04821565378477], [-52.14734064474899, -32.04780330076165], [-52.14730762561341, -32.04779218713453], [-52.14725392925914, -32.047906769237315], [-52.146749990116696, -32.04777182699155], [-52.146787188088155, -32.04767348007028], [-52.14667789023874, -32.04764534050105], [-52.14665563164479, -32.04770477074535], [-52.14655759273379, -32.04767953089867], [-52.14656728402589, -32.04765365532232], [-52.14646699172974, -32.0476278325445], [-52.146458291474474, -32.04765106216329], [-52.146251948254054, -32.047596489426915], [-52.14623419370879, -32.04764389317738], [-52.14594880354743, -32.04756635243416], [-52.14599634042051, -32.047439432470995], [-52.14539577258707, -32.047276255142364], [-52.145416563148956, -32.047220747552636], [-52.14529110009236, -32.047187491486426], [-52.14521689578776, -32.04738780124986], [-52.14513589951267, -32.04736579103631], [-52.144960849915975, -32.047838321294655], [-52.147008329554914, -32.048507885045396]]]}}, {"id": "136", "type": "Feature", "properties": {}, "geometry": {"type": "Polygon", "coordinates": [[[-52.08394861469158, -32.03348620418902], [-52.08435125823168, -32.03352380531304], [-52.08441166966144, -32.032961327981006], [-52.084669435691055, -32.032992157910684], [-52.084462662097785, -32.0328458896269], [-52.084429235239554, -32.03280653381808], [-52.08440999905505, -32.03273732535748], [-52.08458910087013, -32.031392063034396], [-52.08420470099916, -32.03135864109832], [-52.08394861469158, -32.03348620418902]]]}}, {"id": "137", "type": "Feature", "properties": {}, "geometry": {"type": "Polygon", "coordinates": [[[-52.08404898308482, -32.03134882326669], [-52.080517445300224, -32.03104366382523], [-52.079768325327684, -32.03329888776934], [-52.08375647896115, -32.03375955743623], [-52.08404898308482, -32.03134882326669]]]}}, {"id": "138", "type": "Feature", "properties": {}, "geometry": {"type": "Polygon", "coordinates": [[[-52.09319598918667, -32.04744643326474], [-52.09336711755764, -32.04744837803712], [-52.09334049587194, -32.0462944902858], [-52.093152057443206, -32.04629385285241], [-52.09319598918667, -32.04744643326474]]]}}, {"id": "139", "type": "Feature", "properties": {}, "geometry": {"type": "Polygon", "coordinates": [[[-52.09276161751857, -32.04755559956454], [-52.09293539773883, -32.047539989459466], [-52.09294921840699, -32.04771540276231], [-52.09311478118119, -32.047670278484034], [-52.09304222341275, -32.04620825082308], [-52.09265788879569, -32.0462838116081], [-52.09273571166669, -32.047194214421836], [-52.09290816848986, -32.047158193146984], [-52.09291890063195, -32.047273156481275], [-52.092742728166705, -32.047284219470576], [-52.09276161751857, -32.04755559956454]]]}}, {"id": "140", "type": "Feature", "properties": {}, "geometry": {"type": "Polygon", "coordinates": [[[-52.082834815750445, -32.04887451648965], [-52.079448205056984, -32.049554133698386], [-52.079515506860325, -32.04987899450482], [-52.079522416811386, -32.04996864987864], [-52.07949588683642, -32.05001580325515], [-52.07935542017528, -32.050065740090886], [-52.079355955324175, -32.050157344173186], [-52.079311847405364, -32.050159794589334], [-52.07930832218384, -32.05010130513319], [-52.07929197825379, -32.05008862540181], [-52.07923492933239, -32.05009759091495], [-52.07923456345417, -32.05011605107384], [-52.0791526657085, -32.05012952212917], [-52.07915959685236, -32.05016776644799], [-52.07890039665686, -32.05018935428784], [-52.07889472559287, -32.0501318324208], [-52.079125100510915, -32.05009931982079], [-52.07947529523084, -32.04999037721158], [-52.079491238360504, -32.04995908402618], [-52.07948672513679, -32.049867873109214], [-52.07942579048851, -32.049572898892215], [-52.07940612789183, -32.04956262898809], [-52.078468691185364, -32.0497503253691], [-52.07843596345634, -32.04979107219826], [-52.0782344653438, -32.05043980235028], [-52.07825574891904, -32.05044468210616], [-52.078236109388065, -32.05052670607418], [-52.07845930231192, -32.05053288114836], [-52.07848751004847, -32.050521247578956], [-52.078503545745804, -32.05048868952876], [-52.07853751294784, -32.05048406139611], [-52.07855108036683, -32.05063748402514], [-52.078512246262584, -32.05064077335361], [-52.07851470341438, -32.05069222649053], [-52.07857556002638, -32.05069269196579], [-52.078550060237134, -32.050484604148764], [-52.07859135384344, -32.050477892949836], [-52.07860088367848, -32.05042707753898], [-52.07869581177693, -32.05033792671097], [-52.07880191692784, -32.050335670560514], [-52.078920750746995, -32.0503512217605], [-52.07893560167922, -32.05040907356377], [-52.078948211104674, -32.05041310688986], [-52.07898418883561, -32.05040831718795], [-52.07900766636359, -32.05037630915969], [-52.079036758393585, -32.05037054063751], [-52.0793074985792, -32.05041463082713], [-52.07934149974268, -32.050437263765694], [-52.07942755123456, -32.05045368901517], [-52.07940558722769, -32.05051626554687], [-52.07937595643102, -32.05051493918542], [-52.07935515227688, -32.05053917544473], [-52.07938439996132, -32.05056380641238], [-52.07942603017284, -32.05051810315289], [-52.07944531688298, -32.05045664096298], [-52.07945745238595, -32.05046541431844], [-52.07948038749145, -32.05044766406295], [-52.079569619789154, -32.05044000302124], [-52.07957381528173, -32.05046264617596], [-52.079598549132214, -32.050460072006004], [-52.079593873652456, -32.05043624216338], [-52.07965803529225, -32.05042682799938], [-52.079651825209865, -32.05032462743867], [-52.079777342692225, -32.05031672935644], [-52.07977626475719, -32.05022494046566], [-52.07982750872946, -32.05022043544749], [-52.079766938317924, -32.050131570987894], [-52.07979614255905, -32.050024431940706], [-52.07988251744135, -32.049926828219796], [-52.079944970953356, -32.04990007199098], [-52.07999877687661, -32.049895472910315], [-52.080076494852435, -32.04991122900337], [-52.0801473141597, -32.049942027777035], [-52.08026328343933, -32.049954498895666], [-52.08064893784745, -32.04978075015217], [-52.08068228158581, -32.049783487930014], [-52.080690934994465, -32.04980510072642], [-52.08071577614549, -32.04981257486073], [-52.08075088828211, -32.049767513113196], [-52.080758530709694, -32.04986441507323], [-52.08077251137437, -32.04986345691459], [-52.08076347896345, -32.04976454609471], [-52.08081254377758, -32.04975309502169], [-52.08096973631085, -32.04980247989649], [-52.081270471601485, -32.049796099023965], [-52.081422395600995, -32.04974512414832], [-52.081440845416644, -32.04980985505327], [-52.08154054634346, -32.04979088115123], [-52.08158925255671, -32.04977416455363], [-52.081600343158605, -32.04975352902273], [-52.08158254422978, -32.04967750727259], [-52.081627296297874, -32.0496947254515], [-52.08166983708544, -32.04975716689194], [-52.081718699460964, -32.049753727876386], [-52.08181928824504, -32.04971480067098], [-52.08185328202986, -32.04965215715095], [-52.081868630333894, -32.049586497355875], [-52.08189561384549, -32.049560899900634], [-52.08197220666355, -32.04953594348173], [-52.08199646318598, -32.049489232996635], [-52.08202818375958, -32.04955026016348], [-52.08211687193427, -32.04960445922274], [-52.082325548984414, -32.04965987998723], [-52.08243768941433, -32.049674619026185], [-52.08249757827249, -32.04964512301446], [-52.0825614314221, -32.049519618333505], [-52.08266173472863, -32.049491581292685], [-52.082703677361486, -32.0494429063883], [-52.08284381372735, -32.04942722156147], [-52.082923221946125, -32.04943180245015], [-52.08300911762344, -32.049452114670615], [-52.08322330490043, -32.0494645738195], [-52.083207874240095, -32.04935772524288], [-52.08317534284992, -32.04931244701193], [-52.083056392071086, -32.04932107716207], [-52.08305263394283, -32.0492960668816], [-52.082975761157805, -32.04929990809884], [-52.0829391637951, -32.049287104182284], [-52.082834815750445, -32.04887451648965]]]}}, {"id": "141", "type": "Feature", "properties": {}, "geometry": {"type": "Polygon", "coordinates": [[[-52.09479684657754, -32.04763330571866], [-52.094801944869054, -32.048050844731826], [-52.094792540415426, -32.04805092595508], [-52.09479506944668, -32.04809520634354], [-52.09478085380516, -32.04809418344896], [-52.09477003410734, -32.04819068453708], [-52.09477240080847, -32.04831296206671], [-52.09475781546103, -32.048366294008616], [-52.09473156037562, -32.04837813707041], [-52.09473890086518, -32.048435655619386], [-52.09479241711604, -32.04842898793016], [-52.094857338602196, -32.04848665890979], [-52.094870435339445, -32.048546706969546], [-52.09491979018487, -32.048558044075236], [-52.09493991395698, -32.04860958775447], [-52.095083144650495, -32.04860079305747], [-52.095070363328205, -32.04787062265503], [-52.09511326153962, -32.046033328524324], [-52.09509883491431, -32.04602078763751], [-52.09485693645115, -32.04606347171454], [-52.09484010330818, -32.04608187564959], [-52.094814864699615, -32.04745197191541], [-52.09479684657754, -32.04763330571866]]]}}, {"id": "142", "type": "Feature", "properties": {}, "geometry": {"type": "Polygon", "coordinates": [[[-52.083879089238216, -32.04866570351179], [-52.08332998108182, -32.048775501609754], [-52.083469058257876, -32.04925609929866], [-52.083453590450056, -32.04925937984903], [-52.08330422950815, -32.04878064717269], [-52.0828594261292, -32.04886959727512], [-52.08297645486681, -32.04927427341385], [-52.083136575796495, -32.04925752444322], [-52.0832358203128, -32.04929429408684], [-52.083264930837885, -32.0494681602875], [-52.08337756315721, -32.04946622342273], [-52.083381686783326, -32.049491681619465], [-52.08344679123726, -32.049491359714075], [-52.08345445499628, -32.0495628670872], [-52.08350109944059, -32.049556388213716], [-52.08350423266503, -32.04956970353964], [-52.08364872849926, -32.04958869349309], [-52.08375689977699, -32.0495820944683], [-52.08376265563671, -32.049602243349185], [-52.083886874976876, -32.04961372948992], [-52.083909867215525, -32.04964045164653], [-52.084071173635394, -32.04963347917248], [-52.0840476517822, -32.04946840599988], [-52.08400318065898, -32.04929356177174], [-52.08394755910135, -32.049270781194735], [-52.083819569006316, -32.04929519497543], [-52.08379745023841, -32.04919968897397], [-52.08396665220205, -32.04915992984826], [-52.083879089238216, -32.04866570351179]]]}}, {"id": "143", "type": "Feature", "properties": {}, "geometry": {"type": "Polygon", "coordinates": [[[-52.0916985178964, -32.03754967270133], [-52.091807312380055, -32.0379275583404], [-52.09262817929648, -32.03774278384356], [-52.09253244385545, -32.037368043979775], [-52.0916985178964, -32.03754967270133]]]}}, {"id": "144", "type": "Feature", "properties": {}, "geometry": {"type": "Polygon", "coordinates": [[[-52.09898931104313, -32.03086141390948], [-52.099034700731636, -32.030019827991865], [-52.098411357620655, -32.030065341678835], [-52.097679316104724, -32.03010173044805], [-52.09776400202206, -32.03087744663509], [-52.09898931104313, -32.03086141390948]]]}}, {"id": "145", "type": "Feature", "properties": {}, "geometry": {"type": "Polygon", "coordinates": [[[-52.0982553804383, -32.04599978356363], [-52.098137539412484, -32.045467344378444], [-52.096481309430374, -32.04578090602111], [-52.0964640960159, -32.04579932376846], [-52.09645255249564, -32.046331369239354], [-52.09646858716989, -32.046341335849284], [-52.096812811629455, -32.046285921310606], [-52.09698162883491, -32.04624292337411], [-52.09722470437315, -32.04619652539622], [-52.09722699488453, -32.04620733674535], [-52.097311430468594, -32.04619053516536], [-52.09730901139405, -32.046180432991335], [-52.09764474790534, -32.04612603175747], [-52.0982553804383, -32.04599978356363]]]}}, {"id": "146", "type": "Feature", "properties": {}, "geometry": {"type": "Polygon", "coordinates": [[[-52.102845257613886, -32.031228340508065], [-52.10307687100138, -32.03000463067166], [-52.10271943286439, -32.02995990809804], [-52.10272214924221, -32.02994456651806], [-52.10250130828086, -32.02991785734522], [-52.10249785366918, -32.02993201005467], [-52.102135900971206, -32.029886761051614], [-52.10208033142754, -32.03021114474044], [-52.102050131874925, -32.0302080471492], [-52.10203531960709, -32.03029963144081], [-52.102060543072255, -32.03030243387178], [-52.10202454397442, -32.0304928275449], [-52.102000730557656, -32.03049052457161], [-52.10199489744691, -32.03052654775984], [-52.102018004271386, -32.03052881671259], [-52.101918682768634, -32.03109144565829], [-52.10194285068948, -32.03112094149683], [-52.102845257613886, -32.031228340508065]]]}}, {"id": "147", "type": "Feature", "properties": {}, "geometry": {"type": "Polygon", "coordinates": [[[-52.10900774627694, -32.03299515514876], [-52.11056751189366, -32.030349926371294], [-52.11144393759679, -32.02890158746529], [-52.11049323355326, -32.02840407280614], [-52.10978657711459, -32.02960185131498], [-52.10974923375641, -32.029711349040866], [-52.1089148241267, -32.03112493260592], [-52.10881921676565, -32.03125691169293], [-52.10803127137212, -32.03264334539691], [-52.10900774627694, -32.03299515514876]]]}}, {"id": "148", "type": "Feature", "properties": {}, "geometry": {"type": "Polygon", "coordinates": [[[-52.1448200268868, -32.04799111110691], [-52.14479464844032, -32.04800209328285], [-52.143490925998655, -32.05055700264733], [-52.144381582636555, -32.050976079532354], [-52.14624589192861, -32.051804388499086], [-52.146269644346354, -32.05180564411237], [-52.146286487275006, -32.051791328909275], [-52.14762806620259, -32.04890120984751], [-52.14761781516508, -32.04888861920462], [-52.1448200268868, -32.04799111110691]]]}}, {"id": "149", "type": "Feature", "properties": {}, "geometry": {"type": "Polygon", "coordinates": [[[-52.09385317834104, -32.03799714767604], [-52.093647593092776, -32.03712625055684], [-52.09270966264089, -32.03733359552503], [-52.09290131530461, -32.03819506032813], [-52.09385317834104, -32.03799714767604]]]}}, {"id": "150", "type": "Feature", "properties": {}, "geometry": {"type": "Polygon", "coordinates": [[[-52.12901255277515, -32.04211941026907], [-52.128050617876745, -32.041709938755034], [-52.12766977243741, -32.042356718261274], [-52.12863960156802, -32.042769109674595], [-52.12901255277515, -32.04211941026907]]]}}, {"id": "151", "type": "Feature", "properties": {}, "geometry": {"type": "Polygon", "coordinates": [[[-52.12458074316695, -32.03935556919137], [-52.12431827908175, -32.03922677695158], [-52.12425645552662, -32.039335459847926], [-52.124192232723125, -32.039331031719016], [-52.124181409016416, -32.0393786863701], [-52.12416633903279, -32.039382193849875], [-52.12413092807126, -32.03943799596549], [-52.124044887730136, -32.039616373171], [-52.124065795134285, -32.03963642188625], [-52.124502968711724, -32.039824502672296], [-52.124521562756456, -32.039820774452714], [-52.124565759815894, -32.03974125027761], [-52.124580848999436, -32.03974883839948], [-52.12442899359138, -32.04002556915118], [-52.124572272045405, -32.04008592970315], [-52.124625481632165, -32.03998039923479], [-52.12464087941256, -32.03997944173231], [-52.124662253484985, -32.039916375812034], [-52.12484628913643, -32.03963932318821], [-52.12488210378686, -32.039562868247785], [-52.12464579526546, -32.03945467409963], [-52.124661788891444, -32.039431429459675], [-52.12456437503776, -32.039379367423955], [-52.12458074316695, -32.03935556919137]]]}}, {"id": "152", "type": "Feature", "properties": {}, "geometry": {"type": "Polygon", "coordinates": [[[-52.155195659665594, -32.05141310264708], [-52.15477491730176, -32.05225831134839], [-52.15573343513393, -32.05261936272656], [-52.15619801755437, -32.05178121376896], [-52.155195659665594, -32.05141310264708]]]}}, {"id": "153", "type": "Feature", "properties": {}, "geometry": {"type": "Polygon", "coordinates": [[[-52.09515997059633, -32.04068234029825], [-52.094944325106155, -32.041210152791855], [-52.0948297889263, -32.04146310821219], [-52.09513420516084, -32.0413980903798], [-52.09560569907337, -32.04126830191694], [-52.09575832149, -32.040855654191], [-52.09515997059633, -32.04068234029825]]]}}, {"id": "154", "type": "Feature", "properties": {}, "geometry": {"type": "Polygon", "coordinates": [[[-52.09848314017862, -32.04124724554068], [-52.09796749684732, -32.04134960014483], [-52.09811084858438, -32.04196825128621], [-52.09813781775754, -32.0420308244286], [-52.09865345165491, -32.04193513894297], [-52.09864273267427, -32.04189379613055], [-52.09865527281029, -32.041891464504076], [-52.098599740386746, -32.04164733593446], [-52.098560113948956, -32.041505375143906], [-52.098546196014944, -32.04150805338261], [-52.09848314017862, -32.04124724554068]]]}}, {"id": "155", "type": "Feature", "properties": {}, "geometry": {"type": "Polygon", "coordinates": [[[-52.106734799696895, -32.02674319052453], [-52.10666735872762, -32.02678208242325], [-52.106418981468515, -32.02706422662872], [-52.10638860852804, -32.02721107441311], [-52.10673468350537, -32.02724599687373], [-52.1067672477856, -32.02695914149461], [-52.106734799696895, -32.02674319052453]]]}}, {"id": "156", "type": "Feature", "properties": {}, "geometry": {"type": "Polygon", "coordinates": [[[-52.09953623408398, -32.045019274435205], [-52.09955183231212, -32.045014610589774], [-52.099868892992376, -32.04446808213238], [-52.09986053167556, -32.044449968302956], [-52.099444560474836, -32.044528000039094], [-52.09942408164139, -32.04454168211258], [-52.09952422035663, -32.04500926607583], [-52.09953623408398, -32.045019274435205]]]}}, {"id": "157", "type": "Feature", "properties": {}, "geometry": {"type": "Polygon", "coordinates": [[[-52.0889124961366, -32.037056026472825], [-52.08770552934533, -32.03728807946011], [-52.087611108745755, -32.0380909961494], [-52.087972466731365, -32.038194042757155], [-52.08880663659022, -32.038015549251945], [-52.0889124961366, -32.037056026472825]]]}}, {"id": "158", "type": "Feature", "properties": {}, "geometry": {"type": "Polygon", "coordinates": [[[-52.09887558184469, -32.046308333020086], [-52.09887790683057, -32.04635842461678], [-52.09906316708193, -32.04634373805333], [-52.09906458717848, -32.04633583235105], [-52.099189302074215, -32.04631900932411], [-52.09919393205619, -32.046333312593895], [-52.099131607873375, -32.04634805207997], [-52.098869160641435, -32.04637369182707], [-52.09891284008501, -32.046581987347814], [-52.099041505969076, -32.04701003772177], [-52.09909219011452, -32.04740644178569], [-52.09910082442517, -32.04741725528754], [-52.09915054216213, -32.047415543213575], [-52.099154917535834, -32.04742803546534], [-52.09926993305366, -32.0474290227397], [-52.09928190890797, -32.04738950065754], [-52.09925953378234, -32.047389116444926], [-52.0992594217959, -32.04735877825707], [-52.099351550697136, -32.04735538002667], [-52.09935319605568, -32.0472932092775], [-52.099507623319724, -32.04727964811846], [-52.09951827529376, -32.047268133316166], [-52.09950424382466, -32.0471883279094], [-52.09956326977462, -32.0471767498584], [-52.099572407158476, -32.04708675813966], [-52.099562473401285, -32.04700828479419], [-52.09959486231509, -32.04699670199659], [-52.09958509893612, -32.04693014680928], [-52.09943970745299, -32.04695156910468], [-52.09940273771108, -32.04687946543082], [-52.099367842875495, -32.046873624751925], [-52.09931035221249, -32.046827574888354], [-52.099294058328034, -32.04672268449884], [-52.09926992444916, -32.046727467440085], [-52.09926599668339, -32.046642550590235], [-52.099283233028395, -32.04662604601736], [-52.09948199675358, -32.046597087760404], [-52.099478533167186, -32.04657404204222], [-52.09962492719823, -32.04654731491579], [-52.099630013734426, -32.04635178537255], [-52.09968572970056, -32.04618832836773], [-52.099793955840674, -32.04596005082634], [-52.10009259542336, -32.04542378521709], [-52.099823844442625, -32.045309096538006], [-52.099538769167665, -32.04520207239955], [-52.09951126601371, -32.0452040610276], [-52.09926656869306, -32.04565994037085], [-52.09887558184469, -32.046308333020086]]]}}, {"id": "159", "type": "Feature", "properties": {}, "geometry": {"type": "Polygon", "coordinates": [[[-52.093498185689384, -32.04723352632059], [-52.09357843163861, -32.04771301408918], [-52.09361999415205, -32.04769972839686], [-52.09418861713551, -32.04762759676318], [-52.09448612532547, -32.04759908392012], [-52.09454440541046, -32.047610172719466], [-52.09473596105698, -32.04759376017355], [-52.09479684657756, -32.04763330571866], [-52.09481486469963, -32.04745197191541], [-52.09476106374879, -32.04745056921705], [-52.094764488209165, -32.04729783179327], [-52.09473262758522, -32.04726571245941], [-52.09467474082486, -32.04725205837671], [-52.093498185689384, -32.04723352632059]]]}}, {"id": "160", "type": "Feature", "properties": {}, "geometry": {"type": "Polygon", "coordinates": [[[-52.09057934031826, -32.03412420604578], [-52.090474657505986, -32.033791797251546], [-52.090264952038666, -32.03302489534943], [-52.09024560429652, -32.03300874340685], [-52.08948017468583, -32.033058734064944], [-52.0893386512173, -32.03433531330237], [-52.08935811219821, -32.034349761998776], [-52.08943970267412, -32.034336357774244], [-52.09057934031826, -32.03412420604578]]]}}, {"id": "161", "type": "Feature", "properties": {}, "geometry": {"type": "Polygon", "coordinates": [[[-52.10868641506703, -32.030811044337575], [-52.108701413678276, -32.03080958710202], [-52.10941316657763, -32.02954824833701], [-52.109421899706895, -32.02951021144959], [-52.10939858567519, -32.02945258163006], [-52.10935941390701, -32.02942701595586], [-52.10915259896225, -32.02939086469766], [-52.10767118552393, -32.029214652314614], [-52.10868641506703, -32.030811044337575]]]}}, {"id": "162", "type": "Feature", "properties": {}, "geometry": {"type": "Polygon", "coordinates": [[[-52.09149127158452, -32.037438443139585], [-52.09125799008111, -32.036602161650045], [-52.090237363751605, -32.03679822314555], [-52.09046753324876, -32.03765711006162], [-52.09149127158452, -32.037438443139585]]]}}, {"id": "163", "type": "Feature", "properties": {}, "geometry": {"type": "Polygon", "coordinates": [[[-52.15159176947238, -32.05023846544978], [-52.14894729129705, -32.0493154446654], [-52.147738238166404, -32.04893491592069], [-52.14637217667167, -32.051821044739164], [-52.14637650217878, -32.051849394532944], [-52.14986496684728, -32.05338705146198], [-52.15004848931995, -32.053465934362464], [-52.15007301405302, -32.05346453911316], [-52.15165963017909, -32.05033222597961], [-52.15164101331691, -32.050278395778975], [-52.15159176947238, -32.05023846544978]]]}}, {"id": "164", "type": "Feature", "properties": {}, "geometry": {"type": "Polygon", "coordinates": [[[-52.10770470009045, -32.027931886050204], [-52.107794744654576, -32.02745206481139], [-52.10772513060784, -32.02739467324514], [-52.107413035061064, -32.027373053659986], [-52.10734675356753, -32.0278720003817], [-52.10770470009045, -32.027931886050204]]]}}, {"id": "165", "type": "Feature", "properties": {}, "geometry": {"type": "Polygon", "coordinates": [[[-52.10155659351803, -32.04494671530355], [-52.10066004935451, -32.044658279574776], [-52.100548242560734, -32.04487114495572], [-52.10052300622307, -32.04486075532882], [-52.10049792848169, -32.04490079180573], [-52.10051969002464, -32.044912880491744], [-52.10032866875682, -32.04517610306737], [-52.10021282167361, -32.045364763751735], [-52.10043104646553, -32.04548161322603], [-52.100816080306274, -32.04566431968358], [-52.10082892422427, -32.0456711092255], [-52.10082324621191, -32.04568075689347], [-52.10086065628793, -32.045699439302915], [-52.100891507022105, -32.04571342459016], [-52.100897037080635, -32.04570468932676], [-52.101323920849715, -32.04589104510879], [-52.10136459259465, -32.04577878606453], [-52.10136834458726, -32.045699413641415], [-52.101313620075196, -32.04569244674912], [-52.10117060630144, -32.045642197182715], [-52.101175845433374, -32.045631281348946], [-52.10112455815219, -32.04561151075847], [-52.10097326963427, -32.04558135047526], [-52.10090118568469, -32.04554959106157], [-52.10090948892535, -32.045535401062416], [-52.10088388646375, -32.04552452755619], [-52.10091939930531, -32.04548382303721], [-52.100974291475794, -32.04553134713221], [-52.10106141933432, -32.04556875830847], [-52.101179764401465, -32.045557879389115], [-52.10119759975021, -32.04553925843956], [-52.10119921050836, -32.04549245244069], [-52.10114311563444, -32.04537456594898], [-52.10116275197694, -32.045317950884325], [-52.10115103421176, -32.04531233334636], [-52.10117628599301, -32.04525146570789], [-52.10111239461082, -32.04522722191868], [-52.101082045425805, -32.045198501006986], [-52.10114105108058, -32.04511368708502], [-52.101227438277824, -32.04514764953854], [-52.10127694958793, -32.04502591334397], [-52.10136440317214, -32.04505291081632], [-52.10135614545721, -32.04507089288422], [-52.10148802739335, -32.045117820919124], [-52.10155659351803, -32.04494671530355]]]}}, {"id": "166", "type": "Feature", "properties": {}, "geometry": {"type": "Polygon", "coordinates": [[[-52.11028669082791, -32.02754231100065], [-52.11054779600857, -32.027568076356296], [-52.11060262981247, -32.02739549185135], [-52.11092069699846, -32.026804252353436], [-52.11092454619992, -32.02673021733438], [-52.110877185433274, -32.02669420623361], [-52.110698241353695, -32.02665083998815], [-52.110637236215005, -32.0265996224801], [-52.11047485757155, -32.02655980583862], [-52.11053996761008, -32.02629630872789], [-52.10998308725215, -32.026180663362425], [-52.109533867075186, -32.0261022494564], [-52.10941203408007, -32.02610570222249], [-52.10934821992394, -32.02615757711498], [-52.1093115370201, -32.02625217738062], [-52.1092811578892, -32.02654435111623], [-52.10912742317731, -32.02717868027337], [-52.10913722543901, -32.027294593934435], [-52.10916789537491, -32.02732869585942], [-52.10930305575876, -32.02738479718783], [-52.11028669082791, -32.02754231100065]]]}}, {"id": "167", "type": "Feature", "properties": {}, "geometry": {"type": "Polygon", "coordinates": [[[-52.09207229330492, -32.03533282664249], [-52.091925959592054, -32.03474034198419], [-52.09099225637302, -32.03491288868542], [-52.090980817989966, -32.03492797237914], [-52.09113684331864, -32.03548956691043], [-52.091150863160145, -32.035496232037005], [-52.09207229330492, -32.03533282664249]]]}}, {"id": "168", "type": "Feature", "properties": {}, "geometry": {"type": "Polygon", "coordinates": [[[-52.086661453316424, -32.031584675019616], [-52.08547118923599, -32.03147566299523], [-52.08520248091044, -32.03351133566432], [-52.08647656043065, -32.03324222601474], [-52.086661453316424, -32.031584675019616]]]}}, {"id": "169", "type": "Feature", "properties": {}, "geometry": {"type": "Polygon", "coordinates": [[[-52.10101256114265, -32.0439117693232], [-52.10241570031294, -32.041537187134395], [-52.10192406517811, -32.04109924193558], [-52.10189022133778, -32.041107582848596], [-52.101764369151695, -32.041317062220365], [-52.099972203040025, -32.04440013252387], [-52.100591886899316, -32.044608092066724], [-52.10084795467884, -32.04416234131351], [-52.10101256114265, -32.0439117693232]]]}}, {"id": "170", "type": "Feature", "properties": {}, "geometry": {"type": "Polygon", "coordinates": [[[-52.10016160254663, -32.02999566543872], [-52.100135676196935, -32.02996775112383], [-52.099155315923724, -32.03002269583273], [-52.099095592785936, -32.0308905531468], [-52.0997612918656, -32.03105298245295], [-52.10016160254663, -32.02999566543872]]]}}, {"id": "171", "type": "Feature", "properties": {}, "geometry": {"type": "Polygon", "coordinates": [[[-52.10416567101386, -32.02721399256279], [-52.10386176744274, -32.02673068172385], [-52.103295317818734, -32.026969519915795], [-52.10349713736903, -32.02735120657759], [-52.10379245599695, -32.02727036818482], [-52.10382071601778, -32.02732583483244], [-52.10416567101386, -32.02721399256279]]]}}, {"id": "172", "type": "Feature", "properties": {}, "geometry": {"type": "Polygon", "coordinates": [[[-52.10401353464476, -32.027354987986364], [-52.10392768116911, -32.02740417462724], [-52.10392308710052, -32.02737211330533], [-52.10373354869223, -32.027391823402894], [-52.10374758352317, -32.02748977172688], [-52.10371133534083, -32.027523206849445], [-52.10367806177321, -32.027698077546304], [-52.10364217323395, -32.027690962312256], [-52.10346404981442, -32.02865732762839], [-52.105951042369746, -32.02893381229217], [-52.10618274428178, -32.02773341780908], [-52.10540559857749, -32.02765297012039], [-52.10530237507991, -32.02780638772141], [-52.10516442648418, -32.02793791046554], [-52.105038428324946, -32.02850468488384], [-52.10461464424342, -32.02849190823462], [-52.104613115482465, -32.02850015488362], [-52.10456024528831, -32.028488082158454], [-52.1047235018296, -32.02721514281865], [-52.104330398093744, -32.02726033626861], [-52.10401353464476, -32.027354987986364]]]}}, {"id": "173", "type": "Feature", "properties": {}, "geometry": {"type": "Polygon", "coordinates": [[[-52.093029827182875, -32.04350779513182], [-52.093077846148404, -32.04464012967007], [-52.09329822922664, -32.044637804181974], [-52.09327023077082, -32.04351069946046], [-52.093029827182875, -32.04350779513182]]]}}, {"id": "174", "type": "Feature", "properties": {}, "geometry": {"type": "Polygon", "coordinates": [[[-52.10782297919147, -32.03075864633128], [-52.10815140643999, -32.03017293695134], [-52.107538649293495, -32.02922361320487], [-52.10746084765956, -32.02920156876251], [-52.106025551003945, -32.02904421221525], [-52.10594520108929, -32.029468279060474], [-52.10603362603127, -32.02951340679981], [-52.1060537647218, -32.029584551405165], [-52.106017418494766, -32.030641537771025], [-52.10774527611497, -32.030867171567614], [-52.10782297919147, -32.03075864633128]]]}}, {"id": "175", "type": "Feature", "properties": {}, "geometry": {"type": "Polygon", "coordinates": [[[-52.094578264732455, -32.039874244560465], [-52.094418533620924, -32.040004559493234], [-52.09448389657388, -32.040157505949274], [-52.09513139190925, -32.040342839946916], [-52.0949961097349, -32.0397913807809], [-52.094578264732455, -32.039874244560465]]]}}, {"id": "176", "type": "Feature", "properties": {}, "geometry": {"type": "Polygon", "coordinates": [[[-52.09948331120952, -32.043776427731395], [-52.099481337356146, -32.043768595051226], [-52.099653042531145, -32.04374490110271], [-52.10034352954454, -32.04360858934029], [-52.10047140076404, -32.043360894329666], [-52.10039470332098, -32.04304632868914], [-52.09914888537882, -32.04327568238197], [-52.09929143401586, -32.04381206670993], [-52.09948331120952, -32.043776427731395]]]}}, {"id": "177", "type": "Feature", "properties": {}, "geometry": {"type": "Polygon", "coordinates": [[[-52.092958667525956, -32.03920236040951], [-52.09229187825313, -32.03933783705976], [-52.09227327052743, -32.03949165431487], [-52.09262917412801, -32.03958794198308], [-52.093076017742916, -32.03973065194589], [-52.092958667525956, -32.03920236040951]]]}}, {"id": "178", "type": "Feature", "properties": {}, "geometry": {"type": "Polygon", "coordinates": [[[-52.099017060699126, -32.04273076212058], [-52.09912654135205, -32.043162302831576], [-52.09914268582497, -32.043171859976745], [-52.10037458050237, -32.04293906300911], [-52.100256358528334, -32.04241125997775], [-52.10024287731365, -32.04240560040255], [-52.09995651446316, -32.04245690462608], [-52.09901213166842, -32.04264164195524], [-52.099004735194995, -32.0426682080909], [-52.099017060699126, -32.04273076212058]]]}}, {"id": "179", "type": "Feature", "properties": {}, "geometry": {"type": "Polygon", "coordinates": [[[-52.09898076661393, -32.04253714188243], [-52.10023020150965, -32.04229540065955], [-52.10009667421872, -32.04176916795989], [-52.09885248675977, -32.04200490482594], [-52.09898076661393, -32.04253714188243]]]}}, {"id": "180", "type": "Feature", "properties": {}, "geometry": {"type": "Polygon", "coordinates": [[[-52.097666141544565, -32.02999450022436], [-52.099028271243775, -32.029916420518965], [-52.099070895341775, -32.02912331957273], [-52.09761045283152, -32.02935940150266], [-52.097666141544565, -32.02999450022436]]]}}, {"id": "181", "type": "Feature", "properties": {}, "geometry": {"type": "Polygon", "coordinates": [[[-52.096053669421615, -32.04063007401833], [-52.09705951174125, -32.04092040676268], [-52.09693282539835, -32.04038429072097], [-52.09605588024893, -32.04054675501965], [-52.096053669421615, -32.04063007401833]]]}}, {"id": "182", "type": "Feature", "properties": {}, "geometry": {"type": "Polygon", "coordinates": [[[-52.093083847723875, -32.04472970229341], [-52.093145531434054, -32.04620434784105], [-52.09333978501883, -32.046203904245154], [-52.093301379999545, -32.04472542242922], [-52.093083847723875, -32.04472970229341]]]}}, {"id": "183", "type": "Feature", "properties": {}, "geometry": {"type": "Polygon", "coordinates": [[[-52.14240836773099, -32.0480377414024], [-52.142572756554046, -32.04731975730709], [-52.14227827037457, -32.04722838233761], [-52.14200442875659, -32.04792518150729], [-52.14240836773099, -32.0480377414024]]]}}, {"id": "184", "type": "Feature", "properties": {}, "geometry": {"type": "Polygon", "coordinates": [[[-52.09273435142722, -32.03822724789536], [-52.09263322013177, -32.03783892975138], [-52.091824808472396, -32.03801474834371], [-52.09192658021668, -32.03839267254394], [-52.09273435142722, -32.03822724789536]]]}}, {"id": "185", "type": "Feature", "properties": {}, "geometry": {"type": "Polygon", "coordinates": [[[-52.092999988074595, -32.04521527248213], [-52.09257251147293, -32.04529865363634], [-52.09265844492459, -32.04619714306324], [-52.09303953555107, -32.04612930320919], [-52.092999988074595, -32.04521527248213]]]}}, {"id": "186", "type": "Feature", "properties": {}, "geometry": {"type": "Polygon", "coordinates": [[[-52.09995822526191, -32.04442515181908], [-52.099560007269595, -32.04512078021244], [-52.09956855114706, -32.045132902520336], [-52.100123233963195, -32.045368698609735], [-52.10041194323554, -32.0449251642761], [-52.10056927238445, -32.04463623551363], [-52.09995822526191, -32.04442515181908]]]}}, {"id": "187", "type": "Feature", "properties": {}, "geometry": {"type": "Polygon", "coordinates": [[[-52.10289257037321, -32.031934258956205], [-52.10415221563234, -32.03210327825675], [-52.10484282960955, -32.02894457069544], [-52.10350349151854, -32.02879673417322], [-52.10311210258718, -32.03086531574723], [-52.10289257037321, -32.031934258956205]]]}}, {"id": "188", "type": "Feature", "properties": {}, "geometry": {"type": "Polygon", "coordinates": [[[-52.0994390847531, -32.044447478624285], [-52.099914344143436, -32.0443526403665], [-52.100258339885656, -32.04373467309115], [-52.0992966633696, -32.04391669010569], [-52.09942650538781, -32.04444081044692], [-52.0994390847531, -32.044447478624285]]]}}, {"id": "189", "type": "Feature", "properties": {}, "geometry": {"type": "Polygon", "coordinates": [[[-52.0934279159015, -32.04480573770793], [-52.09475565816935, -32.04482718287217], [-52.09476468411069, -32.04450405880828], [-52.093425278136735, -32.04448579366771], [-52.0934279159015, -32.04480573770793]]]}}, {"id": "190", "type": "Feature", "properties": {}, "geometry": {"type": "Polygon", "coordinates": [[[-52.0977727574907, -32.04102823258829], [-52.09759914950058, -32.04026284374739], [-52.097054491909596, -32.04036008458319], [-52.097239074991386, -32.041124777431975], [-52.0977727574907, -32.04102823258829]]]}}, {"id": "191", "type": "Feature", "properties": {}, "geometry": {"type": "Polygon", "coordinates": [[[-52.09410797573348, -32.0299142797741], [-52.092726796639404, -32.030170664247535], [-52.09281010005322, -32.0306620677091], [-52.092896615909915, -32.03101534741347], [-52.09387110140996, -32.03095418067402], [-52.09413075764519, -32.03094773195244], [-52.09410797573348, -32.0299142797741]]]}}, {"id": "192", "type": "Feature", "properties": {}, "geometry": {"type": "Polygon", "coordinates": [[[-52.097793632490074, -32.046742389884315], [-52.09640706640083, -32.04700475051284], [-52.09639777424081, -32.04701779408779], [-52.09639243447749, -32.04732146974484], [-52.09644551625691, -32.047346061990964], [-52.096559372319405, -32.04734042228631], [-52.096819473516305, -32.04730250291067], [-52.0970882185727, -32.04724782833152], [-52.09747202334549, -32.04714109812826], [-52.09775357605009, -32.04704322688253], [-52.09779114703888, -32.04702038505699], [-52.09781510658162, -32.04698679077449], [-52.09781260882736, -32.04682902578134], [-52.097793632490074, -32.046742389884315]]]}}, {"id": "193", "type": "Feature", "properties": {}, "geometry": {"type": "Polygon", "coordinates": [[[-52.09241150687946, -32.04332506143076], [-52.09248967675488, -32.04422246397388], [-52.092948248475444, -32.04413828775099], [-52.0929114786645, -32.04322782007802], [-52.09241150687946, -32.04332506143076]]]}}, {"id": "194", "type": "Feature", "properties": {}, "geometry": {"type": "Polygon", "coordinates": [[[-52.106258129355226, -32.02705565906058], [-52.10549150386055, -32.027348478473236], [-52.10554801441521, -32.02762127670027], [-52.10618899109439, -32.02770087915085], [-52.10630283059196, -32.02708831943945], [-52.106286562899555, -32.02705973929444], [-52.106258129355226, -32.02705565906058]]]}}, {"id": "195", "type": "Feature", "properties": {}, "geometry": {"type": "Polygon", "coordinates": [[[-52.086876364437394, -32.034989249379684], [-52.08686525020398, -32.03500226279545], [-52.08687125555677, -32.03560023465185], [-52.08682579117295, -32.03615061960982], [-52.086826380624586, -32.03637800809032], [-52.086901115680234, -32.03639584253584], [-52.08711388334044, -32.03639108652581], [-52.087124450208385, -32.03638730631312], [-52.087210107559606, -32.035716326080475], [-52.087293983572, -32.034931452238624], [-52.08727017326893, -32.0349150216104], [-52.086876364437394, -32.034989249379684]]]}}, {"id": "196", "type": "Feature", "properties": {}, "geometry": {"type": "Polygon", "coordinates": [[[-52.096912420325495, -32.040245082501364], [-52.09672831284774, -32.03944044288141], [-52.096381089561106, -32.03951811455563], [-52.09634200207804, -32.03961500452383], [-52.09612799296003, -32.040373078145166], [-52.096912420325495, -32.040245082501364]]]}}, {"id": "197", "type": "Feature", "properties": {}, "geometry": {"type": "Polygon", "coordinates": [[[-52.094218427392136, -32.03895372838346], [-52.09440131898679, -32.03974046114239], [-52.09494971762369, -32.03963653703896], [-52.094751127623155, -32.03884900452841], [-52.094218427392136, -32.03895372838346]]]}}, {"id": "198", "type": "Feature", "properties": {}, "geometry": {"type": "Polygon", "coordinates": [[[-52.101326453437515, -32.04591856426359], [-52.10091680226616, -32.04575348374671], [-52.100193691940596, -32.04539206499636], [-52.09985441098153, -32.04594581436985], [-52.09973988185502, -32.04618638816147], [-52.09969814776018, -32.04635081543836], [-52.099683664431964, -32.046570954642405], [-52.099790831449305, -32.046563159927736], [-52.09986238318603, -32.04657340945801], [-52.099896426856205, -32.04642396962296], [-52.09988130045255, -32.04639548620674], [-52.099895537224775, -32.04634959004515], [-52.099947674687094, -32.04636515897936], [-52.09999913170476, -32.046315872692944], [-52.09997323425179, -32.04628034712882], [-52.10000965343589, -32.046230352370095], [-52.10005195550309, -32.04624715227812], [-52.1000547618022, -32.04621966795303], [-52.10009799914652, -32.04614642999104], [-52.100128652866594, -32.046144828856924], [-52.10013815570273, -32.04612996996245], [-52.100164613034295, -32.04614146766915], [-52.10019996736874, -32.04609366518423], [-52.10021218509922, -32.04609857483045], [-52.100234666051115, -32.04605834444519], [-52.10022053116199, -32.04605254031783], [-52.100286634381874, -32.04592965964512], [-52.100252464728705, -32.04591889645674], [-52.10031769425408, -32.04580090372012], [-52.10044268325703, -32.045855749063385], [-52.10047957047911, -32.045790026478414], [-52.10057253362301, -32.045822073953126], [-52.100582925867016, -32.04580454610456], [-52.100657249213214, -32.04583756723729], [-52.100666335994966, -32.04582246834913], [-52.10075767662678, -32.045856108451936], [-52.100752958978305, -32.04586458406647], [-52.10092562639901, -32.045922587232106], [-52.100907553119185, -32.045984159263256], [-52.10095700199518, -32.04599898434654], [-52.101009233179745, -32.045910034551675], [-52.10112706439116, -32.04595173461371], [-52.10118557182599, -32.04598095062933], [-52.10119541439219, -32.046012168049586], [-52.101236293924686, -32.0460224938091], [-52.10127904423428, -32.04595466327464], [-52.1013062970588, -32.04595475126875], [-52.101326453437515, -32.04591856426359]]]}}, {"id": "199", "type": "Feature", "properties": {}, "geometry": {"type": "Polygon", "coordinates": [[[-52.08803010894432, -32.03470858715615], [-52.08796185354085, -32.03473082337599], [-52.08788304445905, -32.035376793155756], [-52.087906785577935, -32.035396309456274], [-52.08883817464038, -32.03522348172201], [-52.08867897801985, -32.03458322683957], [-52.08803010894432, -32.03470858715615]]]}}, {"id": "200", "type": "Feature", "properties": {}, "geometry": {"type": "Polygon", "coordinates": [[[-52.10737037878548, -32.02735184905729], [-52.10637957472021, -32.02725607527394], [-52.106056062074956, -32.02894550407289], [-52.107471129074995, -32.02910452274624], [-52.10822529673477, -32.029212608992296], [-52.109319373859385, -32.02934839708891], [-52.10946251576678, -32.02939637607868], [-52.10949878883411, -32.029390205854995], [-52.10991436394156, -32.02868670777757], [-52.11049465449263, -32.027620920851206], [-52.10908694666993, -32.02745121161412], [-52.108808519973415, -32.02824311008953], [-52.10800388918653, -32.02804645497999], [-52.10728514815554, -32.027929341164544], [-52.10737037878548, -32.02735184905729]]]}}, {"id": "201", "type": "Feature", "properties": {}, "geometry": {"type": "Polygon", "coordinates": [[[-52.09839473203388, -32.04597462092289], [-52.09888437811704, -32.04588259682614], [-52.099099256740736, -32.045827472959196], [-52.09922309901045, -32.04558601890931], [-52.099211102175474, -32.04558213469432], [-52.099400258718184, -32.04524105744292], [-52.09938876626998, -32.04522967876104], [-52.09827309711736, -32.0454392473792], [-52.09825933661673, -32.04545763606047], [-52.09838380205701, -32.04596637643578], [-52.09839473203388, -32.04597462092289]]]}}, {"id": "202", "type": "Feature", "properties": {}, "geometry": {"type": "Polygon", "coordinates": [[[-52.09739205535358, -32.042290212137864], [-52.096533937427985, -32.04243687454125], [-52.096531389350794, -32.042986548952165], [-52.0965458197507, -32.04299942061485], [-52.09751731213499, -32.042819247396594], [-52.0974936568003, -32.04272936104606], [-52.09750737557359, -32.042726838006935], [-52.0974983260697, -32.04268633085236], [-52.09748255837964, -32.042688519431366], [-52.09739205535358, -32.042290212137864]]]}}, {"id": "203", "type": "Feature", "properties": {}, "geometry": {"type": "Polygon", "coordinates": [[[-52.12977412812569, -32.04324925114214], [-52.130142043142826, -32.042597934244974], [-52.12918673776331, -32.0421908969346], [-52.12880912220434, -32.04284573097618], [-52.12977412812569, -32.04324925114214]]]}}, {"id": "204", "type": "Feature", "properties": {}, "geometry": {"type": "Polygon", "coordinates": [[[-52.09406138356342, -32.04003189048963], [-52.0942683892684, -32.03984129522693], [-52.09407378033518, -32.038987785634454], [-52.09313183448954, -32.03917334192886], [-52.093265226102034, -32.039796468034], [-52.09406138356342, -32.04003189048963]]]}}, {"id": "205", "type": "Feature", "properties": {}, "geometry": {"type": "Polygon", "coordinates": [[[-52.083900623543954, -32.04854836772093], [-52.083530334605115, -32.04720102120561], [-52.08300970020607, -32.047305968377394], [-52.083385379256825, -32.048656646793305], [-52.083900623543954, -32.04854836772093]]]}}, {"id": "206", "type": "Feature", "properties": {}, "geometry": {"type": "Polygon", "coordinates": [[[-52.09519957731326, -32.02977043540559], [-52.0952203938951, -32.03008052661418], [-52.095564232453235, -32.03006052119012], [-52.09555002943615, -32.02975625949643], [-52.09519957731326, -32.02977043540559]]]}}, {"id": "207", "type": "Feature", "properties": {}, "geometry": {"type": "Polygon", "coordinates": [[[-52.09664018713891, -32.029554135251075], [-52.095925219831635, -32.02960005758674], [-52.09597591223231, -32.03009199416164], [-52.0966782231242, -32.030051342116565], [-52.09664018713891, -32.029554135251075]]]}}, {"id": "208", "type": "Feature", "properties": {}, "geometry": {"type": "Polygon", "coordinates": [[[-52.09653965561303, -32.041554544780766], [-52.09652223842182, -32.04159049086426], [-52.09650906648908, -32.042356535041165], [-52.0973787940788, -32.04219698716007], [-52.09738525446217, -32.04217034627696], [-52.09721851510855, -32.04146411710093], [-52.09720407724676, -32.04144349369701], [-52.097168339061135, -32.04143513378934], [-52.09653965561303, -32.041554544780766]]]}}, {"id": "209", "type": "Feature", "properties": {}, "geometry": {"type": "Polygon", "coordinates": [[[-52.09195703831147, -32.038510927358736], [-52.092152734456434, -32.03922406179926], [-52.092929917818935, -32.039071379752], [-52.09275680937527, -32.038343748753476], [-52.09195703831147, -32.038510927358736]]]}}, {"id": "210", "type": "Feature", "properties": {}, "geometry": {"type": "Polygon", "coordinates": [[[-52.09178868367087, -32.03854921956012], [-52.09077998919543, -32.03874604557155], [-52.09068758315143, -32.039019656935615], [-52.091703365935174, -32.03931348199171], [-52.09198440059158, -32.03925806059548], [-52.09178868367087, -32.03854921956012]]]}}, {"id": "211", "type": "Feature", "properties": {}, "geometry": {"type": "Polygon", "coordinates": [[[-52.08502661282002, -32.046892524182724], [-52.08435085761239, -32.04702640813666], [-52.08470636714766, -32.04839500333638], [-52.08486880777552, -32.04836324797731], [-52.08502661282002, -32.046892524182724]]]}}, {"id": "212", "type": "Feature", "properties": {}, "geometry": {"type": "Polygon", "coordinates": [[[-52.097802583864116, -32.043425103628955], [-52.098971697300776, -32.04320830355895], [-52.098838210603645, -32.04267508861902], [-52.097684222069525, -32.042890775027445], [-52.097662664995816, -32.042918198858665], [-52.09777820374588, -32.04341078910082], [-52.097802583864116, -32.043425103628955]]]}}, {"id": "213", "type": "Feature", "properties": {}, "geometry": {"type": "Polygon", "coordinates": [[[-52.08509598344809, -32.049394390119545], [-52.0852003854513, -32.04837471154031], [-52.085187422657036, -32.048365325171055], [-52.08510104197704, -32.0483790801838], [-52.08502979889757, -32.048419486306145], [-52.084997639736585, -32.04845265676951], [-52.08497158219513, -32.04852655818664], [-52.08501446259567, -32.0491281998166], [-52.08495680267144, -32.0493537689948], [-52.08498359927892, -32.049393915966526], [-52.08502742743364, -32.049401823023516], [-52.08509598344809, -32.049394390119545]]]}}, {"id": "214", "type": "Feature", "properties": {}, "geometry": {"type": "Polygon", "coordinates": [[[-52.093880506993465, -32.038142759811045], [-52.09293882966932, -32.038326772805135], [-52.09310115134029, -32.039036132564405], [-52.09404804512392, -32.03884544324458], [-52.093880506993465, -32.038142759811045]]]}}, {"id": "215", "type": "Feature", "properties": {}, "geometry": {"type": "Polygon", "coordinates": [[[-52.10832280778372, -32.0464260498542], [-52.10753225804982, -32.045882529989996], [-52.10733104288352, -32.04608840613133], [-52.10736720636083, -32.04611075099536], [-52.10713893348151, -32.04634250089907], [-52.10715218599516, -32.046352434188165], [-52.106987905670195, -32.0465241664638], [-52.107112220666075, -32.04661257865475], [-52.105243935701274, -32.04853578154546], [-52.10562017979366, -32.04880889231383], [-52.10624851039973, -32.048157968286226], [-52.10631698164887, -32.048205306981764], [-52.10707378845391, -32.04743191424395], [-52.10715985455579, -32.04749163035419], [-52.10726968123604, -32.04737743084427], [-52.10753721012409, -32.04752285238347], [-52.107813571660316, -32.047222430814614], [-52.10789708371119, -32.04727971593163], [-52.108541062091966, -32.0466037839041], [-52.10850994407657, -32.04652855743717], [-52.10832280778372, -32.0464260498542]]]}}, {"id": "216", "type": "Feature", "properties": {}, "geometry": {"type": "Polygon", "coordinates": [[[-52.08679251649595, -32.03043644093556], [-52.08604226042555, -32.03033251842817], [-52.085635359212155, -32.03022301863517], [-52.085488402954795, -32.03133353013931], [-52.086684690125416, -32.03144513372683], [-52.08679251649595, -32.03043644093556]]]}}, {"id": "217", "type": "Feature", "properties": {}, "geometry": {"type": "Polygon", "coordinates": [[[-52.10059535237089, -32.04316152093534], [-52.1015860414849, -32.04147728261109], [-52.101570332731384, -32.04146027916927], [-52.10154456650148, -32.041486194209625], [-52.10145053147245, -32.041503952095034], [-52.10145235349021, -32.041513096463504], [-52.10134771454866, -32.04153282192882], [-52.10134575408024, -32.04152452225414], [-52.10130148207724, -32.041529524783684], [-52.10125632039485, -32.041538560137404], [-52.1012595126799, -32.04155069347323], [-52.10093448862363, -32.04161059445822], [-52.10093267954384, -32.041603308327886], [-52.10086470320559, -32.04161690803574], [-52.10086649757313, -32.04162425343183], [-52.1002824923923, -32.04173338554562], [-52.10027143038748, -32.041750670207534], [-52.10059535237089, -32.04316152093534]]]}}, {"id": "218", "type": "Feature", "properties": {}, "geometry": {"type": "Polygon", "coordinates": [[[-52.092753193614904, -32.031030450261454], [-52.09256162092433, -32.03020565399919], [-52.091829878759846, -32.030338922555586], [-52.09203003152552, -32.031147833188996], [-52.092753193614904, -32.031030450261454]]]}}, {"id": "219", "type": "Feature", "properties": {}, "geometry": {"type": "Polygon", "coordinates": [[[-52.089095571219204, -32.035248993564494], [-52.087904880096225, -32.035471511720615], [-52.08783721717108, -32.036100450528664], [-52.08785980301808, -32.03611902644434], [-52.08902909207426, -32.035898005559744], [-52.089040022365026, -32.03588831513499], [-52.089044073330484, -32.03581460934035], [-52.08905581884476, -32.035813853310124], [-52.08905251748771, -32.03573626519647], [-52.089108853059, -32.0352592714944], [-52.089095571219204, -32.035248993564494]]]}}, {"id": "220", "type": "Feature", "properties": {}, "geometry": {"type": "Polygon", "coordinates": [[[-52.08307369714194, -32.04812187860537], [-52.08188554078825, -32.04836019185916], [-52.08203523985888, -32.048925552308035], [-52.083230922726024, -32.04868918692009], [-52.08307369714194, -32.04812187860537]]]}}, {"id": "221", "type": "Feature", "properties": {}, "geometry": {"type": "Polygon", "coordinates": [[[-52.111132374181715, -32.03184058743716], [-52.11115039149022, -32.03183329482155], [-52.111969512222366, -32.03045972882893], [-52.111954091145485, -32.03043261381346], [-52.11150324406568, -32.03024327325066], [-52.11147338329427, -32.03025632094918], [-52.110649797748835, -32.031629209400805], [-52.11065816840451, -32.03164495444061], [-52.111132374181715, -32.03184058743716]]]}}, {"id": "222", "type": "Feature", "properties": {}, "geometry": {"type": "Polygon", "coordinates": [[[-52.109908276318244, -32.04725699113414], [-52.109069182619955, -32.04823373214333], [-52.10915571564144, -32.048290718435084], [-52.10939192143449, -32.04838819815077], [-52.1095753517411, -32.048491155067595], [-52.10959582745924, -32.04848078210458], [-52.10987146487297, -32.04814018976361], [-52.11036833999316, -32.04749974958321], [-52.109908276318244, -32.04725699113414]]]}}, {"id": "223", "type": "Feature", "properties": {}, "geometry": {"type": "Polygon", "coordinates": [[[-52.09174643842881, -32.03035674315651], [-52.09090867246302, -32.03051587674303], [-52.091181527900375, -32.031288728267654], [-52.091934333758154, -32.0311599827763], [-52.09174643842881, -32.03035674315651]]]}}, {"id": "224", "type": "Feature", "properties": {}, "geometry": {"type": "Polygon", "coordinates": [[[-52.090496548335, -32.03895095615616], [-52.09059738162034, -32.038664535686706], [-52.09037909803281, -32.03783557907396], [-52.08970750639086, -32.03798049989461], [-52.08992692157621, -32.038785551067676], [-52.090496548335, -32.03895095615616]]]}}]}