{"type": "FeatureCollection", "features": [{"id": "0", "type": "Feature", "properties": {"numero": "526", "area": 9012.08638913298}, "geometry": {"type": "Polygon", "coordinates": [[[-52.09827903678639, -32.04610508032384], [-52.09645750196665, -32.04645183985453], [-52.096442779105445, -32.04689762643257], [-52.09645867641917, -32.04690956905742], [-52.096667786249206, -32.046874926967796], [-52.09817868013181, -32.04659361515577], [-52.09834514624147, -32.04637009891119], [-52.09827903678639, -32.04610508032384]]]}}, {"id": "1", "type": "Feature", "properties": {"numero": "NULL87", "area": 13281.967637434636}, "geometry": {"type": "Polygon", "coordinates": [[[-52.09825895906185, -32.04662339539054], [-52.09819749021376, -32.04666278145232], [-52.097837475004624, -32.04674362495691], [-52.097850978181704, -32.04690234107592], [-52.0978883521, -32.04701203772205], [-52.097828322912555, -32.04703364875538], [-52.09783525074904, -32.04704792315417], [-52.09758499920541, -32.047149592040675], [-52.09712694864, -32.04728749232605], [-52.09695177054634, -32.04732270186746], [-52.0963898765714, -32.04738853608323], [-52.096381671196056, -32.047566465463944], [-52.096351371297516, -32.047589794273065], [-52.09634741635156, -32.04762941270979], [-52.096349243027426, -32.04774086964044], [-52.09637355624858, -32.047838149504194], [-52.09638255807011, -32.048049479212516], [-52.096383957139636, -32.0481241791845], [-52.096348148643735, -32.04812523763922], [-52.096337447078795, -32.048143561673655], [-52.096363653128336, -32.048266184311075], [-52.09645046600145, -32.04822307868318], [-52.09661597832537, -32.04822094329518], [-52.09662112138791, -32.04816727787269], [-52.096814676322865, -32.048175454214736], [-52.09683693263552, -32.04816417480692], [-52.09684786977153, -32.04813808159725], [-52.096828220261415, -32.04798519201405], [-52.096885296168594, -32.04794945302445], [-52.09687170705666, -32.04787486756384], [-52.09684725565061, -32.047877929781784], [-52.096835718013764, -32.047807503296234], [-52.09679865256745, -32.047811504583564], [-52.09679824485122, -32.04779685797797], [-52.096828044870655, -32.047689890508835], [-52.09690586564237, -32.0476769034391], [-52.09688578265265, -32.04758090414625], [-52.09695873013983, -32.04758477816298], [-52.09696210229474, -32.04760252744128], [-52.097020001210964, -32.04759702377602], [-52.09703123473295, -32.047654801495185], [-52.097116112369115, -32.047651918780154], [-52.097095263982105, -32.047582681676836], [-52.09729249336682, -32.04753674450313], [-52.09730421404074, -32.047566565760704], [-52.09735915666804, -32.04755446205209], [-52.09730641421505, -32.047438511409744], [-52.097379713589994, -32.04741943792011], [-52.09737120198607, -32.047400251731425], [-52.09738398038438, -32.047396225987775], [-52.09739266860977, -32.047416899114474], [-52.097457713259196, -32.04741969182035], [-52.097471535504916, -32.04739840884485], [-52.09751723389052, -32.04739360191657], [-52.09752290643559, -32.04735239892059], [-52.09754047326988, -32.04735733467822], [-52.097644891785556, -32.04732770763613], [-52.097731777318046, -32.047280902966214], [-52.097751452094045, -32.04731602280691], [-52.09779197660864, -32.047296592410945], [-52.09778466494898, -32.047283881970465], [-52.097921520143124, -32.0472121252926], [-52.09804831827362, -32.04716208798514], [-52.09807627196247, -32.047140123231955], [-52.09811423236036, -32.04714545959604], [-52.09813393839682, -32.04709626867909], [-52.09817302904708, -32.04706764914685], [-52.09837229015401, -32.04703854396966], [-52.09835446140199, -32.04697975512448], [-52.09857314411122, -32.04691138426555], [-52.09859750332505, -32.046876694832086], [-52.09860421059932, -32.04677231766287], [-52.09858033834578, -32.04673428445879], [-52.09855193257083, -32.0466199727316], [-52.098593164952284, -32.046655401776334], [-52.098643232797116, -32.04664579348251], [-52.09867315452706, -32.046717657184274], [-52.098684114505545, -32.04673519828114], [-52.09869619056985, -32.04673356906351], [-52.09874701201398, -32.04686414981937], [-52.098674702378155, -32.04687548991479], [-52.09869144215408, -32.04694861082003], [-52.09874221569956, -32.04694229535473], [-52.09870553628971, -32.0469493158891], [-52.09873489221896, -32.047004838392915], [-52.09875118822968, -32.0470018104193], [-52.09877966759602, -32.04714175015977], [-52.09876560440086, -32.04714549850695], [-52.09878376718237, -32.04724108111855], [-52.09876704815287, -32.04724771214896], [-52.09883056243246, -32.04744685080781], [-52.09904886244186, -32.04740488695257], [-52.098995032189364, -32.047098828558134], [-52.09882965753835, -32.046365978487756], [-52.09840722157297, -32.04642585854946], [-52.09825895906185, -32.04662339539054]]]}}, {"id": "2", "type": "Feature", "properties": {"numero": "NULL27", "area": 7590.811368365251}, "geometry": {"type": "Polygon", "coordinates": [[[-52.15624648132823, -32.051695459317436], [-52.15629019685187, -32.051709828795644], [-52.15632357676265, -32.051667234156255], [-52.156370261808085, -32.05163992587605], [-52.15657788657215, -32.05131409889322], [-52.15662020936883, -32.05133409098842], [-52.15637633294683, -32.051709133200745], [-52.15637767847352, -32.05175126671711], [-52.15670197228846, -32.0518866527082], [-52.15850089367024, -32.05250971699622], [-52.15851166853909, -32.052497322988835], [-52.15853558311485, -32.052505538971246], [-52.15854702600582, -32.05248815930305], [-52.15853441823307, -32.05247698034153], [-52.158594439213466, -32.05238501363853], [-52.15853928278167, -32.052309092500124], [-52.15848352067953, -32.052308663995], [-52.158462142070476, -32.05227642013485], [-52.15840851642088, -32.05226985588072], [-52.158330256496455, -32.05223577737691], [-52.1582986666668, -32.05218247272774], [-52.158181795296386, -32.05210691692604], [-52.15805926394965, -32.052085700674105], [-52.15802731586745, -32.052135120541166], [-52.157987698751484, -32.052145829492254], [-52.15793491874337, -32.05213996094267], [-52.1579214091098, -32.05211939936991], [-52.157949926890964, -32.052060845603066], [-52.15784168421409, -32.05201270644293], [-52.15779927797703, -32.051998750529876], [-52.15777223474931, -32.052043191083385], [-52.15775410734383, -32.05205041102851], [-52.15770472957659, -32.052030411593215], [-52.15765277400201, -32.05202523902715], [-52.15762261331287, -32.05199707149946], [-52.15763454046064, -32.051958416136536], [-52.157572297460014, -32.05192443443456], [-52.15758809015408, -32.05188573475186], [-52.157466557529624, -32.05181256628499], [-52.15743710188276, -32.05175289118473], [-52.1573926914261, -32.0517328462644], [-52.157362247788754, -32.0517267825334], [-52.157337690439704, -32.051749099020675], [-52.15727168345181, -32.051767806703914], [-52.157178943161, -32.05176723712469], [-52.15716219180738, -32.051729781796524], [-52.15712457544556, -32.05170168221076], [-52.15711368263502, -32.05164748467068], [-52.157072316327564, -32.05160672685201], [-52.1570262153754, -32.051583639136986], [-52.15699478918621, -32.051543259643665], [-52.15696260349876, -32.05152921917183], [-52.15687885150752, -32.051519871148535], [-52.156803466736406, -32.051472603900066], [-52.156776578616345, -32.051419959571284], [-52.15671142718744, -32.051374484247454], [-52.15668316825304, -32.05132232149505], [-52.156539214539194, -32.051255410693855], [-52.15624648132823, -32.051695459317436]]]}}, {"id": "3", "type": "Feature", "properties": {"numero": "NULL55", "area": 14749.181804730186}, "geometry": {"type": "Polygon", "coordinates": [[[-52.14185365626666, -32.06290745334458], [-52.14174515813443, -32.06255946497652], [-52.14171238025056, -32.06248083610096], [-52.14162185497293, -32.06233022340135], [-52.1417617064624, -32.06293281259958], [-52.14147832069232, -32.063018893948204], [-52.1410851388229, -32.06216209127262], [-52.141045832319634, -32.06213728577145], [-52.141026305387236, -32.06214884722795], [-52.140931162334354, -32.06235834008929], [-52.14081824746032, -32.0626535023354], [-52.14083921969439, -32.0626925546214], [-52.14092301627168, -32.06275342226578], [-52.140956881596736, -32.062793404883784], [-52.14111918037307, -32.06301510352734], [-52.14111050489982, -32.06302026043275], [-52.1410502492906, -32.0629673088258], [-52.140944030994866, -32.062822342475236], [-52.14079156909989, -32.06268472039388], [-52.14074683965615, -32.06267155554211], [-52.14080994070839, -32.062545849068584], [-52.14086371275978, -32.062388878786116], [-52.14063973232666, -32.06224407916116], [-52.140323530074106, -32.062067868139394], [-52.140283968040734, -32.06200242537999], [-52.14028468588923, -32.06195782841559], [-52.14030612770825, -32.061897303440546], [-52.140293647809756, -32.061865625940335], [-52.14013751915277, -32.061786590931966], [-52.14010255867707, -32.0617240204752], [-52.14006050874384, -32.06168941555287], [-52.1399203657648, -32.061619780616454], [-52.13979341274281, -32.06153743366059], [-52.139557139958725, -32.06134243281235], [-52.13952919275326, -32.06132770934421], [-52.139507894439916, -32.06134601490078], [-52.13947505593885, -32.061327239893025], [-52.139447288347974, -32.06135690684633], [-52.139504741339266, -32.06140098980775], [-52.139561281722145, -32.0614748410342], [-52.13957382088086, -32.06146689810496], [-52.13959398468029, -32.0614869507613], [-52.13955927333312, -32.06149996437354], [-52.139556203210546, -32.06151720393617], [-52.13958180347611, -32.061528033412486], [-52.1395890313886, -32.06152061635083], [-52.13961670022875, -32.0615402226368], [-52.13957596375271, -32.06158076822129], [-52.13962684085788, -32.06163016044148], [-52.139744384823835, -32.061718302439004], [-52.13975447781046, -32.06170786464889], [-52.13984287361527, -32.06177413130354], [-52.13985385431662, -32.06176096119729], [-52.13989879617147, -32.06179044334526], [-52.13993666013606, -32.06189580112566], [-52.139939534236255, -32.06199172199448], [-52.13989639240881, -32.06217399024425], [-52.13990526557723, -32.062208686156275], [-52.14001913123652, -32.062323021687654], [-52.14011329366298, -32.062392952888615], [-52.14010263214119, -32.062403675470556], [-52.14017600045767, -32.06245997361277], [-52.14014383049074, -32.06249512897048], [-52.14019689964476, -32.062546954917714], [-52.14022550217675, -32.06253334658416], [-52.14031726445252, -32.06260531991133], [-52.14042750661182, -32.06265294173422], [-52.1405057911335, -32.062705866710466], [-52.140544429676495, -32.06266357160993], [-52.140592338273855, -32.062696463775644], [-52.140637830283, -32.062732661294945], [-52.14064898606792, -32.06276859051264], [-52.14068407755949, -32.062800686889744], [-52.140725684570775, -32.06281747020215], [-52.140737638722385, -32.0628328840242], [-52.140718460817666, -32.06285893321206], [-52.140781507775564, -32.06289176661731], [-52.14095364904354, -32.06302809112621], [-52.140960171860044, -32.06303538356196], [-52.14093716460907, -32.06305854176824], [-52.140977521934545, -32.06309692515314], [-52.140962849835354, -32.06311251462669], [-52.140999133858415, -32.06315113855001], [-52.14102446443766, -32.063157175523365], [-52.14105516106785, -32.06314235106966], [-52.141317277933474, -32.06332159292229], [-52.14172501717048, -32.06297949796691], [-52.14176743285703, -32.06292620532796], [-52.14178849967882, -32.06291076202166], [-52.14181585113615, -32.06292828412764], [-52.14185365626666, -32.06290745334458]]]}}, {"id": "4", "type": "Feature", "properties": {"numero": null, "area": 8433.039377056062}, "geometry": {"type": "Polygon", "coordinates": [[[-52.169236265680205, -32.06011267077713], [-52.16835908711932, -32.05979476687985], [-52.16834935966025, -32.05980975505545], [-52.16837518191347, -32.060025694442764], [-52.16880670273, -32.06002171545609], [-52.16904462725949, -32.06021998857606], [-52.16904711144303, -32.06041528863178], [-52.169236265680205, -32.06011267077713]]]}}, {"id": "5", "type": "Feature", "properties": {"numero": "NULL57", "area": 14973.202227188318}, "geometry": {"type": "Polygon", "coordinates": [[[-52.107821366259344, -32.026989205287165], [-52.107857030842936, -32.02679832440352], [-52.107780137258395, -32.02678557287295], [-52.107786964434375, -32.0267492667231], [-52.10782096124778, -32.026754995770425], [-52.107836010134044, -32.02665484811314], [-52.107883429303286, -32.026661064289385], [-52.10793690607049, -32.02641576624484], [-52.10798740505636, -32.026115772605856], [-52.107953501113464, -32.02608607390359], [-52.10798664349553, -32.02593993226409], [-52.107984397871434, -32.025871265738786], [-52.10800788362698, -32.0257893931167], [-52.10800786043938, -32.02572853742852], [-52.108061735208395, -32.02545919477624], [-52.108089234132315, -32.02539228002727], [-52.108076540967396, -32.025377587425986], [-52.10816640277176, -32.02483083115026], [-52.10815617165967, -32.024819220275376], [-52.10808808790951, -32.02483358131719], [-52.10805493780301, -32.02486382081752], [-52.10773343836479, -32.02499258132116], [-52.10687652473364, -32.02537137872326], [-52.1069512795365, -32.025494305353156], [-52.10699135493682, -32.02550187598679], [-52.10719542347239, -32.02542495819032], [-52.10724028805558, -32.02539140513754], [-52.107580381331296, -32.02530202265761], [-52.10755720834941, -32.02514153336244], [-52.10759138983935, -32.025095786843806], [-52.10764539697546, -32.025086366253696], [-52.107689196880905, -32.02510251020346], [-52.107715729730145, -32.025159426689555], [-52.10766974626681, -32.025249560588584], [-52.1076352923165, -32.02539584893568], [-52.10766782032606, -32.025384279496954], [-52.10791599837279, -32.02541349562036], [-52.107893988062756, -32.025434968538576], [-52.10792368412077, -32.02548634548748], [-52.10785910277019, -32.02587527423285], [-52.107554824254386, -32.02599139875353], [-52.107454591536765, -32.025989089731546], [-52.10743822023413, -32.02605240700535], [-52.107503637399, -32.026060116996845], [-52.10746260184671, -32.02627900991901], [-52.10740965674544, -32.026273789048425], [-52.10738140813058, -32.02647646772798], [-52.10710005775738, -32.02661062246086], [-52.10706576848453, -32.02674166365834], [-52.10725788669465, -32.02677582681703], [-52.107249631615076, -32.0268096465832], [-52.10683910900587, -32.026745410395485], [-52.10680746349501, -32.026762610070435], [-52.106799773697944, -32.02695966949626], [-52.10676426556996, -32.02722186000921], [-52.106817060393254, -32.02726296812217], [-52.1077404651729, -32.02733235942814], [-52.10779733805034, -32.02698646532627], [-52.107821366259344, -32.026989205287165]]]}}, {"id": "6", "type": "Feature", "properties": {"numero": "NULL90", "area": 8349.278518095613}, "geometry": {"type": "Polygon", "coordinates": [[[-52.167843807971494, -32.05961670202386], [-52.16727111249078, -32.059405556339975], [-52.166943864135156, -32.05991920113237], [-52.167472062127565, -32.05996719465914], [-52.167843807971494, -32.05961670202386]]]}}, {"id": "7", "type": "Feature", "properties": {"numero": "NULL97", "area": 199537.53653863844}, "geometry": {"type": "Polygon", "coordinates": [[[-52.11756873364092, -32.0524009933915], [-52.11750145485004, -32.05238116306387], [-52.11826975231221, -32.050874251536506], [-52.11826541418094, -32.050839793561835], [-52.11666522271114, -32.050222485784694], [-52.11589436392779, -32.05168332234456], [-52.11582662059876, -32.05165830813514], [-52.1164217728489, -32.05049419540864], [-52.11643457305975, -32.05049898106433], [-52.116444994479615, -32.05048057666854], [-52.11659030222817, -32.050191635467094], [-52.11480619866871, -32.04950559611544], [-52.114077547892656, -32.05086168703683], [-52.113989000285805, -32.05082683235769], [-52.114297358686095, -32.050251271001564], [-52.11440641199553, -32.05009825445178], [-52.11474064646136, -32.0494750682366], [-52.114216026657466, -32.04927521999826], [-52.11411704817726, -32.049336566725586], [-52.11405541728273, -32.04939187485174], [-52.11301571423478, -32.05142359614648], [-52.112955710197596, -32.05140346495358], [-52.1140091651689, -32.04934660805895], [-52.11399441235744, -32.04918850047386], [-52.112891149767684, -32.048762288014494], [-52.111900345754876, -32.048266582948216], [-52.111853687401506, -32.04826992403547], [-52.11183286963822, -32.04828716529433], [-52.111757730197944, -32.04824831240629], [-52.111754386156534, -32.04821176159056], [-52.111734238275375, -32.04818439719065], [-52.11091549759509, -32.047772887031364], [-52.109144364333716, -32.05009494919529], [-52.10923628528475, -32.05007996015448], [-52.10926486056843, -32.05008684570093], [-52.10928861188895, -32.050110904332726], [-52.10936710860426, -32.05008808884908], [-52.10945603690204, -32.05009588046995], [-52.109509961425395, -32.050119674960236], [-52.10957374712485, -32.0501276775496], [-52.10961123380298, -32.05017874202518], [-52.109752203552596, -32.05026315326279], [-52.109758259523986, -32.05027259033171], [-52.109709497578436, -32.05031410787947], [-52.10965740158734, -32.05039444488457], [-52.10964524263177, -32.05051121988457], [-52.10965315302316, -32.05055319750283], [-52.10975064562484, -32.05065534573089], [-52.10990223492256, -32.0507402140891], [-52.109968376449615, -32.05079065767446], [-52.10989219861572, -32.05092488057686], [-52.1105699986044, -32.050895687674426], [-52.110609487918346, -32.050826610716214], [-52.11071947977307, -32.05082787512076], [-52.11087760585505, -32.05079179465853], [-52.11098383471177, -32.05079458027709], [-52.11101129722991, -32.0507794729705], [-52.11103315930268, -32.05078299799687], [-52.111071353564576, -32.05081364130721], [-52.1110988502831, -32.050802241310954], [-52.11115126710387, -32.05080550749975], [-52.11121118865436, -32.050828517980236], [-52.111240611204636, -32.05085552148641], [-52.111272784218876, -32.050949716301375], [-52.11130454744323, -32.05098721774973], [-52.11136404940893, -32.05103158452708], [-52.11145050254166, -32.051060595769925], [-52.11154787245698, -32.05104374771896], [-52.111604650999624, -32.05107835950594], [-52.111666568051795, -32.05106314835786], [-52.11172881303473, -32.05107593546772], [-52.11176974799008, -32.05105202261735], [-52.111813404104666, -32.05099386925695], [-52.11184377503236, -32.05100293056543], [-52.111861920713274, -32.05099255061129], [-52.111887982208884, -32.05094743353926], [-52.111903782957846, -32.051002404183926], [-52.11194833356254, -32.05106201200061], [-52.111997355413706, -32.05110246509008], [-52.11203977976904, -32.051115876977796], [-52.11206734650871, -32.051108517562895], [-52.11207026939425, -32.05104805126514], [-52.11211923515092, -32.05104095514448], [-52.11216498784707, -32.051070332008855], [-52.11219307362489, -32.05106297703379], [-52.11221614509383, -32.051028999995694], [-52.112184548000364, -32.051004388322816], [-52.11220213735817, -32.05099267809481], [-52.112296016696675, -32.05103140235308], [-52.11243798272456, -32.05111993341183], [-52.1124789766772, -32.05118757386993], [-52.11254519173468, -32.05121506603316], [-52.112735608748594, -32.05141582562161], [-52.11262217453018, -32.0516439428891], [-52.112629464773114, -32.05165818618882], [-52.11295289656307, -32.05177653471001], [-52.11304872527876, -32.051793329287285], [-52.11311715117547, -32.05172517020344], [-52.11363120252787, -32.05166715137985], [-52.11404633608004, -32.05177889990517], [-52.11407721393909, -32.051750212395056], [-52.11417858404163, -32.05173392254683], [-52.11420472004675, -32.05169765395183], [-52.11425838682884, -32.0516694155847], [-52.11431770435385, -32.05161364056362], [-52.1143556200819, -32.051539912461955], [-52.114413876932794, -32.051516360674825], [-52.11448107887696, -32.05152121849596], [-52.11455143890709, -32.05156378330978], [-52.11464796642096, -32.05157967745453], [-52.114770729841524, -32.05167326408878], [-52.114963629116836, -32.051653750974296], [-52.11500717409238, -32.051621514820106], [-52.11503024764216, -32.05161835296303], [-52.11520192496233, -32.051719736014896], [-52.115236318026035, -32.051727642511075], [-52.11530443755086, -32.051720809639974], [-52.115368679056736, -32.0517435545923], [-52.1154131511075, -32.05172662777966], [-52.1154779855776, -32.05174760836551], [-52.115491220669405, -32.05185632108428], [-52.115597096915906, -32.05186311123722], [-52.11576911873504, -32.05189591292671], [-52.115985329063875, -32.05195822990385], [-52.116058816524145, -32.051956437200374], [-52.11615190484329, -32.051902745518746], [-52.11629379657185, -32.05187046378185], [-52.116326455838696, -32.051841119554624], [-52.11642569383726, -32.05186996064262], [-52.11647466340453, -32.05195126846819], [-52.11657344148318, -32.051977984536165], [-52.116663536792956, -32.05206684140128], [-52.116757612053725, -32.05205343732642], [-52.11678741008352, -32.05206409919894], [-52.11680700448614, -32.052091918672694], [-52.116704034137115, -32.05228602834209], [-52.11709751050788, -32.05243417682466], [-52.11718941261021, -32.05226195910398], [-52.117324716763946, -32.0523177520194], [-52.11733403403298, -32.05233835500375], [-52.117395935701914, -32.05235849443278], [-52.11748292043235, -32.05241355844686], [-52.1175569984971, -32.05242111442325], [-52.11756873364092, -32.0524009933915]]]}}, {"id": "8", "type": "Feature", "properties": {"numero": "NULL73", "area": 17702.524288536773}, "geometry": {"type": "Polygon", "coordinates": [[[-52.09752968517162, -32.030140531064426], [-52.09756015886399, -32.030144643107775], [-52.09755288452585, -32.03011096737883], [-52.09753455861391, -32.03009804549309], [-52.095232510076045, -32.03026061816138], [-52.095215037512375, -32.03028555890934], [-52.09525700181061, -32.03087876307536], [-52.09529730262108, -32.03091048476701], [-52.09740832298601, -32.03090277751864], [-52.09745393549748, -32.030934073658806], [-52.09749363337628, -32.03093471335501], [-52.09749444578515, -32.030867029802195], [-52.09760028429791, -32.03085506357969], [-52.09752968517162, -32.030140531064426]]]}}, {"id": "9", "type": "Feature", "properties": {"numero": "00000", "area": 15059.004639433231}, "geometry": {"type": "Polygon", "coordinates": [[[-52.14502883897173, -32.04729338817268], [-52.14495221959778, -32.047236823227294], [-52.144835397152946, -32.047248075065994], [-52.144728004912174, -32.04723189115932], [-52.144510784208684, -32.04716715374412], [-52.14453387206845, -32.04709845553804], [-52.14442796079119, -32.04707230078126], [-52.14442105423312, -32.04709286110652], [-52.14421321719619, -32.047055755463], [-52.14417866453924, -32.0471586153822], [-52.14392372211885, -32.047096489965114], [-52.14395812954008, -32.04699406325066], [-52.14385807747574, -32.04696968198694], [-52.143831680153305, -32.04705597291622], [-52.143390502113455, -32.046953511932166], [-52.14344332407857, -32.04677708131728], [-52.14293031739379, -32.046662635298524], [-52.14288770154571, -32.04676673193883], [-52.142810296978546, -32.04674323916518], [-52.14283309016727, -32.04669240510447], [-52.14275021061849, -32.04666725244099], [-52.14275880417586, -32.046647159431906], [-52.1426982823743, -32.046626503888504], [-52.1426651729841, -32.04670323799523], [-52.142612395068724, -32.04668675758563], [-52.14263558333193, -32.04663021527105], [-52.14255513061804, -32.04660275738285], [-52.14251178460942, -32.04670556853402], [-52.14225170491029, -32.04663087404733], [-52.14225755236681, -32.04661383664065], [-52.14219778645091, -32.04659696195165], [-52.14218279836826, -32.04663423719331], [-52.14189457973519, -32.04655145241091], [-52.14177180848592, -32.0468279676921], [-52.14483585594095, -32.04780195757995], [-52.14502883897173, -32.04729338817268]]]}}, {"id": "10", "type": "Feature", "properties": {"numero": "NULL83", "area": 114449.14053351038}, "geometry": {"type": "Polygon", "coordinates": [[[-52.10294472491447, -32.04394514343895], [-52.10241498683781, -32.044603910929645], [-52.102022816027585, -32.0450641413889], [-52.10224226784983, -32.04524764828134], [-52.10206866912043, -32.045569531381695], [-52.10210986554529, -32.04555938582359], [-52.10214599953837, -32.0455679032415], [-52.10216570062221, -32.045617482844584], [-52.1022542925538, -32.04567714432494], [-52.10226787203501, -32.045717016401824], [-52.1023700482188, -32.04577098469199], [-52.102405360559644, -32.04584878154065], [-52.102416852151585, -32.04585053993345], [-52.10245855309172, -32.04580039030296], [-52.102481182725484, -32.04582300763792], [-52.103272801166355, -32.0449582492214], [-52.10334552796248, -32.044995892410476], [-52.10333845294386, -32.045027671871345], [-52.10335471927661, -32.0450381029215], [-52.103412999577635, -32.045033373815905], [-52.10345422891258, -32.045055215652695], [-52.10343753522142, -32.04511244593264], [-52.10344409630521, -32.045141995786175], [-52.103609677894795, -32.0452864512111], [-52.103664640721924, -32.04541918599118], [-52.103685950099056, -32.04543591486206], [-52.103772179316834, -32.045484851817406], [-52.10386531859873, -32.04548827166235], [-52.10393459409511, -32.045468634067284], [-52.10397435839581, -32.04547251863201], [-52.10398598798129, -32.04551047700081], [-52.10414145008758, -32.04548416187603], [-52.10451372992126, -32.04575429146802], [-52.10449174457486, -32.045776539395675], [-52.10465459165072, -32.04589326860134], [-52.1046757607996, -32.045871848670515], [-52.10510179888822, -32.04617383801588], [-52.10409802811004, -32.047184191705966], [-52.10409731938949, -32.04741691218625], [-52.104348163041905, -32.04760577430849], [-52.104289465507506, -32.04765391977852], [-52.104712877248794, -32.04800156938314], [-52.105826229460604, -32.04676290836055], [-52.10634650976999, -32.04624026511584], [-52.106395888408734, -32.04623860729474], [-52.10639377082516, -32.04619288926918], [-52.106469811769045, -32.04611671071442], [-52.106523349376886, -32.04611829116862], [-52.10654692380399, -32.04613483739765], [-52.10652994897409, -32.046150952754736], [-52.10654823923373, -32.046164938037556], [-52.10653800556514, -32.04617442725776], [-52.10657552129246, -32.0461982580329], [-52.10606008227215, -32.04674638940864], [-52.10584780875369, -32.046955185105816], [-52.10617819266342, -32.04718195269018], [-52.10705729197685, -32.04625783910984], [-52.10743844808194, -32.045875347926376], [-52.10745192732111, -32.0458847202683], [-52.107485320311056, -32.04585027500505], [-52.106295042507, -32.04502324802044], [-52.106130617982885, -32.04487724377327], [-52.105966539470316, -32.04476527508275], [-52.10579837191667, -32.04458431140772], [-52.10538582043577, -32.044224087698794], [-52.10482386663773, -32.04476681923469], [-52.10476868930137, -32.044728302277505], [-52.104994432288535, -32.0445061859895], [-52.104262331816884, -32.04398220192551], [-52.104295297205894, -32.0439473823282], [-52.10502025236629, -32.044471690099805], [-52.10532434960218, -32.04417038936743], [-52.10364621212616, -32.042644410328194], [-52.10294472491447, -32.04394514343895]]]}}, {"id": "11", "type": "Feature", "properties": {"numero": null, "area": 2214.7646766640246}, "geometry": {"type": "Polygon", "coordinates": [[[-52.13433214039413, -32.04512024866855], [-52.13387359583267, -32.044758065289784], [-52.13353011965557, -32.04448676614591], [-52.13335285941728, -32.0447695955416], [-52.13428535074197, -32.04518908890318], [-52.13433214039413, -32.04512024866855]]]}}, {"id": "12", "type": "Feature", "properties": {"numero": "NULL84", "area": 220951.64958163694}, "geometry": {"type": "MultiPolygon", "coordinates": [[[[-52.15047094629639, -32.0753886340091], [-52.150482114075544, -32.07542306068854], [-52.15047996951751, -32.075386657056974], [-52.15047094629639, -32.0753886340091]]], [[[-52.15085500645139, -32.07617166376645], [-52.15087479889036, -32.07623294081824], [-52.15087337117997, -32.076189860969066], [-52.15085500645139, -32.07617166376645]]], [[[-52.15087668542219, -32.07636598534721], [-52.150865835978095, -32.07641585042905], [-52.15079636890011, -32.076449362611136], [-52.15078644042402, -32.07648944426816], [-52.15082192702103, -32.07657443625413], [-52.15088791340928, -32.07662865937923], [-52.15087668542219, -32.07636598534721]]], [[[-52.15101902965204, -32.07688595083567], [-52.15101421523681, -32.07691798721118], [-52.15105140951925, -32.07697274899106], [-52.15106314918453, -32.07703551713671], [-52.15112551699702, -32.07705983376549], [-52.15112449703084, -32.077178550011354], [-52.15127596249717, -32.07719646406553], [-52.151300680771215, -32.07721448603489], [-52.1514064306469, -32.077395473957054], [-52.15140194483386, -32.07742835893031], [-52.15133690308932, -32.07751523223615], [-52.15124138484402, -32.077539821574035], [-52.15121626369636, -32.07756801195378], [-52.15122948297723, -32.07758576752197], [-52.15114356458438, -32.07760427438029], [-52.151265465389876, -32.07820969435752], [-52.15120319817705, -32.07824867297525], [-52.15119498930261, -32.078277682108585], [-52.15129525584028, -32.07838755581143], [-52.151555606896565, -32.07878740553317], [-52.15162936176637, -32.0787876552666], [-52.15161447171303, -32.0787219452522], [-52.15162208931969, -32.078706289697024], [-52.15220935486711, -32.0785747230408], [-52.15153563885406, -32.07736994382722], [-52.1511596441569, -32.07711442325924], [-52.15101902965204, -32.07688595083567]]], [[[-52.15290907157428, -32.080410230788715], [-52.1530000839675, -32.080701524271724], [-52.15308444375259, -32.08090806139632], [-52.153017748976914, -32.080555592273676], [-52.15290907157428, -32.080410230788715]]], [[[-52.15331967026159, -32.08215118846909], [-52.153367552477135, -32.08276865245737], [-52.1534360220469, -32.08365157059506], [-52.153543161146914, -32.08333229501715], [-52.15331967026159, -32.08215118846909]]], [[[-52.15346641162658, -32.084043445572306], [-52.153475267353414, -32.08415764058516], [-52.15328051868235, -32.08418221848137], [-52.15324281850133, -32.08416446577857], [-52.15322411684291, -32.08416782942144], [-52.153199576425386, -32.08419562066125], [-52.1532070672577, -32.08422090117659], [-52.15317395067904, -32.08422979954624], [-52.15324165118491, -32.08445152949167], [-52.15350202610373, -32.084401754832385], [-52.15359045514107, -32.084414977097424], [-52.153880452968856, -32.08442353993768], [-52.15388134288784, -32.084431118400595], [-52.15397584988039, -32.08442040673801], [-52.15397816427646, -32.08443509872738], [-52.15403018232935, -32.08443480283716], [-52.15346641162658, -32.084043445572306]]]]}}, {"id": "13", "type": "Feature", "properties": {"numero": "NULL88", "area": 45646.65353525253}, "geometry": {"type": "Polygon", "coordinates": [[[-52.11434477447323, -32.03149728726059], [-52.11431248147531, -32.03144791938509], [-52.1142392092371, -32.03139530321054], [-52.11421951488748, -32.0313412960459], [-52.11421849151794, -32.031254162010896], [-52.11414029404829, -32.031184828004086], [-52.11393744328887, -32.03082404651354], [-52.11393644122939, -32.03077888707752], [-52.113987494544304, -32.030718575078005], [-52.11403035800804, -32.03058446189264], [-52.113957385084326, -32.030534630401654], [-52.11381321887622, -32.030471739372466], [-52.113770561829575, -32.0304313300428], [-52.113676464700106, -32.03040527389956], [-52.113576829401325, -32.03039673101699], [-52.113481780980536, -32.03054058496384], [-52.113371716181625, -32.03074483110428], [-52.11380119743544, -32.03093435260102], [-52.113782800376725, -32.030965618672944], [-52.113396706259316, -32.03079196300157], [-52.11333744871954, -32.03078689931082], [-52.11148125437478, -32.03394153346224], [-52.11148827097648, -32.0339683275216], [-52.11248124270095, -32.034342885816], [-52.11250532431414, -32.03435074832579], [-52.11252940670361, -32.03433590492824], [-52.113322682652914, -32.033023564786994], [-52.11360868169864, -32.03250970592907], [-52.114029709746696, -32.03181404132992], [-52.114077529819646, -32.03183737350931], [-52.11434477447323, -32.03149728726059]]]}}, {"id": "14", "type": "Feature", "properties": {"numero": "1019", "area": 3240.16873952921}, "geometry": {"type": "Polygon", "coordinates": [[[-52.09323273409947, -32.04217628531852], [-52.09297250224884, -32.04222349391406], [-52.09302151555742, -32.04342010209121], [-52.09326666620454, -32.04342066924408], [-52.09323273409947, -32.04217628531852]]]}}, {"id": "15", "type": "Feature", "properties": {"numero": null, "area": 6532.438763771205}, "geometry": {"type": "Polygon", "coordinates": [[[-52.1306775724991, -32.04742092967265], [-52.13027559515278, -32.0472509447863], [-52.129745200036176, -32.04815549289707], [-52.13001656416629, -32.04824514819565], [-52.13039854359041, -32.04740645416199], [-52.1306775724991, -32.04742092967265]]]}}, {"id": "16", "type": "Feature", "properties": {"numero": "00071", "area": 9743.464090052177}, "geometry": {"type": "Polygon", "coordinates": [[[-52.15228876697975, -32.051772739513765], [-52.15243544982586, -32.05148559802855], [-52.152071626614315, -32.05135776141976], [-52.15214515585327, -32.051654380620896], [-52.15228876697975, -32.051772739513765]]]}}, {"id": "17", "type": "Feature", "properties": {"numero": "NULL12", "area": 43864.881534747416}, "geometry": {"type": "Polygon", "coordinates": [[[-52.111544613115136, -32.0290078229173], [-52.10915373714654, -32.03306958333909], [-52.10915589804443, -32.03309246881029], [-52.109173391095815, -32.033109031736934], [-52.11016041815127, -32.03347867189971], [-52.11020424443631, -32.033461527104954], [-52.110776110122494, -32.0324778731767], [-52.110768101714704, -32.03246451103444], [-52.11050189935442, -32.03234917259881], [-52.110443558373284, -32.03233939958839], [-52.11032723421438, -32.032293337571815], [-52.11030715641623, -32.03230391462701], [-52.11021165667629, -32.03247413857412], [-52.11014250916739, -32.03244202476772], [-52.11048264247033, -32.031882882286205], [-52.110533716613595, -32.031905655074624], [-52.11036210126864, -32.03221655202153], [-52.11080168508188, -32.03242703218007], [-52.111120217402686, -32.0318973504896], [-52.11111195234791, -32.03188027395637], [-52.11057848504379, -32.031663066575604], [-52.11074437193116, -32.0313716598178], [-52.11191382481708, -32.02947315675801], [-52.111946536247885, -32.02948896341222], [-52.11153749709585, -32.03017558549936], [-52.11201185696607, -32.03037700637455], [-52.112577004159384, -32.02943300333792], [-52.112509249989536, -32.029409883799445], [-52.112456395352254, -32.029349248133904], [-52.11235624433572, -32.029274287008214], [-52.11231583888632, -32.029187895302], [-52.112248244575554, -32.02920528537456], [-52.11213138024928, -32.0291484405443], [-52.112066648789465, -32.029135467709985], [-52.11159152744431, -32.02892044988653], [-52.111530983213996, -32.028863110754614], [-52.11150792343247, -32.02885511729136], [-52.11143810251856, -32.02895862761644], [-52.111544613115136, -32.0290078229173]]]}}, {"id": "18", "type": "Feature", "properties": {"numero": "00030", "area": 4274.412616211688}, "geometry": {"type": "Polygon", "coordinates": [[[-52.09023143601465, -32.0328994647115], [-52.090080328994816, -32.03230185165262], [-52.089536910651546, -32.03235536494293], [-52.08948354412353, -32.032973377882506], [-52.09018569395025, -32.032937084847134], [-52.09023143601465, -32.0328994647115]]]}}, {"id": "19", "type": "Feature", "properties": {"numero": "501", "area": 9202.127644270658}, "geometry": {"type": "Polygon", "coordinates": [[[-52.082877178805546, -32.047332764461245], [-52.081667270324274, -32.04757808630245], [-52.08185937034039, -32.04826579384843], [-52.08306037563355, -32.04802763076622], [-52.082877178805546, -32.047332764461245]]]}}, {"id": "20", "type": "Feature", "properties": {"numero": "0154", "area": 9949.490351913031}, "geometry": {"type": "Polygon", "coordinates": [[[-52.09491821954664, -32.038814465209946], [-52.095126534650035, -32.039612627291895], [-52.096250588671, -32.03940320373584], [-52.09604782807401, -32.03859784105342], [-52.09491821954664, -32.038814465209946]]]}}, {"id": "21", "type": "Feature", "properties": {"numero": "00000", "area": 42468.60111279971}, "geometry": {"type": "Polygon", "coordinates": [[[-52.11952768851514, -32.051021271676696], [-52.119997537236365, -32.05121550752298], [-52.120499546965156, -32.05142303587813], [-52.11995016629505, -32.05112435295657], [-52.119907583104165, -32.05084908376987], [-52.11958722071038, -32.05092654532926], [-52.11952768851514, -32.051021271676696]]]}}, {"id": "22", "type": "Feature", "properties": {"numero": "NULL14", "area": 47300.164637915914}, "geometry": {"type": "Polygon", "coordinates": [[[-52.18387042182973, -32.0671433626319], [-52.184023647151754, -32.06692508757362], [-52.183685450649826, -32.066765357252265], [-52.183185306059485, -32.06644163226743], [-52.18292790190926, -32.06634294748687], [-52.182908081333295, -32.06637713804998], [-52.183013443137966, -32.06643848803462], [-52.1831772527203, -32.066971537234025], [-52.183415225863826, -32.0671697819891], [-52.18387042182973, -32.0671433626319]]]}}, {"id": "23", "type": "Feature", "properties": {"numero": "NULL15", "area": 521600.5242196596}, "geometry": {"type": "Polygon", "coordinates": [[[-52.08562950063356, -32.04848212124308], [-52.085616363752344, -32.0484749066194], [-52.08554028482064, -32.049051480875995], [-52.0854748486043, -32.05015462879913], [-52.085641614655216, -32.05098849406255], [-52.08546333551249, -32.05106229484031], [-52.08551044367455, -32.05121265196892], [-52.085564638546074, -32.05133335828967], [-52.08583154856971, -32.051806020179214], [-52.086138961486384, -32.0517690342911], [-52.08614662836422, -32.05174556805099], [-52.086255203816606, -32.05170215761213], [-52.08636230955511, -32.05171724299248], [-52.08639291881287, -32.051679426114426], [-52.086446943013236, -32.05165649169069], [-52.086451496354854, -32.05161335921917], [-52.08641710679641, -32.051592102746774], [-52.086424422553975, -32.0515694062871], [-52.08649159977552, -32.05158392266244], [-52.0865471601561, -32.051578051832124], [-52.08672111908386, -32.051534540580846], [-52.08680870556604, -32.051565038465895], [-52.08683523180405, -32.051562654997895], [-52.08685642810135, -32.05153769249289], [-52.08683839941231, -32.05150983679304], [-52.0868533365125, -32.0514903135097], [-52.087047924275154, -32.051441067977954], [-52.08714831585719, -32.05143835766736], [-52.08715903399805, -32.05142841477918], [-52.087156426076064, -32.0513914960463], [-52.0873355651796, -32.05132839096632], [-52.08753413865431, -32.05120110479398], [-52.08755388801869, -32.05120114373205], [-52.08755688046507, -32.051190976168414], [-52.08767062584714, -32.051140307412055], [-52.087841014426736, -32.05097258590869], [-52.08805287316761, -32.05071991083961], [-52.08807846079886, -32.050623021886025], [-52.08806982665201, -32.05053606114498], [-52.08809397712643, -32.05044930611402], [-52.08946942209102, -32.049210594619375], [-52.08953516734554, -32.04920184381756], [-52.08953010689649, -32.04921629006531], [-52.08985897822999, -32.04922926773085], [-52.09066417381749, -32.04912784696437], [-52.090722493678825, -32.04916277973698], [-52.090742498523284, -32.04920448319406], [-52.090782516541026, -32.049228766234215], [-52.09078367489577, -32.049265697359715], [-52.090802061192534, -32.04929774419635], [-52.09092416797214, -32.04932933143144], [-52.0909834280072, -32.04933189757662], [-52.091027715255485, -32.04934998243381], [-52.09107919407949, -32.04935108193369], [-52.09111695678904, -32.0493673826305], [-52.09115422980632, -32.04940400287574], [-52.09124165306934, -32.04941544671797], [-52.09174961470468, -32.04939383357408], [-52.09198669253738, -32.049372468411995], [-52.09204186567618, -32.04935108237071], [-52.09229407679578, -32.04933594608014], [-52.092617497254416, -32.04926077403906], [-52.092854210795686, -32.049190092477176], [-52.09281944430081, -32.04906319580916], [-52.09279507860683, -32.04871078314551], [-52.09265600171577, -32.04734731773987], [-52.09224672591754, -32.04233781446855], [-52.08918796006475, -32.0428851499653], [-52.08764712862351, -32.04317662377482], [-52.08697643079962, -32.04328388100238], [-52.08680086244462, -32.04334403201739], [-52.08665831510803, -32.043424630090925], [-52.086512845485615, -32.04353401211997], [-52.086366756191865, -32.043736216749636], [-52.086179376187474, -32.04420804233822], [-52.08563718499384, -32.04831711008399], [-52.08565086612315, -32.04834054260423], [-52.08562950063356, -32.04848212124308]]]}}, {"id": "24", "type": "Feature", "properties": {"numero": "00414", "area": 8089.262965887785}, "geometry": {"type": "Polygon", "coordinates": [[[-52.13052600740583, -32.04476839280383], [-52.13013713075923, -32.045427330431906], [-52.13108240634509, -32.04582944385613], [-52.13146879493106, -32.04517786039166], [-52.13052600740583, -32.04476839280383]]]}}, {"id": "25", "type": "Feature", "properties": {"numero": "00418", "area": 8381.666225545574}, "geometry": {"type": "Polygon", "coordinates": [[[-52.131368262208866, -32.043122796126816], [-52.130324022467335, -32.04268225402809], [-52.130203930323894, -32.042882259019414], [-52.13067450343527, -32.04309416139233], [-52.13064778528433, -32.0431422423611], [-52.13015228751817, -32.042946692007014], [-52.12994957221441, -32.04332281746188], [-52.13098668065116, -32.043763779735286], [-52.131368262208866, -32.043122796126816]]]}}, {"id": "26", "type": "Feature", "properties": {"numero": "01269", "area": 9432.37825984694}, "geometry": {"type": "Polygon", "coordinates": [[[-52.129211528212444, -32.048058597982894], [-52.12930004330209, -32.04809586855563], [-52.129425731972674, -32.04804994466337], [-52.12958638469544, -32.048103022304176], [-52.13042852089093, -32.046634358289], [-52.13085840378829, -32.04591307767362], [-52.13054198124114, -32.04578602551758], [-52.129211528212444, -32.048058597982894]]]}}, {"id": "27", "type": "Feature", "properties": {"numero": "NULL29", "area": 10995.307788040489}, "geometry": {"type": "Polygon", "coordinates": [[[-52.10748645372357, -32.03252520152954], [-52.10759885679649, -32.0325392169042], [-52.10845698192732, -32.031130040806836], [-52.10781414216273, -32.03096561596585], [-52.10720758620466, -32.032005742661156], [-52.10750009329833, -32.032038737409046], [-52.10765897646201, -32.03220440815514], [-52.10748645372357, -32.03252520152954]]]}}, {"id": "28", "type": "Feature", "properties": {"numero": "NULL20", "area": 67857.5385389947}, "geometry": {"type": "Polygon", "coordinates": [[[-52.139067164331955, -32.060905165103456], [-52.13912970296999, -32.06098577163263], [-52.13909367664841, -32.06101831825634], [-52.13910035630838, -32.061026494338876], [-52.13912896362243, -32.06100474932078], [-52.13914578788909, -32.06100579788081], [-52.13931040262188, -32.06117139499262], [-52.13932208222881, -32.061209475641725], [-52.13935105071495, -32.061238226561166], [-52.139369200437805, -32.061244504342014], [-52.13938342598155, -32.06122562190945], [-52.139396999593565, -32.06123361872302], [-52.13944508282971, -32.06126872892756], [-52.13947462682644, -32.06131911588271], [-52.139501127682976, -32.0613359452263], [-52.13951785991022, -32.06133383723394], [-52.13953795780763, -32.061310986893965], [-52.139568745946896, -32.06133014115988], [-52.13958808346692, -32.06131089700516], [-52.139651828281295, -32.06135322738554], [-52.13963228507853, -32.061372969551165], [-52.13972740551059, -32.061464732150824], [-52.13989863191717, -32.06158674296014], [-52.14007323842748, -32.061676337945585], [-52.140118917767445, -32.06171403145769], [-52.14014937201215, -32.06177285365601], [-52.14034450345776, -32.06184580038419], [-52.14079925996421, -32.06198167918364], [-52.14043265414232, -32.06175032201904], [-52.140557146730615, -32.06150696895412], [-52.140743386441564, -32.06149693984362], [-52.140741021406804, -32.061409062331514], [-52.1404954213112, -32.06133419087677], [-52.14052980176792, -32.06128940823624], [-52.140739512075456, -32.06135298016038], [-52.1407251821236, -32.060820522649934], [-52.14051145205034, -32.06019598223893], [-52.14010986635157, -32.060241359844554], [-52.14022527579511, -32.060056558761005], [-52.140131382627004, -32.060096659889545], [-52.139456372013896, -32.06087459267169], [-52.13960894614412, -32.06096870745512], [-52.13963559308388, -32.060934107068135], [-52.139752214194885, -32.06100001173619], [-52.13965243683745, -32.06111612450267], [-52.1394722319731, -32.061010612177], [-52.139304143425825, -32.060898053559605], [-52.13931802496915, -32.06088218722133], [-52.13905838738786, -32.06072144047051], [-52.13898890362506, -32.060770714908784], [-52.13898311834122, -32.060781709306994], [-52.1389954589005, -32.060795455781424], [-52.138960411924536, -32.06083221685946], [-52.139067164331955, -32.060905165103456]]]}}, {"id": "29", "type": "Feature", "properties": {"numero": "NULL34", "area": 10576.538868010044}, "geometry": {"type": "Polygon", "coordinates": [[[-52.0898830500593, -32.040681361710284], [-52.08942272080522, -32.040974010087204], [-52.089746242403535, -32.041066430404456], [-52.0898830500593, -32.040681361710284]]]}}, {"id": "30", "type": "Feature", "properties": {"numero": "521", "area": 6324.523974244861}, "geometry": {"type": "Polygon", "coordinates": [[[-52.09767103022471, -32.043453591754364], [-52.09753720042785, -32.04291903242414], [-52.096521746402374, -32.04310797804075], [-52.096527968272405, -32.04338899343666], [-52.0965090723499, -32.04367152182469], [-52.09673772271562, -32.043619939398816], [-52.09674026240089, -32.043627502804995], [-52.09696384837428, -32.04359554150922], [-52.096961197010366, -32.043585780660074], [-52.0972893502034, -32.043518923524196], [-52.09767103022471, -32.043453591754364]]]}}, {"id": "31", "type": "Feature", "properties": {"numero": "00006", "area": 11620.589785351884}, "geometry": {"type": "Polygon", "coordinates": [[[-52.090798785950774, -32.03052919616402], [-52.08973556527476, -32.03073503003782], [-52.0896283720834, -32.0316899698458], [-52.091077711416, -32.03130475498396], [-52.090798785950774, -32.03052919616402]]]}}, {"id": "32", "type": "Feature", "properties": {"numero": "00000", "area": 8035.811175370589}, "geometry": {"type": "Polygon", "coordinates": [[[-52.12966844233597, -32.043407734662914], [-52.12938523591817, -32.04328507887268], [-52.1290927665464, -32.043158410300315], [-52.12924939282239, -32.043273664487344], [-52.12948924134652, -32.04363905485937], [-52.12943951577797, -32.04380100585858], [-52.12966844233597, -32.043407734662914]]]}}, {"id": "33", "type": "Feature", "properties": {"numero": "NULL28", "area": 8127.974508421496}, "geometry": {"type": "Polygon", "coordinates": [[[-52.12559577720039, -32.040654772859796], [-52.125087523774766, -32.0404461712646], [-52.125334063677215, -32.040668965825716], [-52.125444197028955, -32.04091563349327], [-52.12559577720039, -32.040654772859796]]]}}, {"id": "34", "type": "Feature", "properties": {"numero": "1", "area": 3958.803738568211}, "geometry": {"type": "Polygon", "coordinates": [[[-52.15423294573105, -32.05047504583428], [-52.15326872906318, -32.050109062529856], [-52.1530959312224, -32.050442294715495], [-52.15405205489541, -32.05079646585102], [-52.15423294573105, -32.05047504583428]]]}}, {"id": "35", "type": "Feature", "properties": {"numero": "NULL27", "area": 3846.5290447436273}, "geometry": {"type": "Polygon", "coordinates": [[[-52.155351330140874, -32.05087822037752], [-52.15445368558458, -32.05054141953459], [-52.15426831004853, -32.050889439442884], [-52.15457334878922, -32.05100193911648], [-52.15457975091687, -32.05099182213481], [-52.154685469553435, -32.051029908604896], [-52.1551838207201, -32.05122272167852], [-52.155351330140874, -32.05087822037752]]]}}, {"id": "36", "type": "Feature", "properties": {"numero": "0130", "area": 9686.785723899957}, "geometry": {"type": "Polygon", "coordinates": [[[-52.09177155639309, -32.038430486261504], [-52.091535552160146, -32.03758569947901], [-52.0905027621216, -32.03781224735136], [-52.09072003341578, -32.038645981833064], [-52.09177155639309, -32.038430486261504]]]}}, {"id": "37", "type": "Feature", "properties": {"numero": "NULL27", "area": 2195.302648051642}, "geometry": {"type": "Polygon", "coordinates": [[[-52.15611081938152, -32.05143025048074], [-52.15582540954525, -32.05131129412336], [-52.155858768750576, -32.05124824517042], [-52.155600186148845, -32.05111551905155], [-52.15561351704685, -32.05109429984148], [-52.155503102912824, -32.051036939480504], [-52.155528764840824, -32.050988963248976], [-52.155416280037294, -32.05094100083142], [-52.15527115538395, -32.05125937106097], [-52.156141076089945, -32.05161374544835], [-52.15617621584263, -32.05154303181084], [-52.15611081938152, -32.05143025048074]]]}}, {"id": "38", "type": "Feature", "properties": {"numero": "00404", "area": 9886.77216591064}, "geometry": {"type": "Polygon", "coordinates": [[[-52.12792064408221, -32.04161101397639], [-52.12690095816209, -32.04117926259352], [-52.12686331574189, -32.041203259238614], [-52.126588459968666, -32.04168039572116], [-52.126914384098214, -32.04159045249063], [-52.12764942900202, -32.04212684029362], [-52.12780420540646, -32.04187770886413], [-52.12791873527149, -32.0416695410654], [-52.12792592788501, -32.04163597313519], [-52.12792064408221, -32.04161101397639]]]}}, {"id": "39", "type": "Feature", "properties": {"numero": "NULL48", "area": 137613.3029230117}, "geometry": {"type": "MultiPolygon", "coordinates": [[[[-52.13311368549588, -32.05739440846081], [-52.13315316145298, -32.05734786075981], [-52.1332174813248, -32.05734955920841], [-52.13344936700165, -32.057395759487264], [-52.13364786976079, -32.057379673260705], [-52.13377543589142, -32.057383306051186], [-52.1340297988769, -32.05744189383], [-52.13431548953055, -32.05754077606568], [-52.134524395360074, -32.057663020087126], [-52.1345530813052, -32.05771646593691], [-52.13458277087527, -32.05773768175344], [-52.134695426476284, -32.05788807546651], [-52.134783696814985, -32.057955070396076], [-52.13493837365506, -32.058134126974196], [-52.13503200194598, -32.05818102467578], [-52.1352894379588, -32.0582330295358], [-52.135339940307894, -32.05827857677589], [-52.13543316433469, -32.058329593154596], [-52.13552594290054, -32.05834454318028], [-52.135535985100084, -32.0583674539251], [-52.13591531472168, -32.05858173021469], [-52.13595852366029, -32.05863098883558], [-52.135966098826046, -32.05869966057962], [-52.13594854147016, -32.05873036919974], [-52.13589175619465, -32.05876770519706], [-52.13594824895838, -32.05883158192056], [-52.137043593602364, -32.059523527551825], [-52.137047534661896, -32.05947304705422], [-52.13709165106488, -32.05942276946242], [-52.137114254558995, -32.05912393153758], [-52.13771145240813, -32.058241521659454], [-52.13723853634908, -32.05807035599911], [-52.136801860982544, -32.058450152330316], [-52.136234590053114, -32.05858053223825], [-52.1368726745217, -32.05783140540062], [-52.1365640051042, -32.05745829503983], [-52.1351499216351, -32.057320616638506], [-52.13365451421675, -32.05656560609603], [-52.13290830979638, -32.057263254413314], [-52.13311368549588, -32.05739440846081]]], [[[-52.13772302286734, -32.05926662065742], [-52.137702009350505, -32.05931391668148], [-52.137677227740966, -32.05931210404396], [-52.13749541298666, -32.05953795995625], [-52.137503385500864, -32.05956160155755], [-52.137550969459255, -32.059577042308526], [-52.137589012018545, -32.05961924362576], [-52.137634537487315, -32.05963183416078], [-52.137663267679294, -32.05968591844443], [-52.137735217183725, -32.0597194619424], [-52.13780576152985, -32.05977897127625], [-52.1378877629347, -32.05982612725776], [-52.13796641048307, -32.05991039840768], [-52.138059315457426, -32.05996978800206], [-52.13805634024684, -32.060056307545025], [-52.13810681662599, -32.06007946207878], [-52.138124392717884, -32.06010958755334], [-52.13815983179162, -32.06010061820499], [-52.13819156251744, -32.0601121145922], [-52.138204145579664, -32.060148779977546], [-52.1382285139336, -32.060157690318775], [-52.1382791887915, -32.0601036327307], [-52.138306505824836, -32.06010002256413], [-52.1383273863786, -32.06012411037991], [-52.13833232123178, -32.06015820131084], [-52.13836191064977, -32.06017812440868], [-52.1383763447786, -32.060205156821475], [-52.13833076774972, -32.060214947986985], [-52.138332623092424, -32.06022790344097], [-52.13838491033775, -32.06023560675921], [-52.13836896445462, -32.06029691199722], [-52.13877136537572, -32.06056222021258], [-52.13904361327961, -32.0607122997276], [-52.13931802496915, -32.06088218722133], [-52.139326629376136, -32.060872159768294], [-52.13934615679863, -32.06088276424168], [-52.13996761489572, -32.06016660396509], [-52.139805732949156, -32.06023574263488], [-52.13955467523092, -32.06055540880948], [-52.13939713480767, -32.06050670814578], [-52.13949704346481, -32.05986264001738], [-52.13944848248113, -32.0598826830858], [-52.13892047339857, -32.06052375912119], [-52.13886534930983, -32.06055898512844], [-52.138793720871526, -32.060552294756334], [-52.13875034167951, -32.06049667350258], [-52.13876141144362, -32.060444523189254], [-52.138794307992896, -32.060417579725424], [-52.138915012625915, -32.06037544073334], [-52.13927759959152, -32.059953213317876], [-52.138979840042204, -32.06007611064341], [-52.13906489788919, -32.05981640764635], [-52.13885250013375, -32.05968205950096], [-52.138477806113634, -32.060155667627335], [-52.138386593332356, -32.06005932237803], [-52.13837887399404, -32.060032193567075], [-52.13838938631871, -32.059996601721885], [-52.13845299002052, -32.05995496704566], [-52.1386867014724, -32.05966497297061], [-52.138755043205, -32.059698845990624], [-52.138777504708784, -32.05963462257662], [-52.138531057986974, -32.05947873740757], [-52.138501026328775, -32.05938555704106], [-52.138259627222546, -32.059238320847115], [-52.13816663752713, -32.05922079835811], [-52.138102256520014, -32.05923128152083], [-52.13804192539888, -32.059265994630984], [-52.1378706503654, -32.059459516287085], [-52.13782775054231, -32.05953237573188], [-52.1378286396366, -32.05963499905745], [-52.1378075665322, -32.05967491649769], [-52.137772241188024, -32.05969562999746], [-52.13773147103557, -32.059700939485744], [-52.137661814561, -32.059664371426315], [-52.1376498568418, -32.05962942336781], [-52.13765823652565, -32.05959182100855], [-52.137767154853535, -32.05945588987991], [-52.13808245182021, -32.05908446304089], [-52.13811103157778, -32.05906223136773], [-52.13819868650673, -32.059028770315756], [-52.13822732810871, -32.05899044392918], [-52.137955821290134, -32.058966026518846], [-52.13772302286734, -32.05926662065742]]], [[[-52.13825370928068, -32.05908378203865], [-52.13824891601217, -32.05913553315363], [-52.13827642731224, -32.05918355714962], [-52.13847518019746, -32.05930536326774], [-52.13837805168586, -32.05900399894575], [-52.138324446878364, -32.058999178107044], [-52.13825370928068, -32.05908378203865]]]]}}, {"id": "40", "type": "Feature", "properties": {"numero": "NULL28", "area": 8073.383058518171}, "geometry": {"type": "Polygon", "coordinates": [[[-52.12574150011071, -32.04073264341652], [-52.125524888593766, -32.041096359856105], [-52.12561638217585, -32.041301279693116], [-52.126288879490346, -32.041763069060075], [-52.126328366216114, -32.04175217215692], [-52.12669439318448, -32.04112517163941], [-52.12574150011071, -32.04073264341652]]]}}, {"id": "41", "type": "Feature", "properties": {"numero": null, "area": 1827.6240066299215}, "geometry": {"type": "Polygon", "coordinates": [[[-52.086751367967196, -32.043639750486506], [-52.08678317034178, -32.0436913874649], [-52.08676175661131, -32.04370669431122], [-52.08672114838862, -32.04379693273336], [-52.086714442289164, -32.043858387620304], [-52.08675962171642, -32.0443889969578], [-52.08700608789996, -32.04437257803418], [-52.086926214968315, -32.043593290401176], [-52.086751367967196, -32.043639750486506]]]}}, {"id": "42", "type": "Feature", "properties": {"numero": "NULL84", "area": 1053.9043614939656}, "geometry": {"type": "Polygon", "coordinates": [[[-52.10170537611516, -32.044022455142986], [-52.10156829865209, -32.04402991596134], [-52.10147195957829, -32.0440138837634], [-52.10144543491671, -32.04404182679142], [-52.10144813013828, -32.04409000266758], [-52.101546822201016, -32.04424588530048], [-52.10165740196485, -32.044307494152086], [-52.10180383796783, -32.044364190549466], [-52.10186109243866, -32.04424469668983], [-52.10186500183265, -32.04413341553728], [-52.10181847193981, -32.0440783858149], [-52.10170537611516, -32.044022455142986]]]}}, {"id": "43", "type": "Feature", "properties": {"numero": null, "area": 7981.911609753966}, "geometry": {"type": "Polygon", "coordinates": [[[-52.13172400103917, -32.04428340561594], [-52.131413118514054, -32.04417287864945], [-52.130971873638224, -32.04398785893444], [-52.130609225685994, -32.044623814611484], [-52.13155857820112, -32.045025713243426], [-52.131938353952854, -32.044378157460905], [-52.13172400103917, -32.04428340561594]]]}}, {"id": "44", "type": "Feature", "properties": {"numero": "NULL40", "area": 86664.02400429797}, "geometry": {"type": "Polygon", "coordinates": [[[-52.13998360336047, -32.04881658131675], [-52.14054201192613, -32.04922004795286], [-52.14110194077897, -32.050083706702665], [-52.141729267834044, -32.050065625364546], [-52.141912808434164, -32.04971198365011], [-52.141901603241166, -32.04964408644396], [-52.13998360336047, -32.04881658131675]]]}}, {"id": "45", "type": "Feature", "properties": {"numero": "00000", "area": 7895.006530987099}, "geometry": {"type": "MultiPolygon", "coordinates": [[[[-52.13989145897505, -32.047766300622314], [-52.139859111469924, -32.04775252053729], [-52.13986430759944, -32.04781305638586], [-52.13989145897505, -32.047766300622314]]], [[[-52.13894600532459, -32.047363531134], [-52.1388387961024, -32.04754625065259], [-52.138874288422464, -32.047597880144956], [-52.13902911642184, -32.047429431570855], [-52.139099218416824, -32.047428801574405], [-52.13894600532459, -32.047363531134]]]]}}, {"id": "46", "type": "Feature", "properties": {"numero": "NULL23", "area": 80464.65741166165}, "geometry": {"type": "Polygon", "coordinates": [[[-52.141672924175225, -32.06229311862393], [-52.141732723445166, -32.06237031774322], [-52.14180850264091, -32.0625140060861], [-52.141858172920806, -32.0627287259385], [-52.1418920741752, -32.062813343570994], [-52.141990207639, -32.06296484095158], [-52.142083104380404, -32.06282023713534], [-52.14226653156871, -32.0625770462285], [-52.14185127410712, -32.06224707196507], [-52.141672924175225, -32.06229311862393]]]}}, {"id": "47", "type": "Feature", "properties": {"numero": null, "area": 5793.371841773391}, "geometry": {"type": "MultiPolygon", "coordinates": [[[[-52.1174285759476, -32.0501866160177], [-52.11752563703402, -32.05022422850098], [-52.11750884150212, -32.05004944296267], [-52.1174285759476, -32.0501866160177]]], [[[-52.11837804582465, -32.05055454843219], [-52.11838105905799, -32.050549692858084], [-52.118072181292774, -32.05043602179071], [-52.11837804582465, -32.05055454843219]]]]}}, {"id": "48", "type": "Feature", "properties": {"numero": "NULL23", "area": 8083.297919050849}, "geometry": {"type": "Polygon", "coordinates": [[[-52.18266285149984, -32.06623434582504], [-52.18283877774453, -32.065969349997275], [-52.18286184366351, -32.06592930753105], [-52.18285986057522, -32.06590363459099], [-52.18278834345606, -32.06582300601558], [-52.18266954179669, -32.0657493588404], [-52.18245159859418, -32.065719621163794], [-52.18240167069037, -32.06577475354396], [-52.18226301527583, -32.066001529518644], [-52.18266285149984, -32.06623434582504]]]}}, {"id": "49", "type": "Feature", "properties": {"numero": "NULL23", "area": 6776.584125384688}, "geometry": {"type": "Polygon", "coordinates": [[[-52.09037663153738, -32.03929069570197], [-52.08886918157386, -32.03884307790608], [-52.08885852596784, -32.03894125972025], [-52.08952180369683, -32.039094030930876], [-52.09034003179252, -32.039393478217605], [-52.09037663153738, -32.03929069570197]]]}}, {"id": "50", "type": "Feature", "properties": {"numero": "00191", "area": 6798.673151645809}, "geometry": {"type": "Polygon", "coordinates": [[[-52.089884316588446, -32.04130433156827], [-52.0897103131283, -32.041790176205986], [-52.089480105801265, -32.0424492151797], [-52.08976010437541, -32.04239067809235], [-52.09018454789592, -32.042321131646986], [-52.090477368578114, -32.04147487298072], [-52.089884316588446, -32.04130433156827]]]}}, {"id": "51", "type": "Feature", "properties": {"numero": "NULL23", "area": 82944.21695922877}, "geometry": {"type": "Polygon", "coordinates": [[[-52.189851923537645, -32.06915453093476], [-52.18957066350317, -32.06948846909413], [-52.18940482272666, -32.06968056022498], [-52.1901162451327, -32.06954603563537], [-52.190145898572524, -32.069368933473], [-52.189851923537645, -32.06915453093476]]]}}, {"id": "52", "type": "Feature", "properties": {"numero": "NULL24", "area": 8798.391974791815}, "geometry": {"type": "Polygon", "coordinates": [[[-52.17795122656941, -32.064844393139836], [-52.178050113271844, -32.06491440082606], [-52.178247355478256, -32.06495792637443], [-52.1782931521587, -32.0648780351573], [-52.1780018097578, -32.06475655327969], [-52.17795122656941, -32.064844393139836]]]}}, {"id": "53", "type": "Feature", "properties": {"numero": "NULL25", "area": 8958.761234796073}, "geometry": {"type": "Polygon", "coordinates": [[[-52.10171417580698, -32.04501048098174], [-52.1016927537707, -32.04500270815501], [-52.101677561824644, -32.045036060973146], [-52.10180986548438, -32.04508175814874], [-52.101829753364136, -32.04504432037868], [-52.101802838321994, -32.04503271062337], [-52.10188833451274, -32.0449478330051], [-52.1021782739089, -32.044560417018985], [-52.102098560022924, -32.044518759127925], [-52.10210343138319, -32.044512552996515], [-52.10184834895684, -32.04442042859498], [-52.1015486051299, -32.04428686130723], [-52.10149933192101, -32.04424330297528], [-52.10142088171943, -32.04412649488197], [-52.10139713281489, -32.04397675387326], [-52.101374803406, -32.0439420004521], [-52.10131500623841, -32.04390757253349], [-52.10111352423673, -32.04386995502822], [-52.10092183916076, -32.044167653561225], [-52.10071821335317, -32.04452791701242], [-52.100675235083585, -32.04462712444632], [-52.10107004490772, -32.044757919576845], [-52.101742923232834, -32.04495527174795], [-52.10171417580698, -32.04501048098174]]]}}, {"id": "54", "type": "Feature", "properties": {"numero": "0099", "area": 8229.393085434567}, "geometry": {"type": "Polygon", "coordinates": [[[-52.09140360660314, -32.03648220806952], [-52.09229282141014, -32.036310575171775], [-52.09209963197728, -32.03547467858531], [-52.0911752752239, -32.035649183253675], [-52.09140360660314, -32.03648220806952]]]}}, {"id": "55", "type": "Feature", "properties": {"numero": "NULL56", "area": 12529.493440909311}, "geometry": {"type": "Polygon", "coordinates": [[[-52.09181687081711, -32.03993127525016], [-52.09188643886507, -32.039747194190184], [-52.09058455819082, -32.0393585531621], [-52.09054280904984, -32.03946768869734], [-52.09181687081711, -32.03993127525016]]]}}, {"id": "56", "type": "Feature", "properties": {"numero": "523", "area": 8211.775625172319}, "geometry": {"type": "Polygon", "coordinates": [[[-52.09796120553506, -32.044711325810624], [-52.09783833126402, -32.04420196854942], [-52.09782429633968, -32.0441952444796], [-52.09649766334441, -32.04444562112345], [-52.096486599335705, -32.044464202137114], [-52.09649742039786, -32.04454096800905], [-52.09648610432541, -32.04499910979981], [-52.0966574565852, -32.04497840283599], [-52.09709483523755, -32.04488773275759], [-52.09790523973539, -32.044742066042936], [-52.09795118743786, -32.04472961953684], [-52.09796120553506, -32.044711325810624]]]}}, {"id": "57", "type": "Feature", "properties": {"numero": "00049", "area": 13576.67829757859}, "geometry": {"type": "Polygon", "coordinates": [[[-52.100681573830876, -32.02852073786433], [-52.0992302355558, -32.029089141750894], [-52.09916559014942, -32.029902720310695], [-52.10022240148351, -32.029850471605684], [-52.10072644790846, -32.02853953157798], [-52.100681573830876, -32.02852073786433]]]}}, {"id": "58", "type": "Feature", "properties": {"numero": "NULL26", "area": 9383.625488904858}, "geometry": {"type": "Polygon", "coordinates": [[[-52.14217089392993, -32.063603114907764], [-52.14208696438637, -32.06370108588067], [-52.142105077496296, -32.0637151035498], [-52.14204097614333, -32.06378759883778], [-52.141939743793436, -32.06389352469566], [-52.14191903212897, -32.06387874198902], [-52.141839170702845, -32.06396565030767], [-52.14205696397702, -32.06412653184383], [-52.142046396964766, -32.06414161716045], [-52.14212228847963, -32.064191300690716], [-52.14210373929908, -32.064209114616666], [-52.142294831286705, -32.064355108014084], [-52.14223206925057, -32.06442375947505], [-52.14223893039801, -32.06442893699044], [-52.142115656385556, -32.0645320225042], [-52.142338745695845, -32.06474893643413], [-52.14234349669747, -32.06472557428115], [-52.14256960900721, -32.064501615487245], [-52.142398279600556, -32.06443058826998], [-52.14245255805849, -32.064062573708036], [-52.14210741617405, -32.063915333496624], [-52.14220237990185, -32.06366389218998], [-52.14217089392993, -32.063603114907764]]]}}, {"id": "59", "type": "Feature", "properties": {"numero": "00002", "area": 8766.457861808129}, "geometry": {"type": "Polygon", "coordinates": [[[-52.094289565715684, -32.02985829599419], [-52.09430819507914, -32.03093812971733], [-52.09510591192791, -32.030884981833225], [-52.095014925592665, -32.029776545884324], [-52.094289565715684, -32.02985829599419]]]}}, {"id": "60", "type": "Feature", "properties": {"numero": "0098", "area": 8528.704100295436}, "geometry": {"type": "Polygon", "coordinates": [[[-52.09227976672831, -32.03544385303584], [-52.09246559821875, -32.03627897558863], [-52.09332645460728, -32.03611096152233], [-52.093290730901586, -32.03607123249038], [-52.092544757837096, -32.0360108393034], [-52.09229832751161, -32.0354403522912], [-52.09227976672831, -32.03544385303584]]]}}, {"id": "61", "type": "Feature", "properties": {"numero": "00664", "area": 7712.881813411135}, "geometry": {"type": "MultiPolygon", "coordinates": [[[[-52.142256378433544, -32.04920575993075], [-52.142101086446694, -32.04952745801119], [-52.14265097039175, -32.049761740186405], [-52.14270353463507, -32.049534695112484], [-52.142256378433544, -32.04920575993075]]], [[[-52.14289606148156, -32.04867666369209], [-52.14296544019442, -32.048331532189465], [-52.142495854390084, -32.04818466150193], [-52.14241887176963, -32.04848413740187], [-52.14238303698336, -32.04868562630998], [-52.14253418087609, -32.048533877842885], [-52.14289606148156, -32.04867666369209]]]]}}, {"id": "62", "type": "Feature", "properties": {"numero": "494", "area": 7646.205372442608}, "geometry": {"type": "Polygon", "coordinates": [[[-52.08420289875229, -32.04706265331045], [-52.083683259513116, -32.047171240042886], [-52.084059993971, -32.04851974151224], [-52.08456769857271, -32.0484166921052], [-52.08420289875229, -32.04706265331045]]]}}, {"id": "63", "type": "Feature", "properties": {"numero": "00221", "area": 8086.993232781533}, "geometry": {"type": "Polygon", "coordinates": [[[-52.11021319574111, -32.03580756873567], [-52.11052841430159, -32.035264433727], [-52.109577708210814, -32.034855838099816], [-52.10941163313048, -32.035138067472204], [-52.109460048682685, -32.03519571512583], [-52.10973216645509, -32.034992863479125], [-52.11016599747637, -32.03518953576466], [-52.110285268328326, -32.035322138146526], [-52.11013363135857, -32.0357578179696], [-52.11021319574111, -32.03580756873567]]]}}, {"id": "64", "type": "Feature", "properties": {"numero": "00000", "area": 11835.489476429764}, "geometry": {"type": "Polygon", "coordinates": [[[-52.104123877944254, -32.0322446585272], [-52.10343911375236, -32.03215929808386], [-52.10299992036941, -32.03210454763251], [-52.10330656086962, -32.032309178930454], [-52.104112490187696, -32.03230216138573], [-52.104123877944254, -32.0322446585272]]]}}, {"id": "65", "type": "Feature", "properties": {"numero": "NULL28", "area": 970.5823081435519}, "geometry": {"type": "Polygon", "coordinates": [[[-52.14094346857374, -32.06209698562294], [-52.14044649559606, -32.06194812725418], [-52.1403725795154, -32.061941572043345], [-52.140341374233216, -32.0619719827764], [-52.14035772176046, -32.06200989321775], [-52.14082659407938, -32.062289814822876], [-52.14087753581893, -32.062277683137914], [-52.1409515237913, -32.06211380480967], [-52.14094346857374, -32.06209698562294]]]}}, {"id": "66", "type": "Feature", "properties": {"numero": "NULL64", "area": 45005.048370199285}, "geometry": {"type": "Polygon", "coordinates": [[[-52.11135139064379, -32.03386978232256], [-52.11345834310144, -32.0302796749441], [-52.11253284030156, -32.02984675471093], [-52.11036782165865, -32.033507800591465], [-52.11135139064379, -32.03386978232256]]]}}, {"id": "67", "type": "Feature", "properties": {"numero": "00408", "area": 8128.619988808408}, "geometry": {"type": "Polygon", "coordinates": [[[-52.128456916305126, -32.0447215991549], [-52.128808134389935, -32.04487637582954], [-52.128853670727025, -32.04478906299232], [-52.128456916305126, -32.0447215991549]]]}}, {"id": "68", "type": "Feature", "properties": {"numero": "05001", "area": 8473.168980988674}, "geometry": {"type": "Polygon", "coordinates": [[[-52.08442385712434, -32.04530951261284], [-52.08390965694163, -32.045434794474126], [-52.084313220117416, -32.046905212234094], [-52.08483074043702, -32.046801390811595], [-52.08442385712434, -32.04530951261284]]]}}, {"id": "69", "type": "Feature", "properties": {"numero": "NULL43", "area": 8281.950899920426}, "geometry": {"type": "Polygon", "coordinates": [[[-52.084162270628305, -32.046934051743584], [-52.08376260948699, -32.04547218501296], [-52.083245926916746, -32.04559358924739], [-52.083645413991825, -32.047038590997694], [-52.084162270628305, -32.046934051743584]]]}}, {"id": "70", "type": "Feature", "properties": {"numero": "524", "area": 9203.180359880207}, "geometry": {"type": "Polygon", "coordinates": [[[-52.09800785104884, -32.044922186060944], [-52.09801727171996, -32.04492045876725], [-52.09799840776594, -32.044837411329034], [-52.09797189761707, -32.04482676765863], [-52.09647395920142, -32.04511612575182], [-52.096471956649246, -32.04566643705843], [-52.098096247500706, -32.04536704691251], [-52.098109500507306, -32.04535185145397], [-52.09800785104884, -32.044922186060944]]]}}, {"id": "71", "type": "Feature", "properties": {"numero": "NULL29", "area": 14230.208473806422}, "geometry": {"type": "Polygon", "coordinates": [[[-52.124183299028466, -32.05431277995154], [-52.12405193204918, -32.05440630175856], [-52.12400795715338, -32.0543832913386], [-52.124071990007415, -32.05427516641645], [-52.12410143894714, -32.054285739429695], [-52.12421515698018, -32.05410804606431], [-52.124596582326134, -32.05342186494422], [-52.12417916754494, -32.05324470632116], [-52.12416619310833, -32.05324999041271], [-52.12386694621072, -32.05378761495363], [-52.123795731698955, -32.05375795395788], [-52.124087814213986, -32.05320784494167], [-52.123706518470016, -32.053053891101875], [-52.123682464128755, -32.053057406031265], [-52.12366110556882, -32.05307089229753], [-52.123609858621805, -32.05316001376203], [-52.12298775781568, -32.05431349763873], [-52.123225762457714, -32.05439189440542], [-52.12337566548954, -32.05442307747087], [-52.12388647527793, -32.054649449872535], [-52.12395817292895, -32.05461980264783], [-52.124060395601994, -32.05447735706622], [-52.12417858290923, -32.054416825558654], [-52.124183299028466, -32.05431277995154]]]}}, {"id": "72", "type": "Feature", "properties": {"numero": "00051", "area": 12243.544835147215}, "geometry": {"type": "Polygon", "coordinates": [[[-52.102433471075976, -32.02829400529475], [-52.1033779703791, -32.02840156353077], [-52.10342309432882, -32.02837209517571], [-52.10355197068945, -32.02765480350538], [-52.10348921943316, -32.027625839144534], [-52.103419317774964, -32.02752582762143], [-52.103244042608075, -32.02721237514603], [-52.103048827681135, -32.02729902669868], [-52.10302559975383, -32.02725881981931], [-52.10223773432314, -32.02758203001345], [-52.102151878625804, -32.02779585681398], [-52.102433471075976, -32.02829400529475]]]}}, {"id": "73", "type": "Feature", "properties": {"numero": "0139", "area": 3088.7504635010846}, "geometry": {"type": "Polygon", "coordinates": [[[-52.09610828013015, -32.03843500678194], [-52.09647952457681, -32.03836561046315], [-52.0963011861801, -32.037606540390016], [-52.09592348532711, -32.037686031844046], [-52.09610828013015, -32.03843500678194]]]}}, {"id": "74", "type": "Feature", "properties": {"numero": "515", "area": 14840.080255308965}, "geometry": {"type": "Polygon", "coordinates": [[[-52.09525964713947, -32.043243630461134], [-52.09633929542303, -32.043047192176914], [-52.09634130919193, -32.042479795210006], [-52.09549572400108, -32.04263970723642], [-52.095494839502216, -32.04262132429026], [-52.09550964747325, -32.04261782523162], [-52.095502219430934, -32.04253648263906], [-52.0963357676118, -32.04237704377487], [-52.09635131826599, -32.042363862896615], [-52.096368981124016, -32.041636972930604], [-52.0957496630387, -32.04175786324482], [-52.09528992793631, -32.04183219379389], [-52.09525964713947, -32.043243630461134]]]}}, {"id": "75", "type": "Feature", "properties": {"numero": "050491", "area": 3940.772640053183}, "geometry": {"type": "Polygon", "coordinates": [[[-52.081482208634036, -32.047470430569106], [-52.081113897401806, -32.04610581539076], [-52.08084763981689, -32.04616226208054], [-52.08122388293454, -32.04752202673904], [-52.081482208634036, -32.047470430569106]]]}}, {"id": "76", "type": "Feature", "properties": {"numero": "050492", "area": 6695.49311256595}, "geometry": {"type": "Polygon", "coordinates": [[[-52.080240729601776, -32.04631356473407], [-52.08077531124482, -32.04761146312106], [-52.08113872290875, -32.047536698748594], [-52.080773073880636, -32.04618394538039], [-52.080240729601776, -32.04631356473407]]]}}, {"id": "77", "type": "Feature", "properties": {"numero": "NULL72", "area": 17590.97125812352}, "geometry": {"type": "Polygon", "coordinates": [[[-52.10562725531902, -32.027238627557345], [-52.10606193627361, -32.0270724311193], [-52.10606434729876, -32.0269790261474], [-52.10649640364693, -32.02676186695589], [-52.106545713565026, -32.02672268952966], [-52.10656907514081, -32.02668558422712], [-52.10670172377889, -32.02560113026263], [-52.10669704151876, -32.025571649788006], [-52.106657797864806, -32.025548006240925], [-52.106571498926066, -32.02557089966631], [-52.105080698543276, -32.02619991238732], [-52.10505257232958, -32.02622651606035], [-52.10505195591132, -32.0262781840066], [-52.10507892528304, -32.026361241113776], [-52.10550383139025, -32.02723416833338], [-52.10554508351508, -32.02724487929999], [-52.10562725531902, -32.027238627557345]]]}}, {"id": "78", "type": "Feature", "properties": {"numero": "0103", "area": 12182.769240515308}, "geometry": {"type": "Polygon", "coordinates": [[[-52.09033774123362, -32.03768803015348], [-52.0901073140171, -32.03682206864563], [-52.089018918709954, -32.03703220543678], [-52.0889140611482, -32.037991859167995], [-52.09033774123362, -32.03768803015348]]]}}, {"id": "79", "type": "Feature", "properties": {"numero": "0105", "area": 7764.644744187826}, "geometry": {"type": "Polygon", "coordinates": [[[-52.09166072329647, -32.0373953083073], [-52.09249741127109, -32.037215479560025], [-52.09231098621941, -32.03640567812611], [-52.091426269668716, -32.0365684392787], [-52.09166072329647, -32.0373953083073]]]}}, {"id": "80", "type": "Feature", "properties": {"numero": "56", "area": 9492.46257771655}, "geometry": {"type": "Polygon", "coordinates": [[[-52.10082981519938, -32.03182952981356], [-52.101592313931725, -32.031902398659], [-52.10159979059264, -32.0318063568257], [-52.10160921367998, -32.03180738837862], [-52.10164629141019, -32.03160734637378], [-52.1016156672414, -32.031582226446496], [-52.10117598876099, -32.03165841547593], [-52.10108579662535, -32.03166316313277], [-52.10129923230166, -32.03172521823622], [-52.10082981519938, -32.03182952981356]]]}}, {"id": "81", "type": "Feature", "properties": {"numero": "05005", "area": 7939.887484861539}, "geometry": {"type": "Polygon", "coordinates": [[[-52.08215326022702, -32.047339335289784], [-52.08177594691138, -32.045945928656515], [-52.08126014633655, -32.04606857319685], [-52.08163440007196, -32.04744368861389], [-52.08215326022702, -32.047339335289784]]]}}, {"id": "82", "type": "Feature", "properties": {"numero": "0161", "area": 9784.028710097307}, "geometry": {"type": "Polygon", "coordinates": [[[-52.09702984500559, -32.040211847385194], [-52.097598020185416, -32.040108076769094], [-52.097451558418385, -32.03945857408176], [-52.097539560394544, -32.03943826180568], [-52.097673573103656, -32.04008957741593], [-52.098132959055086, -32.04000963013026], [-52.09756813747479, -32.0395258033978], [-52.09771328853834, -32.039255988027676], [-52.096843750877724, -32.0394239117693], [-52.09702984500559, -32.040211847385194]]]}}, {"id": "83", "type": "Feature", "properties": {"numero": "0100", "area": 18456.73999109422}, "geometry": {"type": "Polygon", "coordinates": [[[-52.091233596313835, -32.03650527088259], [-52.09100797199616, -32.03568401448633], [-52.08913110981456, -32.036034589439026], [-52.089035046637086, -32.036927250457126], [-52.091233596313835, -32.03650527088259]]]}}, {"id": "84", "type": "Feature", "properties": {"numero": "510", "area": 4202.411367069581}, "geometry": {"type": "Polygon", "coordinates": [[[-52.09295272629849, -32.04422032901611], [-52.09249704017278, -32.04430695107644], [-52.092572921189685, -32.045208030984625], [-52.09300210813432, -32.04512675978433], [-52.09295272629849, -32.04422032901611]]]}}, {"id": "85", "type": "Feature", "properties": {"numero": "05003", "area": 8124.116162460763}, "geometry": {"type": "Polygon", "coordinates": [[[-52.08309593138425, -32.045629459334805], [-52.08258705623995, -32.0457498439209], [-52.08297628771631, -32.04717182338339], [-52.08349651279995, -32.04706689693178], [-52.08309593138425, -32.045629459334805]]]}}, {"id": "86", "type": "Feature", "properties": {"numero": "00050", "area": 18757.140378570184}, "geometry": {"type": "Polygon", "coordinates": [[[-52.10089254828684, -32.02849660934684], [-52.100378639244624, -32.02982680707845], [-52.100448790201014, -32.029837970594016], [-52.101989137892474, -32.0297580142258], [-52.10218537318022, -32.02864743455127], [-52.10089254828684, -32.02849660934684]]]}}, {"id": "87", "type": "Feature", "properties": {"numero": "0132", "area": 4750.592032383196}, "geometry": {"type": "Polygon", "coordinates": [[[-52.08962583387551, -32.0379984376357], [-52.088889133293314, -32.03815578654907], [-52.08885886432736, -32.03846028841918], [-52.0898467257673, -32.0387539619815], [-52.08962583387551, -32.0379984376357]]]}}, {"id": "88", "type": "Feature", "properties": {"numero": "NULL14", "area": 9311.67613306269}, "geometry": {"type": "Polygon", "coordinates": [[[-52.15508340594905, -32.05135906521652], [-52.15419916422866, -32.05102743659784], [-52.15376988376597, -32.05187149082231], [-52.154659754418276, -32.052207157405526], [-52.15508340594905, -32.05135906521652]]]}}, {"id": "89", "type": "Feature", "properties": {"numero": "00072", "area": 9833.662543462588}, "geometry": {"type": "Polygon", "coordinates": [[[-52.15328882085753, -32.05234788272659], [-52.15351957833983, -32.051892437507924], [-52.152550411982716, -32.05152916386427], [-52.15238366025878, -32.051853217505084], [-52.1524623125515, -32.05191878852372], [-52.15293092898274, -32.05174746988017], [-52.15320802416333, -32.05194541748478], [-52.15328882085753, -32.05234788272659]]]}}, {"id": "90", "type": "Feature", "properties": {"numero": "060461", "area": 12008.722252994776}, "geometry": {"type": "Polygon", "coordinates": [[[-52.08755910244363, -32.03054863601279], [-52.086949223707265, -32.030473819070814], [-52.08684348175133, -32.031457925338984], [-52.08800602068505, -32.031561979412885], [-52.088123115488834, -32.03059699669721], [-52.08755910244363, -32.03054863601279]]]}}, {"id": "91", "type": "Feature", "properties": {"numero": "516", "area": 13009.947256660966}, "geometry": {"type": "Polygon", "coordinates": [[[-52.096331358593154, -32.043153204863955], [-52.09524967827348, -32.043353247375926], [-52.095228088490714, -32.04458482979874], [-52.09630877893061, -32.04437743977537], [-52.09632052556326, -32.04381271292489], [-52.095465935354824, -32.0439686208505], [-52.09546571873116, -32.04387433794485], [-52.096322650347105, -32.043715321641805], [-52.096331358593154, -32.043153204863955]]]}}, {"id": "92", "type": "Feature", "properties": {"numero": "0073", "area": 1784.5924272821285}, "geometry": {"type": "Polygon", "coordinates": [[[-52.08919567373654, -32.03450444405357], [-52.088793258613755, -32.03458118464788], [-52.08878908319102, -32.0346072480278], [-52.088979713323916, -32.035176552126636], [-52.089103278028446, -32.03515420097573], [-52.08920367638327, -32.034518371459804], [-52.08919567373654, -32.03450444405357]]]}}, {"id": "93", "type": "Feature", "properties": {"numero": "NULL31", "area": 62530.66334804031}, "geometry": {"type": "Polygon", "coordinates": [[[-52.08562398082269, -32.030162732057555], [-52.08555918962203, -32.030150634803014], [-52.085583176800604, -32.03008255500771], [-52.085354493931995, -32.030014346857286], [-52.085363872279316, -32.02998527290323], [-52.08520400842092, -32.029946416282215], [-52.08520691089346, -32.029937514720814], [-52.084761147489886, -32.02973416034454], [-52.08441537814787, -32.02970289197814], [-52.08440387937844, -32.029808157824455], [-52.084250689206826, -32.02977662214323], [-52.084234797324775, -32.029743632700814], [-52.08424791770189, -32.029688798765164], [-52.08419069266012, -32.02967720887292], [-52.084106648545706, -32.029893395457734], [-52.08405029566762, -32.029886633335046], [-52.08409278806347, -32.02978204974907], [-52.084082234579284, -32.02977972233255], [-52.084040571342506, -32.029886373670216], [-52.08394329961733, -32.029881359580216], [-52.084034541382614, -32.02961542356751], [-52.084001260950295, -32.02960845514865], [-52.08396344581725, -32.029731636232874], [-52.08393305601847, -32.02970126951982], [-52.083949516318775, -32.02962879795267], [-52.083944102129095, -32.029590793404324], [-52.0839064796456, -32.029554128663705], [-52.083683447421, -32.02946197236708], [-52.08357164179203, -32.029443902425946], [-52.08267388762346, -32.02915656416366], [-52.082632023611325, -32.02915445885415], [-52.08255198618279, -32.02919931832856], [-52.08241461602727, -32.02930347683282], [-52.082361126887335, -32.02928515442921], [-52.082320653279865, -32.029351286475276], [-52.082263797449116, -32.029328995197154], [-52.08200745560099, -32.02976995747258], [-52.081996216513545, -32.02976579987399], [-52.08198619805291, -32.02972053016622], [-52.081968256179245, -32.02970963967752], [-52.081941875104604, -32.02970907633867], [-52.08191259220532, -32.02973713091352], [-52.08180100977731, -32.02992612697552], [-52.081736394157424, -32.03019232776414], [-52.08156495836462, -32.03060084433467], [-52.0815421753524, -32.03059097573779], [-52.08131979514889, -32.03098335439834], [-52.08408474158689, -32.0312212389973], [-52.084103875559066, -32.03119592469708], [-52.084209540394895, -32.03014801015606], [-52.08432385189268, -32.03015578310474], [-52.08419563030366, -32.031230502717726], [-52.08532885433399, -32.031337540368966], [-52.08534816467814, -32.03131733029357], [-52.085494794858974, -32.03020367059387], [-52.08560278368293, -32.03021067942653], [-52.08562398082269, -32.030162732057555]]]}}, {"id": "94", "type": "Feature", "properties": {"numero": "NULL89", "area": 24672.02435554331}, "geometry": {"type": "Polygon", "coordinates": [[[-52.20312108792254, -32.083081489806226], [-52.20372717403057, -32.08221634965755], [-52.20267767738218, -32.081695929721214], [-52.20287577433642, -32.08208832546949], [-52.20213943432973, -32.082796945450774], [-52.20233781345534, -32.08296211770883], [-52.20300486751388, -32.08295578503278], [-52.20312108792254, -32.083081489806226]]]}}, {"id": "95", "type": "Feature", "properties": {"numero": "517", "area": 12971.811755356277}, "geometry": {"type": "Polygon", "coordinates": [[[-52.0963024924412, -32.04448773405833], [-52.09522179140914, -32.04468331878109], [-52.09518793509176, -32.04592070021259], [-52.09627311074104, -32.045717926021126], [-52.0962889764813, -32.04515188131082], [-52.095435927577924, -32.04531694978653], [-52.0954340239672, -32.04520554124911], [-52.096295468263925, -32.0450429171632], [-52.0963024924412, -32.04448773405833]]]}}, {"id": "96", "type": "Feature", "properties": {"numero": "0072", "area": 9294.82211245771}, "geometry": {"type": "Polygon", "coordinates": [[[-52.090772563514435, -32.03485516042974], [-52.09061803976896, -32.0342591948756], [-52.09047652937266, -32.03429606738005], [-52.09024217920141, -32.03434042039127], [-52.09023980129253, -32.03433148944369], [-52.08995281390397, -32.03439177801893], [-52.08966463323101, -32.034423286581784], [-52.089514870168095, -32.03445166970393], [-52.089517265198744, -32.03446205209632], [-52.0894488231329, -32.03447355745211], [-52.089449696037654, -32.03448216851926], [-52.089308832386536, -32.03450660405737], [-52.089240504381365, -32.035135003504486], [-52.08924618463857, -32.03514195233042], [-52.08944737876453, -32.03511392708502], [-52.089445729487515, -32.0351065624043], [-52.089725536196134, -32.035051801962105], [-52.090772563514435, -32.03485516042974]]]}}, {"id": "97", "type": "Feature", "properties": {"numero": "NULL10", "area": 33955.96979140761}, "geometry": {"type": "Polygon", "coordinates": [[[-52.12434891510113, -32.03917110734132], [-52.12437451696415, -32.039181858835775], [-52.124356302779624, -32.03915600382807], [-52.12428733680626, -32.03911529027199], [-52.12424993342048, -32.039109442581235], [-52.1242289207524, -32.039120634526206], [-52.124188271973, -32.039107472507595], [-52.124178691208634, -32.03911471111001], [-52.124080197604755, -32.03906350623888], [-52.1240272148818, -32.03900647618174], [-52.1240453415699, -32.03892638044579], [-52.1240126762569, -32.03891132534564], [-52.1240197763703, -32.0388995531471], [-52.12387885023992, -32.038826974692306], [-52.123874084006275, -32.038836470945505], [-52.123799261385436, -32.03881738725096], [-52.1237059948215, -32.03881083477245], [-52.12369084465588, -32.03879390133264], [-52.12361237253553, -32.03878816486086], [-52.12357129529561, -32.038800598998954], [-52.12356041631451, -32.038822941184044], [-52.12353871048587, -32.03881726989871], [-52.123523049426, -32.0387845181417], [-52.123405529705934, -32.03875708928411], [-52.12339768322674, -32.03873290135699], [-52.12337283907074, -32.03871566587299], [-52.12333841228707, -32.03874280837587], [-52.123305290933175, -32.038739827222365], [-52.12328858159341, -32.03872095901284], [-52.123350587266664, -32.03864447088573], [-52.12331111531839, -32.03862011211893], [-52.123179393183186, -32.038573540037696], [-52.12312539501412, -32.03858073002873], [-52.12304102532377, -32.03856554633698], [-52.12299191236974, -32.03857384768467], [-52.122989422084174, -32.038532084491564], [-52.12301123380062, -32.03846923145222], [-52.12299993392359, -32.03842153830959], [-52.122967653971905, -32.03838857284399], [-52.12300695696387, -32.03833317859422], [-52.12287748944332, -32.03826390743421], [-52.12281295651381, -32.038234006047745], [-52.122799565415754, -32.038256180978166], [-52.1226721364149, -32.03820379689777], [-52.122595182803984, -32.03823566389664], [-52.12258153453544, -32.038257597515], [-52.122502326181746, -32.03822272904786], [-52.122456224216144, -32.03827815627733], [-52.122289048460274, -32.03815800615173], [-52.12227397447611, -32.03811690461015], [-52.12217526845422, -32.03803161877353], [-52.122192148082966, -32.03798373926991], [-52.12218443841221, -32.03797160210114], [-52.12214308478313, -32.03795876138688], [-52.122074813721255, -32.03801740673113], [-52.1219837152793, -32.03796104689629], [-52.121976662362094, -32.03789161154535], [-52.121993203565395, -32.03787068078167], [-52.121960451159005, -32.037851900238934], [-52.121952618487164, -32.03786180244165], [-52.12187757716111, -32.03772743117272], [-52.121814096145165, -32.03771338789323], [-52.12169875590307, -32.03775511115367], [-52.12161353863249, -32.037714630093895], [-52.12161466130172, -32.03769987082924], [-52.12166882945994, -32.037684939965885], [-52.12168239873997, -32.03765477999025], [-52.12160677062394, -32.0375990497868], [-52.12155678024458, -32.03759789530872], [-52.12154777099984, -32.03753996096303], [-52.12152073963145, -32.03751613205983], [-52.12142603666793, -32.03749240558461], [-52.12134981366453, -32.03755726418096], [-52.12131680073485, -32.03755531895635], [-52.12115743062338, -32.03738979478975], [-52.12109262396639, -32.03735993101163], [-52.12107192456563, -32.03733165279169], [-52.121078177730375, -32.03732162027267], [-52.120920216180004, -32.037243812562295], [-52.12104651335227, -32.037099225895076], [-52.12101474340595, -32.03705065809028], [-52.12099343584853, -32.03703851478076], [-52.120970297497365, -32.03705863773097], [-52.120937590015274, -32.03702525151774], [-52.120834229272184, -32.03699580965281], [-52.12080027205207, -32.03705889601091], [-52.12063783273698, -32.03705334965313], [-52.12059310694897, -32.03704270326905], [-52.12059695736613, -32.037035380268016], [-52.120480466004516, -32.03697996543392], [-52.1205050060625, -32.03693753928981], [-52.12044696406786, -32.03691785422309], [-52.1204240351703, -32.03681344932174], [-52.120363355148015, -32.03675801925671], [-52.12034981695249, -32.036714233674594], [-52.120548654558, -32.036317221277855], [-52.12044847397329, -32.03625056640494], [-52.120329267129264, -32.036199920455076], [-52.12041346623476, -32.036073486785526], [-52.12039655933436, -32.03605656845451], [-52.1203176982075, -32.03602737873584], [-52.12035940792252, -32.0359321543279], [-52.12025644621763, -32.03589014218411], [-52.1202044014054, -32.0359880649446], [-52.12015064643559, -32.03596467932543], [-52.11957378120872, -32.03698166951455], [-52.11971404366024, -32.03714228950635], [-52.11975875968195, -32.037158994399306], [-52.11980005910608, -32.037115103458255], [-52.11984862789663, -32.037087367900114], [-52.119943605002916, -32.0370797451645], [-52.12036070287259, -32.037223724821104], [-52.12034467487944, -32.03725551212733], [-52.120185322545446, -32.03719040832863], [-52.11990286540684, -32.03710423620978], [-52.11985030532022, -32.03712076687452], [-52.11980437084188, -32.037176033695616], [-52.12015454360365, -32.03730685030853], [-52.12143089721639, -32.0381461917268], [-52.12152000931936, -32.03816070690666], [-52.1216166539844, -32.03819857006721], [-52.12195455007009, -32.03837010051835], [-52.12214866578512, -32.038087234139724], [-52.12215992932416, -32.03809465795715], [-52.122123428523295, -32.03815494359367], [-52.121966981791566, -32.03837344554474], [-52.12209464990906, -32.03846888543709], [-52.12205195737845, -32.03855460637935], [-52.12232538934763, -32.038734417659334], [-52.122393236063395, -32.03876629878125], [-52.12243836981347, -32.03876429346446], [-52.12248240377239, -32.038721631219076], [-52.122719753783905, -32.03829250267276], [-52.122743560529294, -32.03830372145075], [-52.122663046973564, -32.03846996971347], [-52.122755317101344, -32.03852246670134], [-52.12274678944292, -32.03853616392472], [-52.12264945690524, -32.03850188004493], [-52.12263306453579, -32.03850549828234], [-52.1224618403583, -32.03881998877983], [-52.12266437020323, -32.038927223251726], [-52.12306902157285, -32.039171455077955], [-52.12327626266226, -32.039266871722404], [-52.12353832503523, -32.039358839672545], [-52.12362406541725, -32.0393994681157], [-52.12364334353508, -32.039396257180215], [-52.12381768831939, -32.039127663371715], [-52.12384643409196, -32.039137430879876], [-52.12370790179688, -32.03934145077064], [-52.123664111532555, -32.0394299433888], [-52.123795048645405, -32.039518650260064], [-52.12395388933713, -32.039590964944175], [-52.1240102588367, -32.03960965284001], [-52.12418478652462, -32.039304954909355], [-52.12423659544622, -32.03932571287028], [-52.12434891510113, -32.03917110734132]]]}}, {"id": "98", "type": "Feature", "properties": {"numero": "NULL94", "area": 2785.0325066233054}, "geometry": {"type": "Polygon", "coordinates": [[[-52.104396057973894, -32.02656486346102], [-52.104326295912415, -32.02654160280974], [-52.10429267865487, -32.02654189556835], [-52.10407069199082, -32.026627844630596], [-52.10402472718345, -32.02671989874788], [-52.10429845599818, -32.02721015506669], [-52.10471795278241, -32.0271463532696], [-52.104396057973894, -32.02656486346102]]]}}, {"id": "99", "type": "Feature", "properties": {"numero": "NULL17", "area": 10392.773179063572}, "geometry": {"type": "Polygon", "coordinates": [[[-52.097056984523675, -32.03840571083447], [-52.096627555038204, -32.03849195130318], [-52.09681088653741, -32.03927647643865], [-52.09732318279083, -32.03917617465751], [-52.096935615178005, -32.039113631001136], [-52.096755136379386, -32.038781074988435], [-52.097056984523675, -32.03840571083447]]]}}, {"id": "100", "type": "Feature", "properties": {"numero": "00223", "area": 11678.476811765693}, "geometry": {"type": "Polygon", "coordinates": [[[-52.11080325142965, -32.03518613360367], [-52.11175555887698, -32.03558756179157], [-52.11232505325147, -32.03462979897512], [-52.11135015659828, -32.0342679616872], [-52.11080325142965, -32.03518613360367]]]}}, {"id": "101", "type": "Feature", "properties": {"numero": "00074", "area": 9388.491848928854}, "geometry": {"type": "Polygon", "coordinates": [[[-52.155257831831285, -32.053482487294694], [-52.15566560108305, -32.0526972120769], [-52.154723017113106, -32.05233552549465], [-52.154313140897116, -32.053149381893995], [-52.155257831831285, -32.053482487294694]]]}}, {"id": "102", "type": "Feature", "properties": {"numero": "NULL12", "area": 3327.6639499940206}, "geometry": {"type": "Polygon", "coordinates": [[[-52.09329536135304, -32.04173193117789], [-52.094224337635474, -32.041571069629846], [-52.09422546254299, -32.04155792415666], [-52.093186189774954, -32.04123914009591], [-52.09294447354909, -32.04147213593099], [-52.09329536135304, -32.04173193117789]]]}}, {"id": "103", "type": "Feature", "properties": {"numero": "00316", "area": 7594.945597714279}, "geometry": {"type": "Polygon", "coordinates": [[[-52.11882306195014, -32.052228598725314], [-52.118978072423225, -32.05228766135663], [-52.11909894125158, -32.0520575666451], [-52.11916343229638, -32.05208304683558], [-52.11933283345698, -32.051777594384944], [-52.11937196542191, -32.051793344936016], [-52.119353781632476, -32.051825613175154], [-52.11943467074646, -32.05185881387134], [-52.11928506160776, -32.05212570877681], [-52.11935534925876, -32.05215761795091], [-52.11936586037021, -32.05214055302001], [-52.11956582568938, -32.05222764126445], [-52.11950120314199, -32.05234186579046], [-52.11966591761398, -32.052409457850786], [-52.119689894612854, -32.052364885776434], [-52.11975680618893, -32.05239232238525], [-52.119969038852254, -32.05203744837977], [-52.12017169150319, -32.05166271528723], [-52.119327228689414, -32.05131729696026], [-52.11882306195014, -32.052228598725314]]]}}, {"id": "104", "type": "Feature", "properties": {"numero": "00007", "area": 10750.023471636348}, "geometry": {"type": "Polygon", "coordinates": [[[-52.08962035666166, -32.03074531631492], [-52.08856990583052, -32.030785303542146], [-52.08842709375684, -32.030782174400564], [-52.088344513849435, -32.03158349558409], [-52.08951683600965, -32.031686966669724], [-52.08962035666166, -32.03074531631492]]]}}, {"id": "105", "type": "Feature", "properties": {"numero": "NULL10", "area": 32323.235164623708}, "geometry": {"type": "MultiPolygon", "coordinates": [[[[-52.08830327552062, -32.04202140258156], [-52.08820700702364, -32.04234626543303], [-52.08783308536263, -32.042717741388834], [-52.08788906052006, -32.042727011167514], [-52.088224344886655, -32.042695611686234], [-52.08830327552062, -32.04202140258156]]], [[[-52.08742396962912, -32.0397871403188], [-52.08740812545003, -32.03995087967532], [-52.08743215169087, -32.0398470309656], [-52.0876674816176, -32.03984501223307], [-52.08767873150001, -32.039804972607335], [-52.08742396962912, -32.0397871403188]]]]}}, {"id": "106", "type": "Feature", "properties": {"numero": "994", "area": 5971.0451824478805}, "geometry": {"type": "Polygon", "coordinates": [[[-52.14456555038345, -32.06613846978172], [-52.14398412019846, -32.06636941397386], [-52.144091591392424, -32.06656561005176], [-52.144789672513994, -32.06628991643628], [-52.14456555038345, -32.06613846978172]]]}}, {"id": "107", "type": "Feature", "properties": {"numero": null, "area": 3074.0068842358887}, "geometry": {"type": "Polygon", "coordinates": [[[-52.14441298259967, -32.0667760658842], [-52.14463607365009, -32.06669051884341], [-52.14511298587309, -32.066508389848515], [-52.14489566164338, -32.06636153675789], [-52.14430926965718, -32.06658583597887], [-52.14441298259967, -32.0667760658842]]]}}, {"id": "108", "type": "Feature", "properties": {"numero": "00082", "area": 10075.054749676958}, "geometry": {"type": "Polygon", "coordinates": [[[-52.15357308388667, -32.051790921689346], [-52.15399982177567, -32.05096522853072], [-52.15302063695903, -32.050605698245796], [-52.15259752082397, -32.051437772081954], [-52.15357308388667, -32.051790921689346]]]}}, {"id": "109", "type": "Feature", "properties": {"numero": null, "area": 4720.375893142074}, "geometry": {"type": "Polygon", "coordinates": [[[-52.1725942047927, -32.05898565457729], [-52.17301522691379, -32.05834613583944], [-52.1727390807605, -32.058208742997756], [-52.17225522243422, -32.058964657532044], [-52.1725942047927, -32.05898565457729]]]}}, {"id": "110", "type": "Feature", "properties": {"numero": "00535", "area": 4365.01715850184}, "geometry": {"type": "Polygon", "coordinates": [[[-52.09867308869759, -32.04127041581495], [-52.09868277781301, -32.04126903618021], [-52.09882326283185, -32.04190586462743], [-52.09940852746269, -32.04179383594596], [-52.09938991383435, -32.04171743825346], [-52.099381165001766, -32.04171906602315], [-52.099341721289655, -32.041505665527566], [-52.0992586056241, -32.04118339730501], [-52.09866859662886, -32.04124951038227], [-52.09867308869759, -32.04127041581495]]]}}, {"id": "111", "type": "Feature", "properties": {"numero": "00562", "area": 4629.454763658345}, "geometry": {"type": "Polygon", "coordinates": [[[-52.13160694334713, -32.05526869063698], [-52.132232486726416, -32.05544148005042], [-52.13227989771465, -32.05536065212052], [-52.132164304638714, -32.05540945642491], [-52.13161477201213, -32.055255641194144], [-52.13160694334713, -32.05526869063698]]]}}, {"id": "112", "type": "Feature", "properties": {"numero": "NULL37", "area": 12519.06810753343}, "geometry": {"type": "Polygon", "coordinates": [[[-52.10234819007444, -32.02863025260733], [-52.10231621730489, -32.02865827024469], [-52.10211778937368, -32.029755275180186], [-52.10270697015103, -32.02982847341533], [-52.102790749545015, -32.02942244774569], [-52.102844429258255, -32.02943051477987], [-52.10282880227194, -32.02951825396627], [-52.10284132635306, -32.029519741762705], [-52.10277831740322, -32.029836864943036], [-52.10314006350719, -32.0298806547667], [-52.10316191283092, -32.02985882321804], [-52.10338011815101, -32.02875016998183], [-52.10336464768897, -32.028739632713325], [-52.10234819007444, -32.02863025260733]]]}}, {"id": "113", "type": "Feature", "properties": {"numero": "503", "area": 51455.37854890339}, "geometry": {"type": "Polygon", "coordinates": [[[-52.08125455574954, -32.04908834299421], [-52.08003403112495, -32.04610728210186], [-52.07993532212251, -32.0461257080971], [-52.08009830193155, -32.04664220223893], [-52.07988354715125, -32.04672756133923], [-52.079808628433646, -32.047028905605494], [-52.07995199677142, -32.047545566908205], [-52.07976136366631, -32.04801495579432], [-52.07992493471916, -32.0485815626073], [-52.0790268649577, -32.04894003413236], [-52.07887297247608, -32.048657371236864], [-52.078598045581444, -32.04949106063716], [-52.078841184381496, -32.049564367716236], [-52.08125455574954, -32.04908834299421]]]}}, {"id": "114", "type": "Feature", "properties": {"numero": "0101", "area": 10966.209259195544}, "geometry": {"type": "Polygon", "coordinates": [[[-52.08901781859148, -32.03605516165384], [-52.08780919259709, -32.03627856065756], [-52.08771887488325, -32.037165880281414], [-52.08892500643728, -32.036936417464155], [-52.08901781859148, -32.03605516165384]]]}}, {"id": "115", "type": "Feature", "properties": {"numero": "NULL92", "area": 2687.115078937546}, "geometry": {"type": "Polygon", "coordinates": [[[-52.11066131633461, -32.02658718717615], [-52.11070987818542, -32.026628935136934], [-52.11091172815371, -32.02668382803417], [-52.110953952782566, -32.026727439230854], [-52.110955240786524, -32.02677562639713], [-52.110991235594284, -32.02679350947713], [-52.11122653182318, -32.02641814935622], [-52.11128904415298, -32.026304943706414], [-52.11128869833474, -32.02627630491522], [-52.11127172841488, -32.02626308744804], [-52.11104726881821, -32.02623641246873], [-52.11083939894169, -32.02619145194266], [-52.11068675967888, -32.026172739699135], [-52.11061430821849, -32.02639105213613], [-52.110617413388034, -32.026462629500195], [-52.11066131633461, -32.02658718717615]]]}}, {"id": "116", "type": "Feature", "properties": {"numero": "00053", "area": 26645.404021188147}, "geometry": {"type": "Polygon", "coordinates": [[[-52.10032255066328, -32.02995579077859], [-52.099874547557235, -32.031092519482186], [-52.10024109426488, -32.03124162787063], [-52.10047295088814, -32.03135813700949], [-52.100770480592345, -32.0314445541403], [-52.101217942495076, -32.031484760376664], [-52.10167799161575, -32.03142877949751], [-52.10194612775311, -32.02989474241601], [-52.10124817373339, -32.0299062491778], [-52.10032255066328, -32.02995579077859]]]}}, {"id": "117", "type": "Feature", "properties": {"numero": "0075", "area": 10969.804546668194}, "geometry": {"type": "Polygon", "coordinates": [[[-52.09092197502161, -32.035408200976875], [-52.09093784688008, -32.035405430066504], [-52.09086641696959, -32.03519379181984], [-52.09087478347834, -32.03519146182685], [-52.09080254183254, -32.03494859472531], [-52.08922693745653, -32.03523347774628], [-52.089210032261, -32.035372866892], [-52.08923573651283, -32.035491567899015], [-52.08919733961992, -32.03549490843926], [-52.08915255946377, -32.03585469294441], [-52.08917702528202, -32.03586878349692], [-52.09095877439794, -32.03553094582061], [-52.09092197502161, -32.035408200976875]]]}}, {"id": "118", "type": "Feature", "properties": {"numero": "00010", "area": 6895.728954746388}, "geometry": {"type": "Polygon", "coordinates": [[[-52.09110835227294, -32.03143685659743], [-52.09027754070674, -32.03167511343391], [-52.090075970238985, -32.03171928771081], [-52.090217289811555, -32.03221400017739], [-52.091004123774546, -32.032122790263564], [-52.09100597464218, -32.032131790963994], [-52.09118813315348, -32.03210663635167], [-52.09119136413636, -32.032121838993206], [-52.09134184941455, -32.03208782881685], [-52.09121226743927, -32.03172311291997], [-52.09117928471149, -32.03160459129981], [-52.09118845921214, -32.031601598249686], [-52.0911369149242, -32.031448939677524], [-52.09110835227294, -32.03143685659743]]]}}, {"id": "119", "type": "Feature", "properties": {"numero": "00531", "area": 6904.281434792094}, "geometry": {"type": "Polygon", "coordinates": [[[-52.09794085915775, -32.04406828085166], [-52.09911876178937, -32.04384520485831], [-52.09899124828609, -32.04332252575154], [-52.09897115063878, -32.043312662823375], [-52.09782527647262, -32.04353131007705], [-52.097806446269516, -32.04354389509165], [-52.097927283179736, -32.04405726969939], [-52.09794085915775, -32.04406828085166]]]}}, {"id": "120", "type": "Feature", "properties": {"numero": "NULL10", "area": 9004.55495181121}, "geometry": {"type": "Polygon", "coordinates": [[[-52.15420875678793, -32.05310631239571], [-52.15460845325475, -32.05229872831069], [-52.15371733130337, -32.05197152084493], [-52.153353846129, -32.052671787211345], [-52.15337540555987, -32.05277917924816], [-52.153728442104, -32.05277596624987], [-52.15393471175571, -32.05300505241158], [-52.15420875678793, -32.05310631239571]]]}}, {"id": "121", "type": "Feature", "properties": {"numero": "502", "area": 9105.74125163816}, "geometry": {"type": "Polygon", "coordinates": [[[-52.08152013240001, -32.04760198254223], [-52.080829089218796, -32.047735959490645], [-52.08136378098034, -32.049058926126186], [-52.08189441996245, -32.04895715985808], [-52.08152013240001, -32.04760198254223]]]}}, {"id": "122", "type": "Feature", "properties": {"numero": null, "area": 8165.181008390151}, "geometry": {"type": "MultiPolygon", "coordinates": [[[[-52.13875817999463, -32.04728354240857], [-52.138615367595825, -32.04722123666777], [-52.13871223126891, -32.04736214101725], [-52.13875817999463, -32.04728354240857]]], [[[-52.13813058116327, -32.047009733748844], [-52.13779878240326, -32.04686497473258], [-52.13752966340229, -32.047352431382386], [-52.13784742945232, -32.047039106304815], [-52.13813058116327, -32.047009733748844]]]]}}, {"id": "123", "type": "Feature", "properties": {"numero": "31", "area": 11896.128396838903}, "geometry": {"type": "Polygon", "coordinates": [[[-52.16622418073792, -32.058994867538814], [-52.16616859813873, -32.05927755845686], [-52.166811082038535, -32.059907136184734], [-52.1671570601623, -32.05934886661231], [-52.16622418073792, -32.058994867538814]]]}}, {"id": "124", "type": "Feature", "properties": {"numero": "18", "area": 4758.3424122296265}, "geometry": {"type": "Polygon", "coordinates": [[[-52.16674677570867, -32.05813977424757], [-52.167676317469514, -32.05849564504153], [-52.16786251647553, -32.058177423136286], [-52.16766582616137, -32.058102871677896], [-52.16752718038221, -32.05812906637039], [-52.16741949076399, -32.058009502645575], [-52.167180509595354, -32.05791892047592], [-52.16674677570867, -32.05813977424757]]]}}, {"id": "125", "type": "Feature", "properties": {"numero": null, "area": 8322.044638223946}, "geometry": {"type": "Polygon", "coordinates": [[[-52.137638318165806, -32.04679849075271], [-52.13667476383594, -32.046388160586005], [-52.13658061458634, -32.0465452499727], [-52.13725535012977, -32.046743716063105], [-52.13715261855824, -32.04740595218809], [-52.13727163885608, -32.047456290821266], [-52.137638318165806, -32.04679849075271]]]}}, {"id": "126", "type": "Feature", "properties": {"numero": null, "area": 8061.617905475199}, "geometry": {"type": "Polygon", "coordinates": [[[-52.168634351852205, -32.056678141390734], [-52.16771683405225, -32.05631611333167], [-52.167381918633716, -32.056819180506956], [-52.16742287826776, -32.057005076282096], [-52.16831567213995, -32.05733017940079], [-52.168634351852205, -32.056678141390734]]]}}, {"id": "127", "type": "Feature", "properties": {"numero": null, "area": 8218.619893420488}, "geometry": {"type": "Polygon", "coordinates": [[[-52.13649315390619, -32.04630354568398], [-52.13614118381449, -32.04615757811008], [-52.135936713548254, -32.04607278037897], [-52.13642053891553, -32.046427792657575], [-52.13649315390619, -32.04630354568398]]]}}, {"id": "128", "type": "Feature", "properties": {"numero": null, "area": 2207.9584024846554}, "geometry": {"type": "Polygon", "coordinates": [[[-52.164657414078704, -32.056291517777325], [-52.16461063642699, -32.056446024710276], [-52.16496900102253, -32.05656824570865], [-52.165093431430186, -32.05630611030366], [-52.164657414078704, -32.056291517777325]]]}}, {"id": "129", "type": "Feature", "properties": {"numero": null, "area": 19011.695104330778}, "geometry": {"type": "Polygon", "coordinates": [[[-52.16251045762954, -32.05505653550357], [-52.162054697016806, -32.055932256220785], [-52.162766501779714, -32.05615321689999], [-52.163578120004544, -32.05609388281475], [-52.164574940302195, -32.056433850471926], [-52.16462713216872, -32.05625522310519], [-52.16251045762954, -32.05505653550357]]]}}, {"id": "130", "type": "Feature", "properties": {"numero": null, "area": 4043.1555824130774}, "geometry": {"type": "Polygon", "coordinates": [[[-52.168931707663795, -32.0585897184803], [-52.16798106752501, -32.05821631587639], [-52.16779055394703, -32.058537966914145], [-52.16835630341039, -32.05877188036508], [-52.168754477429026, -32.058922320337516], [-52.168931707663795, -32.0585897184803]]]}}, {"id": "131", "type": "Feature", "properties": {"numero": null, "area": 8264.58742166683}, "geometry": {"type": "Polygon", "coordinates": [[[-52.13421820830858, -32.04531816401186], [-52.13327221788766, -32.04493415432488], [-52.133019078430294, -32.04534648028492], [-52.133195932515505, -32.04520972850089], [-52.13390195241359, -32.04520341524385], [-52.13421820830858, -32.04531816401186]]]}}, {"id": "132", "type": "Feature", "properties": {"numero": "12", "area": 11535.5215709256}, "geometry": {"type": "Polygon", "coordinates": [[[-52.1735100745669, -32.05858236919891], [-52.173106606325206, -32.058396967700894], [-52.17300456147223, -32.05855629104194], [-52.17301631424842, -32.05856227679653], [-52.17272483246305, -32.05899760778537], [-52.17338456780036, -32.05904389820751], [-52.173460414775015, -32.059070400868826], [-52.1735100745669, -32.05858236919891]]]}}, {"id": "133", "type": "Feature", "properties": {"numero": null, "area": 8198.746789569966}, "geometry": {"type": "Polygon", "coordinates": [[[-52.133088782107336, -32.04485666273791], [-52.132129813476745, -32.04444580041405], [-52.131753470615756, -32.045104536275716], [-52.13259845588368, -32.0454706418696], [-52.13272088078677, -32.0454753383735], [-52.133088782107336, -32.04485666273791]]]}}, {"id": "134", "type": "Feature", "properties": {"numero": null, "area": 8397.176643241197}, "geometry": {"type": "Polygon", "coordinates": [[[-52.132127941067736, -32.04545822119761], [-52.13165821759216, -32.04525500618778], [-52.131259749170894, -32.04591955588801], [-52.131443763275755, -32.04599827679527], [-52.13159353042863, -32.045691804157144], [-52.132127941067736, -32.04545822119761]]]}}, {"id": "135", "type": "Feature", "properties": {"numero": null, "area": 3533.837180614472}, "geometry": {"type": "Polygon", "coordinates": [[[-52.14296605473207, -32.065129746752866], [-52.1428274611699, -32.065258309725486], [-52.14298259519326, -32.06537426100239], [-52.14304823019491, -32.06531797726576], [-52.14319024929771, -32.06546865500478], [-52.14322146478149, -32.06543867053803], [-52.14296605473207, -32.065129746752866]]]}}, {"id": "136", "type": "Feature", "properties": {"numero": null, "area": 7313.467615767382}, "geometry": {"type": "MultiPolygon", "coordinates": [[[[-52.13082216452002, -32.04735975384568], [-52.130836764963945, -32.0473349694698], [-52.13043524563784, -32.04697433198852], [-52.130329660977914, -32.047151522410324], [-52.13082216452002, -32.04735975384568]]], [[[-52.131006926165064, -32.04601493426445], [-52.13087871329612, -32.046230103802266], [-52.13077378799722, -32.04640619080977], [-52.13136394315957, -32.04616161489117], [-52.131006926165064, -32.04601493426445]]]]}}, {"id": "137", "type": "Feature", "properties": {"numero": "NULL68", "area": 1652.2054623337463}, "geometry": {"type": "Polygon", "coordinates": [[[-52.09900102417033, -32.04594381581881], [-52.098395896107014, -32.04606469197311], [-52.098390079290155, -32.04608579743116], [-52.09847159537648, -32.046350381186116], [-52.098493040610144, -32.04635903594959], [-52.09875589988898, -32.046326212679254], [-52.09882919806817, -32.0462965025948], [-52.09900102417033, -32.04594381581881]]]}}, {"id": "138", "type": "Feature", "properties": {"numero": "00031", "area": 17621.648608103744}, "geometry": {"type": "Polygon", "coordinates": [[[-52.08818910578501, -32.03303628127682], [-52.08801087920966, -32.03456789482617], [-52.08844775886072, -32.03452618817127], [-52.089206171090844, -32.03437835150727], [-52.089350223525564, -32.03309611295726], [-52.08933396324067, -32.03307772649873], [-52.08820480430764, -32.03302600879703], [-52.08818910578501, -32.03303628127682]]]}}, {"id": "139", "type": "Feature", "properties": {"numero": "00059", "area": 34617.43050439982}, "geometry": {"type": "Polygon", "coordinates": [[[-52.104598034363185, -32.03053287315405], [-52.10426382268291, -32.03211508456861], [-52.104951067775524, -32.032203542071755], [-52.104753222684906, -32.03192905340062], [-52.10478682485259, -32.03146099625867], [-52.10501852105095, -32.031158271590485], [-52.10553842432399, -32.031153739583935], [-52.10591636065369, -32.029066675229465], [-52.1049461553753, -32.02894885667501], [-52.10462403205488, -32.030422956286536], [-52.10496908168557, -32.03047765043776], [-52.10494331219313, -32.03058481252008], [-52.104598034363185, -32.03053287315405]]]}}, {"id": "140", "type": "Feature", "properties": {"numero": "00009", "area": 1903.7362873759123}, "geometry": {"type": "Polygon", "coordinates": [[[-52.08991604627824, -32.031771845981886], [-52.08960399566388, -32.0318358983079], [-52.089556926846605, -32.03225274465408], [-52.089577253085345, -32.03227050289131], [-52.0900331764137, -32.03223437142335], [-52.0900479434766, -32.03221724142525], [-52.08991604627824, -32.031771845981886]]]}}, {"id": "141", "type": "Feature", "properties": {"numero": "0206", "area": 8173.727413824615}, "geometry": {"type": "MultiPolygon", "coordinates": [[[[-52.10937876864197, -32.03477108779318], [-52.10894330411252, -32.03458043531098], [-52.109273078292986, -32.03497309235747], [-52.10933849978465, -32.03487904066816], [-52.109383913912275, -32.034786962099645], [-52.10937876864197, -32.03477108779318]]], [[[-52.108860601243514, -32.03454664745826], [-52.108435380770004, -32.03436882220868], [-52.10838422650018, -32.03445580939961], [-52.10839508765289, -32.034703853990884], [-52.108860601243514, -32.03454664745826]]]]}}, {"id": "142", "type": "Feature", "properties": {"numero": "01114", "area": 2806.198378758505}, "geometry": {"type": "Polygon", "coordinates": [[[-52.128492764968925, -32.045732311591024], [-52.128934993710224, -32.04591658671226], [-52.12922090430695, -32.04543087137001], [-52.12878119423037, -32.045249090883985], [-52.128492764968925, -32.045732311591024]]]}}, {"id": "143", "type": "Feature", "properties": {"numero": "NULL90", "area": 2488.189111228261}, "geometry": {"type": "Polygon", "coordinates": [[[-52.10683221717988, -32.02657140128681], [-52.10729589115987, -32.02636216249766], [-52.10734188588376, -32.026040364187345], [-52.10684620840621, -32.02597909367615], [-52.10682211525495, -32.02615556686617], [-52.106809636332976, -32.02615410251748], [-52.106784792723936, -32.02636745978407], [-52.10678739894303, -32.0264668429684], [-52.106810203544434, -32.02654135342163], [-52.10683221717988, -32.02657140128681]]]}}, {"id": "144", "type": "Feature", "properties": {"numero": "NULL94", "area": 27909.04874829521}, "geometry": {"type": "Polygon", "coordinates": [[[-52.0865166466874, -32.043403234555406], [-52.0866514005464, -32.04332264279277], [-52.08669090359736, -32.043209366790606], [-52.08671666590285, -32.04317401534124], [-52.086647965927256, -32.043194932758205], [-52.0865166466874, -32.043403234555406]]]}}, {"id": "145", "type": "Feature", "properties": {"numero": "NULL99", "area": 30780.845066846225}, "geometry": {"type": "Polygon", "coordinates": [[[-52.10155016818402, -32.04366618551951], [-52.10144941926503, -32.04393419760015], [-52.101488108528436, -32.04397731748337], [-52.10156256424255, -32.043996552845954], [-52.10170804921236, -32.04398504611251], [-52.101828332074916, -32.044026203744814], [-52.101824926492014, -32.04403367568329], [-52.10188286880812, -32.04405735740672], [-52.101918537598905, -32.04419770305409], [-52.10186495007654, -32.04438457009825], [-52.10222603952272, -32.044496592406304], [-52.10229575540186, -32.04434627706023], [-52.1027715110571, -32.04370960016765], [-52.102891977972774, -32.043780272930796], [-52.1029926855447, -32.043856213391734], [-52.103642718874795, -32.04265088065356], [-52.103353890693185, -32.04238802372514], [-52.10267773972958, -32.04202075462041], [-52.10250615060187, -32.041985797263486], [-52.10159243286319, -32.04350442143342], [-52.10155016818402, -32.04366618551951]]]}}, {"id": "146", "type": "Feature", "properties": {"numero": "NULL10", "area": 3205.418286654123}, "geometry": {"type": "Polygon", "coordinates": [[[-52.10783678188665, -32.03087598852508], [-52.10852037454179, -32.03104797187328], [-52.10860631234893, -32.03090489581895], [-52.10822618310026, -32.030297197583884], [-52.10819700341745, -32.0302888465522], [-52.10796421436689, -32.030646128908295], [-52.10783678188665, -32.03087598852508]]]}}, {"id": "147", "type": "Feature", "properties": {"numero": "00000", "area": 8118.635296963155}, "geometry": {"type": "Polygon", "coordinates": [[[-52.130433213528626, -32.04454360109471], [-52.130812510478094, -32.04388485558308], [-52.12986209935632, -32.0434880486987], [-52.12950844558716, -32.04409031361592], [-52.12980664705362, -32.04427668671839], [-52.130433213528626, -32.04454360109471]]]}}, {"id": "148", "type": "Feature", "properties": {"numero": "0047", "area": 763.3231965731829}, "geometry": {"type": "Polygon", "coordinates": [[[-52.09718232612235, -32.02977507033968], [-52.09720377344683, -32.03002331232023], [-52.097496593623006, -32.03000801735448], [-52.097473078891795, -32.02975916700089], [-52.09718232612235, -32.02977507033968]]]}}, {"id": "149", "type": "Feature", "properties": {"numero": "00020", "area": 3271.320844245609}, "geometry": {"type": "Polygon", "coordinates": [[[-52.100524306018976, -32.031499913210055], [-52.10018782402494, -32.0313328691012], [-52.09984656100984, -32.031196019457404], [-52.09980011115216, -32.03128935802941], [-52.100524306018976, -32.031499913210055]]]}}, {"id": "150", "type": "Feature", "properties": {"numero": "0153", "area": 3121.5850800257176}, "geometry": {"type": "Polygon", "coordinates": [[[-52.09633793176621, -32.03937910369823], [-52.096696127242275, -32.03930404139535], [-52.09650744088332, -32.038517740323854], [-52.09614699288779, -32.03859035269253], [-52.09633793176621, -32.03937910369823]]]}}, {"id": "151", "type": "Feature", "properties": {"numero": "NULL11", "area": 3746.0233810142236}, "geometry": {"type": "Polygon", "coordinates": [[[-52.086974765283514, -32.03849349724264], [-52.08727705991732, -32.038405394665354], [-52.08729399548513, -32.0383902654724], [-52.087407261652125, -32.037310674859846], [-52.08711209875674, -32.03736767258935], [-52.08719076677745, -32.03767733477129], [-52.08704532686083, -32.03773479137972], [-52.08696221210168, -32.03845019560464], [-52.08696072637134, -32.03848041079734], [-52.086974765283514, -32.03849349724264]]]}}, {"id": "152", "type": "Feature", "properties": {"numero": null, "area": 5255.345615342259}, "geometry": {"type": "Polygon", "coordinates": [[[-52.130287113610486, -32.05549317206183], [-52.130952753306374, -32.05575266835843], [-52.13102133392842, -32.05579300156954], [-52.131111858730364, -32.05582587091544], [-52.13034950935582, -32.05538388999316], [-52.1303547441613, -32.05537003348585], [-52.130287113610486, -32.05549317206183]]]}}, {"id": "153", "type": "Feature", "properties": {"numero": null, "area": 3045.755397554487}, "geometry": {"type": "Polygon", "coordinates": [[[-52.13333288288638, -32.056064556475505], [-52.13297667725505, -32.055969881153835], [-52.13294836013692, -32.055962354723256], [-52.13318286005997, -32.056085289192055], [-52.13333288288638, -32.056064556475505]]]}}, {"id": "154", "type": "Feature", "properties": {"numero": "514", "area": 3564.532117481229}, "geometry": {"type": "Polygon", "coordinates": [[[-52.09517614343651, -32.04285164363369], [-52.095185431659445, -32.04186318451324], [-52.09517673364498, -32.04185584937666], [-52.09495113539681, -32.04189868759834], [-52.09494188819383, -32.042231054526304], [-52.094923408949406, -32.04223425160856], [-52.094923574548, -32.04230812493865], [-52.0949406690471, -32.0423136509099], [-52.09492968958081, -32.04252946839131], [-52.09494614601883, -32.04264236424669], [-52.09493115668298, -32.04264520803947], [-52.09491976229391, -32.04285735435956], [-52.09491786431845, -32.04331006582293], [-52.09502768792825, -32.043295870531054], [-52.09515608165681, -32.043254206089934], [-52.09515915112814, -32.04293392633688], [-52.095171208604015, -32.04293179324792], [-52.09517614343651, -32.04285164363369]]]}}, {"id": "155", "type": "Feature", "properties": {"numero": null, "area": 13899.044171414105}, "geometry": {"type": "Polygon", "coordinates": [[[-52.13179245135794, -32.0562831298625], [-52.13148883686213, -32.056861611886426], [-52.131703214004034, -32.05694069053907], [-52.13187753013649, -32.056968765380944], [-52.132053999712895, -32.0569767823838], [-52.13235973253583, -32.057099224156715], [-52.13235208058562, -32.057111177048434], [-52.13240829826598, -32.05713329391378], [-52.132462061309965, -32.05706099565377], [-52.13263695745379, -32.05713232260104], [-52.1328414631208, -32.05724595426724], [-52.13357657481236, -32.0565262555677], [-52.133491820186535, -32.05648346412822], [-52.132784169728275, -32.056364497843695], [-52.132110570800265, -32.05662110254932], [-52.13194892694806, -32.05623831430942], [-52.13179245135794, -32.0562831298625]]]}}, {"id": "156", "type": "Feature", "properties": {"numero": null, "area": 11922.35141705349}, "geometry": {"type": "Polygon", "coordinates": [[[-52.131157049323136, -32.056088561907124], [-52.130170959683454, -32.05569893750837], [-52.12981697186599, -32.05633516479861], [-52.131178308921314, -32.05681291572075], [-52.13121219852533, -32.05675229501351], [-52.131412674676206, -32.056827986766926], [-52.13167811337503, -32.05631587695067], [-52.131196356217444, -32.05645385510723], [-52.131157049323136, -32.056088561907124]]]}}, {"id": "157", "type": "Feature", "properties": {"numero": null, "area": 12182.42222161591}, "geometry": {"type": "Polygon", "coordinates": [[[-52.1300788163616, -32.055660603514376], [-52.12893194344394, -32.05518435491612], [-52.12836641356997, -32.05610707602139], [-52.12903667037188, -32.0563617584566], [-52.12917468766084, -32.056115492615966], [-52.1297144785867, -32.05631247696105], [-52.1300788163616, -32.055660603514376]]]}}, {"id": "158", "type": "Feature", "properties": {"numero": null, "area": 8941.23711573705}, "geometry": {"type": "Polygon", "coordinates": [[[-52.12881368600118, -32.05514456880132], [-52.12807935862148, -32.054840006605545], [-52.127523656363145, -32.05584581685415], [-52.12775950562236, -32.05595048872428], [-52.12779654320556, -32.055872216741434], [-52.12827218863438, -32.0560718800955], [-52.12881368600118, -32.05514456880132]]]}}, {"id": "159", "type": "Feature", "properties": {"numero": null, "area": 14582.485893348348}, "geometry": {"type": "Polygon", "coordinates": [[[-52.12738307619572, -32.054546512685526], [-52.12623471233516, -32.05407205078799], [-52.126184379261026, -32.05415562896395], [-52.125765908431525, -32.053988240355956], [-52.12539056425329, -32.05466480770539], [-52.12578963219947, -32.054825271262736], [-52.12566190364662, -32.05504301543022], [-52.12598388464862, -32.05517439916192], [-52.12615684452512, -32.054870024067505], [-52.12634862593762, -32.05494992449829], [-52.12639276695436, -32.05487257163482], [-52.126585387033465, -32.054953471893164], [-52.126553579275345, -32.055010195203614], [-52.12702847761214, -32.05520309672857], [-52.12738307619572, -32.054546512685526]]]}}, {"id": "160", "type": "Feature", "properties": {"numero": null, "area": 9200.748217184097}, "geometry": {"type": "Polygon", "coordinates": [[[-52.156783252509804, -32.05310304385705], [-52.15585833027344, -32.052764843974415], [-52.15544798404273, -32.05356025182627], [-52.156370342404195, -32.053906046474005], [-52.156783252509804, -32.05310304385705]]]}}, {"id": "161", "type": "Feature", "properties": {"numero": null, "area": 9655.58544317819}, "geometry": {"type": "Polygon", "coordinates": [[[-52.157879443206475, -32.05350930269272], [-52.15690758186871, -32.05314921228991], [-52.156485204495645, -32.05394132733618], [-52.15745132076309, -32.0543033654318], [-52.157879443206475, -32.05350930269272]]]}}, {"id": "162", "type": "Feature", "properties": {"numero": null, "area": 10093.997119208798}, "geometry": {"type": "Polygon", "coordinates": [[[-52.15727497709164, -32.052190333747376], [-52.15633659122728, -32.05184090735998], [-52.155880637242, -32.052683657459546], [-52.15685643604213, -32.05303955727391], [-52.15727497709164, -32.052190333747376]]]}}, {"id": "163", "type": "Feature", "properties": {"numero": null, "area": 5056.566241309047}, "geometry": {"type": "Polygon", "coordinates": [[[-52.12593788777767, -32.05369922294337], [-52.12627133087882, -32.05383731922789], [-52.12647374720109, -32.05392114971651], [-52.12616140500395, -32.05377565442737], [-52.126011554771075, -32.05356968396019], [-52.12593788777767, -32.05369922294337]]]}}, {"id": "164", "type": "Feature", "properties": {"numero": "49", "area": 42547.96324483212}, "geometry": {"type": "Polygon", "coordinates": [[[-52.17008135054082, -32.05901597861067], [-52.16976447050359, -32.05951722742157], [-52.16982368421804, -32.0597784533527], [-52.17016908965648, -32.059173861810386], [-52.17038964634513, -32.05912836642826], [-52.17008135054082, -32.05901597861067]]]}}, {"id": "165", "type": "Feature", "properties": {"numero": "NULL21", "area": 730.284065347747}, "geometry": {"type": "Polygon", "coordinates": [[[-52.136318256958354, -32.045929940445156], [-52.1357420505368, -32.04565346154129], [-52.13568066934527, -32.04575272338304], [-52.13628244174204, -32.04602516784142], [-52.136318256958354, -32.045929940445156]]]}}, {"id": "166", "type": "Feature", "properties": {"numero": "0159", "area": 6744.625780625269}, "geometry": {"type": "Polygon", "coordinates": [[[-52.0958563491021, -32.040564743409384], [-52.095955860019814, -32.04030230183856], [-52.09619792096479, -32.039553704588585], [-52.09516812250033, -32.03975740512825], [-52.095342477310304, -32.04040990104534], [-52.0958563491021, -32.040564743409384]]]}}, {"id": "167", "type": "Feature", "properties": {"numero": null, "area": 2711.5707335546613}, "geometry": {"type": "Polygon", "coordinates": [[[-52.1427508327676, -32.064869431295165], [-52.142524192319314, -32.065097434171854], [-52.14269035443642, -32.06522533400574], [-52.142886816221505, -32.06503390612064], [-52.1427508327676, -32.064869431295165]]]}}, {"id": "168", "type": "Feature", "properties": {"numero": "527", "area": 4135.497464689659}, "geometry": {"type": "Polygon", "coordinates": [[[-52.098020791032965, -32.042048095745635], [-52.09789916059908, -32.041481528241206], [-52.09741675244205, -32.041632052989065], [-52.097354518199246, -32.04161598263127], [-52.09748402591623, -32.04215257335684], [-52.09775513178207, -32.04211355474174], [-52.097821622604, -32.04209288873648], [-52.09795453449371, -32.042073978527434], [-52.098020791032965, -32.042048095745635]]]}}, {"id": "169", "type": "Feature", "properties": {"numero": "NULL15", "area": 4080.2278518956155}, "geometry": {"type": "Polygon", "coordinates": [[[-52.091720385614465, -32.04079954177583], [-52.09143911042607, -32.04157653612282], [-52.09189640066679, -32.04170489949349], [-52.09217915710373, -32.040943747283606], [-52.091837266545646, -32.040844934656704], [-52.091720385614465, -32.04079954177583]]]}}, {"id": "170", "type": "Feature", "properties": {"numero": "00536", "area": 4298.951468005544}, "geometry": {"type": "Polygon", "coordinates": [[[-52.09999249705774, -32.041233549753414], [-52.099977039371836, -32.04116341885659], [-52.09995987821619, -32.04116643086337], [-52.09995247949635, -32.04113546013845], [-52.09992098466879, -32.04110917484854], [-52.09936646822717, -32.041171310830634], [-52.099504585716765, -32.04176952964501], [-52.100077211427845, -32.0416569935503], [-52.09997838356801, -32.04123602896977], [-52.09999249705774, -32.041233549753414]]]}}, {"id": "171", "type": "Feature", "properties": {"numero": "NULL15", "area": 4462.218345183879}, "geometry": {"type": "Polygon", "coordinates": [[[-52.10690618210385, -32.03374557703306], [-52.1069721283142, -32.03361572983577], [-52.10681729458778, -32.03359355476644], [-52.10642569021321, -32.03401940909885], [-52.10685468680241, -32.03381519447443], [-52.10690618210385, -32.03374557703306]]]}}, {"id": "172", "type": "Feature", "properties": {"numero": "NULL16", "area": 5685.347302165712}, "geometry": {"type": "Polygon", "coordinates": [[[-52.16071592716198, -32.055529241322844], [-52.16120273086036, -32.0546492929222], [-52.16118712014077, -32.05461258548063], [-52.16086923087252, -32.05439093965189], [-52.16083002859841, -32.05440267408283], [-52.16070606847648, -32.05454805147609], [-52.160738969636874, -32.05495051958127], [-52.16054237007649, -32.05549700157602], [-52.160689529176494, -32.0555442142355], [-52.16071592716198, -32.055529241322844]]]}}, {"id": "173", "type": "Feature", "properties": {"numero": null, "area": 5279.637742847204}, "geometry": {"type": "Polygon", "coordinates": [[[-52.13337638947672, -32.044386105009124], [-52.13248728099901, -32.04378124020533], [-52.13219548286237, -32.044282687783294], [-52.133186972614006, -32.04469629215838], [-52.13337638947672, -32.044386105009124]]]}}, {"id": "174", "type": "Feature", "properties": {"numero": "NULL11", "area": 3975.3137630410492}, "geometry": {"type": "Polygon", "coordinates": [[[-52.15412178802911, -32.05326201719466], [-52.154087454812846, -32.05324881772706], [-52.15408846748587, -32.053329486190364], [-52.15412178802911, -32.05326201719466]]]}}, {"id": "175", "type": "Feature", "properties": {"numero": "NULL12", "area": 1079.9824251877235}, "geometry": {"type": "Polygon", "coordinates": [[[-52.124443678075195, -32.03995808172508], [-52.12450553317087, -32.03984628366291], [-52.124501218748215, -32.03983469387288], [-52.124112261961464, -32.03966460643158], [-52.12405098083604, -32.03964785653832], [-52.124035792649174, -32.03965296176679], [-52.12402516192599, -32.039674546695466], [-52.124443678075195, -32.03995808172508]]]}}, {"id": "176", "type": "Feature", "properties": {"numero": "NULL21", "area": 734994.9215244211}, "geometry": {"type": "MultiPolygon", "coordinates": [[[[-52.080490602360875, -32.02834498725384], [-52.08036418693493, -32.028363141250296], [-52.080260839532, -32.02838887476273], [-52.080181585946185, -32.028431994029646], [-52.08010095649647, -32.02842646533389], [-52.07996850206638, -32.02845520698353], [-52.07984319292139, -32.028509002297795], [-52.079856807902395, -32.02856469067293], [-52.07990755770235, -32.02857234135369], [-52.08009110679137, -32.02854001620784], [-52.0801161881389, -32.02857927875334], [-52.080115495392924, -32.02862310899472], [-52.0801308319415, -32.0286540378878], [-52.08008621418323, -32.028842236540356], [-52.07998360268072, -32.02883147335191], [-52.07998213074923, -32.02884410636004], [-52.080087296409744, -32.02885504625705], [-52.08007285177328, -32.02891544805689], [-52.08003291157303, -32.02898792069503], [-52.07999123579669, -32.028999137022666], [-52.079958448934995, -32.029042302415775], [-52.07988232992285, -32.02907736605512], [-52.079730124648506, -32.02908712394469], [-52.079565715833056, -32.02915337623661], [-52.079510341229444, -32.029144186109626], [-52.079463752547554, -32.02915907958027], [-52.07938789999322, -32.02915549440843], [-52.079276947733334, -32.02917938842116], [-52.07922336733276, -32.029202189642085], [-52.07913639274156, -32.02927781373609], [-52.079014533249705, -32.02927824634046], [-52.07885120313204, -32.02933180491581], [-52.07881744625092, -32.02935280449057], [-52.07876537232866, -32.029351470369726], [-52.07869249887022, -32.029312054822945], [-52.07858756158248, -32.029316113866756], [-52.07855746059768, -32.029333717417515], [-52.07848327652573, -32.029445397734854], [-52.078384706526066, -32.0295328563519], [-52.07831818999759, -32.02961299686115], [-52.07831877427428, -32.029628517149376], [-52.07834691306739, -32.029645877955865], [-52.07833748801724, -32.02967115394925], [-52.07828887142013, -32.0296684641364], [-52.07823509176058, -32.0297447976529], [-52.07824302975699, -32.02976612812442], [-52.078194861871026, -32.02980173791226], [-52.078002348803025, -32.030104173184306], [-52.07792422813437, -32.03027043703811], [-52.0778920356349, -32.030306605527706], [-52.077879332878844, -32.030354029006105], [-52.07781806818908, -32.03034108132797], [-52.07780253268871, -32.03039800099802], [-52.077857256984835, -32.03040857761275], [-52.07786212611666, -32.03038941156094], [-52.077866409801906, -32.030399821542765], [-52.077923116169515, -32.03040693523269], [-52.0778808850538, -32.030588689841935], [-52.07785194710924, -32.030606184110674], [-52.07777042783105, -32.030594455027796], [-52.07769931430203, -32.03060047210052], [-52.077699223573774, -32.03061171312088], [-52.077682632055556, -32.03061373953851], [-52.07768104390546, -32.030655358196405], [-52.077662447253296, -32.03066340066273], [-52.07762717624759, -32.03072788531561], [-52.07760936766871, -32.03072907408705], [-52.077577229935095, -32.03084499728311], [-52.07760011843935, -32.0308634312693], [-52.07771462481211, -32.03089684638798], [-52.07772163933111, -32.03090714295256], [-52.077707176788024, -32.03093452753842], [-52.077549578141095, -32.03114776275911], [-52.07742634762378, -32.03111633409305], [-52.07728267648062, -32.03133162471997], [-52.07729321202657, -32.03143191261296], [-52.077268029157814, -32.03148525162744], [-52.07724709139381, -32.03148148730683], [-52.0772362031835, -32.031522030271404], [-52.07724932257218, -32.031524625131595], [-52.07722531547848, -32.031613271621936], [-52.077280930868355, -32.031643822565414], [-52.077245868459016, -32.03174245909417], [-52.07720727640205, -32.03177479370233], [-52.077194452457896, -32.031813720294416], [-52.077206237426985, -32.03185158081987], [-52.077234562574, -32.03188481735357], [-52.077248120623494, -32.03193753854784], [-52.07713235633569, -32.03191979428407], [-52.077138734901965, -32.031891143319704], [-52.0770993412487, -32.03188576762912], [-52.077079344491985, -32.031975967730865], [-52.0771159764501, -32.031983342500745], [-52.07712369612051, -32.03195074696012], [-52.07719139673603, -32.03196337867088], [-52.077177115411, -32.03201260165642], [-52.07709842125456, -32.032012530438884], [-52.077031678924186, -32.0321821882332], [-52.07704857105961, -32.03231618798887], [-52.07708521289367, -32.03237505492172], [-52.077089546377714, -32.03242680804502], [-52.077039525642206, -32.03249698382258], [-52.07694237019338, -32.03256544900249], [-52.07688850894476, -32.03262509367391], [-52.076855356171635, -32.032734042990946], [-52.07682398087332, -32.03278675792658], [-52.07683831692921, -32.03280009560318], [-52.07691486222756, -32.032802900564825], [-52.076948842960036, -32.03283435707537], [-52.07696630252385, -32.0328829315487], [-52.0769667568502, -32.032948134409985], [-52.07703516974231, -32.03302424477584], [-52.077084342032734, -32.03305631926725], [-52.077827329636236, -32.03194361895881], [-52.07784601669878, -32.0319465157657], [-52.07743110966318, -32.03184723361623], [-52.07744269425923, -32.0318138935537], [-52.0782448773804, -32.03200834583508], [-52.078848966740416, -32.03210198977833], [-52.07937606449703, -32.03189703266482], [-52.0798213907129, -32.0314087689505], [-52.08015070017996, -32.03125853872041], [-52.08024500446367, -32.03098143543549], [-52.08019337362684, -32.030945217296974], [-52.07979514656364, -32.03089785846386], [-52.07875932052782, -32.030803596718066], [-52.078396669116344, -32.030754209728855], [-52.07831168903845, -32.03073986996445], [-52.07825697633462, -32.03071503114594], [-52.07822402335969, -32.0306773552281], [-52.07820853287326, -32.03062205881292], [-52.078252549920265, -32.030625936857504], [-52.078273319273016, -32.0306838183194], [-52.07830198950491, -32.03070953126952], [-52.078442900236666, -32.03073623490538], [-52.079209290985034, -32.03081468540127], [-52.079726913215104, -32.030843803888075], [-52.079765035457626, -32.030832004918146], [-52.07978392508559, -32.03081131121708], [-52.07981686223647, -32.03066804957293], [-52.07981453629686, -32.03041863380024], [-52.07975096606378, -32.03017913453939], [-52.07997628700188, -32.02925308105133], [-52.08003310353862, -32.02926078735574], [-52.07981440176467, -32.03011537607582], [-52.079809493038454, -32.030179952770304], [-52.07982420501528, -32.030272429163034], [-52.07988279840195, -32.03039945509195], [-52.07990725815797, -32.03056424023695], [-52.07996890435087, -32.03068495108194], [-52.080111842496954, -32.030831757945975], [-52.0801994542488, -32.0308714724315], [-52.080343716649715, -32.0309011055582], [-52.0812677961083, -32.03097892059104], [-52.08128511044185, -32.03095874591317], [-52.08147892630595, -32.03060827949998], [-52.08168521177733, -32.03013661549813], [-52.081742938340774, -32.02996719823671], [-52.08190381997935, -32.02965167345865], [-52.081937182999326, -32.02962046458856], [-52.08209325612665, -32.029534066877346], [-52.08224996597801, -32.02924166465129], [-52.082183379150344, -32.02921561364265], [-52.082112449341714, -32.02934483604637], [-52.08202013325898, -32.02938729482434], [-52.08196624920307, -32.02938413085399], [-52.08195363783804, -32.02933592435616], [-52.08191786721087, -32.029306637776024], [-52.081931407662104, -32.029253373748055], [-52.08196829410635, -32.0291968938718], [-52.08196618447931, -32.029109335391], [-52.081991282995865, -32.029040101074955], [-52.08189055501819, -32.0290364590258], [-52.0818587563511, -32.029051912781135], [-52.081823661594, -32.02909775954927], [-52.08174165430513, -32.02926694557715], [-52.08169301766675, -32.02931839264065], [-52.08158832601712, -32.02937847287563], [-52.08152313740276, -32.02946773301924], [-52.08149156409689, -32.02949336954267], [-52.081475963602195, -32.02949229377617], [-52.08145437885123, -32.029464088581804], [-52.081461770888026, -32.02937042298199], [-52.08144671630606, -32.02929505409643], [-52.08157614674488, -32.0290756404239], [-52.081577976901514, -32.02905025758177], [-52.08154270513948, -32.02903510534977], [-52.081509739001206, -32.02905574706682], [-52.08148380062574, -32.02905355065007], [-52.08143548050703, -32.02900668336129], [-52.08142318637487, -32.0289598516145], [-52.08147667159761, -32.02887404717141], [-52.08147472152751, -32.02880452943964], [-52.08154523654193, -32.02874322527078], [-52.08158578410669, -32.02868830198138], [-52.08158608186344, -32.028653270648675], [-52.081566941494906, -32.02865282949648], [-52.0815249293723, -32.02869486514942], [-52.081497400160956, -32.02870597033041], [-52.081385013556684, -32.028661778392284], [-52.0813720662946, -32.02861432975355], [-52.08133699923715, -32.028585039706336], [-52.08126131472016, -32.02858039875236], [-52.081250390460305, -32.02860057279439], [-52.081246620361576, -32.02875376458029], [-52.081232041646516, -32.02877925612581], [-52.081198882940136, -32.02879161806718], [-52.08115185120934, -32.02876786066821], [-52.081125627157704, -32.028767479846636], [-52.08109074093496, -32.028813072049445], [-52.08104183283174, -32.02881167578479], [-52.08100385634275, -32.02878621733925], [-52.08097770330998, -32.02873148396475], [-52.08091053094628, -32.028742926965336], [-52.0808507260632, -32.02871806951226], [-52.08080679679576, -32.02848239875169], [-52.080775603535784, -32.02842046437453], [-52.08069144793026, -32.02837346920557], [-52.080547995000764, -32.02834570702336], [-52.080490602360875, -32.02834498725384]]], [[[-52.07318714360994, -32.046781079828605], [-52.07317328756594, -32.046817438451086], [-52.073176938952926, -32.04682015587512], [-52.07318714360994, -32.046781079828605]]], [[[-52.07312007594728, -32.047012617315644], [-52.073107595329446, -32.04700776139189], [-52.07309580145952, -32.047043602632], [-52.07310609444344, -32.04705068723327], [-52.07304934975277, -32.04723266209342], [-52.073037967200904, -32.04722841932066], [-52.07302599450098, -32.047264370320164], [-52.07303625489112, -32.04727138303416], [-52.07298009973123, -32.04743582497066], [-52.07296939407411, -32.04743059316822], [-52.072956050832566, -32.04746891025545], [-52.072966084206975, -32.04747552797], [-52.07290415049518, -32.04766397869047], [-52.072892989418, -32.04765875073665], [-52.072880382224206, -32.047694797302235], [-52.07289202771078, -32.04770159984088], [-52.07282539587408, -32.04788048286667], [-52.072811878501305, -32.04787755717362], [-52.072801379172674, -32.04791271084998], [-52.07281229887204, -32.047919943527056], [-52.07278555149846, -32.04800136835735], [-52.07285957959273, -32.04802610000618], [-52.07212841291353, -32.050229055847744], [-52.07215910292456, -32.050234939597296], [-52.07216871717463, -32.05022285126255], [-52.07219121271566, -32.05024267868673], [-52.072195961179055, -32.050267482484486], [-52.07217033480895, -32.05032705773538], [-52.072020731754336, -32.05029419643784], [-52.07201695195973, -32.05030704731253], [-52.07200117701353, -32.05030402335773], [-52.07199035715593, -32.05033807910462], [-52.072005065051464, -32.05034133761105], [-52.07192368891925, -32.05058500769741], [-52.0719088308206, -32.05058158807346], [-52.07189723062156, -32.05061867246137], [-52.071912770304046, -32.05062149995479], [-52.07185237941483, -32.050797271530996], [-52.07183776256361, -32.05079365139617], [-52.0718256857923, -32.0508298377023], [-52.07184052881597, -32.050832869557865], [-52.0717384989547, -32.051144832085264], [-52.07172100423364, -32.05114148885999], [-52.07171122967451, -32.0511761852586], [-52.071725844269295, -32.051179606963146], [-52.07163388998522, -32.05145367700557], [-52.071619499970026, -32.05145044283446], [-52.071607245165715, -32.05148590893985], [-52.07162262173341, -32.05148927008735], [-52.071506378588666, -32.05183873579265], [-52.07149268059254, -32.05183490036906], [-52.0714790016195, -32.05187268788799], [-52.07149499229665, -32.051875114691086], [-52.071394168214496, -32.05217166780505], [-52.07137994639605, -32.05216833295524], [-52.071365048001326, -32.05221056010161], [-52.07159407714595, -32.05225365711071], [-52.07160116100752, -32.05223437337531], [-52.07180798789854, -32.05228191562986], [-52.071820979816025, -32.0523369333747], [-52.07188598127362, -32.0524420652415], [-52.0719347963332, -32.052434408527986], [-52.07196648225558, -32.052416630712266], [-52.07220108876831, -32.05224490642649], [-52.072223003775456, -32.052179489875186], [-52.07223083730031, -32.05206464886294], [-52.07231494612906, -32.051832746014995], [-52.07237453233277, -32.05171279720648], [-52.07202324522708, -32.05220699123026], [-52.071787103527065, -32.05214216460086], [-52.07314921962384, -32.04692629974544], [-52.07312007594728, -32.047012617315644]]], [[[-52.07251283024917, -32.05151823838927], [-52.07261320444677, -32.05153985307413], [-52.07278996622437, -32.0516215853248], [-52.07284002247697, -32.05163410686044], [-52.07293340531212, -32.05163886438198], [-52.07302008040709, -32.051627034792006], [-52.07373924055775, -32.05134250483229], [-52.07305555034897, -32.05158013806961], [-52.07252501355907, -32.05150109879364], [-52.07251283024917, -32.05151823838927]]], [[[-52.0741295184338, -32.05120685422046], [-52.074215289478936, -32.051198497283956], [-52.07426748978575, -32.051191983561324], [-52.07418863990502, -32.051186305108565], [-52.0741295184338, -32.05120685422046]]], [[[-52.0743976161952, -32.051201354744414], [-52.07453186411808, -32.0512264584875], [-52.0745790773752, -32.05121442285215], [-52.0743976161952, -32.051201354744414]]], [[[-52.07490015669819, -32.05123754569961], [-52.0754263005117, -32.051344030919104], [-52.07560872964892, -32.05135411112585], [-52.07580802128587, -32.051295379790766], [-52.07594742173548, -32.05123184314646], [-52.07616002255002, -32.051109901496936], [-52.07564139399662, -32.05129092664246], [-52.07490015669819, -32.05123754569961]]], [[[-52.07764917408632, -32.05059011932951], [-52.07782045513157, -32.05057524706075], [-52.077879240099215, -32.050551698438625], [-52.07797362466404, -32.050554341837056], [-52.078119535154954, -32.05047533051174], [-52.07820304385995, -32.0504745480385], [-52.07821563233367, -32.050483119198525], [-52.07819152328824, -32.05066362777313], [-52.07821005934608, -32.05066543669], [-52.0782344653438, -32.05043980235028], [-52.07814565262619, -32.05042002590488], [-52.07878437721737, -32.04849464338886], [-52.0787462103863, -32.04842454024367], [-52.077848888881704, -32.050520409708504], [-52.07764917408632, -32.05059011932951]]]]}}, {"id": "177", "type": "Feature", "properties": {"numero": null, "area": 2756.528121622745}, "geometry": {"type": "Polygon", "coordinates": [[[-52.128953365514604, -32.054803377618924], [-52.12835032708711, -32.05471860419862], [-52.128920154675406, -32.0549483664497], [-52.128993457301526, -32.05482089235571], [-52.128953365514604, -32.054803377618924]]]}}, {"id": "178", "type": "Feature", "properties": {"numero": null, "area": 6117.166710972786}, "geometry": {"type": "Polygon", "coordinates": [[[-52.132367533180634, -32.05544212340863], [-52.13299988560178, -32.05561537779492], [-52.13305878901359, -32.05551160214215], [-52.13282322110556, -32.055553920499314], [-52.13245590997524, -32.05529605736205], [-52.132367533180634, -32.05544212340863]]]}}, {"id": "179", "type": "Feature", "properties": {"numero": null, "area": 3334.481468154583}, "geometry": {"type": "Polygon", "coordinates": [[[-52.13241008783719, -32.04373338104565], [-52.13200505583318, -32.04344335754139], [-52.13165275691332, -32.04404726574022], [-52.132088315977306, -32.04424087972774], [-52.13241008783719, -32.04373338104565]]]}}, {"id": "180", "type": "Feature", "properties": {"numero": "00065", "area": 9358.913314490113}, "geometry": {"type": "MultiPolygon", "coordinates": [[[[-52.156286350808905, -32.05406544277638], [-52.15615183986581, -32.05401773191607], [-52.156042180909935, -32.05397580387368], [-52.15618043225414, -32.05427241178915], [-52.156286350808905, -32.05406544277638]]], [[[-52.15549500384713, -32.053768603496344], [-52.15536520995828, -32.053717569117794], [-52.15526394013348, -32.05391015589647], [-52.15535141338403, -32.05393058098498], [-52.15549500384713, -32.053768603496344]]]]}}, {"id": "181", "type": "Feature", "properties": {"numero": "NULL16", "area": 11002.079244825014}, "geometry": {"type": "Polygon", "coordinates": [[[-52.08674165843187, -32.03643544061031], [-52.08666311995989, -32.036432849648676], [-52.08674286096234, -32.03657370766934], [-52.08674165843187, -32.03643544061031]]]}}, {"id": "182", "type": "Feature", "properties": {"numero": null, "area": 3922.6953184343874}, "geometry": {"type": "Polygon", "coordinates": [[[-52.131928868471604, -32.04338784404034], [-52.131464004319504, -32.043160350598136], [-52.131086325972866, -32.043803081566445], [-52.1315559981705, -32.044004101524834], [-52.131928868471604, -32.04338784404034]]]}}, {"id": "183", "type": "Feature", "properties": {"numero": "00033", "area": 10469.703983950385}, "geometry": {"type": "Polygon", "coordinates": [[[-52.0904299466935, -32.03298315367459], [-52.0905709656087, -32.0334873164553], [-52.09060082489995, -32.03354312544211], [-52.09075026066777, -32.03409376575777], [-52.091419810398506, -32.0339729897888], [-52.09069310628418, -32.03367125029393], [-52.09063031758424, -32.033337672390665], [-52.090998935019094, -32.033000383121596], [-52.09141973550867, -32.03290963992921], [-52.09141247273868, -32.03283482351607], [-52.09138926384997, -32.03282386504374], [-52.09129055544491, -32.03283706841933], [-52.0904299466935, -32.03298315367459]]]}}, {"id": "184", "type": "Feature", "properties": {"numero": "NULL27", "area": 9688.406137176002}, "geometry": {"type": "MultiPolygon", "coordinates": [[[[-52.16790395240688, -32.05809580831655], [-52.16793705582995, -32.05808422712691], [-52.167955376809395, -32.058048166152545], [-52.16783873542044, -32.05807020350077], [-52.16790395240688, -32.05809580831655]]], [[[-52.168279100001755, -32.05740705952397], [-52.168255772883306, -32.05737939092704], [-52.16751841705841, -32.05711623796612], [-52.16783082051044, -32.05732439792859], [-52.168279100001755, -32.05740705952397]]]]}}, {"id": "185", "type": "Feature", "properties": {"numero": null, "area": 36365.76552398974}, "geometry": {"type": "Polygon", "coordinates": [[[-52.087998606567986, -32.03171152431381], [-52.086825473305154, -32.031600453199964], [-52.08670244062474, -32.03284485422668], [-52.0873167772067, -32.03286891911364], [-52.08730706236462, -32.032984102393996], [-52.08668142993626, -32.032956970356196], [-52.086491838103846, -32.034838359587624], [-52.08768660587542, -32.03460329239306], [-52.08782411535762, -32.03307306026981], [-52.087568929790045, -32.03305654051904], [-52.08758585867314, -32.032882624913], [-52.08787785132459, -32.03289534074934], [-52.087998606567986, -32.03171152431381]]]}}, {"id": "186", "type": "Feature", "properties": {"numero": "NULL22", "area": 7629.534403708938}, "geometry": {"type": "Polygon", "coordinates": [[[-52.08738983749947, -32.03489847918383], [-52.087103612857305, -32.03727491233054], [-52.08710546288149, -32.0372988293008], [-52.08712318101682, -32.0373105039669], [-52.08742054280563, -32.03724712496146], [-52.087426741493616, -32.03719723052232], [-52.08741741062518, -32.0372007565916], [-52.087396546937995, -32.037173836315915], [-52.087431019431165, -32.036816415510636], [-52.08746551076232, -32.036811798595394], [-52.08748151130221, -32.03671759891294], [-52.08768873625374, -32.03484484722528], [-52.08767841837776, -32.03483652812197], [-52.08738983749947, -32.03489847918383]]]}}, {"id": "187", "type": "Feature", "properties": {"numero": "00529", "area": 6865.353865502708}, "geometry": {"type": "Polygon", "coordinates": [[[-52.09881609294082, -32.04255967399533], [-52.09868644349691, -32.04203709841981], [-52.09750869044462, -32.04225873832529], [-52.097638538793085, -32.04278697324273], [-52.09873505926017, -32.04258880067652], [-52.09881609294082, -32.04255967399533]]]}}, {"id": "188", "type": "Feature", "properties": {"numero": "00532", "area": 6844.187355166534}, "geometry": {"type": "Polygon", "coordinates": [[[-52.09810589069836, -32.04469907420519], [-52.09924805082869, -32.04448379586617], [-52.099260230750154, -32.04447304537892], [-52.099128847418505, -32.04394673872716], [-52.097958297828605, -32.04417062652269], [-52.0980801996578, -32.0446884099445], [-52.09810589069836, -32.04469907420519]]]}}, {"id": "189", "type": "Feature", "properties": {"numero": "522", "area": 7355.859129888035}, "geometry": {"type": "Polygon", "coordinates": [[[-52.097818713693556, -32.04408740736953], [-52.097688323433026, -32.04355555604128], [-52.09650253302163, -32.04377368662755], [-52.09649891992543, -32.044339317286486], [-52.097818713693556, -32.04408740736953]]]}}, {"id": "190", "type": "Feature", "properties": {"numero": "NULL17", "area": 9324.354301784188}, "geometry": {"type": "MultiPolygon", "coordinates": [[[[-52.15468111857269, -32.05346934330719], [-52.15423606264769, -32.05330189465037], [-52.15419055793635, -32.053390422524075], [-52.15468111857269, -32.05346934330719]]], [[[-52.15517207832666, -32.053650336509904], [-52.15504005963178, -32.05360255589839], [-52.15490339996363, -32.05355187658448], [-52.15506618433946, -32.05384841228001], [-52.15517207832666, -32.053650336509904]]]]}}, {"id": "191", "type": "Feature", "properties": {"numero": null, "area": 13074.726298101972}, "geometry": {"type": "Polygon", "coordinates": [[[-52.09626991065349, -32.04581936353467], [-52.09519041334441, -32.04602290509572], [-52.09515215502313, -32.04758236200164], [-52.09538079397018, -32.0475832037535], [-52.09538685569466, -32.04710865448687], [-52.096247143847854, -32.04695555967763], [-52.096255891445956, -32.04647627198304], [-52.09540548747893, -32.04662455974119], [-52.09540859813643, -32.046541132047956], [-52.09626100941363, -32.046382784429916], [-52.09626991065349, -32.04581936353467]]]}}, {"id": "192", "type": "Feature", "properties": {"numero": null, "area": 4703.885315591469}, "geometry": {"type": "MultiPolygon", "coordinates": [[[[-52.11853915910833, -32.05057808638464], [-52.11858982916193, -32.05060041266999], [-52.11858358958975, -32.05050524936422], [-52.11853915910833, -32.05057808638464]]], [[[-52.11868529264695, -32.05067597765942], [-52.1189329239662, -32.050779802644115], [-52.11902524359664, -32.05081599926652], [-52.118654607125684, -32.05064049866192], [-52.11868529264695, -32.05067597765942]]], [[[-52.11945295260039, -32.050962668785345], [-52.11945555854505, -32.050958380391165], [-52.11944743171598, -32.05096034540598], [-52.11945295260039, -32.050962668785345]]]]}}, {"id": "193", "type": "Feature", "properties": {"numero": null, "area": 10475.317947574891}, "geometry": {"type": "Polygon", "coordinates": [[[-52.12001574034079, -32.036025719317124], [-52.119442053092115, -32.03576539437116], [-52.11932359412048, -32.03597975917854], [-52.11892823791251, -32.03583705042127], [-52.11853193706556, -32.03656315076098], [-52.11950005882994, -32.03692750545024], [-52.12001574034079, -32.036025719317124]]]}}, {"id": "194", "type": "Feature", "properties": {"numero": "NULL24", "area": 8444.214121536017}, "geometry": {"type": "Polygon", "coordinates": [[[-52.08480061377952, -32.04928229264602], [-52.084913711057254, -32.04924077502356], [-52.08494540884505, -32.049206359117406], [-52.084963612943014, -32.04912708885644], [-52.084930624356815, -32.04860056998929], [-52.084909417115085, -32.048515971833034], [-52.084881035139276, -32.04848308951094], [-52.08485224814514, -32.048467945998986], [-52.083912935683536, -32.048659000144205], [-52.08397307470063, -32.04890868425544], [-52.0840127256555, -32.04890558474208], [-52.0840217181181, -32.04894691438392], [-52.083957029758885, -32.04895644349652], [-52.08396720515621, -32.04900378005583], [-52.083955656327475, -32.049005259031645], [-52.08400806011337, -32.049233079123596], [-52.0841357426167, -32.049434121433094], [-52.08415610208711, -32.049443266028455], [-52.08430094238332, -32.04944835990353], [-52.08461154057132, -32.04943688007845], [-52.08464937825379, -32.04942011999432], [-52.0846390860126, -32.04937189141574], [-52.08470448893409, -32.049368147340346], [-52.084709298377696, -32.049352048748034], [-52.08480061377952, -32.04928229264602]]]}}, {"id": "195", "type": "Feature", "properties": {"numero": null, "area": 11430.439415373374}, "geometry": {"type": "Polygon", "coordinates": [[[-52.12354516376259, -32.0530258877419], [-52.122627499922814, -32.0526551842983], [-52.12208760369347, -32.05362582828902], [-52.12251802068622, -32.05377235660855], [-52.12256133967742, -32.053693948111864], [-52.122912849701635, -32.053836701256586], [-52.12270204108594, -32.05420530174067], [-52.122851715842366, -32.05426505126621], [-52.12354516376259, -32.0530258877419]]]}}, {"id": "196", "type": "Feature", "properties": {"numero": null, "area": 6689.91318506669}, "geometry": {"type": "Polygon", "coordinates": [[[-52.094820720942835, -32.04188826225799], [-52.09336321464769, -32.04215398555049], [-52.093367711009286, -32.04245025054458], [-52.094816938167575, -32.04247094256825], [-52.094820720942835, -32.04188826225799]]]}}, {"id": "197", "type": "Feature", "properties": {"numero": null, "area": 4622.36196716578}, "geometry": {"type": "Polygon", "coordinates": [[[-52.09480625257365, -32.04255558930127], [-52.09337259368269, -32.042533102938904], [-52.093380180861324, -32.04284345095971], [-52.09480115846073, -32.04286438672101], [-52.09480625257365, -32.04255558930127]]]}}, {"id": "198", "type": "Feature", "properties": {"numero": null, "area": 4587.70220755483}, "geometry": {"type": "Polygon", "coordinates": [[[-52.09480039124061, -32.04294318979189], [-52.093382315703764, -32.04292056904416], [-52.09338992271943, -32.043232576838925], [-52.094794322785695, -32.04325199560801], [-52.09480039124061, -32.04294318979189]]]}}, {"id": "199", "type": "Feature", "properties": {"numero": null, "area": 3821.2062596865}, "geometry": {"type": "Polygon", "coordinates": [[[-52.16994896462898, -32.0589767986268], [-52.16904888796248, -32.05862721468144], [-52.16885607583338, -32.058955979502734], [-52.1697463402148, -32.059308304185556], [-52.16994896462898, -32.0589767986268]]]}}, {"id": "200", "type": "Feature", "properties": {"numero": null, "area": 4410.892537442094}, "geometry": {"type": "Polygon", "coordinates": [[[-52.094791487068015, -32.0434026100027], [-52.09457333958908, -32.04333145528757], [-52.09339305659611, -32.043311761258195], [-52.09339770122049, -32.04362047465399], [-52.09478264007749, -32.0436417212872], [-52.094791487068015, -32.0434026100027]]]}}, {"id": "201", "type": "Feature", "properties": {"numero": null, "area": 4433.878784367465}, "geometry": {"type": "Polygon", "coordinates": [[[-52.094786081512474, -32.043721058615894], [-52.093402155272486, -32.04370312323233], [-52.09340968356763, -32.044008491807226], [-52.09477516105194, -32.04403156626205], [-52.094786081512474, -32.043721058615894]]]}}, {"id": "202", "type": "Feature", "properties": {"numero": null, "area": 4398.25482526538}, "geometry": {"type": "Polygon", "coordinates": [[[-52.094778325188564, -32.04411318843202], [-52.093412866225314, -32.04409177383286], [-52.093419981452534, -32.044403370818145], [-52.09477174976747, -32.04442033860801], [-52.094778325188564, -32.04411318843202]]]}}, {"id": "203", "type": "Feature", "properties": {"numero": null, "area": 4221.679205924855}, "geometry": {"type": "Polygon", "coordinates": [[[-52.094759661571516, -32.04491926223587], [-52.09343606830881, -32.04489582653027], [-52.09344362653722, -32.04520368473326], [-52.09475645686055, -32.045223063337524], [-52.094759661571516, -32.04491926223587]]]}}, {"id": "204", "type": "Feature", "properties": {"numero": null, "area": 4187.128862796293}, "geometry": {"type": "Polygon", "coordinates": [[[-52.09475072505819, -32.04530434732659], [-52.093442489725916, -32.045282231602336], [-52.09345199677852, -32.04559007297613], [-52.09474536506821, -32.045611279456025], [-52.09475072505819, -32.04530434732659]]]}}, {"id": "205", "type": "Feature", "properties": {"numero": null, "area": 4114.412510717288}, "geometry": {"type": "Polygon", "coordinates": [[[-52.0947465842475, -32.045693229646545], [-52.09345514380238, -32.0456703466016], [-52.09345975939197, -32.045976570184], [-52.094738527455014, -32.045998732579186], [-52.0947465842475, -32.045693229646545]]]}}, {"id": "206", "type": "Feature", "properties": {"numero": null, "area": 4061.1002665638225}, "geometry": {"type": "Polygon", "coordinates": [[[-52.094735930984925, -32.04610763616416], [-52.09346594806555, -32.046086228156184], [-52.0934725420685, -32.046394922786625], [-52.094727874210015, -32.04641313728536], [-52.094735930984925, -32.04610763616416]]]}}, {"id": "207", "type": "Feature", "properties": {"numero": null, "area": 3979.775539015194}, "geometry": {"type": "Polygon", "coordinates": [[[-52.09472727688256, -32.046497623835286], [-52.093479718532166, -32.04647409858046], [-52.09347986964698, -32.046781242455964], [-52.09472126142479, -32.04680109341676], [-52.09472727688256, -32.046497623835286]]]}}, {"id": "208", "type": "Feature", "properties": {"numero": null, "area": 3861.03101352253}, "geometry": {"type": "Polygon", "coordinates": [[[-52.0947224579139, -32.04688306712658], [-52.09348636645513, -32.04686325420975], [-52.09349257634637, -32.04716703414248], [-52.09471501463029, -32.04717909861309], [-52.0947224579139, -32.04688306712658]]]}}, {"id": "209", "type": "Feature", "properties": {"numero": null, "area": 3019.068159352289}, "geometry": {"type": "Polygon", "coordinates": [[[-52.09491812593994, -32.04340917030543], [-52.09490472813936, -32.04406791944993], [-52.094893003756226, -32.04464438725788], [-52.095121108187726, -32.04460456064364], [-52.09515769424318, -32.04336285332398], [-52.09491812593994, -32.04340917030543]]]}}, {"id": "210", "type": "Feature", "properties": {"numero": null, "area": 2980.6409614969743}, "geometry": {"type": "Polygon", "coordinates": [[[-52.09488522244454, -32.044742290837924], [-52.09487889969698, -32.04532320207248], [-52.09487178326202, -32.04597703790902], [-52.09509745998227, -32.04593907591852], [-52.0951205594314, -32.04469792690535], [-52.09488522244454, -32.044742290837924]]]}}, {"id": "211", "type": "Feature", "properties": {"numero": "NULL97", "area": 61252.098653272034}, "geometry": {"type": "Polygon", "coordinates": [[[-52.107061061298715, -32.05041804047685], [-52.109129717802745, -32.04803646347304], [-52.10979982636858, -32.04724069791199], [-52.108683881066035, -32.04667604795453], [-52.10853352513141, -32.046612707405316], [-52.10789708371119, -32.04727971593163], [-52.10643918828963, -32.048866681349025], [-52.106673689730314, -32.04903231743472], [-52.106022299997974, -32.04973633292887], [-52.106191013419206, -32.050036112192636], [-52.10630641976573, -32.050140566220236], [-52.106973368885505, -32.05046100657664], [-52.107003006164184, -32.050462849640546], [-52.107061061298715, -32.05041804047685]]]}}, {"id": "212", "type": "Feature", "properties": {"numero": "NULL88", "area": 33252.058322758756}, "geometry": {"type": "Polygon", "coordinates": [[[-52.11490455979274, -32.031698334203696], [-52.11481789862902, -32.03170928090587], [-52.114757273696156, -32.03169280028391], [-52.11473553912796, -32.031675833394424], [-52.11469738483559, -32.03157973416141], [-52.114721132772864, -32.03148055581401], [-52.11458139950854, -32.03148043104135], [-52.11445868774989, -32.03145001729021], [-52.11440539040695, -32.0314256057642], [-52.11438370305732, -32.031437009495335], [-52.11436869686171, -32.031492052310604], [-52.11434477447323, -32.03149728726059], [-52.114077529819646, -32.03183737350931], [-52.11338593737525, -32.03298602318816], [-52.11294374103532, -32.03376665098336], [-52.11289387697666, -32.0339412303544], [-52.112779286182224, -32.03416307959217], [-52.11264898216246, -32.03436941515773], [-52.11265216596702, -32.03440500218633], [-52.11365697396249, -32.03477937507511], [-52.11368744058938, -32.03477315359798], [-52.1145210929023, -32.0333304948338], [-52.11451028315346, -32.03331409943856], [-52.11418692941307, -32.03317681789977], [-52.11418259626835, -32.03315917478802], [-52.114273354373495, -32.032959121047185], [-52.11492222268109, -32.03181624594875], [-52.11490455979274, -32.031698334203696]]]}}, {"id": "213", "type": "Feature", "properties": {"numero": "00222", "area": 11177.308700211346}, "geometry": {"type": "Polygon", "coordinates": [[[-52.11116072903844, -32.03419480535055], [-52.11017845861757, -32.03382613972699], [-52.109667458558846, -32.03469871904339], [-52.110622195012894, -32.03510612581856], [-52.11116072903844, -32.03419480535055]]]}}, {"id": "214", "type": "Feature", "properties": {"numero": "NULL97", "area": 39393.74792590082}, "geometry": {"type": "Polygon", "coordinates": [[[-52.11091549759509, -32.047772887031364], [-52.11040888565482, -32.04751649823479], [-52.110393064418524, -32.04752548642581], [-52.11023649711113, -32.04773057905745], [-52.11022778990093, -32.047793667005074], [-52.1101187392012, -32.04792708643494], [-52.11010431299209, -32.0479253003205], [-52.1100804716101, -32.04795341106134], [-52.10962869169883, -32.04850783707351], [-52.109776340308784, -32.04861139558322], [-52.10972334766139, -32.04867176797933], [-52.10956962468105, -32.048577427916385], [-52.10900590380339, -32.049235409344426], [-52.10901028300783, -32.04926039528419], [-52.10914714820232, -32.04934363433041], [-52.10910936313398, -32.04938983673038], [-52.10906580051398, -32.04936449901805], [-52.10904848860952, -32.04938341416583], [-52.10893626617375, -32.049313860790676], [-52.10789810915914, -32.05053745410496], [-52.107900979646466, -32.05055855619645], [-52.10805772342793, -32.050644139499454], [-52.10801664477168, -32.05069574688626], [-52.107783743557945, -32.050566112042105], [-52.107761549042884, -32.050592124110594], [-52.10753765466987, -32.05046274386645], [-52.107580515781756, -32.050406096358934], [-52.1078115764471, -32.05053775033707], [-52.109516190812464, -32.048545943247085], [-52.109351576727384, -32.04844957830502], [-52.107870432028676, -32.05016207060185], [-52.10784738665342, -32.05017635380087], [-52.107805271065686, -32.050177055659894], [-52.10776826944949, -32.05014419077558], [-52.10777176496368, -32.050107282378065], [-52.10780530209732, -32.050081171177844], [-52.10784315616826, -32.05008720916793], [-52.107918309342104, -32.05000576023537], [-52.109280319170416, -32.048441965728166], [-52.10927634920547, -32.04842368783836], [-52.10912929133051, -32.0483646422016], [-52.10902813437602, -32.048303534947514], [-52.109000159678295, -32.04830775795689], [-52.107124488691, -32.05046049862982], [-52.107061061298715, -32.05041804047685], [-52.107003006164184, -32.050462849640546], [-52.107029067466094, -32.05047471017643], [-52.10698101173832, -32.050531890001544], [-52.1070136545037, -32.050578378810364], [-52.10697501953973, -32.05064913415193], [-52.10697243337736, -32.05068154212924], [-52.10702071689597, -32.05070309561039], [-52.107026142426214, -32.0506936212808], [-52.107070719775336, -32.05070558170321], [-52.10719429582323, -32.05066771470068], [-52.10729321569592, -32.050683665752196], [-52.10737010386143, -32.050714531474924], [-52.107542867788545, -32.05081550059851], [-52.10756790846136, -32.050798015605984], [-52.10766055866635, -32.05082280760423], [-52.107669728515795, -32.050811144509076], [-52.10776625244662, -32.05086030438117], [-52.10778677549501, -32.050840612598456], [-52.10787287543332, -32.050890522021795], [-52.1078850389422, -32.050877660016134], [-52.10795979464578, -32.05091875578446], [-52.1079871443405, -32.05087402515229], [-52.10808066729666, -32.050938700067945], [-52.10832906238634, -32.05061727523365], [-52.10831702442344, -32.05061066886796], [-52.10834320618926, -32.05056045458416], [-52.10825986259707, -32.05050546961829], [-52.10825774956838, -32.05048394594727], [-52.10832386110527, -32.0503887646829], [-52.10832963020755, -32.05035508395431], [-52.1083723787117, -32.05030583438932], [-52.108667884501244, -32.05020055505203], [-52.10882590443063, -32.05017062137928], [-52.10896658631629, -32.05009159356741], [-52.10902435843827, -32.05008752482361], [-52.10902710944093, -32.050107482266235], [-52.109053976993636, -32.05011153216622], [-52.109144364333716, -32.05009494919529], [-52.11091549759509, -32.047772887031364]]]}}, {"id": "215", "type": "Feature", "properties": {"numero": "NULL48", "area": 936.1782653927803}, "geometry": {"type": "Polygon", "coordinates": [[[-52.09255148675303, -32.04185457567283], [-52.093197752469116, -32.04174040830721], [-52.09290096611008, -32.041516213034406], [-52.09255148675303, -32.04185457567283]]]}}, {"id": "216", "type": "Feature", "properties": {"numero": "00318", "area": 9451.551161323208}, "geometry": {"type": "Polygon", "coordinates": [[[-52.122485688867016, -32.05259602883894], [-52.121574157488325, -32.05222504653314], [-52.12107988005598, -32.05314334896181], [-52.12124758635048, -32.05320882313645], [-52.12126183890014, -32.05318234396053], [-52.12128914008975, -32.05319300258089], [-52.12130479995014, -32.053163908789976], [-52.12126829569171, -32.053149657210675], [-52.12128835288853, -32.05311239379364], [-52.121240743416614, -32.05309380662083], [-52.1212472044745, -32.053081802899605], [-52.121579772240636, -32.05303400808976], [-52.12171900910441, -32.0532600991834], [-52.12194734633111, -32.05356254733595], [-52.122485688867016, -32.05259602883894]]]}}, {"id": "217", "type": "Feature", "properties": {"numero": "00317", "area": 15240.838328745216}, "geometry": {"type": "Polygon", "coordinates": [[[-52.121038747853, -32.05204824081799], [-52.121053882248525, -32.05201810605597], [-52.120932676233565, -32.05196650419697], [-52.12086295494811, -32.0519377410193], [-52.12073842281738, -32.05191908559909], [-52.12030949981945, -32.05174415598907], [-52.1197815591313, -32.05268924608488], [-52.11990279619946, -32.05274000901137], [-52.11980917538285, -32.05291450928338], [-52.12077254799986, -32.05329259506045], [-52.12139315692291, -32.05219116873509], [-52.121038747853, -32.05204824081799]]]}}, {"id": "218", "type": "Feature", "properties": {"numero": "00315", "area": 12209.769338775428}, "geometry": {"type": "Polygon", "coordinates": [[[-52.118600944601475, -32.05240762399252], [-52.11922975830419, -32.05127700255641], [-52.118380487105476, -32.050930540258484], [-52.117602442188605, -32.052423058622715], [-52.11774394343982, -32.05247967258648], [-52.11778453271704, -32.052409257861456], [-52.117899361458115, -32.05246343246504], [-52.11814870907886, -32.05197054000709], [-52.1183037944996, -32.052036246137305], [-52.118500149755924, -32.05209281386218], [-52.11839458236842, -32.05235449255727], [-52.118600944601475, -32.05240762399252]]]}}, {"id": "219", "type": "Feature", "properties": {"numero": "00243", "area": 100737.97503796592}, "geometry": {"type": "Polygon", "coordinates": [[[-52.110481408427646, -32.04689383735767], [-52.1102328073058, -32.04707189548135], [-52.11030755603861, -32.047110715865315], [-52.110481408427646, -32.04689383735767]]]}}, {"id": "220", "type": "Feature", "properties": {"numero": "NULL56", "area": 14862.69101392159}, "geometry": {"type": "Polygon", "coordinates": [[[-52.11364300769681, -32.03509800265906], [-52.113594016750596, -32.03517978818842], [-52.11377539016981, -32.0352581153758], [-52.113945260861435, -32.03519849647682], [-52.11366748255839, -32.03509108506982], [-52.11364300769681, -32.03509800265906]]]}}, {"id": "221", "type": "Feature", "properties": {"numero": "00008", "area": 14018.90513575403}, "geometry": {"type": "Polygon", "coordinates": [[[-52.08948125885932, -32.0318439299182], [-52.088341325878744, -32.03174999606828], [-52.08819979712398, -32.03289385256048], [-52.088218762362615, -32.03291520927706], [-52.08832051835567, -32.03292230608686], [-52.08937248737474, -32.03297552821682], [-52.08948125885932, -32.0318439299182]]]}}, {"id": "222", "type": "Feature", "properties": {"numero": "NULL14", "area": 3904.1404605265707}, "geometry": {"type": "Polygon", "coordinates": [[[-52.09200010703264, -32.04174523067093], [-52.09224036483938, -32.04181469517144], [-52.0929181178141, -32.04115759860157], [-52.09229127811496, -32.040973958230026], [-52.09200010703264, -32.04174523067093]]]}}, {"id": "223", "type": "Feature", "properties": {"numero": "00663", "area": 3896.237627136521}, "geometry": {"type": "Polygon", "coordinates": [[[-52.143156396001565, -32.04750989314754], [-52.14267093973518, -32.04734844467888], [-52.1425162268004, -32.04807809473923], [-52.14299014274533, -32.04822743825303], [-52.143156396001565, -32.04750989314754]]]}}, {"id": "224", "type": "Feature", "properties": {"numero": "NULL70", "area": 1697.1131815160043}, "geometry": {"type": "Polygon", "coordinates": [[[-52.10593891531822, -32.02953472867218], [-52.105743384981885, -32.030590036143856], [-52.10575239711604, -32.030600638452555], [-52.10595677168545, -32.03062922081199], [-52.10600813763678, -32.02959010942195], [-52.10598597756213, -32.02955078157371], [-52.10593891531822, -32.02953472867218]]]}}, {"id": "225", "type": "Feature", "properties": {"numero": null, "area": 27565.787202768028}, "geometry": {"type": "Polygon", "coordinates": [[[-52.114837818224125, -32.0351806211778], [-52.1156738956043, -32.033770126477926], [-52.11530232568043, -32.03361641428428], [-52.11594292334042, -32.03245125041204], [-52.1153353951365, -32.032194782386796], [-52.11385129575481, -32.03480970534341], [-52.114837818224125, -32.0351806211778]]]}}, {"id": "226", "type": "Feature", "properties": {"numero": null, "area": 18930.143177462276}, "geometry": {"type": "Polygon", "coordinates": [[[-52.11661174232566, -32.03409023482711], [-52.116707527686856, -32.03392175085609], [-52.11621268912452, -32.033734242283096], [-52.11612335514621, -32.033895401457045], [-52.11588872654783, -32.03380104918627], [-52.11502980413667, -32.035250506949836], [-52.11504787148703, -32.03525734104812], [-52.11550023087454, -32.035176128370715], [-52.11585563574524, -32.035373470974974], [-52.11585794371105, -32.035563752888756], [-52.1160012018097, -32.03561793986775], [-52.11683941038207, -32.03419675979079], [-52.11661174232566, -32.03409023482711]]]}}, {"id": "227", "type": "Feature", "properties": {"numero": "00000", "area": 4436.88186544925}, "geometry": {"type": "Polygon", "coordinates": [[[-52.13997653345871, -32.0476241238097], [-52.140251025685906, -32.047143423619424], [-52.13917613829938, -32.04697188303221], [-52.13903156318833, -32.047212858355905], [-52.13997653345871, -32.0476241238097]]]}}, {"id": "228", "type": "Feature", "properties": {"numero": "NULL40", "area": 36379.2577510681}, "geometry": {"type": "Polygon", "coordinates": [[[-52.13993817776826, -32.048673657210955], [-52.141253818317516, -32.04922645693356], [-52.141279435806396, -32.04922869802723], [-52.14130257972289, -32.04921512058889], [-52.141828797424765, -32.0481274969581], [-52.14208053249981, -32.04750955785135], [-52.14215465742709, -32.04729338834005], [-52.14223171524656, -32.04716158341228], [-52.14222318172811, -32.04714649607682], [-52.14198352929271, -32.047093753756144], [-52.14160663554007, -32.04707197109128], [-52.140504987731966, -32.04709724130951], [-52.140451999775664, -32.04712126274772], [-52.13988660894248, -32.04807287106526], [-52.13993817776826, -32.048673657210955]]]}}, {"id": "229", "type": "Feature", "properties": {"numero": null, "area": 29913.48096792726}, "geometry": {"type": "MultiPolygon", "coordinates": [[[[-52.11612363048071, -32.04956957228813], [-52.11600154030922, -32.0496341855945], [-52.1160737197482, -32.04965998647752], [-52.11612363048071, -32.04956957228813]]], [[[-52.11406051958312, -32.04888303839344], [-52.11418523485065, -32.04893383354798], [-52.11412449856895, -32.048766188702416], [-52.11406051958312, -32.04888303839344]]]]}}, {"id": "230", "type": "Feature", "properties": {"numero": "00018", "area": 5462.159217405002}, "geometry": {"type": "MultiPolygon", "coordinates": [[[[-52.098984581396266, -32.03100739962041], [-52.09896983567287, -32.0309957264702], [-52.0987807370188, -32.030992981301814], [-52.09898082638369, -32.03105115604771], [-52.098984581396266, -32.03100739962041]]], [[[-52.09831749181511, -32.03099450346479], [-52.09820235133003, -32.03099628543793], [-52.0981964286439, -32.03099651950035], [-52.09831749181511, -32.03099450346479]]], [[[-52.09788102253199, -32.03100158630095], [-52.097878221662, -32.03100181852387], [-52.09788104241116, -32.031001771550606], [-52.09788102253199, -32.03100158630095]]]]}}, {"id": "231", "type": "Feature", "properties": {"numero": "NULL27", "area": 9521.544097830789}, "geometry": {"type": "Polygon", "coordinates": [[[-52.15231893018935, -32.04928670604961], [-52.15212773322387, -32.04971905862566], [-52.15196819851397, -32.05003937176043], [-52.15197002579968, -32.050067707967955], [-52.15300179428607, -32.050451784155406], [-52.153315507226786, -32.04984404015717], [-52.15333388516188, -32.04985250494667], [-52.15335769232033, -32.04980652554436], [-52.15327515913069, -32.04974155052653], [-52.153154876145706, -32.04970080573678], [-52.15310571692692, -32.049698898484806], [-52.153050161503636, -32.04971398169996], [-52.15291837746512, -32.04968180294442], [-52.15285375367309, -32.049678159897184], [-52.15282526792309, -32.049651617762784], [-52.152832680135496, -32.04953825637264], [-52.152810730979404, -32.04950506949831], [-52.15269483914805, -32.04941915256526], [-52.15260323956327, -32.04937673913058], [-52.152520430464364, -32.04928863582868], [-52.152472234998925, -32.04927402710172], [-52.152355214329674, -32.04927462190823], [-52.15231893018935, -32.04928670604961]]]}}, {"id": "232", "type": "Feature", "properties": {"numero": "00066", "area": 9422.180539657827}, "geometry": {"type": "Polygon", "coordinates": [[[-52.15715598322472, -32.05481246534469], [-52.15714547796921, -32.05480846623818], [-52.15718856664128, -32.054722611446955], [-52.15720068347134, -32.05472718642316], [-52.157342224523354, -32.054451855572914], [-52.156406179249856, -32.05410593361579], [-52.15627271771094, -32.05436834069493], [-52.15696727750339, -32.054517245924266], [-52.1571327644973, -32.05485891881887], [-52.15715598322472, -32.05481246534469]]]}}, {"id": "233", "type": "Feature", "properties": {"numero": null, "area": 25200.514823470265}, "geometry": {"type": "Polygon", "coordinates": [[[-52.152242561614536, -32.04911097675867], [-52.1514706077685, -32.04881590477183], [-52.15135925196984, -32.04903714849984], [-52.15054390151476, -32.04881888731038], [-52.150158467165255, -32.04868762410476], [-52.15021472366776, -32.04857732737431], [-52.150078374363424, -32.04852975677832], [-52.15011201790955, -32.04846168929092], [-52.14985937043255, -32.048368031275146], [-52.14939805701219, -32.0492986698926], [-52.15174754570699, -32.05012282631768], [-52.152242561614536, -32.04911097675867]]]}}, {"id": "234", "type": "Feature", "properties": {"numero": null, "area": 20994.73419017438}, "geometry": {"type": "Polygon", "coordinates": [[[-52.149773429212495, -32.04854140779486], [-52.14953785270031, -32.048452444737286], [-52.14954556189989, -32.04843615821967], [-52.14944544377067, -32.04839942855981], [-52.149435891151974, -32.04842094594181], [-52.14933922032988, -32.04838644546872], [-52.1493143488349, -32.0484424686618], [-52.14911537007627, -32.04837145421307], [-52.149144952020265, -32.04829821122344], [-52.14884802919933, -32.04820904301255], [-52.14880660797843, -32.048301595046055], [-52.14870531937105, -32.048271176025146], [-52.14734064474899, -32.04780330076165], [-52.14716098190562, -32.04821565378477], [-52.14711596422116, -32.04820113064425], [-52.14707774423034, -32.0482888517683], [-52.14710055592631, -32.04829621104486], [-52.147008329554914, -32.048507885045396], [-52.14939805701219, -32.0492986698926], [-52.149773429212495, -32.04854140779486]]]}}, {"id": "235", "type": "Feature", "properties": {"numero": null, "area": 6884.466061849147}, "geometry": {"type": "MultiPolygon", "coordinates": [[[[-52.11626257805984, -32.049738777615396], [-52.11634776043916, -32.04977168737813], [-52.116302133784856, -32.04966816812679], [-52.11626257805984, -32.049738777615396]]], [[[-52.11709091346159, -32.05005879733788], [-52.1172391876973, -32.05011608091092], [-52.11724804887037, -32.05010111013261], [-52.11709091346159, -32.05005879733788]]]]}}, {"id": "236", "type": "Feature", "properties": {"numero": "00000", "area": 14847.297477819957}, "geometry": {"type": "Polygon", "coordinates": [[[-52.14710055592631, -32.04829621104486], [-52.14707774423034, -32.0482888517683], [-52.14711596422116, -32.04820113064425], [-52.14716098190562, -32.04821565378477], [-52.14734064474899, -32.04780330076165], [-52.14730762561341, -32.04779218713453], [-52.14725392925914, -32.047906769237315], [-52.146749990116696, -32.04777182699155], [-52.146787188088155, -32.04767348007028], [-52.14667789023874, -32.04764534050105], [-52.14665563164479, -32.04770477074535], [-52.14655759273379, -32.04767953089867], [-52.14656728402589, -32.04765365532232], [-52.14646699172974, -32.0476278325445], [-52.146458291474474, -32.04765106216329], [-52.146251948254054, -32.047596489426915], [-52.14623419370879, -32.04764389317738], [-52.14594880354743, -32.04756635243416], [-52.14599634042051, -32.047439432470995], [-52.14539577258707, -32.047276255142364], [-52.145416563148956, -32.047220747552636], [-52.14529110009236, -32.047187491486426], [-52.14521689578776, -32.04738780124986], [-52.14513589951267, -32.04736579103631], [-52.144960849915975, -32.047838321294655], [-52.147008329554914, -32.048507885045396], [-52.14710055592631, -32.04829621104486]]]}}, {"id": "237", "type": "Feature", "properties": {"numero": null, "area": 8847.924854527228}, "geometry": {"type": "Polygon", "coordinates": [[[-52.084462662097785, -32.0328458896269], [-52.084429235239554, -32.03280653381808], [-52.08440999905505, -32.03273732535748], [-52.08458910087013, -32.031392063034396], [-52.08420470099916, -32.03135864109832], [-52.08399807356936, -32.03307530020953], [-52.08434860130126, -32.032823548833925], [-52.08460532027416, -32.03294680370541], [-52.084462662097785, -32.0328458896269]]]}}, {"id": "238", "type": "Feature", "properties": {"numero": null, "area": 93966.75633987784}, "geometry": {"type": "MultiPolygon", "coordinates": [[[[-52.080758384836756, -32.0310644833602], [-52.081173435400515, -32.03131371792001], [-52.08233311991934, -32.03153770721325], [-52.08284747765077, -32.031917551887354], [-52.083047305163205, -32.03223325771899], [-52.0830553669145, -32.032918131630964], [-52.08352913947445, -32.0331813785547], [-52.08383022350917, -32.033151776255224], [-52.08404898308482, -32.03134882326669], [-52.080758384836756, -32.0310644833602]]], [[[-52.080517445300224, -32.03104366382523], [-52.08049882313135, -32.03109972582155], [-52.08060510830475, -32.03105123876711], [-52.080517445300224, -32.03104366382523]]]]}}, {"id": "239", "type": "Feature", "properties": {"numero": "NULL66", "area": 2170.8710680840304}, "geometry": {"type": "Polygon", "coordinates": [[[-52.09336711755764, -32.04744837803712], [-52.09334049587194, -32.0462944902858], [-52.093152057443206, -32.04629385285241], [-52.09319598918667, -32.04744643326474], [-52.09336711755764, -32.04744837803712]]]}}, {"id": "240", "type": "Feature", "properties": {"numero": "NULL66", "area": 5057.190333097184}, "geometry": {"type": "Polygon", "coordinates": [[[-52.09293539773883, -32.047539989459466], [-52.09294921840699, -32.04771540276231], [-52.09311478118119, -32.047670278484034], [-52.09304222341275, -32.04620825082308], [-52.09265788879569, -32.0462838116081], [-52.09273571166669, -32.047194214421836], [-52.09290816848986, -32.047158193146984], [-52.09291890063195, -32.047273156481275], [-52.092742728166705, -32.047284219470576], [-52.09276161751857, -32.04755559956454], [-52.09293539773883, -32.047539989459466]]]}}, {"id": "241", "type": "Feature", "properties": {"numero": "NULL98", "area": 30349.50877661579}, "geometry": {"type": "Polygon", "coordinates": [[[-52.082834815750445, -32.04887451648965], [-52.079448205056984, -32.049554133698386], [-52.079515506860325, -32.04987899450482], [-52.079522416811386, -32.04996864987864], [-52.07949588683642, -32.05001580325515], [-52.07935542017528, -32.050065740090886], [-52.079355955324175, -32.050157344173186], [-52.079311847405364, -32.050159794589334], [-52.07930832218384, -32.05010130513319], [-52.07929197825379, -32.05008862540181], [-52.07923492933239, -32.05009759091495], [-52.07923456345417, -32.05011605107384], [-52.0791526657085, -32.05012952212917], [-52.07915959685236, -32.05016776644799], [-52.07890039665686, -32.05018935428784], [-52.07889472559287, -32.0501318324208], [-52.079125100510915, -32.05009931982079], [-52.07947529523084, -32.04999037721158], [-52.079491238360504, -32.04995908402618], [-52.07948672513679, -32.049867873109214], [-52.07942579048851, -32.049572898892215], [-52.07940612789183, -32.04956262898809], [-52.078468691185364, -32.0497503253691], [-52.07843596345634, -32.04979107219826], [-52.0782344653438, -32.05043980235028], [-52.07825574891904, -32.05044468210616], [-52.078236109388065, -32.05052670607418], [-52.07845930231192, -32.05053288114836], [-52.07848751004847, -32.050521247578956], [-52.078503545745804, -32.05048868952876], [-52.07853751294784, -32.05048406139611], [-52.07855108036683, -32.05063748402514], [-52.078512246262584, -32.05064077335361], [-52.07851470341438, -32.05069222649053], [-52.07857556002638, -32.05069269196579], [-52.078550060237134, -32.050484604148764], [-52.07859135384344, -32.050477892949836], [-52.07860088367848, -32.05042707753898], [-52.07869581177693, -32.05033792671097], [-52.07880191692784, -32.050335670560514], [-52.078920750746995, -32.0503512217605], [-52.07893560167922, -32.05040907356377], [-52.078948211104674, -32.05041310688986], [-52.07898418883561, -32.05040831718795], [-52.07900766636359, -32.05037630915969], [-52.079036758393585, -32.05037054063751], [-52.0793074985792, -32.05041463082713], [-52.07934149974268, -32.050437263765694], [-52.07942755123456, -32.05045368901517], [-52.07940558722769, -32.05051626554687], [-52.07937595643102, -32.05051493918542], [-52.07935515227688, -32.05053917544473], [-52.07938439996132, -32.05056380641238], [-52.07942603017284, -32.05051810315289], [-52.07944531688298, -32.05045664096298], [-52.07945745238595, -32.05046541431844], [-52.07948038749145, -32.05044766406295], [-52.079569619789154, -32.05044000302124], [-52.07957381528173, -32.05046264617596], [-52.079598549132214, -32.050460072006004], [-52.079593873652456, -32.05043624216338], [-52.07965803529225, -32.05042682799938], [-52.079651825209865, -32.05032462743867], [-52.079777342692225, -32.05031672935644], [-52.07977626475719, -32.05022494046566], [-52.07982750872946, -32.05022043544749], [-52.079766938317924, -32.050131570987894], [-52.07979614255905, -32.050024431940706], [-52.07988251744135, -32.049926828219796], [-52.079944970953356, -32.04990007199098], [-52.07999877687661, -32.049895472910315], [-52.080076494852435, -32.04991122900337], [-52.0801473141597, -32.049942027777035], [-52.08026328343933, -32.049954498895666], [-52.08064893784745, -32.04978075015217], [-52.08068228158581, -32.049783487930014], [-52.080690934994465, -32.04980510072642], [-52.08071577614549, -32.04981257486073], [-52.08075088828211, -32.049767513113196], [-52.080758530709694, -32.04986441507323], [-52.08077251137437, -32.04986345691459], [-52.08076347896345, -32.04976454609471], [-52.08081254377758, -32.04975309502169], [-52.08096973631085, -32.04980247989649], [-52.081270471601485, -32.049796099023965], [-52.081422395600995, -32.04974512414832], [-52.081440845416644, -32.04980985505327], [-52.08154054634346, -32.04979088115123], [-52.08158925255671, -32.04977416455363], [-52.081600343158605, -32.04975352902273], [-52.08158254422978, -32.04967750727259], [-52.081627296297874, -32.0496947254515], [-52.08166983708544, -32.04975716689194], [-52.081718699460964, -32.049753727876386], [-52.08181928824504, -32.04971480067098], [-52.08185328202986, -32.04965215715095], [-52.081868630333894, -32.049586497355875], [-52.08189561384549, -32.049560899900634], [-52.08197220666355, -32.04953594348173], [-52.08199646318598, -32.049489232996635], [-52.08202818375958, -32.04955026016348], [-52.08211687193427, -32.04960445922274], [-52.082325548984414, -32.04965987998723], [-52.08243768941433, -32.049674619026185], [-52.08249757827249, -32.04964512301446], [-52.0825614314221, -32.049519618333505], [-52.08266173472863, -32.049491581292685], [-52.082703677361486, -32.0494429063883], [-52.08284381372735, -32.04942722156147], [-52.082923221946125, -32.04943180245015], [-52.08300911762344, -32.049452114670615], [-52.08322330490043, -32.0494645738195], [-52.083207874240095, -32.04935772524288], [-52.08317534284992, -32.04931244701193], [-52.083056392071086, -32.04932107716207], [-52.08305263394283, -32.0492960668816], [-52.082975761157805, -32.04929990809884], [-52.0829391637951, -32.049287104182284], [-52.082834815750445, -32.04887451648965]]]}}, {"id": "242", "type": "Feature", "properties": {"numero": "1037", "area": 7349.279487557859}, "geometry": {"type": "Polygon", "coordinates": [[[-52.094801944869054, -32.048050844731826], [-52.094792540415426, -32.04805092595508], [-52.09479506944668, -32.04809520634354], [-52.09478085380516, -32.04809418344896], [-52.09477240080847, -32.04831296206671], [-52.09475781546103, -32.048366294008616], [-52.09473156037562, -32.04837813707041], [-52.09473890086518, -32.048435655619386], [-52.09479241711604, -32.04842898793016], [-52.094857338602196, -32.04848665890979], [-52.094870435339445, -32.048546706969546], [-52.09491979018487, -32.048558044075236], [-52.09493991395698, -32.04860958775447], [-52.095083144650495, -32.04860079305747], [-52.095070363328205, -32.04787062265503], [-52.09511326153962, -32.046033328524324], [-52.09509883491431, -32.04602078763751], [-52.09485693645115, -32.04606347171454], [-52.09484010330818, -32.04608187564959], [-52.094814864699615, -32.04745197191541], [-52.09479684657754, -32.04763330571866], [-52.094801944869054, -32.048050844731826]]]}}, {"id": "243", "type": "Feature", "properties": {"numero": "NULL25", "area": 910.5200880355551}, "geometry": {"type": "Polygon", "coordinates": [[[-52.12400638985384, -32.03966182904993], [-52.12401258522156, -32.039621494819805], [-52.12386114157001, -32.03956342669071], [-52.12400638985384, -32.03966182904993]]]}}, {"id": "244", "type": "Feature", "properties": {"numero": "NULL90", "area": 8372.873489700258}, "geometry": {"type": "Polygon", "coordinates": [[[-52.16733483699164, -32.05929117447497], [-52.16795327489005, -32.05953383536474], [-52.16831198224541, -32.059652206541415], [-52.168704927386656, -32.05900993229074], [-52.167737264729865, -32.05861834850759], [-52.16733483699164, -32.05929117447497]]]}}, {"id": "245", "type": "Feature", "properties": {"numero": "NULL22", "area": 7640.656801373156}, "geometry": {"type": "Polygon", "coordinates": [[[-52.08387077295595, -32.04866735330182], [-52.08332998108182, -32.048775501609754], [-52.083469058257876, -32.04925609929866], [-52.083453590450056, -32.04925937984903], [-52.08330422950815, -32.04878064717269], [-52.0828594261292, -32.04886959727512], [-52.08297645486681, -32.04927427341385], [-52.083136575796495, -32.04925752444322], [-52.0832358203128, -32.04929429408684], [-52.083264930837885, -32.0494681602875], [-52.08337756315721, -32.04946622342273], [-52.083381686783326, -32.049491681619465], [-52.08344679123726, -32.049491359714075], [-52.08345445499628, -32.0495628670872], [-52.08350109944059, -32.049556388213716], [-52.08350423266503, -32.04956970353964], [-52.08364872849926, -32.04958869349309], [-52.08375689977699, -32.0495820944683], [-52.08376265563671, -32.049602243349185], [-52.083886874976876, -32.04961372948992], [-52.083909867215525, -32.04964045164653], [-52.084071173635394, -32.04963347917248], [-52.0840476517822, -32.04946840599988], [-52.08400318065898, -32.04929356177174], [-52.08394755910135, -32.049270781194735], [-52.083819569006316, -32.04929519497543], [-52.08379745023841, -32.04919968897397], [-52.08396665220205, -32.04915992984826], [-52.08391890154353, -32.04884701964181], [-52.08388418699367, -32.04868214135164], [-52.08387077295595, -32.04866735330182]]]}}, {"id": "246", "type": "Feature", "properties": {"numero": "0129", "area": 3482.423939702101}, "geometry": {"type": "Polygon", "coordinates": [[[-52.0916985178964, -32.03754967270133], [-52.091807312380055, -32.0379275583404], [-52.09262817929648, -32.03774278384356], [-52.09253244385545, -32.037368043979775], [-52.0916985178964, -32.03754967270133]]]}}, {"id": "247", "type": "Feature", "properties": {"numero": "00001", "area": 10850.419699683785}, "geometry": {"type": "Polygon", "coordinates": [[[-52.099034700731636, -32.030019827991865], [-52.098411357620655, -32.030065341678835], [-52.097679316104724, -32.03010173044805], [-52.09776400202206, -32.03087744663509], [-52.09898931104313, -32.03086141390948], [-52.099034700731636, -32.030019827991865]]]}}, {"id": "248", "type": "Feature", "properties": {"numero": "525", "area": 10190.36397933442}, "geometry": {"type": "Polygon", "coordinates": [[[-52.0982553804383, -32.04599978356363], [-52.098137539412484, -32.045467344378444], [-52.096481309430374, -32.04578090602111], [-52.0964640960159, -32.04579932376846], [-52.09645255249564, -32.046331369239354], [-52.09646858716989, -32.046341335849284], [-52.096812811629455, -32.046285921310606], [-52.09698162883491, -32.04624292337411], [-52.09722470437315, -32.04619652539622], [-52.09722699488453, -32.04620733674535], [-52.097311430468594, -32.04619053516536], [-52.09730901139405, -32.046180432991335], [-52.09764474790534, -32.04612603175747], [-52.0982553804383, -32.04599978356363]]]}}, {"id": "249", "type": "Feature", "properties": {"numero": "00019", "area": 2662.225716069923}, "geometry": {"type": "Polygon", "coordinates": [[[-52.09972148616905, -32.03115339394473], [-52.09956678010267, -32.031109990580795], [-52.09956942701696, -32.03109747884898], [-52.099265914837765, -32.03103272517124], [-52.09908873888861, -32.03101566652692], [-52.099083167440945, -32.03108091107746], [-52.0996784249394, -32.03125397851531], [-52.09972148616905, -32.03115339394473]]]}}, {"id": "250", "type": "Feature", "properties": {"numero": "NULL25", "area": 11484.55900143326}, "geometry": {"type": "Polygon", "coordinates": [[[-52.08726959180109, -32.03878443724998], [-52.08728085266421, -32.03854053345364], [-52.08727657182433, -32.03850611699726], [-52.087271504194256, -32.03850244108072], [-52.08697657702705, -32.038590893646074], [-52.08695826378844, -32.038608823013355], [-52.086941380099546, -32.03867027270026], [-52.08678299444775, -32.04029967152204], [-52.086929178727104, -32.04043605039958], [-52.08727927752977, -32.038528576491416], [-52.087063494184854, -32.04018431039724], [-52.087066717288955, -32.04045702978027], [-52.087229895050164, -32.03894799066563], [-52.087244352138676, -32.03895273714109], [-52.08726959180109, -32.03878443724998]]]}}, {"id": "251", "type": "Feature", "properties": {"numero": "NULL26", "area": 8885.19297755137}, "geometry": {"type": "Polygon", "coordinates": [[[-52.15786993213997, -32.0547121817137], [-52.15751687208973, -32.05453477415978], [-52.157250085084215, -32.054997288255926], [-52.15786993213997, -32.0547121817137]]]}}, {"id": "252", "type": "Feature", "properties": {"numero": "NULL27", "area": 11626.88641305943}, "geometry": {"type": "Polygon", "coordinates": [[[-52.15908477594637, -32.05399195663313], [-52.1590762419451, -32.053972901294244], [-52.158885620925325, -32.05388279328721], [-52.157989836881185, -32.053537450432465], [-52.15790539848099, -32.053646157237466], [-52.15762915390824, -32.054158498251255], [-52.15753999345917, -32.05435577931605], [-52.15753956381589, -32.054384749434035], [-52.157937667534576, -32.05453910449785], [-52.15790451689028, -32.05417457353485], [-52.158096863305325, -32.05387211397728], [-52.15908477594637, -32.05399195663313]]]}}, {"id": "253", "type": "Feature", "properties": {"numero": "00052", "area": 12382.001048231381}, "geometry": {"type": "Polygon", "coordinates": [[[-52.102845257613886, -32.031228340508065], [-52.10307687100138, -32.03000463067166], [-52.10271943286439, -32.02995990809804], [-52.10272214924221, -32.02994456651806], [-52.10250130828086, -32.02991785734522], [-52.10249785366918, -32.02993201005467], [-52.102135900971206, -32.029886761051614], [-52.10208033142754, -32.03021114474044], [-52.102050131874925, -32.0302080471492], [-52.10203531960709, -32.03029963144081], [-52.102060543072255, -32.03030243387178], [-52.10202454397442, -32.0304928275449], [-52.102000730557656, -32.03049052457161], [-52.10199489744691, -32.03052654775984], [-52.102018004271386, -32.03052881671259], [-52.101918682768634, -32.03109144565829], [-52.10194285068948, -32.03112094149683], [-52.102845257613886, -32.031228340508065]]]}}, {"id": "254", "type": "Feature", "properties": {"numero": "0137", "area": 3835.9696032861248}, "geometry": {"type": "Polygon", "coordinates": [[[-52.095908098262896, -32.038019244895025], [-52.09582860879407, -32.03771034483807], [-52.09469999809787, -32.037944467262896], [-52.09478456799695, -32.03824935117164], [-52.095908098262896, -32.038019244895025]]]}}, {"id": "255", "type": "Feature", "properties": {"numero": "NULL26", "area": 7917.6337524056435}, "geometry": {"type": "Polygon", "coordinates": [[[-52.092845055503204, -32.0409514742709], [-52.093055738565205, -32.041016756007274], [-52.09326611747248, -32.04081672664781], [-52.093209242852915, -32.04076628788677], [-52.092845055503204, -32.0409514742709]]]}}, {"id": "256", "type": "Feature", "properties": {"numero": "NULL12", "area": 4375.889364464616}, "geometry": {"type": "Polygon", "coordinates": [[[-52.16179674941147, -32.05599278340629], [-52.16177367049699, -32.05595020874472], [-52.16077151986069, -32.05564779931654], [-52.16075145449223, -32.05565676945877], [-52.16062872733857, -32.05588892815295], [-52.1606378854815, -32.05591207315666], [-52.160784271801376, -32.055985555235644], [-52.16106460110211, -32.05588305436361], [-52.16161716337935, -32.05614528187263], [-52.16161950890442, -32.05633089069853], [-52.16179674941147, -32.05599278340629]]]}}, {"id": "257", "type": "Feature", "properties": {"numero": "00224", "area": 8019.6381919188425}, "geometry": {"type": "Polygon", "coordinates": [[[-52.111633699045484, -32.03573691446622], [-52.11071568773157, -32.035348813395096], [-52.11068010291241, -32.03540926539651], [-52.11138946585562, -32.03581363918219], [-52.111633699045484, -32.03573691446622]]]}}, {"id": "258", "type": "Feature", "properties": {"numero": "NULL28", "area": 52666.262804666534}, "geometry": {"type": "Polygon", "coordinates": [[[-52.10900774627694, -32.03299515514876], [-52.11056751189366, -32.030349926371294], [-52.11144393759679, -32.02890158746529], [-52.11049323355326, -32.02840407280614], [-52.10978657711459, -32.02960185131498], [-52.10974923375641, -32.029711349040866], [-52.1089148241267, -32.03112493260592], [-52.10881921676565, -32.03125691169293], [-52.10803127137212, -32.03264334539691], [-52.10900774627694, -32.03299515514876]]]}}, {"id": "259", "type": "Feature", "properties": {"numero": "NULL29", "area": 10611.430008526891}, "geometry": {"type": "Polygon", "coordinates": [[[-52.09453988847752, -32.03732276096134], [-52.09467373173711, -32.037831953423414], [-52.09579943526585, -32.03759743212952], [-52.09575451441279, -32.03740557797502], [-52.09528625450636, -32.03730695035369], [-52.0947187503081, -32.0374120870224], [-52.09453988847752, -32.03732276096134]]]}}, {"id": "260", "type": "Feature", "properties": {"numero": "551553", "area": 2656.697694826871}, "geometry": {"type": "MultiPolygon", "coordinates": [[[[-52.13019468844098, -32.05546652814978], [-52.13032456748364, -32.05523016818498], [-52.130284470965925, -32.055219359871344], [-52.13010318278022, -32.05542977039358], [-52.13019468844098, -32.05546652814978]]], [[[-52.129014304280076, -32.0549887770751], [-52.12906196810816, -32.05500902925469], [-52.12904224587325, -32.05493591776998], [-52.129014304280076, -32.0549887770751]]]]}}, {"id": "261", "type": "Feature", "properties": {"numero": "NULL27", "area": 96079.77372192455}, "geometry": {"type": "Polygon", "coordinates": [[[-52.144816964797634, -32.047991021489445], [-52.14479464844032, -32.04800209328285], [-52.14395287995081, -32.04965235816257], [-52.14396081405794, -32.049690411849284], [-52.145993856129174, -32.04913746450706], [-52.146623119802975, -32.04926541963756], [-52.14655050218764, -32.04973383665357], [-52.145973368221, -32.05064116454849], [-52.145191355220106, -32.05084870087957], [-52.14515462623708, -32.05104950134693], [-52.14570794846358, -32.05137861549725], [-52.14641484577268, -32.05143904679797], [-52.14690611767314, -32.05045433052964], [-52.147627383165656, -32.04891946540835], [-52.14762673791042, -32.04889831712837], [-52.144816964797634, -32.047991021489445]]]}}, {"id": "262", "type": "Feature", "properties": {"numero": "NULL27", "area": 8988.123376578093}, "geometry": {"type": "Polygon", "coordinates": [[[-52.09385317834104, -32.03799714767604], [-52.093647593092776, -32.03712625055684], [-52.09270966264089, -32.03733359552503], [-52.09290131530461, -32.03819506032813], [-52.09385317834104, -32.03799714767604]]]}}, {"id": "263", "type": "Feature", "properties": {"numero": "00405", "area": 8191.3122807741165}, "geometry": {"type": "Polygon", "coordinates": [[[-52.12901255277515, -32.04211941026907], [-52.128050617876745, -32.041709938755034], [-52.12775834209827, -32.042206317963775], [-52.127864312044125, -32.04228364791483], [-52.128177679495614, -32.04224744800753], [-52.12849432594875, -32.04247851068113], [-52.128565667508035, -32.042739067192976], [-52.12863960156802, -32.042769109674595], [-52.12901255277515, -32.04211941026907]]]}}, {"id": "264", "type": "Feature", "properties": {"numero": "00024", "area": 2811.6542957480997}, "geometry": {"type": "Polygon", "coordinates": [[[-52.12831447377388, -32.04565442149577], [-52.12858912975203, -32.045166368680825], [-52.128153287006285, -32.04498103712295], [-52.12786378150347, -32.04547157037122], [-52.12831447377388, -32.04565442149577]]]}}, {"id": "265", "type": "Feature", "properties": {"numero": "NULL10", "area": 3483.148978367746}, "geometry": {"type": "Polygon", "coordinates": [[[-52.12458074316695, -32.03935556919137], [-52.12431827908175, -32.03922677695158], [-52.12425645552662, -32.039335459847926], [-52.124192232723125, -32.039331031719016], [-52.124181409016416, -32.0393786863701], [-52.12416633903279, -32.039382193849875], [-52.12413092807126, -32.03943799596549], [-52.124044887730136, -32.039616373171], [-52.124065795134285, -32.03963642188625], [-52.124502968711724, -32.039824502672296], [-52.124521562756456, -32.039820774452714], [-52.124565759815894, -32.03974125027761], [-52.124580848999436, -32.03974883839948], [-52.12445826808758, -32.039967966121644], [-52.124587333048694, -32.04005540465333], [-52.124625481632165, -32.03998039923479], [-52.12464087941256, -32.03997944173231], [-52.124662253484985, -32.039916375812034], [-52.12471228795538, -32.039835284277004], [-52.12484628913643, -32.03963932318821], [-52.12488210378686, -32.039562868247785], [-52.12464579526546, -32.03945467409963], [-52.124661788891444, -32.039431429459675], [-52.12456437503776, -32.039379367423955], [-52.12458074316695, -32.03935556919137]]]}}, {"id": "266", "type": "Feature", "properties": {"numero": "00081", "area": 10039.237177132862}, "geometry": {"type": "Polygon", "coordinates": [[[-52.152908728823625, -32.05055842883323], [-52.15193480842551, -32.0501882818904], [-52.15177108536345, -32.0505237980633], [-52.15213301528522, -32.05068556031294], [-52.1522552969561, -32.05105197420598], [-52.15202119934525, -32.051154336272454], [-52.152036314038085, -32.05121530940606], [-52.152097741317824, -32.05123816330844], [-52.15209344203021, -32.05124648485904], [-52.15247695479553, -32.051391746385065], [-52.152908728823625, -32.05055842883323]]]}}, {"id": "267", "type": "Feature", "properties": {"numero": "00541", "area": 10342.05631598062}, "geometry": {"type": "Polygon", "coordinates": [[[-52.10017278725616, -32.04132415987439], [-52.100232601816124, -32.041566954891415], [-52.10076667670736, -32.04147181195595], [-52.10031720152963, -32.04143985375205], [-52.10017278725616, -32.04132415987439]]]}}, {"id": "268", "type": "Feature", "properties": {"numero": "00084", "area": 10285.945100774989}, "geometry": {"type": "Polygon", "coordinates": [[[-52.155195659665594, -32.05141310264708], [-52.15477491730176, -32.05225831134839], [-52.15573343513393, -32.05261936272656], [-52.15619801755437, -32.05178121376896], [-52.155195659665594, -32.05141310264708]]]}}, {"id": "269", "type": "Feature", "properties": {"numero": "NULL15", "area": 10004.224929785356}, "geometry": {"type": "Polygon", "coordinates": [[[-52.09659581462135, -32.03834589750446], [-52.09720446229078, -32.03822231442032], [-52.097296261034344, -32.03810815782082], [-52.096517842009135, -32.03757235786872], [-52.0964153180617, -32.0375924461949], [-52.09659581462135, -32.03834589750446]]]}}, {"id": "270", "type": "Feature", "properties": {"numero": "0107", "area": 4072.16527122166}, "geometry": {"type": "Polygon", "coordinates": [[[-52.0942306757705, -32.03684906832373], [-52.094161781031076, -32.03658010182764], [-52.09364847652047, -32.036469088391506], [-52.093632849178135, -32.036451708918385], [-52.09374430919002, -32.03695000141377], [-52.0942306757705, -32.03684906832373]]]}}, {"id": "271", "type": "Feature", "properties": {"numero": "0205", "area": 10783.393332543783}, "geometry": {"type": "Polygon", "coordinates": [[[-52.1099871922881, -32.033748903361], [-52.109005942214104, -32.03337346066882], [-52.10893777439037, -32.033486653183175], [-52.108950363144395, -32.03349075231481], [-52.108919361313994, -32.03354715478873], [-52.108519261351034, -32.034212358223165], [-52.10905809081272, -32.034451834189426], [-52.10949264125864, -32.03462583476685], [-52.1099871922881, -32.033748903361]]]}}, {"id": "272", "type": "Feature", "properties": {"numero": "NULL33", "area": 10963.107302558607}, "geometry": {"type": "MultiPolygon", "coordinates": [[[[-52.10423951975141, -32.03226307327739], [-52.104231648380775, -32.03230112382831], [-52.10451893604582, -32.03229862230119], [-52.10423951975141, -32.03226307327739]]], [[[-52.10493085758822, -32.032351826154496], [-52.10511220401341, -32.03242710117892], [-52.10507103732705, -32.032369986852764], [-52.10493085758822, -32.032351826154496]]]]}}, {"id": "273", "type": "Feature", "properties": {"numero": "NULL36", "area": 1245.9483174927045}, "geometry": {"type": "Polygon", "coordinates": [[[-52.12203912375829, -32.03854616687728], [-52.12208209141457, -32.0384803269594], [-52.122054218160564, -32.038443948402524], [-52.121541799315324, -32.03818893931372], [-52.12153404990151, -32.03820046453418], [-52.12147056440636, -32.03817227722158], [-52.12203912375829, -32.03854616687728]]]}}, {"id": "274", "type": "Feature", "properties": {"numero": "0174", "area": 4270.099605584517}, "geometry": {"type": "MultiPolygon", "coordinates": [[[[-52.09508086942308, -32.04087782897289], [-52.0956991179559, -32.04101572375517], [-52.09575832149, -32.040855654191], [-52.09515997059633, -32.04068234029825], [-52.09508086942308, -32.04087782897289]]], [[[-52.0948297889263, -32.04146310821219], [-52.09513420516084, -32.0413980903798], [-52.09535852393064, -32.04133634199335], [-52.09486394492932, -32.04137984332892], [-52.0948297889263, -32.04146310821219]]]]}}, {"id": "275", "type": "Feature", "properties": {"numero": "00000", "area": 4008.169748891145}, "geometry": {"type": "Polygon", "coordinates": [[[-52.12545506572977, -32.05343603449468], [-52.125775427828614, -32.05356847159581], [-52.12584869640068, -32.05345604951602], [-52.12545506572977, -32.05343603449468]]]}}, {"id": "276", "type": "Feature", "properties": {"numero": "01112", "area": 3674.7262756451964}, "geometry": {"type": "Polygon", "coordinates": [[[-52.128295883772374, -32.04700824849841], [-52.1283641713685, -32.04688634926216], [-52.12796331636984, -32.046716517225974], [-52.12799807317385, -32.04679301827718], [-52.128295883772374, -32.04700824849841]]]}}, {"id": "277", "type": "Feature", "properties": {"numero": "00014", "area": 3756.1901111602783}, "geometry": {"type": "Polygon", "coordinates": [[[-52.127703544061234, -32.04560046961988], [-52.127651228037564, -32.045577843762295], [-52.12768209363614, -32.04563662196523], [-52.127703544061234, -32.04560046961988]]]}}, {"id": "278", "type": "Feature", "properties": {"numero": "528", "area": 4008.986279271019}, "geometry": {"type": "Polygon", "coordinates": [[[-52.09798836397558, -32.04145369430936], [-52.09811084858438, -32.04196825128621], [-52.09813781775754, -32.0420308244286], [-52.09865345165491, -32.04193513894297], [-52.09864273267427, -32.04189379613055], [-52.09865527281029, -32.041891464504076], [-52.09858248781154, -32.041577810110454], [-52.098560113948956, -32.041505375143906], [-52.098546196014944, -32.04150805338261], [-52.098494527525965, -32.0412957572188], [-52.09798836397558, -32.04145369430936]]]}}, {"id": "279", "type": "Feature", "properties": {"numero": "NULL37", "area": 1255.2519261511916}, "geometry": {"type": "Polygon", "coordinates": [[[-52.10669187528764, -32.02676379932906], [-52.106418981468515, -32.02706422662872], [-52.10638860852804, -32.02721107441311], [-52.10673468350537, -32.02724599687373], [-52.1067672477856, -32.02695914149461], [-52.106734799696895, -32.02674319052453], [-52.10669187528764, -32.02676379932906]]]}}, {"id": "280", "type": "Feature", "properties": {"numero": null, "area": 8842.209197780117}, "geometry": {"type": "Polygon", "coordinates": [[[-52.16908315685532, -32.060585982489584], [-52.1690499419834, -32.06063781836297], [-52.169050151424706, -32.06065428409365], [-52.16908315685532, -32.060585982489584]]]}}, {"id": "281", "type": "Feature", "properties": {"numero": null, "area": 7374.886827152222}, "geometry": {"type": "Polygon", "coordinates": [[[-52.1696867284619, -32.059400296708276], [-52.168792940212654, -32.05905371210506], [-52.168407454291575, -32.05969793229046], [-52.16929114246854, -32.06003887950814], [-52.16958533411253, -32.05954677434899], [-52.1696867284619, -32.059400296708276]]]}}, {"id": "282", "type": "Feature", "properties": {"numero": "NULL41", "area": 1290.4210097561115}, "geometry": {"type": "Polygon", "coordinates": [[[-52.0995419972209, -32.04501939584708], [-52.099868892992376, -32.04446808213238], [-52.09986053167556, -32.044449968302956], [-52.099444560474836, -32.044528000039094], [-52.09942408164139, -32.04454168211258], [-52.09952422035663, -32.04500926607583], [-52.0995419972209, -32.04501939584708]]]}}, {"id": "283", "type": "Feature", "properties": {"numero": "0102", "area": 11730.61726550525}, "geometry": {"type": "Polygon", "coordinates": [[[-52.0889124961366, -32.037056026472825], [-52.08770552934533, -32.03728807946011], [-52.087611108745755, -32.0380909961494], [-52.087972466731365, -32.038194042757155], [-52.08880663659022, -32.038015549251945], [-52.0889124961366, -32.037056026472825]]]}}, {"id": "284", "type": "Feature", "properties": {"numero": "NULL43", "area": 13040.28496086634}, "geometry": {"type": "Polygon", "coordinates": [[[-52.09887790683057, -32.04635842461678], [-52.09906316708193, -32.04634373805333], [-52.09906458717848, -32.04633583235105], [-52.099189302074215, -32.04631900932411], [-52.09919393205619, -32.046333312593895], [-52.099131607873375, -32.04634805207997], [-52.098869160641435, -32.04637369182707], [-52.09891284008501, -32.046581987347814], [-52.099041505969076, -32.04701003772177], [-52.09909219011452, -32.04740644178569], [-52.09910082442517, -32.04741725528754], [-52.09915054216213, -32.047415543213575], [-52.099154917535834, -32.04742803546534], [-52.09926993305366, -32.0474290227397], [-52.09928190890797, -32.04738950065754], [-52.09925953378234, -32.047389116444926], [-52.0992594217959, -32.04735877825707], [-52.099351550697136, -32.04735538002667], [-52.09935319605568, -32.0472932092775], [-52.099507623319724, -32.04727964811846], [-52.09951827529376, -32.047268133316166], [-52.09950424382466, -32.0471883279094], [-52.09956326977462, -32.0471767498584], [-52.099572407158476, -32.04708675813966], [-52.099562473401285, -32.04700828479419], [-52.09959486231509, -32.04699670199659], [-52.09958509893612, -32.04693014680928], [-52.09943970745299, -32.04695156910468], [-52.09940273771108, -32.04687946543082], [-52.099367842875495, -32.046873624751925], [-52.09931035221249, -32.046827574888354], [-52.099294058328034, -32.04672268449884], [-52.09926992444916, -32.046727467440085], [-52.09926599668339, -32.046642550590235], [-52.099283233028395, -32.04662604601736], [-52.09948199675358, -32.046597087760404], [-52.099478533167186, -32.04657404204222], [-52.09962492719823, -32.04654731491579], [-52.099630013734426, -32.04635178537255], [-52.09968572970056, -32.04618832836773], [-52.099793955840674, -32.04596005082634], [-52.10009259542336, -32.04542378521709], [-52.099538769167665, -32.04520207239955], [-52.09950907173841, -32.04520567677972], [-52.09926656869306, -32.04565994037085], [-52.09888646246373, -32.04628466678152], [-52.09887790683057, -32.04635842461678]]]}}, {"id": "285", "type": "Feature", "properties": {"numero": "NULL16", "area": 5170.913371155999}, "geometry": {"type": "Polygon", "coordinates": [[[-52.09357843163861, -32.04771301408918], [-52.09361999415205, -32.04769972839686], [-52.09418861713551, -32.04762759676318], [-52.09448612532547, -32.04759908392012], [-52.09454440541046, -32.047610172719466], [-52.09473596105698, -32.04759376017355], [-52.09479684657756, -32.04763330571866], [-52.09481486469963, -32.04745197191541], [-52.09476106374879, -32.04745056921705], [-52.0947609381796, -32.04728700114259], [-52.09474157350752, -32.04726893689545], [-52.09467474082486, -32.04725205837671], [-52.093498185689384, -32.04723352632059], [-52.09357843163861, -32.04771301408918]]]}}, {"id": "286", "type": "Feature", "properties": {"numero": "00028", "area": 5644.3056347565725}, "geometry": {"type": "Polygon", "coordinates": [[[-52.091592674685046, -32.03215069638725], [-52.09148023617731, -32.03216411335779], [-52.0914619084254, -32.032186687248476], [-52.09162198823329, -32.03269684506468], [-52.091632338509434, -32.03269489862521], [-52.091592674685046, -32.03215069638725]]]}}, {"id": "288", "type": "Feature", "properties": {"numero": "NULL48", "area": 12289.65988846263}, "geometry": {"type": "MultiPolygon", "coordinates": [[[[-52.08756888059598, -32.03846042864117], [-52.08754581578441, -32.038670666184544], [-52.08763384741681, -32.03865918236912], [-52.088655208308325, -32.03889443003846], [-52.0886677929853, -32.03877967253894], [-52.08756888059598, -32.03846042864117]]], [[[-52.087442734789576, -32.03961024766593], [-52.08767569807878, -32.0396287246244], [-52.08746801610705, -32.03956272316656], [-52.08747645091558, -32.03930292752663], [-52.087442734789576, -32.03961024766593]]]]}}, {"id": "289", "type": "Feature", "properties": {"numero": "00032", "area": 12846.350994921524}, "geometry": {"type": "Polygon", "coordinates": [[[-52.09057934031826, -32.03412420604578], [-52.090264952038666, -32.03302489534943], [-52.09024560429652, -32.03300874340685], [-52.08948017468583, -32.033058734064944], [-52.0893386512173, -32.03433531330237], [-52.08935811219821, -32.034349761998776], [-52.08943970267412, -32.034336357774244], [-52.09057934031826, -32.03412420604578]]]}}, {"id": "290", "type": "Feature", "properties": {"numero": "NULL50", "area": 14137.532751454512}, "geometry": {"type": "Polygon", "coordinates": [[[-52.11245491649978, -32.03469677668958], [-52.11189511737539, -32.035654080831584], [-52.11189473027838, -32.03565491272349], [-52.11193652152232, -32.03564178419938], [-52.1122054038856, -32.03517166220585], [-52.11278965294441, -32.03483241890549], [-52.11348301524205, -32.03513185152826], [-52.113525299636805, -32.03505964172562], [-52.11351871388773, -32.035037877734176], [-52.11346728336645, -32.03501648953829], [-52.11251094809644, -32.0346573052477], [-52.11245491649978, -32.03469677668958]]]}}, {"id": "291", "type": "Feature", "properties": {"numero": "NULL50", "area": 14182.102386849876}, "geometry": {"type": "Polygon", "coordinates": [[[-52.10868867679779, -32.03081243184157], [-52.108701413678276, -32.03080958710202], [-52.10941316657763, -32.02954824833701], [-52.109421899706895, -32.02951021144959], [-52.10939858567519, -32.02945258163006], [-52.10935941390701, -32.02942701595586], [-52.10915259896225, -32.02939086469766], [-52.10767118552393, -32.029214652314614], [-52.10868867679779, -32.03081243184157]]]}}, {"id": "292", "type": "Feature", "properties": {"numero": "0104", "area": 9562.04200135777}, "geometry": {"type": "Polygon", "coordinates": [[[-52.09149127158452, -32.037438443139585], [-52.09125799008111, -32.036602161650045], [-52.090237363751605, -32.03679822314555], [-52.09046753324876, -32.03765711006162], [-52.09149127158452, -32.037438443139585]]]}}, {"id": "293", "type": "Feature", "properties": {"numero": "NULL55", "area": 146701.50997190512}, "geometry": {"type": "Polygon", "coordinates": [[[-52.15159176947238, -32.05023846544978], [-52.14894729129705, -32.0493154446654], [-52.14774855257046, -32.04893051953593], [-52.147728397265766, -32.04894245632795], [-52.14770550873825, -32.0489891394906], [-52.1473097342577, -32.049831081117524], [-52.14800349816591, -32.049854331234414], [-52.148351934498116, -32.049483649314425], [-52.14996433508451, -32.04980314573167], [-52.150987950311965, -32.05009455781358], [-52.15138647729713, -32.05059210955886], [-52.151595124046594, -32.05047088465243], [-52.15165963017909, -32.05033222597961], [-52.15164101331691, -32.050278395778975], [-52.15159176947238, -32.05023846544978]]]}}, {"id": "294", "type": "Feature", "properties": {"numero": "00411", "area": 8116.424828758463}, "geometry": {"type": "Polygon", "coordinates": [[[-52.128995322145066, -32.0449398648423], [-52.12994749393101, -32.04534086951303], [-52.13033397492653, -32.04468687799475], [-52.13012278287237, -32.04460308747739], [-52.129861536226024, -32.04520608011105], [-52.129054022475096, -32.04484020485307], [-52.128995322145066, -32.0449398648423]]]}}, {"id": "295", "type": "Feature", "properties": {"numero": "NULL63", "area": 15698.041489681938}, "geometry": {"type": "Polygon", "coordinates": [[[-52.17998731054463, -32.06533759814787], [-52.17995663584074, -32.065324191372625], [-52.17993513023449, -32.06533036857695], [-52.17998731054463, -32.06533759814787]]]}}, {"id": "296", "type": "Feature", "properties": {"numero": "NULL64", "area": 15854.556381311622}, "geometry": {"type": "Polygon", "coordinates": [[[-52.08654543929342, -32.03905120315794], [-52.08657659113453, -32.03868990661278], [-52.08656079056349, -32.03867382219276], [-52.08643022118063, -32.0386969427584], [-52.08650077450876, -32.03903642744308], [-52.08654543929342, -32.03905120315794]]]}}, {"id": "297", "type": "Feature", "properties": {"numero": "00192", "area": 14695.268656343222}, "geometry": {"type": "Polygon", "coordinates": [[[-52.08927715958097, -32.04248365229294], [-52.08968060060795, -32.041242391261854], [-52.08903783648826, -32.04104913424449], [-52.0886234042464, -32.04107128486581], [-52.088445686386926, -32.04263325815504], [-52.08927715958097, -32.04248365229294]]]}}, {"id": "298", "type": "Feature", "properties": {"numero": "NULL68", "area": 1664.3165623768784}, "geometry": {"type": "Polygon", "coordinates": [[[-52.13886320089897, -32.04716247446457], [-52.138930332110256, -32.04707200449859], [-52.13897302208217, -32.04698613829469], [-52.138972118086485, -32.04694393733527], [-52.13894656790289, -32.04691115920262], [-52.13792028486724, -32.04674600987608], [-52.1379256383818, -32.046764373606045], [-52.13795767251775, -32.04678108153352], [-52.13886320089897, -32.04716247446457]]]}}, {"id": "299", "type": "Feature", "properties": {"numero": "NULL81", "area": 2038.9504184040707}, "geometry": {"type": "Polygon", "coordinates": [[[-52.107794744654576, -32.02745206481139], [-52.10772513060784, -32.02739467324514], [-52.107413035061064, -32.027373053659986], [-52.10734675356753, -32.0278720003817], [-52.10770470009045, -32.027931886050204], [-52.107794744654576, -32.02745206481139]]]}}, {"id": "300", "type": "Feature", "properties": {"numero": "NULL74", "area": 1801.1574417029442}, "geometry": {"type": "Polygon", "coordinates": [[[-52.12314010101325, -32.03921703093842], [-52.12297494313961, -32.039139199422905], [-52.1226901433432, -32.03897428311114], [-52.122962010405026, -32.03915306529421], [-52.12314010101325, -32.03921703093842]]]}}, {"id": "301", "type": "Feature", "properties": {"numero": "NULL23", "area": 8292.55880994126}, "geometry": {"type": "Polygon", "coordinates": [[[-52.10155649788194, -32.04494668907152], [-52.10066004935451, -32.044658279574776], [-52.100548242560734, -32.04487114495572], [-52.10052300622307, -32.04486075532882], [-52.10049792848169, -32.04490079180573], [-52.10051969002464, -32.044912880491744], [-52.10032866875682, -32.04517610306737], [-52.10021282167361, -32.045364763751735], [-52.10043104646553, -32.04548161322603], [-52.100816080306274, -32.04566431968358], [-52.10082892422427, -32.0456711092255], [-52.10082324621191, -32.04568075689347], [-52.10086065628793, -32.045699439302915], [-52.100891507022105, -32.04571342459016], [-52.100897037080635, -32.04570468932676], [-52.101323920849715, -32.04589104510879], [-52.10136459259465, -32.04577878606453], [-52.10136834458726, -32.045699413641415], [-52.101313620075196, -32.04569244674912], [-52.10117060630144, -32.045642197182715], [-52.101175845433374, -32.045631281348946], [-52.10112455815219, -32.04561151075847], [-52.10097326963427, -32.04558135047526], [-52.10090118568469, -32.04554959106157], [-52.10090948892535, -32.045535401062416], [-52.10088388646375, -32.04552452755619], [-52.10091939930531, -32.04548382303721], [-52.100974291475794, -32.04553134713221], [-52.10106141933432, -32.04556875830847], [-52.101179764401465, -32.045557879389115], [-52.10119759975021, -32.04553925843956], [-52.10119921050836, -32.04549245244069], [-52.10114311563444, -32.04537456594898], [-52.10116275197694, -32.045317950884325], [-52.10115103421176, -32.04531233334636], [-52.10117628599301, -32.04525146570789], [-52.10111239461082, -32.04522722191868], [-52.101082045425805, -32.045198501006986], [-52.10114105108058, -32.04511368708502], [-52.101227438277824, -32.04514764953854], [-52.10127694958793, -32.04502591334397], [-52.10136440317214, -32.04505291081632], [-52.10135614545721, -32.04507089288422], [-52.10148802739335, -32.045117820919124], [-52.10155649788194, -32.04494668907152]]]}}, {"id": "302", "type": "Feature", "properties": {"numero": "NULL79", "area": 19802.02197298083}, "geometry": {"type": "Polygon", "coordinates": [[[-52.11054779600857, -32.027568076356296], [-52.11060262981247, -32.02739549185135], [-52.11092069699846, -32.026804252353436], [-52.11092454619992, -32.02673021733438], [-52.110877185433274, -32.02669420623361], [-52.110698241353695, -32.02665083998815], [-52.110637236215005, -32.0265996224801], [-52.11047485757155, -32.02655980583862], [-52.11053996761008, -32.02629630872789], [-52.10998308725215, -32.026180663362425], [-52.109533867075186, -32.0261022494564], [-52.10941203408007, -32.02610570222249], [-52.10934821992394, -32.02615757711498], [-52.1093115370201, -32.02625217738062], [-52.1092811578892, -32.02654435111623], [-52.10912742317731, -32.02717868027337], [-52.10913722543901, -32.027294593934435], [-52.10916789537491, -32.02732869585942], [-52.10930305575876, -32.02738479718783], [-52.11028669082791, -32.02754231100065], [-52.11054779600857, -32.027568076356296]]]}}, {"id": "303", "type": "Feature", "properties": {"numero": null, "area": 19312.017474953085}, "geometry": {"type": "Polygon", "coordinates": [[[-52.08629474736086, -32.034859089964215], [-52.08646439189048, -32.033395635682844], [-52.08517522285312, -32.03365676252565], [-52.08512775823577, -32.03401844739101], [-52.0851889407702, -32.034236362097374], [-52.085428789209374, -32.03461854498734], [-52.086000184087474, -32.03491436635579], [-52.08629474736086, -32.034859089964215]]]}}, {"id": "304", "type": "Feature", "properties": {"numero": "NULL83", "area": 19850.837919875077}, "geometry": {"type": "Polygon", "coordinates": [[[-52.10706634652928, -32.03198981085101], [-52.10767595499895, -32.030947058342655], [-52.10638847370943, -32.03078381967141], [-52.10637773312619, -32.031647952300844], [-52.10647482062171, -32.03164882877271], [-52.10647178682932, -32.03171571736865], [-52.10617080772367, -32.0316781618631], [-52.10617448734861, -32.03161578120433], [-52.10628058720543, -32.031619064618475], [-52.106311066892694, -32.03077318027294], [-52.10602499558652, -32.030731445351684], [-52.105993039931555, -32.031710368306605], [-52.106125452531124, -32.031883678176136], [-52.10706634652928, -32.03198981085101]]]}}, {"id": "305", "type": "Feature", "properties": {"numero": "0076", "area": 6033.707954668906}, "geometry": {"type": "Polygon", "coordinates": [[[-52.09207229330492, -32.03533282664249], [-52.091925959592054, -32.03474034198419], [-52.09099225637302, -32.03491288868542], [-52.090980817989966, -32.03492797237914], [-52.09113684331864, -32.03548956691043], [-52.091150863160145, -32.035496232037005], [-52.09207229330492, -32.03533282664249]]]}}, {"id": "306", "type": "Feature", "properties": {"numero": "NULL21", "area": 7075.874076402673}, "geometry": {"type": "Polygon", "coordinates": [[[-52.09152589415333, -32.032838932952274], [-52.091506383815144, -32.03289095472294], [-52.09164445780888, -32.032861179864554], [-52.09163809857081, -32.03277392878266], [-52.09156852453939, -32.03279568892512], [-52.09152589415333, -32.032838932952274]]]}}, {"id": "307", "type": "Feature", "properties": {"numero": "NULL97", "area": 2998.6407726015896}, "geometry": {"type": "Polygon", "coordinates": [[[-52.07533526092606, -32.030927957031096], [-52.0752546510511, -32.03081895998251], [-52.07519787512043, -32.031022640392955], [-52.07533526092606, -32.030927957031096]]]}}, {"id": "308", "type": "Feature", "properties": {"numero": "060463", "area": 23639.354713183828}, "geometry": {"type": "Polygon", "coordinates": [[[-52.086661453316424, -32.031584675019616], [-52.08547118923599, -32.03147566299523], [-52.08520248091044, -32.03351133566432], [-52.08647656043065, -32.03324222601474], [-52.086661453316424, -32.031584675019616]]]}}, {"id": "309", "type": "Feature", "properties": {"numero": "NULL91", "area": 25648.382213890567}, "geometry": {"type": "Polygon", "coordinates": [[[-52.10103623920428, -32.04387252070924], [-52.10218789616, -32.0419209602061], [-52.10173400123802, -32.04182848950587], [-52.10160629722504, -32.04159032455887], [-52.099972203040025, -32.04440013252387], [-52.100591886899316, -32.044608092066724], [-52.10084795467884, -32.04416234131351], [-52.10103623920428, -32.04387252070924]]]}}, {"id": "310", "type": "Feature", "properties": {"numero": "NULL91", "area": 2610.781849144143}, "geometry": {"type": "Polygon", "coordinates": [[[-52.08519274601366, -32.04647996952606], [-52.08517000746038, -32.0466583139787], [-52.085177427798826, -32.04667452866742], [-52.08519274601366, -32.04647996952606]]]}}, {"id": "311", "type": "Feature", "properties": {"numero": "00054", "area": 8791.188532650536}, "geometry": {"type": "Polygon", "coordinates": [[[-52.100135676196935, -32.02996775112383], [-52.099155315923724, -32.03002269583273], [-52.099095592785936, -32.0308905531468], [-52.0997612918656, -32.03105298245295], [-52.10016160254663, -32.02999566543872], [-52.100135676196935, -32.02996775112383]]]}}, {"id": "312", "type": "Feature", "properties": {"numero": "NULL21", "area": 6185.7097412496805}, "geometry": {"type": "Polygon", "coordinates": [[[-52.10703915053995, -32.03352484112075], [-52.10747177921297, -32.032746941290696], [-52.10739958000675, -32.03268673683216], [-52.1070451531673, -32.033345767536346], [-52.10689709132945, -32.033506778953004], [-52.10703915053995, -32.03352484112075]]]}}, {"id": "313", "type": "Feature", "properties": {"numero": "NULL10", "area": 3336.647615091875}, "geometry": {"type": "Polygon", "coordinates": [[[-52.10386176744274, -32.02673068172385], [-52.103295317818734, -32.026969519915795], [-52.10349713736903, -32.02735120657759], [-52.10379245599695, -32.02727036818482], [-52.10382071601778, -32.02732583483244], [-52.10416567101386, -32.02721399256279], [-52.10386176744274, -32.02673068172385]]]}}, {"id": "314", "type": "Feature", "properties": {"numero": "0071", "area": 6334.508117616176}, "geometry": {"type": "Polygon", "coordinates": [[[-52.09187330587803, -32.0344564258147], [-52.09171795305579, -32.0340967835214], [-52.091664486909586, -32.034074583498544], [-52.090809092662454, -32.03423161351216], [-52.090793516123036, -32.034253875948906], [-52.09094892871454, -32.03481600541763], [-52.09096007274019, -32.03482146124202], [-52.09191281605765, -32.03464439299903], [-52.09187330587803, -32.0344564258147]]]}}, {"id": "315", "type": "Feature", "properties": {"numero": "00189", "area": 1509.4986164420843}, "geometry": {"type": "Polygon", "coordinates": [[[-52.09206905238351, -32.041943060978525], [-52.09135075720122, -32.04175847581677], [-52.091220470461614, -32.042126299782], [-52.09206905238351, -32.041943060978525]]]}}, {"id": "316", "type": "Feature", "properties": {"numero": "00661", "area": 8118.481025986373}, "geometry": {"type": "Polygon", "coordinates": [[[-52.14238038577576, -32.048147741810624], [-52.14196485541721, -32.04801630126176], [-52.141396988515815, -32.04922590131242], [-52.14199633574799, -32.049485476696816], [-52.142151309538775, -32.049128469588176], [-52.14203048462871, -32.04903958887129], [-52.142214361360786, -32.04885497663374], [-52.14238038577576, -32.048147741810624]]]}}, {"id": "317", "type": "Feature", "properties": {"numero": "NULL95", "area": 28705.471648068866}, "geometry": {"type": "Polygon", "coordinates": [[[-52.10392768116911, -32.02740417462724], [-52.10392308710052, -32.02737211330533], [-52.10373354869223, -32.027391823402894], [-52.10374758352317, -32.02748977172688], [-52.10371133534083, -32.027523206849445], [-52.10367806177321, -32.027698077546304], [-52.10364217323395, -32.027690962312256], [-52.10346404981442, -32.02865732762839], [-52.105951042369746, -32.02893381229217], [-52.10618274428178, -32.02773341780908], [-52.10540559857749, -32.02765297012039], [-52.10530237507991, -32.02780638772141], [-52.10516442648418, -32.02793791046554], [-52.105038428324946, -32.02850468488384], [-52.10461464424342, -32.02849190823462], [-52.104613115482465, -32.02850015488362], [-52.10456024528831, -32.028488082158454], [-52.1047235018296, -32.02721514281865], [-52.104330398093744, -32.02726033626861], [-52.10401353464476, -32.027354987986364], [-52.10392768116911, -32.02740417462724]]]}}, {"id": "318", "type": "Feature", "properties": {"numero": "NULL97", "area": 3003.6237794122426}, "geometry": {"type": "Polygon", "coordinates": [[[-52.0870409349182, -32.03710023864012], [-52.08711880869259, -32.03643148564527], [-52.08679623249877, -32.03643112083329], [-52.08677656650288, -32.03663324662144], [-52.0870409349182, -32.03710023864012]]]}}, {"id": "319", "type": "Feature", "properties": {"numero": "NULL98", "area": 3059.630369880877}, "geometry": {"type": "Polygon", "coordinates": [[[-52.08687085174816, -32.03851154613611], [-52.086908024076635, -32.03818881534545], [-52.08695804975375, -32.03776927054253], [-52.0866808239218, -32.037878789692726], [-52.08664022901286, -32.038540983057764], [-52.086655018691935, -32.03855845635257], [-52.086672444406744, -32.03855970525632], [-52.08685551539707, -32.03852489343935], [-52.08687085174816, -32.03851154613611]]]}}, {"id": "320", "type": "Feature", "properties": {"numero": "1020", "area": 2725.5827723274706}, "geometry": {"type": "Polygon", "coordinates": [[[-52.093029827182875, -32.04350779513182], [-52.093077846148404, -32.04464012967007], [-52.09329822922664, -32.044637804181974], [-52.09327023077082, -32.04351069946046], [-52.093029827182875, -32.04350779513182]]]}}, {"id": "321", "type": "Feature", "properties": {"numero": "NULL10", "area": 31755.338640263948}, "geometry": {"type": "Polygon", "coordinates": [[[-52.10782297919147, -32.03075864633128], [-52.10815140643999, -32.03017293695134], [-52.10755624625487, -32.029242737443255], [-52.10752887395931, -32.02921647274225], [-52.106023273528294, -32.02904679405346], [-52.10594520108929, -32.029468279060474], [-52.10603362603127, -32.02951340679981], [-52.1060537647218, -32.029584551405165], [-52.106017418494766, -32.030641537771025], [-52.10774896446982, -32.030866552978146], [-52.10782297919147, -32.03075864633128]]]}}, {"id": "322", "type": "Feature", "properties": {"numero": "NULL10", "area": 50360.179836642004}, "geometry": {"type": "Polygon", "coordinates": [[[-52.16722085602547, -32.05925880620065], [-52.167622147004565, -32.058585317850664], [-52.16662672678789, -32.05820090218282], [-52.16635287244015, -32.058340346592026], [-52.166249519319386, -32.05886599650797], [-52.16722085602547, -32.05925880620065]]]}}, {"id": "323", "type": "Feature", "properties": {"numero": "00561", "area": 6738.009091405198}, "geometry": {"type": "Polygon", "coordinates": [[[-52.131484172385804, -32.05524079170294], [-52.131495215517894, -32.05522217710328], [-52.13088628016979, -32.055051734937415], [-52.130871688425316, -32.05507614415792], [-52.131484172385804, -32.05524079170294]]]}}, {"id": "324", "type": "Feature", "properties": {"numero": "0158", "area": 2480.5407381244}, "geometry": {"type": "Polygon", "coordinates": [[[-52.094418533620924, -32.040004559493234], [-52.09448389657388, -32.040157505949274], [-52.09513139190925, -32.040342839946916], [-52.0949961097349, -32.0397913807809], [-52.094578264732455, -32.039874244560465], [-52.094418533620924, -32.040004559493234]]]}}, {"id": "325", "type": "Feature", "properties": {"numero": "00539", "area": 7032.946055118693}, "geometry": {"type": "Polygon", "coordinates": [[[-52.099481337356146, -32.043768595051226], [-52.099653042531145, -32.04374490110271], [-52.10034352954454, -32.04360858934029], [-52.10047140076404, -32.043360894329666], [-52.10039470332098, -32.04304632868914], [-52.09914888537882, -32.04327568238197], [-52.09929143401586, -32.04381206670993], [-52.09948331120952, -32.043776427731395], [-52.099481337356146, -32.043768595051226]]]}}, {"id": "326", "type": "Feature", "properties": {"numero": "00270", "area": 29365.49260923639}, "geometry": {"type": "MultiPolygon", "coordinates": [[[[-52.112357817717, -32.04815857842796], [-52.11284626907567, -32.0484090781393], [-52.11244101415605, -32.048166727701506], [-52.11252607504382, -32.04792058096298], [-52.112357817717, -32.04815857842796]]], [[[-52.113471032994774, -32.04865920103025], [-52.11381133392867, -32.04879339185042], [-52.11389902237703, -32.04863742877716], [-52.113471032994774, -32.04865920103025]]]]}}, {"id": "327", "type": "Feature", "properties": {"numero": "00560", "area": 7522.677823700011}, "geometry": {"type": "Polygon", "coordinates": [[[-52.13025647541715, -32.05491291157303], [-52.13074943027428, -32.05504452582723], [-52.130764989592684, -32.05501778547345], [-52.13028450631966, -32.0548832972885], [-52.13025647541715, -32.05491291157303]]]}}, {"id": "328", "type": "Feature", "properties": {"numero": "01264", "area": 30235.690177668817}, "geometry": {"type": "Polygon", "coordinates": [[[-52.12867566202058, -32.04801140033609], [-52.12868046452054, -32.04805658275363], [-52.12895708761534, -32.04822117706539], [-52.12907003528125, -32.04817990845768], [-52.12867566202058, -32.04801140033609]]]}}, {"id": "329", "type": "Feature", "properties": {"numero": "0157", "area": 2585.5918320687488}, "geometry": {"type": "Polygon", "coordinates": [[[-52.092958667525956, -32.03920236040951], [-52.09229187825313, -32.03933783705976], [-52.09227327052743, -32.03949165431487], [-52.09262917412801, -32.03958794198308], [-52.093076017742916, -32.03973065194589], [-52.092958667525956, -32.03920236040951]]]}}, {"id": "330", "type": "Feature", "properties": {"numero": "538", "area": 7315.328861167596}, "geometry": {"type": "Polygon", "coordinates": [[[-52.09912654135205, -32.043162302831576], [-52.09914268582497, -32.043171859976745], [-52.10037458050237, -32.04293906300911], [-52.100256358528334, -32.04241125997775], [-52.10024287731365, -32.04240560040255], [-52.09995651446316, -32.04245690462608], [-52.09901213166842, -32.04264164195524], [-52.099004735194995, -32.0426682080909], [-52.099017060699126, -32.04273076212058], [-52.09912654135205, -32.043162302831576]]]}}, {"id": "331", "type": "Feature", "properties": {"numero": "00537", "area": 7238.19030124601}, "geometry": {"type": "Polygon", "coordinates": [[[-52.09898076661393, -32.04253714188243], [-52.10023020150965, -32.04229540065955], [-52.10009667421872, -32.04176916795989], [-52.09885248675977, -32.04200490482594], [-52.09898076661393, -32.04253714188243]]]}}, {"id": "332", "type": "Feature", "properties": {"numero": "00048", "area": 10516.993878006237}, "geometry": {"type": "Polygon", "coordinates": [[[-52.097666141544565, -32.02999450022436], [-52.099028271243775, -32.029916420518965], [-52.099070895341775, -32.02912331957273], [-52.09761045283152, -32.02935940150266], [-52.097666141544565, -32.02999450022436]]]}}, {"id": "333", "type": "Feature", "properties": {"numero": "0173", "area": 2986.659488088451}, "geometry": {"type": "Polygon", "coordinates": [[[-52.09705951174125, -32.04092040676268], [-52.09693282539835, -32.04038429072097], [-52.09605588024893, -32.04054675501965], [-52.096053669421615, -32.04063007401833], [-52.09705951174125, -32.04092040676268]]]}}, {"id": "334", "type": "Feature", "properties": {"numero": "1021", "area": 3185.1616507391445}, "geometry": {"type": "Polygon", "coordinates": [[[-52.093083847723875, -32.04472970229341], [-52.093145531434054, -32.04620434784105], [-52.09333978501883, -32.046203904245154], [-52.093301379999545, -32.04472542242922], [-52.093083847723875, -32.04472970229341]]]}}, {"id": "335", "type": "Feature", "properties": {"numero": "00662", "area": 2821.0583587400615}, "geometry": {"type": "Polygon", "coordinates": [[[-52.14240836773099, -32.0480377414024], [-52.142572756554046, -32.04731975730709], [-52.14227827037457, -32.04722838233761], [-52.14200442875659, -32.04792518150729], [-52.14240836773099, -32.0480377414024]]]}}, {"id": "336", "type": "Feature", "properties": {"numero": "NULL11", "area": 3728.329277497549}, "geometry": {"type": "Polygon", "coordinates": [[[-52.085162730267506, -32.04685471819616], [-52.08513946407254, -32.0468774519087], [-52.084937966389894, -32.04841042496862], [-52.08495472173715, -32.04841843657328], [-52.085043127450476, -32.04838029926445], [-52.085162730267506, -32.04685471819616]]]}}, {"id": "337", "type": "Feature", "properties": {"numero": "NULL11", "area": 11647.196144309826}, "geometry": {"type": "Polygon", "coordinates": [[[-52.0899427967442, -32.04112879614836], [-52.091247165163786, -32.041516066347334], [-52.09152465793606, -32.04073868483363], [-52.09033791383904, -32.04039218793807], [-52.09016686217561, -32.04050093182352], [-52.0899427967442, -32.04112879614836]]]}}, {"id": "338", "type": "Feature", "properties": {"numero": "0128", "area": 3445.6617760234512}, "geometry": {"type": "Polygon", "coordinates": [[[-52.09273435142722, -32.03822724789536], [-52.09263322013177, -32.03783892975138], [-52.091824808472396, -32.03801474834371], [-52.09192658021668, -32.03839267254394], [-52.09273435142722, -32.03822724789536]]]}}, {"id": "339", "type": "Feature", "properties": {"numero": "NULL11", "area": 4082.247983562527}, "geometry": {"type": "Polygon", "coordinates": [[[-52.10277230432455, -32.03185250476425], [-52.10286136133083, -32.031394571335746], [-52.10192097933567, -32.031253909132566], [-52.101873622673445, -32.03126634571186], [-52.10182897075024, -32.031419757530564], [-52.10183484616004, -32.03147796431087], [-52.101858643327304, -32.03150907854534], [-52.10270421026442, -32.03188595157478], [-52.10274595916604, -32.031883621905095], [-52.10277230432455, -32.03185250476425]]]}}, {"id": "340", "type": "Feature", "properties": {"numero": "0124", "area": 3563.1224421435036}, "geometry": {"type": "Polygon", "coordinates": [[[-52.095897062205594, -32.03758314040573], [-52.09605123683555, -32.037550536313624], [-52.096249806509434, -32.03750989927327], [-52.09586516974096, -32.03742888484297], [-52.095897062205594, -32.03758314040573]]]}}, {"id": "341", "type": "Feature", "properties": {"numero": "01112", "area": 2790.8594526741654}, "geometry": {"type": "Polygon", "coordinates": [[[-52.12991440626255, -32.045729763628565], [-52.129632018899244, -32.04621672383248], [-52.1300684298127, -32.0464013920466], [-52.13035347274593, -32.04591408522785], [-52.12991440626255, -32.045729763628565]]]}}, {"id": "342", "type": "Feature", "properties": {"numero": "511", "area": 3885.8940803889127}, "geometry": {"type": "Polygon", "coordinates": [[[-52.092999988074595, -32.04521527248213], [-52.09257251147293, -32.04529865363634], [-52.09265844492459, -32.04619714306324], [-52.09303953555107, -32.04612930320919], [-52.092999988074595, -32.04521527248213]]]}}, {"id": "343", "type": "Feature", "properties": {"numero": "01113", "area": 3722.4135566689074}, "geometry": {"type": "Polygon", "coordinates": [[[-52.12840355368568, -32.04589010048376], [-52.128023392623405, -32.04654446640048], [-52.12846250848282, -32.04672586897536], [-52.128840774353904, -32.04608045421929], [-52.12840355368568, -32.04589010048376]]]}}, {"id": "344", "type": "Feature", "properties": {"numero": "01115", "area": 2790.743179714307}, "geometry": {"type": "Polygon", "coordinates": [[[-52.12928790771909, -32.04546065069046], [-52.12900270573459, -32.045947912212014], [-52.12944743145848, -32.04613304260104], [-52.129728603992085, -32.04564881727355], [-52.12928790771909, -32.04546065069046]]]}}, {"id": "345", "type": "Feature", "properties": {"numero": "01117", "area": 3686.1703099645674}, "geometry": {"type": "Polygon", "coordinates": [[[-52.12862560195766, -32.04754043007436], [-52.128876119374056, -32.047104207074774], [-52.12844059082622, -32.046919334626864], [-52.12836440318392, -32.047057768052696], [-52.128591764525446, -32.04722208400408], [-52.12862560195766, -32.04754043007436]]]}}, {"id": "346", "type": "Feature", "properties": {"numero": "01116", "area": 3737.1973813232034}, "geometry": {"type": "Polygon", "coordinates": [[[-52.12897224869347, -32.04694626265711], [-52.12935137857417, -32.046289395560564], [-52.12891407248756, -32.04610704775464], [-52.12853491885254, -32.04676217802282], [-52.12897224869347, -32.04694626265711]]]}}, {"id": "347", "type": "Feature", "properties": {"numero": "01119", "area": 3733.555455327034}, "geometry": {"type": "Polygon", "coordinates": [[[-52.129539933466276, -32.04637390600711], [-52.12915992452881, -32.04702633353348], [-52.12959806728428, -32.047208801518536], [-52.12998054303654, -32.04655461495744], [-52.129539933466276, -32.04637390600711]]]}}, {"id": "348", "type": "Feature", "properties": {"numero": "01118", "area": 3703.1816482283175}, "geometry": {"type": "Polygon", "coordinates": [[[-52.129502328362854, -32.04737080914522], [-52.1290676149144, -32.04718490302059], [-52.12868975594199, -32.0478321890405], [-52.12912503560213, -32.0480209843379], [-52.129502328362854, -32.04737080914522]]]}}, {"id": "349", "type": "Feature", "properties": {"numero": "NULL16", "area": 5542.785967843491}, "geometry": {"type": "Polygon", "coordinates": [[[-52.09995822526191, -32.04442515181908], [-52.09956156229147, -32.045125935767786], [-52.100123233963195, -32.045368698609735], [-52.10041194323554, -32.0449251642761], [-52.10056927238445, -32.04463623551363], [-52.09995822526191, -32.04442515181908]]]}}, {"id": "350", "type": "Feature", "properties": {"numero": "00013", "area": 3734.285806208849}, "geometry": {"type": "Polygon", "coordinates": [[[-52.127984286251504, -32.046212095621875], [-52.12821800145785, -32.04581236279038], [-52.12777768408425, -32.04562911806992], [-52.12772544212717, -32.04571917168146], [-52.127984286251504, -32.046212095621875]]]}}, {"id": "351", "type": "Feature", "properties": {"numero": "NULL26", "area": 934.9481645582127}, "geometry": {"type": "Polygon", "coordinates": [[[-52.10233972967388, -32.031933657667864], [-52.10237777575314, -32.031911297534656], [-52.10236395492179, -32.03187849994658], [-52.10183919641793, -32.03164403982113], [-52.10180102318166, -32.031655783142305], [-52.101762975998014, -32.03182132495647], [-52.101777879561645, -32.031857008956834], [-52.10233972967388, -32.031933657667864]]]}}, {"id": "352", "type": "Feature", "properties": {"numero": "00057", "area": 43790.672961053904}, "geometry": {"type": "Polygon", "coordinates": [[[-52.10289257037321, -32.031934258956205], [-52.10415221563234, -32.03210327825675], [-52.10484282960955, -32.02894457069544], [-52.10350349151854, -32.02879673417322], [-52.10311210258718, -32.03086531574723], [-52.10289257037321, -32.031934258956205]]]}}, {"id": "353", "type": "Feature", "properties": {"numero": "00023", "area": 2797.025421343744}, "geometry": {"type": "Polygon", "coordinates": [[[-52.12764093721423, -32.04476173361891], [-52.127537804765005, -32.04494016422396], [-52.127578135312916, -32.045346288400914], [-52.1277937495549, -32.045436695648036], [-52.12807816876119, -32.04494461649075], [-52.12764093721423, -32.04476173361891]]]}}, {"id": "354", "type": "Feature", "properties": {"numero": "NULL14", "area": 48872.65946073955}, "geometry": {"type": "Polygon", "coordinates": [[[-52.142291625005356, -32.062596986118905], [-52.14200792578635, -32.062985790276464], [-52.14227606750355, -32.063177689372075], [-52.1424300831561, -32.0630437289487], [-52.14248529531033, -32.0627508815263], [-52.142291625005356, -32.062596986118905]]]}}, {"id": "355", "type": "Feature", "properties": {"numero": "00540", "area": 4205.655733807129}, "geometry": {"type": "Polygon", "coordinates": [[[-52.0994390847531, -32.044447478624285], [-52.099914344143436, -32.0443526403665], [-52.100258339885656, -32.04373467309115], [-52.0992966633696, -32.04391669010569], [-52.09942650538781, -32.04444081044692], [-52.0994390847531, -32.044447478624285]]]}}, {"id": "356", "type": "Feature", "properties": {"numero": "1050", "area": 4491.2331693172455}, "geometry": {"type": "Polygon", "coordinates": [[[-52.0934279159015, -32.04480573770793], [-52.09475565816935, -32.04482718287217], [-52.09476468411069, -32.04450405880828], [-52.093425278136735, -32.04448579366771], [-52.0934279159015, -32.04480573770793]]]}}, {"id": "357", "type": "Feature", "properties": {"numero": "0136", "area": 4223.121706737671}, "geometry": {"type": "Polygon", "coordinates": [[[-52.094727011848995, -32.03870870499764], [-52.09452576104617, -32.03798378497248], [-52.09400423969628, -32.03808497827822], [-52.094185680863454, -32.03881708242707], [-52.094727011848995, -32.03870870499764]]]}}, {"id": "358", "type": "Feature", "properties": {"numero": "0172", "area": 4486.817021299154}, "geometry": {"type": "Polygon", "coordinates": [[[-52.09774361135146, -32.040917633687435], [-52.09759914950058, -32.04026284374739], [-52.097054491909596, -32.04036008458319], [-52.09721748357378, -32.0410442546796], [-52.09774361135146, -32.040917633687435]]]}}, {"id": "359", "type": "Feature", "properties": {"numero": "00003", "area": 13036.659980782073}, "geometry": {"type": "Polygon", "coordinates": [[[-52.09410797573348, -32.0299142797741], [-52.092726796639404, -32.030170664247535], [-52.09281010005322, -32.0306620677091], [-52.092896615909915, -32.03101534741347], [-52.09387110140996, -32.03095418067402], [-52.09413075764519, -32.03094773195244], [-52.09410797573348, -32.0299142797741]]]}}, {"id": "360", "type": "Feature", "properties": {"numero": "NULL94", "area": 2796.65217101252}, "geometry": {"type": "Polygon", "coordinates": [[[-52.160536493144654, -32.055876215592335], [-52.16064973283378, -32.055609610489746], [-52.1605168508544, -32.055567936604376], [-52.160473658007554, -32.05568799848578], [-52.160536493144654, -32.055876215592335]]]}}, {"id": "361", "type": "Feature", "properties": {"numero": "NULL15", "area": 5227.259405054385}, "geometry": {"type": "Polygon", "coordinates": [[[-52.097793632490074, -32.046742389884315], [-52.09639906830542, -32.047012622871975], [-52.0963868589001, -32.04729711611168], [-52.09639243447749, -32.04732146974484], [-52.096417170797565, -32.04733787251134], [-52.09646041539611, -32.047347565923175], [-52.096559372319405, -32.04734042228631], [-52.09700769626716, -32.04726605303666], [-52.09747202334549, -32.04714109812826], [-52.09775357605009, -32.04704322688253], [-52.09779114703888, -32.04702038505699], [-52.09781510658162, -32.04698679077449], [-52.09781260882736, -32.04682902578134], [-52.097793632490074, -32.046742389884315]]]}}, {"id": "362", "type": "Feature", "properties": {"numero": "509", "area": 4616.417210521613}, "geometry": {"type": "Polygon", "coordinates": [[[-52.09241150687946, -32.04332506143076], [-52.09248967675488, -32.04422246397388], [-52.092948248475444, -32.04413828775099], [-52.0929114786645, -32.04322782007802], [-52.09241150687946, -32.04332506143076]]]}}, {"id": "363", "type": "Feature", "properties": {"numero": "0138", "area": 4439.984114219435}, "geometry": {"type": "Polygon", "coordinates": [[[-52.09489070508092, -32.03868159603297], [-52.09602327544426, -32.03845470030674], [-52.09593777973279, -32.0380937297625], [-52.09479915852668, -32.03833184717703], [-52.09489070508092, -32.03868159603297]]]}}, {"id": "364", "type": "Feature", "properties": {"numero": "NULL10", "area": 3565.716003081663}, "geometry": {"type": "Polygon", "coordinates": [[[-52.10623213305016, -32.027058856476906], [-52.10549150386055, -32.027348478473236], [-52.10554801441521, -32.02762127670027], [-52.10618899109439, -32.02770087915085], [-52.10630273600531, -32.0270804512169], [-52.106286562899555, -32.02705973929444], [-52.10623213305016, -32.027058856476906]]]}}, {"id": "365", "type": "Feature", "properties": {"numero": "NULL15", "area": 5410.307013851755}, "geometry": {"type": "Polygon", "coordinates": [[[-52.08686838899051, -32.03499454093452], [-52.08687125555677, -32.03560023465185], [-52.08682579117295, -32.03615061960982], [-52.086826380624586, -32.03637800809032], [-52.086901115680234, -32.03639584253584], [-52.08711388334044, -32.03639108652581], [-52.087124450208385, -32.03638730631312], [-52.087210107559606, -32.035716326080475], [-52.087293983572, -32.034931452238624], [-52.08727017326893, -32.0349150216104], [-52.08686838899051, -32.03499454093452]]]}}, {"id": "366", "type": "Feature", "properties": {"numero": "00190", "area": 4358.117959416471}, "geometry": {"type": "Polygon", "coordinates": [[[-52.091041072614374, -32.04215642724624], [-52.09111747229987, -32.04190358848119], [-52.091104629237456, -32.04189769083617], [-52.0911839097272, -32.041686505609114], [-52.090592812416524, -32.04150987150446], [-52.09030613429339, -32.042284537603], [-52.091041072614374, -32.04215642724624]]]}}, {"id": "367", "type": "Feature", "properties": {"numero": "0160", "area": 4970.088249874068}, "geometry": {"type": "Polygon", "coordinates": [[[-52.096912420325495, -32.040245082501364], [-52.09672831284774, -32.03944044288141], [-52.096381089561106, -32.03951811455563], [-52.09634200207804, -32.03961500452383], [-52.09612799296003, -32.040373078145166], [-52.096912420325495, -32.040245082501364]]]}}, {"id": "368", "type": "Feature", "properties": {"numero": "508", "area": 4918.932305679555}, "geometry": {"type": "Polygon", "coordinates": [[[-52.09233724811984, -32.04233747489808], [-52.09240587832591, -32.0432370738736], [-52.09291305763118, -32.04313827960137], [-52.09287435055566, -32.042238670659486], [-52.09233724811984, -32.04233747489808]]]}}, {"id": "369", "type": "Feature", "properties": {"numero": "0155", "area": 4661.555471010506}, "geometry": {"type": "Polygon", "coordinates": [[[-52.094218427392136, -32.03895372838346], [-52.09440131898679, -32.03974046114239], [-52.09494971762369, -32.03963653703896], [-52.094751127623155, -32.03884900452841], [-52.094218427392136, -32.03895372838346]]]}}, {"id": "370", "type": "Feature", "properties": {"numero": "0126", "area": 4684.439148352249}, "geometry": {"type": "Polygon", "coordinates": [[[-52.09426928820608, -32.03701361013218], [-52.0937851557827, -32.037097429242486], [-52.09398951781868, -32.03796720803302], [-52.09449343620667, -32.03786307378491], [-52.09426928820608, -32.03701361013218]]]}}, {"id": "371", "type": "Feature", "properties": {"numero": "00666", "area": 4566.38996357657}, "geometry": {"type": "Polygon", "coordinates": [[[-52.14392248460243, -32.047754202838064], [-52.14326590495389, -32.04754785288451], [-52.14311086101525, -32.04826482642503], [-52.143588394308956, -32.048419424830826], [-52.14392248460243, -32.047754202838064]]]}}, {"id": "372", "type": "Feature", "properties": {"numero": "NULL16", "area": 5620.821094131679}, "geometry": {"type": "Polygon", "coordinates": [[[-52.101326453437515, -32.04591856426359], [-52.10106744747309, -32.04582100570422], [-52.10083332936435, -32.04571438988832], [-52.100193691940596, -32.04539206499636], [-52.09985441098153, -32.04594581436985], [-52.09973988185502, -32.04618638816147], [-52.09969814776018, -32.04635081543836], [-52.099683664431964, -32.046570954642405], [-52.099790831449305, -32.046563159927736], [-52.09986238318603, -32.04657340945801], [-52.099896426856205, -32.04642396962296], [-52.09988130045255, -32.04639548620674], [-52.099895537224775, -32.04634959004515], [-52.099947674687094, -32.04636515897936], [-52.09999913170476, -32.046315872692944], [-52.09997323425179, -32.04628034712882], [-52.10000965343589, -32.046230352370095], [-52.10005195550309, -32.04624715227812], [-52.1000547618022, -32.04621966795303], [-52.10009799914652, -32.04614642999104], [-52.100128652866594, -32.046144828856924], [-52.10013815570273, -32.04612996996245], [-52.100164613034295, -32.04614146766915], [-52.10019996736874, -32.04609366518423], [-52.10021218509922, -32.04609857483045], [-52.100234666051115, -32.04605834444519], [-52.10022053116199, -32.04605254031783], [-52.100286634381874, -32.04592965964512], [-52.100252464728705, -32.04591889645674], [-52.10031769425408, -32.04580090372012], [-52.10044268325703, -32.045855749063385], [-52.10047957047911, -32.045790026478414], [-52.10057253362301, -32.045822073953126], [-52.100582925867016, -32.04580454610456], [-52.100657249213214, -32.04583756723729], [-52.100666335994966, -32.04582246834913], [-52.10075767662678, -32.045856108451936], [-52.100752958978305, -32.04586458406647], [-52.10092562639901, -32.045922587232106], [-52.100907553119185, -32.045984159263256], [-52.10095700199518, -32.04599898434654], [-52.101009233179745, -32.045910034551675], [-52.10112706439116, -32.04595173461371], [-52.10118557182599, -32.04598095062933], [-52.10119541439219, -32.046012168049586], [-52.101236293924686, -32.0460224938091], [-52.10127904423428, -32.04595466327464], [-52.1013062970588, -32.04595475126875], [-52.101326453437515, -32.04591856426359]]]}}, {"id": "373", "type": "Feature", "properties": {"numero": "NULL16", "area": 5685.347302165712}, "geometry": {"type": "Polygon", "coordinates": [[[-52.160689529176494, -32.0555442142355], [-52.16073290133804, -32.055507832584276], [-52.16120273086036, -32.0546492929222], [-52.16118712014077, -32.05461258548063], [-52.16086923087252, -32.05439093965189], [-52.16083002859841, -32.05440267408283], [-52.16070606847648, -32.05454805147609], [-52.160738969636874, -32.05495051958127], [-52.16054237007649, -32.05549700157602], [-52.160689529176494, -32.0555442142355]]]}}, {"id": "374", "type": "Feature", "properties": {"numero": "00665", "area": 4513.188891559374}, "geometry": {"type": "Polygon", "coordinates": [[[-52.143363171799564, -32.04886146155558], [-52.14353839214643, -32.04851657790955], [-52.14308767998675, -32.0483723070056], [-52.14300740784769, -32.0487205972028], [-52.143363171799564, -32.04886146155558]]]}}, {"id": "375", "type": "Feature", "properties": {"numero": "NULL16", "area": 5910.132628889609}, "geometry": {"type": "Polygon", "coordinates": [[[-52.08867897801985, -32.03458322683957], [-52.08796866243153, -32.03472092298692], [-52.08796074209429, -32.034738031709125], [-52.08788304445905, -32.035376793155756], [-52.087906785577935, -32.035396309456274], [-52.08883817464038, -32.03522348172201], [-52.08867897801985, -32.03458322683957]]]}}, {"id": "376", "type": "Feature", "properties": {"numero": "NULL16", "area": 4843.546645529568}, "geometry": {"type": "Polygon", "coordinates": [[[-52.09498228071293, -32.040845816103705], [-52.095046586054444, -32.040692097302845], [-52.09404211961909, -32.04039563377157], [-52.093999027546786, -32.040437614549944], [-52.09498228071293, -32.040845816103705]]]}}, {"id": "377", "type": "Feature", "properties": {"numero": "NULL17", "area": 59832.984349475824}, "geometry": {"type": "Polygon", "coordinates": [[[-52.10737037878548, -32.02735184905729], [-52.10637957472021, -32.02725607527394], [-52.106056062074956, -32.02894550407289], [-52.107471129074995, -32.02910452274624], [-52.10822529673477, -32.029212608992296], [-52.109283775902, -32.029343544877484], [-52.10934163803677, -32.02935267854191], [-52.10946251576678, -32.02939637607868], [-52.109491569707316, -32.02939440065175], [-52.109511919257244, -32.02937390994902], [-52.10991436394156, -32.02868670777757], [-52.11049465449263, -32.027620920851206], [-52.10908694666993, -32.02745121161412], [-52.108808519973415, -32.02824311008953], [-52.10800388918653, -32.02804645497999], [-52.10728514815554, -32.027929341164544], [-52.10737037878548, -32.02735184905729]]]}}, {"id": "378", "type": "Feature", "properties": {"numero": "0171", "area": 4472.238883958198}, "geometry": {"type": "Polygon", "coordinates": [[[-52.097723032058255, -32.04025120900464], [-52.09786654081234, -32.040888048763456], [-52.09813279182477, -32.04082397123555], [-52.09832610898446, -32.04058841449926], [-52.09832435778447, -32.040441757663366], [-52.09825915691206, -32.040143530739414], [-52.097735635535294, -32.04023482864846], [-52.097723032058255, -32.04025120900464]]]}}, {"id": "379", "type": "Feature", "properties": {"numero": "534", "area": 5404.103078938207}, "geometry": {"type": "Polygon", "coordinates": [[[-52.09839473203388, -32.04597462092289], [-52.09888437811704, -32.04588259682614], [-52.099099256740736, -32.045827472959196], [-52.09922309901045, -32.04558601890931], [-52.099211102175474, -32.04558213469432], [-52.099400258718184, -32.04524105744292], [-52.09938876626998, -32.04522967876104], [-52.09827309711736, -32.0454392473792], [-52.09825933661673, -32.04545763606047], [-52.09838380205701, -32.04596637643578], [-52.09839473203388, -32.04597462092289]]]}}, {"id": "380", "type": "Feature", "properties": {"numero": "520", "area": 5384.892759560957}, "geometry": {"type": "Polygon", "coordinates": [[[-52.09739205535358, -32.042290212137864], [-52.096533937427985, -32.04243687454125], [-52.096531389350794, -32.042986548952165], [-52.0965458197507, -32.04299942061485], [-52.09751731213499, -32.042819247396594], [-52.0974936568003, -32.04272936104606], [-52.09750737557359, -32.042726838006935], [-52.0974983260697, -32.04268633085236], [-52.09748255837964, -32.042688519431366], [-52.09739205535358, -32.042290212137864]]]}}, {"id": "381", "type": "Feature", "properties": {"numero": "NULL17", "area": 4659.9841982237995}, "geometry": {"type": "MultiPolygon", "coordinates": [[[[-52.09205750437813, -32.039854381097264], [-52.09208031001799, -32.03984048849317], [-52.09344536828577, -32.04021503638439], [-52.09207618025308, -32.03980047394335], [-52.09205750437813, -32.039854381097264]]], [[[-52.09377563579271, -32.04031467791936], [-52.09355496954995, -32.04024810315419], [-52.093509498023316, -32.040234384375886], [-52.09375405659872, -32.04033591386382], [-52.09377563579271, -32.04031467791936]]]]}}, {"id": "382", "type": "Feature", "properties": {"numero": "NULL17", "area": 5276.39392699115}, "geometry": {"type": "Polygon", "coordinates": [[[-52.10574496481528, -32.03067124348162], [-52.1056433125269, -32.03125262326524], [-52.10590959469194, -32.03160114997212], [-52.105948762603525, -32.0306992960167], [-52.10574496481528, -32.03067124348162]]]}}, {"id": "383", "type": "Feature", "properties": {"numero": "NULL21", "area": 7057.829494050238}, "geometry": {"type": "Polygon", "coordinates": [[[-52.16070151269376, -32.05449232221869], [-52.16083628466524, -32.05435706113096], [-52.16043076393137, -32.05397488655147], [-52.16040106986434, -32.05396534364822], [-52.16037051946461, -32.05397271378706], [-52.16019387120792, -32.05430337770907], [-52.16030030309942, -32.05438654335333], [-52.16069257181939, -32.054382951706344], [-52.16070151269376, -32.05449232221869]]]}}, {"id": "384", "type": "Feature", "properties": {"numero": "00410", "area": 8134.057174257934}, "geometry": {"type": "Polygon", "coordinates": [[[-52.130142043142826, -32.042597934244974], [-52.12918673776331, -32.0421908969346], [-52.12880912220434, -32.04284573097618], [-52.12977412812569, -32.04324925114214], [-52.130142043142826, -32.042597934244974]]]}}, {"id": "385", "type": "Feature", "properties": {"numero": "0156", "area": 8673.92175611481}, "geometry": {"type": "Polygon", "coordinates": [[[-52.0942683892684, -32.03984129522693], [-52.09407378033518, -32.038987785634454], [-52.09313183448954, -32.03917334192886], [-52.093265226102034, -32.039796468034], [-52.09406138356342, -32.04003189048963], [-52.0942683892684, -32.03984129522693]]]}}, {"id": "386", "type": "Feature", "properties": {"numero": "499", "area": 7707.178974526003}, "geometry": {"type": "Polygon", "coordinates": [[[-52.083900623543954, -32.04854836772093], [-52.083530334605115, -32.04720102120561], [-52.08300970020607, -32.047305968377394], [-52.083385379256825, -32.048656646793305], [-52.083900623543954, -32.04854836772093]]]}}, {"id": "387", "type": "Feature", "properties": {"numero": "00044", "area": 1120.1017148857936}, "geometry": {"type": "Polygon", "coordinates": [[[-52.0952203938951, -32.03008052661418], [-52.095564232453235, -32.03006052119012], [-52.09555002943615, -32.02975625949643], [-52.09519957731326, -32.02977043540559], [-52.0952203938951, -32.03008052661418]]]}}, {"id": "388", "type": "Feature", "properties": {"numero": "0045", "area": 3691.2133475672454}, "geometry": {"type": "Polygon", "coordinates": [[[-52.095925219831635, -32.02960005758674], [-52.09597591223231, -32.03009199416164], [-52.0966782231242, -32.030051342116565], [-52.09664018713891, -32.029554135251075], [-52.095925219831635, -32.02960005758674]]]}}, {"id": "389", "type": "Feature", "properties": {"numero": "NULL19", "area": 6632.665117968783}, "geometry": {"type": "Polygon", "coordinates": [[[-52.09653554010032, -32.041559352501025], [-52.09652185221797, -32.04160162615193], [-52.09650906648908, -32.042356535041165], [-52.0973787940788, -32.04219698716007], [-52.09738525446217, -32.04217034627696], [-52.09724688756876, -32.04158818984931], [-52.09686659595406, -32.04148998953325], [-52.09653554010032, -32.041559352501025]]]}}, {"id": "390", "type": "Feature", "properties": {"numero": "NULL19", "area": 5418.943681772798}, "geometry": {"type": "MultiPolygon", "coordinates": [[[[-52.09463652787446, -32.04148972797221], [-52.0947220925335, -32.041477656433834], [-52.094758982044894, -32.04138907547513], [-52.094403997289284, -32.041420298618306], [-52.09463652787446, -32.04148972797221]]], [[[-52.09333388389895, -32.04110047551219], [-52.09347548795705, -32.041143493312184], [-52.09371229112743, -32.04121241186807], [-52.093450422751594, -32.04098017617951], [-52.09333388389895, -32.04110047551219]]]]}}, {"id": "391", "type": "Feature", "properties": {"numero": "050495", "area": 62897.16252328269}, "geometry": {"type": "Polygon", "coordinates": [[[-52.085312824866314, -32.044954828462004], [-52.085332121818375, -32.04470973473115], [-52.08501655804561, -32.04456208306901], [-52.084312500858786, -32.0447351660155], [-52.0840803086932, -32.04500444605232], [-52.083824762745024, -32.044956513477835], [-52.08337801727998, -32.04532786175794], [-52.08314267299065, -32.045329872834905], [-52.08312030664481, -32.04509618149244], [-52.08286495757158, -32.045064951187605], [-52.08275062912702, -32.04534992786903], [-52.08233818663345, -32.04530333229502], [-52.08218600808826, -32.045705572872606], [-52.08013987855573, -32.04608752357723], [-52.080185909074174, -32.046197021932855], [-52.085312824866314, -32.044954828462004]]]}}, {"id": "392", "type": "Feature", "properties": {"numero": "00070", "area": 5507.731032323092}, "geometry": {"type": "Polygon", "coordinates": [[[-52.16058982733225, -32.05603597344329], [-52.16059597996554, -32.056054403113215], [-52.16061452596167, -32.0560476218714], [-52.16058982733225, -32.05603597344329]]]}}, {"id": "393", "type": "Feature", "properties": {"numero": "NULL71", "area": 17190.528832874494}, "geometry": {"type": "Polygon", "coordinates": [[[-52.160219841723986, -32.054127764578794], [-52.16032793387197, -32.053894296869615], [-52.16020233298428, -32.053785355296554], [-52.16000095492077, -32.05366796893774], [-52.15948703469099, -32.053419724601454], [-52.15944309956287, -32.05340975244764], [-52.15941386197524, -32.0534170652411], [-52.15927632482417, -32.0536617078281], [-52.15929068435542, -32.0537025856138], [-52.159138463221176, -32.05398612315727], [-52.15966635163181, -32.053891175080715], [-52.16013924327348, -32.05426069156207], [-52.160219841723986, -32.054127764578794]]]}}, {"id": "394", "type": "Feature", "properties": {"numero": "0134", "area": 6247.981634616386}, "geometry": {"type": "Polygon", "coordinates": [[[-52.09195703831147, -32.038510927358736], [-52.092152734456434, -32.03922406179926], [-52.092929917818935, -32.039071379752], [-52.09275680937527, -32.038343748753476], [-52.09195703831147, -32.038510927358736]]]}}, {"id": "395", "type": "Feature", "properties": {"numero": "NULL21", "area": 7108.423037869961}, "geometry": {"type": "MultiPolygon", "coordinates": [[[[-52.08669049334243, -32.04021337498611], [-52.08669747537081, -32.040190820033224], [-52.08675141242923, -32.039618524833415], [-52.08659204316199, -32.040121528412996], [-52.08669049334243, -32.04021337498611]]], [[[-52.08680057004462, -32.03912984654213], [-52.086853661946776, -32.038637825734135], [-52.086839326027416, -32.03862380363331], [-52.086643409793595, -32.03865693935941], [-52.08662159360526, -32.03867132546705], [-52.08658374139058, -32.03906387400967], [-52.08680057004462, -32.03912984654213]]]]}}, {"id": "396", "type": "Feature", "properties": {"numero": "05004", "area": 8011.288312508259}, "geometry": {"type": "Polygon", "coordinates": [[[-52.082823351880066, -32.04720188327503], [-52.0824433320781, -32.04579263884984], [-52.081924447289516, -32.04591178294762], [-52.08230483989762, -32.047307374382235], [-52.082823351880066, -32.04720188327503]]]}}, {"id": "397", "type": "Feature", "properties": {"numero": "00668", "area": 4809.987455209717}, "geometry": {"type": "Polygon", "coordinates": [[[-52.143923937917315, -32.04941070578272], [-52.14425170689645, -32.04874974662871], [-52.143658613727226, -32.04855242774109], [-52.1434615398876, -32.04894348506738], [-52.143877376510034, -32.04929022739805], [-52.14390092240051, -32.04940315856028], [-52.143923937917315, -32.04941070578272]]]}}, {"id": "398", "type": "Feature", "properties": {"numero": "NULL21", "area": 7294.263618840436}, "geometry": {"type": "Polygon", "coordinates": [[[-52.086411756496936, -32.03860809539305], [-52.086583052319, -32.03856804909939], [-52.08659436149399, -32.03852667187522], [-52.08663567676564, -32.037896625253495], [-52.08658560764393, -32.037916405256034], [-52.086396802697166, -32.03853614150884], [-52.086411756496936, -32.03860809539305]]]}}, {"id": "399", "type": "Feature", "properties": {"numero": "00265", "area": 5947.149203769862}, "geometry": {"type": "Polygon", "coordinates": [[[-52.1104775623215, -32.04715964687689], [-52.110519265576784, -32.04718081236002], [-52.11055249141021, -32.04706245541924], [-52.1104775623215, -32.04715964687689]]]}}, {"id": "400", "type": "Feature", "properties": {"numero": "NULL22", "area": 738.106336193694}, "geometry": {"type": "Polygon", "coordinates": [[[-52.12265404385094, -32.03894019667493], [-52.12258435769488, -32.03890374646529], [-52.12257714702863, -32.03889997573581], [-52.12264957577657, -32.038947605520725], [-52.12265404385094, -32.03894019667493]]]}}, {"id": "401", "type": "Feature", "properties": {"numero": "00029", "area": 7100.199573293794}, "geometry": {"type": "Polygon", "coordinates": [[[-52.09150784420275, -32.0326940119956], [-52.09137005551614, -32.03216432390373], [-52.09023933981274, -32.03228767980309], [-52.09041839426284, -32.03290979261292], [-52.09148593998673, -32.032722346287244], [-52.09150784420275, -32.0326940119956]]]}}, {"id": "402", "type": "Feature", "properties": {"numero": "00266", "area": 6228.2759341560295}, "geometry": {"type": "Polygon", "coordinates": [[[-52.112216961852056, -32.04806470978405], [-52.112341521765075, -32.04789133408444], [-52.111981373589025, -32.04793769677667], [-52.112216961852056, -32.04806470978405]]]}}, {"id": "403", "type": "Feature", "properties": {"numero": "0133", "area": 6570.699484412093}, "geometry": {"type": "Polygon", "coordinates": [[[-52.09178868367087, -32.03854921956012], [-52.09077998919543, -32.03874604557155], [-52.09068758315143, -32.039019656935615], [-52.091703365935174, -32.03931348199171], [-52.09198440059158, -32.03925806059548], [-52.09178868367087, -32.03854921956012]]]}}, {"id": "404", "type": "Feature", "properties": {"numero": "493", "area": 6316.176206447184}, "geometry": {"type": "Polygon", "coordinates": [[[-52.08502661282002, -32.046892524182724], [-52.08435085761239, -32.04702640813666], [-52.08470636714766, -32.04839500333638], [-52.08486880777552, -32.04836324797731], [-52.08502661282002, -32.046892524182724]]]}}, {"id": "405", "type": "Feature", "properties": {"numero": "00530", "area": 6887.00782970537}, "geometry": {"type": "Polygon", "coordinates": [[[-52.098971697300776, -32.04320830355895], [-52.098838210603645, -32.04267508861902], [-52.097684222069525, -32.042890775027445], [-52.097662664995816, -32.042918198858665], [-52.09777820374588, -32.04341078910082], [-52.097802583864116, -32.043425103628955], [-52.098971697300776, -32.04320830355895]]]}}, {"id": "406", "type": "Feature", "properties": {"numero": "NULL23", "area": 3323.204246423673}, "geometry": {"type": "Polygon", "coordinates": [[[-52.158825591050544, -32.053435600120466], [-52.15885707195348, -32.05337540517853], [-52.15866031714823, -32.05329783087004], [-52.1586188294776, -32.05336727501163], [-52.15851752825435, -32.053327580254354], [-52.158361644810995, -32.05319464412387], [-52.15835054081102, -32.05321394461373], [-52.15820613690772, -32.053160534169], [-52.15803710390233, -32.053452967458284], [-52.15846508241567, -32.05363501826861], [-52.1589155586882, -32.05380919414246], [-52.15905810383296, -32.05352818986425], [-52.158825591050544, -32.053435600120466]]]}}, {"id": "407", "type": "Feature", "properties": {"numero": "NULL66", "area": 1623.9027055687038}, "geometry": {"type": "MultiPolygon", "coordinates": [[[[-52.08504066074269, -32.04841162932159], [-52.084997639736585, -32.04845265676951], [-52.08497158219513, -32.04852655818664], [-52.08500143082611, -32.04890989488141], [-52.08504066074269, -32.04841162932159]]], [[[-52.084958583332565, -32.04933304777998], [-52.08496459931416, -32.04937769791316], [-52.08497240017726, -32.04927861788038], [-52.084958583332565, -32.04933304777998]]]]}}, {"id": "408", "type": "Feature", "properties": {"numero": "NULL23", "area": 8009.537744089861}, "geometry": {"type": "Polygon", "coordinates": [[[-52.08626076747549, -32.035697349917136], [-52.08629272415033, -32.035576388491485], [-52.08630261100519, -32.035576908193036], [-52.08630559487754, -32.035339015611385], [-52.08631973341138, -32.035279869750035], [-52.086281870705, -32.03510116240644], [-52.08617696718633, -32.03512091208613], [-52.08626076747549, -32.035697349917136]]]}}, {"id": "409", "type": "Feature", "properties": {"numero": "00667", "area": 4847.936353953555}, "geometry": {"type": "Polygon", "coordinates": [[[-52.144303183871564, -32.048652241728306], [-52.144639949002006, -32.04798362081397], [-52.14404615502798, -32.047792460721816], [-52.143704302300144, -32.04845585590596], [-52.144303183871564, -32.048652241728306]]]}}, {"id": "411", "type": "Feature", "properties": {"numero": "0135", "area": 7302.301920529455}, "geometry": {"type": "Polygon", "coordinates": [[[-52.09293882966932, -32.038326772805135], [-52.09310115134029, -32.039036132564405], [-52.09404804512392, -32.03884544324458], [-52.093880506993465, -32.038142759811045], [-52.09293882966932, -32.038326772805135]]]}}, {"id": "412", "type": "Feature", "properties": {"numero": "NULL94", "area": 27679.772181881024}, "geometry": {"type": "Polygon", "coordinates": [[[-52.10832280778372, -32.0464260498542], [-52.10753225804982, -32.045882529989996], [-52.10733104288352, -32.04608840613133], [-52.10736720636083, -32.04611075099536], [-52.10713893348151, -32.04634250089907], [-52.10715218599516, -32.046352434188165], [-52.106987905670195, -32.0465241664638], [-52.107112220666075, -32.04661257865475], [-52.105243935701274, -32.04853578154546], [-52.10562017979366, -32.04880889231383], [-52.10624851039973, -32.048157968286226], [-52.10631698164887, -32.048205306981764], [-52.10707378845391, -32.04743191424395], [-52.10715985455579, -32.04749163035419], [-52.10726968123604, -32.04737743084427], [-52.10753721012409, -32.04752285238347], [-52.107813571660316, -32.047222430814614], [-52.10789708371119, -32.04727971593163], [-52.10853352513141, -32.046612707405316], [-52.10838091554883, -32.04654841746025], [-52.10851766468153, -32.04654722166833], [-52.10850994407657, -32.04652855743717], [-52.10832280778372, -32.0464260498542]]]}}, {"id": "413", "type": "Feature", "properties": {"numero": "060462", "area": 13068.376578686759}, "geometry": {"type": "Polygon", "coordinates": [[[-52.08607041313385, -32.03033641811492], [-52.085635359212155, -32.03022301863517], [-52.085488402954795, -32.03133353013931], [-52.086684690125416, -32.03144513372683], [-52.08679251649595, -32.03043644093556], [-52.08607041313385, -32.03033641811492]]]}}, {"id": "414", "type": "Feature", "properties": {"numero": "00012", "area": 10630.770752555749}, "geometry": {"type": "Polygon", "coordinates": [[[-52.093229805821146, -32.03111705085974], [-52.09298240313381, -32.03112427856703], [-52.0929531450779, -32.0311548441966], [-52.093229805821146, -32.03111705085974]]]}}, {"id": "415", "type": "Feature", "properties": {"numero": "00542", "area": 10146.147856057214}, "geometry": {"type": "Polygon", "coordinates": [[[-52.10059535237089, -32.04316152093534], [-52.10147857884263, -32.04164471641053], [-52.10154892934173, -32.04152743102109], [-52.101423587742325, -32.041518519088704], [-52.10134771454866, -32.04153282192882], [-52.10134575408024, -32.04152452225414], [-52.10130148207724, -32.041529524783684], [-52.10125632039485, -32.041538560137404], [-52.1012595126799, -32.04155069347323], [-52.10093448862363, -32.04161059445822], [-52.10093267954384, -32.041603308327886], [-52.10086470320559, -32.04161690803574], [-52.10086649757313, -32.04162425343183], [-52.1002824923923, -32.04173338554562], [-52.10027143038748, -32.041750670207534], [-52.10059535237089, -32.04316152093534]]]}}, {"id": "416", "type": "Feature", "properties": {"numero": "00011", "area": 12188.310772599652}, "geometry": {"type": "Polygon", "coordinates": [[[-52.09278375307843, -32.03113280279718], [-52.09152032190469, -32.0313544714799], [-52.091223372206365, -32.03141784981724], [-52.09142721267132, -32.03208218272963], [-52.09158627164764, -32.032062844362514], [-52.09155076150057, -32.03157563210308], [-52.09197879022305, -32.03128794627971], [-52.09279414035332, -32.03117656509218], [-52.09278375307843, -32.03113280279718]]]}}, {"id": "417", "type": "Feature", "properties": {"numero": "00204", "area": 9862.440997934902}, "geometry": {"type": "Polygon", "coordinates": [[[-52.10836818643129, -32.03408948987179], [-52.1088192371028, -32.03331557030299], [-52.10784248625526, -32.03295768759824], [-52.10779532454153, -32.03303876884699], [-52.10810164168463, -32.033136068464074], [-52.108340977297345, -32.033468093718916], [-52.10836818643129, -32.03408948987179]]]}}, {"id": "418", "type": "Feature", "properties": {"numero": "00004", "area": 6463.026576445438}, "geometry": {"type": "Polygon", "coordinates": [[[-52.092753193614904, -32.031030450261454], [-52.09256162092433, -32.03020565399919], [-52.091829878759846, -32.030338922555586], [-52.09203003152552, -32.031147833188996], [-52.092753193614904, -32.031030450261454]]]}}, {"id": "419", "type": "Feature", "properties": {"numero": "0074", "area": 8002.543470564124}, "geometry": {"type": "Polygon", "coordinates": [[[-52.089095571219204, -32.035248993564494], [-52.087904880096225, -32.035471511720615], [-52.08783721717108, -32.036100450528664], [-52.08785980301808, -32.03611902644434], [-52.08902909207426, -32.035898005559744], [-52.089040022365026, -32.03588831513499], [-52.089044073330484, -32.03581460934035], [-52.08905581884476, -32.035813853310124], [-52.08905251748771, -32.03573626519647], [-52.089108853059, -32.0352592714944], [-52.089095571219204, -32.035248993564494]]]}}, {"id": "420", "type": "Feature", "properties": {"numero": "NULL25", "area": 8834.338705377553}, "geometry": {"type": "Polygon", "coordinates": [[[-52.08633984378998, -32.03509417956742], [-52.08637805248605, -32.03542055849858], [-52.08636714978815, -32.03542100373796], [-52.086367650076866, -32.03551538668449], [-52.086354715628325, -32.035515966605296], [-52.08634984485063, -32.03567028631262], [-52.086329435330256, -32.035733788944974], [-52.08631291040662, -32.03573344339426], [-52.08630781724202, -32.03578193908332], [-52.086328984770105, -32.03578173065668], [-52.086321113040505, -32.035828713555155], [-52.0866439183953, -32.03639893115886], [-52.08677484198547, -32.03639632958923], [-52.08678221638497, -32.03614830485599], [-52.08682758888357, -32.035599084412816], [-52.08682404601065, -32.0351288565553], [-52.08680877497937, -32.03500962996042], [-52.08680457429371, -32.03500276486529], [-52.08633984378998, -32.03509417956742]]]}}, {"id": "421", "type": "Feature", "properties": {"numero": "500", "area": 7430.57071418874}, "geometry": {"type": "Polygon", "coordinates": [[[-52.08307369714194, -32.04812187860537], [-52.08188554078825, -32.04836019185916], [-52.08203523985888, -32.048925552308035], [-52.083230922726024, -32.04868918692009], [-52.08307369714194, -32.04812187860537]]]}}, {"id": "422", "type": "Feature", "properties": {"numero": "050498", "area": 7698.790845457017}, "geometry": {"type": "Polygon", "coordinates": [[[-52.08506802618256, -32.04676218404575], [-52.08521013145366, -32.045657748479336], [-52.085213665044805, -32.04546438418789], [-52.08522900181097, -32.04546017289964], [-52.08519976533894, -32.0454553895529], [-52.0851991101806, -32.0454311708114], [-52.08523094993146, -32.0454254211646], [-52.085246690674154, -32.04529728377783], [-52.085260268171936, -32.04529756079363], [-52.08526657378743, -32.045257355433236], [-52.085275120716126, -32.04511220448271], [-52.08525114758827, -32.04509563690321], [-52.08450791252642, -32.045285673934764], [-52.08492311759477, -32.0467825382995], [-52.08506802618256, -32.04676218404575]]]}}, {"id": "423", "type": "Feature", "properties": {"numero": "0106", "area": 8185.990092225373}, "geometry": {"type": "Polygon", "coordinates": [[[-52.092677095192094, -32.037170174931866], [-52.0936105257227, -32.036974453004], [-52.09344130616643, -32.03623869018802], [-52.093403140608956, -32.036196245524934], [-52.09248039069675, -32.0363607724047], [-52.092677095192094, -32.037170174931866]]]}}, {"id": "424", "type": "Feature", "properties": {"numero": "NULL25", "area": 9127.707074661419}, "geometry": {"type": "Polygon", "coordinates": [[[-52.11113466049028, -32.03184076045164], [-52.11115039149022, -32.03183329482155], [-52.111969512222366, -32.03045972882893], [-52.111954091145485, -32.03043261381346], [-52.11150324406568, -32.03024327325066], [-52.11147338329427, -32.03025632094918], [-52.110649797748835, -32.031629209400805], [-52.11065816840451, -32.03164495444061], [-52.11113466049028, -32.03184076045164]]]}}, {"id": "425", "type": "Feature", "properties": {"numero": "00689", "area": 7730.415846802293}, "geometry": {"type": "Polygon", "coordinates": [[[-52.14277460785688, -32.05001395132834], [-52.14201449024075, -32.049693124745886], [-52.141823070225556, -32.05006292171463], [-52.14276329856616, -32.050035821677426], [-52.14277460785688, -32.05001395132834]]]}}, {"id": "426", "type": "Feature", "properties": {"numero": "NULL21", "area": 7282.107094594145}, "geometry": {"type": "Polygon", "coordinates": [[[-52.109908276318244, -32.04725699113414], [-52.109069142475015, -32.04823040374515], [-52.10908891087216, -32.048251836080986], [-52.10919790548965, -32.048310294698986], [-52.10939192143449, -32.04838819815077], [-52.1095709872825, -32.048489343966146], [-52.10959582745924, -32.04848078210458], [-52.11036833999316, -32.04749974958321], [-52.109908276318244, -32.04725699113414]]]}}, {"id": "427", "type": "Feature", "properties": {"numero": "00005", "area": 6906.120241232216}, "geometry": {"type": "Polygon", "coordinates": [[[-52.09174643842881, -32.03035674315651], [-52.09090867246302, -32.03051587674303], [-52.091181527900375, -32.031288728267654], [-52.091934333758154, -32.0311599827763], [-52.09174643842881, -32.03035674315651]]]}}, {"id": "428", "type": "Feature", "properties": {"numero": "0131", "area": 6971.783520743484}, "geometry": {"type": "Polygon", "coordinates": [[[-52.090496548335, -32.03895095615616], [-52.09059738162034, -32.038664535686706], [-52.09037909803281, -32.03783557907396], [-52.08970750639086, -32.03798049989461], [-52.08992692157621, -32.038785551067676], [-52.090496548335, -32.03895095615616]]]}}]}