{"type": "FeatureCollection", "features": [{"type": "Feature", "geometry": {"type": "Polygon", "coordinates": [[[-51.60929105100747, -30.200371705285775], [-51.6095605455927, -30.20064119987101], [-51.6095605455927, -30.200371705285775], [-51.60929105100747, -30.200371705285775]]]}, "properties": {"cultura": "Outras Lavouras Temporárias"}}, {"type": "Feature", "geometry": {"type": "Polygon", "coordinates": [[[-51.60902155642223, -30.200371705285775], [-51.60929105100747, -30.200371705285775], [-51.60929105100747, -30.199832716115306], [-51.60902155642223, -30.199832716115306], [-51.60902155642223, -30.200371705285775]]]}, "properties": {"cultura": "Outras Lavouras Temporárias"}}, {"type": "Feature", "geometry": {"type": "Polygon", "coordinates": [[[-51.66750188141841, -30.180159611393087], [-51.66696289224794, -30.17935112763738], [-51.66534592473653, -30.180159611393087], [-51.66750188141841, -30.180159611393087]]]}, "properties": {"cultura": "Outras Lavouras Temporárias"}}, {"type": "Feature", "geometry": {"type": "Polygon", "coordinates": [[[-51.67423924604931, -30.177734160125965], [-51.675047729805016, -30.178273149296437], [-51.67531722439025, -30.177734160125965], [-51.67423924604931, -30.177734160125965]]]}, "properties": {"cultura": "Outras Lavouras Temporárias"}}, {"type": "Feature", "geometry": {"type": "Polygon", "coordinates": [[[-51.6734307622936, -30.171266290080304], [-51.6734307622936, -30.172074773836012], [-51.67396975146407, -30.172074773836012], [-51.6734307622936, -30.171266290080304]]]}, "properties": {"cultura": "Outras Lavouras Temporárias"}}, {"type": "Feature", "geometry": {"type": "Polygon", "coordinates": [[[-51.67828166482784, -30.162642463352757], [-51.67935964316879, -30.162642463352757], [-51.67935964316879, -30.162103474182285], [-51.678820653998315, -30.162103474182285], [-51.67828166482784, -30.162642463352757]]]}, "properties": {"cultura": "Outras Lavouras Temporárias"}}, {"type": "Feature", "geometry": {"type": "Polygon", "coordinates": [[[-51.68663599697016, -30.162103474182285], [-51.68609700779969, -30.161564485011812], [-51.68582751321445, -30.16237296876752], [-51.68663599697016, -30.162103474182285]]]}, "properties": {"cultura": "Outras Lavouras Temporárias"}}, {"type": "Feature", "geometry": {"type": "Polygon", "coordinates": [[[-51.66615440849223, -30.161294990426576], [-51.66561541932176, -30.16102549584134], [-51.66561541932176, -30.161294990426576], [-51.66615440849223, -30.161294990426576]]]}, "properties": {"cultura": "Outras Lavouras Temporárias"}}, {"type": "Feature", "geometry": {"type": "Polygon", "coordinates": [[[-51.66561541932176, -30.160756001256107], [-51.66507643015129, -30.16102549584134], [-51.66561541932176, -30.16102549584134], [-51.66561541932176, -30.160756001256107]]]}, "properties": {"cultura": "Outras Lavouras Temporárias"}}, {"type": "Feature", "geometry": {"type": "Polygon", "coordinates": [[[-51.67855115941308, -30.1599475175004], [-51.67935964316879, -30.161294990426576], [-51.67962913775403, -30.1599475175004], [-51.67855115941308, -30.1599475175004]]]}, "properties": {"cultura": "Outras Lavouras Temporárias"}}, {"type": "Feature", "geometry": {"type": "Polygon", "coordinates": [[[-51.683671556532566, -30.153479647454738], [-51.68259357819162, -30.15401863662521], [-51.683671556532566, -30.154288131210446], [-51.683671556532566, -30.153479647454738]]]}, "properties": {"cultura": "Outras Lavouras Temporárias"}}, {"type": "Feature", "geometry": {"type": "Polygon", "coordinates": [[[-51.60848256725176, -30.12679968351639], [-51.60929105100747, -30.127069178101625], [-51.60929105100747, -30.12679968351639], [-51.60848256725176, -30.12679968351639]]]}, "properties": {"cultura": "Outras Lavouras Temporárias"}}, {"type": "Feature", "geometry": {"type": "Polygon", "coordinates": [[[-51.60983004017794, -30.12679968351639], [-51.60929105100747, -30.126530188931152], [-51.60929105100747, -30.12679968351639], [-51.60983004017794, -30.12679968351639]]]}, "properties": {"cultura": "Outras Lavouras Temporárias"}}, {"type": "Feature", "geometry": {"type": "Polygon", "coordinates": [[[-51.67962913775403, -30.12329625390832], [-51.67989863233926, -30.123026759323086], [-51.67962913775403, -30.12275726473785], [-51.67962913775403, -30.12329625390832]]]}, "properties": {"cultura": "Outras Lavouras Temporárias"}}, {"type": "Feature", "geometry": {"type": "Polygon", "coordinates": [[[-51.67935964316879, -30.123026759323086], [-51.67801217024261, -30.123026759323086], [-51.67774267565738, -30.12275726473785], [-51.67774267565738, -30.12329625390832], [-51.67935964316879, -30.123026759323086]]]}, "properties": {"cultura": "Outras Lavouras Temporárias"}}, {"type": "Feature", "geometry": {"type": "Polygon", "coordinates": [[[-51.67747318107214, -30.12329625390832], [-51.67639520273119, -30.122218275567377], [-51.67612570814596, -30.123026759323086], [-51.67747318107214, -30.12329625390832]]]}, "properties": {"cultura": "Outras Lavouras Temporárias"}}, {"type": "Feature", "geometry": {"type": "Polygon", "coordinates": [[[-51.69229538326011, -30.122487770152613], [-51.69256487784535, -30.12275726473785], [-51.69256487784535, -30.122487770152613], [-51.69229538326011, -30.122487770152613]]]}, "properties": {"cultura": "Outras Lavouras Temporárias"}}, {"type": "Feature", "geometry": {"type": "Polygon", "coordinates": [[[-51.67935964316879, -30.122487770152613], [-51.67962913775403, -30.12275726473785], [-51.67962913775403, -30.122487770152613], [-51.67935964316879, -30.122487770152613]]]}, "properties": {"cultura": "Outras Lavouras Temporárias"}}, {"type": "Feature", "geometry": {"type": "Polygon", "coordinates": [[[-51.68906144823728, -30.12167928639691], [-51.689600437407755, -30.12329625390832], [-51.689330942822515, -30.12167928639691], [-51.68906144823728, -30.12167928639691]]]}, "properties": {"cultura": "Outras Lavouras Temporárias"}}, {"type": "Feature", "geometry": {"type": "Polygon", "coordinates": [[[-51.69202588867488, -30.122487770152613], [-51.69229538326011, -30.122487770152613], [-51.69229538326011, -30.122218275567377], [-51.69202588867488, -30.122218275567377], [-51.69202588867488, -30.122487770152613]]]}, "properties": {"cultura": "Outras Lavouras Temporárias"}}, {"type": "Feature", "geometry": {"type": "Polygon", "coordinates": [[[-51.691217404919165, -30.12194878098214], [-51.691486899504405, -30.122218275567377], [-51.691486899504405, -30.12194878098214], [-51.691217404919165, -30.12194878098214]]]}, "properties": {"cultura": "Outras Lavouras Temporárias"}}, {"type": "Feature", "geometry": {"type": "Polygon", "coordinates": [[[-51.677203686486905, -30.1208708026412], [-51.67585621356072, -30.120601308055964], [-51.675047729805016, -30.122218275567377], [-51.677203686486905, -30.12194878098214], [-51.677203686486905, -30.1208708026412]], [[-51.67558671897549, -30.12167928639691], [-51.67585621356072, -30.121409791811672], [-51.67585621356072, -30.12167928639691], [-51.67558671897549, -30.12167928639691]]]}, "properties": {"cultura": "Outras Lavouras Temporárias"}}, {"type": "Feature", "geometry": {"type": "Polygon", "coordinates": [[[-51.69175639408964, -30.122218275567377], [-51.69256487784535, -30.12194878098214], [-51.69256487784535, -30.1208708026412], [-51.69175639408964, -30.120601308055964], [-51.69202588867488, -30.121140297226436], [-51.691217404919165, -30.12167928639691], [-51.691486899504405, -30.12167928639691], [-51.69175639408964, -30.122218275567377]], [[-51.69202588867488, -30.121140297226436], [-51.69229538326011, -30.121409791811672], [-51.69202588867488, -30.121409791811672], [-51.69202588867488, -30.121140297226436]]]}, "properties": {"cultura": "Outras Lavouras Temporárias"}}, {"type": "Feature", "geometry": {"type": "Polygon", "coordinates": [[[-51.679090148583555, -30.12167928639691], [-51.67989863233926, -30.121140297226436], [-51.679090148583555, -30.121140297226436], [-51.679090148583555, -30.12167928639691]]]}, "properties": {"cultura": "Outras Lavouras Temporárias"}}, {"type": "Feature", "geometry": {"type": "Polygon", "coordinates": [[[-51.683132567362094, -30.121409791811672], [-51.68259357819162, -30.121409791811672], [-51.68232408360638, -30.121140297226436], [-51.68232408360638, -30.12167928639691], [-51.683132567362094, -30.121409791811672]]]}, "properties": {"cultura": "Outras Lavouras Temporárias"}}, {"type": "Feature", "geometry": {"type": "Polygon", "coordinates": [[[-51.67181379478219, -30.120601308055964], [-51.672622278537894, -30.12194878098214], [-51.67370025687884, -30.121140297226436], [-51.67423924604931, -30.122487770152613], [-51.67531722439025, -30.120331813470727], [-51.67181379478219, -30.120601308055964]]]}, "properties": {"cultura": "Outras Lavouras Temporárias"}}, {"type": "Feature", "geometry": {"type": "Polygon", "coordinates": [[[-51.68205458902115, -30.1208708026412], [-51.68232408360638, -30.121140297226436], [-51.68232408360638, -30.1208708026412], [-51.68205458902115, -30.1208708026412]]]}, "properties": {"cultura": "Outras Lavouras Temporárias"}}, {"type": "Feature", "geometry": {"type": "Polygon", "coordinates": [[[-51.69040892116346, -30.1208708026412], [-51.691217404919165, -30.1208708026412], [-51.69175639408964, -30.121140297226436], [-51.691486899504405, -30.120601308055964], [-51.69040892116346, -30.1208708026412]]]}, "properties": {"cultura": "Outras Lavouras Temporárias"}}, {"type": "Feature", "geometry": {"type": "Polygon", "coordinates": [[[-51.69013942657823, -30.120331813470727], [-51.689600437407755, -30.119792824300255], [-51.68879195365204, -30.120601308055964], [-51.68986993199299, -30.1208708026412], [-51.68986993199299, -30.12194878098214], [-51.69013942657823, -30.120331813470727]]]}, "properties": {"cultura": "Outras Lavouras Temporárias"}}, {"type": "Feature", "geometry": {"type": "Polygon", "coordinates": [[[-51.699841231646715, -30.121140297226436], [-51.70064971540242, -30.121140297226436], [-51.70011072623195, -30.12006231888549], [-51.699841231646715, -30.12006231888549], [-51.699841231646715, -30.121140297226436]]]}, "properties": {"cultura": "Outras Lavouras Temporárias"}}, {"type": "Feature", "geometry": {"type": "Polygon", "coordinates": [[[-51.69364285618629, -30.121140297226436], [-51.69418184535676, -30.119792824300255], [-51.69364285618629, -30.119792824300255], [-51.69364285618629, -30.121140297226436]]]}, "properties": {"cultura": "Outras Lavouras Temporárias"}}, {"type": "Feature", "geometry": {"type": "Polygon", "coordinates": [[[-51.697146285794354, -30.120331813470727], [-51.697954769550066, -30.11952332971502], [-51.69633780203865, -30.118984340544547], [-51.696068307453416, -30.11952332971502], [-51.697146285794354, -30.120331813470727]]]}, "properties": {"cultura": "Outras Lavouras Temporárias"}}, {"type": "Feature", "geometry": {"type": "Polygon", "coordinates": [[[-51.69418184535676, -30.11952332971502], [-51.694451339942, -30.119792824300255], [-51.694451339942, -30.11952332971502], [-51.69418184535676, -30.11952332971502]]]}, "properties": {"cultura": "Outras Lavouras Temporárias"}}, {"type": "Feature", "geometry": {"type": "Polygon", "coordinates": [[[-51.69229538326011, -30.12006231888549], [-51.69202588867488, -30.119253835129783], [-51.69175639408964, -30.119253835129783], [-51.691486899504405, -30.12006231888549], [-51.69229538326011, -30.12006231888549]]]}, "properties": {"cultura": "Outras Lavouras Temporárias"}}, {"type": "Feature", "geometry": {"type": "Polygon", "coordinates": [[[-51.691486899504405, -30.119253835129783], [-51.691217404919165, -30.119792824300255], [-51.691486899504405, -30.119792824300255], [-51.691486899504405, -30.119253835129783]]]}, "properties": {"cultura": "Outras Lavouras Temporárias"}}, {"type": "Feature", "geometry": {"type": "Polygon", "coordinates": [[[-51.682863072776854, -30.11817585678884], [-51.68124610526544, -30.118984340544547], [-51.68124610526544, -30.119792824300255], [-51.682863072776854, -30.119792824300255], [-51.682863072776854, -30.11817585678884]]]}, "properties": {"cultura": "Outras Lavouras Temporárias"}}, {"type": "Feature", "geometry": {"type": "Polygon", "coordinates": [[[-51.693373361601054, -30.11817585678884], [-51.69094791033393, -30.117097878447897], [-51.68986993199299, -30.117906362203605], [-51.68986993199299, -30.119792824300255], [-51.69067841574869, -30.12006231888549], [-51.69040892116346, -30.118984340544547], [-51.691217404919165, -30.11871484595931], [-51.693373361601054, -30.119253835129783], [-51.693373361601054, -30.11817585678884]], [[-51.69229538326011, -30.11871484595931], [-51.69256487784535, -30.118445351374078], [-51.69256487784535, -30.11871484595931], [-51.69229538326011, -30.11871484595931]]]}, "properties": {"cultura": "Outras Lavouras Temporárias"}}, {"type": "Feature", "geometry": {"type": "Polygon", "coordinates": [[[-51.68636650238492, -30.118445351374078], [-51.68609700779969, -30.119792824300255], [-51.687444480725866, -30.119792824300255], [-51.68663599697016, -30.11871484595931], [-51.689330942822515, -30.11817585678884], [-51.689600437407755, -30.117097878447897], [-51.68636650238492, -30.118445351374078]]]}, "properties": {"cultura": "Outras Lavouras Temporárias"}}, {"type": "Feature", "geometry": {"type": "Polygon", "coordinates": [[[-51.68070711609497, -30.11682838386266], [-51.68151559985068, -30.117097878447897], [-51.68151559985068, -30.11682838386266], [-51.68070711609497, -30.11682838386266]]]}, "properties": {"cultura": "Outras Lavouras Temporárias"}}, {"type": "Feature", "geometry": {"type": "Polygon", "coordinates": [[[-51.664537440980816, -30.11628939469219], [-51.66372895722511, -30.116558889277425], [-51.66399845181034, -30.117097878447897], [-51.664537440980816, -30.11682838386266], [-51.664537440980816, -30.11628939469219]]]}, "properties": {"cultura": "Outras Lavouras Temporárias"}}, {"type": "Feature", "geometry": {"type": "Polygon", "coordinates": [[[-51.68798346989634, -30.11628939469219], [-51.68825296448157, -30.116558889277425], [-51.68825296448157, -30.11628939469219], [-51.68798346989634, -30.11628939469219]]]}, "properties": {"cultura": "Outras Lavouras Temporárias"}}, {"type": "Feature", "geometry": {"type": "Polygon", "coordinates": [[[-51.68663599697016, -30.115480910936483], [-51.68690549155539, -30.115750405521716], [-51.68690549155539, -30.115480910936483], [-51.68663599697016, -30.115480910936483]]]}, "properties": {"cultura": "Outras Lavouras Temporárias"}}, {"type": "Feature", "geometry": {"type": "Polygon", "coordinates": [[[-51.687444480725866, -30.115480910936483], [-51.68690549155539, -30.11494192176601], [-51.68690549155539, -30.115480910936483], [-51.687444480725866, -30.115480910936483]]]}, "properties": {"cultura": "Outras Lavouras Temporárias"}}, {"type": "Feature", "geometry": {"type": "Polygon", "coordinates": [[[-51.676934191901665, -30.115211416351247], [-51.67989863233926, -30.115211416351247], [-51.68070711609497, -30.116019900106952], [-51.68043762150973, -30.11682838386266], [-51.68070711609497, -30.11682838386266], [-51.680976610680204, -30.116558889277425], [-51.68043762150973, -30.11359444883983], [-51.676934191901665, -30.11440293259554], [-51.67774267565738, -30.11359444883983], [-51.676934191901665, -30.113324954254594], [-51.67612570814596, -30.114133438010303], [-51.676934191901665, -30.115211416351247]]]}, "properties": {"cultura": "Outras Lavouras Temporárias"}}, {"type": "Feature", "geometry": {"type": "Polygon", "coordinates": [[[-51.66992733268553, -30.116019900106952], [-51.67154430019695, -30.11494192176601], [-51.670466321856004, -30.11494192176601], [-51.670466321856004, -30.114133438010303], [-51.6696578381003, -30.114672427180775], [-51.66992733268553, -30.116019900106952]]]}, "properties": {"cultura": "Outras Lavouras Temporárias"}}, {"type": "Feature", "geometry": {"type": "Polygon", "coordinates": [[[-51.687444480725866, -30.11359444883983], [-51.68825296448157, -30.11628939469219], [-51.69040892116346, -30.115750405521716], [-51.689600437407755, -30.11494192176601], [-51.68986993199299, -30.114133438010303], [-51.687444480725866, -30.11359444883983]]]}, "properties": {"cultura": "Outras Lavouras Temporárias"}}, {"type": "Feature", "geometry": {"type": "Polygon", "coordinates": [[[-51.67154430019695, -30.114672427180775], [-51.67181379478219, -30.11494192176601], [-51.67181379478219, -30.114672427180775], [-51.67154430019695, -30.114672427180775]]]}, "properties": {"cultura": "Outras Lavouras Temporárias"}}, {"type": "Feature", "geometry": {"type": "Polygon", "coordinates": [[[-51.672891773123126, -30.111438492157944], [-51.67396975146407, -30.11170798674318], [-51.67396975146407, -30.111438492157944], [-51.672891773123126, -30.111438492157944]]]}, "properties": {"cultura": "Outras Lavouras Temporárias"}}, {"type": "Feature", "geometry": {"type": "Polygon", "coordinates": [[[-51.672891773123126, -30.111438492157944], [-51.672891773123126, -30.111168997572708], [-51.672622278537894, -30.111168997572708], [-51.672622278537894, -30.111438492157944], [-51.672891773123126, -30.111438492157944]]]}, "properties": {"cultura": "Outras Lavouras Temporárias"}}, {"type": "Feature", "geometry": {"type": "Polygon", "coordinates": [[[-51.672352783952654, -30.111168997572708], [-51.672622278537894, -30.110360513817], [-51.672352783952654, -30.110360513817], [-51.672352783952654, -30.111168997572708]]]}, "properties": {"cultura": "Outras Lavouras Temporárias"}}, {"type": "Feature", "geometry": {"type": "Polygon", "coordinates": [[[-51.680976610680204, -30.110091019231763], [-51.68043762150973, -30.110899502987472], [-51.68205458902115, -30.111168997572708], [-51.680976610680204, -30.110899502987472], [-51.680976610680204, -30.110091019231763]]]}, "properties": {"cultura": "Outras Lavouras Temporárias"}}, {"type": "Feature", "geometry": {"type": "Polygon", "coordinates": [[[-51.68178509443591, -30.110360513817], [-51.68259357819162, -30.109821524646527], [-51.68178509443591, -30.109821524646527], [-51.68178509443591, -30.110360513817]]]}, "properties": {"cultura": "Outras Lavouras Temporárias"}}, {"type": "Feature", "geometry": {"type": "Polygon", "coordinates": [[[-51.671274805611716, -30.109013040890822], [-51.67181379478219, -30.109821524646527], [-51.67181379478219, -30.109013040890822], [-51.671274805611716, -30.109013040890822]]]}, "properties": {"cultura": "Outras Lavouras Temporárias"}}, {"type": "Feature", "geometry": {"type": "Polygon", "coordinates": [[[-51.671274805611716, -30.103084160015634], [-51.670735816441244, -30.10335365460087], [-51.670735816441244, -30.10389264377134], [-51.671274805611716, -30.103084160015634]]]}, "properties": {"cultura": "Outras Lavouras Temporárias"}}, {"type": "Feature", "geometry": {"type": "Polygon", "coordinates": [[[-51.670735816441244, -30.10335365460087], [-51.67019682727077, -30.10254517084516], [-51.67019682727077, -30.10335365460087], [-51.670735816441244, -30.10335365460087]]]}, "properties": {"cultura": "Outras Lavouras Temporárias"}}, {"type": "Feature", "geometry": {"type": "Polygon", "coordinates": [[[-51.62546072612162, -30.102275676259925], [-51.62465224236591, -30.103084160015634], [-51.62546072612162, -30.102814665430397], [-51.62546072612162, -30.102275676259925]]]}, "properties": {"cultura": "Outras Lavouras Temporárias"}}, {"type": "Feature", "geometry": {"type": "Polygon", "coordinates": [[[-51.623035274854495, -30.096346795384736], [-51.62222679109879, -30.09688578455521], [-51.623304769439734, -30.09688578455521], [-51.623035274854495, -30.096346795384736]]]}, "properties": {"cultura": "Outras Lavouras Temporárias"}}, {"type": "Feature", "geometry": {"type": "Polygon", "coordinates": [[[-51.68906144823728, -30.094460333288087], [-51.689330942822515, -30.09472982787332], [-51.689330942822515, -30.094460333288087], [-51.68906144823728, -30.094460333288087]]]}, "properties": {"cultura": "Outras Lavouras Temporárias"}}, {"type": "Feature", "geometry": {"type": "Polygon", "coordinates": [[[-51.68879195365204, -30.09284336577667], [-51.68879195365204, -30.094460333288087], [-51.68906144823728, -30.094460333288087], [-51.68879195365204, -30.09284336577667]]]}, "properties": {"cultura": "Outras Lavouras Temporárias"}}, {"type": "Feature", "geometry": {"type": "Polygon", "coordinates": [[[-51.68178509443591, -30.091226398265256], [-51.683132567362094, -30.09203488202096], [-51.683402061947326, -30.091226398265256], [-51.68178509443591, -30.091226398265256]]]}, "properties": {"cultura": "Outras Lavouras Temporárias"}}, {"type": "Feature", "geometry": {"type": "Polygon", "coordinates": [[[-51.68205458902115, -30.090687409094784], [-51.683402061947326, -30.09095690368002], [-51.6839410511178, -30.089339936168603], [-51.68259357819162, -30.089070441583367], [-51.683402061947326, -30.08960943075384], [-51.682863072776854, -30.090687409094784], [-51.68205458902115, -30.090687409094784]]]}, "properties": {"cultura": "Outras Lavouras Temporárias"}}, {"type": "Feature", "geometry": {"type": "Polygon", "coordinates": [[[-51.68205458902115, -30.087992463242426], [-51.68178509443591, -30.08880094699813], [-51.68259357819162, -30.087992463242426], [-51.68205458902115, -30.087992463242426]]]}, "properties": {"cultura": "Outras Lavouras Temporárias"}}, {"type": "Feature", "geometry": {"type": "Polygon", "coordinates": [[[-51.613333469786006, -30.084219539049123], [-51.61171650227459, -30.08637549573101], [-51.612794480615534, -30.086644990316245], [-51.612524986030294, -30.087992463242426], [-51.61656740480883, -30.089339936168603], [-51.61845386690548, -30.087183979486717], [-51.61791487773501, -30.086644990316245], [-51.61872336149072, -30.086644990316245], [-51.61575892105313, -30.086106001145772], [-51.61548942646789, -30.08502802280483], [-51.613333469786006, -30.084219539049123]]]}, "properties": {"cultura": "Outras Lavouras Temporárias"}}, {"type": "Feature", "geometry": {"type": "Polygon", "coordinates": [[[-51.67396975146407, -30.08691448490148], [-51.67477823521978, -30.08691448490148], [-51.67477823521978, -30.086106001145772], [-51.67396975146407, -30.086106001145772], [-51.67396975146407, -30.08691448490148]]]}, "properties": {"cultura": "Outras Lavouras Temporárias"}}, {"type": "Feature", "geometry": {"type": "Polygon", "coordinates": [[[-51.61117751310412, -30.085297517390067], [-51.61171650227459, -30.08502802280483], [-51.61117751310412, -30.08502802280483], [-51.61117751310412, -30.085297517390067]]]}, "properties": {"cultura": "Outras Lavouras Temporárias"}}, {"type": "Feature", "geometry": {"type": "Polygon", "coordinates": [[[-51.61171650227459, -30.084758528219595], [-51.61198599685982, -30.08502802280483], [-51.61198599685982, -30.084758528219595], [-51.61171650227459, -30.084758528219595]]]}, "properties": {"cultura": "Outras Lavouras Temporárias"}}, {"type": "Feature", "geometry": {"type": "Polygon", "coordinates": [[[-51.610638523933645, -30.08502802280483], [-51.610908018518884, -30.084219539049123], [-51.610638523933645, -30.084219539049123], [-51.610638523933645, -30.08502802280483]]]}, "properties": {"cultura": "Outras Lavouras Temporárias"}}, {"type": "Feature", "geometry": {"type": "Polygon", "coordinates": [[[-51.629772639485395, -30.083141560708178], [-51.6305811232411, -30.08368054987865], [-51.63085061782633, -30.083141560708178], [-51.629772639485395, -30.083141560708178]]]}, "properties": {"cultura": "Outras Lavouras Temporárias"}}, {"type": "Feature", "geometry": {"type": "Polygon", "coordinates": [[[-51.62788617738874, -30.082063582367237], [-51.62815567197398, -30.082333076952473], [-51.62815567197398, -30.082063582367237], [-51.62788617738874, -30.082063582367237]]]}, "properties": {"cultura": "Outras Lavouras Temporárias"}}, {"type": "Feature", "geometry": {"type": "Polygon", "coordinates": [[[-51.62815567197398, -30.081524593196765], [-51.62869466114445, -30.082063582367237], [-51.62869466114445, -30.081524593196765], [-51.62815567197398, -30.081524593196765]]]}, "properties": {"cultura": "Outras Lavouras Temporárias"}}, {"type": "Feature", "geometry": {"type": "Polygon", "coordinates": [[[-51.63112011241157, -30.080985604026292], [-51.63192859616728, -30.08044661485582], [-51.63192859616728, -30.079099141929643], [-51.63085061782633, -30.079099141929643], [-51.63004213407063, -30.080177120270584], [-51.63112011241157, -30.080985604026292]]]}, "properties": {"cultura": "Outras Lavouras Temporárias"}}, {"type": "Feature", "geometry": {"type": "Polygon", "coordinates": [[[-51.614680942712184, -30.07963813110011], [-51.61360296437124, -30.07963813110011], [-51.613333469786006, -30.08044661485582], [-51.61387245895648, -30.08044661485582], [-51.614680942712184, -30.07963813110011]]]}, "properties": {"cultura": "Outras Lavouras Temporárias"}}, {"type": "Feature", "geometry": {"type": "Polygon", "coordinates": [[[-51.60929105100747, -30.078021163588698], [-51.60983004017794, -30.078829647344406], [-51.61009953476317, -30.078021163588698], [-51.60929105100747, -30.078021163588698]]]}, "properties": {"cultura": "Outras Lavouras Temporárias"}}, {"type": "Feature", "geometry": {"type": "Polygon", "coordinates": [[[-51.61036902934841, -30.067510874764498], [-51.60983004017794, -30.067241380179265], [-51.6095605455927, -30.06804986393497], [-51.60983004017794, -30.06939733686115], [-51.61036902934841, -30.067510874764498]]]}, "properties": {"cultura": "Outras Lavouras Temporárias"}}, {"type": "Feature", "geometry": {"type": "Polygon", "coordinates": [[[-51.61548942646789, -30.059426037207423], [-51.614950437297416, -30.058617553451715], [-51.61441144812695, -30.059965026377895], [-51.61548942646789, -30.059426037207423]]]}, "properties": {"cultura": "Outras Lavouras Temporárias"}}, {"type": "Feature", "geometry": {"type": "Polygon", "coordinates": [[[-51.61575892105313, -30.058348058866482], [-51.615219931882656, -30.058617553451715], [-51.61575892105313, -30.058617553451715], [-51.61575892105313, -30.058348058866482]]]}, "properties": {"cultura": "Outras Lavouras Temporárias"}}, {"type": "Feature", "geometry": {"type": "Polygon", "coordinates": [[[-51.61575892105313, -30.058078564281246], [-51.61602841563836, -30.058348058866482], [-51.61602841563836, -30.058078564281246], [-51.61575892105313, -30.058078564281246]]]}, "properties": {"cultura": "Outras Lavouras Temporárias"}}, {"type": "Feature", "geometry": {"type": "Polygon", "coordinates": [[[-51.61171650227459, -30.0570005859403], [-51.610638523933645, -30.058348058866482], [-51.61171650227459, -30.059156542622187], [-51.61225549144506, -30.05780906969601], [-51.61171650227459, -30.05646159676983], [-51.61117751310412, -30.05646159676983], [-51.61171650227459, -30.0570005859403]]]}, "properties": {"cultura": "Outras Lavouras Temporárias"}}, {"type": "Feature", "geometry": {"type": "Polygon", "coordinates": [[[-51.619262350661195, -30.057539575110773], [-51.6200708344169, -30.0570005859403], [-51.619262350661195, -30.0570005859403], [-51.619262350661195, -30.057539575110773]]]}, "properties": {"cultura": "Outras Lavouras Temporárias"}}, {"type": "Feature", "geometry": {"type": "Polygon", "coordinates": [[[-51.61360296437124, -30.056731091355065], [-51.61387245895648, -30.0570005859403], [-51.61387245895648, -30.056731091355065], [-51.61360296437124, -30.056731091355065]]]}, "properties": {"cultura": "Outras Lavouras Temporárias"}}, {"type": "Feature", "geometry": {"type": "Polygon", "coordinates": [[[-51.612794480615534, -30.056731091355065], [-51.61360296437124, -30.056731091355065], [-51.61360296437124, -30.05646159676983], [-51.612794480615534, -30.056192102184593], [-51.612794480615534, -30.056731091355065]]]}, "properties": {"cultura": "Outras Lavouras Temporárias"}}, {"type": "Feature", "geometry": {"type": "Polygon", "coordinates": [[[-51.61387245895648, -30.05646159676983], [-51.61360296437124, -30.056192102184593], [-51.61360296437124, -30.05646159676983], [-51.61387245895648, -30.05646159676983]]]}, "properties": {"cultura": "Outras Lavouras Temporárias"}}, {"type": "Feature", "geometry": {"type": "Polygon", "coordinates": [[[-51.614680942712184, -30.05565311301412], [-51.61441144812695, -30.056192102184593], [-51.61387245895648, -30.056731091355065], [-51.614680942712184, -30.056731091355065], [-51.614680942712184, -30.05565311301412]]]}, "properties": {"cultura": "Outras Lavouras Temporárias"}}, {"type": "Feature", "geometry": {"type": "Polygon", "coordinates": [[[-51.61414195354171, -30.055922607599356], [-51.61387245895648, -30.056192102184593], [-51.61414195354171, -30.056192102184593], [-51.61414195354171, -30.055922607599356]]]}, "properties": {"cultura": "Outras Lavouras Temporárias"}}, {"type": "Feature", "geometry": {"type": "Polygon", "coordinates": [[[-51.61872336149072, -30.056731091355065], [-51.61872336149072, -30.05376665091747], [-51.61791487773501, -30.05376665091747], [-51.61872336149072, -30.056731091355065]]]}, "properties": {"cultura": "Outras Lavouras Temporárias"}}, {"type": "Feature", "geometry": {"type": "Polygon", "coordinates": [[[-51.61414195354171, -30.054305640087943], [-51.612794480615534, -30.05457513467318], [-51.612794480615534, -30.05511412384365], [-51.61387245895648, -30.055383618428884], [-51.61414195354171, -30.054305640087943]]]}, "properties": {"cultura": "Outras Lavouras Temporárias"}}, {"type": "Feature", "geometry": {"type": "Polygon", "coordinates": [[[-51.62060982358737, -30.05565311301412], [-51.621148812757845, -30.054036145502707], [-51.62060982358737, -30.054844629258415], [-51.62060982358737, -30.054036145502707], [-51.6200708344169, -30.05376665091747], [-51.62060982358737, -30.05565311301412]]]}, "properties": {"cultura": "Outras Lavouras Temporárias"}}, {"type": "Feature", "geometry": {"type": "Polygon", "coordinates": [[[-51.6200708344169, -30.054305640087943], [-51.61980133983167, -30.05457513467318], [-51.6200708344169, -30.05457513467318], [-51.6200708344169, -30.054305640087943]]]}, "properties": {"cultura": "Outras Lavouras Temporárias"}}, {"type": "Feature", "geometry": {"type": "Polygon", "coordinates": [[[-51.61414195354171, -30.053497156332234], [-51.61441144812695, -30.054305640087943], [-51.61441144812695, -30.053497156332234], [-51.61414195354171, -30.053497156332234]]]}, "properties": {"cultura": "Outras Lavouras Temporárias"}}, {"type": "Feature", "geometry": {"type": "Polygon", "coordinates": [[[-51.62034032900214, -30.053227661746998], [-51.62060982358737, -30.05376665091747], [-51.62060982358737, -30.053227661746998], [-51.62034032900214, -30.053227661746998]]]}, "properties": {"cultura": "Outras Lavouras Temporárias"}}, {"type": "Feature", "geometry": {"type": "Polygon", "coordinates": [[[-51.61009953476317, -30.053227661746998], [-51.60929105100747, -30.053497156332234], [-51.60929105100747, -30.05376665091747], [-51.61009953476317, -30.05376665091747], [-51.61009953476317, -30.053227661746998]]]}, "properties": {"cultura": "Outras Lavouras Temporárias"}}, {"type": "Feature", "geometry": {"type": "Polygon", "coordinates": [[[-51.60902155642223, -30.053227661746998], [-51.60929105100747, -30.053497156332234], [-51.60929105100747, -30.053227661746998], [-51.60902155642223, -30.053227661746998]]]}, "properties": {"cultura": "Outras Lavouras Temporárias"}}, {"type": "Feature", "geometry": {"type": "Polygon", "coordinates": [[[-51.61441144812695, -30.052958167161762], [-51.614950437297416, -30.053497156332234], [-51.614950437297416, -30.052958167161762], [-51.61441144812695, -30.052958167161762]]]}, "properties": {"cultura": "Outras Lavouras Temporárias"}}, {"type": "Feature", "geometry": {"type": "Polygon", "coordinates": [[[-51.62060982358737, -30.052958167161762], [-51.62087931817261, -30.053227661746998], [-51.62087931817261, -30.052958167161762], [-51.62060982358737, -30.052958167161762]]]}, "properties": {"cultura": "Outras Lavouras Temporárias"}}, {"type": "Feature", "geometry": {"type": "Polygon", "coordinates": [[[-51.61009953476317, -30.052688672576526], [-51.61036902934841, -30.052958167161762], [-51.61036902934841, -30.052688672576526], [-51.61009953476317, -30.052688672576526]]]}, "properties": {"cultura": "Outras Lavouras Temporárias"}}, {"type": "Feature", "geometry": {"type": "Polygon", "coordinates": [[[-51.61036902934841, -30.053227661746998], [-51.61225549144506, -30.052688672576526], [-51.61144700768936, -30.05241917799129], [-51.61225549144506, -30.052149683406057], [-51.61225549144506, -30.05188018882082], [-51.610908018518884, -30.05188018882082], [-51.61036902934841, -30.053227661746998]]]}, "properties": {"cultura": "Outras Lavouras Temporárias"}}, {"type": "Feature", "geometry": {"type": "Polygon", "coordinates": [[[-51.612524986030294, -30.05241917799129], [-51.61225549144506, -30.052149683406057], [-51.61225549144506, -30.05241917799129], [-51.612524986030294, -30.05241917799129]]]}, "properties": {"cultura": "Outras Lavouras Temporárias"}}, {"type": "Feature", "geometry": {"type": "Polygon", "coordinates": [[[-51.602823180961806, -30.20603109157573], [-51.60309267554704, -30.206300586160964], [-51.60309267554704, -30.20603109157573], [-51.602823180961806, -30.20603109157573]]]}, "properties": {"cultura": "Outras Lavouras Temporárias"}}, {"type": "Feature", "geometry": {"type": "Polygon", "coordinates": [[[-51.60120621345039, -30.20603109157573], [-51.60174520262086, -30.206300586160964], [-51.60174520262086, -30.20603109157573], [-51.60120621345039, -30.20603109157573]]]}, "properties": {"cultura": "Outras Lavouras Temporárias"}}, {"type": "Feature", "geometry": {"type": "Polygon", "coordinates": [[[-51.602553686376574, -30.204414124064314], [-51.602284191791334, -30.20468361864955], [-51.602553686376574, -30.20468361864955], [-51.602553686376574, -30.204414124064314]]]}, "properties": {"cultura": "Outras Lavouras Temporárias"}}, {"type": "Feature", "geometry": {"type": "Polygon", "coordinates": [[[-51.604979137643696, -30.2027971565529], [-51.602553686376574, -30.204144629479078], [-51.602823180961806, -30.204414124064314], [-51.602553686376574, -30.20549210240526], [-51.6020146972061, -30.20468361864955], [-51.60120621345039, -30.20549210240526], [-51.60174520262086, -30.20603109157573], [-51.602823180961806, -30.20603109157573], [-51.602823180961806, -30.205761596990495], [-51.604170653887984, -30.20603109157573], [-51.604979137643696, -30.20468361864955], [-51.60632661056987, -30.204414124064314], [-51.604979137643696, -30.2027971565529]], [[-51.602284191791334, -30.20549210240526], [-51.6020146972061, -30.205761596990495], [-51.6020146972061, -30.20549210240526], [-51.602284191791334, -30.20549210240526]], [[-51.604979137643696, -30.204144629479078], [-51.60390115930275, -30.20468361864955], [-51.604170653887984, -30.203875134893842], [-51.604979137643696, -30.204144629479078]]]}, "properties": {"cultura": "Outras Lavouras Temporárias"}}, {"type": "Feature", "geometry": {"type": "Polygon", "coordinates": [[[-51.606865599740345, -30.201719178211956], [-51.60551812681417, -30.20144968362672], [-51.60605711598463, -30.201719178211956], [-51.60551812681417, -30.203066651138137], [-51.60632661056987, -30.203066651138137], [-51.606865599740345, -30.201719178211956]]]}, "properties": {"cultura": "Outras Lavouras Temporárias"}}, {"type": "Feature", "geometry": {"type": "Polygon", "coordinates": [[[-51.60524863222893, -30.201719178211956], [-51.60551812681417, -30.20225816738243], [-51.60551812681417, -30.201719178211956], [-51.60524863222893, -30.201719178211956]]]}, "properties": {"cultura": "Outras Lavouras Temporárias"}}, {"type": "Feature", "geometry": {"type": "Polygon", "coordinates": [[[-51.60848256725176, -30.20225816738243], [-51.60929105100747, -30.20064119987101], [-51.60848256725176, -30.20064119987101], [-51.60848256725176, -30.20225816738243]]]}, "properties": {"cultura": "Outras Lavouras Temporárias"}}, {"type": "Feature", "geometry": {"type": "Polygon", "coordinates": [[[-51.60174520262086, -30.131381091465396], [-51.59905025676851, -30.131381091465396], [-51.59905025676851, -30.13192008063587], [-51.60120621345039, -30.13192008063587], [-51.60174520262086, -30.131381091465396]]]}, "properties": {"cultura": "Outras Lavouras Temporárias"}}, {"type": "Feature", "geometry": {"type": "Polygon", "coordinates": [[[-51.60363166471751, -30.128416651027802], [-51.60336217013228, -30.12733867268686], [-51.60309267554704, -30.128147156442566], [-51.60363166471751, -30.128416651027802]]]}, "properties": {"cultura": "Outras Lavouras Temporárias"}}, {"type": "Feature", "geometry": {"type": "Polygon", "coordinates": [[[-51.602823180961806, -30.12787766185733], [-51.602284191791334, -30.12679968351639], [-51.60147570803563, -30.127608167272097], [-51.602823180961806, -30.12787766185733]]]}, "properties": {"cultura": "Outras Lavouras Temporárias"}}, {"type": "Feature", "geometry": {"type": "Polygon", "coordinates": [[[-51.6057876213994, -30.12599119976068], [-51.6095605455927, -30.12599119976068], [-51.6095605455927, -30.125721705175444], [-51.60551812681417, -30.12518271600497], [-51.6057876213994, -30.12599119976068]]]}, "properties": {"cultura": "Outras Lavouras Temporárias"}}, {"type": "Feature", "geometry": {"type": "Polygon", "coordinates": [[[-51.604170653887984, -30.12518271600497], [-51.60444014847322, -30.124913221419735], [-51.604170653887984, -30.124913221419735], [-51.604170653887984, -30.12518271600497]]]}, "properties": {"cultura": "Outras Lavouras Temporárias"}}, {"type": "Feature", "geometry": {"type": "Polygon", "coordinates": [[[-51.60363166471751, -30.123565748493558], [-51.60390115930275, -30.124913221419735], [-51.604979137643696, -30.124374232249266], [-51.604979137643696, -30.12410473766403], [-51.60363166471751, -30.123565748493558]]]}, "properties": {"cultura": "Outras Lavouras Temporárias"}}, {"type": "Feature", "geometry": {"type": "Polygon", "coordinates": [[[-51.60120621345039, -30.123565748493558], [-51.60147570803563, -30.123026759323086], [-51.60120621345039, -30.123026759323086], [-51.60120621345039, -30.123565748493558]]]}, "properties": {"cultura": "Outras Lavouras Temporárias"}}, {"type": "Feature", "geometry": {"type": "Polygon", "coordinates": [[[-51.60120621345039, -30.122218275567377], [-51.600397729694684, -30.12275726473785], [-51.60120621345039, -30.123026759323086], [-51.60120621345039, -30.122218275567377]]]}, "properties": {"cultura": "Outras Lavouras Temporárias"}}, {"type": "Feature", "geometry": {"type": "Polygon", "coordinates": [[[-51.602284191791334, -30.121409791811672], [-51.60174520262086, -30.12167928639691], [-51.60174520262086, -30.122487770152613], [-51.602284191791334, -30.122487770152613], [-51.602284191791334, -30.121409791811672]]]}, "properties": {"cultura": "Outras Lavouras Temporárias"}}, {"type": "Feature", "geometry": {"type": "Polygon", "coordinates": [[[-51.59554682716044, -30.11817585678884], [-51.59770278384232, -30.119253835129783], [-51.59716379467185, -30.11763686761837], [-51.59554682716044, -30.11817585678884]]]}, "properties": {"cultura": "Outras Lavouras Temporárias"}}, {"type": "Feature", "geometry": {"type": "Polygon", "coordinates": [[[-51.59608581633091, -30.117367373033133], [-51.59716379467185, -30.11682838386266], [-51.59608581633091, -30.11682838386266], [-51.59608581633091, -30.117367373033133]]]}, "properties": {"cultura": "Outras Lavouras Temporárias"}}, {"type": "Feature", "geometry": {"type": "Polygon", "coordinates": [[[-51.59797227842756, -30.11359444883983], [-51.598241773012795, -30.11251647049889], [-51.59743328925709, -30.11251647049889], [-51.59743328925709, -30.113324954254594], [-51.59797227842756, -30.11359444883983]]]}, "properties": {"cultura": "Outras Lavouras Temporárias"}}, {"type": "Feature", "geometry": {"type": "Polygon", "coordinates": [[[-51.60093671886516, -30.111438492157944], [-51.60336217013228, -30.11251647049889], [-51.60363166471751, -30.111438492157944], [-51.60147570803563, -30.110630008402236], [-51.60093671886516, -30.111438492157944]]]}, "properties": {"cultura": "Outras Lavouras Temporárias"}}, {"type": "Feature", "geometry": {"type": "Polygon", "coordinates": [[[-51.60174520262086, -30.10928253547606], [-51.60363166471751, -30.109013040890822], [-51.60120621345039, -30.107935062549878], [-51.60174520262086, -30.10928253547606]]]}, "properties": {"cultura": "Outras Lavouras Temporárias"}}, {"type": "Feature", "geometry": {"type": "Polygon", "coordinates": [[[-51.60093671886516, -30.106857084208933], [-51.60174520262086, -30.106857084208933], [-51.6020146972061, -30.10712657879417], [-51.60120621345039, -30.106318095038464], [-51.60093671886516, -30.106857084208933]]]}, "properties": {"cultura": "Outras Lavouras Temporárias"}}, {"type": "Feature", "geometry": {"type": "Polygon", "coordinates": [[[-51.600128235109445, -30.106048600453228], [-51.598241773012795, -30.106318095038464], [-51.600128235109445, -30.106318095038464], [-51.600128235109445, -30.106048600453228]]]}, "properties": {"cultura": "Outras Lavouras Temporárias"}}, {"type": "Feature", "geometry": {"type": "Polygon", "coordinates": [[[-51.59931975135374, -30.099850224992803], [-51.59878076218327, -30.10011971957804], [-51.59931975135374, -30.10011971957804], [-51.59931975135374, -30.099850224992803]]]}, "properties": {"cultura": "Outras Lavouras Temporárias"}}, {"type": "Feature", "geometry": {"type": "Polygon", "coordinates": [[[-51.59931975135374, -30.099580730407567], [-51.59985874052421, -30.099850224992803], [-51.59985874052421, -30.099580730407567], [-51.59931975135374, -30.099580730407567]]]}, "properties": {"cultura": "Outras Lavouras Temporárias"}}, {"type": "Feature", "geometry": {"type": "Polygon", "coordinates": [[[-51.600128235109445, -30.099580730407567], [-51.59985874052421, -30.09931123582233], [-51.59985874052421, -30.099580730407567], [-51.600128235109445, -30.099580730407567]]]}, "properties": {"cultura": "Outras Lavouras Temporárias"}}, {"type": "Feature", "geometry": {"type": "Polygon", "coordinates": [[[-51.598511267598035, -30.09877224665186], [-51.59743328925709, -30.099041741237095], [-51.59743328925709, -30.09931123582233], [-51.598241773012795, -30.09931123582233], [-51.598511267598035, -30.09877224665186]]]}, "properties": {"cultura": "Outras Lavouras Temporárias"}}, {"type": "Feature", "geometry": {"type": "Polygon", "coordinates": [[[-51.60444014847322, -30.098502752066622], [-51.60605711598463, -30.098502752066622], [-51.60551812681417, -30.098233257481386], [-51.60605711598463, -30.09688578455521], [-51.60444014847322, -30.098502752066622]]]}, "properties": {"cultura": "Outras Lavouras Temporárias"}}, {"type": "Feature", "geometry": {"type": "Polygon", "coordinates": [[[-51.600397729694684, -30.09877224665186], [-51.602284191791334, -30.09742477372568], [-51.602284191791334, -30.0960773007995], [-51.60066722427992, -30.095807806214264], [-51.600397729694684, -30.09877224665186]]]}, "properties": {"cultura": "Outras Lavouras Temporárias"}}, {"type": "Feature", "geometry": {"type": "Polygon", "coordinates": [[[-51.604709643058456, -30.096346795384736], [-51.604979137643696, -30.096616289969973], [-51.604979137643696, -30.096346795384736], [-51.604709643058456, -30.096346795384736]]]}, "properties": {"cultura": "Outras Lavouras Temporárias"}}, {"type": "Feature", "geometry": {"type": "Polygon", "coordinates": [[[-51.602284191791334, -30.095807806214264], [-51.602553686376574, -30.0960773007995], [-51.602553686376574, -30.095807806214264], [-51.602284191791334, -30.095807806214264]]]}, "properties": {"cultura": "Outras Lavouras Temporárias"}}, {"type": "Feature", "geometry": {"type": "Polygon", "coordinates": [[[-51.604979137643696, -30.095538311629028], [-51.60524863222893, -30.096346795384736], [-51.60524863222893, -30.095538311629028], [-51.604979137643696, -30.095538311629028]]]}, "properties": {"cultura": "Outras Lavouras Temporárias"}}, {"type": "Feature", "geometry": {"type": "Polygon", "coordinates": [[[-51.604170653887984, -30.0960773007995], [-51.60336217013228, -30.095538311629028], [-51.60309267554704, -30.095538311629028], [-51.60309267554704, -30.0960773007995], [-51.604170653887984, -30.0960773007995]]]}, "properties": {"cultura": "Outras Lavouras Temporárias"}}, {"type": "Feature", "geometry": {"type": "Polygon", "coordinates": [[[-51.60524863222893, -30.096616289969973], [-51.606596105155106, -30.096346795384736], [-51.606596105155106, -30.09419083870285], [-51.60524863222893, -30.096616289969973]]]}, "properties": {"cultura": "Outras Lavouras Temporárias"}}, {"type": "Feature", "geometry": {"type": "Polygon", "coordinates": [[[-51.602823180961806, -30.09526881704379], [-51.60309267554704, -30.095538311629028], [-51.60309267554704, -30.09526881704379], [-51.602823180961806, -30.09526881704379]]]}, "properties": {"cultura": "Outras Lavouras Temporárias"}}, {"type": "Feature", "geometry": {"type": "Polygon", "coordinates": [[[-51.59878076218327, -30.091765387435725], [-51.59608581633091, -30.096616289969973], [-51.596355310916145, -30.09742477372568], [-51.598511267598035, -30.095807806214264], [-51.59770278384232, -30.095807806214264], [-51.59770278384232, -30.09472982787332], [-51.598241773012795, -30.094460333288087], [-51.598511267598035, -30.09526881704379], [-51.598511267598035, -30.094460333288087], [-51.60093671886516, -30.092573871191433], [-51.59985874052421, -30.092304376606197], [-51.600128235109445, -30.09284336577667], [-51.59905025676851, -30.093382354947142], [-51.59878076218327, -30.091765387435725]]]}, "properties": {"cultura": "Outras Lavouras Temporárias"}}, {"type": "Feature", "geometry": {"type": "Polygon", "coordinates": [[[-51.60632661056987, -30.093112860361906], [-51.6057876213994, -30.093112860361906], [-51.60632661056987, -30.09203488202096], [-51.60551812681417, -30.091226398265256], [-51.6057876213994, -30.09419083870285], [-51.60632661056987, -30.093112860361906]]]}, "properties": {"cultura": "Outras Lavouras Temporárias"}}, {"type": "Feature", "geometry": {"type": "Polygon", "coordinates": [[[-51.60066722427992, -30.091226398265256], [-51.60120621345039, -30.091495892850492], [-51.60120621345039, -30.091226398265256], [-51.60066722427992, -30.091226398265256]]]}, "properties": {"cultura": "Outras Lavouras Temporárias"}}, {"type": "Feature", "geometry": {"type": "Polygon", "coordinates": [[[-51.60066722427992, -30.09095690368002], [-51.59985874052421, -30.091226398265256], [-51.60066722427992, -30.091226398265256], [-51.60066722427992, -30.09095690368002]]]}, "properties": {"cultura": "Outras Lavouras Temporárias"}}, {"type": "Feature", "geometry": {"type": "Polygon", "coordinates": [[[-51.600397729694684, -30.090417914509548], [-51.60093671886516, -30.090687409094784], [-51.60093671886516, -30.090417914509548], [-51.600397729694684, -30.090417914509548]]]}, "properties": {"cultura": "Outras Lavouras Temporárias"}}, {"type": "Feature", "geometry": {"type": "Polygon", "coordinates": [[[-51.60120621345039, -30.090417914509548], [-51.60093671886516, -30.09014841992431], [-51.60093671886516, -30.090417914509548], [-51.60120621345039, -30.090417914509548]]]}, "properties": {"cultura": "Outras Lavouras Temporárias"}}, {"type": "Feature", "geometry": {"type": "Polygon", "coordinates": [[[-51.60147570803563, -30.09095690368002], [-51.60120621345039, -30.09284336577667], [-51.602553686376574, -30.092573871191433], [-51.602823180961806, -30.089339936168603], [-51.60363166471751, -30.089070441583367], [-51.602553686376574, -30.087453474071953], [-51.60093671886516, -30.088531452412894], [-51.60174520262086, -30.08960943075384], [-51.60093671886516, -30.09095690368002], [-51.60147570803563, -30.09095690368002]], [[-51.60174520262086, -30.090417914509548], [-51.602284191791334, -30.090687409094784], [-51.60174520262086, -30.090687409094784], [-51.60174520262086, -30.090417914509548]]]}, "properties": {"cultura": "Outras Lavouras Temporárias"}}, {"type": "Feature", "geometry": {"type": "Polygon", "coordinates": [[[-51.60551812681417, -30.088531452412894], [-51.6057876213994, -30.089070441583367], [-51.6057876213994, -30.088531452412894], [-51.60551812681417, -30.088531452412894]]]}, "properties": {"cultura": "Outras Lavouras Temporárias"}}, {"type": "Feature", "geometry": {"type": "Polygon", "coordinates": [[[-51.60336217013228, -30.08448903363436], [-51.604709643058456, -30.08880094699813], [-51.60551812681417, -30.088531452412894], [-51.6057876213994, -30.086106001145772], [-51.60444014847322, -30.085297517390067], [-51.60444014847322, -30.08448903363436], [-51.60336217013228, -30.08448903363436]]]}, "properties": {"cultura": "Outras Lavouras Temporárias"}}, {"type": "Feature", "geometry": {"type": "Polygon", "coordinates": [[[-51.60767408349605, -30.084219539049123], [-51.60902155642223, -30.08502802280483], [-51.608752061836995, -30.08368054987865], [-51.60767408349605, -30.084219539049123]]]}, "properties": {"cultura": "Outras Lavouras Temporárias"}}, {"type": "Feature", "geometry": {"type": "Polygon", "coordinates": [[[-51.60524863222893, -30.080985604026292], [-51.60363166471751, -30.084219539049123], [-51.60713509432558, -30.08448903363436], [-51.60794357808129, -30.083411055293414], [-51.60713509432558, -30.081794087782], [-51.60524863222893, -30.080985604026292]], [[-51.60713509432558, -30.082063582367237], [-51.606865599740345, -30.082333076952473], [-51.606865599740345, -30.082063582367237], [-51.60713509432558, -30.082063582367237]], [[-51.606865599740345, -30.082333076952473], [-51.60605711598463, -30.082872066122942], [-51.60605711598463, -30.082333076952473], [-51.606865599740345, -30.082333076952473]]]}, "properties": {"cultura": "Outras Lavouras Temporárias"}}, {"type": "Feature", "geometry": {"type": "Polygon", "coordinates": [[[-51.60605711598463, -30.072900766469218], [-51.60632661056987, -30.073170261054454], [-51.60632661056987, -30.072900766469218], [-51.60605711598463, -30.072900766469218]]]}, "properties": {"cultura": "Outras Lavouras Temporárias"}}, {"type": "Feature", "geometry": {"type": "Polygon", "coordinates": [[[-51.6020146972061, -30.072361777298745], [-51.60093671886516, -30.07263127188398], [-51.60093671886516, -30.073170261054454], [-51.60147570803563, -30.073170261054454], [-51.6020146972061, -30.072361777298745]]]}, "properties": {"cultura": "Outras Lavouras Temporárias"}}, {"type": "Feature", "geometry": {"type": "Polygon", "coordinates": [[[-51.60551812681417, -30.071553293543037], [-51.6057876213994, -30.071822788128273], [-51.6057876213994, -30.071553293543037], [-51.60551812681417, -30.071553293543037]]]}, "properties": {"cultura": "Outras Lavouras Temporárias"}}, {"type": "Feature", "geometry": {"type": "Polygon", "coordinates": [[[-51.606596105155106, -30.0712837989578], [-51.60794357808129, -30.069666831446387], [-51.6057876213994, -30.071014304372564], [-51.60605711598463, -30.071553293543037], [-51.6057876213994, -30.072900766469218], [-51.60605711598463, -30.072900766469218], [-51.60605711598463, -30.072361777298745], [-51.60632661056987, -30.072361777298745], [-51.606596105155106, -30.0712837989578]], [[-51.60605711598463, -30.071553293543037], [-51.60632661056987, -30.0712837989578], [-51.60632661056987, -30.071553293543037], [-51.60605711598463, -30.071553293543037]]]}, "properties": {"cultura": "Outras Lavouras Temporárias"}}, {"type": "Feature", "geometry": {"type": "Polygon", "coordinates": [[[-51.59931975135374, -30.07020582061686], [-51.59958924593898, -30.070475315202092], [-51.59958924593898, -30.07020582061686], [-51.59931975135374, -30.07020582061686]]]}, "properties": {"cultura": "Outras Lavouras Temporárias"}}, {"type": "Feature", "geometry": {"type": "Polygon", "coordinates": [[[-51.59958924593898, -30.069936326031623], [-51.600128235109445, -30.070475315202092], [-51.600397729694684, -30.069936326031623], [-51.59958924593898, -30.069936326031623]]]}, "properties": {"cultura": "Outras Lavouras Temporárias"}}, {"type": "Feature", "geometry": {"type": "Polygon", "coordinates": [[[-51.596624805501385, -30.065624412667848], [-51.59743328925709, -30.065085423497376], [-51.596624805501385, -30.065085423497376], [-51.596624805501385, -30.065624412667848]]]}, "properties": {"cultura": "Outras Lavouras Temporárias"}}, {"type": "Feature", "geometry": {"type": "Polygon", "coordinates": [[[-51.60066722427992, -30.05646159676983], [-51.600128235109445, -30.057539575110773], [-51.60066722427992, -30.057539575110773], [-51.60066722427992, -30.05646159676983]]]}, "properties": {"cultura": "Outras Lavouras Temporárias"}}, {"type": "Feature", "geometry": {"type": "Polygon", "coordinates": [[[-51.606865599740345, -30.054844629258415], [-51.60983004017794, -30.057270080525537], [-51.60902155642223, -30.05511412384365], [-51.606865599740345, -30.054844629258415]]]}, "properties": {"cultura": "Outras Lavouras Temporárias"}}, {"type": "Feature", "geometry": {"type": "Polygon", "coordinates": [[[-51.59958924593898, -30.05457513467318], [-51.60174520262086, -30.054305640087943], [-51.60174520262086, -30.05376665091747], [-51.59931975135374, -30.052149683406057], [-51.59958924593898, -30.05457513467318]]]}, "properties": {"cultura": "Outras Lavouras Temporárias"}}, {"type": "Feature", "geometry": {"type": "Polygon", "coordinates": [[[-51.59905025676851, -30.051610694235585], [-51.59931975135374, -30.052149683406057], [-51.59931975135374, -30.051610694235585], [-51.59905025676851, -30.051610694235585]]]}, "properties": {"cultura": "Outras Lavouras Temporárias"}}, {"type": "Feature", "geometry": {"type": "Polygon", "coordinates": [[[-51.6020146972061, -30.05134119965035], [-51.60066722427992, -30.051071705065112], [-51.600397729694684, -30.051610694235585], [-51.6020146972061, -30.05134119965035]]]}, "properties": {"cultura": "Outras Lavouras Temporárias"}}, {"type": "Feature", "geometry": {"type": "Polygon", "coordinates": [[[-51.59878076218327, -30.050802210479876], [-51.59905025676851, -30.05134119965035], [-51.59905025676851, -30.050802210479876], [-51.59878076218327, -30.050802210479876]]]}, "properties": {"cultura": "Outras Lavouras Temporárias"}}, {"type": "Feature", "geometry": {"type": "Polygon", "coordinates": [[[-51.600397729694684, -30.050802210479876], [-51.59905025676851, -30.05053271589464], [-51.59905025676851, -30.050802210479876], [-51.600397729694684, -30.050802210479876]]]}, "properties": {"cultura": "Outras Lavouras Temporárias"}}, {"type": "Feature", "geometry": {"type": "Polygon", "coordinates": [[[-51.60524863222893, -30.049454737553695], [-51.60551812681417, -30.04972423213893], [-51.60551812681417, -30.049454737553695], [-51.60524863222893, -30.049454737553695]]]}, "properties": {"cultura": "Outras Lavouras Temporárias"}}, {"type": "Feature", "geometry": {"type": "Polygon", "coordinates": [[[-51.59743328925709, -30.049454737553695], [-51.59797227842756, -30.049993726724168], [-51.59797227842756, -30.049185242968463], [-51.59743328925709, -30.049454737553695]]]}, "properties": {"cultura": "Outras Lavouras Temporárias"}}, {"type": "Feature", "geometry": {"type": "Polygon", "coordinates": [[[-51.59716379467185, -30.049454737553695], [-51.59743328925709, -30.049454737553695], [-51.59743328925709, -30.049185242968463], [-51.59716379467185, -30.049185242968463], [-51.59716379467185, -30.049454737553695]]]}, "properties": {"cultura": "Outras Lavouras Temporárias"}}, {"type": "Feature", "geometry": {"type": "Polygon", "coordinates": [[[-51.604170653887984, -30.049454737553695], [-51.602823180961806, -30.04864625379799], [-51.602284191791334, -30.048915748383227], [-51.60309267554704, -30.049993726724168], [-51.604170653887984, -30.049454737553695]]]}, "properties": {"cultura": "Outras Lavouras Temporárias"}}, {"type": "Feature", "geometry": {"type": "Polygon", "coordinates": [[[-51.60605711598463, -30.04864625379799], [-51.60632661056987, -30.048915748383227], [-51.60632661056987, -30.04864625379799], [-51.60605711598463, -30.04864625379799]]]}, "properties": {"cultura": "Outras Lavouras Temporárias"}}, {"type": "Feature", "geometry": {"type": "Polygon", "coordinates": [[[-51.59716379467185, -30.04864625379799], [-51.59743328925709, -30.048915748383227], [-51.59743328925709, -30.04864625379799], [-51.59716379467185, -30.04864625379799]]]}, "properties": {"cultura": "Outras Lavouras Temporárias"}}, {"type": "Feature", "geometry": {"type": "Polygon", "coordinates": [[[-51.60524863222893, -30.04864625379799], [-51.60605711598463, -30.04864625379799], [-51.60605711598463, -30.048376759212754], [-51.60524863222893, -30.048376759212754], [-51.60524863222893, -30.04864625379799]]]}, "properties": {"cultura": "Outras Lavouras Temporárias"}}, {"type": "Feature", "geometry": {"type": "Polygon", "coordinates": [[[-51.60390115930275, -30.048376759212754], [-51.604170653887984, -30.04864625379799], [-51.604170653887984, -30.048376759212754], [-51.60390115930275, -30.048376759212754]]]}, "properties": {"cultura": "Outras Lavouras Temporárias"}}, {"type": "Feature", "geometry": {"type": "Polygon", "coordinates": [[[-51.60390115930275, -30.048107264627518], [-51.60336217013228, -30.048376759212754], [-51.60390115930275, -30.048376759212754], [-51.60390115930275, -30.048107264627518]]]}, "properties": {"cultura": "Outras Lavouras Temporárias"}}, {"type": "Feature", "geometry": {"type": "Polygon", "coordinates": [[[-51.59770278384232, -30.048376759212754], [-51.59716379467185, -30.047568275457046], [-51.596624805501385, -30.047837770042282], [-51.59689430008662, -30.04864625379799], [-51.59716379467185, -30.04864625379799], [-51.59716379467185, -30.048376759212754], [-51.59770278384232, -30.048376759212754]]]}, "properties": {"cultura": "Outras Lavouras Temporárias"}}, {"type": "Feature", "geometry": {"type": "Polygon", "coordinates": [[[-51.596624805501385, -30.047568275457046], [-51.596355310916145, -30.047837770042282], [-51.596624805501385, -30.047837770042282], [-51.596624805501385, -30.047568275457046]]]}, "properties": {"cultura": "Outras Lavouras Temporárias"}}, {"type": "Feature", "geometry": {"type": "Polygon", "coordinates": [[[-51.59608581633091, -30.04729878087181], [-51.596355310916145, -30.047568275457046], [-51.596355310916145, -30.04729878087181], [-51.59608581633091, -30.04729878087181]]]}, "properties": {"cultura": "Outras Lavouras Temporárias"}}, {"type": "Feature", "geometry": {"type": "Polygon", "coordinates": [[[-51.596624805501385, -30.04729878087181], [-51.59689430008662, -30.047568275457046], [-51.59689430008662, -30.04729878087181], [-51.596624805501385, -30.04729878087181]]]}, "properties": {"cultura": "Outras Lavouras Temporárias"}}, {"type": "Feature", "geometry": {"type": "Polygon", "coordinates": [[[-51.59689430008662, -30.047029286286573], [-51.59716379467185, -30.04729878087181], [-51.59716379467185, -30.047029286286573], [-51.59689430008662, -30.047029286286573]]]}, "properties": {"cultura": "Outras Lavouras Temporárias"}}, {"type": "Feature", "geometry": {"type": "Polygon", "coordinates": [[[-51.59743328925709, -30.047029286286573], [-51.59716379467185, -30.046759791701337], [-51.59716379467185, -30.047029286286573], [-51.59743328925709, -30.047029286286573]]]}, "properties": {"cultura": "Outras Lavouras Temporárias"}}, {"type": "Feature", "geometry": {"type": "Polygon", "coordinates": [[[-51.596355310916145, -30.04622080253087], [-51.5952773325752, -30.046759791701337], [-51.596355310916145, -30.047029286286573], [-51.596355310916145, -30.04729878087181], [-51.596624805501385, -30.04729878087181], [-51.59689430008662, -30.047029286286573], [-51.59689430008662, -30.0464902971161], [-51.59716379467185, -30.0464902971161], [-51.59716379467185, -30.045951307945632], [-51.598241773012795, -30.04541231877516], [-51.59473834340473, -30.04541231877516], [-51.596355310916145, -30.04622080253087]]]}, "properties": {"cultura": "Outras Lavouras Temporárias"}}, {"type": "Feature", "geometry": {"type": "Polygon", "coordinates": [[[-51.59931975135374, -30.045681813360396], [-51.59958924593898, -30.045951307945632], [-51.59958924593898, -30.045681813360396], [-51.59931975135374, -30.045681813360396]]]}, "properties": {"cultura": "Outras Lavouras Temporárias"}}, {"type": "Feature", "geometry": {"type": "Polygon", "coordinates": [[[-51.602284191791334, -30.039752932485207], [-51.60093671886516, -30.040022427070443], [-51.60093671886516, -30.0389444487295], [-51.600397729694684, -30.0389444487295], [-51.60093671886516, -30.04083091082615], [-51.59931975135374, -30.039752932485207], [-51.59931975135374, -30.040561416240912], [-51.60093671886516, -30.041639394581857], [-51.600128235109445, -30.043256362093274], [-51.60066722427992, -30.044334340434215], [-51.59931975135374, -30.04460383501945], [-51.59931975135374, -30.04541231877516], [-51.602284191791334, -30.0464902971161], [-51.602284191791334, -30.047568275457046], [-51.60120621345039, -30.048107264627518], [-51.600128235109445, -30.050263221309404], [-51.60093671886516, -30.050263221309404], [-51.602553686376574, -30.047568275457046], [-51.602823180961806, -30.048107264627518], [-51.60390115930275, -30.047568275457046], [-51.604170653887984, -30.048376759212754], [-51.60632661056987, -30.047837770042282], [-51.606596105155106, -30.049454737553695], [-51.60551812681417, -30.049993726724168], [-51.60794357808129, -30.05188018882082], [-51.61036902934841, -30.05188018882082], [-51.610638523933645, -30.050263221309404], [-51.61144700768936, -30.05053271589464], [-51.61198599685982, -30.049993726724168], [-51.61306397520077, -30.05053271589464], [-51.61144700768936, -30.050802210479876], [-51.61144700768936, -30.051610694235585], [-51.614680942712184, -30.051071705065112], [-51.61360296437124, -30.048915748383227], [-51.60929105100747, -30.04972423213893], [-51.60929105100747, -30.04864625379799], [-51.604979137643696, -30.045142824189924], [-51.604709643058456, -30.042447878337565], [-51.60444014847322, -30.043256362093274], [-51.60309267554704, -30.043525856678507], [-51.604170653887984, -30.0427173729228], [-51.602823180961806, -30.042986867508038], [-51.602284191791334, -30.04217838375233], [-51.602823180961806, -30.041908889167093], [-51.602823180961806, -30.038674954144263], [-51.602284191791334, -30.039752932485207]], [[-51.60093671886516, -30.04083091082615], [-51.60120621345039, -30.04136989999662], [-51.60093671886516, -30.04136989999662], [-51.60093671886516, -30.04083091082615]], [[-51.61144700768936, -30.050263221309404], [-51.61117751310412, -30.049993726724168], [-51.61144700768936, -30.049993726724168], [-51.61144700768936, -30.050263221309404]], [[-51.61306397520077, -30.050263221309404], [-51.613333469786006, -30.049185242968463], [-51.613333469786006, -30.050263221309404], [-51.61306397520077, -30.050263221309404]], [[-51.613333469786006, -30.050263221309404], [-51.61387245895648, -30.05053271589464], [-51.613333469786006, -30.05053271589464], [-51.613333469786006, -30.050263221309404]], [[-51.602553686376574, -30.041100405411385], [-51.602284191791334, -30.04136989999662], [-51.602284191791334, -30.041100405411385], [-51.602553686376574, -30.041100405411385]], [[-51.602284191791334, -30.043256362093274], [-51.60174520262086, -30.042447878337565], [-51.602284191791334, -30.042447878337565], [-51.602284191791334, -30.043256362093274]], [[-51.6020146972061, -30.04406484584898], [-51.60093671886516, -30.043525856678507], [-51.6020146972061, -30.043795351263743], [-51.6020146972061, -30.04406484584898]], [[-51.602823180961806, -30.044334340434215], [-51.60309267554704, -30.04460383501945], [-51.602823180961806, -30.04460383501945], [-51.602823180961806, -30.044334340434215]], [[-51.602823180961806, -30.044873329604687], [-51.604170653887984, -30.044873329604687], [-51.604170653887984, -30.045951307945632], [-51.602823180961806, -30.045142824189924], [-51.60363166471751, -30.04622080253087], [-51.60309267554704, -30.046759791701337], [-51.6020146972061, -30.04541231877516], [-51.602823180961806, -30.044873329604687]], [[-51.60848256725176, -30.049454737553695], [-51.608752061836995, -30.05053271589464], [-51.60821307266652, -30.050802210479876], [-51.60794357808129, -30.050263221309404], [-51.60848256725176, -30.049454737553695]], [[-51.61009953476317, -30.051071705065112], [-51.60929105100747, -30.050263221309404], [-51.61009953476317, -30.050263221309404], [-51.61009953476317, -30.051071705065112]]]}, "properties": {"cultura": "Outras Lavouras Temporárias"}}, {"type": "Feature", "geometry": {"type": "Polygon", "coordinates": [[[-51.59716379467185, -30.04460383501945], [-51.59743328925709, -30.044873329604687], [-51.59743328925709, -30.04460383501945], [-51.59716379467185, -30.04460383501945]]]}, "properties": {"cultura": "Outras Lavouras Temporárias"}}, {"type": "Feature", "geometry": {"type": "Polygon", "coordinates": [[[-51.59743328925709, -30.04460383501945], [-51.59770278384232, -30.044334340434215], [-51.59743328925709, -30.04406484584898], [-51.59743328925709, -30.04460383501945]]]}, "properties": {"cultura": "Outras Lavouras Temporárias"}}, {"type": "Feature", "geometry": {"type": "Polygon", "coordinates": [[[-51.596624805501385, -30.04460383501945], [-51.59716379467185, -30.04460383501945], [-51.59716379467185, -30.04406484584898], [-51.59689430008662, -30.04406484584898], [-51.596624805501385, -30.04460383501945]]]}, "properties": {"cultura": "Outras Lavouras Temporárias"}}, {"type": "Feature", "geometry": {"type": "Polygon", "coordinates": [[[-51.59931975135374, -30.042447878337565], [-51.600128235109445, -30.0427173729228], [-51.600128235109445, -30.042447878337565], [-51.59931975135374, -30.042447878337565]]]}, "properties": {"cultura": "Outras Lavouras Temporárias"}}, {"type": "Feature", "geometry": {"type": "Polygon", "coordinates": [[[-51.600397729694684, -30.042447878337565], [-51.600128235109445, -30.04217838375233], [-51.600128235109445, -30.042447878337565], [-51.600397729694684, -30.042447878337565]]]}, "properties": {"cultura": "Outras Lavouras Temporárias"}}, {"type": "Feature", "geometry": {"type": "Polygon", "coordinates": [[[-51.59743328925709, -30.04217838375233], [-51.59878076218327, -30.042986867508038], [-51.598511267598035, -30.04083091082615], [-51.59743328925709, -30.04083091082615], [-51.59797227842756, -30.041639394581857], [-51.59743328925709, -30.04217838375233]]]}, "properties": {"cultura": "Outras Lavouras Temporárias"}}, {"type": "Feature", "geometry": {"type": "Polygon", "coordinates": [[[-51.600397729694684, -30.041639394581857], [-51.60066722427992, -30.041908889167093], [-51.60066722427992, -30.041639394581857], [-51.600397729694684, -30.041639394581857]]]}, "properties": {"cultura": "Outras Lavouras Temporárias"}}, {"type": "Feature", "geometry": {"type": "Polygon", "coordinates": [[[-51.60120621345039, -30.039213943314735], [-51.60147570803563, -30.03948343789997], [-51.60147570803563, -30.039213943314735], [-51.60120621345039, -30.039213943314735]]]}, "properties": {"cultura": "Outras Lavouras Temporárias"}}, {"type": "Feature", "geometry": {"type": "Polygon", "coordinates": [[[-51.60174520262086, -30.038674954144263], [-51.602553686376574, -30.038674954144263], [-51.602553686376574, -30.037596975803318], [-51.602284191791334, -30.038405459559026], [-51.60174520262086, -30.038674954144263]]]}, "properties": {"cultura": "Outras Lavouras Temporárias"}}, {"type": "Feature", "geometry": {"type": "Polygon", "coordinates": [[[-51.59716379467185, -30.03732748121808], [-51.596624805501385, -30.036518997462377], [-51.596624805501385, -30.03813596497379], [-51.59716379467185, -30.03732748121808]]]}, "properties": {"cultura": "Outras Lavouras Temporárias"}}, {"type": "Feature", "geometry": {"type": "Polygon", "coordinates": [[[-51.598511267598035, -30.035171524536196], [-51.59878076218327, -30.036788492047613], [-51.59878076218327, -30.035171524536196], [-51.598511267598035, -30.035171524536196]]]}, "properties": {"cultura": "Outras Lavouras Temporárias"}}, {"type": "Feature", "geometry": {"type": "Polygon", "coordinates": [[[-51.59770278384232, -30.035441019121432], [-51.59716379467185, -30.035710513706668], [-51.59716379467185, -30.03624950287714], [-51.59770278384232, -30.035441019121432]]]}, "properties": {"cultura": "Outras Lavouras Temporárias"}}, {"type": "Feature", "geometry": {"type": "Polygon", "coordinates": [[[-51.596355310916145, -30.035441019121432], [-51.596624805501385, -30.035710513706668], [-51.596624805501385, -30.035441019121432], [-51.596355310916145, -30.035441019121432]]]}, "properties": {"cultura": "Outras Lavouras Temporárias"}}, {"type": "Feature", "geometry": {"type": "Polygon", "coordinates": [[[-51.59878076218327, -30.03490202995096], [-51.59905025676851, -30.035171524536196], [-51.59905025676851, -30.03490202995096], [-51.59878076218327, -30.03490202995096]]]}, "properties": {"cultura": "Outras Lavouras Temporárias"}}, {"type": "Feature", "geometry": {"type": "Polygon", "coordinates": [[[-51.60066722427992, -30.033285062439546], [-51.600128235109445, -30.033285062439546], [-51.59958924593898, -30.034093546195255], [-51.600397729694684, -30.034093546195255], [-51.60066722427992, -30.033285062439546]]]}, "properties": {"cultura": "Outras Lavouras Temporárias"}}, {"type": "Feature", "geometry": {"type": "Polygon", "coordinates": [[[-51.60524863222893, -30.022235784444874], [-51.60551812681417, -30.02250527903011], [-51.60551812681417, -30.022235784444874], [-51.60524863222893, -30.022235784444874]]]}, "properties": {"cultura": "Outras Lavouras Temporárias"}}, {"type": "Feature", "geometry": {"type": "Polygon", "coordinates": [[[-51.60524863222893, -30.022235784444874], [-51.60524863222893, -30.021696795274405], [-51.604979137643696, -30.021696795274405], [-51.604979137643696, -30.022235784444874], [-51.60524863222893, -30.022235784444874]]]}, "properties": {"cultura": "Outras Lavouras Temporárias"}}, {"type": "Feature", "geometry": {"type": "Polygon", "coordinates": [[[-51.604979137643696, -30.02142730068917], [-51.60444014847322, -30.021696795274405], [-51.604979137643696, -30.021696795274405], [-51.604979137643696, -30.02142730068917]]]}, "properties": {"cultura": "Outras Lavouras Temporárias"}}, {"type": "Feature", "geometry": {"type": "Polygon", "coordinates": [[[-51.59608581633091, -30.01549841981398], [-51.59716379467185, -30.014420441473035], [-51.59581632174567, -30.013881452302563], [-51.596355310916145, -30.014420441473035], [-51.59608581633091, -30.01549841981398]]]}, "properties": {"cultura": "Outras Lavouras Temporárias"}}, {"type": "Feature", "geometry": {"type": "Polygon", "coordinates": [[[-51.58934845170001, -30.137848961511057], [-51.59042643004096, -30.13757946692582], [-51.59042643004096, -30.137309972340585], [-51.58934845170001, -30.13704047775535], [-51.58934845170001, -30.137848961511057]]]}, "properties": {"cultura": "Outras Lavouras Temporárias"}}, {"type": "Feature", "geometry": {"type": "Polygon", "coordinates": [[[-51.58907895711478, -30.134076037317755], [-51.588000978773835, -30.13434553190299], [-51.588000978773835, -30.1351540156587], [-51.58907895711478, -30.1351540156587], [-51.58907895711478, -30.134076037317755]]]}, "properties": {"cultura": "Outras Lavouras Temporárias"}}, {"type": "Feature", "geometry": {"type": "Polygon", "coordinates": [[[-51.592312892137606, -30.129494629368747], [-51.590695924626196, -30.129764123953983], [-51.592043397552374, -30.130303113124455], [-51.592312892137606, -30.129494629368747]]]}, "properties": {"cultura": "Outras Lavouras Temporárias"}}, {"type": "Feature", "geometry": {"type": "Polygon", "coordinates": [[[-51.58288058165435, -30.128147156442566], [-51.58153310872817, -30.128147156442566], [-51.58153310872817, -30.128686145613038], [-51.582072097898646, -30.128955640198274], [-51.58288058165435, -30.128147156442566]]]}, "properties": {"cultura": "Outras Lavouras Temporárias"}}, {"type": "Feature", "geometry": {"type": "Polygon", "coordinates": [[[-51.581802603313406, -30.125452210590208], [-51.580185635801996, -30.12518271600497], [-51.580185635801996, -30.125452210590208], [-51.581802603313406, -30.125452210590208]]]}, "properties": {"cultura": "Outras Lavouras Temporárias"}}, {"type": "Feature", "geometry": {"type": "Polygon", "coordinates": [[[-51.582072097898646, -30.12518271600497], [-51.581802603313406, -30.124913221419735], [-51.581802603313406, -30.12518271600497], [-51.582072097898646, -30.12518271600497]]]}, "properties": {"cultura": "Outras Lavouras Temporárias"}}, {"type": "Feature", "geometry": {"type": "Polygon", "coordinates": [[[-51.58045513038723, -30.124643726834503], [-51.58126361414294, -30.124913221419735], [-51.58126361414294, -30.124643726834503], [-51.58045513038723, -30.124643726834503]]]}, "properties": {"cultura": "Outras Lavouras Temporárias"}}, {"type": "Feature", "geometry": {"type": "Polygon", "coordinates": [[[-51.581802603313406, -30.123026759323086], [-51.58045513038723, -30.12275726473785], [-51.58045513038723, -30.12329625390832], [-51.581802603313406, -30.123026759323086]]]}, "properties": {"cultura": "Outras Lavouras Temporárias"}}, {"type": "Feature", "geometry": {"type": "Polygon", "coordinates": [[[-51.58153310872817, -30.122218275567377], [-51.581802603313406, -30.122487770152613], [-51.581802603313406, -30.122218275567377], [-51.58153310872817, -30.122218275567377]]]}, "properties": {"cultura": "Outras Lavouras Temporárias"}}, {"type": "Feature", "geometry": {"type": "Polygon", "coordinates": [[[-51.586114516677185, -30.115480910936483], [-51.58530603292147, -30.116019900106952], [-51.586114516677185, -30.11628939469219], [-51.586114516677185, -30.115480910936483]]]}, "properties": {"cultura": "Outras Lavouras Temporárias"}}, {"type": "Feature", "geometry": {"type": "Polygon", "coordinates": [[[-51.59285188130808, -30.11494192176601], [-51.5952773325752, -30.114133438010303], [-51.59392985964902, -30.11359444883983], [-51.59339087047855, -30.114133438010303], [-51.592582386722846, -30.114133438010303], [-51.59285188130808, -30.11494192176601]]]}, "properties": {"cultura": "Outras Lavouras Temporárias"}}, {"type": "Feature", "geometry": {"type": "Polygon", "coordinates": [[[-51.59339087047855, -30.113324954254594], [-51.59285188130808, -30.113863943425066], [-51.59339087047855, -30.113863943425066], [-51.59339087047855, -30.113324954254594]]]}, "properties": {"cultura": "Outras Lavouras Temporárias"}}, {"type": "Feature", "geometry": {"type": "Polygon", "coordinates": [[[-51.58907895711478, -30.111168997572708], [-51.58961794628525, -30.111977481328417], [-51.58961794628525, -30.111168997572708], [-51.58907895711478, -30.111168997572708]]]}, "properties": {"cultura": "Outras Lavouras Temporárias"}}, {"type": "Feature", "geometry": {"type": "Polygon", "coordinates": [[[-51.592582386722846, -30.110091019231763], [-51.59366036506379, -30.110630008402236], [-51.59366036506379, -30.110091019231763], [-51.592582386722846, -30.110091019231763]]]}, "properties": {"cultura": "Outras Lavouras Temporárias"}}, {"type": "Feature", "geometry": {"type": "Polygon", "coordinates": [[[-51.59473834340473, -30.109552030061295], [-51.59608581633091, -30.109821524646527], [-51.59608581633091, -30.10928253547606], [-51.59473834340473, -30.108743546305586], [-51.59473834340473, -30.109552030061295]]]}, "properties": {"cultura": "Outras Lavouras Temporárias"}}, {"type": "Feature", "geometry": {"type": "Polygon", "coordinates": [[[-51.58126361414294, -30.100928203333744], [-51.582072097898646, -30.100389214163275], [-51.582072097898646, -30.09931123582233], [-51.58072462497247, -30.10011971957804], [-51.58126361414294, -30.100928203333744]]]}, "properties": {"cultura": "Outras Lavouras Temporárias"}}, {"type": "Feature", "geometry": {"type": "Polygon", "coordinates": [[[-51.57883816287581, -30.09931123582233], [-51.57856866829058, -30.100928203333744], [-51.579916141216756, -30.100928203333744], [-51.57910765746105, -30.100389214163275], [-51.57883816287581, -30.09931123582233]]]}, "properties": {"cultura": "Outras Lavouras Temporárias"}}, {"type": "Feature", "geometry": {"type": "Polygon", "coordinates": [[[-51.58126361414294, -30.097155279140445], [-51.58261108706912, -30.097155279140445], [-51.58261108706912, -30.09688578455521], [-51.58126361414294, -30.096346795384736], [-51.58126361414294, -30.097155279140445]]]}, "properties": {"cultura": "Outras Lavouras Temporárias"}}, {"type": "Feature", "geometry": {"type": "Polygon", "coordinates": [[[-51.591773902967134, -30.08448903363436], [-51.592043397552374, -30.084758528219595], [-51.592043397552374, -30.08448903363436], [-51.591773902967134, -30.08448903363436]]]}, "properties": {"cultura": "Outras Lavouras Temporárias"}}, {"type": "Feature", "geometry": {"type": "Polygon", "coordinates": [[[-51.592043397552374, -30.084219539049123], [-51.592582386722846, -30.08448903363436], [-51.592582386722846, -30.084219539049123], [-51.592043397552374, -30.084219539049123]]]}, "properties": {"cultura": "Outras Lavouras Temporárias"}}, {"type": "Feature", "geometry": {"type": "Polygon", "coordinates": [[[-51.59285188130808, -30.084219539049123], [-51.592582386722846, -30.083950044463887], [-51.592582386722846, -30.084219539049123], [-51.59285188130808, -30.084219539049123]]]}, "properties": {"cultura": "Outras Lavouras Temporárias"}}, {"type": "Feature", "geometry": {"type": "Polygon", "coordinates": [[[-51.59285188130808, -30.08368054987865], [-51.59312137589332, -30.083950044463887], [-51.59312137589332, -30.08368054987865], [-51.59285188130808, -30.08368054987865]]]}, "properties": {"cultura": "Outras Lavouras Temporárias"}}, {"type": "Feature", "geometry": {"type": "Polygon", "coordinates": [[[-51.59312137589332, -30.08368054987865], [-51.59366036506379, -30.082602571537706], [-51.591773902967134, -30.083141560708178], [-51.591773902967134, -30.083411055293414], [-51.59312137589332, -30.08368054987865]]]}, "properties": {"cultura": "Outras Lavouras Temporárias"}}, {"type": "Feature", "geometry": {"type": "Polygon", "coordinates": [[[-51.588000978773835, -30.082333076952473], [-51.590156935455724, -30.081524593196765], [-51.58827047335907, -30.08125509861153], [-51.588000978773835, -30.082333076952473]]]}, "properties": {"cultura": "Outras Lavouras Temporárias"}}, {"type": "Feature", "geometry": {"type": "Polygon", "coordinates": [[[-51.59312137589332, -30.080985604026292], [-51.591773902967134, -30.08044661485582], [-51.59123491379666, -30.081794087782], [-51.591773902967134, -30.08125509861153], [-51.59312137589332, -30.080985604026292]]]}, "properties": {"cultura": "Outras Lavouras Temporárias"}}, {"type": "Feature", "geometry": {"type": "Polygon", "coordinates": [[[-51.59473834340473, -30.079099141929643], [-51.59392985964902, -30.07936863651488], [-51.594199354234256, -30.080985604026292], [-51.59473834340473, -30.080985604026292], [-51.59473834340473, -30.079099141929643]]]}, "properties": {"cultura": "Outras Lavouras Temporárias"}}, {"type": "Feature", "geometry": {"type": "Polygon", "coordinates": [[[-51.59096541921143, -30.080177120270584], [-51.5915044083819, -30.07856015275917], [-51.58961794628525, -30.07856015275917], [-51.59096541921143, -30.079099141929643], [-51.59096541921143, -30.080177120270584]]]}, "properties": {"cultura": "Outras Lavouras Temporárias"}}, {"type": "Feature", "geometry": {"type": "Polygon", "coordinates": [[[-51.592312892137606, -30.07936863651488], [-51.59312137589332, -30.078829647344406], [-51.591773902967134, -30.078021163588698], [-51.5915044083819, -30.07856015275917], [-51.592312892137606, -30.07936863651488]]]}, "properties": {"cultura": "Outras Lavouras Temporárias"}}, {"type": "Feature", "geometry": {"type": "Polygon", "coordinates": [[[-51.58719249501813, -30.078290658173934], [-51.58746198960336, -30.07856015275917], [-51.58746198960336, -30.078290658173934], [-51.58719249501813, -30.078290658173934]]]}, "properties": {"cultura": "Outras Lavouras Temporárias"}}, {"type": "Feature", "geometry": {"type": "Polygon", "coordinates": [[[-51.585845022091945, -30.07775166900346], [-51.586114516677185, -30.078290658173934], [-51.58719249501813, -30.078290658173934], [-51.58692300043289, -30.077482174418225], [-51.585845022091945, -30.07775166900346]]]}, "properties": {"cultura": "Outras Lavouras Temporárias"}}, {"type": "Feature", "geometry": {"type": "Polygon", "coordinates": [[[-51.582072097898646, -30.07343975563969], [-51.583958559995295, -30.073709250224923], [-51.58503653833624, -30.072361777298745], [-51.583958559995295, -30.07209228271351], [-51.582072097898646, -30.07343975563969]]]}, "properties": {"cultura": "Outras Lavouras Temporárias"}}, {"type": "Feature", "geometry": {"type": "Polygon", "coordinates": [[[-51.5915044083819, -30.068588853105442], [-51.592043397552374, -30.06939733686115], [-51.592312892137606, -30.068588853105442], [-51.5915044083819, -30.068588853105442]]]}, "properties": {"cultura": "Outras Lavouras Temporárias"}}, {"type": "Feature", "geometry": {"type": "Polygon", "coordinates": [[[-51.581802603313406, -30.066432896423557], [-51.58045513038723, -30.066702391008793], [-51.58045513038723, -30.06697188559403], [-51.58153310872817, -30.06697188559403], [-51.581802603313406, -30.066432896423557]]]}, "properties": {"cultura": "Outras Lavouras Temporárias"}}, {"type": "Feature", "geometry": {"type": "Polygon", "coordinates": [[[-51.58234159248388, -30.065624412667848], [-51.581802603313406, -30.065893907253084], [-51.581802603313406, -30.066432896423557], [-51.58234159248388, -30.065624412667848]]]}, "properties": {"cultura": "Outras Lavouras Temporárias"}}, {"type": "Feature", "geometry": {"type": "Polygon", "coordinates": [[[-51.58234159248388, -30.065085423497376], [-51.58261108706912, -30.065354918082612], [-51.58261108706912, -30.065085423497376], [-51.58234159248388, -30.065085423497376]]]}, "properties": {"cultura": "Outras Lavouras Temporárias"}}, {"type": "Feature", "geometry": {"type": "Polygon", "coordinates": [[[-51.584767043751, -30.062659972230254], [-51.58261108706912, -30.065085423497376], [-51.583958559995295, -30.06427693974167], [-51.584767043751, -30.062659972230254]]]}, "properties": {"cultura": "Outras Lavouras Temporárias"}}, {"type": "Feature", "geometry": {"type": "Polygon", "coordinates": [[[-51.58503653833624, -30.06212098305978], [-51.58530603292147, -30.062659972230254], [-51.58530603292147, -30.06212098305978], [-51.58503653833624, -30.06212098305978]]]}, "properties": {"cultura": "Outras Lavouras Temporárias"}}, {"type": "Feature", "geometry": {"type": "Polygon", "coordinates": [[[-51.584767043751, -30.061851488474545], [-51.586114516677185, -30.06023452096313], [-51.58368906541006, -30.059965026377895], [-51.58503653833624, -30.06104300471884], [-51.584767043751, -30.061851488474545]]]}, "properties": {"cultura": "Outras Lavouras Temporárias"}}, {"type": "Feature", "geometry": {"type": "Polygon", "coordinates": [[[-51.58368906541006, -30.059965026377895], [-51.58341957082482, -30.059426037207423], [-51.58288058165435, -30.059426037207423], [-51.58368906541006, -30.059965026377895]]]}, "properties": {"cultura": "Outras Lavouras Temporárias"}}, {"type": "Feature", "geometry": {"type": "Polygon", "coordinates": [[[-51.58261108706912, -30.059426037207423], [-51.58288058165435, -30.059156542622187], [-51.58261108706912, -30.059156542622187], [-51.58261108706912, -30.059426037207423]]]}, "properties": {"cultura": "Outras Lavouras Temporárias"}}, {"type": "Feature", "geometry": {"type": "Polygon", "coordinates": [[[-51.58261108706912, -30.05888704803695], [-51.58234159248388, -30.059156542622187], [-51.58261108706912, -30.059156542622187], [-51.58261108706912, -30.05888704803695]]]}, "properties": {"cultura": "Outras Lavouras Temporárias"}}, {"type": "Feature", "geometry": {"type": "Polygon", "coordinates": [[[-51.582072097898646, -30.057539575110773], [-51.58153310872817, -30.058078564281246], [-51.58234159248388, -30.05888704803695], [-51.582072097898646, -30.058348058866482], [-51.582072097898646, -30.057539575110773]]]}, "properties": {"cultura": "Outras Lavouras Temporárias"}}, {"type": "Feature", "geometry": {"type": "Polygon", "coordinates": [[[-51.58072462497247, -30.0570005859403], [-51.58126361414294, -30.0570005859403], [-51.581802603313406, -30.057270080525537], [-51.58153310872817, -30.056731091355065], [-51.58072462497247, -30.0570005859403]]]}, "properties": {"cultura": "Outras Lavouras Temporárias"}}, {"type": "Feature", "geometry": {"type": "Polygon", "coordinates": [[[-51.579377152046284, -30.056192102184593], [-51.58072462497247, -30.05646159676983], [-51.57910765746105, -30.055383618428884], [-51.579377152046284, -30.056192102184593]]]}, "properties": {"cultura": "Outras Lavouras Temporárias"}}, {"type": "Feature", "geometry": {"type": "Polygon", "coordinates": [[[-51.58045513038723, -30.055922607599356], [-51.580185635801996, -30.05565311301412], [-51.580185635801996, -30.055922607599356], [-51.58045513038723, -30.055922607599356]]]}, "properties": {"cultura": "Outras Lavouras Temporárias"}}, {"type": "Feature", "geometry": {"type": "Polygon", "coordinates": [[[-51.579916141216756, -30.055383618428884], [-51.580185635801996, -30.05565311301412], [-51.580185635801996, -30.055383618428884], [-51.579916141216756, -30.055383618428884]]]}, "properties": {"cultura": "Outras Lavouras Temporárias"}}, {"type": "Feature", "geometry": {"type": "Polygon", "coordinates": [[[-51.57883816287581, -30.05457513467318], [-51.57910765746105, -30.05511412384365], [-51.57910765746105, -30.05457513467318], [-51.57883816287581, -30.05457513467318]]]}, "properties": {"cultura": "Outras Lavouras Temporárias"}}, {"type": "Feature", "geometry": {"type": "Polygon", "coordinates": [[[-51.592312892137606, -30.05053271589464], [-51.592312892137606, -30.051071705065112], [-51.591773902967134, -30.051610694235585], [-51.592582386722846, -30.05134119965035], [-51.592312892137606, -30.05053271589464]]]}, "properties": {"cultura": "Outras Lavouras Temporárias"}}, {"type": "Feature", "geometry": {"type": "Polygon", "coordinates": [[[-51.59608581633091, -30.047837770042282], [-51.596355310916145, -30.04864625379799], [-51.596355310916145, -30.047837770042282], [-51.59608581633091, -30.047837770042282]]]}, "properties": {"cultura": "Outras Lavouras Temporárias"}}, {"type": "Feature", "geometry": {"type": "Polygon", "coordinates": [[[-51.59285188130808, -30.047568275457046], [-51.59312137589332, -30.047837770042282], [-51.59312137589332, -30.047568275457046], [-51.59285188130808, -30.047568275457046]]]}, "properties": {"cultura": "Outras Lavouras Temporárias"}}, {"type": "Feature", "geometry": {"type": "Polygon", "coordinates": [[[-51.59312137589332, -30.047029286286573], [-51.59392985964902, -30.047568275457046], [-51.59392985964902, -30.047029286286573], [-51.59312137589332, -30.047029286286573]]]}, "properties": {"cultura": "Outras Lavouras Temporárias"}}, {"type": "Feature", "geometry": {"type": "Polygon", "coordinates": [[[-51.59042643004096, -30.04406484584898], [-51.590695924626196, -30.044334340434215], [-51.590695924626196, -30.04406484584898], [-51.59042643004096, -30.04406484584898]]]}, "properties": {"cultura": "Outras Lavouras Temporárias"}}, {"type": "Feature", "geometry": {"type": "Polygon", "coordinates": [[[-51.589887440870484, -30.04460383501945], [-51.59042643004096, -30.04406484584898], [-51.59042643004096, -30.0427173729228], [-51.589887440870484, -30.042447878337565], [-51.589887440870484, -30.04460383501945]]]}, "properties": {"cultura": "Outras Lavouras Temporárias"}}, {"type": "Feature", "geometry": {"type": "Polygon", "coordinates": [[[-51.579377152046284, -30.04217838375233], [-51.580185635801996, -30.041100405411385], [-51.579377152046284, -30.04029192165568], [-51.58045513038723, -30.039752932485207], [-51.580185635801996, -30.03705798663285], [-51.57910765746105, -30.037596975803318], [-51.57910765746105, -30.0389444487295], [-51.5772211953644, -30.039213943314735], [-51.57802967912011, -30.04029192165568], [-51.57829917370535, -30.0427173729228], [-51.577490689949634, -30.043795351263743], [-51.57856866829058, -30.045681813360396], [-51.57856866829058, -30.048107264627518], [-51.579916141216756, -30.048376759212754], [-51.58126361414294, -30.045681813360396], [-51.5809941195577, -30.045142824189924], [-51.579377152046284, -30.045681813360396], [-51.57910765746105, -30.044873329604687], [-51.58126361414294, -30.043795351263743], [-51.58153310872817, -30.041908889167093], [-51.579377152046284, -30.04217838375233]], [[-51.57910765746105, -30.04541231877516], [-51.57883816287581, -30.045681813360396], [-51.57883816287581, -30.04541231877516], [-51.57910765746105, -30.04541231877516]], [[-51.5809941195577, -30.042986867508038], [-51.58045513038723, -30.043256362093274], [-51.58045513038723, -30.042986867508038], [-51.5809941195577, -30.042986867508038]], [[-51.58045513038723, -30.043256362093274], [-51.580185635801996, -30.043525856678507], [-51.580185635801996, -30.043256362093274], [-51.58045513038723, -30.043256362093274]], [[-51.579916141216756, -30.043525856678507], [-51.58045513038723, -30.04406484584898], [-51.579916141216756, -30.04406484584898], [-51.579916141216756, -30.043525856678507]]]}, "properties": {"cultura": "Outras Lavouras Temporárias"}}, {"type": "Feature", "geometry": {"type": "Polygon", "coordinates": [[[-51.58153310872817, -30.04217838375233], [-51.581802603313406, -30.042447878337565], [-51.581802603313406, -30.04217838375233], [-51.58153310872817, -30.04217838375233]]]}, "properties": {"cultura": "Outras Lavouras Temporárias"}}, {"type": "Feature", "geometry": {"type": "Polygon", "coordinates": [[[-51.59123491379666, -30.041639394581857], [-51.59042643004096, -30.04217838375233], [-51.59123491379666, -30.04217838375233], [-51.59123491379666, -30.041639394581857]]]}, "properties": {"cultura": "Outras Lavouras Temporárias"}}, {"type": "Feature", "geometry": {"type": "Polygon", "coordinates": [[[-51.59096541921143, -30.041100405411385], [-51.59123491379666, -30.04136989999662], [-51.59123491379666, -30.041100405411385], [-51.59096541921143, -30.041100405411385]]]}, "properties": {"cultura": "Outras Lavouras Temporárias"}}, {"type": "Feature", "geometry": {"type": "Polygon", "coordinates": [[[-51.584228054580535, -30.03948343789997], [-51.58503653833624, -30.039752932485207], [-51.58503653833624, -30.03948343789997], [-51.584228054580535, -30.03948343789997]]]}, "properties": {"cultura": "Outras Lavouras Temporárias"}}, {"type": "Feature", "geometry": {"type": "Polygon", "coordinates": [[[-51.584228054580535, -30.03948343789997], [-51.583958559995295, -30.03813596497379], [-51.58315007623959, -30.037866470388554], [-51.58368906541006, -30.03948343789997], [-51.584228054580535, -30.03948343789997]]]}, "properties": {"cultura": "Outras Lavouras Temporárias"}}, {"type": "Feature", "geometry": {"type": "Polygon", "coordinates": [[[-51.58315007623959, -30.037866470388554], [-51.58261108706912, -30.03732748121808], [-51.58261108706912, -30.03813596497379], [-51.58315007623959, -30.037866470388554]]]}, "properties": {"cultura": "Outras Lavouras Temporárias"}}, {"type": "Feature", "geometry": {"type": "Polygon", "coordinates": [[[-51.58234159248388, -30.036788492047613], [-51.58261108706912, -30.03732748121808], [-51.58261108706912, -30.036788492047613], [-51.58234159248388, -30.036788492047613]]]}, "properties": {"cultura": "Outras Lavouras Temporárias"}}, {"type": "Feature", "geometry": {"type": "Polygon", "coordinates": [[[-51.58288058165435, -30.036788492047613], [-51.58261108706912, -30.036518997462377], [-51.58261108706912, -30.036788492047613], [-51.58288058165435, -30.036788492047613]]]}, "properties": {"cultura": "Outras Lavouras Temporárias"}}, {"type": "Feature", "geometry": {"type": "Polygon", "coordinates": [[[-51.58746198960336, -30.035710513706668], [-51.588000978773835, -30.034093546195255], [-51.58719249501813, -30.034363040780487], [-51.58746198960336, -30.035710513706668]]]}, "properties": {"cultura": "Outras Lavouras Temporárias"}}, {"type": "Feature", "geometry": {"type": "Polygon", "coordinates": [[[-51.59581632174567, -30.034632535365724], [-51.59608581633091, -30.035441019121432], [-51.596355310916145, -30.035441019121432], [-51.596624805501385, -30.034363040780487], [-51.59581632174567, -30.034632535365724]]]}, "properties": {"cultura": "Outras Lavouras Temporárias"}}, {"type": "Feature", "geometry": {"type": "Polygon", "coordinates": [[[-51.59581632174567, -30.034363040780487], [-51.5952773325752, -30.034632535365724], [-51.59581632174567, -30.034632535365724], [-51.59581632174567, -30.034363040780487]]]}, "properties": {"cultura": "Outras Lavouras Temporárias"}}, {"type": "Feature", "geometry": {"type": "Polygon", "coordinates": [[[-51.5809941195577, -30.034363040780487], [-51.58153310872817, -30.034632535365724], [-51.58234159248388, -30.034632535365724], [-51.581802603313406, -30.034093546195255], [-51.5809941195577, -30.034363040780487]]]}, "properties": {"cultura": "Outras Lavouras Temporárias"}}, {"type": "Feature", "geometry": {"type": "Polygon", "coordinates": [[[-51.59473834340473, -30.034093546195255], [-51.5952773325752, -30.034363040780487], [-51.5952773325752, -30.034093546195255], [-51.59473834340473, -30.034093546195255]]]}, "properties": {"cultura": "Outras Lavouras Temporárias"}}, {"type": "Feature", "geometry": {"type": "Polygon", "coordinates": [[[-51.59581632174567, -30.034093546195255], [-51.596355310916145, -30.034363040780487], [-51.596355310916145, -30.034093546195255], [-51.59581632174567, -30.034093546195255]]]}, "properties": {"cultura": "Outras Lavouras Temporárias"}}, {"type": "Feature", "geometry": {"type": "Polygon", "coordinates": [[[-51.5952773325752, -30.03382405161002], [-51.59554682716044, -30.034093546195255], [-51.59554682716044, -30.03382405161002], [-51.5952773325752, -30.03382405161002]]]}, "properties": {"cultura": "Outras Lavouras Temporárias"}}, {"type": "Feature", "geometry": {"type": "Polygon", "coordinates": [[[-51.588000978773835, -30.03382405161002], [-51.58853996794431, -30.034093546195255], [-51.58853996794431, -30.03382405161002], [-51.588000978773835, -30.03382405161002]]]}, "properties": {"cultura": "Outras Lavouras Temporárias"}}, {"type": "Feature", "geometry": {"type": "Polygon", "coordinates": [[[-51.585845022091945, -30.03382405161002], [-51.58719249501813, -30.034093546195255], [-51.58719249501813, -30.033554557024782], [-51.585845022091945, -30.03382405161002]]]}, "properties": {"cultura": "Outras Lavouras Temporárias"}}, {"type": "Feature", "geometry": {"type": "Polygon", "coordinates": [[[-51.58315007623959, -30.033285062439546], [-51.58261108706912, -30.033285062439546], [-51.58341957082482, -30.03301556785431], [-51.58315007623959, -30.0322070840986], [-51.581802603313406, -30.032746073269074], [-51.58288058165435, -30.034363040780487], [-51.58315007623959, -30.033285062439546]]]}, "properties": {"cultura": "Outras Lavouras Temporárias"}}, {"type": "Feature", "geometry": {"type": "Polygon", "coordinates": [[[-51.58449754916577, -30.03112910575766], [-51.58341957082482, -30.031398600342893], [-51.58315007623959, -30.0322070840986], [-51.58449754916577, -30.032746073269074], [-51.58449754916577, -30.031398600342893], [-51.58503653833624, -30.031398600342893], [-51.58449754916577, -30.03112910575766]]]}, "properties": {"cultura": "Outras Lavouras Temporárias"}}, {"type": "Feature", "geometry": {"type": "Polygon", "coordinates": [[[-51.58503653833624, -30.031398600342893], [-51.58557552750671, -30.03166809492813], [-51.58557552750671, -30.031398600342893], [-51.58503653833624, -30.031398600342893]]]}, "properties": {"cultura": "Outras Lavouras Temporárias"}}, {"type": "Feature", "geometry": {"type": "Polygon", "coordinates": [[[-51.58261108706912, -30.031398600342893], [-51.58315007623959, -30.03166809492813], [-51.58315007623959, -30.031398600342893], [-51.58261108706912, -30.031398600342893]]]}, "properties": {"cultura": "Outras Lavouras Temporárias"}}, {"type": "Feature", "geometry": {"type": "Polygon", "coordinates": [[[-51.58449754916577, -30.02978163283148], [-51.583958559995295, -30.029512138246243], [-51.583958559995295, -30.02978163283148], [-51.58449754916577, -30.02978163283148]]]}, "properties": {"cultura": "Outras Lavouras Temporárias"}}, {"type": "Feature", "geometry": {"type": "Polygon", "coordinates": [[[-51.58315007623959, -30.030051127416716], [-51.583958559995295, -30.02978163283148], [-51.58341957082482, -30.028703654490535], [-51.58315007623959, -30.030051127416716]]]}, "properties": {"cultura": "Outras Lavouras Temporárias"}}, {"type": "Feature", "geometry": {"type": "Polygon", "coordinates": [[[-51.58261108706912, -30.028164665320066], [-51.58126361414294, -30.027356181564357], [-51.58153310872817, -30.028164665320066], [-51.58261108706912, -30.028164665320066]]]}, "properties": {"cultura": "Outras Lavouras Temporárias"}}, {"type": "Feature", "geometry": {"type": "Polygon", "coordinates": [[[-51.59123491379666, -30.026817192393885], [-51.59123491379666, -30.0284341599053], [-51.592043397552374, -30.02897314907577], [-51.59285188130808, -30.027625676149594], [-51.591773902967134, -30.027625676149594], [-51.592043397552374, -30.026278203223413], [-51.59096541921143, -30.026008708638177], [-51.59123491379666, -30.024930730297235], [-51.59096541921143, -30.024930730297235], [-51.590156935455724, -30.02573921405294], [-51.590695924626196, -30.02573921405294], [-51.590695924626196, -30.02708668697912], [-51.59123491379666, -30.026817192393885]]]}, "properties": {"cultura": "Outras Lavouras Temporárias"}}, {"type": "Feature", "geometry": {"type": "Polygon", "coordinates": [[[-51.592043397552374, -30.026008708638177], [-51.5915044083819, -30.025469719467704], [-51.59123491379666, -30.026008708638177], [-51.592043397552374, -30.026008708638177]]]}, "properties": {"cultura": "Outras Lavouras Temporárias"}}, {"type": "Feature", "geometry": {"type": "Polygon", "coordinates": [[[-51.589887440870484, -30.02573921405294], [-51.58907895711478, -30.024391741126763], [-51.58934845170001, -30.026008708638177], [-51.589887440870484, -30.02573921405294]]]}, "properties": {"cultura": "Outras Lavouras Temporárias"}}, {"type": "Feature", "geometry": {"type": "Polygon", "coordinates": [[[-51.590695924626196, -30.024661235712], [-51.59096541921143, -30.024930730297235], [-51.59096541921143, -30.024661235712], [-51.590695924626196, -30.024661235712]]]}, "properties": {"cultura": "Outras Lavouras Temporárias"}}, {"type": "Feature", "geometry": {"type": "Polygon", "coordinates": [[[-51.59096541921143, -30.024661235712], [-51.59123491379666, -30.024122246541527], [-51.59096541921143, -30.024122246541527], [-51.59096541921143, -30.024661235712]]]}, "properties": {"cultura": "Outras Lavouras Temporárias"}}, {"type": "Feature", "geometry": {"type": "Polygon", "coordinates": [[[-51.59096541921143, -30.02385275195629], [-51.59042643004096, -30.024122246541527], [-51.59096541921143, -30.024122246541527], [-51.59096541921143, -30.02385275195629]]]}, "properties": {"cultura": "Outras Lavouras Temporárias"}}, {"type": "Feature", "geometry": {"type": "Polygon", "coordinates": [[[-51.579377152046284, -30.024661235712], [-51.580185635801996, -30.024930730297235], [-51.579646646631524, -30.022774773615346], [-51.57883816287581, -30.02331376278582], [-51.579646646631524, -30.02385275195629], [-51.579377152046284, -30.024661235712]]]}, "properties": {"cultura": "Outras Lavouras Temporárias"}}, {"type": "Feature", "geometry": {"type": "Polygon", "coordinates": [[[-51.58153310872817, -30.023044268200582], [-51.58072462497247, -30.02331376278582], [-51.58072462497247, -30.024122246541527], [-51.58126361414294, -30.02385275195629], [-51.58153310872817, -30.023044268200582]]]}, "properties": {"cultura": "Outras Lavouras Temporárias"}}, {"type": "Feature", "geometry": {"type": "Polygon", "coordinates": [[[-51.590156935455724, -30.02250527903011], [-51.58907895711478, -30.022774773615346], [-51.588000978773835, -30.024122246541527], [-51.590156935455724, -30.024122246541527], [-51.590156935455724, -30.02250527903011]]]}, "properties": {"cultura": "Outras Lavouras Temporárias"}}, {"type": "Feature", "geometry": {"type": "Polygon", "coordinates": [[[-51.58530603292147, -30.022774773615346], [-51.58557552750671, -30.024391741126763], [-51.58638401126242, -30.023583257371055], [-51.58746198960336, -30.024122246541527], [-51.58907895711478, -30.02196628985964], [-51.585845022091945, -30.022235784444874], [-51.58530603292147, -30.022774773615346]]]}, "properties": {"cultura": "Outras Lavouras Temporárias"}}, {"type": "Feature", "geometry": {"type": "Polygon", "coordinates": [[[-51.58153310872817, -30.022774773615346], [-51.581802603313406, -30.023044268200582], [-51.581802603313406, -30.022774773615346], [-51.58153310872817, -30.022774773615346]]]}, "properties": {"cultura": "Outras Lavouras Temporárias"}}, {"type": "Feature", "geometry": {"type": "Polygon", "coordinates": [[[-51.590156935455724, -30.020349322348224], [-51.59042643004096, -30.022235784444874], [-51.59042643004096, -30.020349322348224], [-51.590156935455724, -30.020349322348224]]]}, "properties": {"cultura": "Outras Lavouras Temporárias"}}, {"type": "Feature", "geometry": {"type": "Polygon", "coordinates": [[[-51.59500783798997, -30.01981033317775], [-51.5952773325752, -30.019540838592516], [-51.59500783798997, -30.019540838592516], [-51.59500783798997, -30.01981033317775]]]}, "properties": {"cultura": "Outras Lavouras Temporárias"}}, {"type": "Feature", "geometry": {"type": "Polygon", "coordinates": [[[-51.598241773012795, -30.01981033317775], [-51.594468848819496, -30.01819336566634], [-51.59312137589332, -30.01873235483681], [-51.594468848819496, -30.019540838592516], [-51.5952773325752, -30.019001849422047], [-51.59554682716044, -30.01981033317775], [-51.596355310916145, -30.01927134400728], [-51.598241773012795, -30.01981033317775]]]}, "properties": {"cultura": "Outras Lavouras Temporárias"}}, {"type": "Feature", "geometry": {"type": "Polygon", "coordinates": [[[-51.592582386722846, -30.015228925228744], [-51.59312137589332, -30.015767914399216], [-51.59312137589332, -30.015228925228744], [-51.592582386722846, -30.015228925228744]]]}, "properties": {"cultura": "Outras Lavouras Temporárias"}}, {"type": "Feature", "geometry": {"type": "Polygon", "coordinates": [[[-51.592043397552374, -30.013881452302563], [-51.592312892137606, -30.015228925228744], [-51.592582386722846, -30.015228925228744], [-51.592582386722846, -30.014959430643508], [-51.59312137589332, -30.014959430643508], [-51.59312137589332, -30.014420441473035], [-51.59473834340473, -30.015228925228744], [-51.59608581633091, -30.014959430643508], [-51.59473834340473, -30.01468993605827], [-51.59366036506379, -30.013881452302563], [-51.59339087047855, -30.0141509468878], [-51.592043397552374, -30.013881452302563]], [[-51.592312892137606, -30.01468993605827], [-51.592582386722846, -30.014420441473035], [-51.592582386722846, -30.01468993605827], [-51.592312892137606, -30.01468993605827]]]}, "properties": {"cultura": "Outras Lavouras Temporárias"}}, {"type": "Feature", "geometry": {"type": "Polygon", "coordinates": [[[-51.5952773325752, -30.0141509468878], [-51.59473834340473, -30.014420441473035], [-51.5952773325752, -30.014420441473035], [-51.5952773325752, -30.0141509468878]]]}, "properties": {"cultura": "Outras Lavouras Temporárias"}}, {"type": "Feature", "geometry": {"type": "Polygon", "coordinates": [[[-51.5952773325752, -30.013881452302563], [-51.59554682716044, -30.0141509468878], [-51.59554682716044, -30.013881452302563], [-51.5952773325752, -30.013881452302563]]]}, "properties": {"cultura": "Outras Lavouras Temporárias"}}, {"type": "Feature", "geometry": {"type": "Polygon", "coordinates": [[[-51.59285188130808, -30.012803473961622], [-51.592043397552374, -30.013072968546858], [-51.592043397552374, -30.013611957717327], [-51.59312137589332, -30.013881452302563], [-51.59285188130808, -30.012803473961622]]]}, "properties": {"cultura": "Outras Lavouras Temporárias"}}, {"type": "Feature", "geometry": {"type": "Polygon", "coordinates": [[[-51.55000224225558, -30.153749142039974], [-51.548924263914635, -30.154288131210446], [-51.55027173684081, -30.154288131210446], [-51.55000224225558, -30.153749142039974]]]}, "properties": {"cultura": "Outras Lavouras Temporárias"}}, {"type": "Feature", "geometry": {"type": "Polygon", "coordinates": [[[-51.54838527474416, -30.149706723261435], [-51.548924263914635, -30.150245712431907], [-51.548924263914635, -30.149706723261435], [-51.54838527474416, -30.149706723261435]]]}, "properties": {"cultura": "Outras Lavouras Temporárias"}}, {"type": "Feature", "geometry": {"type": "Polygon", "coordinates": [[[-51.559434552738836, -30.150515207017143], [-51.55997354190931, -30.14997621784667], [-51.55862606898312, -30.149167734090963], [-51.55835657439789, -30.149706723261435], [-51.559434552738836, -30.150515207017143]]]}, "properties": {"cultura": "Outras Lavouras Temporárias"}}, {"type": "Feature", "geometry": {"type": "Polygon", "coordinates": [[[-51.557548090642186, -30.133537048147286], [-51.55593112313077, -30.132998058976813], [-51.55593112313077, -30.13380654273252], [-51.557548090642186, -30.133537048147286]]]}, "properties": {"cultura": "Outras Lavouras Temporárias"}}, {"type": "Feature", "geometry": {"type": "Polygon", "coordinates": [[[-51.55808707981265, -30.132998058976813], [-51.55862606898312, -30.132728564391577], [-51.55808707981265, -30.132728564391577], [-51.55808707981265, -30.132998058976813]]]}, "properties": {"cultura": "Outras Lavouras Temporárias"}}, {"type": "Feature", "geometry": {"type": "Polygon", "coordinates": [[[-51.55808707981265, -30.13245906980634], [-51.55781758522742, -30.132728564391577], [-51.55808707981265, -30.132728564391577], [-51.55808707981265, -30.13245906980634]]]}, "properties": {"cultura": "Outras Lavouras Temporárias"}}, {"type": "Feature", "geometry": {"type": "Polygon", "coordinates": [[[-51.55862606898312, -30.132728564391577], [-51.559434552738836, -30.132728564391577], [-51.559434552738836, -30.132189575221105], [-51.55889556356836, -30.132189575221105], [-51.55862606898312, -30.132728564391577]]]}, "properties": {"cultura": "Outras Lavouras Temporárias"}}, {"type": "Feature", "geometry": {"type": "Polygon", "coordinates": [[[-51.559434552738836, -30.13111159688016], [-51.559434552738836, -30.12922513478351], [-51.55835657439789, -30.129494629368747], [-51.55835657439789, -30.13057260770969], [-51.559434552738836, -30.13111159688016]]]}, "properties": {"cultura": "Outras Lavouras Temporárias"}}, {"type": "Feature", "geometry": {"type": "Polygon", "coordinates": [[[-51.55835657439789, -30.128686145613038], [-51.55889556356836, -30.12922513478351], [-51.55889556356836, -30.128686145613038], [-51.55835657439789, -30.128686145613038]]]}, "properties": {"cultura": "Outras Lavouras Temporárias"}}, {"type": "Feature", "geometry": {"type": "Polygon", "coordinates": [[[-51.57479574409728, -30.123026759323086], [-51.573717765756335, -30.122487770152613], [-51.57398726034157, -30.12329625390832], [-51.57479574409728, -30.123026759323086]]]}, "properties": {"cultura": "Outras Lavouras Temporárias"}}, {"type": "Feature", "geometry": {"type": "Polygon", "coordinates": [[[-51.55054123142605, -30.11763686761837], [-51.54973274767034, -30.117906362203605], [-51.55054123142605, -30.117906362203605], [-51.55054123142605, -30.11763686761837]]]}, "properties": {"cultura": "Outras Lavouras Temporárias"}}, {"type": "Feature", "geometry": {"type": "Polygon", "coordinates": [[[-51.55054123142605, -30.117367373033133], [-51.55134971518176, -30.11763686761837], [-51.55134971518176, -30.117367373033133], [-51.55054123142605, -30.117367373033133]]]}, "properties": {"cultura": "Outras Lavouras Temporárias"}}, {"type": "Feature", "geometry": {"type": "Polygon", "coordinates": [[[-51.55054123142605, -30.11251647049889], [-51.55134971518176, -30.113055459669358], [-51.55134971518176, -30.11251647049889], [-51.55054123142605, -30.11251647049889]]]}, "properties": {"cultura": "Outras Lavouras Temporárias"}}, {"type": "Feature", "geometry": {"type": "Polygon", "coordinates": [[[-51.544612350550864, -30.11170798674318], [-51.544881845136096, -30.112246975913653], [-51.544881845136096, -30.11170798674318], [-51.544612350550864, -30.11170798674318]]]}, "properties": {"cultura": "Outras Lavouras Temporárias"}}, {"type": "Feature", "geometry": {"type": "Polygon", "coordinates": [[[-51.54542083430657, -30.11170798674318], [-51.544881845136096, -30.111438492157944], [-51.544881845136096, -30.11170798674318], [-51.54542083430657, -30.11170798674318]]]}, "properties": {"cultura": "Outras Lavouras Temporárias"}}, {"type": "Feature", "geometry": {"type": "Polygon", "coordinates": [[[-51.54595982347704, -30.111168997572708], [-51.546229318062274, -30.110360513817], [-51.54542083430657, -30.111438492157944], [-51.54595982347704, -30.111168997572708]]]}, "properties": {"cultura": "Outras Lavouras Temporárias"}}, {"type": "Feature", "geometry": {"type": "Polygon", "coordinates": [[[-51.54838527474416, -30.107935062549878], [-51.54811578015893, -30.108743546305586], [-51.548924263914635, -30.109552030061295], [-51.54757679098846, -30.110360513817], [-51.550810726011285, -30.109013040890822], [-51.550810726011285, -30.110360513817], [-51.55188870435223, -30.109821524646527], [-51.55161920976699, -30.110360513817], [-51.552697188107935, -30.110630008402236], [-51.55215819893746, -30.108743546305586], [-51.550810726011285, -30.10766556796464], [-51.548924263914635, -30.107396073379405], [-51.54946325308511, -30.108204557135114], [-51.54838527474416, -30.107935062549878]]]}, "properties": {"cultura": "Outras Lavouras Temporárias"}}, {"type": "Feature", "geometry": {"type": "Polygon", "coordinates": [[[-51.54784628557369, -30.10847405172035], [-51.54649881264751, -30.107935062549878], [-51.546768307232746, -30.109552030061295], [-51.547037801817986, -30.109552030061295], [-51.54784628557369, -30.10847405172035]]]}, "properties": {"cultura": "Outras Lavouras Temporárias"}}, {"type": "Feature", "geometry": {"type": "Polygon", "coordinates": [[[-51.54838527474416, -30.10766556796464], [-51.548654769329396, -30.107935062549878], [-51.548654769329396, -30.10766556796464], [-51.54838527474416, -30.10766556796464]]]}, "properties": {"cultura": "Outras Lavouras Temporárias"}}, {"type": "Feature", "geometry": {"type": "Polygon", "coordinates": [[[-51.54784628557369, -30.108204557135114], [-51.54811578015893, -30.106318095038464], [-51.546768307232746, -30.106318095038464], [-51.546768307232746, -30.107396073379405], [-51.54784628557369, -30.108204557135114]]]}, "properties": {"cultura": "Outras Lavouras Temporárias"}}, {"type": "Feature", "geometry": {"type": "Polygon", "coordinates": [[[-51.55512263937506, -30.1065875896237], [-51.556200617716, -30.10577910586799], [-51.55431415561935, -30.10524011669752], [-51.55377516644888, -30.106048600453228], [-51.55512263937506, -30.1065875896237]]]}, "properties": {"cultura": "Outras Lavouras Temporárias"}}, {"type": "Feature", "geometry": {"type": "Polygon", "coordinates": [[[-51.55835657439789, -30.104162138356575], [-51.55862606898312, -30.10389264377134], [-51.55835657439789, -30.10389264377134], [-51.55835657439789, -30.104162138356575]]]}, "properties": {"cultura": "Outras Lavouras Temporárias"}}, {"type": "Feature", "geometry": {"type": "Polygon", "coordinates": [[[-51.55512263937506, -30.103623149186106], [-51.55781758522742, -30.10443163294181], [-51.55835657439789, -30.10335365460087], [-51.55512263937506, -30.10254517084516], [-51.55512263937506, -30.103623149186106]]]}, "properties": {"cultura": "Outras Lavouras Temporárias"}}, {"type": "Feature", "geometry": {"type": "Polygon", "coordinates": [[[-51.54326487762468, -30.102814665430397], [-51.54407336138039, -30.10335365460087], [-51.544342855965624, -30.102814665430397], [-51.54326487762468, -30.102814665430397]]]}, "properties": {"cultura": "Outras Lavouras Temporárias"}}, {"type": "Feature", "geometry": {"type": "Polygon", "coordinates": [[[-51.556739606886474, -30.10200618167469], [-51.557278596056946, -30.102275676259925], [-51.557278596056946, -30.10200618167469], [-51.556739606886474, -30.10200618167469]]]}, "properties": {"cultura": "Outras Lavouras Temporárias"}}, {"type": "Feature", "geometry": {"type": "Polygon", "coordinates": [[[-51.557548090642186, -30.10119769791898], [-51.55781758522742, -30.102275676259925], [-51.55835657439789, -30.102275676259925], [-51.55835657439789, -30.101467192504217], [-51.557548090642186, -30.10119769791898]]]}, "properties": {"cultura": "Outras Lavouras Temporárias"}}, {"type": "Feature", "geometry": {"type": "Polygon", "coordinates": [[[-51.556739606886474, -30.10200618167469], [-51.55593112313077, -30.100928203333744], [-51.5553921339603, -30.101736687089453], [-51.55593112313077, -30.10200618167469], [-51.556739606886474, -30.10200618167469]]]}, "properties": {"cultura": "Outras Lavouras Temporárias"}}, {"type": "Feature", "geometry": {"type": "Polygon", "coordinates": [[[-51.544612350550864, -30.10011971957804], [-51.545151339721336, -30.101467192504217], [-51.54542083430657, -30.10011971957804], [-51.544612350550864, -30.10011971957804]]]}, "properties": {"cultura": "Outras Lavouras Temporárias"}}, {"type": "Feature", "geometry": {"type": "Polygon", "coordinates": [[[-51.57506523868251, -30.100928203333744], [-51.57587372243822, -30.100928203333744], [-51.57587372243822, -30.100389214163275], [-51.57533473326775, -30.100389214163275], [-51.57506523868251, -30.100928203333744]]]}, "properties": {"cultura": "Outras Lavouras Temporárias"}}, {"type": "Feature", "geometry": {"type": "Polygon", "coordinates": [[[-51.556200617716, -30.100658708748508], [-51.55458365020459, -30.10011971957804], [-51.55431415561935, -30.10119769791898], [-51.556200617716, -30.100658708748508]]]}, "properties": {"cultura": "Outras Lavouras Temporárias"}}, {"type": "Feature", "geometry": {"type": "Polygon", "coordinates": [[[-51.557278596056946, -30.100928203333744], [-51.55647011230124, -30.100389214163275], [-51.55647011230124, -30.100928203333744], [-51.557278596056946, -30.100928203333744]]]}, "properties": {"cultura": "Outras Lavouras Temporárias"}}, {"type": "Feature", "geometry": {"type": "Polygon", "coordinates": [[[-51.57587372243822, -30.10011971957804], [-51.57614321702346, -30.100389214163275], [-51.57614321702346, -30.10011971957804], [-51.57587372243822, -30.10011971957804]]]}, "properties": {"cultura": "Outras Lavouras Temporárias"}}, {"type": "Feature", "geometry": {"type": "Polygon", "coordinates": [[[-51.54595982347704, -30.099850224992803], [-51.546229318062274, -30.10011971957804], [-51.546229318062274, -30.099850224992803], [-51.54595982347704, -30.099850224992803]]]}, "properties": {"cultura": "Outras Lavouras Temporárias"}}, {"type": "Feature", "geometry": {"type": "Polygon", "coordinates": [[[-51.54649881264751, -30.099850224992803], [-51.546229318062274, -30.099580730407567], [-51.546229318062274, -30.099850224992803], [-51.54649881264751, -30.099850224992803]]]}, "properties": {"cultura": "Outras Lavouras Temporárias"}}, {"type": "Feature", "geometry": {"type": "Polygon", "coordinates": [[[-51.545151339721336, -30.098502752066622], [-51.54542083430657, -30.09877224665186], [-51.54542083430657, -30.098502752066622], [-51.545151339721336, -30.098502752066622]]]}, "properties": {"cultura": "Outras Lavouras Temporárias"}}, {"type": "Feature", "geometry": {"type": "Polygon", "coordinates": [[[-51.57533473326775, -30.09796376289615], [-51.57587372243822, -30.098233257481386], [-51.57587372243822, -30.09796376289615], [-51.57533473326775, -30.09796376289615]]]}, "properties": {"cultura": "Outras Lavouras Temporárias"}}, {"type": "Feature", "geometry": {"type": "Polygon", "coordinates": [[[-51.57506523868251, -30.09796376289615], [-51.57533473326775, -30.09796376289615], [-51.57533473326775, -30.09742477372568], [-51.57506523868251, -30.09742477372568], [-51.57506523868251, -30.09796376289615]]]}, "properties": {"cultura": "Outras Lavouras Temporárias"}}, {"type": "Feature", "geometry": {"type": "Polygon", "coordinates": [[[-51.544881845136096, -30.095538311629028], [-51.544612350550864, -30.09877224665186], [-51.545151339721336, -30.098502752066622], [-51.545151339721336, -30.098233257481386], [-51.54595982347704, -30.098233257481386], [-51.54542083430657, -30.099580730407567], [-51.546229318062274, -30.099041741237095], [-51.54784628557369, -30.099580730407567], [-51.54838527474416, -30.09688578455521], [-51.54649881264751, -30.097155279140445], [-51.54649881264751, -30.096346795384736], [-51.544881845136096, -30.095538311629028]], [[-51.546229318062274, -30.096346795384736], [-51.54595982347704, -30.096616289969973], [-51.54595982347704, -30.096346795384736], [-51.546229318062274, -30.096346795384736]]]}, "properties": {"cultura": "Outras Lavouras Temporárias"}}, {"type": "Feature", "geometry": {"type": "Polygon", "coordinates": [[[-51.57479574409728, -30.09688578455521], [-51.57506523868251, -30.09742477372568], [-51.57506523868251, -30.09688578455521], [-51.57479574409728, -30.09688578455521]]]}, "properties": {"cultura": "Outras Lavouras Temporárias"}}, {"type": "Feature", "geometry": {"type": "Polygon", "coordinates": [[[-51.548654769329396, -30.09796376289615], [-51.54946325308511, -30.097694268310914], [-51.548924263914635, -30.096346795384736], [-51.54838527474416, -30.096616289969973], [-51.548654769329396, -30.09796376289615]]]}, "properties": {"cultura": "Outras Lavouras Temporárias"}}, {"type": "Feature", "geometry": {"type": "Polygon", "coordinates": [[[-51.54353437220992, -30.095807806214264], [-51.54326487762468, -30.0960773007995], [-51.54353437220992, -30.0960773007995], [-51.54353437220992, -30.095807806214264]]]}, "properties": {"cultura": "Outras Lavouras Temporárias"}}, {"type": "Feature", "geometry": {"type": "Polygon", "coordinates": [[[-51.54353437220992, -30.09526881704379], [-51.54407336138039, -30.095807806214264], [-51.54407336138039, -30.09526881704379], [-51.54353437220992, -30.09526881704379]]]}, "properties": {"cultura": "Outras Lavouras Temporárias"}}, {"type": "Feature", "geometry": {"type": "Polygon", "coordinates": [[[-51.544342855965624, -30.09526881704379], [-51.54407336138039, -30.09472982787332], [-51.54407336138039, -30.09526881704379], [-51.544342855965624, -30.09526881704379]]]}, "properties": {"cultura": "Outras Lavouras Temporárias"}}, {"type": "Feature", "geometry": {"type": "Polygon", "coordinates": [[[-51.545151339721336, -30.094460333288087], [-51.544612350550864, -30.09526881704379], [-51.54595982347704, -30.095538311629028], [-51.545151339721336, -30.094460333288087]]]}, "properties": {"cultura": "Outras Lavouras Temporárias"}}, {"type": "Feature", "geometry": {"type": "Polygon", "coordinates": [[[-51.544612350550864, -30.09419083870285], [-51.544342855965624, -30.09472982787332], [-51.544612350550864, -30.09472982787332], [-51.544612350550864, -30.09419083870285]]]}, "properties": {"cultura": "Outras Lavouras Temporárias"}}, {"type": "Feature", "geometry": {"type": "Polygon", "coordinates": [[[-51.54353437220992, -30.093921344117614], [-51.54407336138039, -30.09419083870285], [-51.54407336138039, -30.093921344117614], [-51.54353437220992, -30.093921344117614]]]}, "properties": {"cultura": "Outras Lavouras Temporárias"}}, {"type": "Feature", "geometry": {"type": "Polygon", "coordinates": [[[-51.575604227852985, -30.09419083870285], [-51.57614321702346, -30.093651849532378], [-51.575604227852985, -30.093651849532378], [-51.575604227852985, -30.09419083870285]]]}, "properties": {"cultura": "Outras Lavouras Temporárias"}}, {"type": "Feature", "geometry": {"type": "Polygon", "coordinates": [[[-51.563207476932135, -30.093382354947142], [-51.56455494985831, -30.093651849532378], [-51.56455494985831, -30.093382354947142], [-51.563207476932135, -30.093382354947142]]]}, "properties": {"cultura": "Outras Lavouras Temporárias"}}, {"type": "Feature", "geometry": {"type": "Polygon", "coordinates": [[[-51.544612350550864, -30.093112860361906], [-51.54407336138039, -30.093382354947142], [-51.54407336138039, -30.093921344117614], [-51.544881845136096, -30.093921344117614], [-51.544612350550864, -30.093112860361906]]]}, "properties": {"cultura": "Outras Lavouras Temporárias"}}, {"type": "Feature", "geometry": {"type": "Polygon", "coordinates": [[[-51.544342855965624, -30.087453474071953], [-51.544612350550864, -30.087992463242426], [-51.544612350550864, -30.087453474071953], [-51.544342855965624, -30.087453474071953]]]}, "properties": {"cultura": "Outras Lavouras Temporárias"}}, {"type": "Feature", "geometry": {"type": "Polygon", "coordinates": [[[-51.55970404732407, -30.08691448490148], [-51.56024303649454, -30.08691448490148], [-51.56078202566501, -30.08772296865719], [-51.56078202566501, -30.086644990316245], [-51.55970404732407, -30.08691448490148]]]}, "properties": {"cultura": "Outras Lavouras Temporárias"}}, {"type": "Feature", "geometry": {"type": "Polygon", "coordinates": [[[-51.54380386679515, -30.087453474071953], [-51.544342855965624, -30.087453474071953], [-51.544612350550864, -30.087183979486717], [-51.544342855965624, -30.08637549573101], [-51.54380386679515, -30.087453474071953]]]}, "properties": {"cultura": "Outras Lavouras Temporárias"}}, {"type": "Feature", "geometry": {"type": "Polygon", "coordinates": [[[-51.544612350550864, -30.08448903363436], [-51.54380386679515, -30.084219539049123], [-51.54380386679515, -30.084758528219595], [-51.544612350550864, -30.08448903363436]]]}, "properties": {"cultura": "Outras Lavouras Temporárias"}}, {"type": "Feature", "geometry": {"type": "Polygon", "coordinates": [[[-51.545151339721336, -30.084219539049123], [-51.5456903288918, -30.082063582367237], [-51.54595982347704, -30.08125509861153], [-51.544881845136096, -30.082333076952473], [-51.545151339721336, -30.084219539049123]], [[-51.545151339721336, -30.082872066122942], [-51.54542083430657, -30.082602571537706], [-51.54542083430657, -30.082872066122942], [-51.545151339721336, -30.082872066122942]]]}, "properties": {"cultura": "Outras Lavouras Temporárias"}}, {"type": "Feature", "geometry": {"type": "Polygon", "coordinates": [[[-51.545151339721336, -30.081524593196765], [-51.544881845136096, -30.081794087782], [-51.545151339721336, -30.081794087782], [-51.545151339721336, -30.081524593196765]]]}, "properties": {"cultura": "Outras Lavouras Temporárias"}}, {"type": "Feature", "geometry": {"type": "Polygon", "coordinates": [[[-51.54353437220992, -30.08125509861153], [-51.54380386679515, -30.081524593196765], [-51.54380386679515, -30.08125509861153], [-51.54353437220992, -30.08125509861153]]]}, "properties": {"cultura": "Outras Lavouras Temporárias"}}, {"type": "Feature", "geometry": {"type": "Polygon", "coordinates": [[[-51.54326487762468, -30.08044661485582], [-51.54380386679515, -30.080985604026292], [-51.544612350550864, -30.081794087782], [-51.544612350550864, -30.080716109441056], [-51.54326487762468, -30.08044661485582]]]}, "properties": {"cultura": "Outras Lavouras Temporárias"}}, {"type": "Feature", "geometry": {"type": "Polygon", "coordinates": [[[-51.55350567186365, -30.081524593196765], [-51.55377516644888, -30.080985604026292], [-51.55350567186365, -30.08044661485582], [-51.55350567186365, -30.081524593196765]]]}, "properties": {"cultura": "Outras Lavouras Temporárias"}}, {"type": "Feature", "geometry": {"type": "Polygon", "coordinates": [[[-51.54649881264751, -30.079907625685347], [-51.54811578015893, -30.080177120270584], [-51.54811578015893, -30.079907625685347], [-51.54649881264751, -30.079907625685347]]]}, "properties": {"cultura": "Outras Lavouras Temporárias"}}, {"type": "Feature", "geometry": {"type": "Polygon", "coordinates": [[[-51.54326487762468, -30.07963813110011], [-51.54407336138039, -30.079907625685347], [-51.54407336138039, -30.07936863651488], [-51.54326487762468, -30.07963813110011]]]}, "properties": {"cultura": "Outras Lavouras Temporárias"}}, {"type": "Feature", "geometry": {"type": "Polygon", "coordinates": [[[-51.54380386679515, -30.07532621773634], [-51.54353437220992, -30.074248239395395], [-51.544342855965624, -30.073709250224923], [-51.54353437220992, -30.07343975563969], [-51.54326487762468, -30.074787228565867], [-51.54380386679515, -30.07532621773634]]]}, "properties": {"cultura": "Outras Lavouras Temporárias"}}, {"type": "Feature", "geometry": {"type": "Polygon", "coordinates": [[[-51.56832787405162, -30.0712837989578], [-51.56886686322209, -30.07209228271351], [-51.56886686322209, -30.0712837989578], [-51.56832787405162, -30.0712837989578]]]}, "properties": {"cultura": "Outras Lavouras Temporárias"}}, {"type": "Feature", "geometry": {"type": "Polygon", "coordinates": [[[-51.54919375849987, -30.07209228271351], [-51.54973274767034, -30.071822788128273], [-51.54946325308511, -30.0712837989578], [-51.54919375849987, -30.0712837989578], [-51.54919375849987, -30.07209228271351]]]}, "properties": {"cultura": "Outras Lavouras Temporárias"}}, {"type": "Feature", "geometry": {"type": "Polygon", "coordinates": [[[-51.57614321702346, -30.065893907253084], [-51.57533473326775, -30.067510874764498], [-51.575604227852985, -30.068319358520206], [-51.57856866829058, -30.068588853105442], [-51.58045513038723, -30.06616340183832], [-51.57614321702346, -30.065893907253084]]]}, "properties": {"cultura": "Outras Lavouras Temporárias"}}, {"type": "Feature", "geometry": {"type": "Polygon", "coordinates": [[[-51.54595982347704, -30.065893907253084], [-51.545151339721336, -30.066432896423557], [-51.54595982347704, -30.066432896423557], [-51.54595982347704, -30.065893907253084]]]}, "properties": {"cultura": "Outras Lavouras Temporárias"}}, {"type": "Feature", "geometry": {"type": "Polygon", "coordinates": [[[-51.56617191736973, -30.06616340183832], [-51.56644141195497, -30.064546434326903], [-51.56751939029591, -30.06481592891214], [-51.56751939029591, -30.064007445156435], [-51.56617191736973, -30.06427693974167], [-51.565363433614024, -30.063468455985962], [-51.565093939028785, -30.066432896423557], [-51.565363433614024, -30.065624412667848], [-51.56617191736973, -30.06616340183832]]]}, "properties": {"cultura": "Outras Lavouras Temporárias"}}, {"type": "Feature", "geometry": {"type": "Polygon", "coordinates": [[[-51.57856866829058, -30.064546434326903], [-51.57883816287581, -30.06427693974167], [-51.57856866829058, -30.064007445156435], [-51.57856866829058, -30.064546434326903]]]}, "properties": {"cultura": "Outras Lavouras Temporárias"}}, {"type": "Feature", "geometry": {"type": "Polygon", "coordinates": [[[-51.57856866829058, -30.063468455985962], [-51.57802967912011, -30.0637379505712], [-51.577760184534874, -30.06427693974167], [-51.57829917370535, -30.06427693974167], [-51.57856866829058, -30.063468455985962]]]}, "properties": {"cultura": "Outras Lavouras Temporárias"}}, {"type": "Feature", "geometry": {"type": "Polygon", "coordinates": [[[-51.56644141195497, -30.0637379505712], [-51.567249895710674, -30.0637379505712], [-51.567249895710674, -30.063198961400726], [-51.5667109065402, -30.063198961400726], [-51.56644141195497, -30.0637379505712]]]}, "properties": {"cultura": "Outras Lavouras Temporárias"}}, {"type": "Feature", "geometry": {"type": "Polygon", "coordinates": [[[-51.57641271160869, -30.063198961400726], [-51.57668220619393, -30.063468455985962], [-51.57668220619393, -30.063198961400726], [-51.57641271160869, -30.063198961400726]]]}, "properties": {"cultura": "Outras Lavouras Temporárias"}}, {"type": "Feature", "geometry": {"type": "Polygon", "coordinates": [[[-51.56563292819926, -30.06292946681549], [-51.5667109065402, -30.063198961400726], [-51.5667109065402, -30.06292946681549], [-51.56563292819926, -30.06292946681549]]]}, "properties": {"cultura": "Outras Lavouras Temporárias"}}, {"type": "Feature", "geometry": {"type": "Polygon", "coordinates": [[[-51.5772211953644, -30.062659972230254], [-51.57668220619393, -30.063198961400726], [-51.5772211953644, -30.063198961400726], [-51.5772211953644, -30.062659972230254]]]}, "properties": {"cultura": "Outras Lavouras Temporárias"}}, {"type": "Feature", "geometry": {"type": "Polygon", "coordinates": [[[-51.56994484156303, -30.060773510133604], [-51.57021433614827, -30.06292946681549], [-51.57021433614827, -30.060773510133604], [-51.56994484156303, -30.060773510133604]]]}, "properties": {"cultura": "Outras Lavouras Temporárias"}}, {"type": "Feature", "geometry": {"type": "Polygon", "coordinates": [[[-51.57290928200062, -30.06023452096313], [-51.57317877658586, -30.060504015548368], [-51.57317877658586, -30.06023452096313], [-51.57290928200062, -30.06023452096313]]]}, "properties": {"cultura": "Outras Lavouras Temporárias"}}, {"type": "Feature", "geometry": {"type": "Polygon", "coordinates": [[[-51.57290928200062, -30.06023452096313], [-51.57290928200062, -30.059965026377895], [-51.57237029283016, -30.059965026377895], [-51.57237029283016, -30.06023452096313], [-51.57290928200062, -30.06023452096313]]]}, "properties": {"cultura": "Outras Lavouras Temporárias"}}, {"type": "Feature", "geometry": {"type": "Polygon", "coordinates": [[[-51.57237029283016, -30.05969553179266], [-51.57210079824492, -30.059965026377895], [-51.57237029283016, -30.059965026377895], [-51.57237029283016, -30.05969553179266]]]}, "properties": {"cultura": "Outras Lavouras Temporárias"}}, {"type": "Feature", "geometry": {"type": "Polygon", "coordinates": [[[-51.571561809074446, -30.059426037207423], [-51.57210079824492, -30.05969553179266], [-51.57210079824492, -30.059426037207423], [-51.571561809074446, -30.059426037207423]]]}, "properties": {"cultura": "Outras Lavouras Temporárias"}}, {"type": "Feature", "geometry": {"type": "Polygon", "coordinates": [[[-51.57587372243822, -30.059156542622187], [-51.57695170077916, -30.06023452096313], [-51.5772211953644, -30.05969553179266], [-51.57829917370535, -30.06023452096313], [-51.577490689949634, -30.058348058866482], [-51.57587372243822, -30.059156542622187]]]}, "properties": {"cultura": "Outras Lavouras Temporárias"}}, {"type": "Feature", "geometry": {"type": "Polygon", "coordinates": [[[-51.57129231448921, -30.059426037207423], [-51.571561809074446, -30.059426037207423], [-51.571561809074446, -30.059156542622187], [-51.57129231448921, -30.059156542622187], [-51.57129231448921, -30.059426037207423]]]}, "properties": {"cultura": "Outras Lavouras Temporárias"}}, {"type": "Feature", "geometry": {"type": "Polygon", "coordinates": [[[-51.57802967912011, -30.05888704803695], [-51.57829917370535, -30.059156542622187], [-51.57829917370535, -30.05888704803695], [-51.57802967912011, -30.05888704803695]]]}, "properties": {"cultura": "Outras Lavouras Temporárias"}}, {"type": "Feature", "geometry": {"type": "Polygon", "coordinates": [[[-51.57829917370535, -30.058617553451715], [-51.57856866829058, -30.05888704803695], [-51.57856866829058, -30.058617553451715], [-51.57829917370535, -30.058617553451715]]]}, "properties": {"cultura": "Outras Lavouras Temporárias"}}, {"type": "Feature", "geometry": {"type": "Polygon", "coordinates": [[[-51.57614321702346, -30.055922607599356], [-51.57641271160869, -30.058078564281246], [-51.57641271160869, -30.055922607599356], [-51.57614321702346, -30.055922607599356]]]}, "properties": {"cultura": "Outras Lavouras Temporárias"}}, {"type": "Feature", "geometry": {"type": "Polygon", "coordinates": [[[-51.577760184534874, -30.05646159676983], [-51.57802967912011, -30.057270080525537], [-51.58045513038723, -30.05780906969601], [-51.580185635801996, -30.056731091355065], [-51.579377152046284, -30.0570005859403], [-51.57856866829058, -30.05565311301412], [-51.57695170077916, -30.056192102184593], [-51.57695170077916, -30.056731091355065], [-51.577760184534874, -30.05646159676983]]]}, "properties": {"cultura": "Outras Lavouras Temporárias"}}, {"type": "Feature", "geometry": {"type": "Polygon", "coordinates": [[[-51.56832787405162, -30.054036145502707], [-51.569136357807324, -30.054844629258415], [-51.569675346977796, -30.054036145502707], [-51.56832787405162, -30.054036145502707]]]}, "properties": {"cultura": "Outras Lavouras Temporárias"}}, {"type": "Feature", "geometry": {"type": "Polygon", "coordinates": [[[-51.57883816287581, -30.05457513467318], [-51.57883816287581, -30.054036145502707], [-51.57856866829058, -30.054036145502707], [-51.57856866829058, -30.05457513467318], [-51.57883816287581, -30.05457513467318]]]}, "properties": {"cultura": "Outras Lavouras Temporárias"}}, {"type": "Feature", "geometry": {"type": "Polygon", "coordinates": [[[-51.57856866829058, -30.05376665091747], [-51.57829917370535, -30.054036145502707], [-51.57856866829058, -30.054036145502707], [-51.57856866829058, -30.05376665091747]]]}, "properties": {"cultura": "Outras Lavouras Temporárias"}}, {"type": "Feature", "geometry": {"type": "Polygon", "coordinates": [[[-51.57829917370535, -30.05376665091747], [-51.577760184534874, -30.052958167161762], [-51.5772211953644, -30.052958167161762], [-51.57829917370535, -30.05376665091747]]]}, "properties": {"cultura": "Outras Lavouras Temporárias"}}, {"type": "Feature", "geometry": {"type": "Polygon", "coordinates": [[[-51.5659024227845, -30.052688672576526], [-51.56617191736973, -30.053227661746998], [-51.56617191736973, -30.052688672576526], [-51.5659024227845, -30.052688672576526]]]}, "properties": {"cultura": "Outras Lavouras Temporárias"}}, {"type": "Feature", "geometry": {"type": "Polygon", "coordinates": [[[-51.5772211953644, -30.052958167161762], [-51.575604227852985, -30.051610694235585], [-51.575604227852985, -30.053227661746998], [-51.5772211953644, -30.052958167161762]]]}, "properties": {"cultura": "Outras Lavouras Temporárias"}}, {"type": "Feature", "geometry": {"type": "Polygon", "coordinates": [[[-51.56617191736973, -30.051610694235585], [-51.56563292819926, -30.05188018882082], [-51.56563292819926, -30.052688672576526], [-51.5659024227845, -30.052688672576526], [-51.56617191736973, -30.051610694235585]]]}, "properties": {"cultura": "Outras Lavouras Temporárias"}}, {"type": "Feature", "geometry": {"type": "Polygon", "coordinates": [[[-51.5772211953644, -30.043795351263743], [-51.577490689949634, -30.04406484584898], [-51.577490689949634, -30.043795351263743], [-51.5772211953644, -30.043795351263743]]]}, "properties": {"cultura": "Outras Lavouras Temporárias"}}, {"type": "Feature", "geometry": {"type": "Polygon", "coordinates": [[[-51.56455494985831, -30.043256362093274], [-51.56428545527308, -30.043795351263743], [-51.5659024227845, -30.043256362093274], [-51.56455494985831, -30.043256362093274]]]}, "properties": {"cultura": "Outras Lavouras Temporárias"}}, {"type": "Feature", "geometry": {"type": "Polygon", "coordinates": [[[-51.57614321702346, -30.037866470388554], [-51.577490689949634, -30.037596975803318], [-51.577490689949634, -30.03705798663285], [-51.57533473326775, -30.03705798663285], [-51.57614321702346, -30.037866470388554]]]}, "properties": {"cultura": "Outras Lavouras Temporárias"}}, {"type": "Feature", "geometry": {"type": "Polygon", "coordinates": [[[-51.57802967912011, -30.036788492047613], [-51.577490689949634, -30.035980008291904], [-51.577490689949634, -30.036788492047613], [-51.57802967912011, -30.036788492047613]]]}, "properties": {"cultura": "Outras Lavouras Temporárias"}}, {"type": "Feature", "geometry": {"type": "Polygon", "coordinates": [[[-51.575604227852985, -30.03490202995096], [-51.575604227852985, -30.03624950287714], [-51.577490689949634, -30.035980008291904], [-51.57641271160869, -30.035710513706668], [-51.57668220619393, -30.034363040780487], [-51.575604227852985, -30.03490202995096]]]}, "properties": {"cultura": "Outras Lavouras Temporárias"}}, {"type": "Feature", "geometry": {"type": "Polygon", "coordinates": [[[-51.57829917370535, -30.02520022488247], [-51.57910765746105, -30.024930730297235], [-51.57829917370535, -30.024930730297235], [-51.57829917370535, -30.02520022488247]]]}, "properties": {"cultura": "Outras Lavouras Temporárias"}}, {"type": "Feature", "geometry": {"type": "Polygon", "coordinates": [[[-51.57829917370535, -30.024661235712], [-51.57802967912011, -30.024930730297235], [-51.57829917370535, -30.024930730297235], [-51.57829917370535, -30.024661235712]]]}, "properties": {"cultura": "Outras Lavouras Temporárias"}}, {"type": "Feature", "geometry": {"type": "Polygon", "coordinates": [[[-51.530329137533364, -30.141352391119124], [-51.52952065377765, -30.141352391119124], [-51.52925115919242, -30.141891380289596], [-51.52979014836289, -30.142160874874833], [-51.530329137533364, -30.141352391119124]]]}, "properties": {"cultura": "Outras Lavouras Temporárias"}}, {"type": "Feature", "geometry": {"type": "Polygon", "coordinates": [[[-51.5238612674877, -30.140543907363416], [-51.52305278373199, -30.13973542360771], [-51.52305278373199, -30.140543907363416], [-51.5238612674877, -30.140543907363416]]]}, "properties": {"cultura": "Outras Lavouras Temporárias"}}, {"type": "Feature", "geometry": {"type": "Polygon", "coordinates": [[[-51.52278328914676, -30.139465929022474], [-51.52305278373199, -30.13973542360771], [-51.52305278373199, -30.139465929022474], [-51.52278328914676, -30.139465929022474]]]}, "properties": {"cultura": "Outras Lavouras Temporárias"}}, {"type": "Feature", "geometry": {"type": "Polygon", "coordinates": [[[-51.52493924582864, -30.138657445266766], [-51.52251379456152, -30.138657445266766], [-51.52251379456152, -30.138926939852002], [-51.52493924582864, -30.13919643443724], [-51.52493924582864, -30.138657445266766]]]}, "properties": {"cultura": "Outras Lavouras Temporárias"}}, {"type": "Feature", "geometry": {"type": "Polygon", "coordinates": [[[-51.512003505737326, -30.128686145613038], [-51.51092552739638, -30.12922513478351], [-51.512003505737326, -30.12922513478351], [-51.512003505737326, -30.128686145613038]]]}, "properties": {"cultura": "Outras Lavouras Temporárias"}}, {"type": "Feature", "geometry": {"type": "Polygon", "coordinates": [[[-51.51092552739638, -30.128147156442566], [-51.511195021981614, -30.128416651027802], [-51.511195021981614, -30.128147156442566], [-51.51092552739638, -30.128147156442566]]]}, "properties": {"cultura": "Outras Lavouras Temporárias"}}, {"type": "Feature", "geometry": {"type": "Polygon", "coordinates": [[[-51.511734011152086, -30.128147156442566], [-51.511195021981614, -30.127608167272097], [-51.511195021981614, -30.128147156442566], [-51.511734011152086, -30.128147156442566]]]}, "properties": {"cultura": "Outras Lavouras Temporárias"}}, {"type": "Feature", "geometry": {"type": "Polygon", "coordinates": [[[-51.50230170066883, -30.123835243078794], [-51.50391866818025, -30.123026759323086], [-51.50364917359501, -30.12194878098214], [-51.5020322060836, -30.123026759323086], [-51.50230170066883, -30.123835243078794]]]}, "properties": {"cultura": "Outras Lavouras Temporárias"}}, {"type": "Feature", "geometry": {"type": "Polygon", "coordinates": [[[-51.507152603203075, -30.118984340544547], [-51.50607462486214, -30.119253835129783], [-51.50607462486214, -30.11952332971502], [-51.507152603203075, -30.11952332971502], [-51.507152603203075, -30.118984340544547]]]}, "properties": {"cultura": "Outras Lavouras Temporárias"}}, {"type": "Feature", "geometry": {"type": "Polygon", "coordinates": [[[-51.50472715193595, -30.11359444883983], [-51.50472715193595, -30.11440293259554], [-51.505266141106425, -30.11440293259554], [-51.50472715193595, -30.11359444883983]]]}, "properties": {"cultura": "Outras Lavouras Temporárias"}}, {"type": "Feature", "geometry": {"type": "Polygon", "coordinates": [[[-51.50418816276548, -30.110899502987472], [-51.50364917359501, -30.111977481328417], [-51.50445765735072, -30.112246975913653], [-51.50445765735072, -30.111438492157944], [-51.50418816276548, -30.110899502987472]]]}, "properties": {"cultura": "Outras Lavouras Temporárias"}}, {"type": "Feature", "geometry": {"type": "Polygon", "coordinates": [[[-51.5381444805052, -30.104162138356575], [-51.53895296426091, -30.104162138356575], [-51.53976144801661, -30.103084160015634], [-51.538683469675675, -30.103084160015634], [-51.5381444805052, -30.104162138356575]]]}, "properties": {"cultura": "Outras Lavouras Temporárias"}}, {"type": "Feature", "geometry": {"type": "Polygon", "coordinates": [[[-51.542456393868974, -30.102814665430397], [-51.54326487762468, -30.102814665430397], [-51.54326487762468, -30.10254517084516], [-51.542456393868974, -30.10254517084516], [-51.542456393868974, -30.102814665430397]]]}, "properties": {"cultura": "Outras Lavouras Temporárias"}}, {"type": "Feature", "geometry": {"type": "Polygon", "coordinates": [[[-51.540569931772325, -30.102275676259925], [-51.54218689928374, -30.102814665430397], [-51.542456393868974, -30.102275676259925], [-51.544342855965624, -30.102275676259925], [-51.544612350550864, -30.101467192504217], [-51.540569931772325, -30.102275676259925]]]}, "properties": {"cultura": "Outras Lavouras Temporárias"}}, {"type": "Feature", "geometry": {"type": "Polygon", "coordinates": [[[-51.53760549133473, -30.10254517084516], [-51.538683469675675, -30.10200618167469], [-51.53895296426091, -30.099850224992803], [-51.53733599674949, -30.100389214163275], [-51.53760549133473, -30.10254517084516]]]}, "properties": {"cultura": "Outras Lavouras Temporárias"}}, {"type": "Feature", "geometry": {"type": "Polygon", "coordinates": [[[-51.53113762128907, -30.100928203333744], [-51.531946105044774, -30.10119769791898], [-51.531946105044774, -30.100928203333744], [-51.53113762128907, -30.100928203333744]]]}, "properties": {"cultura": "Outras Lavouras Temporárias"}}, {"type": "Feature", "geometry": {"type": "Polygon", "coordinates": [[[-51.52925115919242, -30.100658708748508], [-51.52979014836289, -30.101467192504217], [-51.52979014836289, -30.100389214163275], [-51.52925115919242, -30.100658708748508]]]}, "properties": {"cultura": "Outras Lavouras Temporárias"}}, {"type": "Feature", "geometry": {"type": "Polygon", "coordinates": [[[-51.531946105044774, -30.100658708748508], [-51.532215599630014, -30.100928203333744], [-51.532215599630014, -30.100658708748508], [-51.531946105044774, -30.100658708748508]]]}, "properties": {"cultura": "Outras Lavouras Temporárias"}}, {"type": "Feature", "geometry": {"type": "Polygon", "coordinates": [[[-51.53895296426091, -30.100389214163275], [-51.540569931772325, -30.101467192504217], [-51.54137841552803, -30.100658708748508], [-51.53976144801661, -30.099850224992803], [-51.53895296426091, -30.100389214163275]]]}, "properties": {"cultura": "Outras Lavouras Temporárias"}}, {"type": "Feature", "geometry": {"type": "Polygon", "coordinates": [[[-51.53248509421525, -30.100389214163275], [-51.532215599630014, -30.100658708748508], [-51.53248509421525, -30.100658708748508], [-51.53248509421525, -30.100389214163275]]]}, "properties": {"cultura": "Outras Lavouras Temporárias"}}, {"type": "Feature", "geometry": {"type": "Polygon", "coordinates": [[[-51.54380386679515, -30.099850224992803], [-51.54272588845421, -30.099580730407567], [-51.542456393868974, -30.10119769791898], [-51.54380386679515, -30.100658708748508], [-51.54380386679515, -30.099850224992803]]]}, "properties": {"cultura": "Outras Lavouras Temporárias"}}, {"type": "Feature", "geometry": {"type": "Polygon", "coordinates": [[[-51.53248509421525, -30.100389214163275], [-51.53302408338572, -30.10011971957804], [-51.532754588800486, -30.099580730407567], [-51.53248509421525, -30.099580730407567], [-51.53248509421525, -30.100389214163275]]]}, "properties": {"cultura": "Outras Lavouras Temporárias"}}, {"type": "Feature", "geometry": {"type": "Polygon", "coordinates": [[[-51.53302408338572, -30.099580730407567], [-51.53329357797096, -30.099850224992803], [-51.53329357797096, -30.099580730407567], [-51.53302408338572, -30.099580730407567]]]}, "properties": {"cultura": "Outras Lavouras Temporárias"}}, {"type": "Feature", "geometry": {"type": "Polygon", "coordinates": [[[-51.53922245884615, -30.099580730407567], [-51.53976144801661, -30.099850224992803], [-51.53976144801661, -30.099580730407567], [-51.53922245884615, -30.099580730407567]]]}, "properties": {"cultura": "Outras Lavouras Temporárias"}}, {"type": "Feature", "geometry": {"type": "Polygon", "coordinates": [[[-51.53895296426091, -30.099580730407567], [-51.53922245884615, -30.099580730407567], [-51.53922245884615, -30.09931123582233], [-51.53895296426091, -30.09931123582233], [-51.53895296426091, -30.099580730407567]]]}, "properties": {"cultura": "Outras Lavouras Temporárias"}}, {"type": "Feature", "geometry": {"type": "Polygon", "coordinates": [[[-51.53571902923808, -30.10011971957804], [-51.53706650216426, -30.099580730407567], [-51.53679700757902, -30.09877224665186], [-51.53571902923808, -30.10011971957804]]]}, "properties": {"cultura": "Outras Lavouras Temporárias"}}, {"type": "Feature", "geometry": {"type": "Polygon", "coordinates": [[[-51.532754588800486, -30.099580730407567], [-51.53302408338572, -30.099580730407567], [-51.53302408338572, -30.099041741237095], [-51.532754588800486, -30.099041741237095], [-51.532754588800486, -30.099580730407567]]]}, "properties": {"cultura": "Outras Lavouras Temporárias"}}, {"type": "Feature", "geometry": {"type": "Polygon", "coordinates": [[[-51.53329357797096, -30.099580730407567], [-51.534641050897136, -30.099041741237095], [-51.53491054548237, -30.09796376289615], [-51.533832567141424, -30.098233257481386], [-51.53329357797096, -30.099580730407567]]]}, "properties": {"cultura": "Outras Lavouras Temporárias"}}, {"type": "Feature", "geometry": {"type": "Polygon", "coordinates": [[[-51.53329357797096, -30.09796376289615], [-51.533832567141424, -30.098233257481386], [-51.533832567141424, -30.09796376289615], [-51.53329357797096, -30.09796376289615]]]}, "properties": {"cultura": "Outras Lavouras Temporárias"}}, {"type": "Feature", "geometry": {"type": "Polygon", "coordinates": [[[-51.5419174046985, -30.096346795384736], [-51.5411089209428, -30.095538311629028], [-51.540569931772325, -30.0960773007995], [-51.5411089209428, -30.09688578455521], [-51.5419174046985, -30.096346795384736]]]}, "properties": {"cultura": "Outras Lavouras Temporárias"}}, {"type": "Feature", "geometry": {"type": "Polygon", "coordinates": [[[-51.53787498591996, -30.094460333288087], [-51.5381444805052, -30.09472982787332], [-51.5381444805052, -30.094460333288087], [-51.53787498591996, -30.094460333288087]]]}, "properties": {"cultura": "Outras Lavouras Temporárias"}}, {"type": "Feature", "geometry": {"type": "Polygon", "coordinates": [[[-51.54326487762468, -30.09419083870285], [-51.54353437220992, -30.094460333288087], [-51.54353437220992, -30.09419083870285], [-51.54326487762468, -30.09419083870285]]]}, "properties": {"cultura": "Outras Lavouras Temporárias"}}, {"type": "Feature", "geometry": {"type": "Polygon", "coordinates": [[[-51.5381444805052, -30.093921344117614], [-51.54003094260185, -30.09419083870285], [-51.54003094260185, -30.093921344117614], [-51.5381444805052, -30.093921344117614]]]}, "properties": {"cultura": "Outras Lavouras Temporárias"}}, {"type": "Feature", "geometry": {"type": "Polygon", "coordinates": [[[-51.54218689928374, -30.09419083870285], [-51.540300437187085, -30.093651849532378], [-51.540300437187085, -30.093921344117614], [-51.54137841552803, -30.094460333288087], [-51.54218689928374, -30.09419083870285]]]}, "properties": {"cultura": "Outras Lavouras Temporárias"}}, {"type": "Feature", "geometry": {"type": "Polygon", "coordinates": [[[-51.54299538303945, -30.093382354947142], [-51.54218689928374, -30.093921344117614], [-51.54299538303945, -30.093921344117614], [-51.54299538303945, -30.093382354947142]]]}, "properties": {"cultura": "Outras Lavouras Temporárias"}}, {"type": "Feature", "geometry": {"type": "Polygon", "coordinates": [[[-51.53760549133473, -30.092304376606197], [-51.5381444805052, -30.092573871191433], [-51.5381444805052, -30.092304376606197], [-51.53760549133473, -30.092304376606197]]]}, "properties": {"cultura": "Outras Lavouras Temporárias"}}, {"type": "Feature", "geometry": {"type": "Polygon", "coordinates": [[[-51.53679700757902, -30.092304376606197], [-51.53706650216426, -30.092573871191433], [-51.53706650216426, -30.092304376606197], [-51.53679700757902, -30.092304376606197]]]}, "properties": {"cultura": "Outras Lavouras Temporárias"}}, {"type": "Feature", "geometry": {"type": "Polygon", "coordinates": [[[-51.538683469675675, -30.091495892850492], [-51.53922245884615, -30.092304376606197], [-51.53922245884615, -30.091495892850492], [-51.538683469675675, -30.091495892850492]]]}, "properties": {"cultura": "Outras Lavouras Temporárias"}}, {"type": "Feature", "geometry": {"type": "Polygon", "coordinates": [[[-51.53706650216426, -30.092304376606197], [-51.53760549133473, -30.092304376606197], [-51.53760549133473, -30.091226398265256], [-51.53733599674949, -30.091226398265256], [-51.53706650216426, -30.092304376606197]]]}, "properties": {"cultura": "Outras Lavouras Temporárias"}}, {"type": "Feature", "geometry": {"type": "Polygon", "coordinates": [[[-51.534641050897136, -30.090417914509548], [-51.53491054548237, -30.090687409094784], [-51.53491054548237, -30.090417914509548], [-51.534641050897136, -30.090417914509548]]]}, "properties": {"cultura": "Outras Lavouras Temporárias"}}, {"type": "Feature", "geometry": {"type": "Polygon", "coordinates": [[[-51.53760549133473, -30.090417914509548], [-51.5381444805052, -30.089339936168603], [-51.53733599674949, -30.08880094699813], [-51.53625801840855, -30.089878925339075], [-51.53760549133473, -30.090417914509548]], [[-51.53706650216426, -30.089339936168603], [-51.53733599674949, -30.08960943075384], [-51.53706650216426, -30.08960943075384], [-51.53706650216426, -30.089339936168603]]]}, "properties": {"cultura": "Outras Lavouras Temporárias"}}, {"type": "Feature", "geometry": {"type": "Polygon", "coordinates": [[[-51.5381444805052, -30.089070441583367], [-51.538413975090435, -30.089339936168603], [-51.538413975090435, -30.089070441583367], [-51.5381444805052, -30.089070441583367]]]}, "properties": {"cultura": "Outras Lavouras Temporárias"}}, {"type": "Feature", "geometry": {"type": "Polygon", "coordinates": [[[-51.53625801840855, -30.09014841992431], [-51.53518004006761, -30.087992463242426], [-51.53491054548237, -30.090417914509548], [-51.53625801840855, -30.09014841992431]]]}, "properties": {"cultura": "Outras Lavouras Temporárias"}}, {"type": "Feature", "geometry": {"type": "Polygon", "coordinates": [[[-51.54164791011327, -30.089339936168603], [-51.542456393868974, -30.08880094699813], [-51.54164791011327, -30.089070441583367], [-51.54164791011327, -30.089339936168603]]]}, "properties": {"cultura": "Outras Lavouras Temporárias"}}, {"type": "Feature", "geometry": {"type": "Polygon", "coordinates": [[[-51.54218689928374, -30.08880094699813], [-51.54218689928374, -30.087992463242426], [-51.54164791011327, -30.08880094699813], [-51.54218689928374, -30.08880094699813]]]}, "properties": {"cultura": "Outras Lavouras Temporárias"}}, {"type": "Feature", "geometry": {"type": "Polygon", "coordinates": [[[-51.53895296426091, -30.087453474071953], [-51.53922245884615, -30.08772296865719], [-51.53922245884615, -30.087453474071953], [-51.53895296426091, -30.087453474071953]]]}, "properties": {"cultura": "Outras Lavouras Temporárias"}}, {"type": "Feature", "geometry": {"type": "Polygon", "coordinates": [[[-51.540569931772325, -30.087453474071953], [-51.54083942635756, -30.08772296865719], [-51.54083942635756, -30.087453474071953], [-51.540569931772325, -30.087453474071953]]]}, "properties": {"cultura": "Outras Lavouras Temporárias"}}, {"type": "Feature", "geometry": {"type": "Polygon", "coordinates": [[[-51.53733599674949, -30.08826195782766], [-51.53895296426091, -30.087453474071953], [-51.53895296426091, -30.08691448490148], [-51.5381444805052, -30.08691448490148], [-51.53733599674949, -30.08826195782766]]]}, "properties": {"cultura": "Outras Lavouras Temporárias"}}, {"type": "Feature", "geometry": {"type": "Polygon", "coordinates": [[[-51.532215599630014, -30.086106001145772], [-51.5314071158743, -30.08637549573101], [-51.5314071158743, -30.087183979486717], [-51.532215599630014, -30.08691448490148], [-51.532215599630014, -30.086106001145772]]]}, "properties": {"cultura": "Outras Lavouras Temporárias"}}, {"type": "Feature", "geometry": {"type": "Polygon", "coordinates": [[[-51.54164791011327, -30.085836506560536], [-51.540300437187085, -30.086644990316245], [-51.53895296426091, -30.08691448490148], [-51.54137841552803, -30.087453474071953], [-51.54164791011327, -30.085836506560536]], [[-51.54083942635756, -30.08691448490148], [-51.5411089209428, -30.08637549573101], [-51.5411089209428, -30.08691448490148], [-51.54083942635756, -30.08691448490148]]]}, "properties": {"cultura": "Outras Lavouras Temporárias"}}, {"type": "Feature", "geometry": {"type": "Polygon", "coordinates": [[[-51.53248509421525, -30.08502802280483], [-51.532754588800486, -30.085836506560536], [-51.532754588800486, -30.08502802280483], [-51.53248509421525, -30.08502802280483]]]}, "properties": {"cultura": "Outras Lavouras Temporárias"}}, {"type": "Feature", "geometry": {"type": "Polygon", "coordinates": [[[-51.53787498591996, -30.08502802280483], [-51.538683469675675, -30.084758528219595], [-51.53787498591996, -30.084758528219595], [-51.53787498591996, -30.08502802280483]]]}, "properties": {"cultura": "Outras Lavouras Temporárias"}}, {"type": "Feature", "geometry": {"type": "Polygon", "coordinates": [[[-51.53895296426091, -30.08502802280483], [-51.540569931772325, -30.085297517390067], [-51.54083942635756, -30.083950044463887], [-51.53976144801661, -30.08368054987865], [-51.540300437187085, -30.084758528219595], [-51.53895296426091, -30.08502802280483]]]}, "properties": {"cultura": "Outras Lavouras Temporárias"}}, {"type": "Feature", "geometry": {"type": "Polygon", "coordinates": [[[-51.53167661045954, -30.085297517390067], [-51.53248509421525, -30.08502802280483], [-51.532754588800486, -30.083141560708178], [-51.53167661045954, -30.084219539049123], [-51.53167661045954, -30.085297517390067]]]}, "properties": {"cultura": "Outras Lavouras Temporárias"}}, {"type": "Feature", "geometry": {"type": "Polygon", "coordinates": [[[-51.536527512993786, -30.082872066122942], [-51.53625801840855, -30.08368054987865], [-51.53679700757902, -30.08368054987865], [-51.536527512993786, -30.082872066122942]]]}, "properties": {"cultura": "Outras Lavouras Temporárias"}}, {"type": "Feature", "geometry": {"type": "Polygon", "coordinates": [[[-51.534371556311896, -30.082872066122942], [-51.534641050897136, -30.083141560708178], [-51.534641050897136, -30.082872066122942], [-51.534371556311896, -30.082872066122942]]]}, "properties": {"cultura": "Outras Lavouras Temporárias"}}, {"type": "Feature", "geometry": {"type": "Polygon", "coordinates": [[[-51.53571902923808, -30.082602571537706], [-51.53598852382331, -30.082872066122942], [-51.53598852382331, -30.082602571537706], [-51.53571902923808, -30.082602571537706]]]}, "properties": {"cultura": "Outras Lavouras Temporárias"}}, {"type": "Feature", "geometry": {"type": "Polygon", "coordinates": [[[-51.53976144801661, -30.083411055293414], [-51.5411089209428, -30.083411055293414], [-51.54137841552803, -30.082063582367237], [-51.540569931772325, -30.082872066122942], [-51.53976144801661, -30.082602571537706], [-51.53976144801661, -30.083411055293414]]]}, "properties": {"cultura": "Outras Lavouras Temporárias"}}, {"type": "Feature", "geometry": {"type": "Polygon", "coordinates": [[[-51.534641050897136, -30.082333076952473], [-51.53491054548237, -30.082872066122942], [-51.53491054548237, -30.082333076952473], [-51.534641050897136, -30.082333076952473]]]}, "properties": {"cultura": "Outras Lavouras Temporárias"}}, {"type": "Feature", "geometry": {"type": "Polygon", "coordinates": [[[-51.53518004006761, -30.082333076952473], [-51.53491054548237, -30.082063582367237], [-51.53491054548237, -30.082333076952473], [-51.53518004006761, -30.082333076952473]]]}, "properties": {"cultura": "Outras Lavouras Temporárias"}}, {"type": "Feature", "geometry": {"type": "Polygon", "coordinates": [[[-51.53571902923808, -30.08125509861153], [-51.53491054548237, -30.081524593196765], [-51.53491054548237, -30.081794087782], [-51.53544953465284, -30.082063582367237], [-51.53571902923808, -30.08125509861153]]]}, "properties": {"cultura": "Outras Lavouras Temporárias"}}, {"type": "Feature", "geometry": {"type": "Polygon", "coordinates": [[[-51.53598852382331, -30.080985604026292], [-51.536527512993786, -30.08125509861153], [-51.536527512993786, -30.080985604026292], [-51.53598852382331, -30.080985604026292]]]}, "properties": {"cultura": "Outras Lavouras Temporárias"}}, {"type": "Feature", "geometry": {"type": "Polygon", "coordinates": [[[-51.536527512993786, -30.080177120270584], [-51.53679700757902, -30.080985604026292], [-51.53679700757902, -30.080177120270584], [-51.536527512993786, -30.080177120270584]]]}, "properties": {"cultura": "Outras Lavouras Temporárias"}}, {"type": "Feature", "geometry": {"type": "Polygon", "coordinates": [[[-51.540569931772325, -30.08044661485582], [-51.5419174046985, -30.08044661485582], [-51.5419174046985, -30.079907625685347], [-51.540569931772325, -30.08044661485582]]]}, "properties": {"cultura": "Outras Lavouras Temporárias"}}, {"type": "Feature", "geometry": {"type": "Polygon", "coordinates": [[[-51.54272588845421, -30.07963813110011], [-51.54326487762468, -30.07963813110011], [-51.54326487762468, -30.079099141929643], [-51.54272588845421, -30.079099141929643], [-51.54272588845421, -30.07963813110011]]]}, "properties": {"cultura": "Outras Lavouras Temporárias"}}, {"type": "Feature", "geometry": {"type": "Polygon", "coordinates": [[[-51.54218689928374, -30.078829647344406], [-51.54272588845421, -30.079099141929643], [-51.54272588845421, -30.078829647344406], [-51.54218689928374, -30.078829647344406]]]}, "properties": {"cultura": "Outras Lavouras Temporárias"}}, {"type": "Feature", "geometry": {"type": "Polygon", "coordinates": [[[-51.5305986321186, -30.076673690662517], [-51.531946105044774, -30.075056723151103], [-51.5305986321186, -30.075595712321576], [-51.5305986321186, -30.076673690662517]]]}, "properties": {"cultura": "Outras Lavouras Temporárias"}}, {"type": "Feature", "geometry": {"type": "Polygon", "coordinates": [[[-51.53086812670383, -30.07343975563969], [-51.53113762128907, -30.074787228565867], [-51.53113762128907, -30.07343975563969], [-51.53086812670383, -30.07343975563969]]]}, "properties": {"cultura": "Outras Lavouras Temporárias"}}, {"type": "Feature", "geometry": {"type": "Polygon", "coordinates": [[[-51.5411089209428, -30.067780369349734], [-51.54137841552803, -30.06804986393497], [-51.54137841552803, -30.067780369349734], [-51.5411089209428, -30.067780369349734]]]}, "properties": {"cultura": "Outras Lavouras Temporárias"}}, {"type": "Feature", "geometry": {"type": "Polygon", "coordinates": [[[-51.54083942635756, -30.067780369349734], [-51.5411089209428, -30.067780369349734], [-51.5411089209428, -30.067510874764498], [-51.54083942635756, -30.067510874764498], [-51.54083942635756, -30.067780369349734]]]}, "properties": {"cultura": "Outras Lavouras Temporárias"}}, {"type": "Feature", "geometry": {"type": "Polygon", "coordinates": [[[-51.501223722327886, -30.067510874764498], [-51.501493216913126, -30.067780369349734], [-51.501493216913126, -30.067510874764498], [-51.501223722327886, -30.067510874764498]]]}, "properties": {"cultura": "Outras Lavouras Temporárias"}}, {"type": "Feature", "geometry": {"type": "Polygon", "coordinates": [[[-51.501223722327886, -30.067510874764498], [-51.501223722327886, -30.067241380179265], [-51.50095422774265, -30.067241380179265], [-51.50095422774265, -30.067510874764498], [-51.501223722327886, -30.067510874764498]]]}, "properties": {"cultura": "Outras Lavouras Temporárias"}}, {"type": "Feature", "geometry": {"type": "Polygon", "coordinates": [[[-51.50095422774265, -30.066702391008793], [-51.500684733157414, -30.067241380179265], [-51.50095422774265, -30.067241380179265], [-51.50095422774265, -30.066702391008793]]]}, "properties": {"cultura": "Outras Lavouras Temporárias"}}, {"type": "Feature", "geometry": {"type": "Polygon", "coordinates": [[[-51.54137841552803, -30.065893907253084], [-51.540569931772325, -30.06697188559403], [-51.54164791011327, -30.067510874764498], [-51.54137841552803, -30.06697188559403], [-51.54137841552803, -30.065893907253084]]]}, "properties": {"cultura": "Outras Lavouras Temporárias"}}, {"type": "Feature", "geometry": {"type": "Polygon", "coordinates": [[[-51.50041523857218, -30.066432896423557], [-51.500684733157414, -30.066702391008793], [-51.500684733157414, -30.066432896423557], [-51.50041523857218, -30.066432896423557]]]}, "properties": {"cultura": "Outras Lavouras Temporárias"}}, {"type": "Feature", "geometry": {"type": "Polygon", "coordinates": [[[-51.51308148407826, -30.067780369349734], [-51.513620473248736, -30.067241380179265], [-51.51281198949303, -30.065354918082612], [-51.51227300032256, -30.066432896423557], [-51.51308148407826, -30.067780369349734]]]}, "properties": {"cultura": "Outras Lavouras Temporárias"}}, {"type": "Feature", "geometry": {"type": "Polygon", "coordinates": [[[-51.499067765646004, -30.065354918082612], [-51.50014574398695, -30.065893907253084], [-51.50014574398695, -30.065354918082612], [-51.499067765646004, -30.065354918082612]]]}, "properties": {"cultura": "Outras Lavouras Temporárias"}}, {"type": "Feature", "geometry": {"type": "Polygon", "coordinates": [[[-51.531946105044774, -30.065354918082612], [-51.53248509421525, -30.065893907253084], [-51.53302408338572, -30.065893907253084], [-51.53302408338572, -30.065085423497376], [-51.531946105044774, -30.065354918082612]]]}, "properties": {"cultura": "Outras Lavouras Temporárias"}}, {"type": "Feature", "geometry": {"type": "Polygon", "coordinates": [[[-51.538683469675675, -30.060504015548368], [-51.53949195343138, -30.06104300471884], [-51.53949195343138, -30.060504015548368], [-51.538683469675675, -30.060504015548368]]]}, "properties": {"cultura": "Outras Lavouras Temporárias"}}, {"type": "Feature", "geometry": {"type": "Polygon", "coordinates": [[[-51.54003094260185, -30.058348058866482], [-51.540300437187085, -30.058078564281246], [-51.54003094260185, -30.058078564281246], [-51.54003094260185, -30.058348058866482]]]}, "properties": {"cultura": "Outras Lavouras Temporárias"}}, {"type": "Feature", "geometry": {"type": "Polygon", "coordinates": [[[-51.54003094260185, -30.05780906969601], [-51.53976144801661, -30.058078564281246], [-51.54003094260185, -30.058078564281246], [-51.54003094260185, -30.05780906969601]]]}, "properties": {"cultura": "Outras Lavouras Temporárias"}}, {"type": "Feature", "geometry": {"type": "Polygon", "coordinates": [[[-51.53949195343138, -30.057539575110773], [-51.53976144801661, -30.05780906969601], [-51.53976144801661, -30.057539575110773], [-51.53949195343138, -30.057539575110773]]]}, "properties": {"cultura": "Outras Lavouras Temporárias"}}, {"type": "Feature", "geometry": {"type": "Polygon", "coordinates": [[[-51.54003094260185, -30.057539575110773], [-51.540569931772325, -30.05780906969601], [-51.540569931772325, -30.057539575110773], [-51.54003094260185, -30.057539575110773]]]}, "properties": {"cultura": "Outras Lavouras Temporárias"}}, {"type": "Feature", "geometry": {"type": "Polygon", "coordinates": [[[-51.50607462486214, -30.056731091355065], [-51.507152603203075, -30.057270080525537], [-51.507152603203075, -30.056731091355065], [-51.50607462486214, -30.056731091355065]]]}, "properties": {"cultura": "Outras Lavouras Temporárias"}}, {"type": "Feature", "geometry": {"type": "Polygon", "coordinates": [[[-51.50230170066883, -30.05565311301412], [-51.50364917359501, -30.05457513467318], [-51.5020322060836, -30.05511412384365], [-51.50230170066883, -30.05565311301412]]]}, "properties": {"cultura": "Outras Lavouras Temporárias"}}, {"type": "Feature", "geometry": {"type": "Polygon", "coordinates": [[[-51.50176271149836, -30.054844629258415], [-51.5020322060836, -30.05511412384365], [-51.5020322060836, -30.054844629258415], [-51.50176271149836, -30.054844629258415]]]}, "properties": {"cultura": "Outras Lavouras Temporárias"}}, {"type": "Feature", "geometry": {"type": "Polygon", "coordinates": [[[-51.53491054548237, -30.05241917799129], [-51.533832567141424, -30.055383618428884], [-51.53598852382331, -30.05376665091747], [-51.53598852382331, -30.05241917799129], [-51.53491054548237, -30.05241917799129]]]}, "properties": {"cultura": "Outras Lavouras Temporárias"}}, {"type": "Feature", "geometry": {"type": "Polygon", "coordinates": [[[-51.526017224169586, -30.054305640087943], [-51.527903686266235, -30.053227661746998], [-51.5268257079253, -30.052688672576526], [-51.526017224169586, -30.054305640087943]]]}, "properties": {"cultura": "Outras Lavouras Temporárias"}}, {"type": "Feature", "geometry": {"type": "Polygon", "coordinates": [[[-51.54407336138039, -30.048376759212754], [-51.54272588845421, -30.048107264627518], [-51.542456393868974, -30.04864625379799], [-51.54326487762468, -30.048915748383227], [-51.54407336138039, -30.048376759212754]]]}, "properties": {"cultura": "Outras Lavouras Temporárias"}}, {"type": "Feature", "geometry": {"type": "Polygon", "coordinates": [[[-51.54299538303945, -30.047837770042282], [-51.54353437220992, -30.048107264627518], [-51.54353437220992, -30.047837770042282], [-51.54299538303945, -30.047837770042282]]]}, "properties": {"cultura": "Outras Lavouras Temporárias"}}, {"type": "Feature", "geometry": {"type": "Polygon", "coordinates": [[[-51.532754588800486, -30.045951307945632], [-51.53356307255619, -30.04622080253087], [-51.53356307255619, -30.045951307945632], [-51.532754588800486, -30.045951307945632]]]}, "properties": {"cultura": "Outras Lavouras Temporárias"}}, {"type": "Feature", "geometry": {"type": "Polygon", "coordinates": [[[-51.5163154191011, -30.045681813360396], [-51.517662892027275, -30.045951307945632], [-51.517662892027275, -30.045681813360396], [-51.5163154191011, -30.045681813360396]]]}, "properties": {"cultura": "Outras Lavouras Temporárias"}}, {"type": "Feature", "geometry": {"type": "Polygon", "coordinates": [[[-51.532754588800486, -30.045951307945632], [-51.53113762128907, -30.045142824189924], [-51.53086812670383, -30.045681813360396], [-51.53113762128907, -30.045951307945632], [-51.532754588800486, -30.045951307945632]]]}, "properties": {"cultura": "Outras Lavouras Temporárias"}}, {"type": "Feature", "geometry": {"type": "Polygon", "coordinates": [[[-51.5305986321186, -30.045142824189924], [-51.53086812670383, -30.044873329604687], [-51.5305986321186, -30.04460383501945], [-51.5305986321186, -30.045142824189924]]]}, "properties": {"cultura": "Outras Lavouras Temporárias"}}, {"type": "Feature", "geometry": {"type": "Polygon", "coordinates": [[[-51.499067765646004, -30.043256362093274], [-51.50014574398695, -30.041908889167093], [-51.499067765646004, -30.041908889167093], [-51.499067765646004, -30.043256362093274]]]}, "properties": {"cultura": "Outras Lavouras Temporárias"}}, {"type": "Feature", "geometry": {"type": "Polygon", "coordinates": [[[-51.50230170066883, -30.041908889167093], [-51.50257119525407, -30.04217838375233], [-51.50257119525407, -30.041908889167093], [-51.50230170066883, -30.041908889167093]]]}, "properties": {"cultura": "Outras Lavouras Temporárias"}}, {"type": "Feature", "geometry": {"type": "Polygon", "coordinates": [[[-51.5020322060836, -30.041908889167093], [-51.50230170066883, -30.041908889167093], [-51.50230170066883, -30.041100405411385], [-51.5020322060836, -30.041100405411385], [-51.5020322060836, -30.041908889167093]]]}, "properties": {"cultura": "Outras Lavouras Temporárias"}}, {"type": "Feature", "geometry": {"type": "Polygon", "coordinates": [[[-51.48559303638421, -30.116019900106952], [-51.48505404721374, -30.11763686761837], [-51.48559303638421, -30.117906362203605], [-51.48559303638421, -30.116019900106952]]]}, "properties": {"cultura": "Outras Lavouras Temporárias"}}, {"type": "Feature", "geometry": {"type": "Polygon", "coordinates": [[[-51.47777769341237, -30.10443163294181], [-51.476699715071426, -30.10389264377134], [-51.476699715071426, -30.104162138356575], [-51.47777769341237, -30.10443163294181]]]}, "properties": {"cultura": "Outras Lavouras Temporárias"}}, {"type": "Feature", "geometry": {"type": "Polygon", "coordinates": [[[-51.47750819882713, -30.08880094699813], [-51.47696920965666, -30.08826195782766], [-51.47696920965666, -30.08880094699813], [-51.47750819882713, -30.08880094699813]]]}, "properties": {"cultura": "Outras Lavouras Temporárias"}}, {"type": "Feature", "geometry": {"type": "Polygon", "coordinates": [[[-51.47831668258284, -30.087992463242426], [-51.47750819882713, -30.08772296865719], [-51.4772387042419, -30.08826195782766], [-51.4780471879976, -30.088531452412894], [-51.47831668258284, -30.087992463242426]]]}, "properties": {"cultura": "Outras Lavouras Temporárias"}}, {"type": "Feature", "geometry": {"type": "Polygon", "coordinates": [[[-51.478586177168076, -30.08772296865719], [-51.4780471879976, -30.087453474071953], [-51.4780471879976, -30.08772296865719], [-51.478586177168076, -30.08772296865719]]]}, "properties": {"cultura": "Outras Lavouras Temporárias"}}, {"type": "Feature", "geometry": {"type": "Polygon", "coordinates": [[[-51.492869390185575, -30.083950044463887], [-51.4923304010151, -30.082872066122942], [-51.4923304010151, -30.083950044463887], [-51.492869390185575, -30.083950044463887]]]}, "properties": {"cultura": "Outras Lavouras Temporárias"}}, {"type": "Feature", "geometry": {"type": "Polygon", "coordinates": [[[-51.487210003895626, -30.081524593196765], [-51.490982928088926, -30.082063582367237], [-51.48936596057751, -30.08044661485582], [-51.487210003895626, -30.080716109441056], [-51.487210003895626, -30.081524593196765]]]}, "properties": {"cultura": "Outras Lavouras Temporárias"}}, {"type": "Feature", "geometry": {"type": "Polygon", "coordinates": [[[-51.490982928088926, -30.07397874481016], [-51.48990494974798, -30.073170261054454], [-51.48990494974798, -30.074248239395395], [-51.490982928088926, -30.07397874481016]]]}, "properties": {"cultura": "Outras Lavouras Temporárias"}}, {"type": "Feature", "geometry": {"type": "Polygon", "coordinates": [[[-51.49071343350369, -30.072900766469218], [-51.490982928088926, -30.073170261054454], [-51.490982928088926, -30.072900766469218], [-51.49071343350369, -30.072900766469218]]]}, "properties": {"cultura": "Outras Lavouras Temporárias"}}, {"type": "Feature", "geometry": {"type": "Polygon", "coordinates": [[[-51.489096465992276, -30.07397874481016], [-51.488826971407036, -30.07209228271351], [-51.4885574768218, -30.072900766469218], [-51.4877489930661, -30.072361777298745], [-51.4877489930661, -30.073709250224923], [-51.489096465992276, -30.07397874481016]]]}, "properties": {"cultura": "Outras Lavouras Temporárias"}}, {"type": "Feature", "geometry": {"type": "Polygon", "coordinates": [[[-51.48208960677614, -30.07263127188398], [-51.48316758511709, -30.072900766469218], [-51.48316758511709, -30.07263127188398], [-51.48208960677614, -30.07263127188398]]]}, "properties": {"cultura": "Outras Lavouras Temporárias"}}, {"type": "Feature", "geometry": {"type": "Polygon", "coordinates": [[[-51.491252422674165, -30.072361777298745], [-51.490982928088926, -30.072900766469218], [-51.49179141184463, -30.072361777298745], [-51.491252422674165, -30.072361777298745]]]}, "properties": {"cultura": "Outras Lavouras Temporárias"}}, {"type": "Feature", "geometry": {"type": "Polygon", "coordinates": [[[-51.48316758511709, -30.072361777298745], [-51.48343707970232, -30.07263127188398], [-51.48343707970232, -30.072361777298745], [-51.48316758511709, -30.072361777298745]]]}, "properties": {"cultura": "Outras Lavouras Temporárias"}}, {"type": "Feature", "geometry": {"type": "Polygon", "coordinates": [[[-51.48182011219091, -30.071014304372564], [-51.48155061760567, -30.0712837989578], [-51.48182011219091, -30.0712837989578], [-51.48182011219091, -30.071014304372564]]]}, "properties": {"cultura": "Outras Lavouras Temporárias"}}, {"type": "Feature", "geometry": {"type": "Polygon", "coordinates": [[[-51.48182011219091, -30.070744809787328], [-51.48208960677614, -30.071014304372564], [-51.48208960677614, -30.070744809787328], [-51.48182011219091, -30.070744809787328]]]}, "properties": {"cultura": "Outras Lavouras Temporárias"}}, {"type": "Feature", "geometry": {"type": "Polygon", "coordinates": [[[-51.482628595946615, -30.070744809787328], [-51.48208960677614, -30.070475315202092], [-51.48208960677614, -30.070744809787328], [-51.482628595946615, -30.070744809787328]]]}, "properties": {"cultura": "Outras Lavouras Temporárias"}}, {"type": "Feature", "geometry": {"type": "Polygon", "coordinates": [[[-51.482628595946615, -30.07020582061686], [-51.48289809053185, -30.070475315202092], [-51.48289809053185, -30.07020582061686], [-51.482628595946615, -30.07020582061686]]]}, "properties": {"cultura": "Outras Lavouras Temporárias"}}, {"type": "Feature", "geometry": {"type": "Polygon", "coordinates": [[[-51.484515058043264, -30.069936326031623], [-51.484784552628504, -30.070475315202092], [-51.484784552628504, -30.069936326031623], [-51.484515058043264, -30.069936326031623]]]}, "properties": {"cultura": "Outras Lavouras Temporárias"}}, {"type": "Feature", "geometry": {"type": "Polygon", "coordinates": [[[-51.48289809053185, -30.069936326031623], [-51.48316758511709, -30.07020582061686], [-51.48316758511709, -30.069936326031623], [-51.48289809053185, -30.069936326031623]]]}, "properties": {"cultura": "Outras Lavouras Temporárias"}}, {"type": "Feature", "geometry": {"type": "Polygon", "coordinates": [[[-51.48370657428756, -30.069936326031623], [-51.48343707970232, -30.07020582061686], [-51.48397606887279, -30.07020582061686], [-51.48397606887279, -30.069936326031623], [-51.484515058043264, -30.069936326031623], [-51.484515058043264, -30.069666831446387], [-51.48370657428756, -30.069936326031623]]]}, "properties": {"cultura": "Outras Lavouras Temporárias"}}, {"type": "Feature", "geometry": {"type": "Polygon", "coordinates": [[[-51.465650437076754, -30.069666831446387], [-51.46591993166199, -30.069936326031623], [-51.46591993166199, -30.069666831446387], [-51.465650437076754, -30.069666831446387]]]}, "properties": {"cultura": "Outras Lavouras Temporárias"}}, {"type": "Feature", "geometry": {"type": "Polygon", "coordinates": [[[-51.466458920832466, -30.06939733686115], [-51.46591993166199, -30.069127842275915], [-51.46591993166199, -30.069666831446387], [-51.466458920832466, -30.06939733686115]]]}, "properties": {"cultura": "Outras Lavouras Temporárias"}}, {"type": "Feature", "geometry": {"type": "Polygon", "coordinates": [[[-51.46915386668482, -30.06885834769068], [-51.46969285585529, -30.069666831446387], [-51.46996235044053, -30.069127842275915], [-51.46915386668482, -30.06885834769068]]]}, "properties": {"cultura": "Outras Lavouras Temporárias"}}, {"type": "Feature", "geometry": {"type": "Polygon", "coordinates": [[[-51.474004769219064, -30.069127842275915], [-51.47319628546336, -30.068319358520206], [-51.47346578004859, -30.06939733686115], [-51.474004769219064, -30.069127842275915]]]}, "properties": {"cultura": "Outras Lavouras Temporárias"}}, {"type": "Feature", "geometry": {"type": "Polygon", "coordinates": [[[-51.466189426247226, -30.06804986393497], [-51.4667284154177, -30.068319358520206], [-51.4667284154177, -30.06804986393497], [-51.466189426247226, -30.06804986393497]]]}, "properties": {"cultura": "Outras Lavouras Temporárias"}}, {"type": "Feature", "geometry": {"type": "Polygon", "coordinates": [[[-51.47373527463383, -30.06804986393497], [-51.474004769219064, -30.068319358520206], [-51.474004769219064, -30.06804986393497], [-51.47373527463383, -30.06804986393497]]]}, "properties": {"cultura": "Outras Lavouras Temporárias"}}, {"type": "Feature", "geometry": {"type": "Polygon", "coordinates": [[[-51.47454375838954, -30.067780369349734], [-51.474274263804304, -30.068588853105442], [-51.474813252974776, -30.068588853105442], [-51.47454375838954, -30.067780369349734]]]}, "properties": {"cultura": "Outras Lavouras Temporárias"}}, {"type": "Feature", "geometry": {"type": "Polygon", "coordinates": [[[-51.47993365009425, -30.068588853105442], [-51.48020314467949, -30.067510874764498], [-51.47777769341237, -30.067780369349734], [-51.47777769341237, -30.068319358520206], [-51.47993365009425, -30.068588853105442]]]}, "properties": {"cultura": "Outras Lavouras Temporárias"}}, {"type": "Feature", "geometry": {"type": "Polygon", "coordinates": [[[-51.470231845025765, -30.067780369349734], [-51.470501339611, -30.06804986393497], [-51.470501339611, -30.067780369349734], [-51.470231845025765, -30.067780369349734]]]}, "properties": {"cultura": "Outras Lavouras Temporárias"}}, {"type": "Feature", "geometry": {"type": "Polygon", "coordinates": [[[-51.4667284154177, -30.067780369349734], [-51.46699791000294, -30.06804986393497], [-51.46699791000294, -30.067780369349734], [-51.4667284154177, -30.067780369349734]]]}, "properties": {"cultura": "Outras Lavouras Temporárias"}}, {"type": "Feature", "geometry": {"type": "Polygon", "coordinates": [[[-51.46780639375864, -30.06804986393497], [-51.46888437209959, -30.06885834769068], [-51.46915386668482, -30.06885834769068], [-51.46915386668482, -30.068588853105442], [-51.470231845025765, -30.068588853105442], [-51.46996235044053, -30.068319358520206], [-51.470231845025765, -30.067780369349734], [-51.470231845025765, -30.06697188559403], [-51.47077083419624, -30.067510874764498], [-51.47130982336671, -30.06697188559403], [-51.47104032878147, -30.066702391008793], [-51.468075888343876, -30.06697188559403], [-51.46780639375864, -30.06804986393497]]]}, "properties": {"cultura": "Outras Lavouras Temporárias"}}, {"type": "Feature", "geometry": {"type": "Polygon", "coordinates": [[[-51.474813252974776, -30.067241380179265], [-51.47454375838954, -30.067780369349734], [-51.47562173673048, -30.06804986393497], [-51.47562173673048, -30.067780369349734], [-51.474813252974776, -30.067241380179265]]]}, "properties": {"cultura": "Outras Lavouras Temporárias"}}, {"type": "Feature", "geometry": {"type": "Polygon", "coordinates": [[[-51.46699791000294, -30.067510874764498], [-51.46780639375864, -30.067780369349734], [-51.46780639375864, -30.067510874764498], [-51.46699791000294, -30.067510874764498]]]}, "properties": {"cultura": "Outras Lavouras Temporárias"}}, {"type": "Feature", "geometry": {"type": "Polygon", "coordinates": [[[-51.47319628546336, -30.067510874764498], [-51.47346578004859, -30.067780369349734], [-51.47346578004859, -30.067510874764498], [-51.47319628546336, -30.067510874764498]]]}, "properties": {"cultura": "Outras Lavouras Temporárias"}}, {"type": "Feature", "geometry": {"type": "Polygon", "coordinates": [[[-51.466458920832466, -30.067780369349734], [-51.4667284154177, -30.067780369349734], [-51.4667284154177, -30.067241380179265], [-51.466189426247226, -30.067241380179265], [-51.466458920832466, -30.067780369349734]]]}, "properties": {"cultura": "Outras Lavouras Temporárias"}}, {"type": "Feature", "geometry": {"type": "Polygon", "coordinates": [[[-51.46268599663916, -30.06804986393497], [-51.461608018298215, -30.066702391008793], [-51.461877512883454, -30.06804986393497], [-51.46268599663916, -30.06804986393497]]]}, "properties": {"cultura": "Outras Lavouras Temporárias"}}, {"type": "Feature", "geometry": {"type": "Polygon", "coordinates": [[[-51.47535224214525, -30.067241380179265], [-51.47562173673048, -30.067510874764498], [-51.47562173673048, -30.067241380179265], [-51.47535224214525, -30.067241380179265]]]}, "properties": {"cultura": "Outras Lavouras Temporárias"}}, {"type": "Feature", "geometry": {"type": "Polygon", "coordinates": [[[-51.47346578004859, -30.067510874764498], [-51.474274263804304, -30.06697188559403], [-51.474813252974776, -30.06697188559403], [-51.474813252974776, -30.067241380179265], [-51.47535224214525, -30.067241380179265], [-51.47535224214525, -30.066702391008793], [-51.474274263804304, -30.066432896423557], [-51.47346578004859, -30.067510874764498]]]}, "properties": {"cultura": "Outras Lavouras Temporárias"}}, {"type": "Feature", "geometry": {"type": "Polygon", "coordinates": [[[-51.466189426247226, -30.066432896423557], [-51.4667284154177, -30.06697188559403], [-51.4667284154177, -30.066432896423557], [-51.466189426247226, -30.066432896423557]]]}, "properties": {"cultura": "Outras Lavouras Temporárias"}}, {"type": "Feature", "geometry": {"type": "Polygon", "coordinates": [[[-51.46133852371298, -30.06616340183832], [-51.461608018298215, -30.066702391008793], [-51.461608018298215, -30.06616340183832], [-51.46133852371298, -30.06616340183832]]]}, "properties": {"cultura": "Outras Lavouras Temporárias"}}, {"type": "Feature", "geometry": {"type": "Polygon", "coordinates": [[[-51.46591993166199, -30.066432896423557], [-51.466189426247226, -30.066432896423557], [-51.466189426247226, -30.065893907253084], [-51.46591993166199, -30.065893907253084], [-51.46591993166199, -30.066432896423557]]]}, "properties": {"cultura": "Outras Lavouras Temporárias"}}, {"type": "Feature", "geometry": {"type": "Polygon", "coordinates": [[[-51.46106902912775, -30.06616340183832], [-51.46133852371298, -30.06616340183832], [-51.46133852371298, -30.065893907253084], [-51.46106902912775, -30.065893907253084], [-51.46106902912775, -30.06616340183832]]]}, "properties": {"cultura": "Outras Lavouras Temporárias"}}, {"type": "Feature", "geometry": {"type": "Polygon", "coordinates": [[[-51.46538094249152, -30.065085423497376], [-51.46484195332105, -30.064546434326903], [-51.46484195332105, -30.065354918082612], [-51.46538094249152, -30.065085423497376]]]}, "properties": {"cultura": "Outras Lavouras Temporárias"}}, {"type": "Feature", "geometry": {"type": "Polygon", "coordinates": [[[-51.46511144790628, -30.064007445156435], [-51.465650437076754, -30.0637379505712], [-51.46511144790628, -30.0637379505712], [-51.46511144790628, -30.064007445156435]]]}, "properties": {"cultura": "Outras Lavouras Temporárias"}}, {"type": "Feature", "geometry": {"type": "Polygon", "coordinates": [[[-51.464302964150576, -30.06212098305978], [-51.46214700746869, -30.06292946681549], [-51.459721556201565, -30.062659972230254], [-51.46026054537204, -30.065624412667848], [-51.46133852371298, -30.065354918082612], [-51.46106902912775, -30.06427693974167], [-51.46241650205393, -30.065354918082612], [-51.46241650205393, -30.0637379505712], [-51.46349448039487, -30.064007445156435], [-51.46349448039487, -30.065624412667848], [-51.46457245873581, -30.065354918082612], [-51.46457245873581, -30.064546434326903], [-51.46511144790628, -30.064007445156435], [-51.46484195332105, -30.064007445156435], [-51.46484195332105, -30.0637379505712], [-51.464033469565344, -30.063468455985962], [-51.464302964150576, -30.06212098305978]], [[-51.464302964150576, -30.0637379505712], [-51.464033469565344, -30.06427693974167], [-51.464033469565344, -30.0637379505712], [-51.464302964150576, -30.0637379505712]]]}, "properties": {"cultura": "Outras Lavouras Temporárias"}}, {"type": "Feature", "geometry": {"type": "Polygon", "coordinates": [[[-51.45918256703109, -30.062390477645017], [-51.45945206161633, -30.062659972230254], [-51.45945206161633, -30.062390477645017], [-51.45918256703109, -30.062390477645017]]]}, "properties": {"cultura": "Outras Lavouras Temporárias"}}, {"type": "Feature", "geometry": {"type": "Polygon", "coordinates": [[[-51.45918256703109, -30.062390477645017], [-51.45918256703109, -30.06212098305978], [-51.45891307244586, -30.06212098305978], [-51.45891307244586, -30.062390477645017], [-51.45918256703109, -30.062390477645017]]]}, "properties": {"cultura": "Outras Lavouras Temporárias"}}, {"type": "Feature", "geometry": {"type": "Polygon", "coordinates": [[[-51.45891307244586, -30.061851488474545], [-51.45756559951968, -30.06212098305978], [-51.45891307244586, -30.06212098305978], [-51.45891307244586, -30.061851488474545]]]}, "properties": {"cultura": "Outras Lavouras Temporárias"}}, {"type": "Feature", "geometry": {"type": "Polygon", "coordinates": [[[-51.45729610493444, -30.061312499304076], [-51.45756559951968, -30.061851488474545], [-51.45756559951968, -30.061312499304076], [-51.45729610493444, -30.061312499304076]]]}, "properties": {"cultura": "Outras Lavouras Temporárias"}}, {"type": "Feature", "geometry": {"type": "Polygon", "coordinates": [[[-51.45945206161633, -30.06104300471884], [-51.459991050786805, -30.061851488474545], [-51.459991050786805, -30.06104300471884], [-51.45945206161633, -30.06104300471884]]]}, "properties": {"cultura": "Outras Lavouras Temporárias"}}, {"type": "Feature", "geometry": {"type": "Polygon", "coordinates": [[[-51.45702661034921, -30.061312499304076], [-51.45729610493444, -30.061312499304076], [-51.45729610493444, -30.060773510133604], [-51.45702661034921, -30.060773510133604], [-51.45702661034921, -30.061312499304076]]]}, "properties": {"cultura": "Outras Lavouras Temporárias"}}, {"type": "Feature", "geometry": {"type": "Polygon", "coordinates": [[[-51.46026054537204, -30.06158199388931], [-51.46079953454251, -30.059156542622187], [-51.459991050786805, -30.06023452096313], [-51.46026054537204, -30.06158199388931]]]}, "properties": {"cultura": "Outras Lavouras Temporárias"}}, {"type": "Feature", "geometry": {"type": "Polygon", "coordinates": [[[-51.49637281979364, -30.049185242968463], [-51.49772029271982, -30.04972423213893], [-51.49772029271982, -30.048376759212754], [-51.49637281979364, -30.049185242968463]]]}, "properties": {"cultura": "Outras Lavouras Temporárias"}}, {"type": "Feature", "geometry": {"type": "Polygon", "coordinates": [[[-51.48128112302044, -30.049185242968463], [-51.47993365009425, -30.049993726724168], [-51.48208960677614, -30.049185242968463], [-51.482628595946615, -30.0464902971161], [-51.48128112302044, -30.049185242968463]]]}, "properties": {"cultura": "Outras Lavouras Temporárias"}}, {"type": "Feature", "geometry": {"type": "Polygon", "coordinates": [[[-51.4772387042419, -30.047029286286573], [-51.47777769341237, -30.047568275457046], [-51.47777769341237, -30.047029286286573], [-51.4772387042419, -30.047029286286573]]]}, "properties": {"cultura": "Outras Lavouras Temporárias"}}, {"type": "Feature", "geometry": {"type": "Polygon", "coordinates": [[[-51.49852877647553, -30.04729878087181], [-51.499337260231236, -30.04729878087181], [-51.499337260231236, -30.0464902971161], [-51.49852877647553, -30.0464902971161], [-51.49852877647553, -30.04729878087181]]]}, "properties": {"cultura": "Outras Lavouras Temporárias"}}, {"type": "Feature", "geometry": {"type": "Polygon", "coordinates": [[[-51.47939466092378, -30.0464902971161], [-51.478586177168076, -30.045951307945632], [-51.478586177168076, -30.04622080253087], [-51.47939466092378, -30.0464902971161]]]}, "properties": {"cultura": "Outras Lavouras Temporárias"}}, {"type": "Feature", "geometry": {"type": "Polygon", "coordinates": [[[-51.482359101361375, -30.045681813360396], [-51.482628595946615, -30.04622080253087], [-51.482628595946615, -30.045681813360396], [-51.482359101361375, -30.045681813360396]]]}, "properties": {"cultura": "Outras Lavouras Temporárias"}}, {"type": "Feature", "geometry": {"type": "Polygon", "coordinates": [[[-51.49772029271982, -30.04541231877516], [-51.49798978730506, -30.0464902971161], [-51.49798978730506, -30.04541231877516], [-51.49772029271982, -30.04541231877516]]]}, "properties": {"cultura": "Outras Lavouras Temporárias"}}, {"type": "Feature", "geometry": {"type": "Polygon", "coordinates": [[[-51.498798271060764, -30.045681813360396], [-51.499067765646004, -30.045951307945632], [-51.499067765646004, -30.045681813360396], [-51.498798271060764, -30.045681813360396]]]}, "properties": {"cultura": "Outras Lavouras Temporárias"}}, {"type": "Feature", "geometry": {"type": "Polygon", "coordinates": [[[-51.499067765646004, -30.045681813360396], [-51.499606754816476, -30.044873329604687], [-51.49852877647553, -30.044873329604687], [-51.499067765646004, -30.045681813360396]]]}, "properties": {"cultura": "Outras Lavouras Temporárias"}}, {"type": "Feature", "geometry": {"type": "Polygon", "coordinates": [[[-51.482628595946615, -30.04460383501945], [-51.48289809053185, -30.045681813360396], [-51.48289809053185, -30.04460383501945], [-51.482628595946615, -30.04460383501945]]]}, "properties": {"cultura": "Outras Lavouras Temporárias"}}, {"type": "Feature", "geometry": {"type": "Polygon", "coordinates": [[[-51.47589123131572, -30.04406484584898], [-51.476160725900954, -30.045142824189924], [-51.476160725900954, -30.04406484584898], [-51.47589123131572, -30.04406484584898]]]}, "properties": {"cultura": "Outras Lavouras Temporárias"}}, {"type": "Feature", "geometry": {"type": "Polygon", "coordinates": [[[-51.49772029271982, -30.045142824189924], [-51.49825928189029, -30.045142824189924], [-51.49825928189029, -30.043795351263743], [-51.49798978730506, -30.043795351263743], [-51.49772029271982, -30.045142824189924]]]}, "properties": {"cultura": "Outras Lavouras Temporárias"}}, {"type": "Feature", "geometry": {"type": "Polygon", "coordinates": [[[-51.48289809053185, -30.043795351263743], [-51.48316758511709, -30.04460383501945], [-51.48316758511709, -30.043795351263743], [-51.48289809053185, -30.043795351263743]]]}, "properties": {"cultura": "Outras Lavouras Temporárias"}}, {"type": "Feature", "geometry": {"type": "Polygon", "coordinates": [[[-51.47562173673048, -30.04406484584898], [-51.47589123131572, -30.04406484584898], [-51.47589123131572, -30.043525856678507], [-51.47562173673048, -30.043525856678507], [-51.47562173673048, -30.04406484584898]]]}, "properties": {"cultura": "Outras Lavouras Temporárias"}}, {"type": "Feature", "geometry": {"type": "Polygon", "coordinates": [[[-51.49852877647553, -30.043795351263743], [-51.498798271060764, -30.041908889167093], [-51.49798978730506, -30.041908889167093], [-51.49772029271982, -30.043795351263743], [-51.49798978730506, -30.043525856678507], [-51.49852877647553, -30.043795351263743]]]}, "properties": {"cultura": "Outras Lavouras Temporárias"}}, {"type": "Feature", "geometry": {"type": "Polygon", "coordinates": [[[-51.49772029271982, -30.041639394581857], [-51.49798978730506, -30.041908889167093], [-51.49798978730506, -30.041639394581857], [-51.49772029271982, -30.041639394581857]]]}, "properties": {"cultura": "Outras Lavouras Temporárias"}}, {"type": "Feature", "geometry": {"type": "Polygon", "coordinates": [[[-51.49825928189029, -30.041639394581857], [-51.49798978730506, -30.04136989999662], [-51.49798978730506, -30.041639394581857], [-51.49825928189029, -30.041639394581857]]]}, "properties": {"cultura": "Outras Lavouras Temporárias"}}, {"type": "Feature", "geometry": {"type": "Polygon", "coordinates": [[[-51.49664231437888, -30.041100405411385], [-51.49798978730506, -30.04136989999662], [-51.49798978730506, -30.041100405411385], [-51.49664231437888, -30.041100405411385]]]}, "properties": {"cultura": "Outras Lavouras Temporárias"}}, {"type": "Feature", "geometry": {"type": "Polygon", "coordinates": [[[-51.49825928189029, -30.041100405411385], [-51.498798271060764, -30.04136989999662], [-51.498798271060764, -30.041100405411385], [-51.49825928189029, -30.041100405411385]]]}, "properties": {"cultura": "Outras Lavouras Temporárias"}}, {"type": "Feature", "geometry": {"type": "Polygon", "coordinates": [[[-51.498798271060764, -30.040022427070443], [-51.499067765646004, -30.041100405411385], [-51.499067765646004, -30.040022427070443], [-51.498798271060764, -30.040022427070443]]]}, "properties": {"cultura": "Outras Lavouras Temporárias"}}, {"type": "Feature", "geometry": {"type": "Polygon", "coordinates": [[[-51.49637281979364, -30.041100405411385], [-51.49664231437888, -30.041100405411385], [-51.49664231437888, -30.040022427070443], [-51.49610332520841, -30.040022427070443], [-51.49637281979364, -30.041100405411385]]]}, "properties": {"cultura": "Outras Lavouras Temporárias"}}, {"type": "Feature", "geometry": {"type": "Polygon", "coordinates": [[[-51.47939466092378, -30.038405459559026], [-51.47912516633855, -30.0389444487295], [-51.47939466092378, -30.0389444487295], [-51.47939466092378, -30.038405459559026]]]}, "properties": {"cultura": "Outras Lavouras Temporárias"}}, {"type": "Feature", "geometry": {"type": "Polygon", "coordinates": [[[-51.48316758511709, -30.038674954144263], [-51.48343707970232, -30.038405459559026], [-51.48316758511709, -30.038405459559026], [-51.48316758511709, -30.038674954144263]]]}, "properties": {"cultura": "Outras Lavouras Temporárias"}}, {"type": "Feature", "geometry": {"type": "Polygon", "coordinates": [[[-51.48316758511709, -30.03813596497379], [-51.48289809053185, -30.038405459559026], [-51.48316758511709, -30.038405459559026], [-51.48316758511709, -30.03813596497379]]]}, "properties": {"cultura": "Outras Lavouras Temporárias"}}, {"type": "Feature", "geometry": {"type": "Polygon", "coordinates": [[[-51.4810116284352, -30.03732748121808], [-51.48208960677614, -30.038674954144263], [-51.48316758511709, -30.0389444487295], [-51.48155061760567, -30.03705798663285], [-51.4810116284352, -30.03732748121808]]]}, "properties": {"cultura": "Outras Lavouras Temporárias"}}, {"type": "Feature", "geometry": {"type": "Polygon", "coordinates": [[[-51.48289809053185, -30.03813596497379], [-51.482628595946615, -30.037866470388554], [-51.482628595946615, -30.03813596497379], [-51.48289809053185, -30.03813596497379]]]}, "properties": {"cultura": "Outras Lavouras Temporárias"}}, {"type": "Feature", "geometry": {"type": "Polygon", "coordinates": [[[-51.50041523857218, -30.037866470388554], [-51.49556433603794, -30.03732748121808], [-51.49583383062317, -30.03813596497379], [-51.50041523857218, -30.037866470388554]]]}, "properties": {"cultura": "Outras Lavouras Temporárias"}}, {"type": "Feature", "geometry": {"type": "Polygon", "coordinates": [[[-51.482359101361375, -30.037596975803318], [-51.482628595946615, -30.037866470388554], [-51.482628595946615, -30.037596975803318], [-51.482359101361375, -30.037596975803318]]]}, "properties": {"cultura": "Outras Lavouras Temporárias"}}, {"type": "Feature", "geometry": {"type": "Polygon", "coordinates": [[[-51.482359101361375, -30.037596975803318], [-51.482359101361375, -30.03732748121808], [-51.48208960677614, -30.03732748121808], [-51.48208960677614, -30.037596975803318], [-51.482359101361375, -30.037596975803318]]]}, "properties": {"cultura": "Outras Lavouras Temporárias"}}, {"type": "Feature", "geometry": {"type": "Polygon", "coordinates": [[[-51.48208960677614, -30.03705798663285], [-51.48182011219091, -30.03732748121808], [-51.48208960677614, -30.03732748121808], [-51.48208960677614, -30.03705798663285]]]}, "properties": {"cultura": "Outras Lavouras Temporárias"}}, {"type": "Feature", "geometry": {"type": "Polygon", "coordinates": [[[-51.48020314467949, -30.03813596497379], [-51.480742133849965, -30.036518997462377], [-51.47993365009425, -30.035980008291904], [-51.47939466092378, -30.038405459559026], [-51.48020314467949, -30.03813596497379]]]}, "properties": {"cultura": "Outras Lavouras Temporárias"}}, {"type": "Feature", "geometry": {"type": "Polygon", "coordinates": [[[-51.48155061760567, -30.036788492047613], [-51.48182011219091, -30.03705798663285], [-51.48182011219091, -30.036788492047613], [-51.48155061760567, -30.036788492047613]]]}, "properties": {"cultura": "Outras Lavouras Temporárias"}}, {"type": "Feature", "geometry": {"type": "Polygon", "coordinates": [[[-51.480742133849965, -30.036788492047613], [-51.4810116284352, -30.03705798663285], [-51.4810116284352, -30.036788492047613], [-51.480742133849965, -30.036788492047613]]]}, "properties": {"cultura": "Outras Lavouras Temporárias"}}, {"type": "Feature", "geometry": {"type": "Polygon", "coordinates": [[[-51.48155061760567, -30.036788492047613], [-51.4810116284352, -30.036518997462377], [-51.4810116284352, -30.036788492047613], [-51.48155061760567, -30.036788492047613]]]}, "properties": {"cultura": "Outras Lavouras Temporárias"}}, {"type": "Feature", "geometry": {"type": "Polygon", "coordinates": [[[-51.48613202555468, -30.036518997462377], [-51.48505404721374, -30.035980008291904], [-51.48559303638421, -30.036788492047613], [-51.48613202555468, -30.036518997462377]]]}, "properties": {"cultura": "Outras Lavouras Temporárias"}}, {"type": "Feature", "geometry": {"type": "Polygon", "coordinates": [[[-51.480742133849965, -30.03624950287714], [-51.4810116284352, -30.036518997462377], [-51.4810116284352, -30.03624950287714], [-51.480742133849965, -30.03624950287714]]]}, "properties": {"cultura": "Outras Lavouras Temporárias"}}, {"type": "Feature", "geometry": {"type": "Polygon", "coordinates": [[[-51.480742133849965, -30.035980008291904], [-51.480472639264725, -30.03624950287714], [-51.480742133849965, -30.03624950287714], [-51.480742133849965, -30.035980008291904]]]}, "properties": {"cultura": "Outras Lavouras Temporárias"}}, {"type": "Feature", "geometry": {"type": "Polygon", "coordinates": [[[-51.47966415550902, -30.035710513706668], [-51.47993365009425, -30.035980008291904], [-51.47993365009425, -30.035710513706668], [-51.47966415550902, -30.035710513706668]]]}, "properties": {"cultura": "Outras Lavouras Temporárias"}}, {"type": "Feature", "geometry": {"type": "Polygon", "coordinates": [[[-51.484784552628504, -30.035441019121432], [-51.48505404721374, -30.035980008291904], [-51.48505404721374, -30.035441019121432], [-51.484784552628504, -30.035441019121432]]]}, "properties": {"cultura": "Outras Lavouras Temporárias"}}, {"type": "Feature", "geometry": {"type": "Polygon", "coordinates": [[[-51.48990494974798, -30.035980008291904], [-51.491252422674165, -30.035171524536196], [-51.48828798223657, -30.034632535365724], [-51.489096465992276, -30.03490202995096], [-51.48990494974798, -30.035980008291904]]]}, "properties": {"cultura": "Outras Lavouras Temporárias"}}, {"type": "Feature", "geometry": {"type": "Polygon", "coordinates": [[[-51.48316758511709, -30.034363040780487], [-51.48370657428756, -30.034632535365724], [-51.48370657428756, -30.034363040780487], [-51.48316758511709, -30.034363040780487]]]}, "properties": {"cultura": "Outras Lavouras Temporárias"}}, {"type": "Feature", "geometry": {"type": "Polygon", "coordinates": [[[-51.48316758511709, -30.034363040780487], [-51.48316758511709, -30.034093546195255], [-51.48289809053185, -30.034093546195255], [-51.48289809053185, -30.034363040780487], [-51.48316758511709, -30.034363040780487]]]}, "properties": {"cultura": "Outras Lavouras Temporárias"}}, {"type": "Feature", "geometry": {"type": "Polygon", "coordinates": [[[-51.48289809053185, -30.03382405161002], [-51.482628595946615, -30.034093546195255], [-51.48289809053185, -30.034093546195255], [-51.48289809053185, -30.03382405161002]]]}, "properties": {"cultura": "Outras Lavouras Temporárias"}}, {"type": "Feature", "geometry": {"type": "Polygon", "coordinates": [[[-51.48208960677614, -30.033554557024782], [-51.482628595946615, -30.03382405161002], [-51.482628595946615, -30.033554557024782], [-51.48208960677614, -30.033554557024782]]]}, "properties": {"cultura": "Outras Lavouras Temporárias"}}, {"type": "Feature", "geometry": {"type": "Polygon", "coordinates": [[[-51.47184881253718, -30.03166809492813], [-51.47077083419624, -30.029512138246243], [-51.47104032878147, -30.03166809492813], [-51.47184881253718, -30.03166809492813]]]}, "properties": {"cultura": "Outras Lavouras Temporárias"}}, {"type": "Feature", "geometry": {"type": "Polygon", "coordinates": [[[-51.43681451645652, -30.09203488202096], [-51.43735350562699, -30.092573871191433], [-51.43789249479746, -30.09203488202096], [-51.43681451645652, -30.09203488202096]]]}, "properties": {"cultura": "Outras Lavouras Temporárias"}}, {"type": "Feature", "geometry": {"type": "Polygon", "coordinates": [[[-51.4381619893827, -30.09203488202096], [-51.43789249479746, -30.091765387435725], [-51.43789249479746, -30.09203488202096], [-51.4381619893827, -30.09203488202096]]]}, "properties": {"cultura": "Outras Lavouras Temporárias"}}, {"type": "Feature", "geometry": {"type": "Polygon", "coordinates": [[[-51.441665418990766, -30.08960943075384], [-51.441934913576, -30.09014841992431], [-51.441934913576, -30.08960943075384], [-51.441665418990766, -30.08960943075384]]]}, "properties": {"cultura": "Outras Lavouras Temporárias"}}, {"type": "Feature", "geometry": {"type": "Polygon", "coordinates": [[[-51.441934913576, -30.08960943075384], [-51.44247390274647, -30.089339936168603], [-51.44247390274647, -30.08880094699813], [-51.441934913576, -30.08960943075384]]]}, "properties": {"cultura": "Outras Lavouras Temporárias"}}, {"type": "Feature", "geometry": {"type": "Polygon", "coordinates": [[[-51.43088563558133, -30.08772296865719], [-51.4314246247518, -30.087453474071953], [-51.43088563558133, -30.087453474071953], [-51.43088563558133, -30.08772296865719]]]}, "properties": {"cultura": "Outras Lavouras Temporárias"}}, {"type": "Feature", "geometry": {"type": "Polygon", "coordinates": [[[-51.43088563558133, -30.08691448490148], [-51.430616140996094, -30.087453474071953], [-51.43088563558133, -30.087453474071953], [-51.43088563558133, -30.08691448490148]]]}, "properties": {"cultura": "Outras Lavouras Temporárias"}}, {"type": "Feature", "geometry": {"type": "Polygon", "coordinates": [[[-51.431155130166566, -30.086644990316245], [-51.43088563558133, -30.08691448490148], [-51.431155130166566, -30.08691448490148], [-51.431155130166566, -30.086644990316245]]]}, "properties": {"cultura": "Outras Lavouras Temporárias"}}, {"type": "Feature", "geometry": {"type": "Polygon", "coordinates": [[[-51.43088563558133, -30.08637549573101], [-51.43007715182562, -30.085836506560536], [-51.43007715182562, -30.08691448490148], [-51.43088563558133, -30.08637549573101]]]}, "properties": {"cultura": "Outras Lavouras Temporárias"}}, {"type": "Feature", "geometry": {"type": "Polygon", "coordinates": [[[-51.44409087025789, -30.084219539049123], [-51.44382137567265, -30.084758528219595], [-51.44436036484312, -30.084758528219595], [-51.44409087025789, -30.084219539049123]]]}, "properties": {"cultura": "Outras Lavouras Temporárias"}}, {"type": "Feature", "geometry": {"type": "Polygon", "coordinates": [[[-51.441934913576, -30.083950044463887], [-51.443282386502176, -30.084219539049123], [-51.443282386502176, -30.083950044463887], [-51.441934913576, -30.083950044463887]]]}, "properties": {"cultura": "Outras Lavouras Temporárias"}}, {"type": "Feature", "geometry": {"type": "Polygon", "coordinates": [[[-51.43196361392227, -30.08368054987865], [-51.43088563558133, -30.08368054987865], [-51.43088563558133, -30.08448903363436], [-51.43169411933704, -30.084219539049123], [-51.43196361392227, -30.08368054987865]]]}, "properties": {"cultura": "Outras Lavouras Temporárias"}}, {"type": "Feature", "geometry": {"type": "Polygon", "coordinates": [[[-51.43223310850751, -30.083141560708178], [-51.43250260309274, -30.083411055293414], [-51.43250260309274, -30.083141560708178], [-51.43223310850751, -30.083141560708178]]]}, "properties": {"cultura": "Outras Lavouras Temporárias"}}, {"type": "Feature", "geometry": {"type": "Polygon", "coordinates": [[[-51.43277209767798, -30.083141560708178], [-51.43250260309274, -30.082872066122942], [-51.43250260309274, -30.083141560708178], [-51.43277209767798, -30.083141560708178]]]}, "properties": {"cultura": "Outras Lavouras Temporárias"}}, {"type": "Feature", "geometry": {"type": "Polygon", "coordinates": [[[-51.43223310850751, -30.08044661485582], [-51.433041592263216, -30.080716109441056], [-51.433041592263216, -30.079907625685347], [-51.43438906518939, -30.07936863651488], [-51.43358058143369, -30.079099141929643], [-51.43223310850751, -30.08044661485582]]]}, "properties": {"cultura": "Outras Lavouras Temporárias"}}, {"type": "Feature", "geometry": {"type": "Polygon", "coordinates": [[[-51.434928054359865, -30.07936863651488], [-51.43654502187128, -30.079907625685347], [-51.43627552728605, -30.079099141929643], [-51.434928054359865, -30.07936863651488]]]}, "properties": {"cultura": "Outras Lavouras Temporárias"}}, {"type": "Feature", "geometry": {"type": "Polygon", "coordinates": [[[-51.45675711576397, -30.060773510133604], [-51.45702661034921, -30.060504015548368], [-51.45675711576397, -30.060504015548368], [-51.45675711576397, -30.060773510133604]]]}, "properties": {"cultura": "Outras Lavouras Temporárias"}}, {"type": "Feature", "geometry": {"type": "Polygon", "coordinates": [[[-51.45675711576397, -30.06023452096313], [-51.455948632008266, -30.060504015548368], [-51.45675711576397, -30.060504015548368], [-51.45675711576397, -30.06023452096313]]]}, "properties": {"cultura": "Outras Lavouras Temporárias"}}, {"type": "Feature", "geometry": {"type": "Polygon", "coordinates": [[[-51.441934913576, -30.06023452096313], [-51.44220440816124, -30.060504015548368], [-51.44220440816124, -30.06023452096313], [-51.441934913576, -30.06023452096313]]]}, "properties": {"cultura": "Outras Lavouras Temporárias"}}, {"type": "Feature", "geometry": {"type": "Polygon", "coordinates": [[[-51.455679137423026, -30.059965026377895], [-51.455948632008266, -30.06023452096313], [-51.455948632008266, -30.059965026377895], [-51.455679137423026, -30.059965026377895]]]}, "properties": {"cultura": "Outras Lavouras Temporárias"}}, {"type": "Feature", "geometry": {"type": "Polygon", "coordinates": [[[-51.45540964283779, -30.059965026377895], [-51.455679137423026, -30.059965026377895], [-51.455679137423026, -30.05969553179266], [-51.45540964283779, -30.05969553179266], [-51.45540964283779, -30.059965026377895]]]}, "properties": {"cultura": "Outras Lavouras Temporárias"}}, {"type": "Feature", "geometry": {"type": "Polygon", "coordinates": [[[-51.44220440816124, -30.059426037207423], [-51.441126429820294, -30.05969553179266], [-51.441665418990766, -30.05969553179266], [-51.441665418990766, -30.06023452096313], [-51.441934913576, -30.06023452096313], [-51.44220440816124, -30.059426037207423]]]}, "properties": {"cultura": "Outras Lavouras Temporárias"}}, {"type": "Feature", "geometry": {"type": "Polygon", "coordinates": [[[-51.455679137423026, -30.059426037207423], [-51.455948632008266, -30.05969553179266], [-51.455948632008266, -30.059426037207423], [-51.455679137423026, -30.059426037207423]]]}, "properties": {"cultura": "Outras Lavouras Temporárias"}}, {"type": "Feature", "geometry": {"type": "Polygon", "coordinates": [[[-51.453792675326376, -30.05888704803695], [-51.45352318074114, -30.059426037207423], [-51.453792675326376, -30.059426037207423], [-51.453792675326376, -30.05888704803695]]]}, "properties": {"cultura": "Outras Lavouras Temporárias"}}, {"type": "Feature", "geometry": {"type": "Polygon", "coordinates": [[[-51.45433166449685, -30.058617553451715], [-51.453792675326376, -30.05969553179266], [-51.455679137423026, -30.059426037207423], [-51.455679137423026, -30.059156542622187], [-51.45433166449685, -30.058617553451715]]]}, "properties": {"cultura": "Outras Lavouras Temporárias"}}, {"type": "Feature", "geometry": {"type": "Polygon", "coordinates": [[[-51.45109772947402, -30.05134119965035], [-51.4524452024002, -30.051610694235585], [-51.4524452024002, -30.05134119965035], [-51.45109772947402, -30.05134119965035]]]}, "properties": {"cultura": "Outras Lavouras Temporárias"}}, {"type": "Feature", "geometry": {"type": "Polygon", "coordinates": [[[-51.44436036484312, -30.049185242968463], [-51.445707837769305, -30.049454737553695], [-51.445707837769305, -30.049185242968463], [-51.44436036484312, -30.049185242968463]]]}, "properties": {"cultura": "Outras Lavouras Temporárias"}}, {"type": "Feature", "geometry": {"type": "Polygon", "coordinates": [[[-51.43169411933704, -30.043525856678507], [-51.433311086848455, -30.043256362093274], [-51.43169411933704, -30.043256362093274], [-51.43169411933704, -30.043525856678507]]]}, "properties": {"cultura": "Outras Lavouras Temporárias"}}, {"type": "Feature", "geometry": {"type": "Polygon", "coordinates": [[[-51.43169411933704, -30.042986867508038], [-51.430616140996094, -30.043256362093274], [-51.43169411933704, -30.043256362093274], [-51.43169411933704, -30.042986867508038]]]}, "properties": {"cultura": "Outras Lavouras Temporárias"}}, {"type": "Feature", "geometry": {"type": "Polygon", "coordinates": [[[-51.433041592263216, -30.041908889167093], [-51.43277209767798, -30.042986867508038], [-51.43358058143369, -30.043256362093274], [-51.43358058143369, -30.0427173729228], [-51.433041592263216, -30.041908889167093]]]}, "properties": {"cultura": "Outras Lavouras Temporárias"}}, {"type": "Feature", "geometry": {"type": "Polygon", "coordinates": [[[-51.43196361392227, -30.042447878337565], [-51.43250260309274, -30.04217838375233], [-51.43196361392227, -30.04217838375233], [-51.43196361392227, -30.042447878337565]]]}, "properties": {"cultura": "Outras Lavouras Temporárias"}}, {"type": "Feature", "geometry": {"type": "Polygon", "coordinates": [[[-51.43169411933704, -30.04217838375233], [-51.43196361392227, -30.041908889167093], [-51.43169411933704, -30.041908889167093], [-51.43169411933704, -30.04217838375233]]]}, "properties": {"cultura": "Outras Lavouras Temporárias"}}, {"type": "Feature", "geometry": {"type": "Polygon", "coordinates": [[[-51.43169411933704, -30.041639394581857], [-51.4314246247518, -30.041908889167093], [-51.43169411933704, -30.041908889167093], [-51.43169411933704, -30.041639394581857]]]}, "properties": {"cultura": "Outras Lavouras Temporárias"}}, {"type": "Feature", "geometry": {"type": "Polygon", "coordinates": [[[-51.43223310850751, -30.041639394581857], [-51.43277209767798, -30.041908889167093], [-51.43277209767798, -30.041639394581857], [-51.43223310850751, -30.041639394581857]]]}, "properties": {"cultura": "Outras Lavouras Temporárias"}}, {"type": "Feature", "geometry": {"type": "Polygon", "coordinates": [[[-51.45271469698543, -30.04136989999662], [-51.451367224059254, -30.04136989999662], [-51.45082823488878, -30.04217838375233], [-51.451636718644494, -30.04217838375233], [-51.45271469698543, -30.04136989999662]]]}, "properties": {"cultura": "Outras Lavouras Temporárias"}}, {"type": "Feature", "geometry": {"type": "Polygon", "coordinates": [[[-51.43223310850751, -30.041639394581857], [-51.43088563558133, -30.040561416240912], [-51.43034664641086, -30.04083091082615], [-51.43169411933704, -30.041639394581857], [-51.43223310850751, -30.041639394581857]]]}, "properties": {"cultura": "Outras Lavouras Temporárias"}}, {"type": "Feature", "geometry": {"type": "Polygon", "coordinates": [[[-51.43358058143369, -30.040561416240912], [-51.43250260309274, -30.040561416240912], [-51.43250260309274, -30.041100405411385], [-51.433311086848455, -30.041100405411385], [-51.43358058143369, -30.040561416240912]]]}, "properties": {"cultura": "Outras Lavouras Temporárias"}}, {"type": "Feature", "geometry": {"type": "Polygon", "coordinates": [[[-51.430616140996094, -30.040022427070443], [-51.43088563558133, -30.04029192165568], [-51.43088563558133, -30.040022427070443], [-51.430616140996094, -30.040022427070443]]]}, "properties": {"cultura": "Outras Lavouras Temporárias"}}, {"type": "Feature", "geometry": {"type": "Polygon", "coordinates": [[[-51.430616140996094, -30.040022427070443], [-51.43034664641086, -30.03948343789997], [-51.43007715182562, -30.03948343789997], [-51.43007715182562, -30.040022427070443], [-51.430616140996094, -30.040022427070443]]]}, "properties": {"cultura": "Outras Lavouras Temporárias"}}, {"type": "Feature", "geometry": {"type": "Polygon", "coordinates": [[[-51.430616140996094, -30.03948343789997], [-51.43034664641086, -30.0389444487295], [-51.43034664641086, -30.03948343789997], [-51.430616140996094, -30.03948343789997]]]}, "properties": {"cultura": "Outras Lavouras Temporárias"}}, {"type": "Feature", "geometry": {"type": "Polygon", "coordinates": [[[-51.43573653811558, -30.037866470388554], [-51.434928054359865, -30.037596975803318], [-51.435197548945105, -30.040022427070443], [-51.43573653811558, -30.040022427070443], [-51.43573653811558, -30.037866470388554]]]}, "properties": {"cultura": "Outras Lavouras Temporárias"}}, {"type": "Feature", "geometry": {"type": "Polygon", "coordinates": [[[-51.43034664641086, -30.036788492047613], [-51.430616140996094, -30.037866470388554], [-51.430616140996094, -30.036788492047613], [-51.43034664641086, -30.036788492047613]]]}, "properties": {"cultura": "Outras Lavouras Temporárias"}}, {"type": "Feature", "geometry": {"type": "Polygon", "coordinates": [[[-51.43358058143369, -30.03624950287714], [-51.43385007601893, -30.036518997462377], [-51.43385007601893, -30.03624950287714], [-51.43358058143369, -30.03624950287714]]]}, "properties": {"cultura": "Outras Lavouras Temporárias"}}, {"type": "Feature", "geometry": {"type": "Polygon", "coordinates": [[[-51.43034664641086, -30.035980008291904], [-51.430616140996094, -30.036518997462377], [-51.430616140996094, -30.035980008291904], [-51.43034664641086, -30.035980008291904]]]}, "properties": {"cultura": "Outras Lavouras Temporárias"}}, {"type": "Feature", "geometry": {"type": "Polygon", "coordinates": [[[-51.43358058143369, -30.03624950287714], [-51.43358058143369, -30.035980008291904], [-51.433311086848455, -30.035980008291904], [-51.433311086848455, -30.03624950287714], [-51.43358058143369, -30.03624950287714]]]}, "properties": {"cultura": "Outras Lavouras Temporárias"}}, {"type": "Feature", "geometry": {"type": "Polygon", "coordinates": [[[-51.433311086848455, -30.035710513706668], [-51.43277209767798, -30.035980008291904], [-51.433311086848455, -30.035980008291904], [-51.433311086848455, -30.035710513706668]]]}, "properties": {"cultura": "Outras Lavouras Temporárias"}}, {"type": "Feature", "geometry": {"type": "Polygon", "coordinates": [[[-51.43250260309274, -30.035710513706668], [-51.43277209767798, -30.035441019121432], [-51.43250260309274, -30.035441019121432], [-51.43250260309274, -30.035710513706668]]]}, "properties": {"cultura": "Outras Lavouras Temporárias"}}, {"type": "Feature", "geometry": {"type": "Polygon", "coordinates": [[[-51.43250260309274, -30.03490202995096], [-51.43223310850751, -30.035441019121432], [-51.43250260309274, -30.035441019121432], [-51.43250260309274, -30.03490202995096]]]}, "properties": {"cultura": "Outras Lavouras Temporárias"}}, {"type": "Feature", "geometry": {"type": "Polygon", "coordinates": [[[-51.43196361392227, -30.034363040780487], [-51.43223310850751, -30.03490202995096], [-51.43223310850751, -30.034363040780487], [-51.43196361392227, -30.034363040780487]]]}, "properties": {"cultura": "Outras Lavouras Temporárias"}}, {"type": "Feature", "geometry": {"type": "Polygon", "coordinates": [[[-51.43007715182562, -30.035441019121432], [-51.43088563558133, -30.034632535365724], [-51.43088563558133, -30.033554557024782], [-51.43007715182562, -30.035441019121432]]]}, "properties": {"cultura": "Outras Lavouras Temporárias"}}, {"type": "Feature", "geometry": {"type": "Polygon", "coordinates": [[[-51.43088563558133, -30.033285062439546], [-51.431155130166566, -30.033554557024782], [-51.431155130166566, -30.033285062439546], [-51.43088563558133, -30.033285062439546]]]}, "properties": {"cultura": "Outras Lavouras Temporárias"}}, {"type": "Feature", "geometry": {"type": "Polygon", "coordinates": [[[-51.43088563558133, -30.032476578683838], [-51.4314246247518, -30.032476578683838], [-51.4314246247518, -30.031398600342893], [-51.431155130166566, -30.031398600342893], [-51.43088563558133, -30.032476578683838]]]}, "properties": {"cultura": "Outras Lavouras Temporárias"}}, {"type": "Feature", "geometry": {"type": "Polygon", "coordinates": [[[-51.43007715182562, -30.030590116587188], [-51.4314246247518, -30.031398600342893], [-51.43196361392227, -30.030859611172424], [-51.43196361392227, -30.030590116587188], [-51.43007715182562, -30.030590116587188]]]}, "properties": {"cultura": "Outras Lavouras Temporárias"}}, {"type": "Feature", "geometry": {"type": "Polygon", "coordinates": [[[-51.43358058143369, -30.030590116587188], [-51.43385007601893, -30.031398600342893], [-51.43411957060416, -30.031398600342893], [-51.43438906518939, -30.030320622001952], [-51.43358058143369, -30.030590116587188]]]}, "properties": {"cultura": "Outras Lavouras Temporárias"}}, {"type": "Feature", "geometry": {"type": "Polygon", "coordinates": [[[-51.43358058143369, -30.030320622001952], [-51.433311086848455, -30.030590116587188], [-51.43358058143369, -30.030590116587188], [-51.43358058143369, -30.030320622001952]]]}, "properties": {"cultura": "Outras Lavouras Temporárias"}}, {"type": "Feature", "geometry": {"type": "Polygon", "coordinates": [[[-51.43196361392227, -30.030051127416716], [-51.43223310850751, -30.030590116587188], [-51.43223310850751, -30.030051127416716], [-51.43196361392227, -30.030051127416716]]]}, "properties": {"cultura": "Outras Lavouras Temporárias"}}, {"type": "Feature", "geometry": {"type": "Polygon", "coordinates": [[[-51.45082823488878, -30.02978163283148], [-51.45109772947402, -30.030859611172424], [-51.45109772947402, -30.02978163283148], [-51.45082823488878, -30.02978163283148]]]}, "properties": {"cultura": "Outras Lavouras Temporárias"}}, {"type": "Feature", "geometry": {"type": "Polygon", "coordinates": [[[-51.43088563558133, -30.030051127416716], [-51.4314246247518, -30.030320622001952], [-51.4314246247518, -30.030051127416716], [-51.43088563558133, -30.030051127416716]]]}, "properties": {"cultura": "Outras Lavouras Temporárias"}}, {"type": "Feature", "geometry": {"type": "Polygon", "coordinates": [[[-51.43411957060416, -30.029512138246243], [-51.43438906518939, -30.030051127416716], [-51.43438906518939, -30.029512138246243], [-51.43411957060416, -30.029512138246243]]]}, "properties": {"cultura": "Outras Lavouras Temporárias"}}, {"type": "Feature", "geometry": {"type": "Polygon", "coordinates": [[[-51.43223310850751, -30.029512138246243], [-51.43250260309274, -30.030051127416716], [-51.43250260309274, -30.029512138246243], [-51.43223310850751, -30.029512138246243]]]}, "properties": {"cultura": "Outras Lavouras Temporárias"}}, {"type": "Feature", "geometry": {"type": "Polygon", "coordinates": [[[-51.45109772947402, -30.029512138246243], [-51.451636718644494, -30.02978163283148], [-51.451636718644494, -30.029512138246243], [-51.45109772947402, -30.029512138246243]]]}, "properties": {"cultura": "Outras Lavouras Temporárias"}}, {"type": "Feature", "geometry": {"type": "Polygon", "coordinates": [[[-51.43088563558133, -30.02978163283148], [-51.4314246247518, -30.02978163283148], [-51.43169411933704, -30.030051127416716], [-51.4314246247518, -30.029242643661007], [-51.43088563558133, -30.02978163283148]]]}, "properties": {"cultura": "Outras Lavouras Temporárias"}}, {"type": "Feature", "geometry": {"type": "Polygon", "coordinates": [[[-51.44651632152501, -30.027625676149594], [-51.44678581611024, -30.029242643661007], [-51.44678581611024, -30.027625676149594], [-51.44651632152501, -30.027625676149594]]]}, "properties": {"cultura": "Outras Lavouras Temporárias"}}, {"type": "Feature", "geometry": {"type": "Polygon", "coordinates": [[[-51.43735350562699, -30.02196628985964], [-51.43789249479746, -30.021696795274405], [-51.43735350562699, -30.021696795274405], [-51.43735350562699, -30.02196628985964]]]}, "properties": {"cultura": "Outras Lavouras Temporárias"}}, {"type": "Feature", "geometry": {"type": "Polygon", "coordinates": [[[-51.43654502187128, -30.021696795274405], [-51.437084011041755, -30.021157806103933], [-51.43600603270081, -30.021157806103933], [-51.43654502187128, -30.021696795274405]]]}, "properties": {"cultura": "Outras Lavouras Temporárias"}}, {"type": "Feature", "geometry": {"type": "Polygon", "coordinates": [[[-51.43735350562699, -30.021157806103933], [-51.43762300021223, -30.02142730068917], [-51.43762300021223, -30.021157806103933], [-51.43735350562699, -30.021157806103933]]]}, "properties": {"cultura": "Outras Lavouras Temporárias"}}, {"type": "Feature", "geometry": {"type": "Polygon", "coordinates": [[[-51.43546704353034, -30.020888311518696], [-51.43600603270081, -30.021157806103933], [-51.43600603270081, -30.020888311518696], [-51.43546704353034, -30.020888311518696]]]}, "properties": {"cultura": "Outras Lavouras Temporárias"}}, {"type": "Feature", "geometry": {"type": "Polygon", "coordinates": [[[-51.43277209767798, -30.02061881693346], [-51.43250260309274, -30.021157806103933], [-51.43277209767798, -30.021157806103933], [-51.43277209767798, -30.02061881693346]]]}, "properties": {"cultura": "Outras Lavouras Temporárias"}}, {"type": "Feature", "geometry": {"type": "Polygon", "coordinates": [[[-51.43250260309274, -30.01873235483681], [-51.43277209767798, -30.01927134400728], [-51.43277209767798, -30.01873235483681], [-51.43250260309274, -30.01873235483681]]]}, "properties": {"cultura": "Outras Lavouras Temporárias"}}, {"type": "Feature", "geometry": {"type": "Polygon", "coordinates": [[[-51.43277209767798, -30.01819336566634], [-51.433041592263216, -30.018462860251574], [-51.433041592263216, -30.01819336566634], [-51.43277209767798, -30.01819336566634]]]}, "properties": {"cultura": "Outras Lavouras Temporárias"}}, {"type": "Feature", "geometry": {"type": "Polygon", "coordinates": [[[-51.43358058143369, -30.01657639815492], [-51.43277209767798, -30.01738488191063], [-51.43250260309274, -30.017923871081102], [-51.43358058143369, -30.017923871081102], [-51.43358058143369, -30.01657639815492]]]}, "properties": {"cultura": "Outras Lavouras Temporárias"}}, {"type": "Feature", "geometry": {"type": "Polygon", "coordinates": [[[-51.43735350562699, -30.014420441473035], [-51.43762300021223, -30.013611957717327], [-51.43681451645652, -30.013611957717327], [-51.43735350562699, -30.013881452302563], [-51.43735350562699, -30.014420441473035]]]}, "properties": {"cultura": "Outras Lavouras Temporárias"}}, {"type": "Feature", "geometry": {"type": "Polygon", "coordinates": [[[-51.433041592263216, -30.015228925228744], [-51.433311086848455, -30.013881452302563], [-51.43223310850751, -30.01226448479115], [-51.43223310850751, -30.014420441473035], [-51.433041592263216, -30.015228925228744]]]}, "properties": {"cultura": "Outras Lavouras Temporárias"}}, {"type": "Feature", "geometry": {"type": "Polygon", "coordinates": [[[-51.443282386502176, -30.01334246313209], [-51.443551881087416, -30.013611957717327], [-51.443551881087416, -30.01334246313209], [-51.443282386502176, -30.01334246313209]]]}, "properties": {"cultura": "Outras Lavouras Temporárias"}}, {"type": "Feature", "geometry": {"type": "Polygon", "coordinates": [[[-51.439778956894116, -30.013881452302563], [-51.441934913576, -30.013072968546858], [-51.44220440816124, -30.012533979376386], [-51.440856935235054, -30.012803473961622], [-51.439778956894116, -30.013881452302563]]]}, "properties": {"cultura": "Outras Lavouras Temporárias"}}, {"type": "Feature", "geometry": {"type": "Polygon", "coordinates": [[[-51.44301289191694, -30.01334246313209], [-51.443282386502176, -30.01334246313209], [-51.443282386502176, -30.012803473961622], [-51.44301289191694, -30.012803473961622], [-51.44301289191694, -30.01334246313209]]]}, "properties": {"cultura": "Outras Lavouras Temporárias"}}, {"type": "Feature", "geometry": {"type": "Polygon", "coordinates": [[[-51.43600603270081, -30.013611957717327], [-51.43573653811558, -30.01226448479115], [-51.435197548945105, -30.012533979376386], [-51.435197548945105, -30.013881452302563], [-51.43600603270081, -30.013611957717327]]]}, "properties": {"cultura": "Outras Lavouras Temporárias"}}, {"type": "Feature", "geometry": {"type": "Polygon", "coordinates": [[[-51.44220440816124, -30.011725495620677], [-51.44301289191694, -30.012803473961622], [-51.44301289191694, -30.011994990205913], [-51.44220440816124, -30.011725495620677]]]}, "properties": {"cultura": "Outras Lavouras Temporárias"}}, {"type": "Feature", "geometry": {"type": "Polygon", "coordinates": [[[-51.441934913576, -30.011725495620677], [-51.44220440816124, -30.011725495620677], [-51.44220440816124, -30.011186506450205], [-51.441934913576, -30.011186506450205], [-51.441934913576, -30.011725495620677]]]}, "properties": {"cultura": "Outras Lavouras Temporárias"}}, {"type": "Feature", "geometry": {"type": "Polygon", "coordinates": [[[-51.441126429820294, -30.010378022694496], [-51.441395924405526, -30.010108528109264], [-51.441126429820294, -30.00956953893879], [-51.441126429820294, -30.010378022694496]]]}, "properties": {"cultura": "Outras Lavouras Temporárias"}}, {"type": "Feature", "geometry": {"type": "Polygon", "coordinates": [[[-51.440856935235054, -30.00956953893879], [-51.441126429820294, -30.00903054976832], [-51.440856935235054, -30.00903054976832], [-51.440856935235054, -30.00956953893879]]]}, "properties": {"cultura": "Outras Lavouras Temporárias"}}, {"type": "Feature", "geometry": {"type": "Polygon", "coordinates": [[[-51.440856935235054, -30.008761055183083], [-51.44058744064982, -30.00903054976832], [-51.440856935235054, -30.00903054976832], [-51.440856935235054, -30.008761055183083]]]}, "properties": {"cultura": "Outras Lavouras Temporárias"}}, {"type": "Feature", "geometry": {"type": "Polygon", "coordinates": [[[-51.44031794606458, -30.007952571427374], [-51.44058744064982, -30.008491560597847], [-51.44058744064982, -30.007952571427374], [-51.44031794606458, -30.007952571427374]]]}, "properties": {"cultura": "Outras Lavouras Temporárias"}}, {"type": "Feature", "geometry": {"type": "Polygon", "coordinates": [[[-51.44004845147935, -30.00714408767167], [-51.44004845147935, -30.007683076842138], [-51.44004845147935, -30.007952571427374], [-51.44031794606458, -30.007952571427374], [-51.44004845147935, -30.00714408767167]]]}, "properties": {"cultura": "Outras Lavouras Temporárias"}}, {"type": "Feature", "geometry": {"type": "Polygon", "coordinates": [[[-51.43762300021223, -30.006605098501197], [-51.43789249479746, -30.006874593086433], [-51.43789249479746, -30.006605098501197], [-51.43762300021223, -30.006605098501197]]]}, "properties": {"cultura": "Outras Lavouras Temporárias"}}, {"type": "Feature", "geometry": {"type": "Polygon", "coordinates": [[[-51.43950946230888, -30.006874593086433], [-51.439778956894116, -30.006605098501197], [-51.43950946230888, -30.006605098501197], [-51.43950946230888, -30.006874593086433]]]}, "properties": {"cultura": "Outras Lavouras Temporárias"}}, {"type": "Feature", "geometry": {"type": "Polygon", "coordinates": [[[-51.43789249479746, -30.00633560391596], [-51.43950946230888, -30.006605098501197], [-51.439239967723644, -30.005257625575016], [-51.43789249479746, -30.00633560391596]]]}, "properties": {"cultura": "Outras Lavouras Temporárias"}}, {"type": "Feature", "geometry": {"type": "Polygon", "coordinates": [[[-51.44651632152501, -30.00579661474549], [-51.44624682693977, -30.004718636404544], [-51.445438343184065, -30.004449141819308], [-51.44651632152501, -30.00579661474549]]]}, "properties": {"cultura": "Outras Lavouras Temporárias"}}, {"type": "Feature", "geometry": {"type": "Polygon", "coordinates": [[[-51.43870097855317, -30.00498813098978], [-51.438970473138404, -30.005257625575016], [-51.438970473138404, -30.00498813098978], [-51.43870097855317, -30.00498813098978]]]}, "properties": {"cultura": "Outras Lavouras Temporárias"}}, {"type": "Feature", "geometry": {"type": "Polygon", "coordinates": [[[-51.43789249479746, -30.00391015264884], [-51.4381619893827, -30.003371163478366], [-51.43789249479746, -30.003371163478366], [-51.43789249479746, -30.00391015264884]]]}, "properties": {"cultura": "Outras Lavouras Temporárias"}}, {"type": "Feature", "geometry": {"type": "Polygon", "coordinates": [[[-51.445438343184065, -30.002832174307894], [-51.445707837769305, -30.003371163478366], [-51.445707837769305, -30.002832174307894], [-51.445438343184065, -30.002832174307894]]]}, "properties": {"cultura": "Outras Lavouras Temporárias"}}, {"type": "Feature", "geometry": {"type": "Polygon", "coordinates": [[[-51.43762300021223, -30.003371163478366], [-51.43789249479746, -30.002562679722658], [-51.43735350562699, -30.002562679722658], [-51.43762300021223, -30.002832174307894], [-51.43762300021223, -30.003371163478366]]]}, "properties": {"cultura": "Outras Lavouras Temporárias"}}, {"type": "Feature", "geometry": {"type": "Polygon", "coordinates": [[[-51.445707837769305, -30.002562679722658], [-51.44597733235454, -30.002832174307894], [-51.44597733235454, -30.002562679722658], [-51.445707837769305, -30.002562679722658]]]}, "properties": {"cultura": "Outras Lavouras Temporárias"}}, {"type": "Feature", "geometry": {"type": "Polygon", "coordinates": [[[-51.445438343184065, -30.002023690552186], [-51.44597733235454, -30.00229318513742], [-51.44597733235454, -30.001484701381713], [-51.44489935401359, -30.002023690552186], [-51.44462985942836, -30.002832174307894], [-51.445438343184065, -30.002832174307894], [-51.445438343184065, -30.002023690552186]]]}, "properties": {"cultura": "Outras Lavouras Temporárias"}}, {"type": "Feature", "geometry": {"type": "Polygon", "coordinates": [[[-51.437084011041755, -30.00175419596695], [-51.43735350562699, -30.002023690552186], [-51.43735350562699, -30.00175419596695], [-51.437084011041755, -30.00175419596695]]]}, "properties": {"cultura": "Outras Lavouras Temporárias"}}, {"type": "Feature", "geometry": {"type": "Polygon", "coordinates": [[[-51.437084011041755, -30.00175419596695], [-51.437084011041755, -30.001215206796477], [-51.43681451645652, -30.001215206796477], [-51.43681451645652, -30.00175419596695], [-51.437084011041755, -30.00175419596695]]]}, "properties": {"cultura": "Outras Lavouras Temporárias"}}, {"type": "Feature", "geometry": {"type": "Polygon", "coordinates": [[[-51.43681451645652, -30.00067621762601], [-51.43654502187128, -30.001215206796477], [-51.43681451645652, -30.001215206796477], [-51.43681451645652, -30.00067621762601]]]}, "properties": {"cultura": "Outras Lavouras Temporárias"}}, {"type": "Feature", "geometry": {"type": "Polygon", "coordinates": [[[-51.43654502187128, -30.000406723040772], [-51.43627552728605, -30.00067621762601], [-51.43654502187128, -30.00067621762601], [-51.43654502187128, -30.000406723040772]]]}, "properties": {"cultura": "Outras Lavouras Temporárias"}}, {"type": "Feature", "geometry": {"type": "Polygon", "coordinates": [[[-51.41983635758666, -30.093112860361906], [-51.41929736841619, -30.093651849532378], [-51.42010585217189, -30.093651849532378], [-51.41983635758666, -30.093112860361906]]]}, "properties": {"cultura": "Outras Lavouras Temporárias"}}, {"type": "Feature", "geometry": {"type": "Polygon", "coordinates": [[[-51.41848888466048, -30.09284336577667], [-51.41768040090477, -30.09284336577667], [-51.41768040090477, -30.093382354947142], [-51.41848888466048, -30.093651849532378], [-51.41848888466048, -30.09284336577667]]]}, "properties": {"cultura": "Outras Lavouras Temporárias"}}, {"type": "Feature", "geometry": {"type": "Polygon", "coordinates": [[[-51.4238787763652, -30.092304376606197], [-51.422800798024255, -30.09203488202096], [-51.422531303439015, -30.092573871191433], [-51.42360928177996, -30.093382354947142], [-51.4238787763652, -30.092304376606197]]]}, "properties": {"cultura": "Outras Lavouras Temporárias"}}, {"type": "Feature", "geometry": {"type": "Polygon", "coordinates": [[[-51.41741090631954, -30.091226398265256], [-51.41768040090477, -30.091495892850492], [-51.41768040090477, -30.091226398265256], [-51.41741090631954, -30.091226398265256]]]}, "properties": {"cultura": "Outras Lavouras Temporárias"}}, {"type": "Feature", "geometry": {"type": "Polygon", "coordinates": [[[-51.416063433393354, -30.08880094699813], [-51.413368487541, -30.089339936168603], [-51.412560003785295, -30.090417914509548], [-51.41094303627388, -30.090417914509548], [-51.41121253085911, -30.091495892850492], [-51.414176971296705, -30.093382354947142], [-51.416332927978594, -30.093112860361906], [-51.41687191714907, -30.091226398265256], [-51.41741090631954, -30.091226398265256], [-51.41741090631954, -30.09095690368002], [-51.41471596046718, -30.09014841992431], [-51.41498545505242, -30.089339936168603], [-51.416063433393354, -30.089339936168603], [-51.416063433393354, -30.08880094699813]], [[-51.41687191714907, -30.091226398265256], [-51.41660242256383, -30.09095690368002], [-51.41687191714907, -30.09095690368002], [-51.41687191714907, -30.091226398265256]], [[-51.414176971296705, -30.089878925339075], [-51.414446465881944, -30.09095690368002], [-51.41390747671147, -30.091226398265256], [-51.414176971296705, -30.089878925339075]]]}, "properties": {"cultura": "Outras Lavouras Temporárias"}}, {"type": "Feature", "geometry": {"type": "Polygon", "coordinates": [[[-51.42711271138803, -30.09203488202096], [-51.42953816265515, -30.091765387435725], [-51.42899917348468, -30.090687409094784], [-51.42980765724039, -30.090417914509548], [-51.42980765724039, -30.091765387435725], [-51.431155130166566, -30.09203488202096], [-51.431155130166566, -30.09014841992431], [-51.426843216802794, -30.090687409094784], [-51.42711271138803, -30.09203488202096]]]}, "properties": {"cultura": "Outras Lavouras Temporárias"}}, {"type": "Feature", "geometry": {"type": "Polygon", "coordinates": [[[-51.41525494963765, -30.089878925339075], [-51.41552444422289, -30.09014841992431], [-51.41552444422289, -30.089878925339075], [-51.41525494963765, -30.089878925339075]]]}, "properties": {"cultura": "Outras Lavouras Temporárias"}}, {"type": "Feature", "geometry": {"type": "Polygon", "coordinates": [[[-51.418219390075244, -30.088531452412894], [-51.41687191714907, -30.088531452412894], [-51.41687191714907, -30.089070441583367], [-51.41794989549001, -30.089339936168603], [-51.418219390075244, -30.088531452412894]]]}, "properties": {"cultura": "Outras Lavouras Temporárias"}}, {"type": "Feature", "geometry": {"type": "Polygon", "coordinates": [[[-51.41148202544435, -30.08044661485582], [-51.41175152002958, -30.080177120270584], [-51.41148202544435, -30.080177120270584], [-51.41148202544435, -30.08044661485582]]]}, "properties": {"cultura": "Outras Lavouras Temporárias"}}, {"type": "Feature", "geometry": {"type": "Polygon", "coordinates": [[[-51.41148202544435, -30.079907625685347], [-51.410404047103405, -30.080177120270584], [-51.41148202544435, -30.080177120270584], [-51.41148202544435, -30.079907625685347]]]}, "properties": {"cultura": "Outras Lavouras Temporárias"}}, {"type": "Feature", "geometry": {"type": "Polygon", "coordinates": [[[-51.41902787383095, -30.078829647344406], [-51.42010585217189, -30.079099141929643], [-51.42010585217189, -30.078829647344406], [-51.41902787383095, -30.078829647344406]]]}, "properties": {"cultura": "Outras Lavouras Temporárias"}}, {"type": "Feature", "geometry": {"type": "Polygon", "coordinates": [[[-51.408248090421516, -30.07397874481016], [-51.408517585006756, -30.07532621773634], [-51.408517585006756, -30.07397874481016], [-51.408248090421516, -30.07397874481016]]]}, "properties": {"cultura": "Outras Lavouras Temporárias"}}, {"type": "Feature", "geometry": {"type": "Polygon", "coordinates": [[[-51.42549574387661, -30.067780369349734], [-51.4238787763652, -30.06804986393497], [-51.4238787763652, -30.069127842275915], [-51.424956754706145, -30.069127842275915], [-51.42549574387661, -30.067780369349734]]]}, "properties": {"cultura": "Outras Lavouras Temporárias"}}, {"type": "Feature", "geometry": {"type": "Polygon", "coordinates": [[[-51.42819068972897, -30.06481592891214], [-51.42738220597327, -30.065893907253084], [-51.42792119514374, -30.065893907253084], [-51.42819068972897, -30.06481592891214]]]}, "properties": {"cultura": "Outras Lavouras Temporárias"}}, {"type": "Feature", "geometry": {"type": "Polygon", "coordinates": [[[-51.42522624929138, -30.06292946681549], [-51.424956754706145, -30.06212098305978], [-51.42414827095043, -30.062390477645017], [-51.42414827095043, -30.06292946681549], [-51.42522624929138, -30.06292946681549]]]}, "properties": {"cultura": "Outras Lavouras Temporárias"}}, {"type": "Feature", "geometry": {"type": "Polygon", "coordinates": [[[-51.42630422763232, -30.059426037207423], [-51.426573722217555, -30.060773510133604], [-51.426573722217555, -30.059426037207423], [-51.42630422763232, -30.059426037207423]]]}, "properties": {"cultura": "Outras Lavouras Temporárias"}}, {"type": "Feature", "geometry": {"type": "Polygon", "coordinates": [[[-51.42603473304708, -30.057539575110773], [-51.42549574387661, -30.058617553451715], [-51.42630422763232, -30.059156542622187], [-51.42603473304708, -30.057539575110773]]]}, "properties": {"cultura": "Outras Lavouras Temporárias"}}, {"type": "Feature", "geometry": {"type": "Polygon", "coordinates": [[[-51.42414827095043, -30.05780906969601], [-51.424956754706145, -30.057270080525537], [-51.4238787763652, -30.057270080525537], [-51.42414827095043, -30.05780906969601]]]}, "properties": {"cultura": "Outras Lavouras Temporárias"}}, {"type": "Feature", "geometry": {"type": "Polygon", "coordinates": [[[-51.41848888466048, -30.058078564281246], [-51.41848888466048, -30.05646159676983], [-51.41794989549001, -30.058078564281246], [-51.41848888466048, -30.058078564281246]]]}, "properties": {"cultura": "Outras Lavouras Temporárias"}}, {"type": "Feature", "geometry": {"type": "Polygon", "coordinates": [[[-51.424956754706145, -30.0570005859403], [-51.42549574387661, -30.057270080525537], [-51.42549574387661, -30.0570005859403], [-51.424956754706145, -30.0570005859403]]]}, "properties": {"cultura": "Outras Lavouras Temporárias"}}, {"type": "Feature", "geometry": {"type": "Polygon", "coordinates": [[[-51.42576523846185, -30.056731091355065], [-51.42603473304708, -30.057270080525537], [-51.42603473304708, -30.056731091355065], [-51.42576523846185, -30.056731091355065]]]}, "properties": {"cultura": "Outras Lavouras Temporárias"}}, {"type": "Feature", "geometry": {"type": "Polygon", "coordinates": [[[-51.40986505793293, -30.04864625379799], [-51.410134552518166, -30.048376759212754], [-51.40986505793293, -30.048376759212754], [-51.40986505793293, -30.04864625379799]]]}, "properties": {"cultura": "Outras Lavouras Temporárias"}}, {"type": "Feature", "geometry": {"type": "Polygon", "coordinates": [[[-51.40986505793293, -30.047837770042282], [-51.40932606876246, -30.047568275457046], [-51.40986505793293, -30.048376759212754], [-51.40986505793293, -30.047837770042282]]]}, "properties": {"cultura": "Outras Lavouras Temporárias"}}, {"type": "Feature", "geometry": {"type": "Polygon", "coordinates": [[[-51.40905657417723, -30.047568275457046], [-51.40932606876246, -30.04729878087181], [-51.40905657417723, -30.04729878087181], [-51.40905657417723, -30.047568275457046]]]}, "properties": {"cultura": "Outras Lavouras Temporárias"}}, {"type": "Feature", "geometry": {"type": "Polygon", "coordinates": [[[-51.40905657417723, -30.047029286286573], [-51.40878707959199, -30.04729878087181], [-51.40905657417723, -30.04729878087181], [-51.40905657417723, -30.047029286286573]]]}, "properties": {"cultura": "Outras Lavouras Temporárias"}}, {"type": "Feature", "geometry": {"type": "Polygon", "coordinates": [[[-51.41390747671147, -30.045681813360396], [-51.414176971296705, -30.044873329604687], [-51.41390747671147, -30.044873329604687], [-51.41390747671147, -30.045681813360396]]]}, "properties": {"cultura": "Outras Lavouras Temporárias"}}, {"type": "Feature", "geometry": {"type": "Polygon", "coordinates": [[[-51.41390747671147, -30.044334340434215], [-51.41363798212623, -30.044873329604687], [-51.41390747671147, -30.044873329604687], [-51.41390747671147, -30.044334340434215]]]}, "properties": {"cultura": "Outras Lavouras Temporárias"}}, {"type": "Feature", "geometry": {"type": "Polygon", "coordinates": [[[-51.41552444422289, -30.042986867508038], [-51.416063433393354, -30.043256362093274], [-51.416063433393354, -30.042986867508038], [-51.41552444422289, -30.042986867508038]]]}, "properties": {"cultura": "Outras Lavouras Temporárias"}}, {"type": "Feature", "geometry": {"type": "Polygon", "coordinates": [[[-51.416332927978594, -30.042986867508038], [-51.416063433393354, -30.042447878337565], [-51.416063433393354, -30.042986867508038], [-51.416332927978594, -30.042986867508038]]]}, "properties": {"cultura": "Outras Lavouras Temporárias"}}, {"type": "Feature", "geometry": {"type": "Polygon", "coordinates": [[[-51.416332927978594, -30.04217838375233], [-51.41660242256383, -30.042447878337565], [-51.41660242256383, -30.04217838375233], [-51.416332927978594, -30.04217838375233]]]}, "properties": {"cultura": "Outras Lavouras Temporárias"}}, {"type": "Feature", "geometry": {"type": "Polygon", "coordinates": [[[-51.43034664641086, -30.041100405411385], [-51.43007715182562, -30.041639394581857], [-51.430616140996094, -30.041639394581857], [-51.43034664641086, -30.041100405411385]]]}, "properties": {"cultura": "Outras Lavouras Temporárias"}}, {"type": "Feature", "geometry": {"type": "Polygon", "coordinates": [[[-51.42953816265515, -30.04083091082615], [-51.42980765724039, -30.041100405411385], [-51.42980765724039, -30.04083091082615], [-51.42953816265515, -30.04083091082615]]]}, "properties": {"cultura": "Outras Lavouras Temporárias"}}, {"type": "Feature", "geometry": {"type": "Polygon", "coordinates": [[[-51.41660242256383, -30.040022427070443], [-51.41687191714907, -30.041639394581857], [-51.41687191714907, -30.040022427070443], [-51.41660242256383, -30.040022427070443]]]}, "properties": {"cultura": "Outras Lavouras Temporárias"}}, {"type": "Feature", "geometry": {"type": "Polygon", "coordinates": [[[-51.426573722217555, -30.040022427070443], [-51.42738220597327, -30.03948343789997], [-51.426573722217555, -30.03948343789997], [-51.426573722217555, -30.040022427070443]]]}, "properties": {"cultura": "Outras Lavouras Temporárias"}}, {"type": "Feature", "geometry": {"type": "Polygon", "coordinates": [[[-51.42792119514374, -30.03948343789997], [-51.42819068972897, -30.039752932485207], [-51.42819068972897, -30.03948343789997], [-51.42792119514374, -30.03948343789997]]]}, "properties": {"cultura": "Outras Lavouras Temporárias"}}, {"type": "Feature", "geometry": {"type": "Polygon", "coordinates": [[[-51.42603473304708, -30.039213943314735], [-51.426573722217555, -30.03948343789997], [-51.426573722217555, -30.039213943314735], [-51.42603473304708, -30.039213943314735]]]}, "properties": {"cultura": "Outras Lavouras Temporárias"}}, {"type": "Feature", "geometry": {"type": "Polygon", "coordinates": [[[-51.426843216802794, -30.039213943314735], [-51.42738220597327, -30.039213943314735], [-51.42738220597327, -30.03948343789997], [-51.42792119514374, -30.03948343789997], [-51.4276517005585, -30.0389444487295], [-51.426843216802794, -30.039213943314735]]]}, "properties": {"cultura": "Outras Lavouras Temporárias"}}, {"type": "Feature", "geometry": {"type": "Polygon", "coordinates": [[[-51.4171414117343, -30.03813596497379], [-51.41687191714907, -30.039752932485207], [-51.41768040090477, -30.040022427070443], [-51.4171414117343, -30.0389444487295], [-51.4171414117343, -30.03813596497379]]]}, "properties": {"cultura": "Outras Lavouras Temporárias"}}, {"type": "Feature", "geometry": {"type": "Polygon", "coordinates": [[[-51.42549574387661, -30.039213943314735], [-51.42603473304708, -30.039213943314735], [-51.42603473304708, -30.0389444487295], [-51.42549574387661, -30.0389444487295], [-51.42549574387661, -30.039213943314735]]]}, "properties": {"cultura": "Outras Lavouras Temporárias"}}, {"type": "Feature", "geometry": {"type": "Polygon", "coordinates": [[[-51.42630422763232, -30.0389444487295], [-51.426573722217555, -30.038674954144263], [-51.42630422763232, -30.038674954144263], [-51.42630422763232, -30.0389444487295]]]}, "properties": {"cultura": "Outras Lavouras Temporárias"}}, {"type": "Feature", "geometry": {"type": "Polygon", "coordinates": [[[-51.42630422763232, -30.038674954144263], [-51.42603473304708, -30.03813596497379], [-51.42549574387661, -30.03813596497379], [-51.42630422763232, -30.038674954144263]]]}, "properties": {"cultura": "Outras Lavouras Temporárias"}}, {"type": "Feature", "geometry": {"type": "Polygon", "coordinates": [[[-51.40932606876246, -30.037596975803318], [-51.40905657417723, -30.03813596497379], [-51.40986505793293, -30.03813596497379], [-51.40932606876246, -30.037596975803318]]]}, "properties": {"cultura": "Outras Lavouras Temporárias"}}, {"type": "Feature", "geometry": {"type": "Polygon", "coordinates": [[[-51.42307029260949, -30.03705798663285], [-51.42549574387661, -30.0389444487295], [-51.42307029260949, -30.036518997462377], [-51.42307029260949, -30.03705798663285]]]}, "properties": {"cultura": "Outras Lavouras Temporárias"}}, {"type": "Feature", "geometry": {"type": "Polygon", "coordinates": [[[-51.43034664641086, -30.036788492047613], [-51.43034664641086, -30.036518997462377], [-51.43007715182562, -30.036518997462377], [-51.43007715182562, -30.036788492047613], [-51.43034664641086, -30.036788492047613]]]}, "properties": {"cultura": "Outras Lavouras Temporárias"}}, {"type": "Feature", "geometry": {"type": "Polygon", "coordinates": [[[-51.43007715182562, -30.03624950287714], [-51.42980765724039, -30.036518997462377], [-51.43007715182562, -30.036518997462377], [-51.43007715182562, -30.03624950287714]]]}, "properties": {"cultura": "Outras Lavouras Temporárias"}}, {"type": "Feature", "geometry": {"type": "Polygon", "coordinates": [[[-51.4238787763652, -30.035980008291904], [-51.42360928177996, -30.036518997462377], [-51.4238787763652, -30.036518997462377], [-51.4238787763652, -30.035980008291904]]]}, "properties": {"cultura": "Outras Lavouras Temporárias"}}, {"type": "Feature", "geometry": {"type": "Polygon", "coordinates": [[[-51.4238787763652, -30.035980008291904], [-51.42414827095043, -30.035441019121432], [-51.4238787763652, -30.035441019121432], [-51.4238787763652, -30.035980008291904]]]}, "properties": {"cultura": "Outras Lavouras Temporárias"}}, {"type": "Feature", "geometry": {"type": "Polygon", "coordinates": [[[-51.4238787763652, -30.035171524536196], [-51.42333978719473, -30.035441019121432], [-51.4238787763652, -30.035441019121432], [-51.4238787763652, -30.035171524536196]]]}, "properties": {"cultura": "Outras Lavouras Temporárias"}}, {"type": "Feature", "geometry": {"type": "Polygon", "coordinates": [[[-51.42980765724039, -30.03490202995096], [-51.43007715182562, -30.035171524536196], [-51.43007715182562, -30.03490202995096], [-51.42980765724039, -30.03490202995096]]]}, "properties": {"cultura": "Outras Lavouras Temporárias"}}, {"type": "Feature", "geometry": {"type": "Polygon", "coordinates": [[[-51.43007715182562, -30.034093546195255], [-51.43034664641086, -30.034363040780487], [-51.43034664641086, -30.034093546195255], [-51.43007715182562, -30.034093546195255]]]}, "properties": {"cultura": "Outras Lavouras Temporárias"}}, {"type": "Feature", "geometry": {"type": "Polygon", "coordinates": [[[-51.42414827095043, -30.034093546195255], [-51.424687260120905, -30.034363040780487], [-51.42414827095043, -30.033554557024782], [-51.42414827095043, -30.034093546195255]]]}, "properties": {"cultura": "Outras Lavouras Temporárias"}}, {"type": "Feature", "geometry": {"type": "Polygon", "coordinates": [[[-51.42414827095043, -30.033285062439546], [-51.4238787763652, -30.033554557024782], [-51.42414827095043, -30.033554557024782], [-51.42414827095043, -30.033285062439546]]]}, "properties": {"cultura": "Outras Lavouras Temporárias"}}, {"type": "Feature", "geometry": {"type": "Polygon", "coordinates": [[[-51.42360928177996, -30.03301556785431], [-51.4238787763652, -30.033285062439546], [-51.4238787763652, -30.03301556785431], [-51.42360928177996, -30.03301556785431]]]}, "properties": {"cultura": "Outras Lavouras Temporárias"}}, {"type": "Feature", "geometry": {"type": "Polygon", "coordinates": [[[-51.42630422763232, -30.030320622001952], [-51.426573722217555, -30.030590116587188], [-51.426573722217555, -30.030320622001952], [-51.42630422763232, -30.030320622001952]]]}, "properties": {"cultura": "Outras Lavouras Temporárias"}}, {"type": "Feature", "geometry": {"type": "Polygon", "coordinates": [[[-51.42603473304708, -30.029512138246243], [-51.42630422763232, -30.029242643661007], [-51.42603473304708, -30.029242643661007], [-51.42603473304708, -30.029512138246243]]]}, "properties": {"cultura": "Outras Lavouras Temporárias"}}, {"type": "Feature", "geometry": {"type": "Polygon", "coordinates": [[[-51.42360928177996, -30.024930730297235], [-51.42549574387661, -30.026817192393885], [-51.424687260120905, -30.027356181564357], [-51.42360928177996, -30.02654769780865], [-51.42360928177996, -30.02789517073483], [-51.422800798024255, -30.027356181564357], [-51.420914335927606, -30.030051127416716], [-51.422800798024255, -30.03301556785431], [-51.42360928177996, -30.03301556785431], [-51.42360928177996, -30.032746073269074], [-51.422531303439015, -30.031398600342893], [-51.42711271138803, -30.03112910575766], [-51.42603473304708, -30.030859611172424], [-51.42603473304708, -30.030320622001952], [-51.42630422763232, -30.030320622001952], [-51.42630422763232, -30.02978163283148], [-51.424956754706145, -30.029242643661007], [-51.42603473304708, -30.02897314907577], [-51.42711271138803, -30.029242643661007], [-51.42738220597327, -30.030051127416716], [-51.426573722217555, -30.030320622001952], [-51.42738220597327, -30.030859611172424], [-51.43034664641086, -30.030320622001952], [-51.428460184314204, -30.0284341599053], [-51.428729678899444, -30.026817192393885], [-51.4276517005585, -30.024661235712], [-51.42414827095043, -30.02385275195629], [-51.42360928177996, -30.024930730297235]], [[-51.42603473304708, -30.024391741126763], [-51.42576523846185, -30.024661235712], [-51.42576523846185, -30.024391741126763], [-51.42603473304708, -30.024391741126763]], [[-51.42603473304708, -30.024661235712], [-51.426573722217555, -30.02520022488247], [-51.42603473304708, -30.02520022488247], [-51.42603473304708, -30.024661235712]], [[-51.42792119514374, -30.027625676149594], [-51.426843216802794, -30.02708668697912], [-51.42819068972897, -30.02708668697912], [-51.42792119514374, -30.027625676149594]]]}, "properties": {"cultura": "Outras Lavouras Temporárias"}}, {"type": "Feature", "geometry": {"type": "Polygon", "coordinates": [[[-51.43088563558133, -30.007683076842138], [-51.43088563558133, -30.00956953893879], [-51.43034664641086, -30.00956953893879], [-51.43088563558133, -30.010378022694496], [-51.42953816265515, -30.01091701186497], [-51.430616140996094, -30.014420441473035], [-51.428729678899444, -30.013881452302563], [-51.428729678899444, -30.01226448479115], [-51.426573722217555, -30.016306903569685], [-51.424687260120905, -30.016306903569685], [-51.418758379245716, -30.0141509468878], [-51.418758379245716, -30.01819336566634], [-51.41794989549001, -30.01873235483681], [-51.418219390075244, -30.023044268200582], [-51.41768040090477, -30.021696795274405], [-51.41768040090477, -30.030590116587188], [-51.41687191714907, -30.031937589513365], [-51.42010585217189, -30.030320622001952], [-51.420914335927606, -30.0284341599053], [-51.420644841342366, -30.026278203223413], [-51.42172281968331, -30.02573921405294], [-51.42118383051284, -30.024122246541527], [-51.422531303439015, -30.022774773615346], [-51.42360928177996, -30.022774773615346], [-51.42441776553567, -30.021157806103933], [-51.424687260120905, -30.02250527903011], [-51.42630422763232, -30.02250527903011], [-51.42522624929138, -30.023044268200582], [-51.42576523846185, -30.02385275195629], [-51.42792119514374, -30.024122246541527], [-51.42980765724039, -30.0284341599053], [-51.43223310850751, -30.028703654490535], [-51.433041592263216, -30.029512138246243], [-51.43411957060416, -30.029512138246243], [-51.43438906518939, -30.02897314907577], [-51.43465855977463, -30.029512138246243], [-51.43465855977463, -30.028164665320066], [-51.43385007601893, -30.028164665320066], [-51.43438906518939, -30.02789517073483], [-51.43411957060416, -30.020888311518696], [-51.433041592263216, -30.020079827762988], [-51.43385007601893, -30.019001849422047], [-51.433311086848455, -30.01927134400728], [-51.433041592263216, -30.018462860251574], [-51.433041592263216, -30.01927134400728], [-51.43250260309274, -30.019540838592516], [-51.43088563558133, -30.01819336566634], [-51.43169411933704, -30.017654376495866], [-51.43223310850751, -30.01819336566634], [-51.43250260309274, -30.01738488191063], [-51.43196361392227, -30.017115387325394], [-51.43223310850751, -30.015228925228744], [-51.43088563558133, -30.014959430643508], [-51.4314246247518, -30.012803473961622], [-51.430616140996094, -30.012803473961622], [-51.430616140996094, -30.011994990205913], [-51.43088563558133, -30.012533979376386], [-51.433041592263216, -30.011994990205913], [-51.433041592263216, -30.011186506450205], [-51.43196361392227, -30.011186506450205], [-51.43250260309274, -30.007683076842138], [-51.43088563558133, -30.007683076842138]], [[-51.428729678899444, -30.013881452302563], [-51.428460184314204, -30.014420441473035], [-51.428460184314204, -30.013881452302563], [-51.428729678899444, -30.013881452302563]], [[-51.42899917348468, -30.014420441473035], [-51.428729678899444, -30.015767914399216], [-51.42819068972897, -30.015767914399216], [-51.42819068972897, -30.015228925228744], [-51.42899917348468, -30.014420441473035]], [[-51.428460184314204, -30.014959430643508], [-51.42792119514374, -30.01468993605827], [-51.428460184314204, -30.01468993605827], [-51.428460184314204, -30.014959430643508]], [[-51.42792119514374, -30.014959430643508], [-51.4276517005585, -30.015228925228744], [-51.4276517005585, -30.014959430643508], [-51.42792119514374, -30.014959430643508]], [[-51.42010585217189, -30.029242643661007], [-51.41983635758666, -30.0284341599053], [-51.42010585217189, -30.0284341599053], [-51.42010585217189, -30.029242643661007]], [[-51.42522624929138, -30.02142730068917], [-51.424956754706145, -30.01873235483681], [-51.42603473304708, -30.017923871081102], [-51.42738220597327, -30.01819336566634], [-51.42630422763232, -30.018462860251574], [-51.42576523846185, -30.020888311518696], [-51.42522624929138, -30.02142730068917]], [[-51.431155130166566, -30.019001849422047], [-51.43088563558133, -30.01927134400728], [-51.43088563558133, -30.019001849422047], [-51.431155130166566, -30.019001849422047]], [[-51.431155130166566, -30.01927134400728], [-51.43169411933704, -30.019540838592516], [-51.431155130166566, -30.019540838592516], [-51.431155130166566, -30.01927134400728]], [[-51.43169411933704, -30.019540838592516], [-51.43196361392227, -30.01981033317775], [-51.43169411933704, -30.01981033317775], [-51.43169411933704, -30.019540838592516]], [[-51.43277209767798, -30.01981033317775], [-51.43277209767798, -30.02061881693346], [-51.43385007601893, -30.021696795274405], [-51.43196361392227, -30.021157806103933], [-51.43196361392227, -30.01981033317775], [-51.43277209767798, -30.01981033317775]], [[-51.430616140996094, -30.017923871081102], [-51.43034664641086, -30.016306903569685], [-51.43088563558133, -30.016037408984452], [-51.4314246247518, -30.016845892740157], [-51.430616140996094, -30.017923871081102]], [[-51.43034664641086, -30.01657639815492], [-51.43007715182562, -30.017115387325394], [-51.43007715182562, -30.01657639815492], [-51.43034664641086, -30.01657639815492]], [[-51.43088563558133, -30.016037408984452], [-51.431155130166566, -30.015228925228744], [-51.431155130166566, -30.016037408984452], [-51.43088563558133, -30.016037408984452]], [[-51.43196361392227, -30.011186506450205], [-51.4314246247518, -30.01145600103544], [-51.4314246247518, -30.011186506450205], [-51.43196361392227, -30.011186506450205]], [[-51.429268668069916, -30.016845892740157], [-51.42980765724039, -30.01738488191063], [-51.429268668069916, -30.01738488191063], [-51.429268668069916, -30.016845892740157]], [[-51.429268668069916, -30.01738488191063], [-51.428729678899444, -30.017654376495866], [-51.428729678899444, -30.01738488191063], [-51.429268668069916, -30.01738488191063]], [[-51.429268668069916, -30.017654376495866], [-51.43007715182562, -30.017923871081102], [-51.429268668069916, -30.017923871081102], [-51.429268668069916, -30.017654376495866]], [[-51.42333978719473, -30.019540838592516], [-51.42414827095043, -30.019001849422047], [-51.42414827095043, -30.020079827762988], [-51.4238787763652, -30.019540838592516], [-51.42333978719473, -30.019540838592516]], [[-51.4238787763652, -30.020079827762988], [-51.42307029260949, -30.020349322348224], [-51.42307029260949, -30.01981033317775], [-51.4238787763652, -30.020079827762988]], [[-51.42899917348468, -30.01927134400728], [-51.428729678899444, -30.020079827762988], [-51.428460184314204, -30.01927134400728], [-51.42899917348468, -30.01927134400728]], [[-51.431155130166566, -30.020079827762988], [-51.43169411933704, -30.020349322348224], [-51.431155130166566, -30.020349322348224], [-51.431155130166566, -30.020079827762988]], [[-51.431155130166566, -30.020888311518696], [-51.428729678899444, -30.021157806103933], [-51.42819068972897, -30.02061881693346], [-51.431155130166566, -30.020349322348224], [-51.431155130166566, -30.020888311518696]], [[-51.43277209767798, -30.021696795274405], [-51.43223310850751, -30.022774773615346], [-51.430616140996094, -30.02250527903011], [-51.431155130166566, -30.02331376278582], [-51.43007715182562, -30.02331376278582], [-51.42980765724039, -30.02250527903011], [-51.43034664641086, -30.021157806103933], [-51.43277209767798, -30.021696795274405]]]}, "properties": {"cultura": "Outras Lavouras Temporárias"}}, {"type": "Feature", "geometry": {"type": "Polygon", "coordinates": [[[-51.418219390075244, -30.013611957717327], [-51.41848888466048, -30.015767914399216], [-51.41848888466048, -30.013611957717327], [-51.418219390075244, -30.013611957717327]]]}, "properties": {"cultura": "Outras Lavouras Temporárias"}}, {"type": "Feature", "geometry": {"type": "Polygon", "coordinates": [[[-51.41768040090477, -30.013611957717327], [-51.418219390075244, -30.013611957717327], [-51.418219390075244, -30.01334246313209], [-51.41660242256383, -30.012803473961622], [-51.41768040090477, -30.013611957717327]]]}, "properties": {"cultura": "Outras Lavouras Temporárias"}}, {"type": "Feature", "geometry": {"type": "Polygon", "coordinates": [[[-51.41848888466048, -30.01334246313209], [-51.418219390075244, -30.01226448479115], [-51.418219390075244, -30.01334246313209], [-51.41848888466048, -30.01334246313209]]]}, "properties": {"cultura": "Outras Lavouras Temporárias"}}, {"type": "Feature", "geometry": {"type": "Polygon", "coordinates": [[[-51.416063433393354, -30.012533979376386], [-51.41660242256383, -30.012803473961622], [-51.41660242256383, -30.012533979376386], [-51.416063433393354, -30.012533979376386]]]}, "properties": {"cultura": "Outras Lavouras Temporárias"}}, {"type": "Feature", "geometry": {"type": "Polygon", "coordinates": [[[-51.41552444422289, -30.012533979376386], [-51.416063433393354, -30.012533979376386], [-51.416063433393354, -30.01226448479115], [-51.41552444422289, -30.01226448479115], [-51.41552444422289, -30.012533979376386]]]}, "properties": {"cultura": "Outras Lavouras Temporárias"}}, {"type": "Feature", "geometry": {"type": "Polygon", "coordinates": [[[-51.428729678899444, -30.011725495620677], [-51.42899917348468, -30.01226448479115], [-51.42899917348468, -30.011725495620677], [-51.428729678899444, -30.011725495620677]]]}, "properties": {"cultura": "Outras Lavouras Temporárias"}}, {"type": "Feature", "geometry": {"type": "Polygon", "coordinates": [[[-51.41363798212623, -30.01145600103544], [-51.41202101461482, -30.010647517279732], [-51.412290509200055, -30.011186506450205], [-51.41363798212623, -30.01145600103544]]]}, "properties": {"cultura": "Outras Lavouras Temporárias"}}, {"type": "Feature", "geometry": {"type": "Polygon", "coordinates": [[[-51.41202101461482, -30.010378022694496], [-51.41121253085911, -30.010647517279732], [-51.41202101461482, -30.010647517279732], [-51.41202101461482, -30.010378022694496]]]}, "properties": {"cultura": "Outras Lavouras Temporárias"}}, {"type": "Feature", "geometry": {"type": "Polygon", "coordinates": [[[-51.41067354168864, -30.010378022694496], [-51.41094303627388, -30.010108528109264], [-51.41067354168864, -30.010108528109264], [-51.41067354168864, -30.010378022694496]]]}, "properties": {"cultura": "Outras Lavouras Temporárias"}}, {"type": "Feature", "geometry": {"type": "Polygon", "coordinates": [[[-51.41067354168864, -30.00956953893879], [-51.410404047103405, -30.010108528109264], [-51.41067354168864, -30.010108528109264], [-51.41067354168864, -30.00956953893879]]]}, "properties": {"cultura": "Outras Lavouras Temporárias"}}, {"type": "Feature", "geometry": {"type": "Polygon", "coordinates": [[[-51.41067354168864, -30.00903054976832], [-51.41094303627388, -30.00956953893879], [-51.41094303627388, -30.00903054976832], [-51.41067354168864, -30.00903054976832]]]}, "properties": {"cultura": "Outras Lavouras Temporárias"}}, {"type": "Feature", "geometry": {"type": "Polygon", "coordinates": [[[-51.41121253085911, -30.00903054976832], [-51.41094303627388, -30.008761055183083], [-51.41094303627388, -30.00903054976832], [-51.41121253085911, -30.00903054976832]]]}, "properties": {"cultura": "Outras Lavouras Temporárias"}}, {"type": "Feature", "geometry": {"type": "Polygon", "coordinates": [[[-51.41148202544435, -30.00822206601261], [-51.41121253085911, -30.008761055183083], [-51.41202101461482, -30.00822206601261], [-51.41148202544435, -30.00822206601261]]]}, "properties": {"cultura": "Outras Lavouras Temporárias"}}, {"type": "Feature", "geometry": {"type": "Polygon", "coordinates": [[[-51.41848888466048, -30.006874593086433], [-51.418758379245716, -30.00956953893879], [-51.418758379245716, -30.006874593086433], [-51.41848888466048, -30.006874593086433]]]}, "properties": {"cultura": "Outras Lavouras Temporárias"}}, {"type": "Feature", "geometry": {"type": "Polygon", "coordinates": [[[-51.412290509200055, -30.007413582256902], [-51.412560003785295, -30.007952571427374], [-51.413368487541, -30.006874593086433], [-51.412290509200055, -30.007413582256902]]]}, "properties": {"cultura": "Outras Lavouras Temporárias"}}, {"type": "Feature", "geometry": {"type": "Polygon", "coordinates": [[[-51.413368487541, -30.006874593086433], [-51.414176971296705, -30.006066109330725], [-51.41363798212623, -30.006066109330725], [-51.413368487541, -30.006874593086433]]]}, "properties": {"cultura": "Outras Lavouras Temporárias"}}, {"type": "Feature", "geometry": {"type": "Polygon", "coordinates": [[[-51.414446465881944, -30.006066109330725], [-51.41498545505242, -30.00498813098978], [-51.414176971296705, -30.006066109330725], [-51.414446465881944, -30.006066109330725]]]}, "properties": {"cultura": "Outras Lavouras Temporárias"}}, {"type": "Feature", "geometry": {"type": "Polygon", "coordinates": [[[-51.4171414117343, -30.00498813098978], [-51.418758379245716, -30.005257625575016], [-51.418758379245716, -30.00498813098978], [-51.4171414117343, -30.00498813098978]]]}, "properties": {"cultura": "Outras Lavouras Temporárias"}}, {"type": "Feature", "geometry": {"type": "Polygon", "coordinates": [[[-51.41552444422289, -30.004718636404544], [-51.41579393880812, -30.00498813098978], [-51.41579393880812, -30.004718636404544], [-51.41552444422289, -30.004718636404544]]]}, "properties": {"cultura": "Outras Lavouras Temporárias"}}, {"type": "Feature", "geometry": {"type": "Polygon", "coordinates": [[[-51.41552444422289, -30.004718636404544], [-51.416063433393354, -30.003371163478366], [-51.41498545505242, -30.00498813098978], [-51.41552444422289, -30.004718636404544]]]}, "properties": {"cultura": "Outras Lavouras Temporárias"}}, {"type": "Feature", "geometry": {"type": "Polygon", "coordinates": [[[-51.418758379245716, -30.001215206796477], [-51.41902787383095, -30.004449141819308], [-51.41902787383095, -30.001215206796477], [-51.418758379245716, -30.001215206796477]]]}, "properties": {"cultura": "Outras Lavouras Temporárias"}}, {"type": "Feature", "geometry": {"type": "Polygon", "coordinates": [[[-51.416063433393354, -30.003371163478366], [-51.41687191714907, -30.002562679722658], [-51.4171414117343, -30.00175419596695], [-51.41660242256383, -30.00175419596695], [-51.416063433393354, -30.003371163478366]]]}, "properties": {"cultura": "Outras Lavouras Temporárias"}}, {"type": "Feature", "geometry": {"type": "Polygon", "coordinates": [[[-51.41471596046718, -30.00067621762601], [-51.41498545505242, -30.001484701381713], [-51.41498545505242, -30.00067621762601], [-51.41471596046718, -30.00067621762601]]]}, "properties": {"cultura": "Outras Lavouras Temporárias"}}, {"type": "Feature", "geometry": {"type": "Polygon", "coordinates": [[[-51.41794989549001, -30.000945712211244], [-51.4171414117343, -29.9998677338703], [-51.4171414117343, -30.00175419596695], [-51.41794989549001, -30.000945712211244]]]}, "properties": {"cultura": "Outras Lavouras Temporárias"}}, {"type": "Feature", "geometry": {"type": "Polygon", "coordinates": [[[-51.4171414117343, -29.999328744699827], [-51.41687191714907, -29.9998677338703], [-51.4171414117343, -29.9998677338703], [-51.4171414117343, -29.999328744699827]]]}, "properties": {"cultura": "Outras Lavouras Temporárias"}}, {"type": "Feature", "geometry": {"type": "Polygon", "coordinates": [[[-51.41498545505242, -29.998250766358883], [-51.41498545505242, -29.999328744699827], [-51.41525494963765, -30.00067621762601], [-51.41498545505242, -29.998250766358883]]]}, "properties": {"cultura": "Outras Lavouras Temporárias"}}, {"type": "Feature", "geometry": {"type": "Polygon", "coordinates": [[[-51.42360928177996, -29.99905925011459], [-51.42441776553567, -29.999328744699827], [-51.42441776553567, -29.99905925011459], [-51.42360928177996, -29.99905925011459]]]}, "properties": {"cultura": "Outras Lavouras Temporárias"}}, {"type": "Feature", "geometry": {"type": "Polygon", "coordinates": [[[-51.42333978719473, -29.99905925011459], [-51.42360928177996, -29.99905925011459], [-51.42360928177996, -29.998789755529355], [-51.42333978719473, -29.998789755529355], [-51.42333978719473, -29.99905925011459]]]}, "properties": {"cultura": "Outras Lavouras Temporárias"}}, {"type": "Feature", "geometry": {"type": "Polygon", "coordinates": [[[-51.41660242256383, -29.998250766358883], [-51.41687191714907, -29.999328744699827], [-51.41687191714907, -29.998250766358883], [-51.41660242256383, -29.998250766358883]]]}, "properties": {"cultura": "Outras Lavouras Temporárias"}}, {"type": "Feature", "geometry": {"type": "Polygon", "coordinates": [[[-51.42307029260949, -29.998789755529355], [-51.42333978719473, -29.99852026094412], [-51.42307029260949, -29.99852026094412], [-51.42307029260949, -29.998789755529355]]]}, "properties": {"cultura": "Outras Lavouras Temporárias"}}, {"type": "Feature", "geometry": {"type": "Polygon", "coordinates": [[[-51.42307029260949, -29.998250766358883], [-51.422800798024255, -29.99852026094412], [-51.42307029260949, -29.99852026094412], [-51.42307029260949, -29.998250766358883]]]}, "properties": {"cultura": "Outras Lavouras Temporárias"}}, {"type": "Feature", "geometry": {"type": "Polygon", "coordinates": [[[-51.41902787383095, -29.99717278801794], [-51.41929736841619, -29.999328744699827], [-51.41929736841619, -29.99717278801794], [-51.41902787383095, -29.99717278801794]]]}, "properties": {"cultura": "Outras Lavouras Temporárias"}}, {"type": "Feature", "geometry": {"type": "Polygon", "coordinates": [[[-51.416332927978594, -29.998250766358883], [-51.41660242256383, -29.998250766358883], [-51.41660242256383, -29.997711777188414], [-51.416332927978594, -29.997711777188414], [-51.416332927978594, -29.998250766358883]]]}, "properties": {"cultura": "Outras Lavouras Temporárias"}}, {"type": "Feature", "geometry": {"type": "Polygon", "coordinates": [[[-51.41983635758666, -29.99717278801794], [-51.41956686300142, -29.99852026094412], [-51.41983635758666, -29.99852026094412], [-51.41983635758666, -29.99717278801794]]]}, "properties": {"cultura": "Outras Lavouras Temporárias"}}, {"type": "Feature", "geometry": {"type": "Polygon", "coordinates": [[[-51.422531303439015, -29.99798127177365], [-51.42226180885378, -29.996903293432705], [-51.42145332509808, -29.996903293432705], [-51.422531303439015, -29.99798127177365]]]}, "properties": {"cultura": "Outras Lavouras Temporárias"}}, {"type": "Feature", "geometry": {"type": "Polygon", "coordinates": [[[-51.4276517005585, -29.996903293432705], [-51.428729678899444, -29.99717278801794], [-51.428729678899444, -29.996903293432705], [-51.4276517005585, -29.996903293432705]]]}, "properties": {"cultura": "Outras Lavouras Temporárias"}}, {"type": "Feature", "geometry": {"type": "Polygon", "coordinates": [[[-51.42118383051284, -29.996903293432705], [-51.42145332509808, -29.99663379884747], [-51.42118383051284, -29.99663379884747], [-51.42118383051284, -29.996903293432705]]]}, "properties": {"cultura": "Outras Lavouras Temporárias"}}, {"type": "Feature", "geometry": {"type": "Polygon", "coordinates": [[[-51.42118383051284, -29.99663379884747], [-51.420914335927606, -29.996094809676997], [-51.41983635758666, -29.99582531509176], [-51.41983635758666, -29.996364304262233], [-51.42118383051284, -29.99663379884747]]]}, "properties": {"cultura": "Outras Lavouras Temporárias"}}, {"type": "Feature", "geometry": {"type": "Polygon", "coordinates": [[[-51.41660242256383, -29.994477842165583], [-51.41687191714907, -29.994208347580347], [-51.41660242256383, -29.994208347580347], [-51.41660242256383, -29.994477842165583]]]}, "properties": {"cultura": "Outras Lavouras Temporárias"}}, {"type": "Feature", "geometry": {"type": "Polygon", "coordinates": [[[-51.41660242256383, -29.994208347580347], [-51.416332927978594, -29.993669358409875], [-51.41552444422289, -29.993669358409875], [-51.41660242256383, -29.994208347580347]]]}, "properties": {"cultura": "Outras Lavouras Temporárias"}}, {"type": "Feature", "geometry": {"type": "Polygon", "coordinates": [[[-51.387497007358355, -30.097694268310914], [-51.38830549111407, -30.097694268310914], [-51.38830549111407, -30.097155279140445], [-51.387766501943595, -30.097155279140445], [-51.387497007358355, -30.097694268310914]]]}, "properties": {"cultura": "Outras Lavouras Temporárias"}}, {"type": "Feature", "geometry": {"type": "Polygon", "coordinates": [[[-51.39288689906307, -30.09688578455521], [-51.39315639364831, -30.097155279140445], [-51.39315639364831, -30.09688578455521], [-51.39288689906307, -30.09688578455521]]]}, "properties": {"cultura": "Outras Lavouras Temporárias"}}, {"type": "Feature", "geometry": {"type": "Polygon", "coordinates": [[[-51.39288689906307, -30.09688578455521], [-51.39288689906307, -30.096616289969973], [-51.3923479098926, -30.096616289969973], [-51.3923479098926, -30.09688578455521], [-51.39288689906307, -30.09688578455521]]]}, "properties": {"cultura": "Outras Lavouras Temporárias"}}, {"type": "Feature", "geometry": {"type": "Polygon", "coordinates": [[[-51.3923479098926, -30.096346795384736], [-51.39180892072213, -30.096616289969973], [-51.3923479098926, -30.096616289969973], [-51.3923479098926, -30.096346795384736]]]}, "properties": {"cultura": "Outras Lavouras Temporárias"}}, {"type": "Feature", "geometry": {"type": "Polygon", "coordinates": [[[-51.406361628324866, -30.095538311629028], [-51.40501415539869, -30.096346795384736], [-51.406361628324866, -30.096346795384736], [-51.406361628324866, -30.095538311629028]]]}, "properties": {"cultura": "Outras Lavouras Temporárias"}}, {"type": "Feature", "geometry": {"type": "Polygon", "coordinates": [[[-51.381029137312694, -30.095807806214264], [-51.38210711565364, -30.0960773007995], [-51.38210711565364, -30.095807806214264], [-51.381029137312694, -30.095807806214264]]]}, "properties": {"cultura": "Outras Lavouras Temporárias"}}, {"type": "Feature", "geometry": {"type": "Polygon", "coordinates": [[[-51.38803599652883, -30.095538311629028], [-51.387497007358355, -30.095538311629028], [-51.38668852360265, -30.094999322458555], [-51.38695801818788, -30.096346795384736], [-51.38803599652883, -30.095538311629028]]]}, "properties": {"cultura": "Outras Lavouras Temporárias"}}, {"type": "Feature", "geometry": {"type": "Polygon", "coordinates": [[[-51.38210711565364, -30.095538311629028], [-51.38237661023888, -30.095807806214264], [-51.38237661023888, -30.095538311629028], [-51.38210711565364, -30.095538311629028]]]}, "properties": {"cultura": "Outras Lavouras Temporárias"}}, {"type": "Feature", "geometry": {"type": "Polygon", "coordinates": [[[-51.38884448028453, -30.09526881704379], [-51.38803599652883, -30.095538311629028], [-51.38884448028453, -30.095538311629028], [-51.38884448028453, -30.09526881704379]]]}, "properties": {"cultura": "Outras Lavouras Temporárias"}}, {"type": "Feature", "geometry": {"type": "Polygon", "coordinates": [[[-51.37563924560798, -30.094460333288087], [-51.37590874019322, -30.09472982787332], [-51.37590874019322, -30.094460333288087], [-51.37563924560798, -30.094460333288087]]]}, "properties": {"cultura": "Outras Lavouras Temporárias"}}, {"type": "Feature", "geometry": {"type": "Polygon", "coordinates": [[[-51.38830549111407, -30.09472982787332], [-51.387766501943595, -30.093651849532378], [-51.38695801818788, -30.09419083870285], [-51.38830549111407, -30.09472982787332]]]}, "properties": {"cultura": "Outras Lavouras Temporárias"}}, {"type": "Feature", "geometry": {"type": "Polygon", "coordinates": [[[-51.37968166438652, -30.093382354947142], [-51.379142675216045, -30.093651849532378], [-51.37968166438652, -30.093651849532378], [-51.37968166438652, -30.093382354947142]]]}, "properties": {"cultura": "Outras Lavouras Temporárias"}}, {"type": "Feature", "geometry": {"type": "Polygon", "coordinates": [[[-51.376986718534155, -30.09284336577667], [-51.37213581599991, -30.095538311629028], [-51.37294429975562, -30.09688578455521], [-51.37968166438652, -30.097155279140445], [-51.38075964272746, -30.0960773007995], [-51.38075964272746, -30.093112860361906], [-51.385610545261706, -30.093382354947142], [-51.385610545261706, -30.09284336577667], [-51.38534105067647, -30.093112860361906], [-51.383724083165056, -30.09284336577667], [-51.38507155609123, -30.09284336577667], [-51.38588003984694, -30.089339936168603], [-51.37833419146034, -30.09203488202096], [-51.3780646968751, -30.09284336577667], [-51.37968166438652, -30.09284336577667], [-51.37995115897175, -30.093382354947142], [-51.37968166438652, -30.093921344117614], [-51.376986718534155, -30.09284336577667]], [[-51.37617823477845, -30.093651849532378], [-51.376986718534155, -30.09419083870285], [-51.37617823477845, -30.093921344117614], [-51.37617823477845, -30.093651849532378]], [[-51.37671722394892, -30.09419083870285], [-51.37644772936369, -30.094460333288087], [-51.37644772936369, -30.09419083870285], [-51.37671722394892, -30.09419083870285]], [[-51.37590874019322, -30.093921344117614], [-51.37617823477845, -30.09472982787332], [-51.375100256437506, -30.094999322458555], [-51.37483076185227, -30.094460333288087], [-51.37590874019322, -30.093921344117614]], [[-51.381298631897934, -30.091495892850492], [-51.38210711565364, -30.091495892850492], [-51.38210711565364, -30.091765387435725], [-51.381298631897934, -30.092304376606197], [-51.381298631897934, -30.091495892850492]], [[-51.38156812648317, -30.092304376606197], [-51.38183762106841, -30.09284336577667], [-51.38156812648317, -30.09284336577667], [-51.38156812648317, -30.092304376606197]], [[-51.37995115897175, -30.094999322458555], [-51.37860368604557, -30.096346795384736], [-51.37860368604557, -30.095538311629028], [-51.37995115897175, -30.094999322458555]], [[-51.37860368604557, -30.095538311629028], [-51.37833419146034, -30.09526881704379], [-51.37860368604557, -30.09526881704379], [-51.37860368604557, -30.095538311629028]]]}, "properties": {"cultura": "Outras Lavouras Temporárias"}}, {"type": "Feature", "geometry": {"type": "Polygon", "coordinates": [[[-51.38453256692076, -30.089070441583367], [-51.384802061506, -30.089339936168603], [-51.384802061506, -30.089070441583367], [-51.38453256692076, -30.089070441583367]]]}, "properties": {"cultura": "Outras Lavouras Temporárias"}}, {"type": "Feature", "geometry": {"type": "Polygon", "coordinates": [[[-51.37294429975562, -30.08826195782766], [-51.37294429975562, -30.08880094699813], [-51.373213794340856, -30.08960943075384], [-51.37294429975562, -30.08826195782766]]]}, "properties": {"cultura": "Outras Lavouras Temporárias"}}, {"type": "Feature", "geometry": {"type": "Polygon", "coordinates": [[[-51.37240531058515, -30.08772296865719], [-51.372674805170384, -30.08826195782766], [-51.372674805170384, -30.08772296865719], [-51.37240531058515, -30.08772296865719]]]}, "properties": {"cultura": "Outras Lavouras Temporárias"}}, {"type": "Feature", "geometry": {"type": "Polygon", "coordinates": [[[-51.38668852360265, -30.079907625685347], [-51.38695801818788, -30.080177120270584], [-51.38695801818788, -30.079907625685347], [-51.38668852360265, -30.079907625685347]]]}, "properties": {"cultura": "Outras Lavouras Temporárias"}}, {"type": "Feature", "geometry": {"type": "Polygon", "coordinates": [[[-51.38668852360265, -30.079907625685347], [-51.38668852360265, -30.07936863651488], [-51.38641902901741, -30.07936863651488], [-51.38641902901741, -30.079907625685347], [-51.38668852360265, -30.079907625685347]]]}, "properties": {"cultura": "Outras Lavouras Temporárias"}}, {"type": "Feature", "geometry": {"type": "Polygon", "coordinates": [[[-51.38641902901741, -30.079099141929643], [-51.38614953443218, -30.07936863651488], [-51.38641902901741, -30.07936863651488], [-51.38641902901741, -30.079099141929643]]]}, "properties": {"cultura": "Outras Lavouras Temporárias"}}, {"type": "Feature", "geometry": {"type": "Polygon", "coordinates": [[[-51.38614953443218, -30.079099141929643], [-51.38614953443218, -30.07856015275917], [-51.38534105067647, -30.07856015275917], [-51.38534105067647, -30.078829647344406], [-51.38614953443218, -30.079099141929643]]]}, "properties": {"cultura": "Outras Lavouras Temporárias"}}, {"type": "Feature", "geometry": {"type": "Polygon", "coordinates": [[[-51.38534105067647, -30.078290658173934], [-51.384802061506, -30.07856015275917], [-51.38534105067647, -30.07856015275917], [-51.38534105067647, -30.078290658173934]]]}, "properties": {"cultura": "Outras Lavouras Temporárias"}}, {"type": "Feature", "geometry": {"type": "Polygon", "coordinates": [[[-51.38453256692076, -30.078021163588698], [-51.384802061506, -30.078290658173934], [-51.384802061506, -30.078021163588698], [-51.38453256692076, -30.078021163588698]]]}, "properties": {"cultura": "Outras Lavouras Temporárias"}}, {"type": "Feature", "geometry": {"type": "Polygon", "coordinates": [[[-51.389383469455005, -30.06939733686115], [-51.38911397486977, -30.069936326031623], [-51.39046144779595, -30.06939733686115], [-51.389383469455005, -30.06939733686115]]]}, "properties": {"cultura": "Outras Lavouras Temporárias"}}, {"type": "Feature", "geometry": {"type": "Polygon", "coordinates": [[[-51.381029137312694, -30.065624412667848], [-51.38049014814222, -30.065893907253084], [-51.381029137312694, -30.065893907253084], [-51.381029137312694, -30.065624412667848]]]}, "properties": {"cultura": "Outras Lavouras Temporárias"}}, {"type": "Feature", "geometry": {"type": "Polygon", "coordinates": [[[-51.381029137312694, -30.065354918082612], [-51.38156812648317, -30.065624412667848], [-51.38156812648317, -30.065354918082612], [-51.381029137312694, -30.065354918082612]]]}, "properties": {"cultura": "Outras Lavouras Temporárias"}}, {"type": "Feature", "geometry": {"type": "Polygon", "coordinates": [[[-51.38183762106841, -30.065354918082612], [-51.38156812648317, -30.065085423497376], [-51.38156812648317, -30.065354918082612], [-51.38183762106841, -30.065354918082612]]]}, "properties": {"cultura": "Outras Lavouras Temporárias"}}, {"type": "Feature", "geometry": {"type": "Polygon", "coordinates": [[[-51.384802061506, -30.064007445156435], [-51.38534105067647, -30.06427693974167], [-51.38534105067647, -30.064007445156435], [-51.384802061506, -30.064007445156435]]]}, "properties": {"cultura": "Outras Lavouras Temporárias"}}, {"type": "Feature", "geometry": {"type": "Polygon", "coordinates": [[[-51.38588003984694, -30.064007445156435], [-51.38534105067647, -30.0637379505712], [-51.38534105067647, -30.064007445156435], [-51.38588003984694, -30.064007445156435]]]}, "properties": {"cultura": "Outras Lavouras Temporárias"}}, {"type": "Feature", "geometry": {"type": "Polygon", "coordinates": [[[-51.38588003984694, -30.063468455985962], [-51.38641902901741, -30.0637379505712], [-51.38641902901741, -30.063468455985962], [-51.38588003984694, -30.063468455985962]]]}, "properties": {"cultura": "Outras Lavouras Temporárias"}}, {"type": "Feature", "geometry": {"type": "Polygon", "coordinates": [[[-51.38884448028453, -30.062659972230254], [-51.38911397486977, -30.063468455985962], [-51.38911397486977, -30.062659972230254], [-51.38884448028453, -30.062659972230254]]]}, "properties": {"cultura": "Outras Lavouras Temporárias"}}, {"type": "Feature", "geometry": {"type": "Polygon", "coordinates": [[[-51.40097173662015, -30.062659972230254], [-51.406092133739634, -30.064546434326903], [-51.41148202544435, -30.067241380179265], [-51.41390747671147, -30.06212098305978], [-51.398007296182556, -30.058348058866482], [-51.399893758279205, -30.059965026377895], [-51.39962426369397, -30.06158199388931], [-51.402049714961095, -30.06158199388931], [-51.40097173662015, -30.062659972230254]], [[-51.402049714961095, -30.061851488474545], [-51.40231920954633, -30.06212098305978], [-51.402049714961095, -30.06212098305978], [-51.402049714961095, -30.061851488474545]]]}, "properties": {"cultura": "Outras Lavouras Temporárias"}}, {"type": "Feature", "geometry": {"type": "Polygon", "coordinates": [[[-51.3885749856993, -30.062659972230254], [-51.38884448028453, -30.062659972230254], [-51.38884448028453, -30.062390477645017], [-51.3885749856993, -30.062390477645017], [-51.3885749856993, -30.062659972230254]]]}, "properties": {"cultura": "Outras Lavouras Temporárias"}}, {"type": "Feature", "geometry": {"type": "Polygon", "coordinates": [[[-51.38884448028453, -30.06212098305978], [-51.38911397486977, -30.062390477645017], [-51.38911397486977, -30.06212098305978], [-51.38884448028453, -30.06212098305978]]]}, "properties": {"cultura": "Outras Lavouras Temporárias"}}, {"type": "Feature", "geometry": {"type": "Polygon", "coordinates": [[[-51.403936177057744, -30.055383618428884], [-51.40501415539869, -30.05565311301412], [-51.40501415539869, -30.05511412384365], [-51.403936177057744, -30.055383618428884]]]}, "properties": {"cultura": "Outras Lavouras Temporárias"}}, {"type": "Feature", "geometry": {"type": "Polygon", "coordinates": [[[-51.40339718788727, -30.055383618428884], [-51.40366668247251, -30.05511412384365], [-51.40339718788727, -30.05511412384365], [-51.40339718788727, -30.055383618428884]]]}, "properties": {"cultura": "Outras Lavouras Temporárias"}}, {"type": "Feature", "geometry": {"type": "Polygon", "coordinates": [[[-51.40339718788727, -30.054844629258415], [-51.40312769330204, -30.05511412384365], [-51.40339718788727, -30.05511412384365], [-51.40339718788727, -30.054844629258415]]]}, "properties": {"cultura": "Outras Lavouras Temporárias"}}, {"type": "Feature", "geometry": {"type": "Polygon", "coordinates": [[[-51.40339718788727, -30.054305640087943], [-51.399893758279205, -30.054844629258415], [-51.40339718788727, -30.05457513467318], [-51.40339718788727, -30.054305640087943]]]}, "properties": {"cultura": "Outras Lavouras Temporárias"}}, {"type": "Feature", "geometry": {"type": "Polygon", "coordinates": [[[-51.399893758279205, -30.054305640087943], [-51.39962426369397, -30.05457513467318], [-51.399893758279205, -30.05457513467318], [-51.399893758279205, -30.054305640087943]]]}, "properties": {"cultura": "Outras Lavouras Temporárias"}}, {"type": "Feature", "geometry": {"type": "Polygon", "coordinates": [[[-51.39962426369397, -30.054036145502707], [-51.39881577993826, -30.054305640087943], [-51.39962426369397, -30.054305640087943], [-51.39962426369397, -30.054036145502707]]]}, "properties": {"cultura": "Outras Lavouras Temporárias"}}, {"type": "Feature", "geometry": {"type": "Polygon", "coordinates": [[[-51.391539426136895, -30.05241917799129], [-51.39100043696642, -30.05134119965035], [-51.39073094238119, -30.05188018882082], [-51.391539426136895, -30.05241917799129]]]}, "properties": {"cultura": "Outras Lavouras Temporárias"}}, {"type": "Feature", "geometry": {"type": "Polygon", "coordinates": [[[-51.39261740447784, -30.049993726724168], [-51.3923479098926, -30.05053271589464], [-51.39315639364831, -30.050802210479876], [-51.39315639364831, -30.05053271589464], [-51.39261740447784, -30.049993726724168]]]}, "properties": {"cultura": "Outras Lavouras Temporárias"}}, {"type": "Feature", "geometry": {"type": "Polygon", "coordinates": [[[-51.37213581599991, -30.049454737553695], [-51.372674805170384, -30.04972423213893], [-51.37375278351133, -30.04972423213893], [-51.373483288926096, -30.049185242968463], [-51.37213581599991, -30.049454737553695]]]}, "properties": {"cultura": "Outras Lavouras Temporárias"}}, {"type": "Feature", "geometry": {"type": "Polygon", "coordinates": [[[-51.381029137312694, -30.048376759212754], [-51.37968166438652, -30.048107264627518], [-51.38022065355699, -30.04972423213893], [-51.381029137312694, -30.049454737553695], [-51.381029137312694, -30.048376759212754]]]}, "properties": {"cultura": "Outras Lavouras Temporárias"}}, {"type": "Feature", "geometry": {"type": "Polygon", "coordinates": [[[-51.39881577993826, -30.048107264627518], [-51.398007296182556, -30.04864625379799], [-51.398007296182556, -30.048915748383227], [-51.3990852745235, -30.048915748383227], [-51.39881577993826, -30.048107264627518]]]}, "properties": {"cultura": "Outras Lavouras Temporárias"}}, {"type": "Feature", "geometry": {"type": "Polygon", "coordinates": [[[-51.407709101251044, -30.04622080253087], [-51.40797859583628, -30.0464902971161], [-51.40797859583628, -30.04622080253087], [-51.407709101251044, -30.04622080253087]]]}, "properties": {"cultura": "Outras Lavouras Temporárias"}}, {"type": "Feature", "geometry": {"type": "Polygon", "coordinates": [[[-51.407709101251044, -30.04622080253087], [-51.407709101251044, -30.045951307945632], [-51.40743960666581, -30.045951307945632], [-51.40743960666581, -30.04622080253087], [-51.407709101251044, -30.04622080253087]]]}, "properties": {"cultura": "Outras Lavouras Temporárias"}}, {"type": "Feature", "geometry": {"type": "Polygon", "coordinates": [[[-51.40743960666581, -30.045681813360396], [-51.40717011208057, -30.045951307945632], [-51.40743960666581, -30.045951307945632], [-51.40743960666581, -30.045681813360396]]]}, "properties": {"cultura": "Outras Lavouras Temporárias"}}, {"type": "Feature", "geometry": {"type": "Polygon", "coordinates": [[[-51.40690061749534, -30.045681813360396], [-51.40717011208057, -30.04541231877516], [-51.40690061749534, -30.04541231877516], [-51.40690061749534, -30.045681813360396]]]}, "properties": {"cultura": "Outras Lavouras Temporárias"}}, {"type": "Feature", "geometry": {"type": "Polygon", "coordinates": [[[-51.40690061749534, -30.045142824189924], [-51.406631122910106, -30.04541231877516], [-51.40690061749534, -30.04541231877516], [-51.40690061749534, -30.045142824189924]]]}, "properties": {"cultura": "Outras Lavouras Temporárias"}}, {"type": "Feature", "geometry": {"type": "Polygon", "coordinates": [[[-51.406092133739634, -30.044873329604687], [-51.406361628324866, -30.045142824189924], [-51.406361628324866, -30.044873329604687], [-51.406092133739634, -30.044873329604687]]]}, "properties": {"cultura": "Outras Lavouras Temporárias"}}, {"type": "Feature", "geometry": {"type": "Polygon", "coordinates": [[[-51.39396487740402, -30.045142824189924], [-51.39477336115973, -30.045142824189924], [-51.39477336115973, -30.044334340434215], [-51.39450386657449, -30.044334340434215], [-51.39396487740402, -30.045142824189924]]]}, "properties": {"cultura": "Outras Lavouras Temporárias"}}, {"type": "Feature", "geometry": {"type": "Polygon", "coordinates": [[[-51.406092133739634, -30.044873329604687], [-51.406092133739634, -30.04460383501945], [-51.405822639154394, -30.04460383501945], [-51.405822639154394, -30.044873329604687], [-51.406092133739634, -30.044873329604687]]]}, "properties": {"cultura": "Outras Lavouras Temporárias"}}, {"type": "Feature", "geometry": {"type": "Polygon", "coordinates": [[[-51.405822639154394, -30.044334340434215], [-51.40555314456916, -30.04460383501945], [-51.405822639154394, -30.04460383501945], [-51.405822639154394, -30.044334340434215]]]}, "properties": {"cultura": "Outras Lavouras Temporárias"}}, {"type": "Feature", "geometry": {"type": "Polygon", "coordinates": [[[-51.40528364998392, -30.044334340434215], [-51.40555314456916, -30.04406484584898], [-51.40528364998392, -30.04406484584898], [-51.40528364998392, -30.044334340434215]]]}, "properties": {"cultura": "Outras Lavouras Temporárias"}}, {"type": "Feature", "geometry": {"type": "Polygon", "coordinates": [[[-51.40528364998392, -30.043795351263743], [-51.40501415539869, -30.04406484584898], [-51.40528364998392, -30.04406484584898], [-51.40528364998392, -30.043795351263743]]]}, "properties": {"cultura": "Outras Lavouras Temporárias"}}, {"type": "Feature", "geometry": {"type": "Polygon", "coordinates": [[[-51.393695382818784, -30.043525856678507], [-51.39396487740402, -30.043795351263743], [-51.39396487740402, -30.043525856678507], [-51.393695382818784, -30.043525856678507]]]}, "properties": {"cultura": "Outras Lavouras Temporárias"}}, {"type": "Feature", "geometry": {"type": "Polygon", "coordinates": [[[-51.40447516622822, -30.043256362093274], [-51.40474466081345, -30.043525856678507], [-51.40474466081345, -30.043256362093274], [-51.40447516622822, -30.043256362093274]]]}, "properties": {"cultura": "Outras Lavouras Temporárias"}}, {"type": "Feature", "geometry": {"type": "Polygon", "coordinates": [[[-51.40447516622822, -30.043256362093274], [-51.40447516622822, -30.042986867508038], [-51.40420567164298, -30.042986867508038], [-51.40420567164298, -30.043256362093274], [-51.40447516622822, -30.043256362093274]]]}, "properties": {"cultura": "Outras Lavouras Temporárias"}}, {"type": "Feature", "geometry": {"type": "Polygon", "coordinates": [[[-51.40420567164298, -30.0427173729228], [-51.403936177057744, -30.042986867508038], [-51.40420567164298, -30.042986867508038], [-51.40420567164298, -30.0427173729228]]]}, "properties": {"cultura": "Outras Lavouras Temporárias"}}, {"type": "Feature", "geometry": {"type": "Polygon", "coordinates": [[[-51.40366668247251, -30.0427173729228], [-51.403936177057744, -30.042447878337565], [-51.40366668247251, -30.042447878337565], [-51.40366668247251, -30.0427173729228]]]}, "properties": {"cultura": "Outras Lavouras Temporárias"}}, {"type": "Feature", "geometry": {"type": "Polygon", "coordinates": [[[-51.40366668247251, -30.04217838375233], [-51.40339718788727, -30.042447878337565], [-51.40366668247251, -30.042447878337565], [-51.40366668247251, -30.04217838375233]]]}, "properties": {"cultura": "Outras Lavouras Temporárias"}}, {"type": "Feature", "geometry": {"type": "Polygon", "coordinates": [[[-51.39396487740402, -30.043525856678507], [-51.39477336115973, -30.041100405411385], [-51.39396487740402, -30.041908889167093], [-51.39396487740402, -30.043525856678507]]]}, "properties": {"cultura": "Outras Lavouras Temporárias"}}, {"type": "Feature", "geometry": {"type": "Polygon", "coordinates": [[[-51.40312769330204, -30.041908889167093], [-51.40339718788727, -30.04217838375233], [-51.40339718788727, -30.041908889167093], [-51.40312769330204, -30.041908889167093]]]}, "properties": {"cultura": "Outras Lavouras Temporárias"}}, {"type": "Feature", "geometry": {"type": "Polygon", "coordinates": [[[-51.40312769330204, -30.041908889167093], [-51.40312769330204, -30.041639394581857], [-51.4028581987168, -30.041639394581857], [-51.4028581987168, -30.041908889167093], [-51.40312769330204, -30.041908889167093]]]}, "properties": {"cultura": "Outras Lavouras Temporárias"}}, {"type": "Feature", "geometry": {"type": "Polygon", "coordinates": [[[-51.40258870413157, -30.041100405411385], [-51.40231920954633, -30.041639394581857], [-51.4028581987168, -30.041639394581857], [-51.40258870413157, -30.041100405411385]]]}, "properties": {"cultura": "Outras Lavouras Temporárias"}}, {"type": "Feature", "geometry": {"type": "Polygon", "coordinates": [[[-51.395312350330194, -30.038674954144263], [-51.39477336115973, -30.0389444487295], [-51.39450386657449, -30.040022427070443], [-51.39504285574496, -30.040022427070443], [-51.395312350330194, -30.038674954144263]]]}, "properties": {"cultura": "Outras Lavouras Temporárias"}}, {"type": "Feature", "geometry": {"type": "Polygon", "coordinates": [[[-51.396120834085906, -30.033285062439546], [-51.39639032867114, -30.03382405161002], [-51.39639032867114, -30.033285062439546], [-51.396120834085906, -30.033285062439546]]]}, "properties": {"cultura": "Outras Lavouras Temporárias"}}, {"type": "Feature", "geometry": {"type": "Polygon", "coordinates": [[[-51.39639032867114, -30.032476578683838], [-51.39665982325638, -30.033285062439546], [-51.39665982325638, -30.032476578683838], [-51.39639032867114, -30.032476578683838]]]}, "properties": {"cultura": "Outras Lavouras Temporárias"}}, {"type": "Feature", "geometry": {"type": "Polygon", "coordinates": [[[-51.405822639154394, -30.032476578683838], [-51.406092133739634, -30.033285062439546], [-51.406092133739634, -30.032476578683838], [-51.405822639154394, -30.032476578683838]]]}, "properties": {"cultura": "Outras Lavouras Temporárias"}}, {"type": "Feature", "geometry": {"type": "Polygon", "coordinates": [[[-51.406361628324866, -30.031937589513365], [-51.406092133739634, -30.032476578683838], [-51.406361628324866, -30.032476578683838], [-51.406361628324866, -30.031937589513365]]]}, "properties": {"cultura": "Outras Lavouras Temporárias"}}, {"type": "Feature", "geometry": {"type": "Polygon", "coordinates": [[[-51.406361628324866, -30.031398600342893], [-51.406631122910106, -30.031937589513365], [-51.406631122910106, -30.031398600342893], [-51.406361628324866, -30.031398600342893]]]}, "properties": {"cultura": "Outras Lavouras Temporárias"}}, {"type": "Feature", "geometry": {"type": "Polygon", "coordinates": [[[-51.40717011208057, -30.0284341599053], [-51.40743960666581, -30.029512138246243], [-51.40743960666581, -30.0284341599053], [-51.40717011208057, -30.0284341599053]]]}, "properties": {"cultura": "Outras Lavouras Temporárias"}}, {"type": "Feature", "geometry": {"type": "Polygon", "coordinates": [[[-51.40743960666581, -30.02520022488247], [-51.407709101251044, -30.0284341599053], [-51.407709101251044, -30.02520022488247], [-51.40743960666581, -30.02520022488247]]]}, "properties": {"cultura": "Outras Lavouras Temporárias"}}, {"type": "Feature", "geometry": {"type": "Polygon", "coordinates": [[[-51.38183762106841, -30.021696795274405], [-51.38210711565364, -30.022235784444874], [-51.38210711565364, -30.021696795274405], [-51.38183762106841, -30.021696795274405]]]}, "properties": {"cultura": "Outras Lavouras Temporárias"}}, {"type": "Feature", "geometry": {"type": "Polygon", "coordinates": [[[-51.40743960666581, -30.01981033317775], [-51.407709101251044, -30.023583257371055], [-51.407709101251044, -30.01981033317775], [-51.40743960666581, -30.01981033317775]]]}, "properties": {"cultura": "Outras Lavouras Temporárias"}}, {"type": "Feature", "geometry": {"type": "Polygon", "coordinates": [[[-51.38210711565364, -30.020888311518696], [-51.38237661023888, -30.021696795274405], [-51.38237661023888, -30.020888311518696], [-51.38210711565364, -30.020888311518696]]]}, "properties": {"cultura": "Outras Lavouras Temporárias"}}, {"type": "Feature", "geometry": {"type": "Polygon", "coordinates": [[[-51.38641902901741, -30.017923871081102], [-51.38668852360265, -30.019540838592516], [-51.38668852360265, -30.017923871081102], [-51.38641902901741, -30.017923871081102]]]}, "properties": {"cultura": "Outras Lavouras Temporárias"}}, {"type": "Feature", "geometry": {"type": "Polygon", "coordinates": [[[-51.38183762106841, -30.017115387325394], [-51.38210711565364, -30.017923871081102], [-51.38210711565364, -30.017115387325394], [-51.38183762106841, -30.017115387325394]]]}, "properties": {"cultura": "Outras Lavouras Temporárias"}}, {"type": "Feature", "geometry": {"type": "Polygon", "coordinates": [[[-51.38183762106841, -30.017115387325394], [-51.38183762106841, -30.016845892740157], [-51.38156812648317, -30.016845892740157], [-51.38156812648317, -30.017115387325394], [-51.38183762106841, -30.017115387325394]]]}, "properties": {"cultura": "Outras Lavouras Temporárias"}}, {"type": "Feature", "geometry": {"type": "Polygon", "coordinates": [[[-51.38156812648317, -30.01657639815492], [-51.381298631897934, -30.016845892740157], [-51.38156812648317, -30.016845892740157], [-51.38156812648317, -30.01657639815492]]]}, "properties": {"cultura": "Outras Lavouras Temporárias"}}, {"type": "Feature", "geometry": {"type": "Polygon", "coordinates": [[[-51.38183762106841, -30.015228925228744], [-51.38049014814222, -30.01468993605827], [-51.381029137312694, -30.016037408984452], [-51.38183762106841, -30.015228925228744]]]}, "properties": {"cultura": "Outras Lavouras Temporárias"}}, {"type": "Feature", "geometry": {"type": "Polygon", "coordinates": [[[-51.38049014814222, -30.014420441473035], [-51.38022065355699, -30.01468993605827], [-51.38049014814222, -30.01468993605827], [-51.38049014814222, -30.014420441473035]]]}, "properties": {"cultura": "Outras Lavouras Temporárias"}}, {"type": "Feature", "geometry": {"type": "Polygon", "coordinates": [[[-51.40797859583628, -30.01334246313209], [-51.40743960666581, -30.01468993605827], [-51.40797859583628, -30.014959430643508], [-51.40797859583628, -30.01334246313209]]]}, "properties": {"cultura": "Outras Lavouras Temporárias"}}, {"type": "Feature", "geometry": {"type": "Polygon", "coordinates": [[[-51.406092133739634, -30.008491560597847], [-51.406631122910106, -30.008761055183083], [-51.406631122910106, -30.008491560597847], [-51.406092133739634, -30.008491560597847]]]}, "properties": {"cultura": "Outras Lavouras Temporárias"}}, {"type": "Feature", "geometry": {"type": "Polygon", "coordinates": [[[-51.405822639154394, -30.008491560597847], [-51.406092133739634, -30.008491560597847], [-51.406092133739634, -30.00822206601261], [-51.405822639154394, -30.00822206601261], [-51.405822639154394, -30.008491560597847]]]}, "properties": {"cultura": "Outras Lavouras Temporárias"}}, {"type": "Feature", "geometry": {"type": "Polygon", "coordinates": [[[-51.40501415539869, -30.007952571427374], [-51.405822639154394, -30.00822206601261], [-51.405822639154394, -30.007952571427374], [-51.40501415539869, -30.007952571427374]]]}, "properties": {"cultura": "Outras Lavouras Temporárias"}}, {"type": "Feature", "geometry": {"type": "Polygon", "coordinates": [[[-51.4028581987168, -30.00067621762601], [-51.401780220375855, -30.000406723040772], [-51.40258870413157, -30.001484701381713], [-51.40420567164298, -30.00175419596695], [-51.40447516622822, -29.997711777188414], [-51.40366668247251, -29.99798127177365], [-51.4028581987168, -30.00067621762601]]]}, "properties": {"cultura": "Outras Lavouras Temporárias"}}, {"type": "Feature", "geometry": {"type": "Polygon", "coordinates": [[[-51.398007296182556, -29.995555820506524], [-51.39665982325638, -29.995016831336056], [-51.39719881242685, -29.99528632592129], [-51.39665982325638, -29.996903293432705], [-51.398007296182556, -29.995555820506524]]]}, "properties": {"cultura": "Outras Lavouras Temporárias"}}, {"type": "Feature", "geometry": {"type": "Polygon", "coordinates": [[[-51.39665982325638, -29.99582531509176], [-51.39639032867114, -29.996094809676997], [-51.39665982325638, -29.996094809676997], [-51.39665982325638, -29.99582531509176]]]}, "properties": {"cultura": "Outras Lavouras Temporárias"}}, {"type": "Feature", "geometry": {"type": "Polygon", "coordinates": [[[-51.402049714961095, -29.99474733675082], [-51.40231920954633, -29.996094809676997], [-51.40231920954633, -29.99474733675082], [-51.402049714961095, -29.99474733675082]]]}, "properties": {"cultura": "Outras Lavouras Temporárias"}}, {"type": "Feature", "geometry": {"type": "Polygon", "coordinates": [[[-51.375100256437506, -29.99528632592129], [-51.37617823477845, -29.99528632592129], [-51.37617823477845, -29.99474733675082], [-51.375369751022745, -29.99474733675082], [-51.375100256437506, -29.99528632592129]]]}, "properties": {"cultura": "Outras Lavouras Temporárias"}}, {"type": "Feature", "geometry": {"type": "Polygon", "coordinates": [[[-51.39881577993826, -29.99259138006893], [-51.39962426369397, -29.993130369239402], [-51.39962426369397, -29.99259138006893], [-51.39881577993826, -29.99259138006893]]]}, "properties": {"cultura": "Outras Lavouras Temporárias"}}, {"type": "Feature", "geometry": {"type": "Polygon", "coordinates": [[[-51.39746830701208, -29.99205239089846], [-51.395581844915434, -29.99151340172799], [-51.395312350330194, -29.99259138006893], [-51.39665982325638, -29.992860874654166], [-51.39665982325638, -29.99205239089846], [-51.39746830701208, -29.99205239089846]]]}, "properties": {"cultura": "Outras Lavouras Temporárias"}}, {"type": "Feature", "geometry": {"type": "Polygon", "coordinates": [[[-51.39773780159732, -29.991782896313225], [-51.39854628535303, -29.992321885483694], [-51.39881577993826, -29.991782896313225], [-51.39773780159732, -29.991782896313225]]]}, "properties": {"cultura": "Outras Lavouras Temporárias"}}, {"type": "Feature", "geometry": {"type": "Polygon", "coordinates": [[[-51.395581844915434, -29.989896434216572], [-51.39504285574496, -29.9893574450461], [-51.39450386657449, -29.990435423387044], [-51.39504285574496, -29.990435423387044], [-51.395581844915434, -29.989896434216572]]]}, "properties": {"cultura": "Outras Lavouras Temporárias"}}, {"type": "Feature", "geometry": {"type": "Polygon", "coordinates": [[[-51.39315639364831, -29.990165928801808], [-51.394234371989256, -29.989896434216572], [-51.39450386657449, -29.989087950460863], [-51.39315639364831, -29.98881845587563], [-51.39315639364831, -29.990165928801808]]]}, "properties": {"cultura": "Outras Lavouras Temporárias"}}, {"type": "Feature", "geometry": {"type": "Polygon", "coordinates": [[[-51.39315639364831, -29.98747098294945], [-51.39504285574496, -29.988009972119922], [-51.39450386657449, -29.98666249919374], [-51.393695382818784, -29.987201488364214], [-51.39315639364831, -29.98666249919374], [-51.39315639364831, -29.98747098294945]]]}, "properties": {"cultura": "Outras Lavouras Temporárias"}}, {"type": "Feature", "geometry": {"type": "Polygon", "coordinates": [[[-51.36135603259048, -30.086106001145772], [-51.36162552717572, -30.08637549573101], [-51.36162552717572, -30.086106001145772], [-51.36135603259048, -30.086106001145772]]]}, "properties": {"cultura": "Outras Lavouras Temporárias"}}, {"type": "Feature", "geometry": {"type": "Polygon", "coordinates": [[[-51.35920007590859, -30.085836506560536], [-51.361086538005246, -30.08691448490148], [-51.35893058132336, -30.085297517390067], [-51.35920007590859, -30.085836506560536]]]}, "properties": {"cultura": "Outras Lavouras Temporárias"}}, {"type": "Feature", "geometry": {"type": "Polygon", "coordinates": [[[-51.361086538005246, -30.0855670119753], [-51.360817043420006, -30.086106001145772], [-51.36135603259048, -30.086106001145772], [-51.361086538005246, -30.0855670119753]]]}, "properties": {"cultura": "Outras Lavouras Temporárias"}}, {"type": "Feature", "geometry": {"type": "Polygon", "coordinates": [[[-51.35785260298241, -30.08368054987865], [-51.35731361381194, -30.083950044463887], [-51.35785260298241, -30.08448903363436], [-51.35785260298241, -30.08368054987865]]]}, "properties": {"cultura": "Outras Lavouras Temporárias"}}, {"type": "Feature", "geometry": {"type": "Polygon", "coordinates": [[[-51.35812209756765, -30.082602571537706], [-51.35785260298241, -30.08368054987865], [-51.35973906507906, -30.08368054987865], [-51.35920007590859, -30.082602571537706], [-51.35812209756765, -30.082602571537706]]]}, "properties": {"cultura": "Outras Lavouras Temporárias"}}, {"type": "Feature", "geometry": {"type": "Polygon", "coordinates": [[[-51.356505130056235, -30.082602571537706], [-51.35704411922671, -30.082063582367237], [-51.35704411922671, -30.081524593196765], [-51.356505130056235, -30.081524593196765], [-51.356505130056235, -30.082602571537706]]]}, "properties": {"cultura": "Outras Lavouras Temporárias"}}, {"type": "Feature", "geometry": {"type": "Polygon", "coordinates": [[[-51.35785260298241, -30.081524593196765], [-51.35920007590859, -30.082063582367237], [-51.35946957049383, -30.081524593196765], [-51.35785260298241, -30.081524593196765]]]}, "properties": {"cultura": "Outras Lavouras Temporárias"}}, {"type": "Feature", "geometry": {"type": "Polygon", "coordinates": [[[-51.36593744053949, -30.08044661485582], [-51.366745924295195, -30.080985604026292], [-51.366745924295195, -30.08044661485582], [-51.36593744053949, -30.08044661485582]]]}, "properties": {"cultura": "Outras Lavouras Temporárias"}}, {"type": "Feature", "geometry": {"type": "Polygon", "coordinates": [[[-51.35677462464147, -30.080985604026292], [-51.356235635470995, -30.08044661485582], [-51.356235635470995, -30.08125509861153], [-51.35677462464147, -30.080985604026292]]]}, "properties": {"cultura": "Outras Lavouras Temporárias"}}, {"type": "Feature", "geometry": {"type": "Polygon", "coordinates": [[[-51.35569664630052, -30.079099141929643], [-51.35596614088576, -30.07936863651488], [-51.35596614088576, -30.079099141929643], [-51.35569664630052, -30.079099141929643]]]}, "properties": {"cultura": "Outras Lavouras Temporárias"}}, {"type": "Feature", "geometry": {"type": "Polygon", "coordinates": [[[-51.356235635470995, -30.079099141929643], [-51.35596614088576, -30.078829647344406], [-51.35596614088576, -30.079099141929643], [-51.356235635470995, -30.079099141929643]]]}, "properties": {"cultura": "Outras Lavouras Temporárias"}}, {"type": "Feature", "geometry": {"type": "Polygon", "coordinates": [[[-51.35596614088576, -30.078829647344406], [-51.35515765713006, -30.07721267983299], [-51.354349173374345, -30.076943185247753], [-51.354349173374345, -30.077482174418225], [-51.35596614088576, -30.078829647344406]]]}, "properties": {"cultura": "Outras Lavouras Temporárias"}}, {"type": "Feature", "geometry": {"type": "Polygon", "coordinates": [[[-51.354349173374345, -30.076673690662517], [-51.35407967878911, -30.076943185247753], [-51.354349173374345, -30.076943185247753], [-51.354349173374345, -30.076673690662517]]]}, "properties": {"cultura": "Outras Lavouras Temporárias"}}, {"type": "Feature", "geometry": {"type": "Polygon", "coordinates": [[[-51.354349173374345, -30.076404196077284], [-51.354618667959585, -30.076673690662517], [-51.354618667959585, -30.076404196077284], [-51.354349173374345, -30.076404196077284]]]}, "properties": {"cultura": "Outras Lavouras Temporárias"}}, {"type": "Feature", "geometry": {"type": "Polygon", "coordinates": [[[-51.35084574376628, -30.071822788128273], [-51.35300170044817, -30.074787228565867], [-51.35300170044817, -30.071553293543037], [-51.35084574376628, -30.071822788128273]]]}, "properties": {"cultura": "Outras Lavouras Temporárias"}}, {"type": "Feature", "geometry": {"type": "Polygon", "coordinates": [[[-51.36351198927237, -30.06481592891214], [-51.364859462198545, -30.065085423497376], [-51.364859462198545, -30.06481592891214], [-51.36351198927237, -30.06481592891214]]]}, "properties": {"cultura": "Outras Lavouras Temporárias"}}, {"type": "Feature", "geometry": {"type": "Polygon", "coordinates": [[[-51.36809339722137, -30.05134119965035], [-51.36809339722137, -30.05053271589464], [-51.36728491346567, -30.051071705065112], [-51.36809339722137, -30.05134119965035]]]}, "properties": {"cultura": "Outras Lavouras Temporárias"}}, {"type": "Feature", "geometry": {"type": "Polygon", "coordinates": [[[-51.345994841232034, -30.04864625379799], [-51.3457253466468, -30.049993726724168], [-51.345994841232034, -30.049993726724168], [-51.345994841232034, -30.04864625379799]]]}, "properties": {"cultura": "Outras Lavouras Temporárias"}}, {"type": "Feature", "geometry": {"type": "Polygon", "coordinates": [[[-51.371327332244206, -30.048915748383227], [-51.37213581599991, -30.049185242968463], [-51.37213581599991, -30.048915748383227], [-51.371327332244206, -30.048915748383227]]]}, "properties": {"cultura": "Outras Lavouras Temporárias"}}, {"type": "Feature", "geometry": {"type": "Polygon", "coordinates": [[[-51.36917137556232, -30.047837770042282], [-51.36971036473279, -30.048107264627518], [-51.36971036473279, -30.047837770042282], [-51.36917137556232, -30.047837770042282]]]}, "properties": {"cultura": "Outras Lavouras Temporárias"}}, {"type": "Feature", "geometry": {"type": "Polygon", "coordinates": [[[-51.36917137556232, -30.047837770042282], [-51.36917137556232, -30.047568275457046], [-51.368632386391845, -30.047568275457046], [-51.368632386391845, -30.047837770042282], [-51.36917137556232, -30.047837770042282]]]}, "properties": {"cultura": "Outras Lavouras Temporárias"}}, {"type": "Feature", "geometry": {"type": "Polygon", "coordinates": [[[-51.368632386391845, -30.047029286286573], [-51.36836289180661, -30.047568275457046], [-51.368632386391845, -30.047568275457046], [-51.368632386391845, -30.047029286286573]]]}, "properties": {"cultura": "Outras Lavouras Temporárias"}}, {"type": "Feature", "geometry": {"type": "Polygon", "coordinates": [[[-51.35138473293675, -30.047029286286573], [-51.35084574376628, -30.04622080253087], [-51.35084574376628, -30.047029286286573], [-51.35138473293675, -30.047029286286573]]]}, "properties": {"cultura": "Outras Lavouras Temporárias"}}, {"type": "Feature", "geometry": {"type": "Polygon", "coordinates": [[[-51.31203852349232, -30.03813596497379], [-51.31203852349232, -30.0389444487295], [-51.31257751266279, -30.0389444487295], [-51.31203852349232, -30.03813596497379]]]}, "properties": {"cultura": "Outras Lavouras Temporárias"}}, {"type": "Feature", "geometry": {"type": "Polygon", "coordinates": [[[-51.30449267510571, -30.02978163283148], [-51.30422318052048, -30.030320622001952], [-51.304762169690946, -30.030320622001952], [-51.30449267510571, -30.02978163283148]]]}, "properties": {"cultura": "Outras Lavouras Temporárias"}}, {"type": "Feature", "geometry": {"type": "Polygon", "coordinates": [[[-51.30422318052048, -30.028703654490535], [-51.30368419135001, -30.029242643661007], [-51.30449267510571, -30.029242643661007], [-51.30422318052048, -30.028703654490535]]]}, "properties": {"cultura": "Outras Lavouras Temporárias"}}, {"type": "Feature", "geometry": {"type": "Polygon", "coordinates": [[[-51.361086538005246, -30.010108528109264], [-51.36162552717572, -30.010378022694496], [-51.36162552717572, -30.010108528109264], [-51.361086538005246, -30.010108528109264]]]}, "properties": {"cultura": "Outras Lavouras Temporárias"}}, {"type": "Feature", "geometry": {"type": "Polygon", "coordinates": [[[-51.36189502176095, -30.010108528109264], [-51.36162552717572, -30.00956953893879], [-51.36162552717572, -30.010108528109264], [-51.36189502176095, -30.010108528109264]]]}, "properties": {"cultura": "Outras Lavouras Temporárias"}}, {"type": "Feature", "geometry": {"type": "Polygon", "coordinates": [[[-51.346264335817274, -30.002023690552186], [-51.34761180874345, -30.001484701381713], [-51.34761180874345, -30.000406723040772], [-51.34653383040251, -29.9998677338703], [-51.346264335817274, -30.002023690552186]]]}, "properties": {"cultura": "Outras Lavouras Temporárias"}}, {"type": "Feature", "geometry": {"type": "Polygon", "coordinates": [[[-51.35596614088576, -29.99717278801794], [-51.356505130056235, -29.997711777188414], [-51.356505130056235, -29.99717278801794], [-51.35596614088576, -29.99717278801794]]]}, "properties": {"cultura": "Outras Lavouras Temporárias"}}, {"type": "Feature", "geometry": {"type": "Polygon", "coordinates": [[[-51.35569664630052, -29.99717278801794], [-51.35596614088576, -29.99717278801794], [-51.35596614088576, -29.99663379884747], [-51.35569664630052, -29.99663379884747], [-51.35569664630052, -29.99717278801794]]]}, "properties": {"cultura": "Outras Lavouras Temporárias"}}, {"type": "Feature", "geometry": {"type": "Polygon", "coordinates": [[[-51.33225061738501, -29.995016831336056], [-51.33117263904406, -29.995016831336056], [-51.33117263904406, -29.99528632592129], [-51.33252011197024, -29.99582531509176], [-51.33225061738501, -29.995016831336056]]]}, "properties": {"cultura": "Outras Lavouras Temporárias"}}, {"type": "Feature", "geometry": {"type": "Polygon", "coordinates": [[[-51.36216451634618, -29.994208347580347], [-51.36189502176095, -29.995555820506524], [-51.36216451634618, -29.995555820506524], [-51.36216451634618, -29.994208347580347]]]}, "properties": {"cultura": "Outras Lavouras Temporárias"}}, {"type": "Feature", "geometry": {"type": "Polygon", "coordinates": [[[-51.34329989537968, -29.994477842165583], [-51.343838884550145, -29.99393885299511], [-51.34329989537968, -29.99393885299511], [-51.34329989537968, -29.994477842165583]]]}, "properties": {"cultura": "Outras Lavouras Temporárias"}}, {"type": "Feature", "geometry": {"type": "Polygon", "coordinates": [[[-51.34329989537968, -29.99339986382464], [-51.34276090620921, -29.99393885299511], [-51.34329989537968, -29.99393885299511], [-51.34329989537968, -29.99339986382464]]]}, "properties": {"cultura": "Outras Lavouras Temporárias"}}, {"type": "Feature", "geometry": {"type": "Polygon", "coordinates": [[[-51.33871848743067, -29.988548961290395], [-51.340065960356846, -29.988548961290395], [-51.340065960356846, -29.987740477534686], [-51.33871848743067, -29.988009972119922], [-51.33871848743067, -29.988548961290395]]]}, "properties": {"cultura": "Outras Lavouras Temporárias"}}, {"type": "Feature", "geometry": {"type": "Polygon", "coordinates": [[[-51.3389879820159, -29.98235058582997], [-51.33925747660114, -29.982620080415206], [-51.33925747660114, -29.98235058582997], [-51.3389879820159, -29.98235058582997]]]}, "properties": {"cultura": "Outras Lavouras Temporárias"}}, {"type": "Feature", "geometry": {"type": "Polygon", "coordinates": [[[-51.3066486317876, -29.981811596659497], [-51.30637913720236, -29.982889575000442], [-51.30584014803189, -29.982620080415206], [-51.30449267510571, -29.982889575000442], [-51.3066486317876, -29.983159069585675], [-51.3066486317876, -29.981811596659497]]]}, "properties": {"cultura": "Outras Lavouras Temporárias"}}, {"type": "Feature", "geometry": {"type": "Polygon", "coordinates": [[[-51.30018076174194, -29.982081091244734], [-51.300450256327174, -29.98235058582997], [-51.300450256327174, -29.982081091244734], [-51.30018076174194, -29.982081091244734]]]}, "properties": {"cultura": "Outras Lavouras Temporárias"}}, {"type": "Feature", "geometry": {"type": "Polygon", "coordinates": [[[-51.30610964261713, -29.98154210207426], [-51.30637913720236, -29.981811596659497], [-51.30637913720236, -29.98154210207426], [-51.30610964261713, -29.98154210207426]]]}, "properties": {"cultura": "Outras Lavouras Temporárias"}}, {"type": "Feature", "geometry": {"type": "Polygon", "coordinates": [[[-51.30018076174194, -29.982081091244734], [-51.299102783401, -29.981272607489025], [-51.29883328881576, -29.981811596659497], [-51.29964177257147, -29.981811596659497], [-51.29964177257147, -29.982081091244734], [-51.30018076174194, -29.982081091244734]]]}, "properties": {"cultura": "Outras Lavouras Temporárias"}}, {"type": "Feature", "geometry": {"type": "Polygon", "coordinates": [[[-51.308804588469485, -29.981272607489025], [-51.309074083054725, -29.981811596659497], [-51.309074083054725, -29.981272607489025], [-51.308804588469485, -29.981272607489025]]]}, "properties": {"cultura": "Outras Lavouras Temporárias"}}, {"type": "Feature", "geometry": {"type": "Polygon", "coordinates": [[[-51.30637913720236, -29.981272607489025], [-51.3066486317876, -29.98154210207426], [-51.3066486317876, -29.981272607489025], [-51.30637913720236, -29.981272607489025]]]}, "properties": {"cultura": "Outras Lavouras Temporárias"}}, {"type": "Feature", "geometry": {"type": "Polygon", "coordinates": [[[-51.338179498260196, -29.98235058582997], [-51.3389879820159, -29.98235058582997], [-51.3389879820159, -29.980464123733316], [-51.33737101450449, -29.980464123733316], [-51.338179498260196, -29.98235058582997]]]}, "properties": {"cultura": "Outras Lavouras Temporárias"}}, {"type": "Feature", "geometry": {"type": "Polygon", "coordinates": [[[-51.298563794230525, -29.981272607489025], [-51.29883328881576, -29.98154210207426], [-51.29883328881576, -29.981272607489025], [-51.298563794230525, -29.981272607489025]]]}, "properties": {"cultura": "Outras Lavouras Temporárias"}}, {"type": "Feature", "geometry": {"type": "Polygon", "coordinates": [[[-51.309074083054725, -29.981272607489025], [-51.30934357763996, -29.98100311290379], [-51.309074083054725, -29.980733618318553], [-51.309074083054725, -29.981272607489025]]]}, "properties": {"cultura": "Outras Lavouras Temporárias"}}, {"type": "Feature", "geometry": {"type": "Polygon", "coordinates": [[[-51.32901668236217, -29.97965563997761], [-51.329825166117885, -29.98019462914808], [-51.329825166117885, -29.97965563997761], [-51.32901668236217, -29.97965563997761]]]}, "properties": {"cultura": "Outras Lavouras Temporárias"}}, {"type": "Feature", "geometry": {"type": "Polygon", "coordinates": [[[-51.33656253074878, -29.97830816705143], [-51.335754046993074, -29.978847156221903], [-51.33683202533402, -29.97911665080714], [-51.33656253074878, -29.97830816705143]]]}, "properties": {"cultura": "Outras Lavouras Temporárias"}}, {"type": "Feature", "geometry": {"type": "Polygon", "coordinates": [[[-51.30988256681043, -29.976691199540017], [-51.31015206139567, -29.976960694125253], [-51.31015206139567, -29.976691199540017], [-51.30988256681043, -29.976691199540017]]]}, "properties": {"cultura": "Outras Lavouras Temporárias"}}, {"type": "Feature", "geometry": {"type": "Polygon", "coordinates": [[[-51.31015206139567, -29.976691199540017], [-51.310691050566135, -29.97642170495478], [-51.310691050566135, -29.97588271578431], [-51.31015206139567, -29.976691199540017]]]}, "properties": {"cultura": "Outras Lavouras Temporárias"}}, {"type": "Feature", "geometry": {"type": "Polygon", "coordinates": [[[-51.310691050566135, -29.975613221199072], [-51.310960545151374, -29.97588271578431], [-51.310960545151374, -29.975613221199072], [-51.310691050566135, -29.975613221199072]]]}, "properties": {"cultura": "Outras Lavouras Temporárias"}}, {"type": "Feature", "geometry": {"type": "Polygon", "coordinates": [[[-51.30152823466812, -29.97399625368766], [-51.30179772925335, -29.97426574827289], [-51.30179772925335, -29.97399625368766], [-51.30152823466812, -29.97399625368766]]]}, "properties": {"cultura": "Outras Lavouras Temporárias"}}, {"type": "Feature", "geometry": {"type": "Polygon", "coordinates": [[[-51.301258740082886, -29.97399625368766], [-51.30152823466812, -29.97399625368766], [-51.30152823466812, -29.973726759102423], [-51.301258740082886, -29.973726759102423], [-51.301258740082886, -29.97399625368766]]]}, "properties": {"cultura": "Outras Lavouras Temporárias"}}, {"type": "Feature", "geometry": {"type": "Polygon", "coordinates": [[[-51.32901668236217, -29.973457264517187], [-51.32928617694741, -29.973726759102423], [-51.32928617694741, -29.973457264517187], [-51.32901668236217, -29.973457264517187]]]}, "properties": {"cultura": "Outras Lavouras Temporárias"}}, {"type": "Feature", "geometry": {"type": "Polygon", "coordinates": [[[-51.30098924549765, -29.97318776993195], [-51.301258740082886, -29.973726759102423], [-51.301258740082886, -29.97318776993195], [-51.30098924549765, -29.97318776993195]]]}, "properties": {"cultura": "Outras Lavouras Temporárias"}}, {"type": "Feature", "geometry": {"type": "Polygon", "coordinates": [[[-51.31500296392991, -29.97318776993195], [-51.31608094227086, -29.973726759102423], [-51.31608094227086, -29.97318776993195], [-51.31500296392991, -29.97318776993195]]]}, "properties": {"cultura": "Outras Lavouras Temporárias"}}, {"type": "Feature", "geometry": {"type": "Polygon", "coordinates": [[[-51.32847769319171, -29.973457264517187], [-51.32901668236217, -29.973457264517187], [-51.32901668236217, -29.972918275346714], [-51.32847769319171, -29.972918275346714], [-51.32847769319171, -29.973457264517187]]]}, "properties": {"cultura": "Outras Lavouras Temporárias"}}, {"type": "Feature", "geometry": {"type": "Polygon", "coordinates": [[[-51.300719750912414, -29.97318776993195], [-51.30098924549765, -29.97318776993195], [-51.30098924549765, -29.972918275346714], [-51.300719750912414, -29.972918275346714], [-51.300719750912414, -29.97318776993195]]]}, "properties": {"cultura": "Outras Lavouras Temporárias"}}, {"type": "Feature", "geometry": {"type": "Polygon", "coordinates": [[[-51.33252011197024, -29.97318776993195], [-51.33332859572595, -29.972648780761478], [-51.33252011197024, -29.972648780761478], [-51.33252011197024, -29.97318776993195]]]}, "properties": {"cultura": "Outras Lavouras Temporárias"}}, {"type": "Feature", "geometry": {"type": "Polygon", "coordinates": [[[-51.31635043685609, -29.972648780761478], [-51.31661993144132, -29.972918275346714], [-51.31661993144132, -29.972648780761478], [-51.31635043685609, -29.972648780761478]]]}, "properties": {"cultura": "Outras Lavouras Temporárias"}}, {"type": "Feature", "geometry": {"type": "Polygon", "coordinates": [[[-51.31661993144132, -29.972379286176242], [-51.317158920611796, -29.972648780761478], [-51.317158920611796, -29.972379286176242], [-51.31661993144132, -29.972379286176242]]]}, "properties": {"cultura": "Outras Lavouras Temporárias"}}, {"type": "Feature", "geometry": {"type": "Polygon", "coordinates": [[[-51.31581144768562, -29.972648780761478], [-51.31635043685609, -29.972648780761478], [-51.31635043685609, -29.972379286176242], [-51.31581144768562, -29.972379286176242], [-51.31581144768562, -29.972648780761478]]]}, "properties": {"cultura": "Outras Lavouras Temporárias"}}, {"type": "Feature", "geometry": {"type": "Polygon", "coordinates": [[[-51.33252011197024, -29.972379286176242], [-51.33225061738501, -29.972648780761478], [-51.33252011197024, -29.972648780761478], [-51.33252011197024, -29.972379286176242]]]}, "properties": {"cultura": "Outras Lavouras Temporárias"}}, {"type": "Feature", "geometry": {"type": "Polygon", "coordinates": [[[-51.33252011197024, -29.97184029700577], [-51.33278960655548, -29.972379286176242], [-51.33278960655548, -29.97184029700577], [-51.33252011197024, -29.97184029700577]]]}, "properties": {"cultura": "Outras Lavouras Temporárias"}}, {"type": "Feature", "geometry": {"type": "Polygon", "coordinates": [[[-51.35946957049383, -29.97184029700577], [-51.3600085596643, -29.97184029700577], [-51.360547548834774, -29.972109791591006], [-51.360278054249534, -29.971570802420533], [-51.35946957049383, -29.97184029700577]]]}, "properties": {"cultura": "Outras Lavouras Temporárias"}}, {"type": "Feature", "geometry": {"type": "Polygon", "coordinates": [[[-51.33225061738501, -29.970492824079592], [-51.33278960655548, -29.971570802420533], [-51.33413707948166, -29.97103181325006], [-51.333598090311185, -29.970223329494356], [-51.33225061738501, -29.970492824079592]]]}, "properties": {"cultura": "Outras Lavouras Temporárias"}}, {"type": "Feature", "geometry": {"type": "Polygon", "coordinates": [[[-51.294790870037225, -29.968336867397703], [-51.29506036462246, -29.96860636198294], [-51.29506036462246, -29.968336867397703], [-51.294790870037225, -29.968336867397703]]]}, "properties": {"cultura": "Outras Lavouras Temporárias"}}, {"type": "Feature", "geometry": {"type": "Polygon", "coordinates": [[[-51.294790870037225, -29.968336867397703], [-51.294790870037225, -29.968067372812467], [-51.294521375451986, -29.968067372812467], [-51.294521375451986, -29.968336867397703], [-51.294790870037225, -29.968336867397703]]]}, "properties": {"cultura": "Outras Lavouras Temporárias"}}, {"type": "Feature", "geometry": {"type": "Polygon", "coordinates": [[[-51.29586884837816, -29.967528383641998], [-51.29398238628151, -29.96725888905676], [-51.2923654187701, -29.96860636198294], [-51.29586884837816, -29.967528383641998]]]}, "properties": {"cultura": "Outras Lavouras Temporárias"}}, {"type": "Feature", "geometry": {"type": "Polygon", "coordinates": [[[-51.29586884837816, -29.966989394471526], [-51.2961383429634, -29.96725888905676], [-51.2961383429634, -29.966989394471526], [-51.29586884837816, -29.966989394471526]]]}, "properties": {"cultura": "Outras Lavouras Temporárias"}}, {"type": "Feature", "geometry": {"type": "Polygon", "coordinates": [[[-51.298563794230525, -29.966450405301053], [-51.29883328881576, -29.96725888905676], [-51.29883328881576, -29.966450405301053], [-51.298563794230525, -29.966450405301053]]]}, "properties": {"cultura": "Outras Lavouras Temporárias"}}, {"type": "Feature", "geometry": {"type": "Polygon", "coordinates": [[[-51.31635043685609, -29.966180910715817], [-51.31769790978227, -29.967528383641998], [-51.31823689895274, -29.965102932374872], [-51.31688942602656, -29.964563943204404], [-51.317158920611796, -29.96537242696011], [-51.31635043685609, -29.966180910715817]]]}, "properties": {"cultura": "Outras Lavouras Temporárias"}}, {"type": "Feature", "geometry": {"type": "Polygon", "coordinates": [[[-51.32362679065746, -29.96591141613058], [-51.3238962852427, -29.966180910715817], [-51.3238962852427, -29.96591141613058], [-51.32362679065746, -29.96591141613058]]]}, "properties": {"cultura": "Outras Lavouras Temporárias"}}, {"type": "Feature", "geometry": {"type": "Polygon", "coordinates": [[[-51.29694682671911, -29.966450405301053], [-51.298563794230525, -29.966450405301053], [-51.298563794230525, -29.96537242696011], [-51.29694682671911, -29.96591141613058], [-51.29694682671911, -29.966450405301053]]]}, "properties": {"cultura": "Outras Lavouras Temporárias"}}, {"type": "Feature", "geometry": {"type": "Polygon", "coordinates": [[[-51.32174032856081, -29.964294448619167], [-51.323087801486984, -29.96591141613058], [-51.3209318448051, -29.964563943204404], [-51.31985386646416, -29.96483343778964], [-51.32200982314605, -29.965641921545345], [-51.323087801486984, -29.967528383641998], [-51.323087801486984, -29.96671989988629], [-51.323357296072224, -29.96671989988629], [-51.323357296072224, -29.96591141613058], [-51.32362679065746, -29.96591141613058], [-51.3238962852427, -29.96483343778964], [-51.323087801486984, -29.96348596486346], [-51.32174032856081, -29.964294448619167]], [[-51.323357296072224, -29.96483343778964], [-51.32254881231651, -29.964563943204404], [-51.32254881231651, -29.96402495403393], [-51.323357296072224, -29.964294448619167], [-51.323357296072224, -29.96483343778964]]]}, "properties": {"cultura": "Outras Lavouras Temporárias"}}, {"type": "Feature", "geometry": {"type": "Polygon", "coordinates": [[[-51.317428415197035, -29.964294448619167], [-51.31796740436751, -29.964563943204404], [-51.31796740436751, -29.964294448619167], [-51.317428415197035, -29.964294448619167]]]}, "properties": {"cultura": "Outras Lavouras Temporárias"}}, {"type": "Feature", "geometry": {"type": "Polygon", "coordinates": [[[-51.30637913720236, -29.963216470278223], [-51.306918126372835, -29.96483343778964], [-51.3066486317876, -29.963216470278223], [-51.30637913720236, -29.963216470278223]]]}, "properties": {"cultura": "Outras Lavouras Temporárias"}}, {"type": "Feature", "geometry": {"type": "Polygon", "coordinates": [[[-51.32227931773128, -29.963216470278223], [-51.32254881231651, -29.96348596486346], [-51.32254881231651, -29.963216470278223], [-51.32227931773128, -29.963216470278223]]]}, "properties": {"cultura": "Outras Lavouras Temporárias"}}, {"type": "Feature", "geometry": {"type": "Polygon", "coordinates": [[[-51.304762169690946, -29.963216470278223], [-51.30637913720236, -29.963216470278223], [-51.30637913720236, -29.962946975692986], [-51.304762169690946, -29.962946975692986], [-51.304762169690946, -29.963216470278223]]]}, "properties": {"cultura": "Outras Lavouras Temporárias"}}, {"type": "Feature", "geometry": {"type": "Polygon", "coordinates": [[[-51.32174032856081, -29.963216470278223], [-51.32227931773128, -29.963216470278223], [-51.32227931773128, -29.96267748110775], [-51.32174032856081, -29.96267748110775], [-51.32174032856081, -29.963216470278223]]]}, "properties": {"cultura": "Outras Lavouras Temporárias"}}, {"type": "Feature", "geometry": {"type": "Polygon", "coordinates": [[[-51.323357296072224, -29.96159950276681], [-51.32254881231651, -29.9607910190111], [-51.32254881231651, -29.961868997352045], [-51.323357296072224, -29.96159950276681]]]}, "properties": {"cultura": "Outras Lavouras Temporárias"}}, {"type": "Feature", "geometry": {"type": "Polygon", "coordinates": [[[-51.31123003973661, -29.96159950276681], [-51.31203852349232, -29.961060513596337], [-51.31123003973661, -29.961060513596337], [-51.31123003973661, -29.96159950276681]]]}, "properties": {"cultura": "Outras Lavouras Temporárias"}}, {"type": "Feature", "geometry": {"type": "Polygon", "coordinates": [[[-51.315541953100386, -29.961060513596337], [-51.317158920611796, -29.961330008181573], [-51.317428415197035, -29.959982535255392], [-51.31661993144132, -29.961060513596337], [-51.315541953100386, -29.961060513596337]]]}, "properties": {"cultura": "Outras Lavouras Temporárias"}}, {"type": "Feature", "geometry": {"type": "Polygon", "coordinates": [[[-51.321470833975575, -29.96159950276681], [-51.32254881231651, -29.96025202984063], [-51.321201339390335, -29.96025202984063], [-51.32066235021986, -29.96159950276681], [-51.321470833975575, -29.96159950276681]]]}, "properties": {"cultura": "Outras Lavouras Temporárias"}}, {"type": "Feature", "geometry": {"type": "Polygon", "coordinates": [[[-51.31446397475944, -29.959982535255392], [-51.31500296392991, -29.961060513596337], [-51.31500296392991, -29.959982535255392], [-51.31446397475944, -29.959982535255392]]]}, "properties": {"cultura": "Outras Lavouras Temporárias"}}, {"type": "Feature", "geometry": {"type": "Polygon", "coordinates": [[[-51.31661993144132, -29.959174051499684], [-51.317428415197035, -29.958635062329215], [-51.31661993144132, -29.958635062329215], [-51.31661993144132, -29.959174051499684]]]}, "properties": {"cultura": "Outras Lavouras Temporárias"}}, {"type": "Feature", "geometry": {"type": "Polygon", "coordinates": [[[-51.325782747339346, -29.95674860023256], [-51.32686072568029, -29.95674860023256], [-51.32739971485076, -29.957018094817798], [-51.32713022026552, -29.956479105647325], [-51.325782747339346, -29.95674860023256]]]}, "properties": {"cultura": "Outras Lavouras Temporárias"}}, {"type": "Feature", "geometry": {"type": "Polygon", "coordinates": [[[-51.32497426358364, -29.956479105647325], [-51.325782747339346, -29.95620961106209], [-51.32497426358364, -29.95620961106209], [-51.32497426358364, -29.956479105647325]]]}, "properties": {"cultura": "Outras Lavouras Temporárias"}}, {"type": "Feature", "geometry": {"type": "Polygon", "coordinates": [[[-51.32497426358364, -29.955940116476853], [-51.32443527441317, -29.95620961106209], [-51.32497426358364, -29.95620961106209], [-51.32497426358364, -29.955940116476853]]]}, "properties": {"cultura": "Outras Lavouras Temporárias"}}, {"type": "Feature", "geometry": {"type": "Polygon", "coordinates": [[[-51.3238962852427, -29.955940116476853], [-51.32443527441317, -29.95567062189162], [-51.3238962852427, -29.95567062189162], [-51.3238962852427, -29.955940116476853]]]}, "properties": {"cultura": "Outras Lavouras Temporárias"}}, {"type": "Feature", "geometry": {"type": "Polygon", "coordinates": [[[-51.3238962852427, -29.955401127306384], [-51.323357296072224, -29.95567062189162], [-51.3238962852427, -29.95567062189162], [-51.3238962852427, -29.955401127306384]]]}, "properties": {"cultura": "Outras Lavouras Temporárias"}}, {"type": "Feature", "geometry": {"type": "Polygon", "coordinates": [[[-51.323087801486984, -29.955401127306384], [-51.323357296072224, -29.955131632721148], [-51.323087801486984, -29.955131632721148], [-51.323087801486984, -29.955401127306384]]]}, "properties": {"cultura": "Outras Lavouras Temporárias"}}, {"type": "Feature", "geometry": {"type": "Polygon", "coordinates": [[[-51.323087801486984, -29.954862138135912], [-51.32281830690175, -29.955131632721148], [-51.323087801486984, -29.955131632721148], [-51.323087801486984, -29.954862138135912]]]}, "properties": {"cultura": "Outras Lavouras Temporárias"}}, {"type": "Feature", "geometry": {"type": "Polygon", "coordinates": [[[-51.59878076218327, -30.083411055293414], [-51.59905025676851, -30.08368054987865], [-51.59905025676851, -30.083411055293414], [-51.59878076218327, -30.083411055293414]]]}, "properties": {"cultura": "Arroz"}}, {"type": "Feature", "geometry": {"type": "Polygon", "coordinates": [[[-51.600128235109445, -30.084758528219595], [-51.60066722427992, -30.086106001145772], [-51.602823180961806, -30.085836506560536], [-51.604979137643696, -30.082602571537706], [-51.604979137643696, -30.080985604026292], [-51.59985874052421, -30.078829647344406], [-51.598511267598035, -30.079099141929643], [-51.596624805501385, -30.08125509861153], [-51.59931975135374, -30.083141560708178], [-51.59878076218327, -30.084758528219595], [-51.600128235109445, -30.084758528219595]], [[-51.59878076218327, -30.08125509861153], [-51.598241773012795, -30.08125509861153], [-51.59797227842756, -30.081524593196765], [-51.59797227842756, -30.080985604026292], [-51.59878076218327, -30.08125509861153]]]}, "properties": {"cultura": "Arroz"}}, {"type": "Feature", "geometry": {"type": "Polygon", "coordinates": [[[-51.596624805501385, -30.081794087782], [-51.59689430008662, -30.081524593196765], [-51.596624805501385, -30.081524593196765], [-51.596624805501385, -30.081794087782]]]}, "properties": {"cultura": "Arroz"}}, {"type": "Feature", "geometry": {"type": "Polygon", "coordinates": [[[-51.55215819893746, -30.078021163588698], [-51.5524276935227, -30.079907625685347], [-51.55323617727841, -30.079907625685347], [-51.55350567186365, -30.078021163588698], [-51.55215819893746, -30.078021163588698]]]}, "properties": {"cultura": "Arroz"}}, {"type": "Feature", "geometry": {"type": "Polygon", "coordinates": [[[-51.54757679098846, -30.07856015275917], [-51.54838527474416, -30.076673690662517], [-51.546229318062274, -30.076134701492048], [-51.546229318062274, -30.076404196077284], [-51.54542083430657, -30.076943185247753], [-51.54649881264751, -30.078021163588698], [-51.54595982347704, -30.079907625685347], [-51.54811578015893, -30.079907625685347], [-51.54757679098846, -30.07856015275917]], [[-51.54649881264751, -30.078290658173934], [-51.546768307232746, -30.07856015275917], [-51.54649881264751, -30.07856015275917], [-51.54649881264751, -30.078290658173934]]]}, "properties": {"cultura": "Arroz"}}, {"type": "Feature", "geometry": {"type": "Polygon", "coordinates": [[[-51.592312892137606, -30.07721267983299], [-51.59285188130808, -30.076673690662517], [-51.592312892137606, -30.076673690662517], [-51.592312892137606, -30.07721267983299]]]}, "properties": {"cultura": "Arroz"}}, {"type": "Feature", "geometry": {"type": "Polygon", "coordinates": [[[-51.56886686322209, -30.07343975563969], [-51.565363433614024, -30.07532621773634], [-51.565093939028785, -30.07721267983299], [-51.563207476932135, -30.075595712321576], [-51.56159050942072, -30.076404196077284], [-51.56051253107978, -30.079907625685347], [-51.5629379823469, -30.07963813110011], [-51.56428545527308, -30.078290658173934], [-51.56563292819926, -30.078829647344406], [-51.56617191736973, -30.078021163588698], [-51.56886686322209, -30.078021163588698], [-51.56940585239256, -30.076134701492048], [-51.56886686322209, -30.07343975563969]]]}, "properties": {"cultura": "Arroz"}}, {"type": "Feature", "geometry": {"type": "Polygon", "coordinates": [[[-51.55997354190931, -30.075595712321576], [-51.55970404732407, -30.076404196077284], [-51.561051520250246, -30.076404196077284], [-51.561051520250246, -30.075595712321576], [-51.55997354190931, -30.075595712321576]]]}, "properties": {"cultura": "Arroz"}}, {"type": "Feature", "geometry": {"type": "Polygon", "coordinates": [[[-51.544881845136096, -30.076673690662517], [-51.54649881264751, -30.07532621773634], [-51.54649881264751, -30.07343975563969], [-51.544881845136096, -30.07343975563969], [-51.544881845136096, -30.076673690662517]], [[-51.545151339721336, -30.07397874481016], [-51.5456903288918, -30.073709250224923], [-51.5456903288918, -30.07397874481016], [-51.545151339721336, -30.07397874481016]]]}, "properties": {"cultura": "Arroz"}}, {"type": "Feature", "geometry": {"type": "Polygon", "coordinates": [[[-51.5629379823469, -30.074787228565867], [-51.56266848776166, -30.07532621773634], [-51.5629379823469, -30.07532621773634], [-51.5629379823469, -30.074787228565867]]]}, "properties": {"cultura": "Arroz"}}, {"type": "Feature", "geometry": {"type": "Polygon", "coordinates": [[[-51.56212949859119, -30.074787228565867], [-51.56239899317643, -30.07451773398063], [-51.56212949859119, -30.07451773398063], [-51.56212949859119, -30.074787228565867]]]}, "properties": {"cultura": "Arroz"}}, {"type": "Feature", "geometry": {"type": "Polygon", "coordinates": [[[-51.546768307232746, -30.072900766469218], [-51.54784628557369, -30.07451773398063], [-51.548654769329396, -30.07451773398063], [-51.54919375849987, -30.073170261054454], [-51.54838527474416, -30.072361777298745], [-51.548654769329396, -30.0712837989578], [-51.547037801817986, -30.0712837989578], [-51.546768307232746, -30.072900766469218]]]}, "properties": {"cultura": "Arroz"}}, {"type": "Feature", "geometry": {"type": "Polygon", "coordinates": [[[-51.50176271149836, -30.071553293543037], [-51.50257119525407, -30.072361777298745], [-51.50364917359501, -30.072361777298745], [-51.50311018442454, -30.0712837989578], [-51.50176271149836, -30.071553293543037]]]}, "properties": {"cultura": "Arroz"}}, {"type": "Feature", "geometry": {"type": "Polygon", "coordinates": [[[-51.497181303549354, -30.071553293543037], [-51.49987624940171, -30.072900766469218], [-51.501223722327886, -30.071014304372564], [-51.497181303549354, -30.07020582061686], [-51.497181303549354, -30.071553293543037]]]}, "properties": {"cultura": "Arroz"}}, {"type": "Feature", "geometry": {"type": "Polygon", "coordinates": [[[-51.476160725900954, -30.070475315202092], [-51.47508274756001, -30.070475315202092], [-51.47508274756001, -30.070744809787328], [-51.47589123131572, -30.071014304372564], [-51.476160725900954, -30.070475315202092]]]}, "properties": {"cultura": "Arroz"}}, {"type": "Feature", "geometry": {"type": "Polygon", "coordinates": [[[-51.47508274756001, -30.07020582061686], [-51.474813252974776, -30.070475315202092], [-51.47508274756001, -30.070475315202092], [-51.47508274756001, -30.07020582061686]]]}, "properties": {"cultura": "Arroz"}}, {"type": "Feature", "geometry": {"type": "Polygon", "coordinates": [[[-51.47454375838954, -30.07020582061686], [-51.474813252974776, -30.06939733686115], [-51.474004769219064, -30.06939733686115], [-51.47454375838954, -30.07020582061686]]]}, "properties": {"cultura": "Arroz"}}, {"type": "Feature", "geometry": {"type": "Polygon", "coordinates": [[[-51.47562173673048, -30.068319358520206], [-51.47535224214525, -30.069936326031623], [-51.476160725900954, -30.06939733686115], [-51.476699715071426, -30.070475315202092], [-51.476699715071426, -30.069127842275915], [-51.47562173673048, -30.068319358520206]]]}, "properties": {"cultura": "Arroz"}}, {"type": "Feature", "geometry": {"type": "Polygon", "coordinates": [[[-51.474813252974776, -30.06939733686115], [-51.47508274756001, -30.069127842275915], [-51.474813252974776, -30.069127842275915], [-51.474813252974776, -30.06939733686115]]]}, "properties": {"cultura": "Arroz"}}, {"type": "Feature", "geometry": {"type": "Polygon", "coordinates": [[[-51.476699715071426, -30.069127842275915], [-51.47696920965666, -30.068588853105442], [-51.476699715071426, -30.068588853105442], [-51.476699715071426, -30.069127842275915]]]}, "properties": {"cultura": "Arroz"}}, {"type": "Feature", "geometry": {"type": "Polygon", "coordinates": [[[-51.60794357808129, -30.06697188559403], [-51.60983004017794, -30.067780369349734], [-51.6095605455927, -30.06697188559403], [-51.60794357808129, -30.06697188559403]]]}, "properties": {"cultura": "Arroz"}}, {"type": "Feature", "geometry": {"type": "Polygon", "coordinates": [[[-51.44220440816124, -30.060504015548368], [-51.443551881087416, -30.059965026377895], [-51.441934913576, -30.059965026377895], [-51.44220440816124, -30.060504015548368]]]}, "properties": {"cultura": "Arroz"}}, {"type": "Feature", "geometry": {"type": "Polygon", "coordinates": [[[-51.49798978730506, -30.0570005859403], [-51.49825928189029, -30.056731091355065], [-51.49798978730506, -30.056731091355065], [-51.49798978730506, -30.0570005859403]]]}, "properties": {"cultura": "Arroz"}}, {"type": "Feature", "geometry": {"type": "Polygon", "coordinates": [[[-51.571831303659685, -30.04729878087181], [-51.56805837946638, -30.051610694235585], [-51.57021433614827, -30.053227661746998], [-51.569136357807324, -30.058348058866482], [-51.56994484156303, -30.058617553451715], [-51.57075332531874, -30.06104300471884], [-51.5704838307335, -30.062659972230254], [-51.569675346977796, -30.062390477645017], [-51.569675346977796, -30.0637379505712], [-51.57263978741539, -30.06481592891214], [-51.57452624951204, -30.0637379505712], [-51.57398726034157, -30.061851488474545], [-51.57452624951204, -30.05888704803695], [-51.57614321702346, -30.059156542622187], [-51.575604227852985, -30.05053271589464], [-51.57452624951204, -30.04864625379799], [-51.573717765756335, -30.04864625379799], [-51.57290928200062, -30.049993726724168], [-51.57317877658586, -30.04864625379799], [-51.571831303659685, -30.04729878087181]], [[-51.5704838307335, -30.057270080525537], [-51.57075332531874, -30.058078564281246], [-51.5704838307335, -30.058078564281246], [-51.5704838307335, -30.057270080525537]], [[-51.57075332531874, -30.058078564281246], [-51.57102281990397, -30.05888704803695], [-51.57075332531874, -30.05888704803695], [-51.57075332531874, -30.058078564281246]], [[-51.57129231448921, -30.059156542622187], [-51.571561809074446, -30.059426037207423], [-51.57129231448921, -30.059426037207423], [-51.57129231448921, -30.059156542622187]], [[-51.571561809074446, -30.059426037207423], [-51.57210079824492, -30.05969553179266], [-51.571561809074446, -30.05969553179266], [-51.571561809074446, -30.059426037207423]], [[-51.57210079824492, -30.05969553179266], [-51.57237029283016, -30.059965026377895], [-51.57210079824492, -30.059965026377895], [-51.57210079824492, -30.05969553179266]], [[-51.57237029283016, -30.059965026377895], [-51.57290928200062, -30.06023452096313], [-51.57237029283016, -30.06023452096313], [-51.57237029283016, -30.059965026377895]], [[-51.57290928200062, -30.06023452096313], [-51.57317877658586, -30.060504015548368], [-51.57290928200062, -30.060504015548368], [-51.57290928200062, -30.06023452096313]]]}, "properties": {"cultura": "Arroz"}}, {"type": "Feature", "geometry": {"type": "Polygon", "coordinates": [[[-51.472387801707654, -30.03624950287714], [-51.47157931795194, -30.03382405161002], [-51.468075888343876, -30.03382405161002], [-51.46699791000294, -30.035171524536196], [-51.466189426247226, -30.034363040780487], [-51.46214700746869, -30.03490202995096], [-51.45729610493444, -30.039213943314735], [-51.453792675326376, -30.04029192165568], [-51.45460115908209, -30.040561416240912], [-51.45460115908209, -30.043525856678507], [-51.45190621322973, -30.043525856678507], [-51.45082823488878, -30.04217838375233], [-51.44894177279213, -30.04217838375233], [-51.44894177279213, -30.043256362093274], [-51.447594299865955, -30.043525856678507], [-51.44651632152501, -30.045142824189924], [-51.44705531069548, -30.047029286286573], [-51.461877512883454, -30.050263221309404], [-51.459991050786805, -30.05053271589464], [-51.455948632008266, -30.049454737553695], [-51.45487065366732, -30.053497156332234], [-51.45540964283779, -30.05457513467318], [-51.46133852371298, -30.054844629258415], [-51.461608018298215, -30.05376665091747], [-51.461877512883454, -30.054844629258415], [-51.464302964150576, -30.054305640087943], [-51.464033469565344, -30.05511412384365], [-51.461608018298215, -30.05565311301412], [-51.46133852371298, -30.057539575110773], [-51.46106902912775, -30.055383618428884], [-51.45433166449685, -30.05511412384365], [-51.453792675326376, -30.058078564281246], [-51.458104588690155, -30.058348058866482], [-51.45891307244586, -30.059965026377895], [-51.45756559951968, -30.061851488474545], [-51.459991050786805, -30.060773510133604], [-51.46079953454251, -30.059156542622187], [-51.46079953454251, -30.062390477645017], [-51.46106902912775, -30.06158199388931], [-51.46915386668482, -30.062390477645017], [-51.468075888343876, -30.063198961400726], [-51.46699791000294, -30.067510874764498], [-51.46996235044053, -30.066432896423557], [-51.472387801707654, -30.066702391008793], [-51.47292679087813, -30.067510874764498], [-51.474274263804304, -30.066432896423557], [-51.47562173673048, -30.06697188559403], [-51.476430220486186, -30.066432896423557], [-51.476160725900954, -30.068319358520206], [-51.4772387042419, -30.068588853105442], [-51.47777769341237, -30.067780369349734], [-51.47993365009425, -30.067780369349734], [-51.480472639264725, -30.065893907253084], [-51.48020314467949, -30.069127842275915], [-51.480742133849965, -30.06939733686115], [-51.48316758511709, -30.06885834769068], [-51.48208960677614, -30.067510874764498], [-51.482359101361375, -30.06616340183832], [-51.482359101361375, -30.067241380179265], [-51.48397606887279, -30.067780369349734], [-51.48424556345803, -30.06939733686115], [-51.48694050931039, -30.069127842275915], [-51.49017444433322, -30.0712837989578], [-51.49179141184463, -30.070744809787328], [-51.4923304010151, -30.07209228271351], [-51.49448635769699, -30.073170261054454], [-51.49637281979364, -30.072900766469218], [-51.496911808964114, -30.0712837989578], [-51.49772029271982, -30.063198961400726], [-51.49664231437888, -30.062659972230254], [-51.499337260231236, -30.062390477645017], [-51.50230170066883, -30.065085423497376], [-51.50257119525407, -30.06697188559403], [-51.505266141106425, -30.068588853105442], [-51.50391866818025, -30.06427693974167], [-51.50230170066883, -30.0637379505712], [-51.50014574398695, -30.06104300471884], [-51.50095422774265, -30.05780906969601], [-51.49394736852652, -30.057539575110773], [-51.49825928189029, -30.05646159676983], [-51.499337260231236, -30.050802210479876], [-51.499337260231236, -30.048915748383227], [-51.49825928189029, -30.04972423213893], [-51.49637281979364, -30.049454737553695], [-51.49772029271982, -30.048107264627518], [-51.49798978730506, -30.04217838375233], [-51.49610332520841, -30.041639394581857], [-51.49556433603794, -30.03732748121808], [-51.49179141184463, -30.035441019121432], [-51.490982928088926, -30.036518997462377], [-51.49071343350369, -30.035710513706668], [-51.487210003895626, -30.034632535365724], [-51.48424556345803, -30.038674954144263], [-51.484515058043264, -30.040022427070443], [-51.48370657428756, -30.040561416240912], [-51.482359101361375, -30.047568275457046], [-51.482628595946615, -30.049185242968463], [-51.47777769341237, -30.051071705065112], [-51.474004769219064, -30.039213943314735], [-51.47265729629289, -30.039213943314735], [-51.47319628546336, -30.03732748121808], [-51.472387801707654, -30.03624950287714]], [[-51.461877512883454, -30.05376665091747], [-51.46214700746869, -30.052958167161762], [-51.46214700746869, -30.05376665091747], [-51.461877512883454, -30.05376665091747]], [[-51.46214700746869, -30.052958167161762], [-51.46241650205393, -30.051610694235585], [-51.46241650205393, -30.052958167161762], [-51.46214700746869, -30.052958167161762]], [[-51.464033469565344, -30.05511412384365], [-51.46457245873581, -30.055383618428884], [-51.464033469565344, -30.055383618428884], [-51.464033469565344, -30.05511412384365]], [[-51.46106902912775, -30.057539575110773], [-51.46079953454251, -30.058348058866482], [-51.46079953454251, -30.057539575110773], [-51.46106902912775, -30.057539575110773]], [[-51.482628595946615, -30.048915748383227], [-51.48289809053185, -30.04864625379799], [-51.48289809053185, -30.048915748383227], [-51.482628595946615, -30.048915748383227]], [[-51.47777769341237, -30.05134119965035], [-51.4772387042419, -30.05241917799129], [-51.47562173673048, -30.052149683406057], [-51.4772387042419, -30.051071705065112], [-51.47777769341237, -30.05134119965035]], [[-51.47265729629289, -30.039213943314735], [-51.472387801707654, -30.039752932485207], [-51.472387801707654, -30.039213943314735], [-51.47265729629289, -30.039213943314735]], [[-51.472387801707654, -30.039752932485207], [-51.472118307122415, -30.040022427070443], [-51.472118307122415, -30.039752932485207], [-51.472387801707654, -30.039752932485207]], [[-51.47265729629289, -30.03732748121808], [-51.472118307122415, -30.037596975803318], [-51.472118307122415, -30.03705798663285], [-51.47265729629289, -30.03732748121808]], [[-51.46591993166199, -30.03624950287714], [-51.466189426247226, -30.037596975803318], [-51.46591993166199, -30.037596975803318], [-51.46591993166199, -30.03624950287714]], [[-51.490982928088926, -30.03813596497379], [-51.49071343350369, -30.036788492047613], [-51.490982928088926, -30.036788492047613], [-51.490982928088926, -30.03813596497379]], [[-51.49071343350369, -30.03813596497379], [-51.49017444433322, -30.04029192165568], [-51.4885574768218, -30.04029192165568], [-51.48963545516275, -30.040022427070443], [-51.48990494974798, -30.03813596497379], [-51.49071343350369, -30.03813596497379]], [[-51.48505404721374, -30.040022427070443], [-51.48532354179897, -30.039752932485207], [-51.486671014725154, -30.040022427070443], [-51.48505404721374, -30.040022427070443]], [[-51.47184881253718, -30.040561416240912], [-51.47157931795194, -30.04029192165568], [-51.47184881253718, -30.04029192165568], [-51.47184881253718, -30.040561416240912]], [[-51.47157931795194, -30.040561416240912], [-51.47130982336671, -30.04083091082615], [-51.47130982336671, -30.040561416240912], [-51.47157931795194, -30.040561416240912]], [[-51.47130982336671, -30.04083091082615], [-51.47104032878147, -30.041100405411385], [-51.47104032878147, -30.04083091082615], [-51.47130982336671, -30.04083091082615]], [[-51.47104032878147, -30.041100405411385], [-51.47077083419624, -30.041639394581857], [-51.47077083419624, -30.041100405411385], [-51.47104032878147, -30.041100405411385]], [[-51.46079953454251, -30.0427173729228], [-51.461877512883454, -30.042986867508038], [-51.46079953454251, -30.042986867508038], [-51.46079953454251, -30.0427173729228]], [[-51.45648762117874, -30.043525856678507], [-51.4562181265935, -30.044873329604687], [-51.4562181265935, -30.043525856678507], [-51.45648762117874, -30.043525856678507]], [[-51.4562181265935, -30.045142824189924], [-51.45675711576397, -30.04541231877516], [-51.4562181265935, -30.04541231877516], [-51.4562181265935, -30.045142824189924]], [[-51.49259989560034, -30.04541231877516], [-51.49259989560034, -30.048915748383227], [-51.48963545516275, -30.048376759212754], [-51.49017444433322, -30.04541231877516], [-51.490982928088926, -30.04622080253087], [-51.49259989560034, -30.04541231877516]], [[-51.47562173673048, -30.045681813360396], [-51.474813252974776, -30.045951307945632], [-51.474813252974776, -30.045681813360396], [-51.47562173673048, -30.045681813360396]], [[-51.47562173673048, -30.045951307945632], [-51.47589123131572, -30.04622080253087], [-51.47562173673048, -30.04622080253087], [-51.47562173673048, -30.045951307945632]], [[-51.48424556345803, -30.04729878087181], [-51.48397606887279, -30.047029286286573], [-51.48424556345803, -30.047029286286573], [-51.48424556345803, -30.04729878087181]], [[-51.48397606887279, -30.04729878087181], [-51.48370657428756, -30.047837770042282], [-51.48370657428756, -30.04729878087181], [-51.48397606887279, -30.04729878087181]], [[-51.48370657428756, -30.047837770042282], [-51.48343707970232, -30.048107264627518], [-51.48343707970232, -30.047837770042282], [-51.48370657428756, -30.047837770042282]], [[-51.48343707970232, -30.048107264627518], [-51.48316758511709, -30.048376759212754], [-51.48316758511709, -30.048107264627518], [-51.48343707970232, -30.048107264627518]], [[-51.46241650205393, -30.05134119965035], [-51.46349448039487, -30.047837770042282], [-51.4629554912244, -30.05053271589464], [-51.46780639375864, -30.051610694235585], [-51.46241650205393, -30.05134119965035]], [[-51.46780639375864, -30.051610694235585], [-51.46915386668482, -30.05188018882082], [-51.46780639375864, -30.05188018882082], [-51.46780639375864, -30.051610694235585]], [[-51.47077083419624, -30.052149683406057], [-51.46942336127006, -30.05188018882082], [-51.47077083419624, -30.05188018882082], [-51.47077083419624, -30.052149683406057]], [[-51.47508274756001, -30.053227661746998], [-51.47265729629289, -30.052149683406057], [-51.47535224214525, -30.052149683406057], [-51.47508274756001, -30.053227661746998]], [[-51.4877489930661, -30.056192102184593], [-51.49071343350369, -30.057270080525537], [-51.47777769341237, -30.05646159676983], [-51.48128112302044, -30.056192102184593], [-51.48128112302044, -30.052688672576526], [-51.48182011219091, -30.056192102184593], [-51.4877489930661, -30.056192102184593]], [[-51.486401520139914, -30.05457513467318], [-51.48747949848086, -30.054844629258415], [-51.486401520139914, -30.054844629258415], [-51.486401520139914, -30.05457513467318]], [[-51.46511144790628, -30.05511412384365], [-51.4675368991734, -30.05565311301412], [-51.46511144790628, -30.05565311301412], [-51.46511144790628, -30.05511412384365]], [[-51.47373527463383, -30.05646159676983], [-51.47130982336671, -30.055922607599356], [-51.47130982336671, -30.05565311301412], [-51.476160725900954, -30.055922607599356], [-51.47373527463383, -30.05646159676983]], [[-51.46322498580963, -30.056731091355065], [-51.46214700746869, -30.0570005859403], [-51.46214700746869, -30.056731091355065], [-51.46322498580963, -30.056731091355065]], [[-51.46322498580963, -30.0570005859403], [-51.464302964150576, -30.057270080525537], [-51.46322498580963, -30.057270080525537], [-51.46322498580963, -30.0570005859403]], [[-51.48828798223657, -30.059965026377895], [-51.488826971407036, -30.060773510133604], [-51.48828798223657, -30.060773510133604], [-51.48828798223657, -30.059965026377895]], [[-51.47265729629289, -30.060773510133604], [-51.472387801707654, -30.06023452096313], [-51.47265729629289, -30.06023452096313], [-51.47265729629289, -30.060773510133604]], [[-51.472387801707654, -30.060773510133604], [-51.472118307122415, -30.06158199388931], [-51.472118307122415, -30.060773510133604], [-51.472387801707654, -30.060773510133604]], [[-51.492869390185575, -30.062390477645017], [-51.49421686311176, -30.062659972230254], [-51.492869390185575, -30.062659972230254], [-51.492869390185575, -30.062390477645017]], [[-51.491252422674165, -30.065354918082612], [-51.490982928088926, -30.065085423497376], [-51.491252422674165, -30.065085423497376], [-51.491252422674165, -30.065354918082612]], [[-51.490982928088926, -30.065354918082612], [-51.49071343350369, -30.06616340183832], [-51.49071343350369, -30.065354918082612], [-51.490982928088926, -30.065354918082612]]]}, "properties": {"cultura": "Arroz"}}, {"type": "Feature", "geometry": {"type": "Polygon", "coordinates": [[[-51.59123491379666, -30.04972423213893], [-51.591773902967134, -30.049454737553695], [-51.591773902967134, -30.04864625379799], [-51.59096541921143, -30.04864625379799], [-51.59123491379666, -30.04972423213893]]]}, "properties": {"cultura": "Arroz"}}, {"type": "Feature", "geometry": {"type": "Polygon", "coordinates": [[[-51.58934845170001, -30.03301556785431], [-51.58449754916577, -30.033554557024782], [-51.584228054580535, -30.035710513706668], [-51.58261108706912, -30.03732748121808], [-51.583958559995295, -30.03813596497379], [-51.584228054580535, -30.03948343789997], [-51.58692300043289, -30.040022427070443], [-51.58638401126242, -30.040561416240912], [-51.582072097898646, -30.04029192165568], [-51.58072462497247, -30.049185242968463], [-51.584228054580535, -30.04864625379799], [-51.58530603292147, -30.049454737553695], [-51.58746198960336, -30.049454737553695], [-51.588000978773835, -30.05053271589464], [-51.58934845170001, -30.050802210479876], [-51.59042643004096, -30.047029286286573], [-51.59042643004096, -30.045681813360396], [-51.58961794628525, -30.045142824189924], [-51.590156935455724, -30.042986867508038], [-51.58934845170001, -30.04136989999662], [-51.58746198960336, -30.040561416240912], [-51.59123491379666, -30.041100405411385], [-51.59096541921143, -30.042447878337565], [-51.592312892137606, -30.044873329604687], [-51.59473834340473, -30.045681813360396], [-51.59689430008662, -30.045142824189924], [-51.596624805501385, -30.043256362093274], [-51.59770278384232, -30.04217838375233], [-51.59689430008662, -30.04136989999662], [-51.598241773012795, -30.03948343789997], [-51.596624805501385, -30.03813596497379], [-51.59608581633091, -30.03490202995096], [-51.59339087047855, -30.033285062439546], [-51.589887440870484, -30.034363040780487], [-51.58961794628525, -30.035171524536196], [-51.590695924626196, -30.035980008291904], [-51.58880946252954, -30.035441019121432], [-51.58853996794431, -30.03705798663285], [-51.58719249501813, -30.036788492047613], [-51.58719249501813, -30.03490202995096], [-51.58638401126242, -30.035441019121432], [-51.585845022091945, -30.03382405161002], [-51.58719249501813, -30.033554557024782], [-51.5877314841886, -30.034363040780487], [-51.588000978773835, -30.034093546195255], [-51.58827047335907, -30.033285062439546], [-51.58934845170001, -30.03301556785431]], [[-51.58692300043289, -30.039752932485207], [-51.58853996794431, -30.03948343789997], [-51.58853996794431, -30.039752932485207], [-51.58692300043289, -30.039752932485207]], [[-51.58853996794431, -30.039752932485207], [-51.58907895711478, -30.040022427070443], [-51.58853996794431, -30.040022427070443], [-51.58853996794431, -30.039752932485207]], [[-51.58746198960336, -30.040561416240912], [-51.58692300043289, -30.04029192165568], [-51.58746198960336, -30.04029192165568], [-51.58746198960336, -30.040561416240912]], [[-51.59689430008662, -30.041639394581857], [-51.596624805501385, -30.041908889167093], [-51.596624805501385, -30.041639394581857], [-51.59689430008662, -30.041639394581857]], [[-51.589887440870484, -30.034632535365724], [-51.590156935455724, -30.03490202995096], [-51.589887440870484, -30.03490202995096], [-51.589887440870484, -30.034632535365724]]]}, "properties": {"cultura": "Arroz"}}, {"type": "Feature", "geometry": {"type": "Polygon", "coordinates": [[[-51.58907895711478, -30.034632535365724], [-51.588000978773835, -30.034093546195255], [-51.588000978773835, -30.03490202995096], [-51.58907895711478, -30.034632535365724]]]}, "properties": {"cultura": "Arroz"}}, {"type": "Feature", "geometry": {"type": "Polygon", "coordinates": [[[-51.459991050786805, -30.032746073269074], [-51.459721556201565, -30.03301556785431], [-51.459991050786805, -30.03301556785431], [-51.459991050786805, -30.032746073269074]]]}, "properties": {"cultura": "Arroz"}}, {"type": "Feature", "geometry": {"type": "Polygon", "coordinates": [[[-51.435197548945105, -29.998250766358883], [-51.43277209767798, -29.996094809676997], [-51.43169411933704, -29.99717278801794], [-51.43223310850751, -30.00417964723407], [-51.43169411933704, -30.003640658063603], [-51.431155130166566, -30.00417964723407], [-51.43223310850751, -30.004449141819308], [-51.43250260309274, -30.006605098501197], [-51.43385007601893, -30.00714408767167], [-51.43277209767798, -30.011186506450205], [-51.43465855977463, -30.02789517073483], [-51.43600603270081, -30.028703654490535], [-51.434928054359865, -30.02897314907577], [-51.434928054359865, -30.030590116587188], [-51.43627552728605, -30.044334340434215], [-51.44220440816124, -30.045142824189924], [-51.44462985942836, -30.043256362093274], [-51.44409087025789, -30.04136989999662], [-51.44516884859883, -30.04136989999662], [-51.445438343184065, -30.040561416240912], [-51.445707837769305, -30.041639394581857], [-51.44786379445119, -30.041639394581857], [-51.45460115908209, -30.03813596497379], [-51.45918256703109, -30.034093546195255], [-51.459721556201565, -30.033285062439546], [-51.45918256703109, -30.032746073269074], [-51.459721556201565, -30.032476578683838], [-51.46026054537204, -30.032746073269074], [-51.46026054537204, -30.031937589513365], [-51.457835094104915, -30.031398600342893], [-51.459721556201565, -30.030590116587188], [-51.45945206161633, -30.030051127416716], [-51.458104588690155, -30.030590116587188], [-51.458104588690155, -30.02897314907577], [-51.459721556201565, -30.028703654490535], [-51.45945206161633, -30.026817192393885], [-51.46053003995728, -30.026278203223413], [-51.46214700746869, -30.02708668697912], [-51.461877512883454, -30.02897314907577], [-51.46241650205393, -30.029242643661007], [-51.46106902912775, -30.029242643661007], [-51.46133852371298, -30.02978163283148], [-51.46538094249152, -30.029512138246243], [-51.466189426247226, -30.030320622001952], [-51.46726740458817, -30.02978163283148], [-51.468345382929115, -30.030320622001952], [-51.470501339611, -30.029242643661007], [-51.472118307122415, -30.0322070840986], [-51.476430220486186, -30.032746073269074], [-51.472387801707654, -30.032746073269074], [-51.47346578004859, -30.037866470388554], [-51.47454375838954, -30.038674954144263], [-51.47939466092378, -30.038405459559026], [-51.47966415550902, -30.035441019121432], [-51.480742133849965, -30.035980008291904], [-51.48182011219091, -30.03490202995096], [-51.48343707970232, -30.03166809492813], [-51.482628595946615, -30.030320622001952], [-51.480472639264725, -30.030051127416716], [-51.480742133849965, -30.028164665320066], [-51.47966415550902, -30.027625676149594], [-51.478855671753315, -30.024391741126763], [-51.46861487751435, -30.02385275195629], [-51.46888437209959, -30.02520022488247], [-51.46861487751435, -30.024661235712], [-51.46457245873581, -30.024661235712], [-51.46214700746869, -30.024930730297235], [-51.46133852371298, -30.02573921405294], [-51.45945206161633, -30.023583257371055], [-51.46053003995728, -30.023044268200582], [-51.461608018298215, -30.020888311518696], [-51.459991050786805, -30.020888311518696], [-51.459991050786805, -30.020079827762988], [-51.4562181265935, -30.01981033317775], [-51.45487065366732, -30.01873235483681], [-51.45433166449685, -30.01927134400728], [-51.454062169911616, -30.017654376495866], [-51.455679137423026, -30.015767914399216], [-51.45433166449685, -30.016306903569685], [-51.45433166449685, -30.015228925228744], [-51.45109772947402, -30.014420441473035], [-51.44975025654784, -30.01226448479115], [-51.4486722782069, -30.01226448479115], [-51.44840278362166, -30.013611957717327], [-51.44678581611024, -30.015228925228744], [-51.44786379445119, -30.01334246313209], [-51.447324805280715, -30.012533979376386], [-51.44651632152501, -30.013072968546858], [-51.44651632152501, -30.011186506450205], [-51.44462985942836, -30.010647517279732], [-51.44651632152501, -30.00903054976832], [-51.44624682693977, -30.006874593086433], [-51.441934913576, -30.005257625575016], [-51.44058744064982, -30.002832174307894], [-51.44058744064982, -30.002023690552186], [-51.441395924405526, -30.002832174307894], [-51.443282386502176, -30.00175419596695], [-51.44516884859883, -29.998789755529355], [-51.44436036484312, -29.99798127177365], [-51.44382137567265, -29.99852026094412], [-51.441934913576, -29.99798127177365], [-51.441665418990766, -29.996364304262233], [-51.44004845147935, -29.997442282603178], [-51.4381619893827, -29.996364304262233], [-51.43654502187128, -29.997442282603178], [-51.434928054359865, -29.996903293432705], [-51.435197548945105, -29.998250766358883]], [[-51.43358058143369, -30.006874593086433], [-51.43385007601893, -30.006605098501197], [-51.43385007601893, -30.006874593086433], [-51.43358058143369, -30.006874593086433]], [[-51.43385007601893, -30.006605098501197], [-51.43438906518939, -30.00633560391596], [-51.43438906518939, -30.006605098501197], [-51.43385007601893, -30.006605098501197]], [[-51.43438906518939, -30.00633560391596], [-51.43465855977463, -30.006066109330725], [-51.43465855977463, -30.00633560391596], [-51.43438906518939, -30.00633560391596]], [[-51.43465855977463, -30.006066109330725], [-51.434928054359865, -30.00579661474549], [-51.434928054359865, -30.006066109330725], [-51.43465855977463, -30.006066109330725]], [[-51.43546704353034, -30.00579661474549], [-51.435197548945105, -30.005257625575016], [-51.43573653811558, -30.005257625575016], [-51.43546704353034, -30.00579661474549]], [[-51.43573653811558, -30.005257625575016], [-51.43600603270081, -30.00391015264884], [-51.43600603270081, -30.005257625575016], [-51.43573653811558, -30.005257625575016]], [[-51.43627552728605, -30.005257625575016], [-51.43627552728605, -30.009839033524027], [-51.43546704353034, -30.012803473961622], [-51.43600603270081, -30.013611957717327], [-51.435197548945105, -30.014420441473035], [-51.43465855977463, -30.019001849422047], [-51.43465855977463, -30.015767914399216], [-51.43627552728605, -30.005257625575016]], [[-51.43465855977463, -30.019001849422047], [-51.43438906518939, -30.01981033317775], [-51.43438906518939, -30.019001849422047], [-51.43465855977463, -30.019001849422047]], [[-51.47966415550902, -30.035441019121432], [-51.47939466092378, -30.035171524536196], [-51.47966415550902, -30.035171524536196], [-51.47966415550902, -30.035441019121432]], [[-51.46888437209959, -30.02520022488247], [-51.46915386668482, -30.026008708638177], [-51.46888437209959, -30.026008708638177], [-51.46888437209959, -30.02520022488247]], [[-51.45918256703109, -30.020349322348224], [-51.459721556201565, -30.02061881693346], [-51.45918256703109, -30.02061881693346], [-51.45918256703109, -30.020349322348224]], [[-51.44678581611024, -30.015228925228744], [-51.44651632152501, -30.015767914399216], [-51.44651632152501, -30.015228925228744], [-51.44678581611024, -30.015228925228744]], [[-51.44651632152501, -30.015767914399216], [-51.44624682693977, -30.016037408984452], [-51.44624682693977, -30.015767914399216], [-51.44651632152501, -30.015767914399216]], [[-51.44624682693977, -30.016037408984452], [-51.44597733235454, -30.01657639815492], [-51.44597733235454, -30.016037408984452], [-51.44624682693977, -30.016037408984452]], [[-51.44597733235454, -30.01657639815492], [-51.445707837769305, -30.016845892740157], [-51.445707837769305, -30.01657639815492], [-51.44597733235454, -30.01657639815492]], [[-51.44462985942836, -30.010108528109264], [-51.44220440816124, -30.01091701186497], [-51.443551881087416, -30.00956953893879], [-51.44462985942836, -30.010108528109264]], [[-51.44058744064982, -30.002023690552186], [-51.44031794606458, -30.001484701381713], [-51.44058744064982, -30.001484701381713], [-51.44058744064982, -30.002023690552186]], [[-51.435197548945105, -29.998250766358883], [-51.43546704353034, -29.99852026094412], [-51.435197548945105, -29.99852026094412], [-51.435197548945105, -29.998250766358883]], [[-51.43546704353034, -29.99852026094412], [-51.43573653811558, -29.99905925011459], [-51.43546704353034, -29.99905925011459], [-51.43546704353034, -29.99852026094412]], [[-51.43573653811558, -29.99905925011459], [-51.43600603270081, -29.999598239285064], [-51.43573653811558, -29.999598239285064], [-51.43573653811558, -29.99905925011459]], [[-51.43600603270081, -29.999598239285064], [-51.43627552728605, -29.9998677338703], [-51.43600603270081, -29.9998677338703], [-51.43600603270081, -29.999598239285064]], [[-51.43627552728605, -29.9998677338703], [-51.43654502187128, -30.00067621762601], [-51.43627552728605, -30.00067621762601], [-51.43627552728605, -29.9998677338703]], [[-51.43654502187128, -30.00067621762601], [-51.43681451645652, -30.001215206796477], [-51.43654502187128, -30.001215206796477], [-51.43654502187128, -30.00067621762601]], [[-51.43681451645652, -30.001215206796477], [-51.437084011041755, -30.00175419596695], [-51.43681451645652, -30.00175419596695], [-51.43681451645652, -30.001215206796477]], [[-51.437084011041755, -30.00175419596695], [-51.43735350562699, -30.002023690552186], [-51.437084011041755, -30.002023690552186], [-51.437084011041755, -30.00175419596695]], [[-51.44004845147935, -29.99905925011459], [-51.439239967723644, -29.9998677338703], [-51.439239967723644, -29.998789755529355], [-51.44004845147935, -29.99905925011459]], [[-51.434928054359865, -29.99905925011459], [-51.43465855977463, -29.9998677338703], [-51.43465855977463, -29.99905925011459], [-51.434928054359865, -29.99905925011459]], [[-51.435197548945105, -29.9998677338703], [-51.43600603270081, -30.002832174307894], [-51.43573653811558, -30.003640658063603], [-51.434928054359865, -30.00175419596695], [-51.435197548945105, -29.9998677338703]], [[-51.43465855977463, -29.9998677338703], [-51.43411957060416, -30.000137228455536], [-51.43411957060416, -29.9998677338703], [-51.43465855977463, -29.9998677338703]], [[-51.43411957060416, -30.000137228455536], [-51.43358058143369, -30.000406723040772], [-51.43358058143369, -30.000137228455536], [-51.43411957060416, -30.000137228455536]], [[-51.43358058143369, -30.000406723040772], [-51.433041592263216, -30.00067621762601], [-51.433041592263216, -30.000406723040772], [-51.43358058143369, -30.000406723040772]], [[-51.433041592263216, -30.002562679722658], [-51.433311086848455, -30.001215206796477], [-51.433311086848455, -30.002562679722658], [-51.433041592263216, -30.002562679722658]], [[-51.43762300021223, -30.003371163478366], [-51.43762300021223, -30.002832174307894], [-51.43735350562699, -30.002562679722658], [-51.43789249479746, -30.002562679722658], [-51.43762300021223, -30.003371163478366]], [[-51.43789249479746, -30.003371163478366], [-51.43843148396793, -30.00391015264884], [-51.43789249479746, -30.00391015264884], [-51.43789249479746, -30.003371163478366]], [[-51.43870097855317, -30.00498813098978], [-51.438970473138404, -30.005257625575016], [-51.43870097855317, -30.005257625575016], [-51.43870097855317, -30.00498813098978]], [[-51.439239967723644, -30.005257625575016], [-51.43950946230888, -30.006605098501197], [-51.43789249479746, -30.006605098501197], [-51.438970473138404, -30.006066109330725], [-51.439239967723644, -30.005257625575016]], [[-51.43950946230888, -30.006605098501197], [-51.439778956894116, -30.006874593086433], [-51.43950946230888, -30.006874593086433], [-51.43950946230888, -30.006605098501197]], [[-51.43789249479746, -30.006605098501197], [-51.43762300021223, -30.006874593086433], [-51.43762300021223, -30.006605098501197], [-51.43789249479746, -30.006605098501197]], [[-51.44489935401359, -30.006874593086433], [-51.44274339733171, -30.007952571427374], [-51.443282386502176, -30.00714408767167], [-51.44489935401359, -30.006874593086433]], [[-51.439778956894116, -30.00714408767167], [-51.44031794606458, -30.007952571427374], [-51.44004845147935, -30.007952571427374], [-51.439778956894116, -30.00714408767167]], [[-51.44031794606458, -30.007952571427374], [-51.44058744064982, -30.008491560597847], [-51.44031794606458, -30.008491560597847], [-51.44031794606458, -30.007952571427374]], [[-51.44489935401359, -30.007683076842138], [-51.445438343184065, -30.007413582256902], [-51.445438343184065, -30.007952571427374], [-51.44489935401359, -30.007683076842138]], [[-51.445438343184065, -30.007952571427374], [-51.445707837769305, -30.00822206601261], [-51.445438343184065, -30.00822206601261], [-51.445438343184065, -30.007952571427374]], [[-51.44489935401359, -30.007683076842138], [-51.44462985942836, -30.007952571427374], [-51.44462985942836, -30.007683076842138], [-51.44489935401359, -30.007683076842138]], [[-51.44058744064982, -30.008761055183083], [-51.440856935235054, -30.00903054976832], [-51.44058744064982, -30.00903054976832], [-51.44058744064982, -30.008761055183083]], [[-51.440856935235054, -30.00903054976832], [-51.441126429820294, -30.00956953893879], [-51.440856935235054, -30.00956953893879], [-51.440856935235054, -30.00903054976832]], [[-51.441395924405526, -30.00956953893879], [-51.441395924405526, -30.010108528109264], [-51.441665418990766, -30.010378022694496], [-51.441126429820294, -30.010378022694496], [-51.441395924405526, -30.00956953893879]], [[-51.43762300021223, -30.01145600103544], [-51.43789249479746, -30.010108528109264], [-51.43789249479746, -30.01145600103544], [-51.43762300021223, -30.01145600103544]], [[-51.43870097855317, -30.012803473961622], [-51.438970473138404, -30.010378022694496], [-51.439239967723644, -30.013611957717327], [-51.43870097855317, -30.012803473961622]], [[-51.441934913576, -30.011186506450205], [-51.44220440816124, -30.011725495620677], [-51.441934913576, -30.011725495620677], [-51.441934913576, -30.011186506450205]], [[-51.44247390274647, -30.011725495620677], [-51.44301289191694, -30.011994990205913], [-51.44301289191694, -30.012803473961622], [-51.44220440816124, -30.012533979376386], [-51.44247390274647, -30.011725495620677]], [[-51.44301289191694, -30.012803473961622], [-51.443282386502176, -30.01334246313209], [-51.44301289191694, -30.01334246313209], [-51.44301289191694, -30.012803473961622]], [[-51.443282386502176, -30.01334246313209], [-51.443551881087416, -30.013611957717327], [-51.443282386502176, -30.013611957717327], [-51.443282386502176, -30.01334246313209]], [[-51.44220440816124, -30.012803473961622], [-51.44031794606458, -30.013881452302563], [-51.439778956894116, -30.013881452302563], [-51.441395924405526, -30.012533979376386], [-51.44220440816124, -30.012803473961622]], [[-51.43762300021223, -30.018462860251574], [-51.437084011041755, -30.018462860251574], [-51.43735350562699, -30.013881452302563], [-51.43681451645652, -30.013611957717327], [-51.43762300021223, -30.013611957717327], [-51.4381619893827, -30.014420441473035], [-51.43762300021223, -30.018462860251574]], [[-51.43950946230888, -30.018462860251574], [-51.44058744064982, -30.01819336566634], [-51.44058744064982, -30.018462860251574], [-51.43950946230888, -30.018462860251574]], [[-51.43789249479746, -30.019001849422047], [-51.43789249479746, -30.02196628985964], [-51.43600603270081, -30.02142730068917], [-51.43735350562699, -30.021157806103933], [-51.43735350562699, -30.01873235483681], [-51.43789249479746, -30.019001849422047]], [[-51.43600603270081, -30.021157806103933], [-51.43546704353034, -30.020888311518696], [-51.43600603270081, -30.020888311518696], [-51.43600603270081, -30.021157806103933]], [[-51.453792675326376, -30.022235784444874], [-51.454062169911616, -30.020888311518696], [-51.454062169911616, -30.022235784444874], [-51.453792675326376, -30.022235784444874]], [[-51.449211267377365, -30.021696795274405], [-51.45001975113308, -30.02142730068917], [-51.45001975113308, -30.021696795274405], [-51.449211267377365, -30.021696795274405]], [[-51.45055874030355, -30.024391741126763], [-51.451367224059254, -30.024391741126763], [-51.451367224059254, -30.024930730297235], [-51.45055874030355, -30.024391741126763]], [[-51.451367224059254, -30.025469719467704], [-51.45190621322973, -30.02520022488247], [-51.45190621322973, -30.02573921405294], [-51.451367224059254, -30.025469719467704]], [[-51.45190621322973, -30.02573921405294], [-51.45217570781496, -30.026008708638177], [-51.45190621322973, -30.026008708638177], [-51.45190621322973, -30.02573921405294]], [[-51.45217570781496, -30.026008708638177], [-51.45271469698543, -30.02654769780865], [-51.45217570781496, -30.026278203223413], [-51.45217570781496, -30.026008708638177]], [[-51.44382137567265, -30.024391741126763], [-51.44436036484312, -30.024661235712], [-51.44382137567265, -30.024661235712], [-51.44382137567265, -30.024391741126763]], [[-51.44436036484312, -30.024661235712], [-51.44489935401359, -30.024930730297235], [-51.44436036484312, -30.024930730297235], [-51.44436036484312, -30.024661235712]], [[-51.44489935401359, -30.024930730297235], [-51.445438343184065, -30.02520022488247], [-51.44489935401359, -30.02520022488247], [-51.44489935401359, -30.024930730297235]], [[-51.44597733235454, -30.03490202995096], [-51.44597733235454, -30.0389444487295], [-51.445438343184065, -30.03948343789997], [-51.44651632152501, -30.02708668697912], [-51.445707837769305, -30.02520022488247], [-51.447324805280715, -30.02520022488247], [-51.44597733235454, -30.03490202995096]], [[-51.44705531069548, -30.027625676149594], [-51.447594299865955, -30.028164665320066], [-51.447324805280715, -30.028164665320066], [-51.44705531069548, -30.027625676149594]], [[-51.46915386668482, -30.026278203223413], [-51.46942336127006, -30.026817192393885], [-51.46915386668482, -30.026817192393885], [-51.46915386668482, -30.026278203223413]], [[-51.46942336127006, -30.026817192393885], [-51.46969285585529, -30.027625676149594], [-51.46942336127006, -30.027625676149594], [-51.46942336127006, -30.026817192393885]], [[-51.46969285585529, -30.027625676149594], [-51.46996235044053, -30.0284341599053], [-51.46969285585529, -30.0284341599053], [-51.46969285585529, -30.027625676149594]], [[-51.46996235044053, -30.0284341599053], [-51.470231845025765, -30.028703654490535], [-51.46996235044053, -30.028703654490535], [-51.46996235044053, -30.0284341599053]], [[-51.466458920832466, -30.028164665320066], [-51.466189426247226, -30.0284341599053], [-51.466189426247226, -30.028164665320066], [-51.466458920832466, -30.028164665320066]], [[-51.466189426247226, -30.0284341599053], [-51.46511144790628, -30.028703654490535], [-51.46511144790628, -30.0284341599053], [-51.466189426247226, -30.0284341599053]], [[-51.46484195332105, -30.028164665320066], [-51.464033469565344, -30.028703654490535], [-51.464033469565344, -30.0284341599053], [-51.46484195332105, -30.028164665320066]], [[-51.45837408327539, -30.0284341599053], [-51.45702661034921, -30.0284341599053], [-51.45648762117874, -30.028703654490535], [-51.45648762117874, -30.028164665320066], [-51.45837408327539, -30.0284341599053]], [[-51.453792675326376, -30.028164665320066], [-51.454062169911616, -30.028703654490535], [-51.453792675326376, -30.028703654490535], [-51.453792675326376, -30.028164665320066]], [[-51.454062169911616, -30.028703654490535], [-51.45433166449685, -30.02897314907577], [-51.454062169911616, -30.02897314907577], [-51.454062169911616, -30.028703654490535]], [[-51.455948632008266, -30.02897314907577], [-51.45540964283779, -30.030051127416716], [-51.45433166449685, -30.029512138246243], [-51.45433166449685, -30.02897314907577], [-51.455948632008266, -30.02897314907577]], [[-51.451636718644494, -30.029512138246243], [-51.45109772947402, -30.02978163283148], [-51.45109772947402, -30.029512138246243], [-51.451636718644494, -30.029512138246243]], [[-51.45109772947402, -30.02978163283148], [-51.45082823488878, -30.030859611172424], [-51.45082823488878, -30.02978163283148], [-51.45109772947402, -30.02978163283148]], [[-51.47966415550902, -30.032476578683838], [-51.478855671753315, -30.03301556785431], [-51.478855671753315, -30.032746073269074], [-51.47966415550902, -30.032476578683838]], [[-51.47696920965666, -30.03301556785431], [-51.4772387042419, -30.033285062439546], [-51.47696920965666, -30.033285062439546], [-51.47696920965666, -30.03301556785431]], [[-51.4772387042419, -30.033285062439546], [-51.47750819882713, -30.033554557024782], [-51.4772387042419, -30.033554557024782], [-51.4772387042419, -30.033285062439546]], [[-51.47750819882713, -30.033554557024782], [-51.47777769341237, -30.03382405161002], [-51.47750819882713, -30.03382405161002], [-51.47750819882713, -30.033554557024782]], [[-51.47777769341237, -30.03382405161002], [-51.4780471879976, -30.034093546195255], [-51.47777769341237, -30.034093546195255], [-51.47777769341237, -30.03382405161002]], [[-51.4780471879976, -30.034093546195255], [-51.47831668258284, -30.034363040780487], [-51.4780471879976, -30.034363040780487], [-51.4780471879976, -30.034093546195255]], [[-51.47831668258284, -30.034363040780487], [-51.478586177168076, -30.034632535365724], [-51.47831668258284, -30.034632535365724], [-51.47831668258284, -30.034363040780487]], [[-51.478586177168076, -30.034632535365724], [-51.478855671753315, -30.03490202995096], [-51.478586177168076, -30.03490202995096], [-51.478586177168076, -30.034632535365724]], [[-51.44705531069548, -30.03490202995096], [-51.447594299865955, -30.034363040780487], [-51.447594299865955, -30.03490202995096], [-51.44705531069548, -30.03490202995096]], [[-51.453792675326376, -30.03624950287714], [-51.45433166449685, -30.037596975803318], [-51.45298419157067, -30.03732748121808], [-51.453792675326376, -30.03624950287714]], [[-51.45298419157067, -30.03732748121808], [-51.45271469698543, -30.037596975803318], [-51.45271469698543, -30.03732748121808], [-51.45298419157067, -30.03732748121808]], [[-51.45217570781496, -30.036788492047613], [-51.451636718644494, -30.03813596497379], [-51.45055874030355, -30.03813596497379], [-51.45217570781496, -30.036788492047613]], [[-51.43681451645652, -30.037866470388554], [-51.43762300021223, -30.038405459559026], [-51.43681451645652, -30.038405459559026], [-51.43681451645652, -30.037866470388554]]]}, "properties": {"cultura": "Arroz"}}, {"type": "Feature", "geometry": {"type": "Polygon", "coordinates": [[[-51.44409087025789, -30.002562679722658], [-51.44436036484312, -30.00229318513742], [-51.44409087025789, -30.00229318513742], [-51.44409087025789, -30.002562679722658]]]}, "properties": {"cultura": "Arroz"}}, {"type": "Feature", "geometry": {"type": "Polygon", "coordinates": [[[-51.44489935401359, -30.002023690552186], [-51.44436036484312, -30.00229318513742], [-51.44489935401359, -30.00229318513742], [-51.44489935401359, -30.002023690552186]]]}, "properties": {"cultura": "Arroz"}}, {"type": "Feature", "geometry": {"type": "Polygon", "coordinates": [[[-51.44489935401359, -30.002023690552186], [-51.44516884859883, -30.00175419596695], [-51.44489935401359, -30.00175419596695], [-51.44489935401359, -30.002023690552186]]]}, "properties": {"cultura": "Arroz"}}, {"type": "Feature", "geometry": {"type": "Polygon", "coordinates": [[[-51.44462985942836, -30.00175419596695], [-51.44409087025789, -30.00067621762601], [-51.44382137567265, -30.00175419596695], [-51.44462985942836, -30.00175419596695]]]}, "properties": {"cultura": "Arroz"}}, {"type": "Feature", "geometry": {"type": "Polygon", "coordinates": [[[-51.44220440816124, -29.990974412557517], [-51.441934913576, -29.99070491797228], [-51.441934913576, -29.990974412557517], [-51.44220440816124, -29.990974412557517]]]}, "properties": {"cultura": "Arroz"}}, {"type": "Feature", "geometry": {"type": "Polygon", "coordinates": [[[-51.38911397486977, -30.096616289969973], [-51.3885749856993, -30.098502752066622], [-51.39315639364831, -30.10119769791898], [-51.40043274744968, -30.09931123582233], [-51.40043274744968, -30.09796376289615], [-51.39935476910873, -30.097694268310914], [-51.395851339500666, -30.09796376289615], [-51.39046144779595, -30.095807806214264], [-51.38911397486977, -30.096616289969973]]]}, "properties": {"cultura": "Arroz"}}, {"type": "Feature", "geometry": {"type": "Polygon", "coordinates": [[[-51.41282949837053, -30.089878925339075], [-51.41309899295576, -30.08960943075384], [-51.41282949837053, -30.08960943075384], [-51.41282949837053, -30.089878925339075]]]}, "properties": {"cultura": "Arroz"}}, {"type": "Feature", "geometry": {"type": "Polygon", "coordinates": [[[-51.41309899295576, -30.08960943075384], [-51.413368487541, -30.089339936168603], [-51.41309899295576, -30.089339936168603], [-51.41309899295576, -30.08960943075384]]]}, "properties": {"cultura": "Arroz"}}, {"type": "Feature", "geometry": {"type": "Polygon", "coordinates": [[[-51.41390747671147, -30.089070441583367], [-51.413368487541, -30.089339936168603], [-51.41390747671147, -30.089339936168603], [-51.41390747671147, -30.089070441583367]]]}, "properties": {"cultura": "Arroz"}}, {"type": "Feature", "geometry": {"type": "Polygon", "coordinates": [[[-51.43438906518939, -30.089070441583367], [-51.43627552728605, -30.090417914509548], [-51.43627552728605, -30.092304376606197], [-51.43870097855317, -30.091495892850492], [-51.44031794606458, -30.09203488202096], [-51.44436036484312, -30.0855670119753], [-51.443551881087416, -30.084219539049123], [-51.439778956894116, -30.083411055293414], [-51.43789249479746, -30.081524593196765], [-51.43843148396793, -30.080716109441056], [-51.43681451645652, -30.07963813110011], [-51.433041592263216, -30.079907625685347], [-51.43358058143369, -30.082333076952473], [-51.433041592263216, -30.08368054987865], [-51.431155130166566, -30.084219539049123], [-51.43034664641086, -30.08691448490148], [-51.43196361392227, -30.08691448490148], [-51.433311086848455, -30.089339936168603], [-51.4314246247518, -30.08772296865719], [-51.43088563558133, -30.08772296865719], [-51.43088563558133, -30.089070441583367], [-51.42980765724039, -30.089339936168603], [-51.433041592263216, -30.09014841992431], [-51.43438906518939, -30.089070441583367]], [[-51.43385007601893, -30.089070441583367], [-51.43358058143369, -30.08880094699813], [-51.43385007601893, -30.08880094699813], [-51.43385007601893, -30.089070441583367]]]}, "properties": {"cultura": "Arroz"}}, {"type": "Feature", "geometry": {"type": "Polygon", "coordinates": [[[-51.402049714961095, -30.084219539049123], [-51.40312769330204, -30.08368054987865], [-51.401780220375855, -30.08368054987865], [-51.402049714961095, -30.084219539049123]]]}, "properties": {"cultura": "Arroz"}}, {"type": "Feature", "geometry": {"type": "Polygon", "coordinates": [[[-51.38803599652883, -30.075595712321576], [-51.387497007358355, -30.075056723151103], [-51.38614953443218, -30.07775166900346], [-51.38668852360265, -30.079099141929643], [-51.387497007358355, -30.077482174418225], [-51.38992245862548, -30.07856015275917], [-51.39126993155166, -30.076943185247753], [-51.39100043696642, -30.074787228565867], [-51.38803599652883, -30.075595712321576]]]}, "properties": {"cultura": "Arroz"}}, {"type": "Feature", "geometry": {"type": "Polygon", "coordinates": [[[-51.42441776553567, -30.069127842275915], [-51.4238787763652, -30.069666831446387], [-51.42441776553567, -30.06939733686115], [-51.42441776553567, -30.069127842275915]]]}, "properties": {"cultura": "Arroz"}}, {"type": "Feature", "geometry": {"type": "Polygon", "coordinates": [[[-51.42576523846185, -30.068588853105442], [-51.424956754706145, -30.06939733686115], [-51.42576523846185, -30.06939733686115], [-51.42576523846185, -30.068588853105442]]]}, "properties": {"cultura": "Arroz"}}, {"type": "Feature", "geometry": {"type": "Polygon", "coordinates": [[[-51.42360928177996, -30.069127842275915], [-51.4238787763652, -30.068588853105442], [-51.42360928177996, -30.068588853105442], [-51.42360928177996, -30.069127842275915]]]}, "properties": {"cultura": "Arroz"}}, {"type": "Feature", "geometry": {"type": "Polygon", "coordinates": [[[-51.4276517005585, -30.06481592891214], [-51.42792119514374, -30.064546434326903], [-51.4276517005585, -30.064546434326903], [-51.4276517005585, -30.06481592891214]]]}, "properties": {"cultura": "Arroz"}}, {"type": "Feature", "geometry": {"type": "Polygon", "coordinates": [[[-51.437084011041755, -30.052958167161762], [-51.43385007601893, -30.052958167161762], [-51.43088563558133, -30.05565311301412], [-51.4314246247518, -30.052958167161762], [-51.42819068972897, -30.052688672576526], [-51.42819068972897, -30.05565311301412], [-51.42603473304708, -30.057539575110773], [-51.426843216802794, -30.06427693974167], [-51.428460184314204, -30.064546434326903], [-51.42899917348468, -30.063468455985962], [-51.43034664641086, -30.056192102184593], [-51.43088563558133, -30.056192102184593], [-51.43034664641086, -30.058348058866482], [-51.431155130166566, -30.059156542622187], [-51.439239967723644, -30.059426037207423], [-51.439239967723644, -30.059965026377895], [-51.441126429820294, -30.059965026377895], [-51.441395924405526, -30.059156542622187], [-51.44436036484312, -30.059965026377895], [-51.445707837769305, -30.059156542622187], [-51.44651632152501, -30.05511412384365], [-51.44786379445119, -30.055922607599356], [-51.45028924571831, -30.05565311301412], [-51.45082823488878, -30.054844629258415], [-51.44409087025789, -30.05376665091747], [-51.43870097855317, -30.05376665091747], [-51.437084011041755, -30.052958167161762]], [[-51.44301289191694, -30.054036145502707], [-51.44247390274647, -30.05457513467318], [-51.44247390274647, -30.054036145502707], [-51.44301289191694, -30.054036145502707]], [[-51.439239967723644, -30.057270080525537], [-51.43950946230888, -30.058078564281246], [-51.438970473138404, -30.058348058866482], [-51.438970473138404, -30.05780906969601], [-51.439239967723644, -30.057270080525537]]]}, "properties": {"cultura": "Arroz"}}, {"type": "Feature", "geometry": {"type": "Polygon", "coordinates": [[[-51.39315639364831, -30.04541231877516], [-51.393425888233544, -30.045142824189924], [-51.39315639364831, -30.045142824189924], [-51.39315639364831, -30.04541231877516]]]}, "properties": {"cultura": "Arroz"}}, {"type": "Feature", "geometry": {"type": "Polygon", "coordinates": [[[-51.42226180885378, -30.042986867508038], [-51.422531303439015, -30.0427173729228], [-51.42226180885378, -30.0427173729228], [-51.42226180885378, -30.042986867508038]]]}, "properties": {"cultura": "Arroz"}}, {"type": "Feature", "geometry": {"type": "Polygon", "coordinates": [[[-51.428460184314204, -30.036788492047613], [-51.42792119514374, -30.03624950287714], [-51.42738220597327, -30.03624950287714], [-51.428460184314204, -30.036788492047613]]]}, "properties": {"cultura": "Arroz"}}, {"type": "Feature", "geometry": {"type": "Polygon", "coordinates": [[[-51.424956754706145, -30.01549841981398], [-51.42414827095043, -30.01549841981398], [-51.4238787763652, -30.01468993605827], [-51.42199231426855, -30.0141509468878], [-51.42199231426855, -30.014959430643508], [-51.42360928177996, -30.015767914399216], [-51.424956754706145, -30.01549841981398]]]}, "properties": {"cultura": "Arroz"}}, {"type": "Feature", "geometry": {"type": "Polygon", "coordinates": [[[-51.38722751277312, -30.01226448479115], [-51.38695801818788, -30.011725495620677], [-51.38695801818788, -30.01226448479115], [-51.38722751277312, -30.01226448479115]]]}, "properties": {"cultura": "Arroz"}}, {"type": "Feature", "geometry": {"type": "Polygon", "coordinates": [[[-51.40312769330204, -30.00579661474549], [-51.40339718788727, -30.005527120160252], [-51.40312769330204, -30.005527120160252], [-51.40312769330204, -30.00579661474549]]]}, "properties": {"cultura": "Arroz"}}, {"type": "Feature", "geometry": {"type": "Polygon", "coordinates": [[[-51.43088563558133, -30.003371163478366], [-51.43034664641086, -30.00391015264884], [-51.431155130166566, -30.00391015264884], [-51.43088563558133, -30.003371163478366]]]}, "properties": {"cultura": "Arroz"}}, {"type": "Feature", "geometry": {"type": "Polygon", "coordinates": [[[-51.43034664641086, -30.003371163478366], [-51.42980765724039, -30.002832174307894], [-51.42953816265515, -30.003371163478366], [-51.43034664641086, -30.003371163478366]]]}, "properties": {"cultura": "Arroz"}}, {"type": "Feature", "geometry": {"type": "Polygon", "coordinates": [[[-51.407709101251044, -30.00310166889313], [-51.40797859583628, -30.002832174307894], [-51.407709101251044, -30.002832174307894], [-51.407709101251044, -30.00310166889313]]]}, "properties": {"cultura": "Arroz"}}, {"type": "Feature", "geometry": {"type": "Polygon", "coordinates": [[[-51.43088563558133, -30.002023690552186], [-51.42980765724039, -30.00175419596695], [-51.42980765724039, -30.002562679722658], [-51.43034664641086, -30.002562679722658], [-51.43088563558133, -30.002023690552186]]]}, "properties": {"cultura": "Arroz"}}, {"type": "Feature", "geometry": {"type": "Polygon", "coordinates": [[[-51.40905657417723, -30.001484701381713], [-51.408517585006756, -30.002023690552186], [-51.40905657417723, -30.00175419596695], [-51.40905657417723, -30.001484701381713]]]}, "properties": {"cultura": "Arroz"}}, {"type": "Feature", "geometry": {"type": "Polygon", "coordinates": [[[-51.4276517005585, -29.9998677338703], [-51.42792119514374, -30.00229318513742], [-51.428460184314204, -30.00229318513742], [-51.42899917348468, -30.000137228455536], [-51.4276517005585, -29.9998677338703]]]}, "properties": {"cultura": "Arroz"}}, {"type": "Feature", "geometry": {"type": "Polygon", "coordinates": [[[-51.428729678899444, -29.9998677338703], [-51.42819068972897, -29.999598239285064], [-51.42819068972897, -29.9998677338703], [-51.428729678899444, -29.9998677338703]]]}, "properties": {"cultura": "Arroz"}}, {"type": "Feature", "geometry": {"type": "Polygon", "coordinates": [[[-51.428460184314204, -29.99798127177365], [-51.42792119514374, -29.99717278801794], [-51.4276517005585, -29.997711777188414], [-51.428460184314204, -29.99798127177365]]]}, "properties": {"cultura": "Arroz"}}, {"type": "Feature", "geometry": {"type": "Polygon", "coordinates": [[[-51.42980765724039, -29.99798127177365], [-51.43034664641086, -29.99663379884747], [-51.42899917348468, -29.99663379884747], [-51.428729678899444, -29.997711777188414], [-51.42980765724039, -29.99798127177365]]]}, "properties": {"cultura": "Arroz"}}, {"type": "Feature", "geometry": {"type": "Polygon", "coordinates": [[[-51.441126429820294, -29.996364304262233], [-51.441395924405526, -29.996094809676997], [-51.441126429820294, -29.996094809676997], [-51.441126429820294, -29.996364304262233]]]}, "properties": {"cultura": "Arroz"}}, {"type": "Feature", "geometry": {"type": "Polygon", "coordinates": [[[-51.39504285574496, -29.99663379884747], [-51.395581844915434, -29.99582531509176], [-51.395312350330194, -29.995016831336056], [-51.39450386657449, -29.995555820506524], [-51.39504285574496, -29.99663379884747]]]}, "properties": {"cultura": "Arroz"}}, {"type": "Feature", "geometry": {"type": "Polygon", "coordinates": [[[-51.396120834085906, -29.995016831336056], [-51.396120834085906, -29.99393885299511], [-51.395581844915434, -29.99393885299511], [-51.395312350330194, -29.995016831336056], [-51.396120834085906, -29.995016831336056]]]}, "properties": {"cultura": "Arroz"}}, {"type": "Feature", "geometry": {"type": "Polygon", "coordinates": [[[-51.434928054359865, -29.994208347580347], [-51.435197548945105, -29.99393885299511], [-51.434928054359865, -29.99393885299511], [-51.434928054359865, -29.994208347580347]]]}, "properties": {"cultura": "Arroz"}}, {"type": "Feature", "geometry": {"type": "Polygon", "coordinates": [[[-51.396120834085906, -29.99393885299511], [-51.39639032867114, -29.99339986382464], [-51.396120834085906, -29.99339986382464], [-51.396120834085906, -29.99393885299511]]]}, "properties": {"cultura": "Arroz"}}, {"type": "Feature", "geometry": {"type": "Polygon", "coordinates": [[[-51.412290509200055, -29.992860874654166], [-51.41282949837053, -29.992321885483694], [-51.41202101461482, -29.992321885483694], [-51.412290509200055, -29.992860874654166]]]}, "properties": {"cultura": "Arroz"}}, {"type": "Feature", "geometry": {"type": "Polygon", "coordinates": [[[-51.43465855977463, -29.99582531509176], [-51.439778956894116, -29.996094809676997], [-51.441126429820294, -29.995016831336056], [-51.44031794606458, -29.992321885483694], [-51.441395924405526, -29.992860874654166], [-51.441934913576, -29.990435423387044], [-51.4381619893827, -29.98747098294945], [-51.43573653811558, -29.98747098294945], [-51.43088563558133, -29.989626939631336], [-51.4314246247518, -29.994208347580347], [-51.43196361392227, -29.99474733675082], [-51.43358058143369, -29.994208347580347], [-51.43465855977463, -29.99582531509176]], [[-51.43385007601893, -29.993669358409875], [-51.43438906518939, -29.992321885483694], [-51.434928054359865, -29.99339986382464], [-51.43573653811558, -29.99339986382464], [-51.434928054359865, -29.99151340172799], [-51.43627552728605, -29.990165928801808], [-51.437084011041755, -29.990974412557517], [-51.437084011041755, -29.990165928801808], [-51.438970473138404, -29.990435423387044], [-51.439778956894116, -29.989626939631336], [-51.440856935235054, -29.990974412557517], [-51.43870097855317, -29.992860874654166], [-51.437084011041755, -29.99259138006893], [-51.437084011041755, -29.993130369239402], [-51.435197548945105, -29.993669358409875], [-51.43654502187128, -29.994477842165583], [-51.43465855977463, -29.99474733675082], [-51.43385007601893, -29.993669358409875]]]}, "properties": {"cultura": "Arroz"}}, {"type": "Feature", "geometry": {"type": "Polygon", "coordinates": [[[-51.431155130166566, -29.988009972119922], [-51.43088563558133, -29.989087950460863], [-51.43223310850751, -29.98881845587563], [-51.4314246247518, -29.988548961290395], [-51.431155130166566, -29.988009972119922]]]}, "properties": {"cultura": "Arroz"}}, {"type": "Feature", "geometry": {"type": "Polygon", "coordinates": [[[-51.36917137556232, -30.094460333288087], [-51.3705188484885, -30.094460333288087], [-51.3705188484885, -30.093651849532378], [-51.36917137556232, -30.093921344117614], [-51.36917137556232, -30.094460333288087]]]}, "properties": {"cultura": "Arroz"}}, {"type": "Feature", "geometry": {"type": "Polygon", "coordinates": [[[-51.368901880977084, -30.093651849532378], [-51.36782390263614, -30.093921344117614], [-51.368901880977084, -30.09419083870285], [-51.368901880977084, -30.093651849532378]]]}, "properties": {"cultura": "Arroz"}}, {"type": "Feature", "geometry": {"type": "Polygon", "coordinates": [[[-51.36944087014756, -30.093382354947142], [-51.36997985931803, -30.093112860361906], [-51.36944087014756, -30.093112860361906], [-51.36944087014756, -30.093382354947142]]]}, "properties": {"cultura": "Arroz"}}, {"type": "Feature", "geometry": {"type": "Polygon", "coordinates": [[[-51.38722751277312, -30.080177120270584], [-51.35785260298241, -30.08368054987865], [-51.35785260298241, -30.084758528219595], [-51.360547548834774, -30.085297517390067], [-51.362973000101896, -30.08691448490148], [-51.364859462198545, -30.08691448490148], [-51.36593744053949, -30.08826195782766], [-51.36593744053949, -30.09014841992431], [-51.36728491346567, -30.090687409094784], [-51.36728491346567, -30.092573871191433], [-51.37240531058515, -30.090687409094784], [-51.37186632141468, -30.091765387435725], [-51.37375278351133, -30.091765387435725], [-51.373213794340856, -30.092573871191433], [-51.37240531058515, -30.09203488202096], [-51.36997985931803, -30.092573871191433], [-51.37213581599991, -30.095538311629028], [-51.39046144779595, -30.086644990316245], [-51.39019195321072, -30.084219539049123], [-51.39073094238119, -30.083950044463887], [-51.38830549111407, -30.083141560708178], [-51.38884448028453, -30.082602571537706], [-51.387497007358355, -30.081794087782], [-51.38722751277312, -30.080177120270584]], [[-51.37240531058515, -30.090417914509548], [-51.373213794340856, -30.09014841992431], [-51.372674805170384, -30.08880094699813], [-51.37294429975562, -30.08826195782766], [-51.3742917726818, -30.09095690368002], [-51.37617823477845, -30.091226398265256], [-51.37617823477845, -30.092573871191433], [-51.37483076185227, -30.091765387435725], [-51.375100256437506, -30.091226398265256], [-51.37294429975562, -30.091495892850492], [-51.37240531058515, -30.090417914509548]], [[-51.372674805170384, -30.08826195782766], [-51.37240531058515, -30.087453474071953], [-51.372674805170384, -30.087453474071953], [-51.372674805170384, -30.08826195782766]], [[-51.37240531058515, -30.087453474071953], [-51.37213581599991, -30.08691448490148], [-51.37240531058515, -30.08691448490148], [-51.37240531058515, -30.087453474071953]], [[-51.37213581599991, -30.08691448490148], [-51.37186632141468, -30.086106001145772], [-51.37213581599991, -30.086106001145772], [-51.37213581599991, -30.08691448490148]], [[-51.37159682682944, -30.086106001145772], [-51.37105783765897, -30.08502802280483], [-51.37105783765897, -30.083950044463887], [-51.37186632141468, -30.0855670119753], [-51.37294429975562, -30.0855670119753], [-51.37159682682944, -30.086106001145772]], [[-51.371327332244206, -30.085836506560536], [-51.3705188484885, -30.086106001145772], [-51.3705188484885, -30.085836506560536], [-51.371327332244206, -30.085836506560536]], [[-51.3705188484885, -30.086106001145772], [-51.36917137556232, -30.08637549573101], [-51.36917137556232, -30.086106001145772], [-51.3705188484885, -30.086106001145772]], [[-51.36917137556232, -30.08637549573101], [-51.36836289180661, -30.086644990316245], [-51.36836289180661, -30.08637549573101], [-51.36917137556232, -30.08637549573101]], [[-51.37294429975562, -30.0855670119753], [-51.373483288926096, -30.085297517390067], [-51.373483288926096, -30.0855670119753], [-51.37294429975562, -30.0855670119753]], [[-51.37402227809656, -30.089878925339075], [-51.37456126726703, -30.08960943075384], [-51.375369751022745, -30.08960943075384], [-51.37483076185227, -30.09014841992431], [-51.37402227809656, -30.089878925339075]], [[-51.375369751022745, -30.08960943075384], [-51.37590874019322, -30.089339936168603], [-51.37590874019322, -30.08960943075384], [-51.375369751022745, -30.08960943075384]], [[-51.37590874019322, -30.089070441583367], [-51.37644772936369, -30.089070441583367], [-51.376986718534155, -30.08880094699813], [-51.37671722394892, -30.089339936168603], [-51.37590874019322, -30.089070441583367]], [[-51.376986718534155, -30.08880094699813], [-51.37779520228987, -30.088531452412894], [-51.37779520228987, -30.08880094699813], [-51.376986718534155, -30.08880094699813]], [[-51.38830549111407, -30.083141560708178], [-51.387497007358355, -30.083411055293414], [-51.387497007358355, -30.083141560708178], [-51.38830549111407, -30.083141560708178]], [[-51.387497007358355, -30.081794087782], [-51.385610545261706, -30.082063582367237], [-51.385610545261706, -30.081794087782], [-51.387497007358355, -30.081794087782]], [[-51.382915599409344, -30.08368054987865], [-51.38264610482411, -30.083950044463887], [-51.38264610482411, -30.08368054987865], [-51.382915599409344, -30.08368054987865]], [[-51.38264610482411, -30.083950044463887], [-51.38156812648317, -30.084219539049123], [-51.38156812648317, -30.083950044463887], [-51.38264610482411, -30.083950044463887]], [[-51.389652964040245, -30.084219539049123], [-51.3885749856993, -30.08448903363436], [-51.3885749856993, -30.084219539049123], [-51.389652964040245, -30.084219539049123]], [[-51.3885749856993, -30.08448903363436], [-51.387766501943595, -30.084758528219595], [-51.387766501943595, -30.08448903363436], [-51.3885749856993, -30.08448903363436]], [[-51.387766501943595, -30.084758528219595], [-51.38641902901741, -30.08502802280483], [-51.38641902901741, -30.084758528219595], [-51.387766501943595, -30.084758528219595]], [[-51.381298631897934, -30.084219539049123], [-51.37995115897175, -30.08448903363436], [-51.37995115897175, -30.084219539049123], [-51.381298631897934, -30.084219539049123]], [[-51.37995115897175, -30.08448903363436], [-51.37860368604557, -30.084758528219595], [-51.37860368604557, -30.08448903363436], [-51.37995115897175, -30.08448903363436]], [[-51.376986718534155, -30.08502802280483], [-51.37833419146034, -30.084758528219595], [-51.37833419146034, -30.08502802280483], [-51.376986718534155, -30.08502802280483]], [[-51.38453256692076, -30.085836506560536], [-51.38695801818788, -30.0855670119753], [-51.38722751277312, -30.086106001145772], [-51.38453256692076, -30.085836506560536]], [[-51.38399357775029, -30.085836506560536], [-51.38426307233553, -30.08637549573101], [-51.383454588579816, -30.08637549573101], [-51.38399357775029, -30.085836506560536]], [[-51.36647642970996, -30.08691448490148], [-51.36809339722137, -30.086644990316245], [-51.36809339722137, -30.08691448490148], [-51.36647642970996, -30.08691448490148]], [[-51.38022065355699, -30.08772296865719], [-51.37887318063081, -30.08826195782766], [-51.38183762106841, -30.08691448490148], [-51.38022065355699, -30.08772296865719]], [[-51.36944087014756, -30.08880094699813], [-51.368901880977084, -30.089070441583367], [-51.368901880977084, -30.08880094699813], [-51.36944087014756, -30.08880094699813]], [[-51.368632386391845, -30.08880094699813], [-51.36836289180661, -30.09014841992431], [-51.36782390263614, -30.08880094699813], [-51.368632386391845, -30.08880094699813]]]}, "properties": {"cultura": "Arroz"}}, {"type": "Feature", "geometry": {"type": "Polygon", "coordinates": [[[-51.35542715171529, -30.07936863651488], [-51.35515765713006, -30.078021163588698], [-51.35488816254482, -30.078021163588698], [-51.35542715171529, -30.07936863651488]]]}, "properties": {"cultura": "Arroz"}}, {"type": "Feature", "geometry": {"type": "Polygon", "coordinates": [[[-51.354618667959585, -30.077482174418225], [-51.35488816254482, -30.078021163588698], [-51.35488816254482, -30.077482174418225], [-51.354618667959585, -30.077482174418225]]]}, "properties": {"cultura": "Arroz"}}, {"type": "Feature", "geometry": {"type": "Polygon", "coordinates": [[[-51.35407967878911, -30.076134701492048], [-51.35354068961864, -30.076404196077284], [-51.35407967878911, -30.076673690662517], [-51.35407967878911, -30.076134701492048]]]}, "properties": {"cultura": "Arroz"}}, {"type": "Feature", "geometry": {"type": "Polygon", "coordinates": [[[-51.35300170044817, -30.074787228565867], [-51.35300170044817, -30.07532621773634], [-51.35354068961864, -30.075865206906812], [-51.35300170044817, -30.074787228565867]]]}, "properties": {"cultura": "Arroz"}}, {"type": "Feature", "geometry": {"type": "Polygon", "coordinates": [[[-51.356505130056235, -30.05888704803695], [-51.35677462464147, -30.058348058866482], [-51.356505130056235, -30.058348058866482], [-51.356505130056235, -30.05888704803695]]]}, "properties": {"cultura": "Arroz"}}, {"type": "Feature", "geometry": {"type": "Polygon", "coordinates": [[[-51.35920007590859, -30.055383618428884], [-51.35946957049383, -30.05511412384365], [-51.35920007590859, -30.05511412384365], [-51.35920007590859, -30.055383618428884]]]}, "properties": {"cultura": "Arroz"}}, {"type": "Feature", "geometry": {"type": "Polygon", "coordinates": [[[-51.375369751022745, -30.047568275457046], [-51.37563924560798, -30.047837770042282], [-51.37563924560798, -30.047568275457046], [-51.375369751022745, -30.047568275457046]]]}, "properties": {"cultura": "Arroz"}}, {"type": "Feature", "geometry": {"type": "Polygon", "coordinates": [[[-51.356235635470995, -29.974535242858128], [-51.35300170044817, -29.974804737443364], [-51.352462711277695, -29.978038672466194], [-51.352462711277695, -29.983159069585675], [-51.35542715171529, -29.987740477534686], [-51.35165422752199, -29.98666249919374], [-51.35138473293675, -29.988009972119922], [-51.34653383040251, -29.988009972119922], [-51.34545585206156, -29.98747098294945], [-51.34545585206156, -29.98612351002327], [-51.344108379135385, -29.98612351002327], [-51.34545585206156, -29.989626939631336], [-51.345994841232034, -29.99339986382464], [-51.34734231415821, -29.993130369239402], [-51.34734231415821, -29.99205239089846], [-51.34761180874345, -29.993669358409875], [-51.3494982708401, -29.99339986382464], [-51.35084574376628, -29.991782896313225], [-51.35138473293675, -29.989087950460863], [-51.35219321669246, -29.993130369239402], [-51.349767765425334, -29.994208347580347], [-51.35192372210722, -29.994477842165583], [-51.35192372210722, -29.993669358409875], [-51.35381018420387, -29.99339986382464], [-51.35407967878911, -29.99393885299511], [-51.35273220586293, -29.994477842165583], [-51.35300170044817, -29.996364304262233], [-51.35542715171529, -29.996094809676997], [-51.358391592152884, -30.00067621762601], [-51.35973906507906, -29.99905925011459], [-51.362973000101896, -30.000406723040772], [-51.36458996761331, -30.000137228455536], [-51.36351198927237, -30.001484701381713], [-51.36351198927237, -30.00310166889313], [-51.349767765425334, -30.00579661474549], [-51.35003726001057, -30.001484701381713], [-51.34922877625487, -30.001484701381713], [-51.34895928166963, -30.002832174307894], [-51.347881303328684, -30.003371163478366], [-51.348420292499156, -30.005257625575016], [-51.34653383040251, -30.00498813098978], [-51.34518635747633, -30.005257625575016], [-51.34545585206156, -30.010378022694496], [-51.34464736830586, -30.01091701186497], [-51.34734231415821, -30.011186506450205], [-51.33925747660114, -30.011725495620677], [-51.344108379135385, -30.01091701186497], [-51.34437787372062, -30.009839033524027], [-51.34491686289109, -30.00956953893879], [-51.34356938996491, -30.009300044353555], [-51.344108379135385, -30.006066109330725], [-51.34168292786826, -30.005257625575016], [-51.34168292786826, -30.004449141819308], [-51.34249141162397, -30.002832174307894], [-51.34249141162397, -30.004449141819308], [-51.344108379135385, -30.004718636404544], [-51.34491686289109, -30.00391015264884], [-51.345994841232034, -29.99717278801794], [-51.34518635747633, -29.994208347580347], [-51.34141343328302, -29.99528632592129], [-51.34114393869779, -29.99393885299511], [-51.33871848743067, -29.994208347580347], [-51.3389879820159, -30.003371163478366], [-51.33009466070312, -30.003640658063603], [-51.329555671532646, -30.005257625575016], [-51.33063364987359, -30.008761055183083], [-51.329825166117885, -30.008761055183083], [-51.32928617694741, -30.00633560391596], [-51.32901668236217, -30.008761055183083], [-51.32254881231651, -30.007952571427374], [-51.32227931773128, -30.009300044353555], [-51.3209318448051, -30.008761055183083], [-51.3209318448051, -30.007952571427374], [-51.31985386646416, -30.007952571427374], [-51.31985386646416, -30.010108528109264], [-51.32174032856081, -30.010378022694496], [-51.32200982314605, -30.011186506450205], [-51.31985386646416, -30.01145600103544], [-51.31985386646416, -30.01226448479115], [-51.31850639353798, -30.011725495620677], [-51.32012336104939, -30.015767914399216], [-51.32227931773128, -30.016037408984452], [-51.31958437187892, -30.01657639815492], [-51.319314877293685, -30.017923871081102], [-51.321470833975575, -30.01819336566634], [-51.321470833975575, -30.01927134400728], [-51.32227931773128, -30.01927134400728], [-51.32254881231651, -30.020888311518696], [-51.32066235021986, -30.02196628985964], [-51.32174032856081, -30.022774773615346], [-51.323357296072224, -30.02654769780865], [-51.32443527441317, -30.026817192393885], [-51.32362679065746, -30.02789517073483], [-51.32551325275411, -30.030051127416716], [-51.32659123109505, -30.03490202995096], [-51.32820819860647, -30.03705798663285], [-51.329825166117885, -30.036518997462377], [-51.3314421336293, -30.0389444487295], [-51.33278960655548, -30.039213943314735], [-51.33117263904406, -30.039213943314735], [-51.33090314445883, -30.041639394581857], [-51.333867584896424, -30.043256362093274], [-51.33656253074878, -30.043256362093274], [-51.335484552407834, -30.04406484584898], [-51.335484552407834, -30.044873329604687], [-51.33602354157831, -30.04460383501945], [-51.335484552407834, -30.04864625379799], [-51.33656253074878, -30.049185242968463], [-51.33710151991925, -30.050802210479876], [-51.33925747660114, -30.05053271589464], [-51.3389879820159, -30.051610694235585], [-51.340065960356846, -30.05188018882082], [-51.33925747660114, -30.052958167161762], [-51.33871848743067, -30.051610694235585], [-51.33602354157831, -30.052149683406057], [-51.33602354157831, -30.053497156332234], [-51.33710151991925, -30.05376665091747], [-51.33710151991925, -30.05565311301412], [-51.33871848743067, -30.05888704803695], [-51.33952697118637, -30.059156542622187], [-51.33979646577161, -30.058348058866482], [-51.340065960356846, -30.059426037207423], [-51.34114393869779, -30.05969553179266], [-51.34249141162397, -30.05888704803695], [-51.34276090620921, -30.060773510133604], [-51.34464736830586, -30.06023452096313], [-51.34437787372062, -30.05511412384365], [-51.3457253466468, -30.05053271589464], [-51.34545585206156, -30.057539575110773], [-51.35192372210722, -30.05780906969601], [-51.35165422752199, -30.059156542622187], [-51.3532711950334, -30.059156542622187], [-51.35138473293675, -30.059426037207423], [-51.35111523835152, -30.06023452096313], [-51.35084574376628, -30.062659972230254], [-51.35219321669246, -30.06292946681549], [-51.350306754595806, -30.06292946681549], [-51.350306754595806, -30.06212098305978], [-51.3494982708401, -30.062659972230254], [-51.34761180874345, -30.062659972230254], [-51.34922877625487, -30.062390477645017], [-51.347881303328684, -30.061851488474545], [-51.348150797913924, -30.05969553179266], [-51.34922877625487, -30.059426037207423], [-51.348689787084396, -30.058078564281246], [-51.34761180874345, -30.058078564281246], [-51.34680332498774, -30.05969553179266], [-51.34761180874345, -30.06104300471884], [-51.34734231415821, -30.062390477645017], [-51.34437787372062, -30.061851488474545], [-51.34464736830586, -30.063468455985962], [-51.343838884550145, -30.065085423497376], [-51.34518635747633, -30.065354918082612], [-51.34464736830586, -30.066432896423557], [-51.3457253466468, -30.06804986393497], [-51.349767765425334, -30.0712837989578], [-51.35731361381194, -30.0712837989578], [-51.35542715171529, -30.071822788128273], [-51.35542715171529, -30.07263127188398], [-51.356235635470995, -30.07263127188398], [-51.35596614088576, -30.07451773398063], [-51.35569664630052, -30.07397874481016], [-51.3532711950334, -30.074248239395395], [-51.354618667959585, -30.07532621773634], [-51.354618667959585, -30.076673690662517], [-51.356505130056235, -30.079907625685347], [-51.384802061506, -30.078021163588698], [-51.38668852360265, -30.073709250224923], [-51.387497007358355, -30.069127842275915], [-51.401780220375855, -30.07209228271351], [-51.400163252864445, -30.073170261054454], [-51.39962426369397, -30.076404196077284], [-51.40797859583628, -30.076943185247753], [-51.408517585006756, -30.07775166900346], [-51.407709101251044, -30.07963813110011], [-51.40501415539869, -30.078829647344406], [-51.40366668247251, -30.079907625685347], [-51.41202101461482, -30.079907625685347], [-51.41202101461482, -30.078021163588698], [-51.414176971296705, -30.078021163588698], [-51.41471596046718, -30.076404196077284], [-51.41848888466048, -30.078021163588698], [-51.42145332509808, -30.078021163588698], [-51.42630422763232, -30.071553293543037], [-51.42738220597327, -30.0712837989578], [-51.42738220597327, -30.07020582061686], [-51.4238787763652, -30.07020582061686], [-51.422800798024255, -30.071014304372564], [-51.41660242256383, -30.068588853105442], [-51.414176971296705, -30.06939733686115], [-51.41309899295576, -30.067780369349734], [-51.41148202544435, -30.067510874764498], [-51.410134552518166, -30.06616340183832], [-51.39827679076779, -30.06212098305978], [-51.398007296182556, -30.06023452096313], [-51.39881577993826, -30.059156542622187], [-51.39719881242685, -30.058078564281246], [-51.39827679076779, -30.05780906969601], [-51.40717011208057, -30.060773510133604], [-51.41579393880812, -30.062390477645017], [-51.41768040090477, -30.060773510133604], [-51.41687191714907, -30.06023452096313], [-51.41498545505242, -30.060773510133604], [-51.41498545505242, -30.059965026377895], [-51.41768040090477, -30.05969553179266], [-51.41956686300142, -30.052688672576526], [-51.41956686300142, -30.05188018882082], [-51.418758379245716, -30.052149683406057], [-51.41902787383095, -30.051610694235585], [-51.4171414117343, -30.051071705065112], [-51.424956754706145, -30.051610694235585], [-51.42576523846185, -30.05053271589464], [-51.4276517005585, -30.042447878337565], [-51.42549574387661, -30.04217838375233], [-51.42414827095043, -30.043256362093274], [-51.42199231426855, -30.043525856678507], [-51.42199231426855, -30.04217838375233], [-51.42307029260949, -30.0427173729228], [-51.4238787763652, -30.041639394581857], [-51.42226180885378, -30.041908889167093], [-51.42172281968331, -30.041100405411385], [-51.418219390075244, -30.040022427070443], [-51.41687191714907, -30.040022427070443], [-51.41660242256383, -30.041639394581857], [-51.41687191714907, -30.034093546195255], [-51.41660242256383, -30.032746073269074], [-51.41498545505242, -30.0322070840986], [-51.41687191714907, -30.03166809492813], [-51.41525494963765, -30.030051127416716], [-51.41579393880812, -30.02897314907577], [-51.41660242256383, -30.030051127416716], [-51.41741090631954, -30.02978163283148], [-51.41687191714907, -30.025469719467704], [-51.41768040090477, -30.02573921405294], [-51.41794989549001, -30.020888311518696], [-51.4171414117343, -30.02061881693346], [-51.41794989549001, -30.02061881693346], [-51.418219390075244, -30.013611957717327], [-51.41660242256383, -30.012803473961622], [-51.418219390075244, -30.013072968546858], [-51.41848888466048, -30.011994990205913], [-51.418758379245716, -30.005257625575016], [-51.4171414117343, -30.00498813098978], [-51.418758379245716, -30.00498813098978], [-51.41956686300142, -29.995555820506524], [-51.41552444422289, -29.993669358409875], [-51.41552444422289, -29.99528632592129], [-51.413368487541, -29.994477842165583], [-51.40932606876246, -30.00175419596695], [-51.40878707959199, -30.00229318513742], [-51.408248090421516, -30.002023690552186], [-51.40797859583628, -30.003371163478366], [-51.406631122910106, -30.00391015264884], [-51.40690061749534, -30.00310166889313], [-51.405822639154394, -30.002023690552186], [-51.40447516622822, -30.002562679722658], [-51.40366668247251, -30.00391015264884], [-51.403936177057744, -30.005257625575016], [-51.4028581987168, -30.00714408767167], [-51.39477336115973, -30.005257625575016], [-51.39665982325638, -29.996094809676997], [-51.39504285574496, -29.99663379884747], [-51.39315639364831, -29.998789755529355], [-51.39261740447784, -30.001484701381713], [-51.387497007358355, -30.001215206796477], [-51.387497007358355, -30.002832174307894], [-51.38668852360265, -30.002832174307894], [-51.38453256692076, -30.00229318513742], [-51.38588003984694, -30.000406723040772], [-51.37887318063081, -29.998250766358883], [-51.381029137312694, -29.996364304262233], [-51.37995115897175, -29.99582531509176], [-51.381298631897934, -29.99582531509176], [-51.38210711565364, -29.994477842165583], [-51.38075964272746, -29.995016831336056], [-51.37887318063081, -29.994477842165583], [-51.379142675216045, -29.995555820506524], [-51.37833419146034, -29.996364304262233], [-51.379412169801284, -29.99717278801794], [-51.37833419146034, -29.997711777188414], [-51.37860368604557, -29.998250766358883], [-51.376986718534155, -29.99852026094412], [-51.376986718534155, -29.9998677338703], [-51.37671722394892, -29.997711777188414], [-51.376986718534155, -29.996364304262233], [-51.37644772936369, -29.996903293432705], [-51.37617823477845, -29.99528632592129], [-51.373213794340856, -29.995016831336056], [-51.37186632141468, -29.99663379884747], [-51.37213581599991, -30.000406723040772], [-51.373213794340856, -30.001484701381713], [-51.37240531058515, -30.00175419596695], [-51.372674805170384, -30.002562679722658], [-51.37159682682944, -30.002562679722658], [-51.371327332244206, -29.998250766358883], [-51.37024935390326, -29.998250766358883], [-51.3705188484885, -29.996364304262233], [-51.36566794595425, -29.99663379884747], [-51.36997985931803, -29.99582531509176], [-51.36997985931803, -29.995016831336056], [-51.371327332244206, -29.994208347580347], [-51.36782390263614, -29.99259138006893], [-51.36997985931803, -29.992860874654166], [-51.370788343073734, -29.99205239089846], [-51.37105783765897, -29.99339986382464], [-51.37294429975562, -29.99393885299511], [-51.373213794340856, -29.994477842165583], [-51.37860368604557, -29.994477842165583], [-51.381029137312694, -29.994208347580347], [-51.38183762106841, -29.993130369239402], [-51.38992245862548, -29.99205239089846], [-51.38884448028453, -29.993130369239402], [-51.38695801818788, -29.99259138006893], [-51.385610545261706, -29.993669358409875], [-51.38614953443218, -29.996094809676997], [-51.38695801818788, -29.99663379884747], [-51.38884448028453, -29.99528632592129], [-51.38884448028453, -29.99339986382464], [-51.39126993155166, -29.993669358409875], [-51.391539426136895, -29.992321885483694], [-51.39019195321072, -29.991782896313225], [-51.391539426136895, -29.991782896313225], [-51.3923479098926, -29.990435423387044], [-51.39207841530737, -29.987740477534686], [-51.387766501943595, -29.98612351002327], [-51.38668852360265, -29.984506542511856], [-51.38641902901741, -29.98477603709709], [-51.38453256692076, -29.984506542511856], [-51.38507155609123, -29.98342856417091], [-51.383185093994584, -29.982889575000442], [-51.38399357775029, -29.981272607489025], [-51.38049014814222, -29.979925134562848], [-51.379412169801284, -29.98342856417091], [-51.38022065355699, -29.982889575000442], [-51.38049014814222, -29.983967553341383], [-51.382915599409344, -29.9855845208528], [-51.38183762106841, -29.985854015438036], [-51.38264610482411, -29.987201488364214], [-51.38156812648317, -29.98612351002327], [-51.38022065355699, -29.98612351002327], [-51.37995115897175, -29.985315026267564], [-51.379142675216045, -29.985854015438036], [-51.379412169801284, -29.987201488364214], [-51.37887318063081, -29.987201488364214], [-51.37779520228987, -29.992860874654166], [-51.37887318063081, -29.98477603709709], [-51.37563924560798, -29.983698058756147], [-51.37617823477845, -29.983159069585675], [-51.37483076185227, -29.982081091244734], [-51.373213794340856, -29.982081091244734], [-51.37294429975562, -29.983159069585675], [-51.375100256437506, -29.98342856417091], [-51.372674805170384, -29.98342856417091], [-51.370788343073734, -29.978038672466194], [-51.368901880977084, -29.97642170495478], [-51.36755440805091, -29.976960694125253], [-51.36755440805091, -29.978577661636667], [-51.366745924295195, -29.978038672466194], [-51.36620693512472, -29.978847156221903], [-51.36620693512472, -29.97965563997761], [-51.367015418880435, -29.97911665080714], [-51.36809339722137, -29.97965563997761], [-51.36593744053949, -29.980733618318553], [-51.36620693512472, -29.981811596659497], [-51.36539845136902, -29.98235058582997], [-51.36512895678378, -29.980733618318553], [-51.36539845136902, -29.98019462914808], [-51.36458996761331, -29.98019462914808], [-51.36458996761331, -29.979386145392375], [-51.36351198927237, -29.97965563997761], [-51.36324249468713, -29.981811596659497], [-51.36351198927237, -29.978577661636667], [-51.361086538005246, -29.97830816705143], [-51.35812209756765, -29.97965563997761], [-51.35704411922671, -29.978038672466194], [-51.35731361381194, -29.977230188710486], [-51.356235635470995, -29.977230188710486], [-51.356505130056235, -29.976960694125253], [-51.356235635470995, -29.974535242858128]], [[-51.33063364987359, -30.008761055183083], [-51.33090314445883, -30.00903054976832], [-51.33063364987359, -30.00903054976832], [-51.33063364987359, -30.008761055183083]], [[-51.33117263904406, -30.00903054976832], [-51.33278960655548, -30.011725495620677], [-51.33467606865213, -30.011725495620677], [-51.33467606865213, -30.01091701186497], [-51.3352150578226, -30.011725495620677], [-51.335754046993074, -30.01145600103544], [-51.33844899284543, -30.011725495620677], [-51.331711628214535, -30.011994990205913], [-51.3314421336293, -30.012533979376386], [-51.33117263904406, -30.011186506450205], [-51.33036415528836, -30.011186506450205], [-51.33117263904406, -30.00903054976832]], [[-51.33198112279977, -30.012533979376386], [-51.33305910114071, -30.016306903569685], [-51.33252011197024, -30.016845892740157], [-51.33117263904406, -30.016845892740157], [-51.33252011197024, -30.016306903569685], [-51.33198112279977, -30.012533979376386]], [[-51.33117263904406, -30.01657639815492], [-51.33090314445883, -30.016306903569685], [-51.33117263904406, -30.016306903569685], [-51.33117263904406, -30.01657639815492]], [[-51.33278960655548, -30.039213943314735], [-51.33305910114071, -30.0389444487295], [-51.33305910114071, -30.039213943314735], [-51.33278960655548, -30.039213943314735]], [[-51.333867584896424, -30.039752932485207], [-51.33225061738501, -30.03813596497379], [-51.33467606865213, -30.03813596497379], [-51.333867584896424, -30.039752932485207]], [[-51.333598090311185, -30.039752932485207], [-51.33332859572595, -30.040022427070443], [-51.33332859572595, -30.039752932485207], [-51.333598090311185, -30.039752932485207]], [[-51.33278960655548, -30.040022427070443], [-51.333867584896424, -30.041100405411385], [-51.33305910114071, -30.041639394581857], [-51.33278960655548, -30.040022427070443]], [[-51.33332859572595, -30.041639394581857], [-51.333867584896424, -30.041908889167093], [-51.33332859572595, -30.041908889167093], [-51.33332859572595, -30.041639394581857]], [[-51.35219321669246, -30.063198961400726], [-51.35596614088576, -30.063468455985962], [-51.35488816254482, -30.062390477645017], [-51.35596614088576, -30.06212098305978], [-51.356505130056235, -30.060773510133604], [-51.35596614088576, -30.058348058866482], [-51.35677462464147, -30.057270080525537], [-51.35704411922671, -30.053227661746998], [-51.35758310839718, -30.054844629258415], [-51.3600085596643, -30.052688672576526], [-51.360547548834774, -30.05457513467318], [-51.35946957049383, -30.05565311301412], [-51.358661086738124, -30.05511412384365], [-51.35920007590859, -30.056731091355065], [-51.35812209756765, -30.055383618428884], [-51.35704411922671, -30.056192102184593], [-51.35704411922671, -30.059965026377895], [-51.356235635470995, -30.063468455985962], [-51.35785260298241, -30.064007445156435], [-51.35219321669246, -30.063198961400726]], [[-51.35785260298241, -30.064007445156435], [-51.35893058132336, -30.06427693974167], [-51.35785260298241, -30.06427693974167], [-51.35785260298241, -30.064007445156435]], [[-51.34518635747633, -30.065354918082612], [-51.34545585206156, -30.065085423497376], [-51.34545585206156, -30.065354918082612], [-51.34518635747633, -30.065354918082612]], [[-51.34545585206156, -30.065085423497376], [-51.3457253466468, -30.06427693974167], [-51.3457253466468, -30.065085423497376], [-51.34545585206156, -30.065085423497376]], [[-51.38803599652883, -30.069127842275915], [-51.387497007358355, -30.068588853105442], [-51.38803599652883, -30.068319358520206], [-51.38803599652883, -30.069127842275915]], [[-51.401780220375855, -30.072361777298745], [-51.40258870413157, -30.07263127188398], [-51.401780220375855, -30.07263127188398], [-51.401780220375855, -30.072361777298745]], [[-51.41148202544435, -30.067510874764498], [-51.41121253085911, -30.067780369349734], [-51.41121253085911, -30.067510874764498], [-51.41148202544435, -30.067510874764498]], [[-51.398007296182556, -30.061851488474545], [-51.39719881242685, -30.06158199388931], [-51.39665982325638, -30.060773510133604], [-51.398007296182556, -30.060773510133604], [-51.398007296182556, -30.061851488474545]], [[-51.39639032867114, -30.057539575110773], [-51.39692931784161, -30.058078564281246], [-51.396120834085906, -30.058078564281246], [-51.39639032867114, -30.057539575110773]], [[-51.42199231426855, -30.043525856678507], [-51.42172281968331, -30.04406484584898], [-51.42172281968331, -30.043525856678507], [-51.42199231426855, -30.043525856678507]], [[-51.42172281968331, -30.044873329604687], [-51.422800798024255, -30.045142824189924], [-51.41956686300142, -30.04460383501945], [-51.42172281968331, -30.04406484584898], [-51.42172281968331, -30.044873329604687]], [[-51.41498545505242, -30.031937589513365], [-51.414446465881944, -30.03166809492813], [-51.41498545505242, -30.03166809492813], [-51.41498545505242, -30.031937589513365]], [[-51.41525494963765, -30.02978163283148], [-51.41498545505242, -30.029512138246243], [-51.41525494963765, -30.029512138246243], [-51.41525494963765, -30.02978163283148]], [[-51.41660242256383, -30.012803473961622], [-51.416063433393354, -30.012533979376386], [-51.41660242256383, -30.012533979376386], [-51.41660242256383, -30.012803473961622]], [[-51.416063433393354, -30.012533979376386], [-51.41552444422289, -30.01226448479115], [-51.416063433393354, -30.01226448479115], [-51.416063433393354, -30.012533979376386]], [[-51.39477336115973, -30.005257625575016], [-51.39450386657449, -30.006605098501197], [-51.39450386657449, -30.005257625575016], [-51.39477336115973, -30.005257625575016]], [[-51.39450386657449, -29.998250766358883], [-51.39504285574496, -29.999598239285064], [-51.39477336115973, -30.000137228455536], [-51.394234371989256, -29.99905925011459], [-51.39450386657449, -29.998250766358883]], [[-51.39450386657449, -30.000137228455536], [-51.394234371989256, -30.00067621762601], [-51.394234371989256, -30.000137228455536], [-51.39450386657449, -30.000137228455536]], [[-51.387497007358355, -30.002832174307894], [-51.38803599652883, -30.00310166889313], [-51.387497007358355, -30.00310166889313], [-51.387497007358355, -30.002832174307894]], [[-51.37240531058515, -29.99852026094412], [-51.372674805170384, -29.998250766358883], [-51.372674805170384, -29.99852026094412], [-51.37240531058515, -29.99852026094412]], [[-51.372674805170384, -30.002562679722658], [-51.37294429975562, -30.002832174307894], [-51.372674805170384, -30.002832174307894], [-51.372674805170384, -30.002562679722658]], [[-51.37294429975562, -29.99393885299511], [-51.373213794340856, -29.993130369239402], [-51.373213794340856, -29.99393885299511], [-51.37294429975562, -29.99393885299511]], [[-51.38156812648317, -29.984506542511856], [-51.38237661023888, -29.98423704792662], [-51.38237661023888, -29.984506542511856], [-51.38156812648317, -29.984506542511856]], [[-51.38237661023888, -29.98342856417091], [-51.38264610482411, -29.983967553341383], [-51.383724083165056, -29.98423704792662], [-51.38237661023888, -29.98423704792662], [-51.38237661023888, -29.98342856417091]], [[-51.38264610482411, -29.987201488364214], [-51.382915599409344, -29.98747098294945], [-51.38264610482411, -29.98747098294945], [-51.38264610482411, -29.987201488364214]], [[-51.382915599409344, -29.98747098294945], [-51.383185093994584, -29.987740477534686], [-51.382915599409344, -29.987740477534686], [-51.382915599409344, -29.98747098294945]], [[-51.37779520228987, -29.992860874654166], [-51.37752570770463, -29.993130369239402], [-51.37752570770463, -29.992860874654166], [-51.37779520228987, -29.992860874654166]], [[-51.375100256437506, -29.98342856417091], [-51.375369751022745, -29.983698058756147], [-51.375100256437506, -29.983698058756147], [-51.375100256437506, -29.98342856417091]], [[-51.371327332244206, -29.97965563997761], [-51.37105783765897, -29.979925134562848], [-51.37105783765897, -29.97965563997761], [-51.371327332244206, -29.97965563997761]], [[-51.36512895678378, -29.980733618318553], [-51.364859462198545, -29.981272607489025], [-51.364859462198545, -29.980733618318553], [-51.36512895678378, -29.980733618318553]], [[-51.362973000101896, -29.981811596659497], [-51.36351198927237, -29.98235058582997], [-51.362973000101896, -29.98342856417091], [-51.362973000101896, -29.981811596659497]], [[-51.356235635470995, -29.976960694125253], [-51.35596614088576, -29.976691199540017], [-51.356235635470995, -29.976691199540017], [-51.356235635470995, -29.976960694125253]], [[-51.366745924295195, -29.9855845208528], [-51.36971036473279, -29.982081091244734], [-51.36944087014756, -29.98423704792662], [-51.370788343073734, -29.985045531682328], [-51.36944087014756, -29.9855845208528], [-51.3705188484885, -29.986393004608505], [-51.368632386391845, -29.986393004608505], [-51.36809339722137, -29.985315026267564], [-51.366745924295195, -29.9855845208528]], [[-51.370788343073734, -29.985045531682328], [-51.37105783765897, -29.985315026267564], [-51.370788343073734, -29.985315026267564], [-51.370788343073734, -29.985045531682328]], [[-51.36620693512472, -29.9855845208528], [-51.36647642970996, -29.98612351002327], [-51.36593744053949, -29.98612351002327], [-51.36620693512472, -29.9855845208528]], [[-51.36189502176095, -29.995555820506524], [-51.36243401093142, -29.990974412557517], [-51.360278054249534, -29.989626939631336], [-51.36189502176095, -29.989896434216572], [-51.362703505516656, -29.983698058756147], [-51.36324249468713, -29.985045531682328], [-51.36405097844284, -29.985045531682328], [-51.364859462198545, -29.98477603709709], [-51.36432047302807, -29.983967553341383], [-51.36539845136902, -29.982889575000442], [-51.36620693512472, -29.98342856417091], [-51.36512895678378, -29.983967553341383], [-51.36512895678378, -29.986931993778978], [-51.36593744053949, -29.988548961290395], [-51.36728491346567, -29.988548961290395], [-51.36620693512472, -29.9893574450461], [-51.366745924295195, -29.99205239089846], [-51.362703505516656, -29.99070491797228], [-51.36216451634618, -29.996094809676997], [-51.36189502176095, -29.99663379884747], [-51.360278054249534, -29.99663379884747], [-51.36189502176095, -29.995555820506524]], [[-51.36728491346567, -29.98881845587563], [-51.36755440805091, -29.989087950460863], [-51.36728491346567, -29.989087950460863], [-51.36728491346567, -29.98881845587563]], [[-51.36189502176095, -29.99663379884747], [-51.36216451634618, -29.996903293432705], [-51.36189502176095, -29.996903293432705], [-51.36189502176095, -29.99663379884747]], [[-51.37213581599991, -29.98612351002327], [-51.370788343073734, -29.98612351002327], [-51.370788343073734, -29.985854015438036], [-51.37213581599991, -29.9855845208528], [-51.37213581599991, -29.98612351002327]], [[-51.3742917726818, -29.98612351002327], [-51.37483076185227, -29.98747098294945], [-51.3742917726818, -29.987740477534686], [-51.3742917726818, -29.98612351002327]], [[-51.3742917726818, -29.987740477534686], [-51.37375278351133, -29.989626939631336], [-51.37375278351133, -29.987740477534686], [-51.3742917726818, -29.987740477534686]], [[-51.37375278351133, -29.989626939631336], [-51.373213794340856, -29.99151340172799], [-51.373483288926096, -29.989626939631336], [-51.37375278351133, -29.989626939631336]], [[-51.373213794340856, -29.991782896313225], [-51.372674805170384, -29.992321885483694], [-51.37159682682944, -29.992321885483694], [-51.37159682682944, -29.991782896313225], [-51.373213794340856, -29.991782896313225]], [[-51.387766501943595, -29.987201488364214], [-51.3885749856993, -29.98666249919374], [-51.3885749856993, -29.98747098294945], [-51.387766501943595, -29.987201488364214]], [[-51.38884448028453, -29.988009972119922], [-51.389383469455005, -29.988009972119922], [-51.389652964040245, -29.987740477534686], [-51.389383469455005, -29.988548961290395], [-51.38884448028453, -29.988009972119922]], [[-51.37105783765897, -29.989087950460863], [-51.371327332244206, -29.987740477534686], [-51.371327332244206, -29.989087950460863], [-51.37105783765897, -29.989087950460863]], [[-51.35677462464147, -29.988009972119922], [-51.35596614088576, -29.98827946670516], [-51.35569664630052, -29.987740477534686], [-51.356235635470995, -29.987740477534686], [-51.35677462464147, -29.988009972119922]], [[-51.35677462464147, -29.988548961290395], [-51.35758310839718, -29.988548961290395], [-51.358661086738124, -29.989087950460863], [-51.35677462464147, -29.988548961290395]], [[-51.358661086738124, -29.989087950460863], [-51.3600085596643, -29.989626939631336], [-51.358661086738124, -29.9893574450461], [-51.358661086738124, -29.989087950460863]], [[-51.385610545261706, -29.98827946670516], [-51.38641902901741, -29.988548961290395], [-51.385610545261706, -29.988548961290395], [-51.385610545261706, -29.98827946670516]], [[-51.38641902901741, -29.988548961290395], [-51.38722751277312, -29.98881845587563], [-51.38641902901741, -29.98881845587563], [-51.38641902901741, -29.988548961290395]], [[-51.347881303328684, -29.990435423387044], [-51.348150797913924, -29.988548961290395], [-51.348150797913924, -29.990435423387044], [-51.347881303328684, -29.990435423387044]], [[-51.3532711950334, -29.98881845587563], [-51.35354068961864, -29.989087950460863], [-51.3532711950334, -29.989087950460863], [-51.3532711950334, -29.98881845587563]], [[-51.35354068961864, -29.989087950460863], [-51.35407967878911, -29.9893574450461], [-51.35354068961864, -29.9893574450461], [-51.35354068961864, -29.989087950460863]], [[-51.35407967878911, -29.9893574450461], [-51.354618667959585, -29.989626939631336], [-51.35407967878911, -29.989626939631336], [-51.35407967878911, -29.9893574450461]], [[-51.38507155609123, -29.989896434216572], [-51.38614953443218, -29.990435423387044], [-51.38588003984694, -29.991243907142753], [-51.38507155609123, -29.989896434216572]], [[-51.38534105067647, -29.991243907142753], [-51.38507155609123, -29.992321885483694], [-51.38507155609123, -29.991243907142753], [-51.38534105067647, -29.991243907142753]], [[-51.350306754595806, -29.990435423387044], [-51.34895928166963, -29.990165928801808], [-51.34895928166963, -29.989896434216572], [-51.35003726001057, -29.989626939631336], [-51.350306754595806, -29.990435423387044]], [[-51.35192372210722, -29.990165928801808], [-51.352462711277695, -29.990435423387044], [-51.35192372210722, -29.990435423387044], [-51.35192372210722, -29.990165928801808]], [[-51.352462711277695, -29.990435423387044], [-51.35300170044817, -29.99070491797228], [-51.352462711277695, -29.99070491797228], [-51.352462711277695, -29.990435423387044]], [[-51.35300170044817, -29.99070491797228], [-51.35354068961864, -29.990974412557517], [-51.35300170044817, -29.990974412557517], [-51.35300170044817, -29.99070491797228]], [[-51.35354068961864, -29.990974412557517], [-51.354349173374345, -29.991243907142753], [-51.35354068961864, -29.991243907142753], [-51.35354068961864, -29.990974412557517]], [[-51.38722751277312, -29.99339986382464], [-51.38641902901741, -29.994208347580347], [-51.38641902901741, -29.993130369239402], [-51.38722751277312, -29.99339986382464]], [[-51.358391592152884, -29.996094809676997], [-51.356235635470995, -29.996364304262233], [-51.35596614088576, -29.99528632592129], [-51.356505130056235, -29.995016831336056], [-51.358391592152884, -29.996094809676997]], [[-51.343838884550145, -29.996364304262233], [-51.344108379135385, -29.996903293432705], [-51.343838884550145, -29.996903293432705], [-51.343838884550145, -29.996364304262233]], [[-51.344108379135385, -29.996903293432705], [-51.34437787372062, -29.99852026094412], [-51.344108379135385, -29.99852026094412], [-51.344108379135385, -29.996903293432705]], [[-51.37617823477845, -29.99717278801794], [-51.37590874019322, -29.997711777188414], [-51.37590874019322, -29.99717278801794], [-51.37617823477845, -29.99717278801794]], [[-51.37590874019322, -29.997711777188414], [-51.37563924560798, -29.998250766358883], [-51.37563924560798, -29.997711777188414], [-51.37590874019322, -29.997711777188414]], [[-51.416332927978594, -29.997711777188414], [-51.41660242256383, -29.998250766358883], [-51.416332927978594, -29.998250766358883], [-51.416332927978594, -29.997711777188414]], [[-51.41660242256383, -29.998250766358883], [-51.41687191714907, -29.999328744699827], [-51.41660242256383, -29.999328744699827], [-51.41660242256383, -29.998250766358883]], [[-51.41687191714907, -29.999328744699827], [-51.4171414117343, -29.9998677338703], [-51.41687191714907, -29.9998677338703], [-51.41687191714907, -29.999328744699827]], [[-51.4171414117343, -29.9998677338703], [-51.41794989549001, -30.000945712211244], [-51.4171414117343, -30.00175419596695], [-51.4171414117343, -29.9998677338703]], [[-51.4171414117343, -30.002023690552186], [-51.41660242256383, -30.00310166889313], [-51.416063433393354, -30.003371163478366], [-51.41660242256383, -30.00175419596695], [-51.4171414117343, -30.002023690552186]], [[-51.416063433393354, -30.003640658063603], [-51.41552444422289, -30.004718636404544], [-51.41498545505242, -30.00498813098978], [-51.41552444422289, -30.003371163478366], [-51.416063433393354, -30.003640658063603]], [[-51.41552444422289, -30.004718636404544], [-51.41579393880812, -30.00498813098978], [-51.41552444422289, -30.00498813098978], [-51.41552444422289, -30.004718636404544]], [[-51.41471596046718, -30.00498813098978], [-51.41471596046718, -30.005527120160252], [-51.414176971296705, -30.006066109330725], [-51.41471596046718, -30.00498813098978]], [[-51.41363798212623, -30.006066109330725], [-51.41390747671147, -30.006874593086433], [-51.413368487541, -30.006874593086433], [-51.41363798212623, -30.006066109330725]], [[-51.41282949837053, -30.006874593086433], [-51.41309899295576, -30.00714408767167], [-51.41202101461482, -30.00822206601261], [-51.41282949837053, -30.006874593086433]], [[-51.41148202544435, -30.00822206601261], [-51.41175152002958, -30.008761055183083], [-51.41121253085911, -30.008761055183083], [-51.41148202544435, -30.00822206601261]], [[-51.41121253085911, -30.008761055183083], [-51.41094303627388, -30.00903054976832], [-51.41094303627388, -30.008761055183083], [-51.41121253085911, -30.008761055183083]], [[-51.41094303627388, -30.00903054976832], [-51.41067354168864, -30.00956953893879], [-51.41067354168864, -30.00903054976832], [-51.41094303627388, -30.00903054976832]], [[-51.41067354168864, -30.00956953893879], [-51.410404047103405, -30.010108528109264], [-51.410404047103405, -30.00956953893879], [-51.41067354168864, -30.00956953893879]], [[-51.41067354168864, -30.010108528109264], [-51.41094303627388, -30.010378022694496], [-51.41067354168864, -30.010378022694496], [-51.41067354168864, -30.010108528109264]], [[-51.41525494963765, -29.99905925011459], [-51.41498545505242, -30.00067621762601], [-51.41471596046718, -29.998250766358883], [-51.41525494963765, -29.99905925011459]], [[-51.41498545505242, -30.00067621762601], [-51.41471596046718, -30.001484701381713], [-51.41471596046718, -30.00067621762601], [-51.41498545505242, -30.00067621762601]], [[-51.37024935390326, -29.998789755529355], [-51.36997985931803, -29.999328744699827], [-51.36997985931803, -29.998789755529355], [-51.37024935390326, -29.998789755529355]], [[-51.36997985931803, -29.999328744699827], [-51.36971036473279, -29.9998677338703], [-51.36971036473279, -29.999328744699827], [-51.36997985931803, -29.999328744699827]], [[-51.36971036473279, -29.9998677338703], [-51.36944087014756, -30.000137228455536], [-51.36944087014756, -29.9998677338703], [-51.36971036473279, -29.9998677338703]], [[-51.35893058132336, -29.999328744699827], [-51.35812209756765, -29.99905925011459], [-51.358661086738124, -29.998789755529355], [-51.35893058132336, -29.999328744699827]], [[-51.344108379135385, -30.000406723040772], [-51.34464736830586, -29.999328744699827], [-51.34437787372062, -30.000406723040772], [-51.344108379135385, -30.000406723040772]], [[-51.344108379135385, -30.000406723040772], [-51.343838884550145, -30.000945712211244], [-51.343838884550145, -30.000406723040772], [-51.344108379135385, -30.000406723040772]], [[-51.343838884550145, -30.000945712211244], [-51.34356938996491, -30.001215206796477], [-51.34356938996491, -30.000945712211244], [-51.343838884550145, -30.000945712211244]], [[-51.34329989537968, -30.001215206796477], [-51.34329989537968, -30.002562679722658], [-51.34303040079444, -30.002562679722658], [-51.34329989537968, -30.001215206796477]], [[-51.34329989537968, -30.002562679722658], [-51.34356938996491, -30.003640658063603], [-51.34329989537968, -30.003640658063603], [-51.34329989537968, -30.002562679722658]], [[-51.37563924560798, -29.999598239285064], [-51.375369751022745, -30.000137228455536], [-51.375369751022745, -29.999598239285064], [-51.37563924560798, -29.999598239285064]], [[-51.375369751022745, -30.000137228455536], [-51.37483076185227, -30.000945712211244], [-51.375100256437506, -30.000137228455536], [-51.375369751022745, -30.000137228455536]], [[-51.37483076185227, -30.000945712211244], [-51.37456126726703, -30.001215206796477], [-51.37456126726703, -30.000945712211244], [-51.37483076185227, -30.000945712211244]], [[-51.37456126726703, -30.001215206796477], [-51.3742917726818, -30.001484701381713], [-51.3742917726818, -30.001215206796477], [-51.37456126726703, -30.001215206796477]], [[-51.3742917726818, -30.001484701381713], [-51.37402227809656, -30.002023690552186], [-51.37402227809656, -30.001484701381713], [-51.3742917726818, -30.001484701381713]], [[-51.39396487740402, -30.00229318513742], [-51.39315639364831, -30.00175419596695], [-51.39396487740402, -30.00175419596695], [-51.39396487740402, -30.00229318513742]], [[-51.39315639364831, -30.00229318513742], [-51.39288689906307, -30.002562679722658], [-51.39288689906307, -30.00229318513742], [-51.39315639364831, -30.00229318513742]], [[-51.39288689906307, -30.002562679722658], [-51.39261740447784, -30.00310166889313], [-51.39261740447784, -30.002562679722658], [-51.39288689906307, -30.002562679722658]], [[-51.3923479098926, -30.00310166889313], [-51.39288689906307, -30.004718636404544], [-51.39207841530737, -30.005257625575016], [-51.3923479098926, -30.00310166889313]], [[-51.39207841530737, -30.005257625575016], [-51.39180892072213, -30.00579661474549], [-51.39180892072213, -30.005257625575016], [-51.39207841530737, -30.005257625575016]], [[-51.39180892072213, -30.00579661474549], [-51.391539426136895, -30.00633560391596], [-51.391539426136895, -30.00579661474549], [-51.39180892072213, -30.00579661474549]], [[-51.39180892072213, -30.00633560391596], [-51.39207841530737, -30.006605098501197], [-51.39180892072213, -30.006605098501197], [-51.39180892072213, -30.00633560391596]], [[-51.391539426136895, -30.006605098501197], [-51.39100043696642, -30.00714408767167], [-51.39126993155166, -30.007413582256902], [-51.39100043696642, -30.007952571427374], [-51.39073094238119, -30.006874593086433], [-51.391539426136895, -30.006605098501197]], [[-51.39073094238119, -30.007683076842138], [-51.39046144779595, -30.00822206601261], [-51.39046144779595, -30.007683076842138], [-51.39073094238119, -30.007683076842138]], [[-51.39046144779595, -30.00822206601261], [-51.39019195321072, -30.008761055183083], [-51.39019195321072, -30.00822206601261], [-51.39046144779595, -30.00822206601261]], [[-51.39046144779595, -30.008761055183083], [-51.39073094238119, -30.00903054976832], [-51.39046144779595, -30.00903054976832], [-51.39046144779595, -30.008761055183083]], [[-51.39019195321072, -30.008761055183083], [-51.38992245862548, -30.009300044353555], [-51.38992245862548, -30.008761055183083], [-51.39019195321072, -30.008761055183083]], [[-51.38992245862548, -30.009300044353555], [-51.389652964040245, -30.009839033524027], [-51.389652964040245, -30.009300044353555], [-51.38992245862548, -30.009300044353555]], [[-51.389652964040245, -30.009839033524027], [-51.389383469455005, -30.010108528109264], [-51.389383469455005, -30.009839033524027], [-51.389652964040245, -30.009839033524027]], [[-51.389383469455005, -30.010108528109264], [-51.38911397486977, -30.010378022694496], [-51.38911397486977, -30.010108528109264], [-51.389383469455005, -30.010108528109264]], [[-51.39396487740402, -30.00229318513742], [-51.394234371989256, -30.002562679722658], [-51.39396487740402, -30.002562679722658], [-51.39396487740402, -30.00229318513742]], [[-51.39180892072213, -30.00175419596695], [-51.391539426136895, -30.002023690552186], [-51.391539426136895, -30.00175419596695], [-51.39180892072213, -30.00175419596695]], [[-51.39126993155166, -30.002023690552186], [-51.39073094238119, -30.003371163478366], [-51.39019195321072, -30.003371163478366], [-51.39126993155166, -30.002023690552186]], [[-51.389652964040245, -30.003371163478366], [-51.38992245862548, -30.00391015264884], [-51.389383469455005, -30.00391015264884], [-51.389652964040245, -30.003371163478366]], [[-51.389383469455005, -30.00391015264884], [-51.38911397486977, -30.00417964723407], [-51.38911397486977, -30.00391015264884], [-51.389383469455005, -30.00391015264884]], [[-51.383724083165056, -30.002832174307894], [-51.383454588579816, -30.00229318513742], [-51.38399357775029, -30.00175419596695], [-51.38426307233553, -30.00229318513742], [-51.383724083165056, -30.002832174307894]], [[-51.37402227809656, -30.002562679722658], [-51.37375278351133, -30.00310166889313], [-51.37375278351133, -30.002562679722658], [-51.37402227809656, -30.002562679722658]], [[-51.37375278351133, -30.00310166889313], [-51.373483288926096, -30.003371163478366], [-51.373483288926096, -30.00310166889313], [-51.37375278351133, -30.00310166889313]], [[-51.37240531058515, -30.003371163478366], [-51.373213794340856, -30.00391015264884], [-51.373483288926096, -30.00417964723407], [-51.373213794340856, -30.005257625575016], [-51.37240531058515, -30.003371163478366]], [[-51.381029137312694, -30.003371163478366], [-51.381298631897934, -30.003640658063603], [-51.381029137312694, -30.003640658063603], [-51.381029137312694, -30.003371163478366]], [[-51.381298631897934, -30.003640658063603], [-51.38156812648317, -30.00391015264884], [-51.381298631897934, -30.00391015264884], [-51.381298631897934, -30.003640658063603]], [[-51.38156812648317, -30.00391015264884], [-51.38183762106841, -30.00417964723407], [-51.38156812648317, -30.00417964723407], [-51.38156812648317, -30.00391015264884]], [[-51.38183762106841, -30.00417964723407], [-51.38210711565364, -30.004449141819308], [-51.38183762106841, -30.004449141819308], [-51.38183762106841, -30.00417964723407]], [[-51.38210711565364, -30.004449141819308], [-51.38237661023888, -30.004718636404544], [-51.38210711565364, -30.004718636404544], [-51.38210711565364, -30.004449141819308]], [[-51.383185093994584, -30.004718636404544], [-51.384802061506, -30.005257625575016], [-51.38507155609123, -30.00417964723407], [-51.38534105067647, -30.005527120160252], [-51.38614953443218, -30.00579661474549], [-51.3885749856993, -30.005257625575016], [-51.387766501943595, -30.010647517279732], [-51.38614953443218, -30.010647517279732], [-51.385610545261706, -30.010378022694496], [-51.38614953443218, -30.00956953893879], [-51.38453256692076, -30.00903054976832], [-51.383724083165056, -30.00956953893879], [-51.383454588579816, -30.008491560597847], [-51.38237661023888, -30.00822206601261], [-51.38210711565364, -30.005257625575016], [-51.383185093994584, -30.004718636404544]], [[-51.3885749856993, -30.005257625575016], [-51.38884448028453, -30.004718636404544], [-51.38884448028453, -30.005257625575016], [-51.3885749856993, -30.005257625575016]], [[-51.38884448028453, -30.004718636404544], [-51.38911397486977, -30.004449141819308], [-51.38911397486977, -30.004718636404544], [-51.38884448028453, -30.004718636404544]], [[-51.3389879820159, -30.005257625575016], [-51.33925747660114, -30.00391015264884], [-51.33925747660114, -30.005257625575016], [-51.3389879820159, -30.005257625575016]], [[-51.37590874019322, -30.005257625575016], [-51.37563924560798, -30.006066109330725], [-51.37563924560798, -30.005257625575016], [-51.37590874019322, -30.005257625575016]], [[-51.375369751022745, -30.006066109330725], [-51.37590874019322, -30.00822206601261], [-51.375100256437506, -30.008761055183083], [-51.375369751022745, -30.006066109330725]], [[-51.345994841232034, -30.005257625575016], [-51.3457253466468, -30.00579661474549], [-51.3457253466468, -30.005257625575016], [-51.345994841232034, -30.005257625575016]], [[-51.3457253466468, -30.00579661474549], [-51.34545585206156, -30.006066109330725], [-51.34545585206156, -30.00579661474549], [-51.3457253466468, -30.00579661474549]], [[-51.3457253466468, -30.006066109330725], [-51.345994841232034, -30.00633560391596], [-51.3457253466468, -30.00633560391596], [-51.3457253466468, -30.006066109330725]], [[-51.379412169801284, -30.00579661474549], [-51.37968166438652, -30.006874593086433], [-51.379412169801284, -30.006874593086433], [-51.379412169801284, -30.00579661474549]], [[-51.37968166438652, -30.006874593086433], [-51.37995115897175, -30.007683076842138], [-51.37968166438652, -30.007683076842138], [-51.37968166438652, -30.006874593086433]], [[-51.37995115897175, -30.007683076842138], [-51.38022065355699, -30.00822206601261], [-51.37995115897175, -30.00822206601261], [-51.37995115897175, -30.007683076842138]], [[-51.38022065355699, -30.00822206601261], [-51.38049014814222, -30.008491560597847], [-51.38022065355699, -30.008491560597847], [-51.38022065355699, -30.00822206601261]], [[-51.38049014814222, -30.008491560597847], [-51.38075964272746, -30.008761055183083], [-51.38049014814222, -30.008761055183083], [-51.38049014814222, -30.008491560597847]], [[-51.38075964272746, -30.008761055183083], [-51.381029137312694, -30.009300044353555], [-51.38075964272746, -30.009300044353555], [-51.38075964272746, -30.008761055183083]], [[-51.35381018420387, -30.006605098501197], [-51.35273220586293, -30.00633560391596], [-51.35273220586293, -30.006066109330725], [-51.35381018420387, -30.006066109330725], [-51.35381018420387, -30.006605098501197]], [[-51.362703505516656, -30.00633560391596], [-51.36243401093142, -30.006874593086433], [-51.36243401093142, -30.00633560391596], [-51.362703505516656, -30.00633560391596]], [[-51.36243401093142, -30.006874593086433], [-51.36189502176095, -30.008761055183083], [-51.36216451634618, -30.006874593086433], [-51.36243401093142, -30.006874593086433]], [[-51.36189502176095, -30.008761055183083], [-51.36162552717572, -30.010108528109264], [-51.36162552717572, -30.008761055183083], [-51.36189502176095, -30.008761055183083]], [[-51.36162552717572, -30.010108528109264], [-51.361086538005246, -30.010378022694496], [-51.361086538005246, -30.010108528109264], [-51.36162552717572, -30.010108528109264]], [[-51.3494982708401, -30.007683076842138], [-51.349767765425334, -30.00633560391596], [-51.349767765425334, -30.007683076842138], [-51.3494982708401, -30.007683076842138]], [[-51.338179498260196, -30.008491560597847], [-51.33844899284543, -30.006874593086433], [-51.33844899284543, -30.008491560597847], [-51.338179498260196, -30.008491560597847]], [[-51.3637814838576, -30.00714408767167], [-51.36405097844284, -30.007413582256902], [-51.3637814838576, -30.007413582256902], [-51.3637814838576, -30.00714408767167]], [[-51.36405097844284, -30.007413582256902], [-51.36432047302807, -30.007683076842138], [-51.36405097844284, -30.007683076842138], [-51.36405097844284, -30.007413582256902]], [[-51.36432047302807, -30.007683076842138], [-51.364859462198545, -30.007952571427374], [-51.36432047302807, -30.007952571427374], [-51.36432047302807, -30.007683076842138]], [[-51.364859462198545, -30.007952571427374], [-51.36512895678378, -30.00822206601261], [-51.364859462198545, -30.00822206601261], [-51.364859462198545, -30.007952571427374]], [[-51.36405097844284, -30.007683076842138], [-51.3637814838576, -30.00822206601261], [-51.3637814838576, -30.007683076842138], [-51.36405097844284, -30.007683076842138]], [[-51.40258870413157, -30.007413582256902], [-51.4028581987168, -30.008761055183083], [-51.40231920954633, -30.009300044353555], [-51.40258870413157, -30.008491560597847], [-51.40258870413157, -30.007413582256902]], [[-51.40501415539869, -30.007952571427374], [-51.405822639154394, -30.00822206601261], [-51.40501415539869, -30.00822206601261], [-51.40501415539869, -30.007952571427374]], [[-51.405822639154394, -30.00822206601261], [-51.406092133739634, -30.008491560597847], [-51.405822639154394, -30.008491560597847], [-51.405822639154394, -30.00822206601261]], [[-51.406092133739634, -30.008491560597847], [-51.406631122910106, -30.008761055183083], [-51.406092133739634, -30.008761055183083], [-51.406092133739634, -30.008491560597847]], [[-51.39854628535303, -30.007952571427374], [-51.39827679076779, -30.008761055183083], [-51.39827679076779, -30.007952571427374], [-51.39854628535303, -30.007952571427374]], [[-51.398007296182556, -30.009839033524027], [-51.3990852745235, -30.00903054976832], [-51.3990852745235, -30.009300044353555], [-51.398007296182556, -30.009839033524027]], [[-51.3494982708401, -30.007952571427374], [-51.34922877625487, -30.009300044353555], [-51.34922877625487, -30.007952571427374], [-51.3494982708401, -30.007952571427374]], [[-51.34922877625487, -30.010378022694496], [-51.350306754595806, -30.010647517279732], [-51.34922877625487, -30.01091701186497], [-51.34895928166963, -30.012533979376386], [-51.34895928166963, -30.009300044353555], [-51.34922877625487, -30.010378022694496]], [[-51.37617823477845, -30.008491560597847], [-51.37644772936369, -30.008761055183083], [-51.37617823477845, -30.008761055183083], [-51.37617823477845, -30.008491560597847]], [[-51.37644772936369, -30.008761055183083], [-51.37671722394892, -30.009300044353555], [-51.37644772936369, -30.009300044353555], [-51.37644772936369, -30.008761055183083]], [[-51.37671722394892, -30.009300044353555], [-51.376986718534155, -30.009839033524027], [-51.37671722394892, -30.009839033524027], [-51.37671722394892, -30.009300044353555]], [[-51.376986718534155, -30.009839033524027], [-51.377256213119395, -30.010108528109264], [-51.376986718534155, -30.010108528109264], [-51.376986718534155, -30.009839033524027]], [[-51.377256213119395, -30.010108528109264], [-51.37752570770463, -30.010378022694496], [-51.377256213119395, -30.010378022694496], [-51.377256213119395, -30.010108528109264]], [[-51.37752570770463, -30.010378022694496], [-51.37779520228987, -30.010647517279732], [-51.37752570770463, -30.010647517279732], [-51.37752570770463, -30.010378022694496]], [[-51.40474466081345, -30.010108528109264], [-51.40501415539869, -30.008761055183083], [-51.40501415539869, -30.010108528109264], [-51.40474466081345, -30.010108528109264]], [[-51.33844899284543, -30.010647517279732], [-51.33871848743067, -30.008761055183083], [-51.33871848743067, -30.010647517279732], [-51.33844899284543, -30.010647517279732]], [[-51.32901668236217, -30.010108528109264], [-51.32820819860647, -30.010108528109264], [-51.32874718777694, -30.009300044353555], [-51.32901668236217, -30.009300044353555], [-51.32901668236217, -30.010108528109264]], [[-51.32443527441317, -30.010108528109264], [-51.325782747339346, -30.010647517279732], [-51.323357296072224, -30.010647517279732], [-51.32443527441317, -30.010108528109264]], [[-51.325782747339346, -30.010647517279732], [-51.32874718777694, -30.01091701186497], [-51.325782747339346, -30.01091701186497], [-51.325782747339346, -30.010647517279732]], [[-51.41121253085911, -30.010378022694496], [-51.41202101461482, -30.010647517279732], [-51.41121253085911, -30.010647517279732], [-51.41121253085911, -30.010378022694496]], [[-51.41202101461482, -30.01091701186497], [-51.41363798212623, -30.011186506450205], [-51.41390747671147, -30.011725495620677], [-51.41202101461482, -30.01091701186497]], [[-51.41390747671147, -30.011725495620677], [-51.414446465881944, -30.011994990205913], [-51.41390747671147, -30.011994990205913], [-51.41390747671147, -30.011725495620677]], [[-51.414446465881944, -30.011994990205913], [-51.41498545505242, -30.01226448479115], [-51.414446465881944, -30.01226448479115], [-51.414446465881944, -30.011994990205913]], [[-51.38884448028453, -30.010378022694496], [-51.3885749856993, -30.010647517279732], [-51.3885749856993, -30.010378022694496], [-51.38884448028453, -30.010378022694496]], [[-51.3885749856993, -30.010647517279732], [-51.38803599652883, -30.012803473961622], [-51.38830549111407, -30.010647517279732], [-51.3885749856993, -30.010647517279732]], [[-51.38830549111407, -30.012803473961622], [-51.3885749856993, -30.01334246313209], [-51.38830549111407, -30.01334246313209], [-51.38830549111407, -30.012803473961622]], [[-51.40905657417723, -30.011186506450205], [-51.40878707959199, -30.01145600103544], [-51.40878707959199, -30.011186506450205], [-51.40905657417723, -30.011186506450205]], [[-51.408248090421516, -30.01145600103544], [-51.408517585006756, -30.011994990205913], [-51.408248090421516, -30.011994990205913], [-51.408248090421516, -30.01145600103544]], [[-51.408248090421516, -30.011994990205913], [-51.40797859583628, -30.012533979376386], [-51.40797859583628, -30.011994990205913], [-51.408248090421516, -30.011994990205913]], [[-51.40797859583628, -30.012533979376386], [-51.407709101251044, -30.012803473961622], [-51.407709101251044, -30.012533979376386], [-51.40797859583628, -30.012533979376386]], [[-51.381029137312694, -30.01738488191063], [-51.381029137312694, -30.014959430643508], [-51.37968166438652, -30.015228925228744], [-51.379142675216045, -30.013072968546858], [-51.38049014814222, -30.014420441473035], [-51.38210711565364, -30.013611957717327], [-51.38210711565364, -30.01145600103544], [-51.382915599409344, -30.013072968546858], [-51.38668852360265, -30.011186506450205], [-51.387766501943595, -30.011725495620677], [-51.387766501943595, -30.01226448479115], [-51.38695801818788, -30.012533979376386], [-51.38668852360265, -30.01549841981398], [-51.38453256692076, -30.01549841981398], [-51.38588003984694, -30.016037408984452], [-51.38507155609123, -30.01657639815492], [-51.387766501943595, -30.015767914399216], [-51.38668852360265, -30.020079827762988], [-51.38641902901741, -30.01819336566634], [-51.383724083165056, -30.01873235483681], [-51.38264610482411, -30.017923871081102], [-51.38237661023888, -30.018462860251574], [-51.381029137312694, -30.01738488191063]], [[-51.38641902901741, -30.020079827762988], [-51.38614953443218, -30.021157806103933], [-51.38614953443218, -30.020079827762988], [-51.38641902901741, -30.020079827762988]], [[-51.38614953443218, -30.021157806103933], [-51.38588003984694, -30.021696795274405], [-51.38588003984694, -30.021157806103933], [-51.38614953443218, -30.021157806103933]], [[-51.38156812648317, -30.017923871081102], [-51.381298631897934, -30.01819336566634], [-51.381298631897934, -30.017923871081102], [-51.38156812648317, -30.017923871081102]], [[-51.381298631897934, -30.01819336566634], [-51.381029137312694, -30.018462860251574], [-51.381029137312694, -30.01819336566634], [-51.381298631897934, -30.01819336566634]], [[-51.381029137312694, -30.018462860251574], [-51.38075964272746, -30.01873235483681], [-51.38075964272746, -30.018462860251574], [-51.381029137312694, -30.018462860251574]], [[-51.38075964272746, -30.01873235483681], [-51.38049014814222, -30.019001849422047], [-51.38049014814222, -30.01873235483681], [-51.38075964272746, -30.01873235483681]], [[-51.32820819860647, -30.015228925228744], [-51.32847769319171, -30.011186506450205], [-51.32847769319171, -30.015228925228744], [-51.32820819860647, -30.015228925228744]], [[-51.40124123120538, -30.01226448479115], [-51.401780220375855, -30.01226448479115], [-51.40151072579062, -30.013611957717327], [-51.40124123120538, -30.013611957717327], [-51.40124123120538, -30.01226448479115]], [[-51.40124123120538, -30.013611957717327], [-51.40097173662015, -30.014420441473035], [-51.40097173662015, -30.013611957717327], [-51.40124123120538, -30.013611957717327]], [[-51.40097173662015, -30.014420441473035], [-51.40070224203492, -30.015767914399216], [-51.40070224203492, -30.014420441473035], [-51.40097173662015, -30.014420441473035]], [[-51.40070224203492, -30.015767914399216], [-51.400163252864445, -30.017923871081102], [-51.40043274744968, -30.015767914399216], [-51.40070224203492, -30.015767914399216]], [[-51.33252011197024, -30.01334246313209], [-51.33413707948166, -30.013072968546858], [-51.33413707948166, -30.01334246313209], [-51.33252011197024, -30.01334246313209]], [[-51.40717011208057, -30.02385275195629], [-51.40743960666581, -30.013611957717327], [-51.40797859583628, -30.01334246313209], [-51.407709101251044, -30.024391741126763], [-51.40717011208057, -30.02385275195629]], [[-51.348689787084396, -30.015767914399216], [-51.34895928166963, -30.0141509468878], [-51.34895928166963, -30.015767914399216], [-51.348689787084396, -30.015767914399216]], [[-51.38803599652883, -30.014420441473035], [-51.387497007358355, -30.01549841981398], [-51.387497007358355, -30.014420441473035], [-51.38803599652883, -30.014420441473035]], [[-51.37483076185227, -30.016037408984452], [-51.3742917726818, -30.014959430643508], [-51.375100256437506, -30.014959430643508], [-51.37483076185227, -30.016037408984452]], [[-51.39477336115973, -30.017115387325394], [-51.39396487740402, -30.016845892740157], [-51.39396487740402, -30.015767914399216], [-51.39477336115973, -30.015767914399216], [-51.39477336115973, -30.017115387325394]], [[-51.33332859572595, -30.016037408984452], [-51.33952697118637, -30.015767914399216], [-51.33952697118637, -30.016037408984452], [-51.33332859572595, -30.016037408984452]], [[-51.3238962852427, -30.016306903569685], [-51.32632173650982, -30.016037408984452], [-51.32632173650982, -30.016306903569685], [-51.3238962852427, -30.016306903569685]], [[-51.32739971485076, -30.01657639815492], [-51.32901668236217, -30.016306903569685], [-51.32901668236217, -30.01657639815492], [-51.32739971485076, -30.01657639815492]], [[-51.40932606876246, -30.017654376495866], [-51.4095955633477, -30.017923871081102], [-51.40932606876246, -30.017923871081102], [-51.40932606876246, -30.017654376495866]], [[-51.4095955633477, -30.017923871081102], [-51.40986505793293, -30.01819336566634], [-51.4095955633477, -30.01819336566634], [-51.4095955633477, -30.017923871081102]], [[-51.40986505793293, -30.01819336566634], [-51.410404047103405, -30.018462860251574], [-51.40986505793293, -30.018462860251574], [-51.40986505793293, -30.01819336566634]], [[-51.410404047103405, -30.018462860251574], [-51.41094303627388, -30.01873235483681], [-51.410404047103405, -30.01873235483681], [-51.410404047103405, -30.018462860251574]], [[-51.41094303627388, -30.01873235483681], [-51.41121253085911, -30.019001849422047], [-51.41094303627388, -30.019001849422047], [-51.41094303627388, -30.01873235483681]], [[-51.41121253085911, -30.019001849422047], [-51.41148202544435, -30.01927134400728], [-51.41121253085911, -30.01927134400728], [-51.41121253085911, -30.019001849422047]], [[-51.32820819860647, -30.020888311518696], [-51.32847769319171, -30.017654376495866], [-51.32847769319171, -30.020888311518696], [-51.32820819860647, -30.020888311518696]], [[-51.3532711950334, -30.01819336566634], [-51.35273220586293, -30.018462860251574], [-51.35273220586293, -30.01819336566634], [-51.3532711950334, -30.01819336566634]], [[-51.35273220586293, -30.018462860251574], [-51.35192372210722, -30.01873235483681], [-51.35192372210722, -30.018462860251574], [-51.35273220586293, -30.018462860251574]], [[-51.35192372210722, -30.01873235483681], [-51.35084574376628, -30.019001849422047], [-51.35084574376628, -30.01873235483681], [-51.35192372210722, -30.01873235483681]], [[-51.3990852745235, -30.019001849422047], [-51.39962426369397, -30.018462860251574], [-51.39962426369397, -30.019001849422047], [-51.3990852745235, -30.019001849422047]], [[-51.348420292499156, -30.018462860251574], [-51.348689787084396, -30.019001849422047], [-51.350576249181046, -30.01927134400728], [-51.348420292499156, -30.01927134400728], [-51.348420292499156, -30.018462860251574]], [[-51.348420292499156, -30.01927134400728], [-51.348150797913924, -30.021157806103933], [-51.348150797913924, -30.01927134400728], [-51.348420292499156, -30.01927134400728]], [[-51.348150797913924, -30.02196628985964], [-51.34761180874345, -30.021696795274405], [-51.347881303328684, -30.021157806103933], [-51.348150797913924, -30.021157806103933], [-51.348150797913924, -30.02196628985964]], [[-51.38992245862548, -30.01873235483681], [-51.39100043696642, -30.019001849422047], [-51.38992245862548, -30.019001849422047], [-51.38992245862548, -30.01873235483681]], [[-51.39100043696642, -30.019001849422047], [-51.39180892072213, -30.01927134400728], [-51.39100043696642, -30.01927134400728], [-51.39100043696642, -30.019001849422047]], [[-51.336293036163546, -30.01927134400728], [-51.337640509089724, -30.019001849422047], [-51.337640509089724, -30.01927134400728], [-51.336293036163546, -30.01927134400728]], [[-51.39261740447784, -30.01927134400728], [-51.393425888233544, -30.019540838592516], [-51.39261740447784, -30.019540838592516], [-51.39261740447784, -30.01927134400728]], [[-51.393425888233544, -30.019540838592516], [-51.39396487740402, -30.01981033317775], [-51.393425888233544, -30.01981033317775], [-51.393425888233544, -30.019540838592516]], [[-51.382915599409344, -30.019540838592516], [-51.38264610482411, -30.020079827762988], [-51.38264610482411, -30.019540838592516], [-51.382915599409344, -30.019540838592516]], [[-51.38264610482411, -30.020079827762988], [-51.38237661023888, -30.020888311518696], [-51.38237661023888, -30.020079827762988], [-51.38264610482411, -30.020079827762988]], [[-51.38237661023888, -30.020888311518696], [-51.38210711565364, -30.021696795274405], [-51.38210711565364, -30.020888311518696], [-51.38237661023888, -30.020888311518696]], [[-51.38210711565364, -30.021696795274405], [-51.38183762106841, -30.022235784444874], [-51.38183762106841, -30.021696795274405], [-51.38210711565364, -30.021696795274405]], [[-51.37860368604557, -30.020888311518696], [-51.379412169801284, -30.02196628985964], [-51.37779520228987, -30.021696795274405], [-51.37860368604557, -30.020888311518696]], [[-51.37779520228987, -30.02142730068917], [-51.37752570770463, -30.021157806103933], [-51.37779520228987, -30.021157806103933], [-51.37779520228987, -30.02142730068917]], [[-51.37483076185227, -30.021157806103933], [-51.37456126726703, -30.02142730068917], [-51.37456126726703, -30.021157806103933], [-51.37483076185227, -30.021157806103933]], [[-51.37456126726703, -30.02142730068917], [-51.3742917726818, -30.021696795274405], [-51.3742917726818, -30.02142730068917], [-51.37456126726703, -30.02142730068917]], [[-51.3742917726818, -30.021696795274405], [-51.37375278351133, -30.02196628985964], [-51.37375278351133, -30.021696795274405], [-51.3742917726818, -30.021696795274405]], [[-51.37375278351133, -30.02196628985964], [-51.373483288926096, -30.022235784444874], [-51.373483288926096, -30.02196628985964], [-51.37375278351133, -30.02196628985964]], [[-51.3990852745235, -30.02250527903011], [-51.39881577993826, -30.023583257371055], [-51.39881577993826, -30.02250527903011], [-51.3990852745235, -30.02250527903011]], [[-51.39881577993826, -30.023583257371055], [-51.39854628535303, -30.024661235712], [-51.39854628535303, -30.023583257371055], [-51.39881577993826, -30.023583257371055]], [[-51.39854628535303, -30.024661235712], [-51.39827679076779, -30.026008708638177], [-51.39827679076779, -30.024661235712], [-51.39854628535303, -30.024661235712]], [[-51.39827679076779, -30.026008708638177], [-51.398007296182556, -30.026817192393885], [-51.398007296182556, -30.026008708638177], [-51.39827679076779, -30.026008708638177]], [[-51.347881303328684, -30.024391741126763], [-51.348150797913924, -30.02250527903011], [-51.348150797913924, -30.024391741126763], [-51.347881303328684, -30.024391741126763]], [[-51.381029137312694, -30.024661235712], [-51.38075964272746, -30.02520022488247], [-51.38075964272746, -30.024661235712], [-51.381029137312694, -30.024661235712]], [[-51.38075964272746, -30.02520022488247], [-51.38049014814222, -30.025469719467704], [-51.38049014814222, -30.02520022488247], [-51.38075964272746, -30.02520022488247]], [[-51.38049014814222, -30.025469719467704], [-51.37995115897175, -30.02573921405294], [-51.37995115897175, -30.025469719467704], [-51.38049014814222, -30.025469719467704]], [[-51.37995115897175, -30.02573921405294], [-51.37968166438652, -30.026008708638177], [-51.37968166438652, -30.02573921405294], [-51.37995115897175, -30.02573921405294]], [[-51.41660242256383, -30.02520022488247], [-51.416063433393354, -30.025469719467704], [-51.416063433393354, -30.02520022488247], [-51.41660242256383, -30.02520022488247]], [[-51.416063433393354, -30.025469719467704], [-51.41471596046718, -30.02573921405294], [-51.41471596046718, -30.025469719467704], [-51.416063433393354, -30.025469719467704]], [[-51.40743960666581, -30.02520022488247], [-51.407709101251044, -30.029512138246243], [-51.406631122910106, -30.031398600342893], [-51.40743960666581, -30.0284341599053], [-51.40743960666581, -30.02520022488247]], [[-51.406631122910106, -30.031398600342893], [-51.406361628324866, -30.031937589513365], [-51.406361628324866, -30.031398600342893], [-51.406631122910106, -30.031398600342893]], [[-51.406361628324866, -30.031937589513365], [-51.406092133739634, -30.032476578683838], [-51.406092133739634, -30.031937589513365], [-51.406361628324866, -30.031937589513365]], [[-51.406092133739634, -30.032476578683838], [-51.40555314456916, -30.03382405161002], [-51.405822639154394, -30.032476578683838], [-51.406092133739634, -30.032476578683838]], [[-51.40555314456916, -30.03382405161002], [-51.40528364998392, -30.03490202995096], [-51.40528364998392, -30.03382405161002], [-51.40555314456916, -30.03382405161002]], [[-51.40528364998392, -30.03490202995096], [-51.40501415539869, -30.035171524536196], [-51.40501415539869, -30.03490202995096], [-51.40528364998392, -30.03490202995096]], [[-51.40501415539869, -30.035171524536196], [-51.40474466081345, -30.035441019121432], [-51.40474466081345, -30.035171524536196], [-51.40501415539869, -30.035171524536196]], [[-51.40474466081345, -30.035441019121432], [-51.40447516622822, -30.035710513706668], [-51.40447516622822, -30.035441019121432], [-51.40474466081345, -30.035441019121432]], [[-51.40447516622822, -30.035710513706668], [-51.40420567164298, -30.035980008291904], [-51.40420567164298, -30.035710513706668], [-51.40447516622822, -30.035710513706668]], [[-51.40420567164298, -30.035980008291904], [-51.40366668247251, -30.036518997462377], [-51.403936177057744, -30.035980008291904], [-51.40420567164298, -30.035980008291904]], [[-51.40420567164298, -30.036518997462377], [-51.40474466081345, -30.036788492047613], [-51.40420567164298, -30.036788492047613], [-51.40420567164298, -30.036518997462377]], [[-51.379142675216045, -30.026008708638177], [-51.37887318063081, -30.026278203223413], [-51.37887318063081, -30.026008708638177], [-51.379142675216045, -30.026008708638177]], [[-51.37887318063081, -30.026278203223413], [-51.37860368604557, -30.02654769780865], [-51.37860368604557, -30.026278203223413], [-51.37887318063081, -30.026278203223413]], [[-51.37860368604557, -30.02654769780865], [-51.37833419146034, -30.026817192393885], [-51.37833419146034, -30.02654769780865], [-51.37860368604557, -30.02654769780865]], [[-51.37833419146034, -30.026817192393885], [-51.3780646968751, -30.02708668697912], [-51.3780646968751, -30.026817192393885], [-51.37833419146034, -30.026817192393885]], [[-51.3780646968751, -30.02708668697912], [-51.37779520228987, -30.027356181564357], [-51.37779520228987, -30.02708668697912], [-51.3780646968751, -30.02708668697912]], [[-51.35542715171529, -30.026278203223413], [-51.354618667959585, -30.02654769780865], [-51.354618667959585, -30.026278203223413], [-51.35542715171529, -30.026278203223413]], [[-51.354618667959585, -30.026817192393885], [-51.35300170044817, -30.026817192393885], [-51.35165422752199, -30.02708668697912], [-51.35273220586293, -30.02654769780865], [-51.354618667959585, -30.026817192393885]], [[-51.33413707948166, -30.02654769780865], [-51.336293036163546, -30.026278203223413], [-51.336293036163546, -30.02654769780865], [-51.33413707948166, -30.02654769780865]], [[-51.35273220586293, -30.027356181564357], [-51.35300170044817, -30.029242643661007], [-51.352462711277695, -30.0322070840986], [-51.352462711277695, -30.028703654490535], [-51.35273220586293, -30.027356181564357]], [[-51.3780646968751, -30.02897314907577], [-51.37833419146034, -30.027625676149594], [-51.37833419146034, -30.02897314907577], [-51.3780646968751, -30.02897314907577]], [[-51.37240531058515, -30.028703654490535], [-51.37213581599991, -30.02789517073483], [-51.37294429975562, -30.02789517073483], [-51.37240531058515, -30.028703654490535]], [[-51.414446465881944, -30.028703654490535], [-51.414176971296705, -30.02897314907577], [-51.41309899295576, -30.028703654490535], [-51.414446465881944, -30.028703654490535]], [[-51.414446465881944, -30.029242643661007], [-51.41471596046718, -30.029512138246243], [-51.414446465881944, -30.029512138246243], [-51.414446465881944, -30.029242643661007]], [[-51.35677462464147, -30.029512138246243], [-51.35596614088576, -30.029242643661007], [-51.356505130056235, -30.028703654490535], [-51.35677462464147, -30.029512138246243]], [[-51.34437787372062, -30.030320622001952], [-51.34464736830586, -30.028703654490535], [-51.34464736830586, -30.030320622001952], [-51.34437787372062, -30.030320622001952]], [[-51.362703505516656, -30.02897314907577], [-51.36243401093142, -30.029242643661007], [-51.36243401093142, -30.02897314907577], [-51.362703505516656, -30.02897314907577]], [[-51.36243401093142, -30.029242643661007], [-51.36216451634618, -30.029512138246243], [-51.36216451634618, -30.029242643661007], [-51.36243401093142, -30.029242643661007]], [[-51.36216451634618, -30.029512138246243], [-51.36189502176095, -30.02978163283148], [-51.36189502176095, -30.029512138246243], [-51.36216451634618, -30.029512138246243]], [[-51.36189502176095, -30.02978163283148], [-51.36162552717572, -30.030051127416716], [-51.36162552717572, -30.02978163283148], [-51.36189502176095, -30.02978163283148]], [[-51.36162552717572, -30.030051127416716], [-51.36135603259048, -30.030320622001952], [-51.36135603259048, -30.030051127416716], [-51.36162552717572, -30.030051127416716]], [[-51.36135603259048, -30.030320622001952], [-51.361086538005246, -30.030859611172424], [-51.361086538005246, -30.030320622001952], [-51.36135603259048, -30.030320622001952]], [[-51.361086538005246, -30.030859611172424], [-51.360817043420006, -30.03112910575766], [-51.360817043420006, -30.030859611172424], [-51.361086538005246, -30.030859611172424]], [[-51.36189502176095, -30.029512138246243], [-51.36162552717572, -30.029242643661007], [-51.36189502176095, -30.029242643661007], [-51.36189502176095, -30.029512138246243]], [[-51.335754046993074, -30.029512138246243], [-51.33602354157831, -30.02978163283148], [-51.335754046993074, -30.02978163283148], [-51.335754046993074, -30.029512138246243]], [[-51.33602354157831, -30.02978163283148], [-51.336293036163546, -30.030051127416716], [-51.33602354157831, -30.030051127416716], [-51.33602354157831, -30.02978163283148]], [[-51.336293036163546, -30.030051127416716], [-51.33656253074878, -30.030320622001952], [-51.336293036163546, -30.030320622001952], [-51.336293036163546, -30.030051127416716]], [[-51.33656253074878, -30.030320622001952], [-51.33683202533402, -30.030590116587188], [-51.33656253074878, -30.030590116587188], [-51.33656253074878, -30.030320622001952]], [[-51.33683202533402, -30.030590116587188], [-51.33710151991925, -30.030859611172424], [-51.33683202533402, -30.030859611172424], [-51.33683202533402, -30.030590116587188]], [[-51.37779520228987, -30.031398600342893], [-51.3780646968751, -30.030051127416716], [-51.3780646968751, -30.031398600342893], [-51.37779520228987, -30.031398600342893]], [[-51.38830549111407, -30.03112910575766], [-51.3885749856993, -30.03166809492813], [-51.38830549111407, -30.03166809492813], [-51.38830549111407, -30.03112910575766]], [[-51.38884448028453, -30.03166809492813], [-51.389383469455005, -30.03301556785431], [-51.389383469455005, -30.03490202995096], [-51.3885749856993, -30.03301556785431], [-51.38884448028453, -30.03166809492813]], [[-51.37752570770463, -30.03166809492813], [-51.37779520228987, -30.03301556785431], [-51.377256213119395, -30.034632535365724], [-51.377256213119395, -30.032746073269074], [-51.37752570770463, -30.03166809492813]], [[-51.34734231415821, -30.033285062439546], [-51.34761180874345, -30.0322070840986], [-51.34761180874345, -30.033285062439546], [-51.34734231415821, -30.033285062439546]], [[-51.39665982325638, -30.032476578683838], [-51.39639032867114, -30.033285062439546], [-51.39639032867114, -30.032476578683838], [-51.39665982325638, -30.032476578683838]], [[-51.39639032867114, -30.033285062439546], [-51.396120834085906, -30.03382405161002], [-51.396120834085906, -30.033285062439546], [-51.39639032867114, -30.033285062439546]], [[-51.3742917726818, -30.033285062439546], [-51.37456126726703, -30.032476578683838], [-51.37456126726703, -30.034093546195255], [-51.373213794340856, -30.033554557024782], [-51.3742917726818, -30.033285062439546]], [[-51.35219321669246, -30.034093546195255], [-51.352462711277695, -30.032476578683838], [-51.352462711277695, -30.034093546195255], [-51.35219321669246, -30.034093546195255]], [[-51.3705188484885, -30.033554557024782], [-51.37105783765897, -30.03301556785431], [-51.37105783765897, -30.033554557024782], [-51.3705188484885, -30.033554557024782]], [[-51.36782390263614, -30.033285062439546], [-51.36728491346567, -30.033285062439546], [-51.367015418880435, -30.03382405161002], [-51.367015418880435, -30.03301556785431], [-51.36782390263614, -30.033285062439546]], [[-51.343838884550145, -30.033285062439546], [-51.344108379135385, -30.034093546195255], [-51.34303040079444, -30.03382405161002], [-51.34303040079444, -30.033554557024782], [-51.343838884550145, -30.033285062439546]], [[-51.39962426369397, -30.035441019121432], [-51.39854628535303, -30.035710513706668], [-51.398007296182556, -30.035171524536196], [-51.39881577993826, -30.035441019121432], [-51.39962426369397, -30.035441019121432]], [[-51.39962426369397, -30.035980008291904], [-51.40258870413157, -30.03624950287714], [-51.40258870413157, -30.036788492047613], [-51.39962426369397, -30.035980008291904]], [[-51.389652964040245, -30.035171524536196], [-51.389652964040245, -30.036518997462377], [-51.389383469455005, -30.035171524536196], [-51.389652964040245, -30.035171524536196]], [[-51.38992245862548, -30.036518997462377], [-51.39019195321072, -30.03732748121808], [-51.38992245862548, -30.03732748121808], [-51.38992245862548, -30.036518997462377]], [[-51.395312350330194, -30.036788492047613], [-51.395851339500666, -30.035980008291904], [-51.395851339500666, -30.03705798663285], [-51.395312350330194, -30.036788492047613]], [[-51.387497007358355, -30.036788492047613], [-51.38722751277312, -30.03732748121808], [-51.38695801818788, -30.036788492047613], [-51.387497007358355, -30.036788492047613]], [[-51.387766501943595, -30.03732748121808], [-51.38803599652883, -30.037596975803318], [-51.387766501943595, -30.037596975803318], [-51.387766501943595, -30.03732748121808]], [[-51.403936177057744, -30.03705798663285], [-51.40474466081345, -30.03732748121808], [-51.40474466081345, -30.037866470388554], [-51.403936177057744, -30.037596975803318], [-51.403936177057744, -30.03705798663285]], [[-51.35946957049383, -30.03705798663285], [-51.35973906507906, -30.03813596497379], [-51.35893058132336, -30.03813596497379], [-51.35946957049383, -30.03705798663285]], [[-51.35973906507906, -30.03813596497379], [-51.360547548834774, -30.038405459559026], [-51.35973906507906, -30.038405459559026], [-51.35973906507906, -30.03813596497379]], [[-51.360547548834774, -30.0389444487295], [-51.360817043420006, -30.038674954144263], [-51.361086538005246, -30.0389444487295], [-51.360547548834774, -30.0389444487295]], [[-51.342221917038735, -30.03705798663285], [-51.341952422453495, -30.03813596497379], [-51.341952422453495, -30.03705798663285], [-51.342221917038735, -30.03705798663285]], [[-51.341952422453495, -30.03813596497379], [-51.34168292786826, -30.040022427070443], [-51.34168292786826, -30.03813596497379], [-51.341952422453495, -30.03813596497379]], [[-51.395581844915434, -30.03732748121808], [-51.39504285574496, -30.03813596497379], [-51.39504285574496, -30.03732748121808], [-51.395581844915434, -30.03732748121808]], [[-51.40905657417723, -30.03813596497379], [-51.40932606876246, -30.037596975803318], [-51.40986505793293, -30.03813596497379], [-51.40905657417723, -30.03813596497379]], [[-51.4095955633477, -30.038405459559026], [-51.40932606876246, -30.038674954144263], [-51.40932606876246, -30.038405459559026], [-51.4095955633477, -30.038405459559026]], [[-51.40932606876246, -30.038674954144263], [-51.40905657417723, -30.039213943314735], [-51.40905657417723, -30.038674954144263], [-51.40932606876246, -30.038674954144263]], [[-51.40905657417723, -30.039213943314735], [-51.408517585006756, -30.03948343789997], [-51.408517585006756, -30.039213943314735], [-51.40905657417723, -30.039213943314735]], [[-51.376986718534155, -30.038405459559026], [-51.37644772936369, -30.038674954144263], [-51.37644772936369, -30.038405459559026], [-51.376986718534155, -30.038405459559026]], [[-51.37644772936369, -30.038674954144263], [-51.37617823477845, -30.03948343789997], [-51.37617823477845, -30.038674954144263], [-51.37644772936369, -30.038674954144263]], [[-51.39396487740402, -30.041908889167093], [-51.395312350330194, -30.038674954144263], [-51.39396487740402, -30.043525856678507], [-51.39396487740402, -30.041908889167093]], [[-51.393695382818784, -30.043525856678507], [-51.39477336115973, -30.044334340434215], [-51.39477336115973, -30.045142824189924], [-51.393695382818784, -30.045142824189924], [-51.39288689906307, -30.04864625379799], [-51.39746830701208, -30.049185242968463], [-51.39962426369397, -30.047568275457046], [-51.400163252864445, -30.049185242968463], [-51.40097173662015, -30.049185242968463], [-51.40043274744968, -30.04972423213893], [-51.40366668247251, -30.049454737553695], [-51.41121253085911, -30.05053271589464], [-51.41094303627388, -30.048915748383227], [-51.41175152002958, -30.048107264627518], [-51.41309899295576, -30.048376759212754], [-51.413368487541, -30.049185242968463], [-51.41579393880812, -30.049454737553695], [-51.413368487541, -30.049454737553695], [-51.413368487541, -30.051071705065112], [-51.412560003785295, -30.051071705065112], [-51.39477336115973, -30.049185242968463], [-51.39315639364831, -30.04972423213893], [-51.39288689906307, -30.049185242968463], [-51.39261740447784, -30.050263221309404], [-51.394234371989256, -30.051071705065112], [-51.39180892072213, -30.051610694235585], [-51.39100043696642, -30.05511412384365], [-51.39180892072213, -30.05646159676983], [-51.39073094238119, -30.05646159676983], [-51.39073094238119, -30.05780906969601], [-51.39180892072213, -30.058078564281246], [-51.38992245862548, -30.059965026377895], [-51.38992245862548, -30.062659972230254], [-51.3885749856993, -30.065085423497376], [-51.3885749856993, -30.062390477645017], [-51.39019195321072, -30.05780906969601], [-51.3885749856993, -30.056731091355065], [-51.387497007358355, -30.058348058866482], [-51.38668852360265, -30.058617553451715], [-51.38668852360265, -30.058078564281246], [-51.39100043696642, -30.053497156332234], [-51.39100043696642, -30.049185242968463], [-51.38668852360265, -30.048376759212754], [-51.3923479098926, -30.04864625379799], [-51.39288689906307, -30.045142824189924], [-51.393695382818784, -30.043525856678507]], [[-51.40070224203492, -30.04864625379799], [-51.40070224203492, -30.047837770042282], [-51.40097173662015, -30.047029286286573], [-51.40070224203492, -30.04864625379799]], [[-51.3885749856993, -30.065085423497376], [-51.38830549111407, -30.065893907253084], [-51.38830549111407, -30.065085423497376], [-51.3885749856993, -30.065085423497376]], [[-51.38830549111407, -30.065893907253084], [-51.38803599652883, -30.067780369349734], [-51.38803599652883, -30.065893907253084], [-51.38830549111407, -30.065893907253084]], [[-51.38803599652883, -30.067780369349734], [-51.387766501943595, -30.06804986393497], [-51.387766501943595, -30.067780369349734], [-51.38803599652883, -30.067780369349734]], [[-51.39288689906307, -30.045142824189924], [-51.39261740447784, -30.044873329604687], [-51.39288689906307, -30.044873329604687], [-51.39288689906307, -30.045142824189924]], [[-51.4028581987168, -30.03948343789997], [-51.40258870413157, -30.04029192165568], [-51.40258870413157, -30.03948343789997], [-51.4028581987168, -30.03948343789997]], [[-51.40258870413157, -30.04029192165568], [-51.40231920954633, -30.041639394581857], [-51.40231920954633, -30.04029192165568], [-51.40258870413157, -30.04029192165568]], [[-51.4028581987168, -30.041639394581857], [-51.40312769330204, -30.041908889167093], [-51.4028581987168, -30.041908889167093], [-51.4028581987168, -30.041639394581857]], [[-51.40312769330204, -30.041908889167093], [-51.40339718788727, -30.04217838375233], [-51.40312769330204, -30.04217838375233], [-51.40312769330204, -30.041908889167093]], [[-51.40339718788727, -30.04217838375233], [-51.40366668247251, -30.042447878337565], [-51.40339718788727, -30.042447878337565], [-51.40339718788727, -30.04217838375233]], [[-51.40366668247251, -30.042447878337565], [-51.403936177057744, -30.0427173729228], [-51.40366668247251, -30.0427173729228], [-51.40366668247251, -30.042447878337565]], [[-51.403936177057744, -30.0427173729228], [-51.40420567164298, -30.042986867508038], [-51.403936177057744, -30.042986867508038], [-51.403936177057744, -30.0427173729228]], [[-51.40420567164298, -30.042986867508038], [-51.40447516622822, -30.043256362093274], [-51.40420567164298, -30.043256362093274], [-51.40420567164298, -30.042986867508038]], [[-51.40447516622822, -30.043256362093274], [-51.40474466081345, -30.043525856678507], [-51.40447516622822, -30.043525856678507], [-51.40447516622822, -30.043256362093274]], [[-51.39100043696642, -30.03948343789997], [-51.39126993155166, -30.040022427070443], [-51.39100043696642, -30.040022427070443], [-51.39100043696642, -30.03948343789997]], [[-51.39126993155166, -30.040022427070443], [-51.391539426136895, -30.041100405411385], [-51.39126993155166, -30.041100405411385], [-51.39126993155166, -30.040022427070443]], [[-51.391539426136895, -30.041100405411385], [-51.39180892072213, -30.041908889167093], [-51.391539426136895, -30.041908889167093], [-51.391539426136895, -30.041100405411385]], [[-51.39180892072213, -30.041908889167093], [-51.39207841530737, -30.0427173729228], [-51.39180892072213, -30.0427173729228], [-51.39180892072213, -30.041908889167093]], [[-51.37590874019322, -30.04083091082615], [-51.376986718534155, -30.04029192165568], [-51.376986718534155, -30.040561416240912], [-51.37590874019322, -30.04083091082615]], [[-51.387497007358355, -30.04083091082615], [-51.38695801818788, -30.041639394581857], [-51.38695801818788, -30.04083091082615], [-51.387497007358355, -30.04083091082615]], [[-51.38210711565364, -30.04136989999662], [-51.382915599409344, -30.04217838375233], [-51.38210711565364, -30.04217838375233], [-51.38210711565364, -30.04136989999662]], [[-51.37590874019322, -30.042447878337565], [-51.37617823477845, -30.04136989999662], [-51.37617823477845, -30.042447878337565], [-51.37590874019322, -30.042447878337565]], [[-51.35192372210722, -30.0427173729228], [-51.352462711277695, -30.044873329604687], [-51.35165422752199, -30.045681813360396], [-51.35003726001057, -30.044873329604687], [-51.33710151991925, -30.043795351263743], [-51.34141343328302, -30.043795351263743], [-51.34141343328302, -30.041639394581857], [-51.34518635747633, -30.041639394581857], [-51.34491686289109, -30.0427173729228], [-51.34653383040251, -30.041639394581857], [-51.34680332498774, -30.042447878337565], [-51.35192372210722, -30.0427173729228]], [[-51.41660242256383, -30.04217838375233], [-51.416332927978594, -30.042447878337565], [-51.416332927978594, -30.04217838375233], [-51.41660242256383, -30.04217838375233]], [[-51.416332927978594, -30.042447878337565], [-51.416063433393354, -30.042986867508038], [-51.416063433393354, -30.042447878337565], [-51.416332927978594, -30.042447878337565]], [[-51.416063433393354, -30.042986867508038], [-51.41552444422289, -30.043256362093274], [-51.41552444422289, -30.042986867508038], [-51.416063433393354, -30.042986867508038]], [[-51.40501415539869, -30.043795351263743], [-51.40528364998392, -30.04406484584898], [-51.40501415539869, -30.04406484584898], [-51.40501415539869, -30.043795351263743]], [[-51.40528364998392, -30.04406484584898], [-51.40555314456916, -30.044334340434215], [-51.40528364998392, -30.044334340434215], [-51.40528364998392, -30.04406484584898]], [[-51.40555314456916, -30.044334340434215], [-51.405822639154394, -30.04460383501945], [-51.40555314456916, -30.04460383501945], [-51.40555314456916, -30.044334340434215]], [[-51.405822639154394, -30.04460383501945], [-51.406092133739634, -30.044873329604687], [-51.405822639154394, -30.044873329604687], [-51.405822639154394, -30.04460383501945]], [[-51.406092133739634, -30.044873329604687], [-51.406361628324866, -30.045142824189924], [-51.406092133739634, -30.045142824189924], [-51.406092133739634, -30.044873329604687]], [[-51.37375278351133, -30.045951307945632], [-51.37563924560798, -30.04406484584898], [-51.376986718534155, -30.04406484584898], [-51.37563924560798, -30.0464902971161], [-51.37375278351133, -30.045951307945632]], [[-51.375369751022745, -30.047029286286573], [-51.38264610482411, -30.047837770042282], [-51.38264610482411, -30.048376759212754], [-51.381029137312694, -30.048107264627518], [-51.38075964272746, -30.052149683406057], [-51.37968166438652, -30.047837770042282], [-51.37563924560798, -30.047837770042282], [-51.375369751022745, -30.050802210479876], [-51.37402227809656, -30.04972423213893], [-51.371327332244206, -30.049185242968463], [-51.37159682682944, -30.04729878087181], [-51.368632386391845, -30.0464902971161], [-51.358661086738124, -30.04622080253087], [-51.354618667959585, -30.045142824189924], [-51.36647642970996, -30.04622080253087], [-51.36728491346567, -30.045681813360396], [-51.36728491346567, -30.04622080253087], [-51.37024935390326, -30.046759791701337], [-51.375100256437506, -30.047029286286573], [-51.375369751022745, -30.0464902971161], [-51.375369751022745, -30.047029286286573]], [[-51.354349173374345, -30.045142824189924], [-51.35381018420387, -30.047568275457046], [-51.35165422752199, -30.04729878087181], [-51.35381018420387, -30.047029286286573], [-51.35381018420387, -30.045142824189924], [-51.35273220586293, -30.044873329604687], [-51.354349173374345, -30.045142824189924]], [[-51.36728491346567, -30.045681813360396], [-51.36755440805091, -30.045142824189924], [-51.36755440805091, -30.045681813360396], [-51.36728491346567, -30.045681813360396]], [[-51.36755440805091, -30.045142824189924], [-51.36782390263614, -30.04460383501945], [-51.36782390263614, -30.045142824189924], [-51.36755440805091, -30.045142824189924]], [[-51.41363798212623, -30.044334340434215], [-51.41390747671147, -30.044873329604687], [-51.41363798212623, -30.044873329604687], [-51.41363798212623, -30.044334340434215]], [[-51.41390747671147, -30.045951307945632], [-51.414446465881944, -30.045142824189924], [-51.414446465881944, -30.04622080253087], [-51.41390747671147, -30.045951307945632]], [[-51.37995115897175, -30.045142824189924], [-51.37968166438652, -30.04460383501945], [-51.37887318063081, -30.044334340434215], [-51.37995115897175, -30.044334340434215], [-51.37995115897175, -30.045142824189924]], [[-51.37213581599991, -30.04622080253087], [-51.370788343073734, -30.04622080253087], [-51.37105783765897, -30.04460383501945], [-51.37213581599991, -30.044873329604687], [-51.37213581599991, -30.04622080253087]], [[-51.406631122910106, -30.045142824189924], [-51.40690061749534, -30.04541231877516], [-51.406631122910106, -30.04541231877516], [-51.406631122910106, -30.045142824189924]], [[-51.40690061749534, -30.04541231877516], [-51.40717011208057, -30.045681813360396], [-51.40690061749534, -30.045681813360396], [-51.40690061749534, -30.04541231877516]], [[-51.40717011208057, -30.045681813360396], [-51.40743960666581, -30.045951307945632], [-51.40717011208057, -30.045951307945632], [-51.40717011208057, -30.045681813360396]], [[-51.40743960666581, -30.045951307945632], [-51.407709101251044, -30.04622080253087], [-51.40743960666581, -30.04622080253087], [-51.40743960666581, -30.045951307945632]], [[-51.407709101251044, -30.04622080253087], [-51.40797859583628, -30.0464902971161], [-51.407709101251044, -30.0464902971161], [-51.407709101251044, -30.04622080253087]], [[-51.341952422453495, -30.045142824189924], [-51.34249141162397, -30.045681813360396], [-51.341952422453495, -30.045681813360396], [-51.341952422453495, -30.045142824189924]], [[-51.344108379135385, -30.0464902971161], [-51.34464736830586, -30.045951307945632], [-51.34464736830586, -30.0464902971161], [-51.344108379135385, -30.0464902971161]], [[-51.408517585006756, -30.046759791701337], [-51.40905657417723, -30.04622080253087], [-51.40905657417723, -30.046759791701337], [-51.408517585006756, -30.046759791701337]], [[-51.35138473293675, -30.047029286286573], [-51.35084574376628, -30.04729878087181], [-51.350576249181046, -30.050802210479876], [-51.35084574376628, -30.04622080253087], [-51.35138473293675, -30.047029286286573]], [[-51.350576249181046, -30.050802210479876], [-51.350306754595806, -30.05134119965035], [-51.350306754595806, -30.050802210479876], [-51.350576249181046, -30.050802210479876]], [[-51.40878707959199, -30.047029286286573], [-51.40905657417723, -30.04729878087181], [-51.40878707959199, -30.04729878087181], [-51.40878707959199, -30.047029286286573]], [[-51.40905657417723, -30.04729878087181], [-51.40932606876246, -30.047568275457046], [-51.40905657417723, -30.047568275457046], [-51.40905657417723, -30.04729878087181]], [[-51.40932606876246, -30.048107264627518], [-51.40986505793293, -30.047837770042282], [-51.40986505793293, -30.048376759212754], [-51.40932606876246, -30.048107264627518]], [[-51.40986505793293, -30.048376759212754], [-51.410134552518166, -30.04864625379799], [-51.40986505793293, -30.04864625379799], [-51.40986505793293, -30.048376759212754]], [[-51.36836289180661, -30.047029286286573], [-51.368632386391845, -30.047568275457046], [-51.36836289180661, -30.047568275457046], [-51.36836289180661, -30.047029286286573]], [[-51.368632386391845, -30.047568275457046], [-51.36917137556232, -30.047837770042282], [-51.368632386391845, -30.047837770042282], [-51.368632386391845, -30.047568275457046]], [[-51.36917137556232, -30.047837770042282], [-51.36971036473279, -30.048107264627518], [-51.36917137556232, -30.048107264627518], [-51.36917137556232, -30.047837770042282]], [[-51.38614953443218, -30.04864625379799], [-51.38426307233553, -30.04864625379799], [-51.38426307233553, -30.048376759212754], [-51.38614953443218, -30.048107264627518], [-51.38614953443218, -30.04864625379799]], [[-51.35354068961864, -30.05053271589464], [-51.35381018420387, -30.048376759212754], [-51.35381018420387, -30.05053271589464], [-51.35354068961864, -30.05053271589464]], [[-51.3600085596643, -30.05053271589464], [-51.360278054249534, -30.04864625379799], [-51.360278054249534, -30.05053271589464], [-51.3600085596643, -30.05053271589464]], [[-51.3457253466468, -30.049993726724168], [-51.345994841232034, -30.04864625379799], [-51.345994841232034, -30.049993726724168], [-51.3457253466468, -30.049993726724168]], [[-51.33952697118637, -30.05053271589464], [-51.341952422453495, -30.049993726724168], [-51.341952422453495, -30.050263221309404], [-51.33952697118637, -30.05053271589464]], [[-51.361086538005246, -30.050802210479876], [-51.36162552717572, -30.050263221309404], [-51.36162552717572, -30.050802210479876], [-51.361086538005246, -30.050802210479876]], [[-51.36782390263614, -30.051071705065112], [-51.36944087014756, -30.052149683406057], [-51.36809339722137, -30.052149683406057], [-51.36728491346567, -30.050802210479876], [-51.36809339722137, -30.05053271589464], [-51.36782390263614, -30.051071705065112]], [[-51.348420292499156, -30.05053271589464], [-51.348150797913924, -30.051071705065112], [-51.348150797913924, -30.05053271589464], [-51.348420292499156, -30.05053271589464]], [[-51.348150797913924, -30.051071705065112], [-51.34707281957298, -30.05134119965035], [-51.34707281957298, -30.051071705065112], [-51.348150797913924, -30.051071705065112]], [[-51.41471596046718, -30.050802210479876], [-51.41687191714907, -30.050802210479876], [-51.41687191714907, -30.05134119965035], [-51.41471596046718, -30.05134119965035], [-51.41471596046718, -30.050802210479876]], [[-51.36432047302807, -30.050802210479876], [-51.36405097844284, -30.05134119965035], [-51.36405097844284, -30.050802210479876], [-51.36432047302807, -30.050802210479876]], [[-51.3637814838576, -30.05134119965035], [-51.3637814838576, -30.053497156332234], [-51.362973000101896, -30.052688672576526], [-51.3637814838576, -30.05134119965035]], [[-51.39450386657449, -30.051071705065112], [-51.39504285574496, -30.05134119965035], [-51.39450386657449, -30.05134119965035], [-51.39450386657449, -30.051071705065112]], [[-51.39504285574496, -30.05134119965035], [-51.395581844915434, -30.051610694235585], [-51.39504285574496, -30.051610694235585], [-51.39504285574496, -30.05134119965035]], [[-51.395581844915434, -30.051610694235585], [-51.396120834085906, -30.05188018882082], [-51.395581844915434, -30.05188018882082], [-51.395581844915434, -30.051610694235585]], [[-51.396120834085906, -30.052149683406057], [-51.39692931784161, -30.052149683406057], [-51.39692931784161, -30.052688672576526], [-51.396120834085906, -30.052149683406057]], [[-51.39692931784161, -30.052688672576526], [-51.39719881242685, -30.053227661746998], [-51.39692931784161, -30.053227661746998], [-51.39692931784161, -30.052688672576526]], [[-51.39719881242685, -30.053227661746998], [-51.39746830701208, -30.053497156332234], [-51.39719881242685, -30.053497156332234], [-51.39719881242685, -30.053227661746998]], [[-51.39746830701208, -30.053497156332234], [-51.398007296182556, -30.05376665091747], [-51.39746830701208, -30.05376665091747], [-51.39746830701208, -30.053497156332234]], [[-51.3532711950334, -30.054036145502707], [-51.35300170044817, -30.053227661746998], [-51.35354068961864, -30.05134119965035], [-51.35354068961864, -30.053497156332234], [-51.3532711950334, -30.054036145502707]], [[-51.35300170044817, -30.054036145502707], [-51.35273220586293, -30.05457513467318], [-51.35273220586293, -30.054036145502707], [-51.35300170044817, -30.054036145502707]], [[-51.35273220586293, -30.05457513467318], [-51.352462711277695, -30.05511412384365], [-51.352462711277695, -30.05457513467318], [-51.35273220586293, -30.05457513467318]], [[-51.407709101251044, -30.05241917799129], [-51.40743960666581, -30.052688672576526], [-51.40743960666581, -30.05241917799129], [-51.407709101251044, -30.05241917799129]], [[-51.40743960666581, -30.052688672576526], [-51.40717011208057, -30.052958167161762], [-51.40717011208057, -30.052688672576526], [-51.40743960666581, -30.052688672576526]], [[-51.40717011208057, -30.052958167161762], [-51.40690061749534, -30.053227661746998], [-51.40690061749534, -30.052958167161762], [-51.40717011208057, -30.052958167161762]], [[-51.40690061749534, -30.053227661746998], [-51.406361628324866, -30.053497156332234], [-51.406361628324866, -30.053227661746998], [-51.40690061749534, -30.053227661746998]], [[-51.38022065355699, -30.05457513467318], [-51.38049014814222, -30.052688672576526], [-51.38049014814222, -30.05457513467318], [-51.38022065355699, -30.05457513467318]], [[-51.34303040079444, -30.052958167161762], [-51.34464736830586, -30.052688672576526], [-51.34464736830586, -30.052958167161762], [-51.34303040079444, -30.052958167161762]], [[-51.33925747660114, -30.05511412384365], [-51.33952697118637, -30.053227661746998], [-51.33952697118637, -30.05511412384365], [-51.33925747660114, -30.05511412384365]], [[-51.341952422453495, -30.056192102184593], [-51.342221917038735, -30.054305640087943], [-51.34276090620921, -30.05376665091747], [-51.34329989537968, -30.056192102184593], [-51.341952422453495, -30.056192102184593]], [[-51.39881577993826, -30.054036145502707], [-51.40501415539869, -30.054844629258415], [-51.40501415539869, -30.05565311301412], [-51.4028581987168, -30.05457513467318], [-51.39935476910873, -30.05457513467318], [-51.39881577993826, -30.05565311301412], [-51.39881577993826, -30.054036145502707]], [[-51.3990852745235, -30.055922607599356], [-51.400163252864445, -30.055922607599356], [-51.40124123120538, -30.05646159676983], [-51.3990852745235, -30.055922607599356]], [[-51.40124123120538, -30.05646159676983], [-51.401780220375855, -30.056731091355065], [-51.40124123120538, -30.056731091355065], [-51.40124123120538, -30.05646159676983]], [[-51.37483076185227, -30.054305640087943], [-51.375100256437506, -30.05457513467318], [-51.37483076185227, -30.05457513467318], [-51.37483076185227, -30.054305640087943]], [[-51.375100256437506, -30.05457513467318], [-51.37563924560798, -30.05511412384365], [-51.375100256437506, -30.05511412384365], [-51.375100256437506, -30.05457513467318]], [[-51.37995115897175, -30.057270080525537], [-51.38022065355699, -30.05511412384365], [-51.38022065355699, -30.057270080525537], [-51.37995115897175, -30.057270080525537]], [[-51.40258870413157, -30.05565311301412], [-51.402049714961095, -30.05646159676983], [-51.402049714961095, -30.05565311301412], [-51.40258870413157, -30.05565311301412]], [[-51.407709101251044, -30.05646159676983], [-51.408248090421516, -30.056731091355065], [-51.407709101251044, -30.056731091355065], [-51.407709101251044, -30.05646159676983]], [[-51.408248090421516, -30.056731091355065], [-51.40878707959199, -30.0570005859403], [-51.408248090421516, -30.0570005859403], [-51.408248090421516, -30.056731091355065]], [[-51.40878707959199, -30.0570005859403], [-51.40932606876246, -30.057270080525537], [-51.40878707959199, -30.057270080525537], [-51.40878707959199, -30.0570005859403]], [[-51.39396487740402, -30.057270080525537], [-51.39504285574496, -30.057539575110773], [-51.39396487740402, -30.057539575110773], [-51.39396487740402, -30.057270080525537]], [[-51.39504285574496, -30.057539575110773], [-51.395312350330194, -30.05780906969601], [-51.39504285574496, -30.05780906969601], [-51.39504285574496, -30.057539575110773]], [[-51.3742917726818, -30.05780906969601], [-51.37563924560798, -30.057539575110773], [-51.37563924560798, -30.05780906969601], [-51.3742917726818, -30.05780906969601]], [[-51.36593744053949, -30.05780906969601], [-51.36539845136902, -30.05780906969601], [-51.36512895678378, -30.058348058866482], [-51.36512895678378, -30.057539575110773], [-51.36593744053949, -30.05780906969601]], [[-51.38588003984694, -30.05969553179266], [-51.38534105067647, -30.059426037207423], [-51.38588003984694, -30.059156542622187], [-51.38588003984694, -30.05969553179266]], [[-51.38534105067647, -30.060773510133604], [-51.38453256692076, -30.060773510133604], [-51.38453256692076, -30.060504015548368], [-51.38534105067647, -30.059965026377895], [-51.38534105067647, -30.060773510133604]], [[-51.36243401093142, -30.060773510133604], [-51.362703505516656, -30.059426037207423], [-51.362703505516656, -30.060773510133604], [-51.36243401093142, -30.060773510133604]], [[-51.38641902901741, -30.063468455985962], [-51.38588003984694, -30.0637379505712], [-51.38588003984694, -30.063468455985962], [-51.38641902901741, -30.063468455985962]], [[-51.38588003984694, -30.0637379505712], [-51.38534105067647, -30.064007445156435], [-51.38534105067647, -30.0637379505712], [-51.38588003984694, -30.0637379505712]], [[-51.38534105067647, -30.064007445156435], [-51.384802061506, -30.06427693974167], [-51.384802061506, -30.064007445156435], [-51.38534105067647, -30.064007445156435]], [[-51.360817043420006, -30.06427693974167], [-51.36216451634618, -30.06427693974167], [-51.36324249468713, -30.06481592891214], [-51.36189502176095, -30.06481592891214], [-51.360817043420006, -30.06427693974167]], [[-51.383454588579816, -30.064546434326903], [-51.382915599409344, -30.06481592891214], [-51.382915599409344, -30.064546434326903], [-51.383454588579816, -30.064546434326903]], [[-51.382915599409344, -30.065085423497376], [-51.38237661023888, -30.065354918082612], [-51.38156812648317, -30.065354918082612], [-51.38183762106841, -30.06481592891214], [-51.382915599409344, -30.065085423497376]], [[-51.38156812648317, -30.065354918082612], [-51.381029137312694, -30.065624412667848], [-51.381029137312694, -30.065354918082612], [-51.38156812648317, -30.065354918082612]], [[-51.381029137312694, -30.065624412667848], [-51.38049014814222, -30.065893907253084], [-51.38049014814222, -30.065624412667848], [-51.381029137312694, -30.065624412667848]], [[-51.36351198927237, -30.065085423497376], [-51.364859462198545, -30.06481592891214], [-51.364859462198545, -30.065085423497376], [-51.36351198927237, -30.065085423497376]], [[-51.3742917726818, -30.066702391008793], [-51.3705188484885, -30.06616340183832], [-51.3705188484885, -30.065893907253084], [-51.372674805170384, -30.065893907253084], [-51.3742917726818, -30.066702391008793]], [[-51.37833419146034, -30.066432896423557], [-51.37779520228987, -30.066702391008793], [-51.37779520228987, -30.066432896423557], [-51.37833419146034, -30.066432896423557]], [[-51.37779520228987, -30.066702391008793], [-51.377256213119395, -30.06697188559403], [-51.377256213119395, -30.066702391008793], [-51.37779520228987, -30.066702391008793]], [[-51.377256213119395, -30.06697188559403], [-51.37644772936369, -30.067241380179265], [-51.37644772936369, -30.06697188559403], [-51.377256213119395, -30.06697188559403]], [[-51.349767765425334, -30.066702391008793], [-51.35003726001057, -30.06804986393497], [-51.349767765425334, -30.06804986393497], [-51.349767765425334, -30.066702391008793]], [[-51.35003726001057, -30.06804986393497], [-51.350306754595806, -30.068319358520206], [-51.35003726001057, -30.068319358520206], [-51.35003726001057, -30.06804986393497]], [[-51.41094303627388, -30.06804986393497], [-51.41067354168864, -30.068319358520206], [-51.41067354168864, -30.06804986393497], [-51.41094303627388, -30.06804986393497]], [[-51.41067354168864, -30.068319358520206], [-51.410404047103405, -30.06885834769068], [-51.410404047103405, -30.068319358520206], [-51.41067354168864, -30.068319358520206]], [[-51.410404047103405, -30.06885834769068], [-51.410134552518166, -30.06939733686115], [-51.410134552518166, -30.06885834769068], [-51.410404047103405, -30.06885834769068]], [[-51.41309899295576, -30.06885834769068], [-51.41282949837053, -30.06939733686115], [-51.41282949837053, -30.06885834769068], [-51.41309899295576, -30.06885834769068]], [[-51.412290509200055, -30.06939733686115], [-51.414446465881944, -30.070475315202092], [-51.41282949837053, -30.072900766469218], [-51.40878707959199, -30.072361777298745], [-51.40932606876246, -30.070475315202092], [-51.4095955633477, -30.0712837989578], [-51.41148202544435, -30.0712837989578], [-51.412290509200055, -30.06939733686115]], [[-51.4095955633477, -30.070475315202092], [-51.40986505793293, -30.069936326031623], [-51.40986505793293, -30.070475315202092], [-51.4095955633477, -30.070475315202092]], [[-51.406361628324866, -30.069936326031623], [-51.40528364998392, -30.069666831446387], [-51.40528364998392, -30.06939733686115], [-51.406361628324866, -30.06939733686115], [-51.406361628324866, -30.069936326031623]], [[-51.36216451634618, -30.071553293543037], [-51.3637814838576, -30.0712837989578], [-51.3637814838576, -30.071553293543037], [-51.36216451634618, -30.071553293543037]], [[-51.35946957049383, -30.071822788128273], [-51.36162552717572, -30.071553293543037], [-51.36162552717572, -30.071822788128273], [-51.35946957049383, -30.071822788128273]], [[-51.3705188484885, -30.074248239395395], [-51.371327332244206, -30.07343975563969], [-51.371327332244206, -30.07451773398063], [-51.3705188484885, -30.074248239395395]], [[-51.358661086738124, -30.07397874481016], [-51.36593744053949, -30.074248239395395], [-51.358661086738124, -30.074248239395395], [-51.358661086738124, -30.07397874481016]], [[-51.408248090421516, -30.07532621773634], [-51.408517585006756, -30.07397874481016], [-51.408517585006756, -30.07532621773634], [-51.408248090421516, -30.07532621773634]], [[-51.35893058132336, -30.07532621773634], [-51.358391592152884, -30.075595712321576], [-51.358391592152884, -30.07532621773634], [-51.35893058132336, -30.07532621773634]], [[-51.358391592152884, -30.075595712321576], [-51.35785260298241, -30.075865206906812], [-51.35785260298241, -30.075595712321576], [-51.358391592152884, -30.075595712321576]], [[-51.35785260298241, -30.075865206906812], [-51.35731361381194, -30.076134701492048], [-51.35731361381194, -30.075865206906812], [-51.35785260298241, -30.075865206906812]], [[-51.35731361381194, -30.076134701492048], [-51.35704411922671, -30.076404196077284], [-51.35704411922671, -30.076134701492048], [-51.35731361381194, -30.076134701492048]], [[-51.35704411922671, -30.076404196077284], [-51.35677462464147, -30.077482174418225], [-51.35677462464147, -30.076404196077284], [-51.35704411922671, -30.076404196077284]]]}, "properties": {"cultura": "Arroz"}}, {"type": "Feature", "geometry": {"type": "Polygon", "coordinates": [[[-51.381298631897934, -29.998250766358883], [-51.38264610482411, -29.99852026094412], [-51.38237661023888, -29.99717278801794], [-51.381298631897934, -29.997711777188414], [-51.381298631897934, -29.998250766358883]]]}, "properties": {"cultura": "Arroz"}}, {"type": "Feature", "geometry": {"type": "Polygon", "coordinates": [[[-51.350306754595806, -29.99798127177365], [-51.34922877625487, -29.99717278801794], [-51.34895928166963, -29.996094809676997], [-51.34895928166963, -29.998250766358883], [-51.350306754595806, -29.99798127177365]]]}, "properties": {"cultura": "Arroz"}}, {"type": "Feature", "geometry": {"type": "Polygon", "coordinates": [[[-51.350306754595806, -29.99717278801794], [-51.350576249181046, -29.996903293432705], [-51.350306754595806, -29.996903293432705], [-51.350306754595806, -29.99717278801794]]]}, "properties": {"cultura": "Arroz"}}, {"type": "Feature", "geometry": {"type": "Polygon", "coordinates": [[[-51.37779520228987, -29.996094809676997], [-51.37752570770463, -29.99717278801794], [-51.37833419146034, -29.99717278801794], [-51.37833419146034, -29.99663379884747], [-51.37779520228987, -29.996094809676997]]]}, "properties": {"cultura": "Arroz"}}, {"type": "Feature", "geometry": {"type": "Polygon", "coordinates": [[[-51.35003726001057, -29.996364304262233], [-51.3494982708401, -29.996094809676997], [-51.3494982708401, -29.996364304262233], [-51.35003726001057, -29.996364304262233]]]}, "properties": {"cultura": "Arroz"}}, {"type": "Feature", "geometry": {"type": "Polygon", "coordinates": [[[-51.352462711277695, -29.996094809676997], [-51.35273220586293, -29.995555820506524], [-51.352462711277695, -29.995555820506524], [-51.352462711277695, -29.996094809676997]]]}, "properties": {"cultura": "Arroz"}}, {"type": "Feature", "geometry": {"type": "Polygon", "coordinates": [[[-51.350306754595806, -29.996364304262233], [-51.35084574376628, -29.99474733675082], [-51.350576249181046, -29.99474733675082], [-51.350306754595806, -29.996364304262233]]]}, "properties": {"cultura": "Arroz"}}, {"type": "Feature", "geometry": {"type": "Polygon", "coordinates": [[[-51.37159682682944, -29.99474733675082], [-51.370788343073734, -29.99528632592129], [-51.37159682682944, -29.995016831336056], [-51.37159682682944, -29.99474733675082]]]}, "properties": {"cultura": "Arroz"}}, {"type": "Feature", "geometry": {"type": "Polygon", "coordinates": [[[-51.372674805170384, -29.994208347580347], [-51.37213581599991, -29.99474733675082], [-51.37294429975562, -29.99474733675082], [-51.372674805170384, -29.994208347580347]]]}, "properties": {"cultura": "Arroz"}}, {"type": "Feature", "geometry": {"type": "Polygon", "coordinates": [[[-51.36566794595425, -29.989087950460863], [-51.36432047302807, -29.988548961290395], [-51.36432047302807, -29.9893574450461], [-51.36566794595425, -29.989087950460863]]]}, "properties": {"cultura": "Arroz"}}, {"type": "Feature", "geometry": {"type": "Polygon", "coordinates": [[[-51.362973000101896, -29.98827946670516], [-51.36243401093142, -29.987740477534686], [-51.36243401093142, -29.988548961290395], [-51.362973000101896, -29.98827946670516]]]}, "properties": {"cultura": "Arroz"}}, {"type": "Feature", "geometry": {"type": "Polygon", "coordinates": [[[-51.362973000101896, -29.987201488364214], [-51.36405097844284, -29.987740477534686], [-51.36458996761331, -29.98612351002327], [-51.36324249468713, -29.985854015438036], [-51.362973000101896, -29.987201488364214]]]}, "properties": {"cultura": "Arroz"}}, {"type": "Feature", "geometry": {"type": "Polygon", "coordinates": [[[-51.348689787084396, -29.985854015438036], [-51.35111523835152, -29.985854015438036], [-51.350306754595806, -29.985315026267564], [-51.35084574376628, -29.984506542511856], [-51.3494982708401, -29.98423704792662], [-51.348689787084396, -29.985854015438036]]]}, "properties": {"cultura": "Arroz"}}, {"type": "Feature", "geometry": {"type": "Polygon", "coordinates": [[[-51.368632386391845, -29.98477603709709], [-51.36944087014756, -29.985315026267564], [-51.36944087014756, -29.98423704792662], [-51.368632386391845, -29.98477603709709]]]}, "properties": {"cultura": "Arroz"}}, {"type": "Feature", "geometry": {"type": "Polygon", "coordinates": [[[-51.38614953443218, -29.984506542511856], [-51.38588003984694, -29.983967553341383], [-51.38534105067647, -29.983967553341383], [-51.38614953443218, -29.984506542511856]]]}, "properties": {"cultura": "Arroz"}}, {"type": "Feature", "geometry": {"type": "Polygon", "coordinates": [[[-51.387766501943595, -29.985045531682328], [-51.3885749856993, -29.98477603709709], [-51.38695801818788, -29.982620080415206], [-51.384802061506, -29.98235058582997], [-51.387766501943595, -29.985045531682328]]]}, "properties": {"cultura": "Arroz"}}, {"type": "Feature", "geometry": {"type": "Polygon", "coordinates": [[[-51.38507155609123, -29.983967553341383], [-51.38534105067647, -29.983698058756147], [-51.38507155609123, -29.983698058756147], [-51.38507155609123, -29.983967553341383]]]}, "properties": {"cultura": "Arroz"}}, {"type": "Feature", "geometry": {"type": "Polygon", "coordinates": [[[-51.34895928166963, -29.979386145392375], [-51.34922877625487, -29.981272607489025], [-51.35084574376628, -29.98154210207426], [-51.350306754595806, -29.983159069585675], [-51.35111523835152, -29.98342856417091], [-51.35084574376628, -29.98100311290379], [-51.35165422752199, -29.979386145392375], [-51.34895928166963, -29.979386145392375]]]}, "properties": {"cultura": "Arroz"}}, {"type": "Feature", "geometry": {"type": "Polygon", "coordinates": [[[-51.36539845136902, -29.980733618318553], [-51.36566794595425, -29.980464123733316], [-51.36539845136902, -29.980464123733316], [-51.36539845136902, -29.980733618318553]]]}, "properties": {"cultura": "Arroz"}}, {"type": "Feature", "geometry": {"type": "Polygon", "coordinates": [[[-51.362973000101896, -29.97776917788096], [-51.3637814838576, -29.977499683295722], [-51.362973000101896, -29.977499683295722], [-51.362973000101896, -29.97776917788096]]]}, "properties": {"cultura": "Arroz"}}, {"type": "Feature", "geometry": {"type": "Polygon", "coordinates": [[[-51.36243401093142, -29.977499683295722], [-51.362973000101896, -29.977230188710486], [-51.36243401093142, -29.977230188710486], [-51.36243401093142, -29.977499683295722]]]}, "properties": {"cultura": "Arroz"}}, {"type": "Feature", "geometry": {"type": "Polygon", "coordinates": [[[-51.35003726001057, -29.976152210369545], [-51.349767765425334, -29.97588271578431], [-51.349767765425334, -29.976152210369545], [-51.35003726001057, -29.976152210369545]]]}, "properties": {"cultura": "Arroz"}}, {"type": "Feature", "geometry": {"type": "Polygon", "coordinates": [[[-51.35003726001057, -29.97588271578431], [-51.35084574376628, -29.97426574827289], [-51.35273220586293, -29.97318776993195], [-51.35273220586293, -29.96860636198294], [-51.35003726001057, -29.96671989988629], [-51.348689787084396, -29.974804737443364], [-51.349767765425334, -29.97426574827289], [-51.34922877625487, -29.975613221199072], [-51.35003726001057, -29.97588271578431]], [[-51.349767765425334, -29.97426574827289], [-51.35003726001057, -29.97399625368766], [-51.35003726001057, -29.97426574827289], [-51.349767765425334, -29.97426574827289]]]}, "properties": {"cultura": "Arroz"}}, {"type": "Feature", "geometry": {"type": "Polygon", "coordinates": [[[-51.346264335817274, -30.061312499304076], [-51.34491686289109, -30.06104300471884], [-51.346264335817274, -30.061851488474545], [-51.346264335817274, -30.061312499304076]]]}, "properties": {"cultura": "Arroz"}}, {"type": "Feature", "geometry": {"type": "Polygon", "coordinates": [[[-51.33252011197024, -30.045142824189924], [-51.33252011197024, -30.047029286286573], [-51.33467606865213, -30.047029286286573], [-51.3352150578226, -30.04541231877516], [-51.33252011197024, -30.045142824189924]]]}, "properties": {"cultura": "Arroz"}}, {"type": "Feature", "geometry": {"type": "Polygon", "coordinates": [[[-51.347881303328684, -30.043795351263743], [-51.34707281957298, -30.043795351263743], [-51.34707281957298, -30.04406484584898], [-51.34761180874345, -30.044334340434215], [-51.347881303328684, -30.043795351263743]]]}, "properties": {"cultura": "Arroz"}}, {"type": "Feature", "geometry": {"type": "Polygon", "coordinates": [[[-51.34707281957298, -30.043795351263743], [-51.34653383040251, -30.043256362093274], [-51.34653383040251, -30.043795351263743], [-51.34707281957298, -30.043795351263743]]]}, "properties": {"cultura": "Arroz"}}, {"type": "Feature", "geometry": {"type": "Polygon", "coordinates": [[[-51.346264335817274, -30.043256362093274], [-51.34653383040251, -30.042986867508038], [-51.346264335817274, -30.042986867508038], [-51.346264335817274, -30.043256362093274]]]}, "properties": {"cultura": "Arroz"}}, {"type": "Feature", "geometry": {"type": "Polygon", "coordinates": [[[-51.32928617694741, -30.03948343789997], [-51.329825166117885, -30.040022427070443], [-51.33090314445883, -30.03948343789997], [-51.33090314445883, -30.038405459559026], [-51.32928617694741, -30.038405459559026], [-51.32928617694741, -30.03948343789997]], [[-51.329555671532646, -30.038674954144263], [-51.33009466070312, -30.039213943314735], [-51.329555671532646, -30.039213943314735], [-51.329555671532646, -30.038674954144263]]]}, "properties": {"cultura": "Arroz"}}, {"type": "Feature", "geometry": {"type": "Polygon", "coordinates": [[[-51.34464736830586, -30.010108528109264], [-51.34491686289109, -30.009839033524027], [-51.34464736830586, -30.009839033524027], [-51.34464736830586, -30.010108528109264]]]}, "properties": {"cultura": "Arroz"}}, {"type": "Feature", "geometry": {"type": "Polygon", "coordinates": [[[-51.33305910114071, -29.99663379884747], [-51.32874718777694, -29.99663379884747], [-51.327669209435996, -29.997442282603178], [-51.32874718777694, -30.002832174307894], [-51.329555671532646, -30.003640658063603], [-51.335484552407834, -30.003371163478366], [-51.33467606865213, -30.000137228455536], [-51.33871848743067, -30.000137228455536], [-51.33844899284543, -29.99582531509176], [-51.33467606865213, -29.996094809676997], [-51.33332859572595, -29.99717278801794], [-51.33332859572595, -29.998250766358883], [-51.33305910114071, -29.99663379884747]], [[-51.33305910114071, -29.998250766358883], [-51.33278960655548, -29.99905925011459], [-51.33278960655548, -29.998250766358883], [-51.33305910114071, -29.998250766358883]], [[-51.33198112279977, -30.002562679722658], [-51.33225061738501, -30.00067621762601], [-51.33225061738501, -30.002562679722658], [-51.33198112279977, -30.002562679722658]]]}, "properties": {"cultura": "Arroz"}}, {"type": "Feature", "geometry": {"type": "Polygon", "coordinates": [[[-51.34922877625487, -29.99474733675082], [-51.34922877625487, -29.996094809676997], [-51.3494982708401, -29.996094809676997], [-51.349767765425334, -29.99474733675082], [-51.34922877625487, -29.99474733675082]]]}, "properties": {"cultura": "Arroz"}}, {"type": "Feature", "geometry": {"type": "Polygon", "coordinates": [[[-51.32659123109505, -29.99339986382464], [-51.32739971485076, -29.99663379884747], [-51.32874718777694, -29.99663379884747], [-51.32847769319171, -29.993130369239402], [-51.32659123109505, -29.99339986382464]]]}, "properties": {"cultura": "Arroz"}}, {"type": "Feature", "geometry": {"type": "Polygon", "coordinates": [[[-51.33467606865213, -29.991782896313225], [-51.3344065740669, -29.99582531509176], [-51.338179498260196, -29.994477842165583], [-51.337640509089724, -29.993669358409875], [-51.33467606865213, -29.99474733675082], [-51.33467606865213, -29.991782896313225]]]}, "properties": {"cultura": "Arroz"}}, {"type": "Feature", "geometry": {"type": "Polygon", "coordinates": [[[-51.34276090620921, -29.992860874654166], [-51.34303040079444, -29.99259138006893], [-51.34276090620921, -29.99259138006893], [-51.34276090620921, -29.992860874654166]]]}, "properties": {"cultura": "Arroz"}}, {"type": "Feature", "geometry": {"type": "Polygon", "coordinates": [[[-51.34518635747633, -29.991782896313225], [-51.343838884550145, -29.991243907142753], [-51.34329989537968, -29.993130369239402], [-51.34545585206156, -29.993669358409875], [-51.3457253466468, -29.991782896313225], [-51.34491686289109, -29.989626939631336], [-51.34437787372062, -29.991243907142753], [-51.34518635747633, -29.991782896313225]]]}, "properties": {"cultura": "Arroz"}}, {"type": "Feature", "geometry": {"type": "Polygon", "coordinates": [[[-51.34329989537968, -29.989896434216572], [-51.34356938996491, -29.989626939631336], [-51.34329989537968, -29.989626939631336], [-51.34329989537968, -29.989896434216572]]]}, "properties": {"cultura": "Arroz"}}, {"type": "Feature", "geometry": {"type": "Polygon", "coordinates": [[[-51.343838884550145, -29.98612351002327], [-51.34276090620921, -29.983967553341383], [-51.33952697118637, -29.98423704792662], [-51.33979646577161, -29.987740477534686], [-51.34168292786826, -29.988548961290395], [-51.34168292786826, -29.989626939631336], [-51.34114393869779, -29.989087950460863], [-51.340065960356846, -29.989896434216572], [-51.33871848743067, -29.989626939631336], [-51.33979646577161, -29.991243907142753], [-51.34060494952732, -29.99070491797228], [-51.34087444411255, -29.99151340172799], [-51.341952422453495, -29.99151340172799], [-51.341952422453495, -29.99259138006893], [-51.34329989537968, -29.991782896313225], [-51.34303040079444, -29.991243907142753], [-51.34329989537968, -29.988548961290395], [-51.34437787372062, -29.989087950460863], [-51.343838884550145, -29.98612351002327]], [[-51.340335454942085, -29.99070491797228], [-51.340065960356846, -29.990435423387044], [-51.340335454942085, -29.990435423387044], [-51.340335454942085, -29.99070491797228]], [[-51.34303040079444, -29.989626939631336], [-51.34276090620921, -29.989087950460863], [-51.34303040079444, -29.989087950460863], [-51.34303040079444, -29.989626939631336]]]}, "properties": {"cultura": "Arroz"}}, {"type": "Feature", "geometry": {"type": "Polygon", "coordinates": [[[-51.337910003674956, -29.983967553341383], [-51.33925747660114, -29.982620080415206], [-51.33683202533402, -29.982081091244734], [-51.33656253074878, -29.987740477534686], [-51.33737101450449, -29.98881845587563], [-51.33602354157831, -29.989087950460863], [-51.33602354157831, -29.991243907142753], [-51.338179498260196, -29.99070491797228], [-51.337910003674956, -29.988548961290395], [-51.3389879820159, -29.987201488364214], [-51.33710151991925, -29.986931993778978], [-51.338179498260196, -29.98612351002327], [-51.33925747660114, -29.98666249919374], [-51.33925747660114, -29.98477603709709], [-51.337910003674956, -29.983967553341383]], [[-51.33844899284543, -29.984506542511856], [-51.33871848743067, -29.98477603709709], [-51.33844899284543, -29.98477603709709], [-51.33844899284543, -29.984506542511856]]]}, "properties": {"cultura": "Arroz"}}, {"type": "Feature", "geometry": {"type": "Polygon", "coordinates": [[[-51.344108379135385, -29.98612351002327], [-51.343838884550145, -29.985854015438036], [-51.343838884550145, -29.98612351002327], [-51.344108379135385, -29.98612351002327]]]}, "properties": {"cultura": "Arroz"}}, {"type": "Feature", "geometry": {"type": "Polygon", "coordinates": [[[-51.34249141162397, -29.983698058756147], [-51.34249141162397, -29.982889575000442], [-51.34141343328302, -29.983159069585675], [-51.34141343328302, -29.98342856417091], [-51.34249141162397, -29.983698058756147]]]}, "properties": {"cultura": "Arroz"}}, {"type": "Feature", "geometry": {"type": "Polygon", "coordinates": [[[-51.3141944801742, -29.982620080415206], [-51.31446397475944, -29.98235058582997], [-51.3141944801742, -29.98235058582997], [-51.3141944801742, -29.982620080415206]]]}, "properties": {"cultura": "Arroz"}}, {"type": "Feature", "geometry": {"type": "Polygon", "coordinates": [[[-51.33925747660114, -29.98235058582997], [-51.33925747660114, -29.98154210207426], [-51.3389879820159, -29.98154210207426], [-51.33871848743067, -29.982081091244734], [-51.33925747660114, -29.98235058582997]]]}, "properties": {"cultura": "Arroz"}}, {"type": "Feature", "geometry": {"type": "Polygon", "coordinates": [[[-51.31446397475944, -29.98235058582997], [-51.31500296392991, -29.98154210207426], [-51.314733469344674, -29.98154210207426], [-51.31446397475944, -29.98235058582997]]]}, "properties": {"cultura": "Arroz"}}, {"type": "Feature", "geometry": {"type": "Polygon", "coordinates": [[[-51.348420292499156, -29.979925134562848], [-51.34653383040251, -29.981272607489025], [-51.348150797913924, -29.98154210207426], [-51.34761180874345, -29.98100311290379], [-51.348420292499156, -29.979925134562848]]]}, "properties": {"cultura": "Arroz"}}, {"type": "Feature", "geometry": {"type": "Polygon", "coordinates": [[[-51.32254881231651, -29.966450405301053], [-51.32066235021986, -29.96591141613058], [-51.31796740436751, -29.96671989988629], [-51.31796740436751, -29.967528383641998], [-51.317428415197035, -29.96671989988629], [-51.315272458515146, -29.966450405301053], [-51.315272458515146, -29.969414845738648], [-51.31661993144132, -29.969414845738648], [-51.317158920611796, -29.96860636198294], [-51.31850639353798, -29.968875856568175], [-51.317428415197035, -29.96914535115341], [-51.317428415197035, -29.970223329494356], [-51.315541953100386, -29.970223329494356], [-51.31608094227086, -29.97103181325006], [-51.314733469344674, -29.97184029700577], [-51.31500296392991, -29.972648780761478], [-51.31392498558897, -29.972648780761478], [-51.3141944801742, -29.973726759102423], [-51.312847007248024, -29.973726759102423], [-51.31257751266279, -29.972918275346714], [-51.308804588469485, -29.97318776993195], [-51.30449267510571, -29.976152210369545], [-51.30395368593524, -29.97830816705143], [-51.303145202179536, -29.97830816705143], [-51.303145202179536, -29.97588271578431], [-51.30395368593524, -29.976152210369545], [-51.30772661012854, -29.972379286176242], [-51.30772661012854, -29.971570802420533], [-51.30610964261713, -29.97184029700577], [-51.30610964261713, -29.971301307835297], [-51.30799610471378, -29.97103181325006], [-51.30799610471378, -29.970223329494356], [-51.309074083054725, -29.97076231866483], [-51.308804588469485, -29.969684340323884], [-51.3096130722252, -29.96995383490912], [-51.31015206139567, -29.968875856568175], [-51.310960545151374, -29.96860636198294], [-51.31123003973661, -29.966989394471526], [-51.309074083054725, -29.966989394471526], [-51.30799610471378, -29.96860636198294], [-51.306918126372835, -29.96860636198294], [-51.304762169690946, -29.96725888905676], [-51.30098924549765, -29.967528383641998], [-51.29964177257147, -29.966450405301053], [-51.2999112671567, -29.968875856568175], [-51.29775531047482, -29.969414845738648], [-51.29775531047482, -29.96995383490912], [-51.298563794230525, -29.969684340323884], [-51.29883328881576, -29.970492824079592], [-51.29748581588958, -29.970223329494356], [-51.29721632130435, -29.969414845738648], [-51.29506036462246, -29.970223329494356], [-51.294521375451986, -29.96914535115341], [-51.29344339711104, -29.97076231866483], [-51.29290440794057, -29.96914535115341], [-51.29425188086675, -29.96860636198294], [-51.29344339711104, -29.968067372812467], [-51.29209592418486, -29.96860636198294], [-51.289939967502974, -29.97184029700577], [-51.289939967502974, -29.972379286176242], [-51.29182642959963, -29.972379286176242], [-51.29182642959963, -29.97318776993195], [-51.29101794584392, -29.973726759102423], [-51.29047895667345, -29.972918275346714], [-51.28913148374727, -29.972918275346714], [-51.2885924945768, -29.973726759102423], [-51.29155693501439, -29.976152210369545], [-51.2953298592077, -29.976960694125253], [-51.29559935379293, -29.977499683295722], [-51.294521375451986, -29.978038672466194], [-51.29559935379293, -29.97830816705143], [-51.296407837548635, -29.98019462914808], [-51.29802480506005, -29.980464123733316], [-51.30018076174194, -29.97911665080714], [-51.30018076174194, -29.979925134562848], [-51.302336718423824, -29.980733618318553], [-51.302875707594296, -29.982081091244734], [-51.30449267510571, -29.981811596659497], [-51.30584014803189, -29.982889575000442], [-51.30637913720236, -29.982889575000442], [-51.30610964261713, -29.981811596659497], [-51.30637913720236, -29.980464123733316], [-51.306918126372835, -29.982889575000442], [-51.308804588469485, -29.982081091244734], [-51.313116501833264, -29.986931993778978], [-51.312847007248024, -29.984506542511856], [-51.31392498558897, -29.98342856417091], [-51.31392498558897, -29.982081091244734], [-51.31608094227086, -29.980464123733316], [-51.31635043685609, -29.978847156221903], [-51.317428415197035, -29.978847156221903], [-51.31769790978227, -29.977499683295722], [-51.32012336104939, -29.97588271578431], [-51.31985386646416, -29.974804737443364], [-51.31796740436751, -29.973726759102423], [-51.31877588812321, -29.97318776993195], [-51.31823689895274, -29.972379286176242], [-51.319314877293685, -29.972379286176242], [-51.32039285563463, -29.97426574827289], [-51.32174032856081, -29.97399625368766], [-51.32281830690175, -29.97588271578431], [-51.325782747339346, -29.976691199540017], [-51.325243758168874, -29.97776917788096], [-51.32416577982793, -29.977230188710486], [-51.3247047689984, -29.98019462914808], [-51.325782747339346, -29.981811596659497], [-51.32847769319171, -29.982081091244734], [-51.32820819860647, -29.982889575000442], [-51.32901668236217, -29.982889575000442], [-51.32901668236217, -29.976152210369545], [-51.32820819860647, -29.97588271578431], [-51.32901668236217, -29.973457264517187], [-51.32686072568029, -29.97184029700577], [-51.32713022026552, -29.97076231866483], [-51.32551325275411, -29.970492824079592], [-51.325782747339346, -29.971301307835297], [-51.325243758168874, -29.971301307835297], [-51.32416577982793, -29.970492824079592], [-51.323357296072224, -29.97076231866483], [-51.32362679065746, -29.971570802420533], [-51.32281830690175, -29.971301307835297], [-51.32254881231651, -29.966450405301053]], [[-51.31850639353798, -29.96914535115341], [-51.32012336104939, -29.969684340323884], [-51.32012336104939, -29.970223329494356], [-51.31796740436751, -29.969684340323884], [-51.31850639353798, -29.96914535115341]], [[-51.303145202179536, -29.97588271578431], [-51.302875707594296, -29.975613221199072], [-51.303145202179536, -29.975613221199072], [-51.303145202179536, -29.97588271578431]], [[-51.302875707594296, -29.975613221199072], [-51.302606213009064, -29.975343726613836], [-51.302875707594296, -29.975343726613836], [-51.302875707594296, -29.975613221199072]], [[-51.302606213009064, -29.975343726613836], [-51.302336718423824, -29.9750742320286], [-51.302606213009064, -29.9750742320286], [-51.302606213009064, -29.975343726613836]], [[-51.302336718423824, -29.9750742320286], [-51.30206722383859, -29.974804737443364], [-51.302336718423824, -29.974804737443364], [-51.302336718423824, -29.9750742320286]], [[-51.30745711554331, -29.969684340323884], [-51.30799610471378, -29.96914535115341], [-51.308804588469485, -29.969414845738648], [-51.308804588469485, -29.969684340323884], [-51.30745711554331, -29.969684340323884]], [[-51.30745711554331, -29.969684340323884], [-51.306918126372835, -29.96995383490912], [-51.306918126372835, -29.969684340323884], [-51.30745711554331, -29.969684340323884]], [[-51.289939967502974, -29.97318776993195], [-51.290209462088214, -29.973726759102423], [-51.289939967502974, -29.973726759102423], [-51.289939967502974, -29.97318776993195]], [[-51.290209462088214, -29.973726759102423], [-51.29128744042916, -29.974535242858128], [-51.29047895667345, -29.974804737443364], [-51.290209462088214, -29.973726759102423]], [[-51.302336718423824, -29.980733618318553], [-51.302606213009064, -29.980464123733316], [-51.302606213009064, -29.980733618318553], [-51.302336718423824, -29.980733618318553]], [[-51.30584014803189, -29.980464123733316], [-51.30530115886142, -29.97965563997761], [-51.30530115886142, -29.97911665080714], [-51.30610964261713, -29.97965563997761], [-51.30584014803189, -29.980464123733316]], [[-51.30530115886142, -29.97911665080714], [-51.305031664276186, -29.978847156221903], [-51.30530115886142, -29.978847156221903], [-51.30530115886142, -29.97911665080714]], [[-51.305031664276186, -29.978847156221903], [-51.304762169690946, -29.978577661636667], [-51.305031664276186, -29.978577661636667], [-51.305031664276186, -29.978847156221903]], [[-51.325782747339346, -29.971301307835297], [-51.32605224192458, -29.971570802420533], [-51.325782747339346, -29.971570802420533], [-51.325782747339346, -29.971301307835297]], [[-51.32200982314605, -29.96860636198294], [-51.32174032856081, -29.96995383490912], [-51.32227931773128, -29.97103181325006], [-51.321470833975575, -29.971301307835297], [-51.321201339390335, -29.96995383490912], [-51.32200982314605, -29.96860636198294]], [[-51.321470833975575, -29.971301307835297], [-51.321201339390335, -29.97184029700577], [-51.321201339390335, -29.971301307835297], [-51.321470833975575, -29.971301307835297]], [[-51.32066235021986, -29.972379286176242], [-51.32254881231651, -29.971570802420533], [-51.32227931773128, -29.972379286176242], [-51.32066235021986, -29.972379286176242]], [[-51.300450256327174, -29.971301307835297], [-51.300450256327174, -29.972109791591006], [-51.30018076174194, -29.970223329494356], [-51.300450256327174, -29.971301307835297]], [[-51.300719750912414, -29.972109791591006], [-51.30098924549765, -29.97318776993195], [-51.300719750912414, -29.97318776993195], [-51.300719750912414, -29.972109791591006]], [[-51.30098924549765, -29.97318776993195], [-51.301258740082886, -29.973726759102423], [-51.30098924549765, -29.973726759102423], [-51.30098924549765, -29.97318776993195]], [[-51.301258740082886, -29.973726759102423], [-51.30152823466812, -29.97399625368766], [-51.301258740082886, -29.97399625368766], [-51.301258740082886, -29.973726759102423]], [[-51.30152823466812, -29.97399625368766], [-51.30179772925335, -29.97426574827289], [-51.30152823466812, -29.97426574827289], [-51.30152823466812, -29.97399625368766]], [[-51.31958437187892, -29.97103181325006], [-51.32066235021986, -29.971301307835297], [-51.31958437187892, -29.971570802420533], [-51.31958437187892, -29.97103181325006]], [[-51.30341469676477, -29.971301307835297], [-51.303145202179536, -29.971570802420533], [-51.303145202179536, -29.971301307835297], [-51.30341469676477, -29.971301307835297]], [[-51.303145202179536, -29.971570802420533], [-51.302606213009064, -29.97184029700577], [-51.302606213009064, -29.971570802420533], [-51.303145202179536, -29.971570802420533]], [[-51.302606213009064, -29.97184029700577], [-51.30206722383859, -29.972109791591006], [-51.30206722383859, -29.97184029700577], [-51.302606213009064, -29.97184029700577]], [[-51.317158920611796, -29.972918275346714], [-51.31608094227086, -29.97318776993195], [-51.31581144768562, -29.972109791591006], [-51.31688942602656, -29.972109791591006], [-51.317158920611796, -29.972918275346714]], [[-51.31608094227086, -29.97318776993195], [-51.31500296392991, -29.973726759102423], [-51.31500296392991, -29.97318776993195], [-51.31608094227086, -29.97318776993195]], [[-51.29721632130435, -29.974535242858128], [-51.29721632130435, -29.975343726613836], [-51.296677332133875, -29.975343726613836], [-51.29721632130435, -29.974535242858128]], [[-51.296677332133875, -29.975343726613836], [-51.296407837548635, -29.975613221199072], [-51.296407837548635, -29.975343726613836], [-51.296677332133875, -29.975343726613836]], [[-51.310960545151374, -29.975613221199072], [-51.310691050566135, -29.97588271578431], [-51.310691050566135, -29.975613221199072], [-51.310960545151374, -29.975613221199072]], [[-51.310691050566135, -29.97588271578431], [-51.31015206139567, -29.976691199540017], [-51.3104215559809, -29.97588271578431], [-51.310691050566135, -29.97588271578431]], [[-51.31015206139567, -29.976691199540017], [-51.30988256681043, -29.977230188710486], [-51.30988256681043, -29.976691199540017], [-51.31015206139567, -29.976691199540017]], [[-51.3096130722252, -29.977230188710486], [-51.3096130722252, -29.981272607489025], [-51.309074083054725, -29.981272607489025], [-51.309074083054725, -29.97830816705143], [-51.3096130722252, -29.977230188710486]], [[-51.309074083054725, -29.981272607489025], [-51.308804588469485, -29.981811596659497], [-51.308804588469485, -29.981272607489025], [-51.309074083054725, -29.981272607489025]], [[-51.30637913720236, -29.976691199540017], [-51.30772661012854, -29.97642170495478], [-51.30772661012854, -29.976691199540017], [-51.30637913720236, -29.976691199540017]], [[-51.32659123109505, -29.977499683295722], [-51.32874718777694, -29.97830816705143], [-51.32820819860647, -29.979386145392375], [-51.32605224192458, -29.97830816705143], [-51.32659123109505, -29.977499683295722]], [[-51.32605224192458, -29.978038672466194], [-51.325782747339346, -29.97776917788096], [-51.32605224192458, -29.97776917788096], [-51.32605224192458, -29.978038672466194]], [[-51.325782747339346, -29.978038672466194], [-51.32551325275411, -29.97830816705143], [-51.32551325275411, -29.978038672466194], [-51.325782747339346, -29.978038672466194]], [[-51.31015206139567, -29.981272607489025], [-51.310691050566135, -29.98154210207426], [-51.31015206139567, -29.98154210207426], [-51.31015206139567, -29.981272607489025]], [[-51.310691050566135, -29.98154210207426], [-51.310960545151374, -29.981811596659497], [-51.310691050566135, -29.981811596659497], [-51.310691050566135, -29.98154210207426]], [[-51.310960545151374, -29.981811596659497], [-51.31149953432185, -29.982620080415206], [-51.31123003973661, -29.982620080415206], [-51.310960545151374, -29.981811596659497]]]}, "properties": {"cultura": "Arroz"}}, {"type": "Feature", "geometry": {"type": "Polygon", "coordinates": [[[-51.34437787372062, -29.975343726613836], [-51.34653383040251, -29.975613221199072], [-51.346264335817274, -29.977230188710486], [-51.34761180874345, -29.977230188710486], [-51.347881303328684, -29.97588271578431], [-51.34680332498774, -29.97588271578431], [-51.345994841232034, -29.973726759102423], [-51.34437787372062, -29.974804737443364], [-51.34437787372062, -29.975343726613836]], [[-51.34545585206156, -29.97426574827289], [-51.3457253466468, -29.974535242858128], [-51.34545585206156, -29.974535242858128], [-51.34545585206156, -29.97426574827289]]]}, "properties": {"cultura": "Arroz"}}, {"type": "Feature", "geometry": {"type": "Polygon", "coordinates": [[[-51.3209318448051, -29.975613221199072], [-51.32012336104939, -29.975343726613836], [-51.32012336104939, -29.975613221199072], [-51.3209318448051, -29.975613221199072]]]}, "properties": {"cultura": "Arroz"}}, {"type": "Feature", "geometry": {"type": "Polygon", "coordinates": [[[-51.34545585206156, -29.97399625368766], [-51.34518635747633, -29.973726759102423], [-51.34518635747633, -29.97399625368766], [-51.34545585206156, -29.97399625368766]]]}, "properties": {"cultura": "Arroz"}}, {"type": "Feature", "geometry": {"type": "Polygon", "coordinates": [[[-51.34680332498774, -29.973457264517187], [-51.348420292499156, -29.973726759102423], [-51.348150797913924, -29.972379286176242], [-51.34707281957298, -29.972379286176242], [-51.34680332498774, -29.973457264517187]]]}, "properties": {"cultura": "Arroz"}}, {"type": "Feature", "geometry": {"type": "Polygon", "coordinates": [[[-51.348689787084396, -29.971301307835297], [-51.34895928166963, -29.97103181325006], [-51.348689787084396, -29.97103181325006], [-51.348689787084396, -29.971301307835297]]]}, "properties": {"cultura": "Arroz"}}, {"type": "Feature", "geometry": {"type": "Polygon", "coordinates": [[[-51.32820819860647, -29.970223329494356], [-51.327669209435996, -29.972109791591006], [-51.32901668236217, -29.972918275346714], [-51.32874718777694, -29.969414845738648], [-51.32686072568029, -29.96860636198294], [-51.32739971485076, -29.970223329494356], [-51.32820819860647, -29.970223329494356]]]}, "properties": {"cultura": "Arroz"}}, {"type": "Feature", "geometry": {"type": "Polygon", "coordinates": [[[-51.3104215559809, -29.969684340323884], [-51.30988256681043, -29.970492824079592], [-51.31015206139567, -29.970492824079592], [-51.3104215559809, -29.969684340323884]]]}, "properties": {"cultura": "Arroz"}}, {"type": "Feature", "geometry": {"type": "Polygon", "coordinates": [[[-51.34680332498774, -29.96914535115341], [-51.34653383040251, -29.969414845738648], [-51.34680332498774, -29.969414845738648], [-51.34680332498774, -29.96914535115341]]]}, "properties": {"cultura": "Arroz"}}, {"type": "Feature", "geometry": {"type": "Polygon", "coordinates": [[[-51.3457253466468, -29.968875856568175], [-51.34653383040251, -29.969684340323884], [-51.346264335817274, -29.96860636198294], [-51.3457253466468, -29.968875856568175]]]}, "properties": {"cultura": "Arroz"}}, {"type": "Feature", "geometry": {"type": "Polygon", "coordinates": [[[-51.31365549100373, -29.968875856568175], [-51.314733469344674, -29.968875856568175], [-51.314733469344674, -29.968067372812467], [-51.31365549100373, -29.968875856568175]]]}, "properties": {"cultura": "Arroz"}}, {"type": "Feature", "geometry": {"type": "Polygon", "coordinates": [[[-51.32362679065746, -29.96914535115341], [-51.32443527441317, -29.968067372812467], [-51.32416577982793, -29.967528383641998], [-51.323357296072224, -29.968067372812467], [-51.323087801486984, -29.966989394471526], [-51.32281830690175, -29.968336867397703], [-51.32362679065746, -29.96914535115341]]]}, "properties": {"cultura": "Arroz"}}, {"type": "Feature", "geometry": {"type": "Polygon", "coordinates": [[[-51.32551325275411, -29.963216470278223], [-51.32497426358364, -29.962946975692986], [-51.32497426358364, -29.96348596486346], [-51.32551325275411, -29.963216470278223]]]}, "properties": {"cultura": "Arroz"}}, {"type": "Feature", "geometry": {"type": "Polygon", "coordinates": [[[-51.67531722439025, -30.176117192614548], [-51.672352783952654, -30.17557820344408], [-51.672622278537894, -30.178542643881674], [-51.671274805611716, -30.179081633052142], [-51.67019682727077, -30.178273149296437], [-51.67019682727077, -30.176925676370256], [-51.67181379478219, -30.176117192614548], [-51.67208328936742, -30.17476971968837], [-51.6696578381003, -30.17476971968837], [-51.66831036517412, -30.175847698029315], [-51.668849354344594, -30.178273149296437], [-51.66723238683318, -30.177734160125965], [-51.66750188141841, -30.17881213846691], [-51.668579859759355, -30.17881213846691], [-51.6696578381003, -30.180159611393087], [-51.668849354344594, -30.17989011680785], [-51.66750188141841, -30.180159611393087], [-51.672622278537894, -30.181507084319268], [-51.675047729805016, -30.184471524756862], [-51.68124610526544, -30.18393253558639], [-51.68124610526544, -30.18258506266021], [-51.67747318107214, -30.182315568074973], [-51.67531722439025, -30.184202030171626], [-51.67477823521978, -30.182046073489737], [-51.676934191901665, -30.182315568074973], [-51.67962913775403, -30.181507084319268], [-51.67989863233926, -30.18123758973403], [-51.67962913775403, -30.17989011680785], [-51.680976610680204, -30.180159611393087], [-51.68205458902115, -30.17935112763738], [-51.68124610526544, -30.178273149296437], [-51.67801217024261, -30.178542643881674], [-51.67612570814596, -30.179081633052142], [-51.67585621356072, -30.180429105978323], [-51.67531722439025, -30.1780036547112], [-51.67612570814596, -30.177195170955493], [-51.67531722439025, -30.176117192614548]], [[-51.67962913775403, -30.180159611393087], [-51.67935964316879, -30.180429105978323], [-51.67935964316879, -30.180159611393087], [-51.67962913775403, -30.180159611393087]], [[-51.67585621356072, -30.18069860056356], [-51.675047729805016, -30.181507084319268], [-51.67396975146407, -30.180968095148796], [-51.67450874063454, -30.180429105978323], [-51.67585621356072, -30.18069860056356]], [[-51.67531722439025, -30.177734160125965], [-51.67477823521978, -30.178273149296437], [-51.67423924604931, -30.177734160125965], [-51.67531722439025, -30.177734160125965]], [[-51.67423924604931, -30.176386687199784], [-51.675047729805016, -30.176925676370256], [-51.67423924604931, -30.176925676370256], [-51.67423924604931, -30.176386687199784]]]}, "properties": {"cultura": "Soja"}}, {"type": "Feature", "geometry": {"type": "Polygon", "coordinates": [[[-51.67801217024261, -30.172074773836012], [-51.677203686486905, -30.171266290080304], [-51.676934191901665, -30.171805279250776], [-51.67801217024261, -30.172074773836012]]]}, "properties": {"cultura": "Soja"}}, {"type": "Feature", "geometry": {"type": "Polygon", "coordinates": [[[-51.67208328936742, -30.171266290080304], [-51.67370025687884, -30.17153578466554], [-51.67423924604931, -30.170457806324595], [-51.672352783952654, -30.17018831173936], [-51.67208328936742, -30.171266290080304]]]}, "properties": {"cultura": "Soja"}}, {"type": "Feature", "geometry": {"type": "Polygon", "coordinates": [[[-51.68663599697016, -30.169918817154127], [-51.68798346989634, -30.17072730090983], [-51.68906144823728, -30.17072730090983], [-51.68825296448157, -30.17018831173936], [-51.68798346989634, -30.168840838813182], [-51.68663599697016, -30.169918817154127]]]}, "properties": {"cultura": "Soja"}}, {"type": "Feature", "geometry": {"type": "Polygon", "coordinates": [[[-51.67531722439025, -30.169379827983654], [-51.67585621356072, -30.169379827983654], [-51.67558671897549, -30.170996795495068], [-51.679090148583555, -30.16964932256889], [-51.679090148583555, -30.169110333398418], [-51.67747318107214, -30.169379827983654], [-51.67801217024261, -30.168032355057473], [-51.67666469731643, -30.168571344227946], [-51.67558671897549, -30.168032355057473], [-51.67531722439025, -30.169379827983654]], [[-51.67639520273119, -30.168571344227946], [-51.67612570814596, -30.168840838813182], [-51.67612570814596, -30.168571344227946], [-51.67639520273119, -30.168571344227946]]]}, "properties": {"cultura": "Soja"}}, {"type": "Feature", "geometry": {"type": "Polygon", "coordinates": [[[-51.68852245906681, -30.169379827983654], [-51.68825296448157, -30.169110333398418], [-51.68825296448157, -30.169379827983654], [-51.68852245906681, -30.169379827983654]]]}, "properties": {"cultura": "Soja"}}, {"type": "Feature", "geometry": {"type": "Polygon", "coordinates": [[[-51.685558018629216, -30.16964932256889], [-51.685558018629216, -30.168840838813182], [-51.68582751321445, -30.16830184964271], [-51.68501902945874, -30.168840838813182], [-51.685558018629216, -30.16964932256889]]]}, "properties": {"cultura": "Soja"}}, {"type": "Feature", "geometry": {"type": "Polygon", "coordinates": [[[-51.68178509443591, -30.168840838813182], [-51.68232408360638, -30.168571344227946], [-51.68232408360638, -30.168032355057473], [-51.68151559985068, -30.168032355057473], [-51.68178509443591, -30.168840838813182]]]}, "properties": {"cultura": "Soja"}}, {"type": "Feature", "geometry": {"type": "Polygon", "coordinates": [[[-51.685288524043976, -30.168571344227946], [-51.68448004028827, -30.168032355057473], [-51.68421054570303, -30.168840838813182], [-51.685288524043976, -30.168571344227946]]]}, "properties": {"cultura": "Soja"}}, {"type": "Feature", "geometry": {"type": "Polygon", "coordinates": [[[-51.682863072776854, -30.167493365887], [-51.683671556532566, -30.168840838813182], [-51.68421054570303, -30.167493365887], [-51.682863072776854, -30.167493365887]]]}, "properties": {"cultura": "Soja"}}, {"type": "Feature", "geometry": {"type": "Polygon", "coordinates": [[[-51.67531722439025, -30.167223871301765], [-51.67801217024261, -30.167762860472237], [-51.679090148583555, -30.167493365887], [-51.679090148583555, -30.167223871301765], [-51.67531722439025, -30.167223871301765]]]}, "properties": {"cultura": "Soja"}}, {"type": "Feature", "geometry": {"type": "Polygon", "coordinates": [[[-51.68906144823728, -30.166684882131296], [-51.68852245906681, -30.16695437671653], [-51.68906144823728, -30.16695437671653], [-51.68906144823728, -30.166684882131296]]]}, "properties": {"cultura": "Soja"}}, {"type": "Feature", "geometry": {"type": "Polygon", "coordinates": [[[-51.68825296448157, -30.166684882131296], [-51.68852245906681, -30.16641538754606], [-51.68825296448157, -30.16641538754606], [-51.68825296448157, -30.166684882131296]]]}, "properties": {"cultura": "Soja"}}, {"type": "Feature", "geometry": {"type": "Polygon", "coordinates": [[[-51.68178509443591, -30.165876398375588], [-51.67855115941308, -30.166145892960824], [-51.67855115941308, -30.166684882131296], [-51.68043762150973, -30.167223871301765], [-51.683132567362094, -30.166684882131296], [-51.68178509443591, -30.165876398375588]], [[-51.68178509443591, -30.166684882131296], [-51.68124610526544, -30.16641538754606], [-51.68178509443591, -30.16641538754606], [-51.68178509443591, -30.166684882131296]]]}, "properties": {"cultura": "Soja"}}, {"type": "Feature", "geometry": {"type": "Polygon", "coordinates": [[[-51.68852245906681, -30.165876398375588], [-51.68879195365204, -30.166145892960824], [-51.68879195365204, -30.165876398375588], [-51.68852245906681, -30.165876398375588]]]}, "properties": {"cultura": "Soja"}}, {"type": "Feature", "geometry": {"type": "Polygon", "coordinates": [[[-51.68852245906681, -30.165876398375588], [-51.68798346989634, -30.165337409205115], [-51.68798346989634, -30.16641538754606], [-51.68825296448157, -30.16641538754606], [-51.68825296448157, -30.165876398375588], [-51.68852245906681, -30.165876398375588]]]}, "properties": {"cultura": "Soja"}}, {"type": "Feature", "geometry": {"type": "Polygon", "coordinates": [[[-51.67935964316879, -30.164798420034643], [-51.67747318107214, -30.16560690379035], [-51.68178509443591, -30.16560690379035], [-51.68151559985068, -30.164798420034643], [-51.6801681269245, -30.165337409205115], [-51.67935964316879, -30.164798420034643]]]}, "properties": {"cultura": "Soja"}}, {"type": "Feature", "geometry": {"type": "Polygon", "coordinates": [[[-51.68609700779969, -30.162911957937993], [-51.685558018629216, -30.16318145252323], [-51.68609700779969, -30.16318145252323], [-51.68609700779969, -30.162911957937993]]]}, "properties": {"cultura": "Soja"}}, {"type": "Feature", "geometry": {"type": "Polygon", "coordinates": [[[-51.68609700779969, -30.162911957937993], [-51.68636650238492, -30.162642463352757], [-51.68609700779969, -30.162642463352757], [-51.68609700779969, -30.162911957937993]]]}, "properties": {"cultura": "Soja"}}, {"type": "Feature", "geometry": {"type": "Polygon", "coordinates": [[[-51.6839410511178, -30.162911957937993], [-51.68124610526544, -30.16318145252323], [-51.684749534873504, -30.163450947108466], [-51.68609700779969, -30.16237296876752], [-51.68421054570303, -30.16183397959705], [-51.6839410511178, -30.162911957937993]]]}, "properties": {"cultura": "Soja"}}, {"type": "Feature", "geometry": {"type": "Polygon", "coordinates": [[[-51.68798346989634, -30.16237296876752], [-51.68690549155539, -30.162103474182285], [-51.68690549155539, -30.162642463352757], [-51.68798346989634, -30.16237296876752]]]}, "properties": {"cultura": "Soja"}}, {"type": "Feature", "geometry": {"type": "Polygon", "coordinates": [[[-51.67962913775403, -30.12275726473785], [-51.67935964316879, -30.12329625390832], [-51.67962913775403, -30.12329625390832], [-51.67962913775403, -30.12275726473785]]]}, "properties": {"cultura": "Soja"}}, {"type": "Feature", "geometry": {"type": "Polygon", "coordinates": [[[-51.67558671897549, -30.123026759323086], [-51.675047729805016, -30.12194878098214], [-51.67450874063454, -30.12194878098214], [-51.67558671897549, -30.123026759323086]]]}, "properties": {"cultura": "Soja"}}, {"type": "Feature", "geometry": {"type": "Polygon", "coordinates": [[[-51.679090148583555, -30.12167928639691], [-51.68043762150973, -30.12275726473785], [-51.6801681269245, -30.121140297226436], [-51.679090148583555, -30.12167928639691]]]}, "properties": {"cultura": "Soja"}}, {"type": "Feature", "geometry": {"type": "Polygon", "coordinates": [[[-51.69256487784535, -30.12194878098214], [-51.69202588867488, -30.122218275567377], [-51.69256487784535, -30.122487770152613], [-51.69256487784535, -30.12194878098214]]]}, "properties": {"cultura": "Soja"}}, {"type": "Feature", "geometry": {"type": "Polygon", "coordinates": [[[-51.68852245906681, -30.122218275567377], [-51.68879195365204, -30.12194878098214], [-51.68852245906681, -30.12194878098214], [-51.68852245906681, -30.122218275567377]]]}, "properties": {"cultura": "Soja"}}, {"type": "Feature", "geometry": {"type": "Polygon", "coordinates": [[[-51.687444480725866, -30.1208708026412], [-51.685558018629216, -30.12006231888549], [-51.68178509443591, -30.12006231888549], [-51.683402061947326, -30.12194878098214], [-51.68259357819162, -30.122218275567377], [-51.68205458902115, -30.121409791811672], [-51.68259357819162, -30.12329625390832], [-51.685288524043976, -30.12329625390832], [-51.683671556532566, -30.12194878098214], [-51.685558018629216, -30.120601308055964], [-51.68636650238492, -30.122218275567377], [-51.68852245906681, -30.12275726473785], [-51.687444480725866, -30.1208708026412]]]}, "properties": {"cultura": "Soja"}}, {"type": "Feature", "geometry": {"type": "Polygon", "coordinates": [[[-51.67558671897549, -30.121409791811672], [-51.67585621356072, -30.12167928639691], [-51.67585621356072, -30.121409791811672], [-51.67558671897549, -30.121409791811672]]]}, "properties": {"cultura": "Soja"}}, {"type": "Feature", "geometry": {"type": "Polygon", "coordinates": [[[-51.69229538326011, -30.121140297226436], [-51.69202588867488, -30.121409791811672], [-51.69229538326011, -30.121409791811672], [-51.69229538326011, -30.121140297226436]]]}, "properties": {"cultura": "Soja"}}, {"type": "Feature", "geometry": {"type": "Polygon", "coordinates": [[[-51.67531722439025, -30.12167928639691], [-51.67531722439025, -30.121140297226436], [-51.67585621356072, -30.120331813470727], [-51.67477823521978, -30.1208708026412], [-51.67531722439025, -30.12167928639691]]]}, "properties": {"cultura": "Soja"}}, {"type": "Feature", "geometry": {"type": "Polygon", "coordinates": [[[-51.695529318282944, -30.121409791811672], [-51.69391235077153, -30.120601308055964], [-51.69418184535676, -30.121409791811672], [-51.695529318282944, -30.121409791811672]]]}, "properties": {"cultura": "Soja"}}, {"type": "Feature", "geometry": {"type": "Polygon", "coordinates": [[[-51.67989863233926, -30.1208708026412], [-51.67962913775403, -30.121140297226436], [-51.67989863233926, -30.121140297226436], [-51.67989863233926, -30.1208708026412]]]}, "properties": {"cultura": "Soja"}}, {"type": "Feature", "geometry": {"type": "Polygon", "coordinates": [[[-51.69202588867488, -30.1208708026412], [-51.69175639408964, -30.121140297226436], [-51.69202588867488, -30.121140297226436], [-51.69202588867488, -30.1208708026412]]]}, "properties": {"cultura": "Soja"}}, {"type": "Feature", "geometry": {"type": "Polygon", "coordinates": [[[-51.69175639408964, -30.121140297226436], [-51.69040892116346, -30.120601308055964], [-51.69256487784535, -30.1208708026412], [-51.69310386701582, -30.119253835129783], [-51.691217404919165, -30.11871484595931], [-51.69040892116346, -30.118984340544547], [-51.69067841574869, -30.12006231888549], [-51.68986993199299, -30.12006231888549], [-51.69013942657823, -30.12329625390832], [-51.69202588867488, -30.12329625390832], [-51.69229538326011, -30.122487770152613], [-51.691217404919165, -30.12167928639691], [-51.69175639408964, -30.121140297226436]], [[-51.691486899504405, -30.12194878098214], [-51.691217404919165, -30.122218275567377], [-51.691217404919165, -30.12194878098214], [-51.691486899504405, -30.12194878098214]], [[-51.691486899504405, -30.12006231888549], [-51.69202588867488, -30.119253835129783], [-51.69229538326011, -30.12006231888549], [-51.691486899504405, -30.12006231888549]], [[-51.691486899504405, -30.119792824300255], [-51.691217404919165, -30.119253835129783], [-51.691486899504405, -30.119253835129783], [-51.691486899504405, -30.119792824300255]]]}, "properties": {"cultura": "Soja"}}, {"type": "Feature", "geometry": {"type": "Polygon", "coordinates": [[[-51.677203686486905, -30.1208708026412], [-51.67639520273119, -30.12006231888549], [-51.67612570814596, -30.120601308055964], [-51.677203686486905, -30.1208708026412]]]}, "properties": {"cultura": "Soja"}}, {"type": "Feature", "geometry": {"type": "Polygon", "coordinates": [[[-51.70011072623195, -30.120331813470727], [-51.70038022081719, -30.12006231888549], [-51.70011072623195, -30.12006231888549], [-51.70011072623195, -30.120331813470727]]]}, "properties": {"cultura": "Soja"}}, {"type": "Feature", "geometry": {"type": "Polygon", "coordinates": [[[-51.694451339942, -30.119792824300255], [-51.69418184535676, -30.12006231888549], [-51.694451339942, -30.12006231888549], [-51.694451339942, -30.119792824300255]]]}, "properties": {"cultura": "Soja"}}, {"type": "Feature", "geometry": {"type": "Polygon", "coordinates": [[[-51.695529318282944, -30.11952332971502], [-51.69741578037959, -30.121409791811672], [-51.70145819915813, -30.12167928639691], [-51.70064971540242, -30.120331813470727], [-51.70064971540242, -30.121140297226436], [-51.699841231646715, -30.121140297226436], [-51.70011072623195, -30.119792824300255], [-51.6982242641353, -30.119253835129783], [-51.697146285794354, -30.120331813470727], [-51.696068307453416, -30.11952332971502], [-51.69633780203865, -30.11871484595931], [-51.69391235077153, -30.117906362203605], [-51.694451339942, -30.119792824300255], [-51.695529318282944, -30.11952332971502]]]}, "properties": {"cultura": "Soja"}}, {"type": "Feature", "geometry": {"type": "Polygon", "coordinates": [[[-51.69418184535676, -30.119792824300255], [-51.69364285618629, -30.11952332971502], [-51.69364285618629, -30.119792824300255], [-51.69418184535676, -30.119792824300255]]]}, "properties": {"cultura": "Soja"}}, {"type": "Feature", "geometry": {"type": "Polygon", "coordinates": [[[-51.69256487784535, -30.118445351374078], [-51.69229538326011, -30.11871484595931], [-51.69256487784535, -30.11871484595931], [-51.69256487784535, -30.118445351374078]]]}, "properties": {"cultura": "Soja"}}, {"type": "Feature", "geometry": {"type": "Polygon", "coordinates": [[[-51.69391235077153, -30.11763686761837], [-51.69364285618629, -30.117906362203605], [-51.69391235077153, -30.117906362203605], [-51.69391235077153, -30.11763686761837]]]}, "properties": {"cultura": "Soja"}}, {"type": "Feature", "geometry": {"type": "Polygon", "coordinates": [[[-51.68043762150973, -30.11763686761837], [-51.68151559985068, -30.11763686761837], [-51.68151559985068, -30.117097878447897], [-51.68043762150973, -30.11682838386266], [-51.68043762150973, -30.11763686761837]]]}, "properties": {"cultura": "Soja"}}, {"type": "Feature", "geometry": {"type": "Polygon", "coordinates": [[[-51.6877139753111, -30.11440293259554], [-51.687444480725866, -30.115480910936483], [-51.68582751321445, -30.116558889277425], [-51.68609700779969, -30.118445351374078], [-51.689330942822515, -30.116558889277425], [-51.68825296448157, -30.11628939469219], [-51.6877139753111, -30.11440293259554]], [[-51.68825296448157, -30.11628939469219], [-51.68798346989634, -30.116558889277425], [-51.68798346989634, -30.11628939469219], [-51.68825296448157, -30.11628939469219]]]}, "properties": {"cultura": "Soja"}}, {"type": "Feature", "geometry": {"type": "Polygon", "coordinates": [[[-51.68879195365204, -30.116019900106952], [-51.68906144823728, -30.115750405521716], [-51.68879195365204, -30.115750405521716], [-51.68879195365204, -30.116019900106952]]]}, "properties": {"cultura": "Soja"}}, {"type": "Feature", "geometry": {"type": "Polygon", "coordinates": [[[-51.67208328936742, -30.11494192176601], [-51.67100531102648, -30.115211416351247], [-51.67100531102648, -30.115750405521716], [-51.67181379478219, -30.115750405521716], [-51.67208328936742, -30.11494192176601]]]}, "properties": {"cultura": "Soja"}}, {"type": "Feature", "geometry": {"type": "Polygon", "coordinates": [[[-51.67639520273119, -30.110630008402236], [-51.672622278537894, -30.110899502987472], [-51.675047729805016, -30.11170798674318], [-51.67423924604931, -30.111977481328417], [-51.675047729805016, -30.11251647049889], [-51.675047729805016, -30.113863943425066], [-51.67370025687884, -30.11494192176601], [-51.67423924604931, -30.117097878447897], [-51.67774267565738, -30.117367373033133], [-51.67774267565738, -30.115750405521716], [-51.67639520273119, -30.115480910936483], [-51.67585621356072, -30.113863943425066], [-51.67639520273119, -30.110630008402236]]]}, "properties": {"cultura": "Soja"}}, {"type": "Feature", "geometry": {"type": "Polygon", "coordinates": [[[-51.67208328936742, -30.111977481328417], [-51.672352783952654, -30.11278596508412], [-51.673161267708366, -30.11278596508412], [-51.673161267708366, -30.112246975913653], [-51.67208328936742, -30.111977481328417]]]}, "properties": {"cultura": "Soja"}}, {"type": "Feature", "geometry": {"type": "Polygon", "coordinates": [[[-51.67181379478219, -30.111977481328417], [-51.67154430019695, -30.112246975913653], [-51.67181379478219, -30.112246975913653], [-51.67181379478219, -30.111977481328417]]]}, "properties": {"cultura": "Soja"}}, {"type": "Feature", "geometry": {"type": "Polygon", "coordinates": [[[-51.67208328936742, -30.111977481328417], [-51.67208328936742, -30.11170798674318], [-51.67181379478219, -30.11170798674318], [-51.67181379478219, -30.111977481328417], [-51.67208328936742, -30.111977481328417]]]}, "properties": {"cultura": "Soja"}}, {"type": "Feature", "geometry": {"type": "Polygon", "coordinates": [[[-51.68232408360638, -30.110360513817], [-51.68124610526544, -30.109821524646527], [-51.680976610680204, -30.110899502987472], [-51.68259357819162, -30.110899502987472], [-51.6839410511178, -30.109552030061295], [-51.68205458902115, -30.109552030061295], [-51.68232408360638, -30.110360513817]]]}, "properties": {"cultura": "Soja"}}, {"type": "Feature", "geometry": {"type": "Polygon", "coordinates": [[[-51.67208328936742, -30.110630008402236], [-51.672352783952654, -30.109013040890822], [-51.67181379478219, -30.109013040890822], [-51.67208328936742, -30.110630008402236]]]}, "properties": {"cultura": "Soja"}}, {"type": "Feature", "geometry": {"type": "Polygon", "coordinates": [[[-51.671274805611716, -30.103084160015634], [-51.67100531102648, -30.104970622112283], [-51.67208328936742, -30.10577910586799], [-51.672352783952654, -30.10200618167469], [-51.67100531102648, -30.10200618167469], [-51.670735816441244, -30.10335365460087], [-51.671274805611716, -30.103084160015634]]]}, "properties": {"cultura": "Soja"}}, {"type": "Feature", "geometry": {"type": "Polygon", "coordinates": [[[-51.66938834351506, -30.099041741237095], [-51.66831036517412, -30.10119769791898], [-51.66911884892983, -30.103084160015634], [-51.67019682727077, -30.103084160015634], [-51.67019682727077, -30.100389214163275], [-51.672352783952654, -30.10119769791898], [-51.672891773123126, -30.098502752066622], [-51.671274805611716, -30.098233257481386], [-51.670735816441244, -30.09931123582233], [-51.66938834351506, -30.099041741237095]]]}, "properties": {"cultura": "Soja"}}, {"type": "Feature", "geometry": {"type": "Polygon", "coordinates": [[[-51.679090148583555, -30.096616289969973], [-51.679090148583555, -30.09742477372568], [-51.6801681269245, -30.09742477372568], [-51.6801681269245, -30.097155279140445], [-51.679090148583555, -30.096616289969973]]]}, "properties": {"cultura": "Soja"}}, {"type": "Feature", "geometry": {"type": "Polygon", "coordinates": [[[-51.6696578381003, -30.09526881704379], [-51.67019682727077, -30.098502752066622], [-51.671274805611716, -30.097694268310914], [-51.672891773123126, -30.09796376289615], [-51.672622278537894, -30.0960773007995], [-51.6696578381003, -30.09526881704379]]]}, "properties": {"cultura": "Soja"}}, {"type": "Feature", "geometry": {"type": "Polygon", "coordinates": [[[-51.68825296448157, -30.0960773007995], [-51.69040892116346, -30.096616289969973], [-51.69067841574869, -30.09688578455521], [-51.68906144823728, -30.094460333288087], [-51.6877139753111, -30.09472982787332], [-51.68825296448157, -30.0960773007995]]]}, "properties": {"cultura": "Soja"}}, {"type": "Feature", "geometry": {"type": "Polygon", "coordinates": [[[-51.68205458902115, -30.092573871191433], [-51.68124610526544, -30.092573871191433], [-51.68151559985068, -30.093651849532378], [-51.68232408360638, -30.093651849532378], [-51.68205458902115, -30.092573871191433]]]}, "properties": {"cultura": "Soja"}}, {"type": "Feature", "geometry": {"type": "Polygon", "coordinates": [[[-51.679090148583555, -30.08772296865719], [-51.67801217024261, -30.087992463242426], [-51.67801217024261, -30.089070441583367], [-51.67935964316879, -30.090417914509548], [-51.678820653998315, -30.091765387435725], [-51.67962913775403, -30.091765387435725], [-51.680976610680204, -30.089339936168603], [-51.67935964316879, -30.08880094699813], [-51.68205458902115, -30.08637549573101], [-51.679090148583555, -30.08691448490148], [-51.679090148583555, -30.08772296865719]]]}, "properties": {"cultura": "Soja"}}, {"type": "Feature", "geometry": {"type": "Polygon", "coordinates": [[[-51.68178509443591, -30.088531452412894], [-51.68124610526544, -30.087992463242426], [-51.68124610526544, -30.08880094699813], [-51.68178509443591, -30.088531452412894]]]}, "properties": {"cultura": "Soja"}}, {"type": "Feature", "geometry": {"type": "Polygon", "coordinates": [[[-51.67747318107214, -30.08448903363436], [-51.67801217024261, -30.086106001145772], [-51.67989863233926, -30.08448903363436], [-51.67989863233926, -30.083411055293414], [-51.67747318107214, -30.08448903363436]]]}, "properties": {"cultura": "Soja"}}, {"type": "Feature", "geometry": {"type": "Polygon", "coordinates": [[[-51.602553686376574, -30.207109069916672], [-51.60390115930275, -30.206839575331436], [-51.60390115930275, -30.20603109157573], [-51.602823180961806, -30.205761596990495], [-51.60093671886516, -30.206300586160964], [-51.602553686376574, -30.207109069916672]], [[-51.602823180961806, -30.20603109157573], [-51.60309267554704, -30.206300586160964], [-51.602823180961806, -30.206300586160964], [-51.602823180961806, -30.20603109157573]]]}, "properties": {"cultura": "Soja"}}, {"type": "Feature", "geometry": {"type": "Polygon", "coordinates": [[[-51.602823180961806, -30.204414124064314], [-51.602553686376574, -30.20468361864955], [-51.602823180961806, -30.20468361864955], [-51.602823180961806, -30.204414124064314]]]}, "properties": {"cultura": "Soja"}}, {"type": "Feature", "geometry": {"type": "Polygon", "coordinates": [[[-51.60390115930275, -30.20468361864955], [-51.604979137643696, -30.204144629479078], [-51.604170653887984, -30.203875134893842], [-51.60390115930275, -30.20468361864955]]]}, "properties": {"cultura": "Soja"}}, {"type": "Feature", "geometry": {"type": "Polygon", "coordinates": [[[-51.60605711598463, -30.202527661967665], [-51.60551812681417, -30.201719178211956], [-51.60551812681417, -30.202527661967665], [-51.60605711598463, -30.202527661967665]]]}, "properties": {"cultura": "Soja"}}, {"type": "Feature", "geometry": {"type": "Polygon", "coordinates": [[[-51.61036902934841, -30.19875473777436], [-51.6095605455927, -30.197946254018653], [-51.60848256725176, -30.20064119987101], [-51.60929105100747, -30.20064119987101], [-51.61009953476317, -30.20010221070054], [-51.61036902934841, -30.19875473777436]], [[-51.60929105100747, -30.200371705285775], [-51.60902155642223, -30.199832716115306], [-51.60929105100747, -30.199832716115306], [-51.60929105100747, -30.200371705285775]]]}, "properties": {"cultura": "Soja"}}, {"type": "Feature", "geometry": {"type": "Polygon", "coordinates": [[[-51.666423903077465, -30.175308708858843], [-51.66534592473653, -30.177734160125965], [-51.66723238683318, -30.177734160125965], [-51.66804087058888, -30.175308708858843], [-51.666423903077465, -30.175308708858843]]]}, "properties": {"cultura": "Soja"}}, {"type": "Feature", "geometry": {"type": "Polygon", "coordinates": [[[-51.66723238683318, -30.17018831173936], [-51.66777137600365, -30.16964932256889], [-51.666693397662705, -30.169379827983654], [-51.66723238683318, -30.17018831173936]]]}, "properties": {"cultura": "Soja"}}, {"type": "Feature", "geometry": {"type": "Polygon", "coordinates": [[[-51.670735816441244, -30.167762860472237], [-51.66750188141841, -30.167223871301765], [-51.66831036517412, -30.16830184964271], [-51.66938834351506, -30.16830184964271], [-51.66804087058888, -30.16964932256889], [-51.67181379478219, -30.168840838813182], [-51.6734307622936, -30.169918817154127], [-51.67181379478219, -30.167223871301765], [-51.671274805611716, -30.167223871301765], [-51.67154430019695, -30.16830184964271], [-51.670466321856004, -30.16830184964271], [-51.670735816441244, -30.167762860472237]]]}, "properties": {"cultura": "Soja"}}, {"type": "Feature", "geometry": {"type": "Polygon", "coordinates": [[[-51.664806935566055, -30.166684882131296], [-51.665884913907, -30.167762860472237], [-51.666693397662705, -30.169379827983654], [-51.665884913907, -30.166145892960824], [-51.664806935566055, -30.166684882131296]]]}, "properties": {"cultura": "Soja"}}, {"type": "Feature", "geometry": {"type": "Polygon", "coordinates": [[[-51.66318996805464, -30.16695437671653], [-51.662111989713694, -30.167493365887], [-51.66318996805464, -30.167493365887], [-51.66318996805464, -30.16695437671653]]]}, "properties": {"cultura": "Soja"}}, {"type": "Feature", "geometry": {"type": "Polygon", "coordinates": [[[-51.66831036517412, -30.16641538754606], [-51.668579859759355, -30.16695437671653], [-51.66938834351506, -30.16695437671653], [-51.66911884892983, -30.16641538754606], [-51.66831036517412, -30.16641538754606]]]}, "properties": {"cultura": "Soja"}}, {"type": "Feature", "geometry": {"type": "Polygon", "coordinates": [[[-51.66345946263987, -30.16641538754606], [-51.66372895722511, -30.16695437671653], [-51.66399845181034, -30.16641538754606], [-51.66345946263987, -30.16641538754606]]]}, "properties": {"cultura": "Soja"}}, {"type": "Feature", "geometry": {"type": "Polygon", "coordinates": [[[-51.66992733268553, -30.16641538754606], [-51.66938834351506, -30.166684882131296], [-51.66992733268553, -30.166684882131296], [-51.66992733268553, -30.16641538754606]]]}, "properties": {"cultura": "Soja"}}, {"type": "Feature", "geometry": {"type": "Polygon", "coordinates": [[[-51.664537440980816, -30.166145892960824], [-51.66399845181034, -30.16641538754606], [-51.664537440980816, -30.166684882131296], [-51.664537440980816, -30.166145892960824]]]}, "properties": {"cultura": "Soja"}}, {"type": "Feature", "geometry": {"type": "Polygon", "coordinates": [[[-51.66615440849223, -30.162911957937993], [-51.66615440849223, -30.163450947108466], [-51.66777137600365, -30.1637204416937], [-51.66777137600365, -30.16318145252323], [-51.66615440849223, -30.162911957937993]]]}, "properties": {"cultura": "Soja"}}, {"type": "Feature", "geometry": {"type": "Polygon", "coordinates": [[[-51.66426794639558, -30.162642463352757], [-51.66399845181034, -30.162911957937993], [-51.66426794639558, -30.162911957937993], [-51.66426794639558, -30.162642463352757]]]}, "properties": {"cultura": "Soja"}}, {"type": "Feature", "geometry": {"type": "Polygon", "coordinates": [[[-51.66615440849223, -30.162911957937993], [-51.66534592473653, -30.16102549584134], [-51.66426794639558, -30.161564485011812], [-51.664537440980816, -30.162911957937993], [-51.66615440849223, -30.162911957937993]]]}, "properties": {"cultura": "Soja"}}, {"type": "Feature", "geometry": {"type": "Polygon", "coordinates": [[[-51.66103401137275, -30.162103474182285], [-51.660764516787516, -30.16183397959705], [-51.660764516787516, -30.162103474182285], [-51.66103401137275, -30.162103474182285]]]}, "properties": {"cultura": "Soja"}}, {"type": "Feature", "geometry": {"type": "Polygon", "coordinates": [[[-51.66103401137275, -30.161564485011812], [-51.66157300054322, -30.16183397959705], [-51.66157300054322, -30.161564485011812], [-51.66103401137275, -30.161564485011812]]]}, "properties": {"cultura": "Soja"}}, {"type": "Feature", "geometry": {"type": "Polygon", "coordinates": [[[-51.66184249512846, -30.161564485011812], [-51.66157300054322, -30.161294990426576], [-51.66157300054322, -30.161564485011812], [-51.66184249512846, -30.161564485011812]]]}, "properties": {"cultura": "Soja"}}, {"type": "Feature", "geometry": {"type": "Polygon", "coordinates": [[[-51.66238148429893, -30.161294990426576], [-51.662111989713694, -30.16048650667087], [-51.66184249512846, -30.161294990426576], [-51.66238148429893, -30.161294990426576]]]}, "properties": {"cultura": "Soja"}}, {"type": "Feature", "geometry": {"type": "Polygon", "coordinates": [[[-51.66507643015129, -30.16048650667087], [-51.666693397662705, -30.161294990426576], [-51.66750188141841, -30.159678022915163], [-51.66507643015129, -30.16048650667087]]]}, "properties": {"cultura": "Soja"}}, {"type": "Feature", "geometry": {"type": "Polygon", "coordinates": [[[-51.66184249512846, -30.160756001256107], [-51.66103401137275, -30.159678022915163], [-51.660764516787516, -30.16102549584134], [-51.66184249512846, -30.160756001256107]]]}, "properties": {"cultura": "Soja"}}, {"type": "Feature", "geometry": {"type": "Polygon", "coordinates": [[[-51.665884913907, -30.157522066233277], [-51.66345946263987, -30.160756001256107], [-51.664537440980816, -30.159678022915163], [-51.66723238683318, -30.15913903374469], [-51.66750188141841, -30.157791560818513], [-51.665884913907, -30.157522066233277]]]}, "properties": {"cultura": "Soja"}}, {"type": "Feature", "geometry": {"type": "Polygon", "coordinates": [[[-51.60551812681417, -30.125452210590208], [-51.60444014847322, -30.124643726834503], [-51.60444014847322, -30.12518271600497], [-51.60551812681417, -30.125452210590208]]]}, "properties": {"cultura": "Soja"}}, {"type": "Feature", "geometry": {"type": "Polygon", "coordinates": [[[-51.66992733268553, -30.115480910936483], [-51.66938834351506, -30.115750405521716], [-51.66938834351506, -30.11628939469219], [-51.67019682727077, -30.11628939469219], [-51.66992733268553, -30.115480910936483]]]}, "properties": {"cultura": "Soja"}}, {"type": "Feature", "geometry": {"type": "Polygon", "coordinates": [[[-51.61036902934841, -30.10011971957804], [-51.61009953476317, -30.100658708748508], [-51.61036902934841, -30.100658708748508], [-51.61036902934841, -30.10011971957804]]]}, "properties": {"cultura": "Soja"}}, {"type": "Feature", "geometry": {"type": "Polygon", "coordinates": [[[-51.61036902934841, -30.10011971957804], [-51.610638523933645, -30.099580730407567], [-51.61036902934841, -30.099580730407567], [-51.61036902934841, -30.10011971957804]]]}, "properties": {"cultura": "Soja"}}, {"type": "Feature", "geometry": {"type": "Polygon", "coordinates": [[[-51.60605711598463, -30.098502752066622], [-51.60174520262086, -30.09931123582233], [-51.60093671886516, -30.098502752066622], [-51.59985874052421, -30.099850224992803], [-51.59716379467185, -30.100658708748508], [-51.59608581633091, -30.102275676259925], [-51.59878076218327, -30.10254517084516], [-51.59905025676851, -30.103623149186106], [-51.60066722427992, -30.102814665430397], [-51.60066722427992, -30.10443163294181], [-51.6020146972061, -30.104162138356575], [-51.60632661056987, -30.106318095038464], [-51.60713509432558, -30.10577910586799], [-51.60929105100747, -30.101736687089453], [-51.61009953476317, -30.101467192504217], [-51.60983004017794, -30.100928203333744], [-51.608752061836995, -30.10200618167469], [-51.60848256725176, -30.100658708748508], [-51.61009953476317, -30.10011971957804], [-51.61009953476317, -30.09877224665186], [-51.612524986030294, -30.097155279140445], [-51.612524986030294, -30.09526881704379], [-51.61144700768936, -30.09472982787332], [-51.613333469786006, -30.09526881704379], [-51.615219931882656, -30.09284336577667], [-51.614680942712184, -30.09203488202096], [-51.612794480615534, -30.092573871191433], [-51.61144700768936, -30.090417914509548], [-51.61117751310412, -30.09203488202096], [-51.60983004017794, -30.091765387435725], [-51.61036902934841, -30.091226398265256], [-51.60983004017794, -30.08880094699813], [-51.61198599685982, -30.08772296865719], [-51.61171650227459, -30.08691448490148], [-51.610908018518884, -30.087183979486717], [-51.610638523933645, -30.085836506560536], [-51.60713509432558, -30.085836506560536], [-51.606865599740345, -30.08502802280483], [-51.60524863222893, -30.08448903363436], [-51.6057876213994, -30.08826195782766], [-51.606865599740345, -30.089070441583367], [-51.60740458891082, -30.09095690368002], [-51.6057876213994, -30.092304376606197], [-51.606596105155106, -30.09419083870285], [-51.606596105155106, -30.09742477372568], [-51.60605711598463, -30.098502752066622]], [[-51.60740458891082, -30.090687409094784], [-51.60767408349605, -30.090417914509548], [-51.60767408349605, -30.090687409094784], [-51.60740458891082, -30.090687409094784]], [[-51.61117751310412, -30.09419083870285], [-51.60902155642223, -30.096346795384736], [-51.60929105100747, -30.09526881704379], [-51.60740458891082, -30.094460333288087], [-51.60821307266652, -30.09284336577667], [-51.6095605455927, -30.092304376606197], [-51.60983004017794, -30.093382354947142], [-51.61306397520077, -30.093651849532378], [-51.61117751310412, -30.09419083870285]], [[-51.61306397520077, -30.093921344117614], [-51.613333469786006, -30.09419083870285], [-51.61306397520077, -30.09419083870285], [-51.61306397520077, -30.093921344117614]], [[-51.60740458891082, -30.09796376289615], [-51.60713509432558, -30.096346795384736], [-51.6095605455927, -30.09688578455521], [-51.60929105100747, -30.09796376289615], [-51.60740458891082, -30.09796376289615]], [[-51.6095605455927, -30.09688578455521], [-51.61009953476317, -30.096616289969973], [-51.61009953476317, -30.09688578455521], [-51.6095605455927, -30.09688578455521]], [[-51.60713509432558, -30.09931123582233], [-51.60821307266652, -30.098502752066622], [-51.608752061836995, -30.099850224992803], [-51.60740458891082, -30.100389214163275], [-51.60713509432558, -30.09931123582233]], [[-51.608752061836995, -30.099580730407567], [-51.60902155642223, -30.09931123582233], [-51.60902155642223, -30.099580730407567], [-51.608752061836995, -30.099580730407567]], [[-51.604170653887984, -30.100389214163275], [-51.604979137643696, -30.100928203333744], [-51.604979137643696, -30.10200618167469], [-51.60390115930275, -30.100928203333744], [-51.604170653887984, -30.100389214163275]], [[-51.604709643058456, -30.10200618167469], [-51.60444014847322, -30.10254517084516], [-51.60444014847322, -30.10200618167469], [-51.604709643058456, -30.10200618167469]], [[-51.60444014847322, -30.10254517084516], [-51.604170653887984, -30.102814665430397], [-51.604170653887984, -30.10254517084516], [-51.60444014847322, -30.10254517084516]]]}, "properties": {"cultura": "Soja"}}, {"type": "Feature", "geometry": {"type": "Polygon", "coordinates": [[[-51.60632661056987, -30.095538311629028], [-51.60551812681417, -30.093382354947142], [-51.60605711598463, -30.095538311629028], [-51.60632661056987, -30.095538311629028]]]}, "properties": {"cultura": "Soja"}}, {"type": "Feature", "geometry": {"type": "Polygon", "coordinates": [[[-51.614950437297416, -30.09014841992431], [-51.61548942646789, -30.091226398265256], [-51.61656740480883, -30.09095690368002], [-51.6162979102236, -30.08960943075384], [-51.61360296437124, -30.089070441583367], [-51.61360296437124, -30.09014841992431], [-51.614950437297416, -30.09014841992431]]]}, "properties": {"cultura": "Soja"}}, {"type": "Feature", "geometry": {"type": "Polygon", "coordinates": [[[-51.604170653887984, -30.07397874481016], [-51.60524863222893, -30.07397874481016], [-51.60551812681417, -30.073170261054454], [-51.604170653887984, -30.073170261054454], [-51.604170653887984, -30.07397874481016]]]}, "properties": {"cultura": "Soja"}}, {"type": "Feature", "geometry": {"type": "Polygon", "coordinates": [[[-51.60174520262086, -30.078021163588698], [-51.602823180961806, -30.078290658173934], [-51.602284191791334, -30.07936863651488], [-51.604979137643696, -30.08044661485582], [-51.606865599740345, -30.07963813110011], [-51.60794357808129, -30.076673690662517], [-51.61144700768936, -30.07209228271351], [-51.612524986030294, -30.06885834769068], [-51.61387245895648, -30.06804986393497], [-51.61144700768936, -30.064546434326903], [-51.610638523933645, -30.064546434326903], [-51.61036902934841, -30.065893907253084], [-51.61009953476317, -30.06481592891214], [-51.608752061836995, -30.065624412667848], [-51.60929105100747, -30.066432896423557], [-51.610638523933645, -30.066432896423557], [-51.61009953476317, -30.06939733686115], [-51.60983004017794, -30.067780369349734], [-51.60794357808129, -30.067241380179265], [-51.6095605455927, -30.06697188559403], [-51.60848256725176, -30.06616340183832], [-51.60605711598463, -30.066702391008793], [-51.60524863222893, -30.068588853105442], [-51.60390115930275, -30.06939733686115], [-51.60444014847322, -30.07209228271351], [-51.60551812681417, -30.071822788128273], [-51.606596105155106, -30.069936326031623], [-51.60794357808129, -30.069666831446387], [-51.60524863222893, -30.07397874481016], [-51.60524863222893, -30.075595712321576], [-51.604979137643696, -30.074248239395395], [-51.60363166471751, -30.074248239395395], [-51.60336217013228, -30.076134701492048], [-51.60174520262086, -30.07451773398063], [-51.59985874052421, -30.07532621773634], [-51.59743328925709, -30.074787228565867], [-51.59716379467185, -30.076404196077284], [-51.5952773325752, -30.076134701492048], [-51.600128235109445, -30.07856015275917], [-51.60174520262086, -30.078829647344406], [-51.60174520262086, -30.078021163588698]], [[-51.59905025676851, -30.077482174418225], [-51.59985874052421, -30.07721267983299], [-51.59985874052421, -30.077482174418225], [-51.59905025676851, -30.077482174418225]], [[-51.61171650227459, -30.068588853105442], [-51.61144700768936, -30.067510874764498], [-51.61225549144506, -30.068319358520206], [-51.61171650227459, -30.068588853105442]], [[-51.604979137643696, -30.076404196077284], [-51.604170653887984, -30.07775166900346], [-51.60390115930275, -30.076673690662517], [-51.604979137643696, -30.076404196077284]], [[-51.60390115930275, -30.076943185247753], [-51.60336217013228, -30.07721267983299], [-51.60336217013228, -30.076943185247753], [-51.60390115930275, -30.076943185247753]]]}, "properties": {"cultura": "Soja"}}, {"type": "Feature", "geometry": {"type": "Polygon", "coordinates": [[[-51.61009953476317, -30.067241380179265], [-51.6095605455927, -30.06697188559403], [-51.6095605455927, -30.067241380179265], [-51.61009953476317, -30.067241380179265]]]}, "properties": {"cultura": "Soja"}}, {"type": "Feature", "geometry": {"type": "Polygon", "coordinates": [[[-51.61360296437124, -30.05969553179266], [-51.61306397520077, -30.062659972230254], [-51.61387245895648, -30.062659972230254], [-51.614680942712184, -30.061851488474545], [-51.6162979102236, -30.06212098305978], [-51.61656740480883, -30.060773510133604], [-51.6162979102236, -30.06023452096313], [-51.61414195354171, -30.060504015548368], [-51.61360296437124, -30.05969553179266]]]}, "properties": {"cultura": "Soja"}}, {"type": "Feature", "geometry": {"type": "Polygon", "coordinates": [[[-51.61575892105313, -30.059426037207423], [-51.61683689939407, -30.059965026377895], [-51.61791487773501, -30.059426037207423], [-51.61764538314978, -30.058078564281246], [-51.6162979102236, -30.057270080525537], [-51.6162979102236, -30.055922607599356], [-51.61845386690548, -30.05646159676983], [-51.61791487773501, -30.05376665091747], [-51.61602841563836, -30.053497156332234], [-51.61602841563836, -30.054844629258415], [-51.614680942712184, -30.05565311301412], [-51.614950437297416, -30.05646159676983], [-51.61360296437124, -30.0570005859403], [-51.612794480615534, -30.056731091355065], [-51.613333469786006, -30.055383618428884], [-51.61117751310412, -30.05457513467318], [-51.61171650227459, -30.05376665091747], [-51.606865599740345, -30.053227661746998], [-51.60632661056987, -30.05134119965035], [-51.604709643058456, -30.050263221309404], [-51.602823180961806, -30.050263221309404], [-51.60093671886516, -30.051610694235585], [-51.600397729694684, -30.050802210479876], [-51.59905025676851, -30.050802210479876], [-51.59931975135374, -30.052149683406057], [-51.60174520262086, -30.054305640087943], [-51.59905025676851, -30.05457513467318], [-51.59878076218327, -30.05241917799129], [-51.59797227842756, -30.052688672576526], [-51.59770278384232, -30.05457513467318], [-51.596624805501385, -30.053227661746998], [-51.59581632174567, -30.053497156332234], [-51.596624805501385, -30.054844629258415], [-51.59905025676851, -30.05511412384365], [-51.59905025676851, -30.055922607599356], [-51.596355310916145, -30.056192102184593], [-51.59608581633091, -30.057539575110773], [-51.59985874052421, -30.057270080525537], [-51.60093671886516, -30.055383618428884], [-51.6020146972061, -30.056192102184593], [-51.60363166471751, -30.055922607599356], [-51.604979137643696, -30.0570005859403], [-51.604709643058456, -30.058348058866482], [-51.600128235109445, -30.058078564281246], [-51.600397729694684, -30.060773510133604], [-51.598511267598035, -30.061851488474545], [-51.59985874052421, -30.062659972230254], [-51.59958924593898, -30.064007445156435], [-51.60147570803563, -30.062659972230254], [-51.60147570803563, -30.061851488474545], [-51.60336217013228, -30.06158199388931], [-51.60444014847322, -30.060504015548368], [-51.60551812681417, -30.060773510133604], [-51.60767408349605, -30.063468455985962], [-51.60929105100747, -30.063468455985962], [-51.60821307266652, -30.063198961400726], [-51.60902155642223, -30.062390477645017], [-51.61036902934841, -30.062390477645017], [-51.6095605455927, -30.064007445156435], [-51.61036902934841, -30.064007445156435], [-51.610638523933645, -30.06292946681549], [-51.61225549144506, -30.063468455985962], [-51.612794480615534, -30.06292946681549], [-51.61198599685982, -30.06212098305978], [-51.61225549144506, -30.059965026377895], [-51.610638523933645, -30.058348058866482], [-51.61171650227459, -30.05780906969601], [-51.61117751310412, -30.05646159676983], [-51.61387245895648, -30.058078564281246], [-51.61387245895648, -30.059156542622187], [-51.615219931882656, -30.058617553451715], [-51.614950437297416, -30.059965026377895], [-51.61575892105313, -30.059426037207423]], [[-51.615219931882656, -30.058617553451715], [-51.61575892105313, -30.058348058866482], [-51.61575892105313, -30.058617553451715], [-51.615219931882656, -30.058617553451715]], [[-51.61575892105313, -30.058348058866482], [-51.61602841563836, -30.058078564281246], [-51.61602841563836, -30.058348058866482], [-51.61575892105313, -30.058348058866482]], [[-51.60983004017794, -30.057270080525537], [-51.60767408349605, -30.05511412384365], [-51.606865599740345, -30.054844629258415], [-51.608752061836995, -30.054844629258415], [-51.60983004017794, -30.056192102184593], [-51.60983004017794, -30.057270080525537]], [[-51.608752061836995, -30.059965026377895], [-51.6095605455927, -30.05969553179266], [-51.6095605455927, -30.059965026377895], [-51.608752061836995, -30.059965026377895]], [[-51.608752061836995, -30.059965026377895], [-51.60848256725176, -30.06023452096313], [-51.60848256725176, -30.059965026377895], [-51.608752061836995, -30.059965026377895]]]}, "properties": {"cultura": "Soja"}}, {"type": "Feature", "geometry": {"type": "Polygon", "coordinates": [[[-51.61387245895648, -30.056731091355065], [-51.61360296437124, -30.05646159676983], [-51.61360296437124, -30.056731091355065], [-51.61387245895648, -30.056731091355065]]]}, "properties": {"cultura": "Soja"}}, {"type": "Feature", "geometry": {"type": "Polygon", "coordinates": [[[-51.61414195354171, -30.056192102184593], [-51.61387245895648, -30.05646159676983], [-51.61414195354171, -30.05646159676983], [-51.61414195354171, -30.056192102184593]]]}, "properties": {"cultura": "Soja"}}, {"type": "Feature", "geometry": {"type": "Polygon", "coordinates": [[[-51.61414195354171, -30.056192102184593], [-51.61441144812695, -30.055922607599356], [-51.61414195354171, -30.055922607599356], [-51.61414195354171, -30.056192102184593]]]}, "properties": {"cultura": "Soja"}}, {"type": "Feature", "geometry": {"type": "Polygon", "coordinates": [[[-51.618992856075955, -30.05376665091747], [-51.62060982358737, -30.052688672576526], [-51.62087931817261, -30.05376665091747], [-51.62141830734308, -30.05241917799129], [-51.62034032900214, -30.052149683406057], [-51.61791487773501, -30.053497156332234], [-51.61872336149072, -30.05376665091747], [-51.618992856075955, -30.0570005859403], [-51.62034032900214, -30.0570005859403], [-51.62087931817261, -30.055922607599356], [-51.618992856075955, -30.05376665091747]]]}, "properties": {"cultura": "Soja"}}, {"type": "Feature", "geometry": {"type": "Polygon", "coordinates": [[[-51.6200708344169, -30.054305640087943], [-51.62034032900214, -30.05457513467318], [-51.62034032900214, -30.054305640087943], [-51.6200708344169, -30.054305640087943]]]}, "properties": {"cultura": "Soja"}}, {"type": "Feature", "geometry": {"type": "Polygon", "coordinates": [[[-51.6200708344169, -30.054305640087943], [-51.61980133983167, -30.054036145502707], [-51.61980133983167, -30.054305640087943], [-51.6200708344169, -30.054305640087943]]]}, "properties": {"cultura": "Soja"}}, {"type": "Feature", "geometry": {"type": "Polygon", "coordinates": [[[-51.62060982358737, -30.05376665091747], [-51.62034032900214, -30.054036145502707], [-51.62060982358737, -30.054036145502707], [-51.62060982358737, -30.05376665091747]]]}, "properties": {"cultura": "Soja"}}, {"type": "Feature", "geometry": {"type": "Polygon", "coordinates": [[[-51.61225549144506, -30.052149683406057], [-51.61144700768936, -30.05241917799129], [-51.61225549144506, -30.05241917799129], [-51.61225549144506, -30.052149683406057]]]}, "properties": {"cultura": "Soja"}}, {"type": "Feature", "geometry": {"type": "Polygon", "coordinates": [[[-51.61009953476317, -30.05241917799129], [-51.60929105100747, -30.05188018882082], [-51.60929105100747, -30.05241917799129], [-51.61009953476317, -30.05241917799129]]]}, "properties": {"cultura": "Soja"}}, {"type": "Feature", "geometry": {"type": "Polygon", "coordinates": [[[-51.614680942712184, -30.05188018882082], [-51.61441144812695, -30.052149683406057], [-51.614680942712184, -30.052149683406057], [-51.614680942712184, -30.05188018882082]]]}, "properties": {"cultura": "Soja"}}, {"type": "Feature", "geometry": {"type": "Polygon", "coordinates": [[[-51.61656740480883, -30.052149683406057], [-51.618992856075955, -30.052688672576526], [-51.61845386690548, -30.05188018882082], [-51.61953184524643, -30.05134119965035], [-51.61656740480883, -30.051071705065112], [-51.61656740480883, -30.052149683406057]]]}, "properties": {"cultura": "Soja"}}, {"type": "Feature", "geometry": {"type": "Polygon", "coordinates": [[[-51.61144700768936, -30.051610694235585], [-51.61441144812695, -30.05241917799129], [-51.61414195354171, -30.05188018882082], [-51.614680942712184, -30.05134119965035], [-51.613333469786006, -30.050802210479876], [-51.61144700768936, -30.051610694235585]], [[-51.61414195354171, -30.05134119965035], [-51.61387245895648, -30.051610694235585], [-51.61387245895648, -30.05134119965035], [-51.61414195354171, -30.05134119965035]], [[-51.61387245895648, -30.051610694235585], [-51.613333469786006, -30.05188018882082], [-51.613333469786006, -30.051610694235585], [-51.61387245895648, -30.051610694235585]]]}, "properties": {"cultura": "Soja"}}, {"type": "Feature", "geometry": {"type": "Polygon", "coordinates": [[[-51.61656740480883, -30.050802210479876], [-51.6162979102236, -30.051071705065112], [-51.61656740480883, -30.051071705065112], [-51.61656740480883, -30.050802210479876]]]}, "properties": {"cultura": "Soja"}}, {"type": "Feature", "geometry": {"type": "Polygon", "coordinates": [[[-51.61117751310412, -30.051071705065112], [-51.61306397520077, -30.05053271589464], [-51.612794480615534, -30.049993726724168], [-51.61117751310412, -30.05053271589464], [-51.61117751310412, -30.051071705065112]]]}, "properties": {"cultura": "Soja"}}, {"type": "Feature", "geometry": {"type": "Polygon", "coordinates": [[[-51.61387245895648, -30.05053271589464], [-51.613333469786006, -30.050263221309404], [-51.613333469786006, -30.05053271589464], [-51.61387245895648, -30.05053271589464]]]}, "properties": {"cultura": "Soja"}}, {"type": "Feature", "geometry": {"type": "Polygon", "coordinates": [[[-51.61144700768936, -30.050263221309404], [-51.61117751310412, -30.049993726724168], [-51.61117751310412, -30.050263221309404], [-51.61144700768936, -30.050263221309404]]]}, "properties": {"cultura": "Soja"}}, {"type": "Feature", "geometry": {"type": "Polygon", "coordinates": [[[-51.60524863222893, -30.04972423213893], [-51.6057876213994, -30.050263221309404], [-51.60551812681417, -30.04972423213893], [-51.60524863222893, -30.04972423213893]]]}, "properties": {"cultura": "Soja"}}, {"type": "Feature", "geometry": {"type": "Polygon", "coordinates": [[[-51.613333469786006, -30.049185242968463], [-51.61306397520077, -30.050263221309404], [-51.613333469786006, -30.050263221309404], [-51.613333469786006, -30.049185242968463]]]}, "properties": {"cultura": "Soja"}}, {"type": "Feature", "geometry": {"type": "Polygon", "coordinates": [[[-51.60632661056987, -30.04864625379799], [-51.60551812681417, -30.048915748383227], [-51.60551812681417, -30.04972423213893], [-51.606596105155106, -30.049454737553695], [-51.60632661056987, -30.04864625379799]]]}, "properties": {"cultura": "Soja"}}, {"type": "Feature", "geometry": {"type": "Polygon", "coordinates": [[[-51.602823180961806, -30.048107264627518], [-51.602553686376574, -30.047568275457046], [-51.6020146972061, -30.048915748383227], [-51.60120621345039, -30.048915748383227], [-51.60093671886516, -30.050263221309404], [-51.602553686376574, -30.04972423213893], [-51.602553686376574, -30.04864625379799], [-51.60444014847322, -30.049185242968463], [-51.60390115930275, -30.047568275457046], [-51.602823180961806, -30.048107264627518]], [[-51.604170653887984, -30.048376759212754], [-51.60390115930275, -30.04864625379799], [-51.60390115930275, -30.048376759212754], [-51.604170653887984, -30.048376759212754]], [[-51.60390115930275, -30.048376759212754], [-51.60336217013228, -30.048107264627518], [-51.60390115930275, -30.048107264627518], [-51.60390115930275, -30.048376759212754]]]}, "properties": {"cultura": "Soja"}}, {"type": "Feature", "geometry": {"type": "Polygon", "coordinates": [[[-51.60632661056987, -30.04864625379799], [-51.60605711598463, -30.048107264627518], [-51.60524863222893, -30.048376759212754], [-51.60605711598463, -30.048376759212754], [-51.60605711598463, -30.04864625379799], [-51.60632661056987, -30.04864625379799]]]}, "properties": {"cultura": "Soja"}}, {"type": "Feature", "geometry": {"type": "Polygon", "coordinates": [[[-51.60309267554704, -30.046759791701337], [-51.60363166471751, -30.04622080253087], [-51.602823180961806, -30.045142824189924], [-51.604170653887984, -30.045951307945632], [-51.604170653887984, -30.044873329604687], [-51.602553686376574, -30.04460383501945], [-51.6020146972061, -30.04541231877516], [-51.60309267554704, -30.046759791701337]]]}, "properties": {"cultura": "Soja"}}, {"type": "Feature", "geometry": {"type": "Polygon", "coordinates": [[[-51.60309267554704, -30.04460383501945], [-51.602823180961806, -30.044334340434215], [-51.602823180961806, -30.04460383501945], [-51.60309267554704, -30.04460383501945]]]}, "properties": {"cultura": "Soja"}}, {"type": "Feature", "geometry": {"type": "Polygon", "coordinates": [[[-51.60309267554704, -30.039213943314735], [-51.602823180961806, -30.042986867508038], [-51.604170653887984, -30.0427173729228], [-51.60309267554704, -30.043525856678507], [-51.60444014847322, -30.043256362093274], [-51.60309267554704, -30.039213943314735]]]}, "properties": {"cultura": "Soja"}}, {"type": "Feature", "geometry": {"type": "Polygon", "coordinates": [[[-51.602284191791334, -30.20549210240526], [-51.6020146972061, -30.205761596990495], [-51.602284191791334, -30.205761596990495], [-51.602284191791334, -30.20549210240526]]]}, "properties": {"cultura": "Soja"}}, {"type": "Feature", "geometry": {"type": "Polygon", "coordinates": [[[-51.602284191791334, -30.20549210240526], [-51.602553686376574, -30.20468361864955], [-51.6020146972061, -30.20468361864955], [-51.602284191791334, -30.20549210240526]]]}, "properties": {"cultura": "Soja"}}, {"type": "Feature", "geometry": {"type": "Polygon", "coordinates": [[[-51.60093671886516, -30.12733867268686], [-51.59985874052421, -30.12679968351639], [-51.59985874052421, -30.127069178101625], [-51.60093671886516, -30.12733867268686]]]}, "properties": {"cultura": "Soja"}}, {"type": "Feature", "geometry": {"type": "Polygon", "coordinates": [[[-51.58288058165435, -30.125452210590208], [-51.584228054580535, -30.12599119976068], [-51.58503653833624, -30.12518271600497], [-51.584228054580535, -30.123565748493558], [-51.58261108706912, -30.123565748493558], [-51.58288058165435, -30.125452210590208]]]}, "properties": {"cultura": "Soja"}}, {"type": "Feature", "geometry": {"type": "Polygon", "coordinates": [[[-51.58315007623959, -30.12194878098214], [-51.58449754916577, -30.123835243078794], [-51.586114516677185, -30.12329625390832], [-51.58530603292147, -30.122218275567377], [-51.58315007623959, -30.12194878098214]]]}, "properties": {"cultura": "Soja"}}, {"type": "Feature", "geometry": {"type": "Polygon", "coordinates": [[[-51.58557552750671, -30.115211416351247], [-51.58746198960336, -30.11628939469219], [-51.58853996794431, -30.115211416351247], [-51.58692300043289, -30.11278596508412], [-51.585845022091945, -30.11359444883983], [-51.58557552750671, -30.115211416351247]]]}, "properties": {"cultura": "Soja"}}, {"type": "Feature", "geometry": {"type": "Polygon", "coordinates": [[[-51.592582386722846, -30.113324954254594], [-51.59339087047855, -30.113324954254594], [-51.5952773325752, -30.114133438010303], [-51.59392985964902, -30.112246975913653], [-51.592312892137606, -30.111977481328417], [-51.592582386722846, -30.113324954254594]]]}, "properties": {"cultura": "Soja"}}, {"type": "Feature", "geometry": {"type": "Polygon", "coordinates": [[[-51.58907895711478, -30.111438492157944], [-51.58880946252954, -30.11170798674318], [-51.58907895711478, -30.11170798674318], [-51.58907895711478, -30.111438492157944]]]}, "properties": {"cultura": "Soja"}}, {"type": "Feature", "geometry": {"type": "Polygon", "coordinates": [[[-51.590156935455724, -30.111168997572708], [-51.58961794628525, -30.111977481328417], [-51.590156935455724, -30.111977481328417], [-51.590156935455724, -30.111168997572708]]]}, "properties": {"cultura": "Soja"}}, {"type": "Feature", "geometry": {"type": "Polygon", "coordinates": [[[-51.58961794628525, -30.110899502987472], [-51.588000978773835, -30.110630008402236], [-51.5877314841886, -30.111438492157944], [-51.58880946252954, -30.111438492157944], [-51.58961794628525, -30.110899502987472]]]}, "properties": {"cultura": "Soja"}}, {"type": "Feature", "geometry": {"type": "Polygon", "coordinates": [[[-51.59473834340473, -30.09742477372568], [-51.596624805501385, -30.096346795384736], [-51.59878076218327, -30.092573871191433], [-51.59878076218327, -30.090687409094784], [-51.600397729694684, -30.089878925339075], [-51.60174520262086, -30.08772296865719], [-51.6020146972061, -30.085836506560536], [-51.60066722427992, -30.086106001145772], [-51.600397729694684, -30.084758528219595], [-51.59878076218327, -30.085836506560536], [-51.600397729694684, -30.087183979486717], [-51.59958924593898, -30.08960943075384], [-51.59716379467185, -30.088531452412894], [-51.59743328925709, -30.089878925339075], [-51.598241773012795, -30.090417914509548], [-51.59689430008662, -30.09014841992431], [-51.594199354234256, -30.093382354947142], [-51.59042643004096, -30.093112860361906], [-51.590156935455724, -30.094460333288087], [-51.58853996794431, -30.09472982787332], [-51.58907895711478, -30.098502752066622], [-51.59123491379666, -30.099580730407567], [-51.592582386722846, -30.099850224992803], [-51.59285188130808, -30.098502752066622], [-51.59392985964902, -30.09931123582233], [-51.59473834340473, -30.09742477372568]], [[-51.59770278384232, -30.08880094699813], [-51.59743328925709, -30.089070441583367], [-51.59743328925709, -30.08880094699813], [-51.59770278384232, -30.08880094699813]], [[-51.59392985964902, -30.098233257481386], [-51.592312892137606, -30.09796376289615], [-51.59392985964902, -30.09796376289615], [-51.59392985964902, -30.098233257481386]]]}, "properties": {"cultura": "Soja"}}, {"type": "Feature", "geometry": {"type": "Polygon", "coordinates": [[[-51.590156935455724, -30.088531452412894], [-51.589887440870484, -30.086644990316245], [-51.59312137589332, -30.083411055293414], [-51.591773902967134, -30.083411055293414], [-51.5877314841886, -30.087992463242426], [-51.585845022091945, -30.08772296865719], [-51.584767043751, -30.0855670119753], [-51.583958559995295, -30.0855670119753], [-51.58449754916577, -30.085836506560536], [-51.583958559995295, -30.087183979486717], [-51.58234159248388, -30.086106001145772], [-51.579646646631524, -30.089070441583367], [-51.57910765746105, -30.091495892850492], [-51.57829917370535, -30.091495892850492], [-51.57856866829058, -30.09472982787332], [-51.58045513038723, -30.095538311629028], [-51.579377152046284, -30.096346795384736], [-51.580185635801996, -30.096616289969973], [-51.580185635801996, -30.097694268310914], [-51.582072097898646, -30.10011971957804], [-51.58288058165435, -30.09742477372568], [-51.58503653833624, -30.096346795384736], [-51.584767043751, -30.093651849532378], [-51.58341957082482, -30.093382354947142], [-51.58341957082482, -30.092304376606197], [-51.58827047335907, -30.09203488202096], [-51.590156935455724, -30.088531452412894]], [[-51.58907895711478, -30.090417914509548], [-51.58880946252954, -30.089878925339075], [-51.58907895711478, -30.089878925339075], [-51.58907895711478, -30.090417914509548]], [[-51.58934845170001, -30.08960943075384], [-51.58907895711478, -30.089339936168603], [-51.58934845170001, -30.089339936168603], [-51.58934845170001, -30.08960943075384]], [[-51.58126361414294, -30.097155279140445], [-51.582072097898646, -30.096616289969973], [-51.58261108706912, -30.097155279140445], [-51.58126361414294, -30.097155279140445]]]}, "properties": {"cultura": "Soja"}}, {"type": "Feature", "geometry": {"type": "Polygon", "coordinates": [[[-51.59366036506379, -30.082602571537706], [-51.59392985964902, -30.082872066122942], [-51.594199354234256, -30.082602571537706], [-51.59366036506379, -30.082602571537706]]]}, "properties": {"cultura": "Soja"}}, {"type": "Feature", "geometry": {"type": "Polygon", "coordinates": [[[-51.59366036506379, -30.082602571537706], [-51.59366036506379, -30.082333076952473], [-51.59339087047855, -30.082333076952473], [-51.59339087047855, -30.082602571537706], [-51.59366036506379, -30.082602571537706]]]}, "properties": {"cultura": "Soja"}}, {"type": "Feature", "geometry": {"type": "Polygon", "coordinates": [[[-51.59339087047855, -30.082333076952473], [-51.59312137589332, -30.082063582367237], [-51.59312137589332, -30.082333076952473], [-51.59339087047855, -30.082333076952473]]]}, "properties": {"cultura": "Soja"}}, {"type": "Feature", "geometry": {"type": "Polygon", "coordinates": [[[-51.59366036506379, -30.081794087782], [-51.59339087047855, -30.082063582367237], [-51.59366036506379, -30.082063582367237], [-51.59366036506379, -30.081794087782]]]}, "properties": {"cultura": "Soja"}}, {"type": "Feature", "geometry": {"type": "Polygon", "coordinates": [[[-51.59770278384232, -30.07936863651488], [-51.5952773325752, -30.07856015275917], [-51.59581632174567, -30.077482174418225], [-51.59500783798997, -30.076943185247753], [-51.592312892137606, -30.077482174418225], [-51.59285188130808, -30.076134701492048], [-51.592043397552374, -30.075865206906812], [-51.590695924626196, -30.075865206906812], [-51.58907895711478, -30.078021163588698], [-51.590156935455724, -30.078829647344406], [-51.592043397552374, -30.078021163588698], [-51.592312892137606, -30.078829647344406], [-51.59473834340473, -30.079099141929643], [-51.59473834340473, -30.080985604026292], [-51.59285188130808, -30.08044661485582], [-51.59312137589332, -30.08125509861153], [-51.594199354234256, -30.08125509861153], [-51.594199354234256, -30.082602571537706], [-51.59581632174567, -30.08125509861153], [-51.59797227842756, -30.083950044463887], [-51.59905025676851, -30.083950044463887], [-51.59931975135374, -30.083141560708178], [-51.596624805501385, -30.08125509861153], [-51.59770278384232, -30.08044661485582], [-51.59770278384232, -30.07936863651488]], [[-51.59905025676851, -30.08368054987865], [-51.59878076218327, -30.083411055293414], [-51.59905025676851, -30.083411055293414], [-51.59905025676851, -30.08368054987865]], [[-51.59689430008662, -30.081524593196765], [-51.596624805501385, -30.081794087782], [-51.596624805501385, -30.081524593196765], [-51.59689430008662, -30.081524593196765]]]}, "properties": {"cultura": "Soja"}}, {"type": "Feature", "geometry": {"type": "Polygon", "coordinates": [[[-51.59770278384232, -30.07209228271351], [-51.598511267598035, -30.07263127188398], [-51.59958924593898, -30.070475315202092], [-51.59797227842756, -30.071014304372564], [-51.59770278384232, -30.07209228271351]]]}, "properties": {"cultura": "Soja"}}, {"type": "Feature", "geometry": {"type": "Polygon", "coordinates": [[[-51.584228054580535, -30.071014304372564], [-51.58692300043289, -30.072361777298745], [-51.5877314841886, -30.071553293543037], [-51.5877314841886, -30.069936326031623], [-51.586114516677185, -30.069666831446387], [-51.58530603292147, -30.069936326031623], [-51.58503653833624, -30.070744809787328], [-51.584228054580535, -30.071014304372564]]]}, "properties": {"cultura": "Soja"}}, {"type": "Feature", "geometry": {"type": "Polygon", "coordinates": [[[-51.600397729694684, -30.07020582061686], [-51.600128235109445, -30.070475315202092], [-51.600397729694684, -30.070475315202092], [-51.600397729694684, -30.07020582061686]]]}, "properties": {"cultura": "Soja"}}, {"type": "Feature", "geometry": {"type": "Polygon", "coordinates": [[[-51.58503653833624, -30.070475315202092], [-51.584767043751, -30.07020582061686], [-51.584767043751, -30.070475315202092], [-51.58503653833624, -30.070475315202092]]]}, "properties": {"cultura": "Soja"}}, {"type": "Feature", "geometry": {"type": "Polygon", "coordinates": [[[-51.59958924593898, -30.069666831446387], [-51.602284191791334, -30.069936326031623], [-51.602553686376574, -30.06939733686115], [-51.60066722427992, -30.06885834769068], [-51.59958924593898, -30.069666831446387]]]}, "properties": {"cultura": "Soja"}}, {"type": "Feature", "geometry": {"type": "Polygon", "coordinates": [[[-51.59958924593898, -30.069127842275915], [-51.59931975135374, -30.06939733686115], [-51.59958924593898, -30.06939733686115], [-51.59958924593898, -30.069127842275915]]]}, "properties": {"cultura": "Soja"}}, {"type": "Feature", "geometry": {"type": "Polygon", "coordinates": [[[-51.59931975135374, -30.069127842275915], [-51.59905025676851, -30.06885834769068], [-51.59905025676851, -30.069127842275915], [-51.59931975135374, -30.069127842275915]]]}, "properties": {"cultura": "Soja"}}, {"type": "Feature", "geometry": {"type": "Polygon", "coordinates": [[[-51.598241773012795, -30.067510874764498], [-51.59958924593898, -30.069127842275915], [-51.600397729694684, -30.068588853105442], [-51.59958924593898, -30.067241380179265], [-51.598241773012795, -30.067510874764498]]]}, "properties": {"cultura": "Soja"}}, {"type": "Feature", "geometry": {"type": "Polygon", "coordinates": [[[-51.59312137589332, -30.06885834769068], [-51.59473834340473, -30.0712837989578], [-51.59743328925709, -30.068588853105442], [-51.59743328925709, -30.06804986393497], [-51.59797227842756, -30.067780369349734], [-51.59797227842756, -30.067510874764498], [-51.598241773012795, -30.067510874764498], [-51.598241773012795, -30.067241380179265], [-51.598511267598035, -30.067241380179265], [-51.59878076218327, -30.066432896423557], [-51.59743328925709, -30.065354918082612], [-51.596624805501385, -30.065624412667848], [-51.59689430008662, -30.06481592891214], [-51.598511267598035, -30.06427693974167], [-51.598511267598035, -30.06292946681549], [-51.59608581633091, -30.062659972230254], [-51.596355310916145, -30.064007445156435], [-51.59473834340473, -30.06292946681549], [-51.59689430008662, -30.06212098305978], [-51.59581632174567, -30.05888704803695], [-51.59473834340473, -30.058348058866482], [-51.59608581633091, -30.05565311301412], [-51.59473834340473, -30.054036145502707], [-51.59339087047855, -30.05376665091747], [-51.590156935455724, -30.056192102184593], [-51.58853996794431, -30.056192102184593], [-51.589887440870484, -30.057539575110773], [-51.594468848819496, -30.059156542622187], [-51.594468848819496, -30.060504015548368], [-51.592043397552374, -30.065624412667848], [-51.592582386722846, -30.06697188559403], [-51.5915044083819, -30.067780369349734], [-51.58934845170001, -30.067780369349734], [-51.58934845170001, -30.06885834769068], [-51.58827047335907, -30.06939733686115], [-51.58934845170001, -30.071822788128273], [-51.58746198960336, -30.07209228271351], [-51.58746198960336, -30.073170261054454], [-51.59366036506379, -30.075595712321576], [-51.594468848819496, -30.07397874481016], [-51.591773902967134, -30.072900766469218], [-51.5915044083819, -30.071553293543037], [-51.59312137589332, -30.06885834769068]], [[-51.592582386722846, -30.066702391008793], [-51.59312137589332, -30.066432896423557], [-51.59312137589332, -30.066702391008793], [-51.592582386722846, -30.066702391008793]], [[-51.59339087047855, -30.06885834769068], [-51.59366036506379, -30.068588853105442], [-51.59366036506379, -30.06885834769068], [-51.59339087047855, -30.06885834769068]], [[-51.5915044083819, -30.068588853105442], [-51.592312892137606, -30.069127842275915], [-51.591773902967134, -30.06939733686115], [-51.5915044083819, -30.068588853105442]]]}, "properties": {"cultura": "Soja"}}, {"type": "Feature", "geometry": {"type": "Polygon", "coordinates": [[[-51.600397729694684, -30.057539575110773], [-51.600128235109445, -30.05780906969601], [-51.600397729694684, -30.05780906969601], [-51.600397729694684, -30.057539575110773]]]}, "properties": {"cultura": "Soja"}}, {"type": "Feature", "geometry": {"type": "Polygon", "coordinates": [[[-51.58665350584766, -30.054036145502707], [-51.58638401126242, -30.054305640087943], [-51.58665350584766, -30.054305640087943], [-51.58665350584766, -30.054036145502707]]]}, "properties": {"cultura": "Soja"}}, {"type": "Feature", "geometry": {"type": "Polygon", "coordinates": [[[-51.58638401126242, -30.05376665091747], [-51.585845022091945, -30.054036145502707], [-51.58638401126242, -30.054036145502707], [-51.58638401126242, -30.05376665091747]]]}, "properties": {"cultura": "Soja"}}, {"type": "Feature", "geometry": {"type": "Polygon", "coordinates": [[[-51.58638401126242, -30.053497156332234], [-51.58692300043289, -30.05376665091747], [-51.58692300043289, -30.053497156332234], [-51.58638401126242, -30.053497156332234]]]}, "properties": {"cultura": "Soja"}}, {"type": "Feature", "geometry": {"type": "Polygon", "coordinates": [[[-51.58557552750671, -30.05376665091747], [-51.58638401126242, -30.053497156332234], [-51.58638401126242, -30.053227661746998], [-51.58557552750671, -30.053227661746998], [-51.58557552750671, -30.05376665091747]]]}, "properties": {"cultura": "Soja"}}, {"type": "Feature", "geometry": {"type": "Polygon", "coordinates": [[[-51.59689430008662, -30.050802210479876], [-51.596624805501385, -30.05053271589464], [-51.596624805501385, -30.050802210479876], [-51.59689430008662, -30.050802210479876]]]}, "properties": {"cultura": "Soja"}}, {"type": "Feature", "geometry": {"type": "Polygon", "coordinates": [[[-51.59689430008662, -30.047568275457046], [-51.596624805501385, -30.047837770042282], [-51.59689430008662, -30.047837770042282], [-51.59689430008662, -30.047568275457046]]]}, "properties": {"cultura": "Soja"}}, {"type": "Feature", "geometry": {"type": "Polygon", "coordinates": [[[-51.59689430008662, -30.047568275457046], [-51.59716379467185, -30.04729878087181], [-51.59689430008662, -30.04729878087181], [-51.59689430008662, -30.047568275457046]]]}, "properties": {"cultura": "Soja"}}, {"type": "Feature", "geometry": {"type": "Polygon", "coordinates": [[[-51.59500783798997, -30.047568275457046], [-51.596355310916145, -30.047029286286573], [-51.594468848819496, -30.046759791701337], [-51.59500783798997, -30.047568275457046]]]}, "properties": {"cultura": "Soja"}}, {"type": "Feature", "geometry": {"type": "Polygon", "coordinates": [[[-51.59339087047855, -30.045681813360396], [-51.59554682716044, -30.0464902971161], [-51.596355310916145, -30.045951307945632], [-51.59339087047855, -30.045681813360396]]]}, "properties": {"cultura": "Soja"}}, {"type": "Feature", "geometry": {"type": "Polygon", "coordinates": [[[-51.59931975135374, -30.040561416240912], [-51.598241773012795, -30.041100405411385], [-51.59878076218327, -30.042986867508038], [-51.59770278384232, -30.042447878337565], [-51.59716379467185, -30.042986867508038], [-51.59797227842756, -30.04460383501945], [-51.59689430008662, -30.044873329604687], [-51.59878076218327, -30.04622080253087], [-51.59716379467185, -30.047029286286573], [-51.59770278384232, -30.048376759212754], [-51.59689430008662, -30.04864625379799], [-51.596355310916145, -30.047837770042282], [-51.59608581633091, -30.04864625379799], [-51.596624805501385, -30.049185242968463], [-51.59608581633091, -30.050263221309404], [-51.596624805501385, -30.049993726724168], [-51.59797227842756, -30.051610694235585], [-51.59878076218327, -30.049993726724168], [-51.60066722427992, -30.049993726724168], [-51.60120621345039, -30.048107264627518], [-51.602284191791334, -30.047568275457046], [-51.6020146972061, -30.045951307945632], [-51.59931975135374, -30.04541231877516], [-51.59931975135374, -30.04460383501945], [-51.600397729694684, -30.044873329604687], [-51.600128235109445, -30.043256362093274], [-51.60093671886516, -30.04217838375233], [-51.60093671886516, -30.041639394581857], [-51.59931975135374, -30.040561416240912]], [[-51.59716379467185, -30.04864625379799], [-51.59743328925709, -30.048915748383227], [-51.59716379467185, -30.048915748383227], [-51.59716379467185, -30.04864625379799]], [[-51.596624805501385, -30.049993726724168], [-51.59689430008662, -30.04972423213893], [-51.59689430008662, -30.049993726724168], [-51.596624805501385, -30.049993726724168]], [[-51.59958924593898, -30.045681813360396], [-51.59931975135374, -30.045951307945632], [-51.59931975135374, -30.045681813360396], [-51.59958924593898, -30.045681813360396]], [[-51.600397729694684, -30.042447878337565], [-51.600128235109445, -30.04217838375233], [-51.600397729694684, -30.04217838375233], [-51.600397729694684, -30.042447878337565]], [[-51.600128235109445, -30.042447878337565], [-51.59931975135374, -30.0427173729228], [-51.59931975135374, -30.042447878337565], [-51.600128235109445, -30.042447878337565]], [[-51.60066722427992, -30.041639394581857], [-51.600397729694684, -30.041908889167093], [-51.600397729694684, -30.041639394581857], [-51.60066722427992, -30.041639394581857]], [[-51.59743328925709, -30.049993726724168], [-51.59797227842756, -30.049185242968463], [-51.59797227842756, -30.049993726724168], [-51.59743328925709, -30.049993726724168]], [[-51.59743328925709, -30.049454737553695], [-51.59716379467185, -30.049185242968463], [-51.59743328925709, -30.049185242968463], [-51.59743328925709, -30.049454737553695]]]}, "properties": {"cultura": "Soja"}}, {"type": "Feature", "geometry": {"type": "Polygon", "coordinates": [[[-51.592312892137606, -30.04541231877516], [-51.592582386722846, -30.045681813360396], [-51.592582386722846, -30.04541231877516], [-51.592312892137606, -30.04541231877516]]]}, "properties": {"cultura": "Soja"}}, {"type": "Feature", "geometry": {"type": "Polygon", "coordinates": [[[-51.59042643004096, -30.045681813360396], [-51.592312892137606, -30.04541231877516], [-51.592312892137606, -30.045142824189924], [-51.59042643004096, -30.04460383501945], [-51.59042643004096, -30.045681813360396]]]}, "properties": {"cultura": "Soja"}}, {"type": "Feature", "geometry": {"type": "Polygon", "coordinates": [[[-51.59042643004096, -30.044334340434215], [-51.590156935455724, -30.04406484584898], [-51.590156935455724, -30.044334340434215], [-51.59042643004096, -30.044334340434215]]]}, "properties": {"cultura": "Soja"}}, {"type": "Feature", "geometry": {"type": "Polygon", "coordinates": [[[-51.602284191791334, -30.042447878337565], [-51.60174520262086, -30.043256362093274], [-51.602284191791334, -30.043256362093274], [-51.602284191791334, -30.042447878337565]]]}, "properties": {"cultura": "Soja"}}, {"type": "Feature", "geometry": {"type": "Polygon", "coordinates": [[[-51.590156935455724, -30.042447878337565], [-51.59042643004096, -30.04406484584898], [-51.59123491379666, -30.04406484584898], [-51.59123491379666, -30.042447878337565], [-51.589887440870484, -30.041100405411385], [-51.58934845170001, -30.04217838375233], [-51.590156935455724, -30.042447878337565]]]}, "properties": {"cultura": "Soja"}}, {"type": "Feature", "geometry": {"type": "Polygon", "coordinates": [[[-51.602553686376574, -30.04136989999662], [-51.602284191791334, -30.041100405411385], [-51.602284191791334, -30.04136989999662], [-51.602553686376574, -30.04136989999662]]]}, "properties": {"cultura": "Soja"}}, {"type": "Feature", "geometry": {"type": "Polygon", "coordinates": [[[-51.5877314841886, -30.04083091082615], [-51.58907895711478, -30.04136989999662], [-51.58907895711478, -30.04083091082615], [-51.5877314841886, -30.04083091082615]]]}, "properties": {"cultura": "Soja"}}, {"type": "Feature", "geometry": {"type": "Polygon", "coordinates": [[[-51.60066722427992, -30.040561416240912], [-51.600397729694684, -30.04083091082615], [-51.60066722427992, -30.04083091082615], [-51.60066722427992, -30.040561416240912]]]}, "properties": {"cultura": "Soja"}}, {"type": "Feature", "geometry": {"type": "Polygon", "coordinates": [[[-51.59878076218327, -30.037866470388554], [-51.598511267598035, -30.036788492047613], [-51.598511267598035, -30.037866470388554], [-51.59878076218327, -30.037866470388554]]]}, "properties": {"cultura": "Soja"}}, {"type": "Feature", "geometry": {"type": "Polygon", "coordinates": [[[-51.592043397552374, -30.033285062439546], [-51.58827047335907, -30.033285062439546], [-51.588000978773835, -30.03382405161002], [-51.58907895711478, -30.034632535365724], [-51.5877314841886, -30.034632535365724], [-51.5877314841886, -30.035710513706668], [-51.58719249501813, -30.03490202995096], [-51.58719249501813, -30.036788492047613], [-51.58853996794431, -30.03705798663285], [-51.58880946252954, -30.035441019121432], [-51.59042643004096, -30.03624950287714], [-51.590695924626196, -30.035441019121432], [-51.58961794628525, -30.035171524536196], [-51.58961794628525, -30.034632535365724], [-51.592043397552374, -30.033285062439546]]]}, "properties": {"cultura": "Soja"}}, {"type": "Feature", "geometry": {"type": "Polygon", "coordinates": [[[-51.589887440870484, -30.034632535365724], [-51.590156935455724, -30.03490202995096], [-51.590156935455724, -30.034632535365724], [-51.589887440870484, -30.034632535365724]]]}, "properties": {"cultura": "Soja"}}, {"type": "Feature", "geometry": {"type": "Polygon", "coordinates": [[[-51.58638401126242, -30.035441019121432], [-51.58719249501813, -30.034093546195255], [-51.585845022091945, -30.034093546195255], [-51.58638401126242, -30.035441019121432]]]}, "properties": {"cultura": "Soja"}}, {"type": "Feature", "geometry": {"type": "Polygon", "coordinates": [[[-51.592043397552374, -30.03112910575766], [-51.592043397552374, -30.031937589513365], [-51.59285188130808, -30.0322070840986], [-51.59312137589332, -30.03112910575766], [-51.592043397552374, -30.03112910575766]]]}, "properties": {"cultura": "Soja"}}, {"type": "Feature", "geometry": {"type": "Polygon", "coordinates": [[[-51.592043397552374, -30.029512138246243], [-51.591773902967134, -30.030051127416716], [-51.592043397552374, -30.030051127416716], [-51.592043397552374, -30.029512138246243]]]}, "properties": {"cultura": "Soja"}}, {"type": "Feature", "geometry": {"type": "Polygon", "coordinates": [[[-51.60174520262086, -30.038405459559026], [-51.602284191791334, -30.038405459559026], [-51.60174520262086, -30.034363040780487], [-51.60336217013228, -30.034093546195255], [-51.60336217013228, -30.03301556785431], [-51.600397729694684, -30.034093546195255], [-51.59958924593898, -30.03382405161002], [-51.602823180961806, -30.0322070840986], [-51.60174520262086, -30.029512138246243], [-51.60363166471751, -30.02897314907577], [-51.60390115930275, -30.02789517073483], [-51.60551812681417, -30.026817192393885], [-51.60551812681417, -30.02250527903011], [-51.60363166471751, -30.02061881693346], [-51.60309267554704, -30.02142730068917], [-51.60093671886516, -30.02061881693346], [-51.59931975135374, -30.022774773615346], [-51.59905025676851, -30.020349322348224], [-51.59716379467185, -30.01927134400728], [-51.596355310916145, -30.01981033317775], [-51.59500783798997, -30.01981033317775], [-51.59312137589332, -30.01873235483681], [-51.59123491379666, -30.01927134400728], [-51.590156935455724, -30.020079827762988], [-51.590156935455724, -30.02385275195629], [-51.59123491379666, -30.024122246541527], [-51.59123491379666, -30.02573921405294], [-51.59581632174567, -30.026278203223413], [-51.59770278384232, -30.025469719467704], [-51.59312137589332, -30.03301556785431], [-51.596355310916145, -30.034093546195255], [-51.596624805501385, -30.035171524536196], [-51.59905025676851, -30.034632535365724], [-51.59905025676851, -30.036518997462377], [-51.59985874052421, -30.03705798663285], [-51.59931975135374, -30.03813596497379], [-51.59878076218327, -30.037866470388554], [-51.59878076218327, -30.0389444487295], [-51.59985874052421, -30.040561416240912], [-51.600397729694684, -30.040561416240912], [-51.59985874052421, -30.040022427070443], [-51.600397729694684, -30.0389444487295], [-51.60093671886516, -30.040022427070443], [-51.602284191791334, -30.039752932485207], [-51.602553686376574, -30.038674954144263], [-51.60174520262086, -30.038405459559026]], [[-51.60147570803563, -30.03948343789997], [-51.60120621345039, -30.039213943314735], [-51.60147570803563, -30.039213943314735], [-51.60147570803563, -30.03948343789997]]]}, "properties": {"cultura": "Soja"}}, {"type": "Feature", "geometry": {"type": "Polygon", "coordinates": [[[-51.59312137589332, -30.0284341599053], [-51.592043397552374, -30.0284341599053], [-51.591773902967134, -30.029242643661007], [-51.592582386722846, -30.029512138246243], [-51.59312137589332, -30.0284341599053]]]}, "properties": {"cultura": "Soja"}}, {"type": "Feature", "geometry": {"type": "Polygon", "coordinates": [[[-51.591773902967134, -30.02897314907577], [-51.5915044083819, -30.028703654490535], [-51.5915044083819, -30.02897314907577], [-51.591773902967134, -30.02897314907577]]]}, "properties": {"cultura": "Soja"}}, {"type": "Feature", "geometry": {"type": "Polygon", "coordinates": [[[-51.59096541921143, -30.028164665320066], [-51.59123491379666, -30.02789517073483], [-51.59096541921143, -30.026817192393885], [-51.59096541921143, -30.028164665320066]]]}, "properties": {"cultura": "Soja"}}, {"type": "Feature", "geometry": {"type": "Polygon", "coordinates": [[[-51.590156935455724, -30.02708668697912], [-51.589887440870484, -30.02573921405294], [-51.58961794628525, -30.02573921405294], [-51.58934845170001, -30.02654769780865], [-51.590156935455724, -30.02708668697912]]]}, "properties": {"cultura": "Soja"}}, {"type": "Feature", "geometry": {"type": "Polygon", "coordinates": [[[-51.592043397552374, -30.026008708638177], [-51.59123491379666, -30.026278203223413], [-51.592043397552374, -30.026278203223413], [-51.592043397552374, -30.026008708638177]]]}, "properties": {"cultura": "Soja"}}, {"type": "Feature", "geometry": {"type": "Polygon", "coordinates": [[[-51.59123491379666, -30.026008708638177], [-51.59096541921143, -30.02573921405294], [-51.59096541921143, -30.026008708638177], [-51.59123491379666, -30.026008708638177]]]}, "properties": {"cultura": "Soja"}}, {"type": "Feature", "geometry": {"type": "Polygon", "coordinates": [[[-51.590695924626196, -30.024391741126763], [-51.589887440870484, -30.024391741126763], [-51.589887440870484, -30.02573921405294], [-51.59096541921143, -30.025469719467704], [-51.590695924626196, -30.024391741126763]]]}, "properties": {"cultura": "Soja"}}, {"type": "Feature", "geometry": {"type": "Polygon", "coordinates": [[[-51.5952773325752, -30.019540838592516], [-51.59500783798997, -30.019001849422047], [-51.59500783798997, -30.019540838592516], [-51.5952773325752, -30.019540838592516]]]}, "properties": {"cultura": "Soja"}}, {"type": "Feature", "geometry": {"type": "Polygon", "coordinates": [[[-51.575604227852985, -30.175308708858843], [-51.57614321702346, -30.175039214273607], [-51.575604227852985, -30.175039214273607], [-51.575604227852985, -30.175308708858843]]]}, "properties": {"cultura": "Soja"}}, {"type": "Feature", "geometry": {"type": "Polygon", "coordinates": [[[-51.57479574409728, -30.171805279250776], [-51.573717765756335, -30.168840838813182], [-51.571561809074446, -30.17234426842125], [-51.571831303659685, -30.177195170955493], [-51.57398726034157, -30.177195170955493], [-51.57452624951204, -30.175847698029315], [-51.575604227852985, -30.175847698029315], [-51.575604227852985, -30.175308708858843], [-51.57425675492681, -30.17557820344408], [-51.57533473326775, -30.17476971968837], [-51.57506523868251, -30.173691741347426], [-51.57237029283016, -30.17476971968837], [-51.57237029283016, -30.17342224676219], [-51.57479574409728, -30.172613763006485], [-51.57398726034157, -30.172074773836012], [-51.57479574409728, -30.171805279250776]], [[-51.57237029283016, -30.17476971968837], [-51.57210079824492, -30.175039214273607], [-51.57210079824492, -30.17476971968837], [-51.57237029283016, -30.17476971968837]], [[-51.57237029283016, -30.17342224676219], [-51.57210079824492, -30.17288325759172], [-51.57237029283016, -30.17288325759172], [-51.57237029283016, -30.17342224676219]], [[-51.573717765756335, -30.17288325759172], [-51.573448271171095, -30.17234426842125], [-51.57398726034157, -30.17234426842125], [-51.573717765756335, -30.17288325759172]], [[-51.57398726034157, -30.171805279250776], [-51.573448271171095, -30.17153578466554], [-51.57398726034157, -30.17153578466554], [-51.57398726034157, -30.171805279250776]], [[-51.573448271171095, -30.17153578466554], [-51.57263978741539, -30.171266290080304], [-51.573448271171095, -30.171266290080304], [-51.573448271171095, -30.17153578466554]], [[-51.573717765756335, -30.17557820344408], [-51.57263978741539, -30.176117192614548], [-51.57263978741539, -30.17557820344408], [-51.573717765756335, -30.17557820344408]]]}, "properties": {"cultura": "Soja"}}, {"type": "Feature", "geometry": {"type": "Polygon", "coordinates": [[[-51.575604227852985, -30.172074773836012], [-51.57668220619393, -30.171805279250776], [-51.57668220619393, -30.17153578466554], [-51.57641271160869, -30.17153578466554], [-51.57641271160869, -30.171266290080304], [-51.575604227852985, -30.171266290080304], [-51.575604227852985, -30.172074773836012]]]}, "properties": {"cultura": "Soja"}}, {"type": "Feature", "geometry": {"type": "Polygon", "coordinates": [[[-51.5772211953644, -30.171266290080304], [-51.57668220619393, -30.17153578466554], [-51.5772211953644, -30.17153578466554], [-51.5772211953644, -30.171266290080304]]]}, "properties": {"cultura": "Soja"}}, {"type": "Feature", "geometry": {"type": "Polygon", "coordinates": [[[-51.575604227852985, -30.170457806324595], [-51.57533473326775, -30.17072730090983], [-51.575604227852985, -30.17072730090983], [-51.575604227852985, -30.170457806324595]]]}, "properties": {"cultura": "Soja"}}, {"type": "Feature", "geometry": {"type": "Polygon", "coordinates": [[[-51.57533473326775, -30.169918817154127], [-51.57452624951204, -30.17018831173936], [-51.57533473326775, -30.170457806324595], [-51.57533473326775, -30.169918817154127]]]}, "properties": {"cultura": "Soja"}}, {"type": "Feature", "geometry": {"type": "Polygon", "coordinates": [[[-51.575604227852985, -30.169379827983654], [-51.57668220619393, -30.170996795495068], [-51.57802967912011, -30.170457806324595], [-51.577760184534874, -30.168840838813182], [-51.575604227852985, -30.169379827983654]]]}, "properties": {"cultura": "Soja"}}, {"type": "Feature", "geometry": {"type": "Polygon", "coordinates": [[[-51.58234159248388, -30.169110333398418], [-51.581802603313406, -30.169379827983654], [-51.58234159248388, -30.169379827983654], [-51.58234159248388, -30.169110333398418]]]}, "properties": {"cultura": "Soja"}}, {"type": "Feature", "geometry": {"type": "Polygon", "coordinates": [[[-51.579646646631524, -30.16964932256889], [-51.581802603313406, -30.169110333398418], [-51.58153310872817, -30.168571344227946], [-51.58261108706912, -30.16830184964271], [-51.58288058165435, -30.167223871301765], [-51.57829917370535, -30.16641538754606], [-51.579646646631524, -30.167493365887], [-51.57829917370535, -30.167762860472237], [-51.579646646631524, -30.16964932256889]]]}, "properties": {"cultura": "Soja"}}, {"type": "Feature", "geometry": {"type": "Polygon", "coordinates": [[[-51.57802967912011, -30.167762860472237], [-51.57829917370535, -30.167493365887], [-51.57802967912011, -30.167493365887], [-51.57802967912011, -30.167762860472237]]]}, "properties": {"cultura": "Soja"}}, {"type": "Feature", "geometry": {"type": "Polygon", "coordinates": [[[-51.57425675492681, -30.164528925449407], [-51.573717765756335, -30.168571344227946], [-51.57641271160869, -30.16830184964271], [-51.57668220619393, -30.167223871301765], [-51.57802967912011, -30.167223871301765], [-51.577760184534874, -30.165876398375588], [-51.57641271160869, -30.16641538754606], [-51.57614321702346, -30.16425943086417], [-51.575604227852985, -30.16506791461988], [-51.57425675492681, -30.164528925449407]], [[-51.57479574409728, -30.16506791461988], [-51.57425675492681, -30.165876398375588], [-51.57452624951204, -30.16506791461988], [-51.57479574409728, -30.16506791461988]], [[-51.57479574409728, -30.166145892960824], [-51.575604227852985, -30.166684882131296], [-51.57479574409728, -30.166684882131296], [-51.57479574409728, -30.166145892960824]]]}, "properties": {"cultura": "Soja"}}, {"type": "Feature", "geometry": {"type": "Polygon", "coordinates": [[[-51.581802603313406, -30.162911957937993], [-51.58045513038723, -30.163450947108466], [-51.581802603313406, -30.16318145252323], [-51.581802603313406, -30.162911957937993]]]}, "properties": {"cultura": "Soja"}}, {"type": "Feature", "geometry": {"type": "Polygon", "coordinates": [[[-51.57910765746105, -30.16318145252323], [-51.580185635801996, -30.1637204416937], [-51.580185635801996, -30.161294990426576], [-51.57910765746105, -30.161564485011812], [-51.579646646631524, -30.162642463352757], [-51.57910765746105, -30.16318145252323]]]}, "properties": {"cultura": "Soja"}}, {"type": "Feature", "geometry": {"type": "Polygon", "coordinates": [[[-51.58153310872817, -30.161294990426576], [-51.582072097898646, -30.16048650667087], [-51.5809941195577, -30.16048650667087], [-51.58153310872817, -30.161294990426576]]]}, "properties": {"cultura": "Soja"}}, {"type": "Feature", "geometry": {"type": "Polygon", "coordinates": [[[-51.5809941195577, -30.16048650667087], [-51.58072462497247, -30.159408528329926], [-51.58045513038723, -30.159408528329926], [-51.580185635801996, -30.1599475175004], [-51.5809941195577, -30.16048650667087]]]}, "properties": {"cultura": "Soja"}}, {"type": "Feature", "geometry": {"type": "Polygon", "coordinates": [[[-51.5659024227845, -30.15186267994332], [-51.56751939029591, -30.15267116369903], [-51.566980401125434, -30.15078470160238], [-51.56617191736973, -30.15078470160238], [-51.5659024227845, -30.15186267994332]]]}, "properties": {"cultura": "Soja"}}, {"type": "Feature", "geometry": {"type": "Polygon", "coordinates": [[[-51.56644141195497, -30.150245712431907], [-51.56563292819926, -30.149706723261435], [-51.565363433614024, -30.149167734090963], [-51.565363433614024, -30.15078470160238], [-51.56644141195497, -30.150245712431907]]]}, "properties": {"cultura": "Soja"}}, {"type": "Feature", "geometry": {"type": "Polygon", "coordinates": [[[-51.55997354190931, -30.14997621784667], [-51.559165058153596, -30.151054196187616], [-51.56051253107978, -30.150515207017143], [-51.56024303649454, -30.148898239505726], [-51.559165058153596, -30.1494372286762], [-51.55997354190931, -30.14997621784667]]]}, "properties": {"cultura": "Soja"}}, {"type": "Feature", "geometry": {"type": "Polygon", "coordinates": [[[-51.565363433614024, -30.148898239505726], [-51.56482444444355, -30.149167734090963], [-51.565363433614024, -30.149167734090963], [-51.565363433614024, -30.148898239505726]]]}, "properties": {"cultura": "Soja"}}, {"type": "Feature", "geometry": {"type": "Polygon", "coordinates": [[[-51.561051520250246, -30.147281271994313], [-51.56078202566501, -30.146472788238604], [-51.56078202566501, -30.147281271994313], [-51.561051520250246, -30.147281271994313]]]}, "properties": {"cultura": "Soja"}}, {"type": "Feature", "geometry": {"type": "Polygon", "coordinates": [[[-51.561051520250246, -30.14485582072719], [-51.561321014835485, -30.146472788238604], [-51.561321014835485, -30.14485582072719], [-51.561051520250246, -30.14485582072719]]]}, "properties": {"cultura": "Soja"}}, {"type": "Feature", "geometry": {"type": "Polygon", "coordinates": [[[-51.58153310872817, -30.12410473766403], [-51.582072097898646, -30.124374232249266], [-51.582072097898646, -30.123565748493558], [-51.5809941195577, -30.123026759323086], [-51.5809941195577, -30.123835243078794], [-51.579646646631524, -30.12410473766403], [-51.579916141216756, -30.12518271600497], [-51.582072097898646, -30.124913221419735], [-51.58153310872817, -30.12410473766403]], [[-51.58045513038723, -30.12410473766403], [-51.5809941195577, -30.124374232249266], [-51.58045513038723, -30.124374232249266], [-51.58045513038723, -30.12410473766403]], [[-51.58126361414294, -30.124913221419735], [-51.58045513038723, -30.124643726834503], [-51.58126361414294, -30.124643726834503], [-51.58126361414294, -30.124913221419735]]]}, "properties": {"cultura": "Soja"}}, {"type": "Feature", "geometry": {"type": "Polygon", "coordinates": [[[-51.56024303649454, -30.113863943425066], [-51.56266848776166, -30.114672427180775], [-51.56401596068784, -30.11440293259554], [-51.56159050942072, -30.11278596508412], [-51.55970404732407, -30.11278596508412], [-51.56024303649454, -30.113863943425066]]]}, "properties": {"cultura": "Soja"}}, {"type": "Feature", "geometry": {"type": "Polygon", "coordinates": [[[-51.56805837946638, -30.10443163294181], [-51.56805837946638, -30.10524011669752], [-51.56644141195497, -30.104701127527047], [-51.56644141195497, -30.106318095038464], [-51.56482444444355, -30.106857084208933], [-51.565093939028785, -30.10524011669752], [-51.56428545527308, -30.105509611282756], [-51.56455494985831, -30.103623149186106], [-51.56401596068784, -30.10335365460087], [-51.56401596068784, -30.104970622112283], [-51.5629379823469, -30.104970622112283], [-51.56401596068784, -30.1065875896237], [-51.56212949859119, -30.106857084208933], [-51.56186000400596, -30.10443163294181], [-51.56266848776166, -30.104162138356575], [-51.56374646610261, -30.100928203333744], [-51.561321014835485, -30.100658708748508], [-51.55781758522742, -30.104701127527047], [-51.55808707981265, -30.106048600453228], [-51.55970404732407, -30.106048600453228], [-51.55970404732407, -30.1065875896237], [-51.55835657439789, -30.1065875896237], [-51.55808707981265, -30.107935062549878], [-51.55647011230124, -30.107935062549878], [-51.55593112313077, -30.109552030061295], [-51.557548090642186, -30.110091019231763], [-51.559434552738836, -30.112246975913653], [-51.56186000400596, -30.111977481328417], [-51.56212949859119, -30.113055459669358], [-51.5629379823469, -30.112246975913653], [-51.5629379823469, -30.113055459669358], [-51.565363433614024, -30.11359444883983], [-51.56886686322209, -30.110091019231763], [-51.56832787405162, -30.107935062549878], [-51.56859736863685, -30.106857084208933], [-51.569675346977796, -30.106857084208933], [-51.56994484156303, -30.105509611282756], [-51.56805837946638, -30.10443163294181]], [[-51.56859736863685, -30.106857084208933], [-51.56832787405162, -30.1065875896237], [-51.56859736863685, -30.1065875896237], [-51.56859736863685, -30.106857084208933]], [[-51.56859736863685, -30.1065875896237], [-51.56886686322209, -30.105509611282756], [-51.569136357807324, -30.1065875896237], [-51.56859736863685, -30.1065875896237]], [[-51.56805837946638, -30.105509611282756], [-51.56751939029591, -30.1065875896237], [-51.566980401125434, -30.1065875896237], [-51.56805837946638, -30.105509611282756]], [[-51.566980401125434, -30.1065875896237], [-51.5667109065402, -30.106857084208933], [-51.5667109065402, -30.1065875896237], [-51.566980401125434, -30.1065875896237]], [[-51.56455494985831, -30.10928253547606], [-51.56212949859119, -30.10766556796464], [-51.56644141195497, -30.106857084208933], [-51.5659024227845, -30.108743546305586], [-51.56455494985831, -30.10928253547606]], [[-51.56051253107978, -30.10928253547606], [-51.56024303649454, -30.108743546305586], [-51.561051520250246, -30.108743546305586], [-51.56051253107978, -30.10928253547606]], [[-51.559434552738836, -30.10928253547606], [-51.55970404732407, -30.110091019231763], [-51.55889556356836, -30.110091019231763], [-51.559434552738836, -30.10928253547606]], [[-51.56212949859119, -30.111168997572708], [-51.5629379823469, -30.111438492157944], [-51.56212949859119, -30.11170798674318], [-51.56212949859119, -30.111168997572708]]]}, "properties": {"cultura": "Soja"}}, {"type": "Feature", "geometry": {"type": "Polygon", "coordinates": [[[-51.56455494985831, -30.10200618167469], [-51.56482444444355, -30.102814665430397], [-51.56482444444355, -30.10200618167469], [-51.56455494985831, -30.10200618167469]]]}, "properties": {"cultura": "Soja"}}, {"type": "Feature", "geometry": {"type": "Polygon", "coordinates": [[[-51.56401596068784, -30.10011971957804], [-51.565093939028785, -30.102275676259925], [-51.56617191736973, -30.10200618167469], [-51.56482444444355, -30.09931123582233], [-51.56401596068784, -30.10011971957804]]]}, "properties": {"cultura": "Soja"}}, {"type": "Feature", "geometry": {"type": "Polygon", "coordinates": [[[-51.55862606898312, -30.09931123582233], [-51.55970404732407, -30.101736687089453], [-51.56212949859119, -30.099580730407567], [-51.55862606898312, -30.09931123582233]]]}, "properties": {"cultura": "Soja"}}, {"type": "Feature", "geometry": {"type": "Polygon", "coordinates": [[[-51.565363433614024, -30.098502752066622], [-51.56617191736973, -30.099041741237095], [-51.56644141195497, -30.100928203333744], [-51.56805837946638, -30.101467192504217], [-51.56805837946638, -30.10335365460087], [-51.57075332531874, -30.103084160015634], [-51.57102281990397, -30.1065875896237], [-51.57237029283016, -30.106857084208933], [-51.57398726034157, -30.10577910586799], [-51.57398726034157, -30.104701127527047], [-51.57506523868251, -30.104701127527047], [-51.57506523868251, -30.100658708748508], [-51.57614321702346, -30.10011971957804], [-51.57614321702346, -30.09877224665186], [-51.57452624951204, -30.096616289969973], [-51.57587372243822, -30.094460333288087], [-51.57479574409728, -30.092573871191433], [-51.57317877658586, -30.092304376606197], [-51.57210079824492, -30.097694268310914], [-51.571561809074446, -30.097694268310914], [-51.57237029283016, -30.099041741237095], [-51.56994484156303, -30.098233257481386], [-51.56805837946638, -30.096346795384736], [-51.567249895710674, -30.096346795384736], [-51.566980401125434, -30.098233257481386], [-51.56617191736973, -30.098233257481386], [-51.565363433614024, -30.096616289969973], [-51.565363433614024, -30.098502752066622]], [[-51.57021433614827, -30.10200618167469], [-51.56994484156303, -30.10119769791898], [-51.57075332531874, -30.100658708748508], [-51.57102281990397, -30.101467192504217], [-51.57021433614827, -30.10200618167469]], [[-51.57210079824492, -30.10254517084516], [-51.57210079824492, -30.10119769791898], [-51.573717765756335, -30.10119769791898], [-51.573717765756335, -30.103084160015634], [-51.57210079824492, -30.10254517084516]]]}, "properties": {"cultura": "Soja"}}, {"type": "Feature", "geometry": {"type": "Polygon", "coordinates": [[[-51.56644141195497, -30.097155279140445], [-51.56617191736973, -30.09742477372568], [-51.56644141195497, -30.09742477372568], [-51.56644141195497, -30.097155279140445]]]}, "properties": {"cultura": "Soja"}}, {"type": "Feature", "geometry": {"type": "Polygon", "coordinates": [[[-51.565363433614024, -30.093382354947142], [-51.565093939028785, -30.093651849532378], [-51.565363433614024, -30.093651849532378], [-51.565363433614024, -30.093382354947142]]]}, "properties": {"cultura": "Soja"}}, {"type": "Feature", "geometry": {"type": "Polygon", "coordinates": [[[-51.56563292819926, -30.093382354947142], [-51.565363433614024, -30.093112860361906], [-51.565363433614024, -30.093382354947142], [-51.56563292819926, -30.093382354947142]]]}, "properties": {"cultura": "Soja"}}, {"type": "Feature", "geometry": {"type": "Polygon", "coordinates": [[[-51.565093939028785, -30.08960943075384], [-51.56266848776166, -30.093382354947142], [-51.56482444444355, -30.093651849532378], [-51.56617191736973, -30.09203488202096], [-51.567249895710674, -30.092573871191433], [-51.5667109065402, -30.09014841992431], [-51.565093939028785, -30.08960943075384]]]}, "properties": {"cultura": "Soja"}}, {"type": "Feature", "geometry": {"type": "Polygon", "coordinates": [[[-51.56186000400596, -30.0855670119753], [-51.56159050942072, -30.087992463242426], [-51.56617191736973, -30.08826195782766], [-51.56563292819926, -30.08960943075384], [-51.566980401125434, -30.08960943075384], [-51.56832787405162, -30.090687409094784], [-51.5704838307335, -30.08826195782766], [-51.56994484156303, -30.085836506560536], [-51.57102281990397, -30.0855670119753], [-51.57102281990397, -30.083950044463887], [-51.569675346977796, -30.083411055293414], [-51.56940585239256, -30.082063582367237], [-51.56805837946638, -30.081794087782], [-51.566980401125434, -30.086106001145772], [-51.5667109065402, -30.08502802280483], [-51.56455494985831, -30.085297517390067], [-51.565363433614024, -30.08691448490148], [-51.56482444444355, -30.087183979486717], [-51.56374646610261, -30.083950044463887], [-51.565093939028785, -30.083141560708178], [-51.56239899317643, -30.082872066122942], [-51.56078202566501, -30.084758528219595], [-51.56078202566501, -30.0855670119753], [-51.56186000400596, -30.0855670119753]], [[-51.56644141195497, -30.086106001145772], [-51.56644141195497, -30.087992463242426], [-51.5659024227845, -30.087992463242426], [-51.56644141195497, -30.086106001145772]], [[-51.561321014835485, -30.084219539049123], [-51.56159050942072, -30.08448903363436], [-51.561321014835485, -30.08448903363436], [-51.561321014835485, -30.084219539049123]]]}, "properties": {"cultura": "Soja"}}, {"type": "Feature", "geometry": {"type": "Polygon", "coordinates": [[[-51.56078202566501, -30.079907625685347], [-51.561321014835485, -30.082602571537706], [-51.56239899317643, -30.082602571537706], [-51.563207476932135, -30.079907625685347], [-51.56078202566501, -30.079907625685347]]]}, "properties": {"cultura": "Soja"}}, {"type": "Feature", "geometry": {"type": "Polygon", "coordinates": [[[-51.56859736863685, -30.07775166900346], [-51.565363433614024, -30.07936863651488], [-51.56563292819926, -30.080985604026292], [-51.56886686322209, -30.08044661485582], [-51.56859736863685, -30.07775166900346]]]}, "properties": {"cultura": "Soja"}}, {"type": "Feature", "geometry": {"type": "Polygon", "coordinates": [[[-51.559165058153596, -30.07721267983299], [-51.56024303649454, -30.07856015275917], [-51.56024303649454, -30.07775166900346], [-51.559165058153596, -30.07721267983299]]]}, "properties": {"cultura": "Soja"}}, {"type": "Feature", "geometry": {"type": "Polygon", "coordinates": [[[-51.5659024227845, -30.074787228565867], [-51.56563292819926, -30.075056723151103], [-51.5659024227845, -30.075056723151103], [-51.5659024227845, -30.074787228565867]]]}, "properties": {"cultura": "Soja"}}, {"type": "Feature", "geometry": {"type": "Polygon", "coordinates": [[[-51.56401596068784, -30.075595712321576], [-51.56374646610261, -30.074248239395395], [-51.563207476932135, -30.074248239395395], [-51.5629379823469, -30.075056723151103], [-51.56401596068784, -30.075595712321576]]]}, "properties": {"cultura": "Soja"}}, {"type": "Feature", "geometry": {"type": "Polygon", "coordinates": [[[-51.57075332531874, -30.07451773398063], [-51.57021433614827, -30.073709250224923], [-51.57021433614827, -30.07451773398063], [-51.57075332531874, -30.07451773398063]]]}, "properties": {"cultura": "Soja"}}, {"type": "Feature", "geometry": {"type": "Polygon", "coordinates": [[[-51.5629379823469, -30.068319358520206], [-51.56428545527308, -30.069936326031623], [-51.565363433614024, -30.06939733686115], [-51.5659024227845, -30.070475315202092], [-51.565093939028785, -30.07209228271351], [-51.56374646610261, -30.071822788128273], [-51.56401596068784, -30.074787228565867], [-51.565093939028785, -30.07451773398063], [-51.56428545527308, -30.075865206906812], [-51.565363433614024, -30.075865206906812], [-51.565363433614024, -30.07451773398063], [-51.56644141195497, -30.073709250224923], [-51.56886686322209, -30.07343975563969], [-51.56832787405162, -30.07020582061686], [-51.571561809074446, -30.068319358520206], [-51.563476971517375, -30.06697188559403], [-51.5629379823469, -30.068319358520206]]]}, "properties": {"cultura": "Soja"}}, {"type": "Feature", "geometry": {"type": "Polygon", "coordinates": [[[-51.56751939029591, -30.065624412667848], [-51.56644141195497, -30.064546434326903], [-51.566980401125434, -30.066702391008793], [-51.56751939029591, -30.065624412667848]]]}, "properties": {"cultura": "Soja"}}, {"type": "Feature", "geometry": {"type": "Polygon", "coordinates": [[[-51.5667109065402, -30.063198961400726], [-51.5659024227845, -30.063198961400726], [-51.56563292819926, -30.0637379505712], [-51.56644141195497, -30.0637379505712], [-51.5667109065402, -30.063198961400726]]]}, "properties": {"cultura": "Soja"}}, {"type": "Feature", "geometry": {"type": "Polygon", "coordinates": [[[-51.57479574409728, -30.06023452096313], [-51.5772211953644, -30.061851488474545], [-51.5772211953644, -30.063198961400726], [-51.575604227852985, -30.063198961400726], [-51.575604227852985, -30.06104300471884], [-51.57452624951204, -30.060773510133604], [-51.57452624951204, -30.06292946681549], [-51.57533473326775, -30.063468455985962], [-51.57398726034157, -30.065085423497376], [-51.57425675492681, -30.066432896423557], [-51.57668220619393, -30.065893907253084], [-51.57829917370535, -30.063468455985962], [-51.57641271160869, -30.05969553179266], [-51.57479574409728, -30.06023452096313]]]}, "properties": {"cultura": "Soja"}}, {"type": "Feature", "geometry": {"type": "Polygon", "coordinates": [[[-51.569675346977796, -30.063198961400726], [-51.56859736863685, -30.06292946681549], [-51.56859736863685, -30.063198961400726], [-51.569675346977796, -30.063198961400726]]]}, "properties": {"cultura": "Soja"}}, {"type": "Feature", "geometry": {"type": "Polygon", "coordinates": [[[-51.5667109065402, -30.062390477645017], [-51.567249895710674, -30.06158199388931], [-51.56644141195497, -30.061851488474545], [-51.56617191736973, -30.060504015548368], [-51.56563292819926, -30.06292946681549], [-51.567249895710674, -30.06292946681549], [-51.5667109065402, -30.062390477645017]]]}, "properties": {"cultura": "Soja"}}, {"type": "Feature", "geometry": {"type": "Polygon", "coordinates": [[[-51.56455494985831, -30.059156542622187], [-51.56374646610261, -30.058078564281246], [-51.56186000400596, -30.05780906969601], [-51.56186000400596, -30.058348058866482], [-51.56455494985831, -30.059156542622187]]]}, "properties": {"cultura": "Soja"}}, {"type": "Feature", "geometry": {"type": "Polygon", "coordinates": [[[-51.57695170077916, -30.051610694235585], [-51.58153310872817, -30.05646159676983], [-51.583958559995295, -30.05457513467318], [-51.588000978773835, -30.05565311301412], [-51.58853996794431, -30.05511412384365], [-51.58853996794431, -30.054036145502707], [-51.58665350584766, -30.054305640087943], [-51.58692300043289, -30.054844629258415], [-51.58449754916577, -30.054036145502707], [-51.58368906541006, -30.053497156332234], [-51.584228054580535, -30.053227661746998], [-51.58368906541006, -30.052149683406057], [-51.57910765746105, -30.051610694235585], [-51.57829917370535, -30.048915748383227], [-51.57641271160869, -30.049185242968463], [-51.57695170077916, -30.051610694235585]], [[-51.579646646631524, -30.053227661746998], [-51.579916141216756, -30.05241917799129], [-51.58045513038723, -30.05241917799129], [-51.58045513038723, -30.053227661746998], [-51.579646646631524, -30.053227661746998]]]}, "properties": {"cultura": "Soja"}}, {"type": "Feature", "geometry": {"type": "Polygon", "coordinates": [[[-51.5667109065402, -30.05457513467318], [-51.5629379823469, -30.05188018882082], [-51.56374646610261, -30.051610694235585], [-51.56455494985831, -30.04864625379799], [-51.5667109065402, -30.049185242968463], [-51.566980401125434, -30.0464902971161], [-51.56886686322209, -30.044873329604687], [-51.56859736863685, -30.042447878337565], [-51.566980401125434, -30.042447878337565], [-51.566980401125434, -30.043256362093274], [-51.56482444444355, -30.043795351263743], [-51.563476971517375, -30.043256362093274], [-51.56239899317643, -30.045142824189924], [-51.56078202566501, -30.045142824189924], [-51.557278596056946, -30.047029286286573], [-51.556739606886474, -30.050263221309404], [-51.55512263937506, -30.051071705065112], [-51.55458365020459, -30.0570005859403], [-51.56024303649454, -30.057539575110773], [-51.56078202566501, -30.057270080525537], [-51.56078202566501, -30.055922607599356], [-51.55997354190931, -30.05565311301412], [-51.56051253107978, -30.054036145502707], [-51.561051520250246, -30.05565311301412], [-51.5629379823469, -30.054305640087943], [-51.56455494985831, -30.054305640087943], [-51.565093939028785, -30.054844629258415], [-51.56374646610261, -30.055383618428884], [-51.56374646610261, -30.056192102184593], [-51.565363433614024, -30.05780906969601], [-51.565363433614024, -30.059156542622187], [-51.56455494985831, -30.059426037207423], [-51.5659024227845, -30.05969553179266], [-51.5667109065402, -30.05457513467318]], [[-51.55997354190931, -30.056192102184593], [-51.559165058153596, -30.056731091355065], [-51.55862606898312, -30.056731091355065], [-51.559434552738836, -30.05565311301412], [-51.55997354190931, -30.056192102184593]], [[-51.56078202566501, -30.054036145502707], [-51.561051520250246, -30.05376665091747], [-51.561051520250246, -30.054036145502707], [-51.56078202566501, -30.054036145502707]], [[-51.561051520250246, -30.05376665091747], [-51.56159050942072, -30.053227661746998], [-51.56159050942072, -30.05376665091747], [-51.561051520250246, -30.05376665091747]], [[-51.56159050942072, -30.053227661746998], [-51.56186000400596, -30.052958167161762], [-51.56186000400596, -30.053227661746998], [-51.56159050942072, -30.053227661746998]], [[-51.565093939028785, -30.053497156332234], [-51.56482444444355, -30.054036145502707], [-51.56482444444355, -30.053497156332234], [-51.565093939028785, -30.053497156332234]], [[-51.56428545527308, -30.046759791701337], [-51.56428545527308, -30.04622080253087], [-51.56482444444355, -30.045681813360396], [-51.56428545527308, -30.046759791701337]]]}, "properties": {"cultura": "Soja"}}, {"type": "Feature", "geometry": {"type": "Polygon", "coordinates": [[[-51.58126361414294, -30.035710513706668], [-51.58153310872817, -30.034363040780487], [-51.579916141216756, -30.034632535365724], [-51.58126361414294, -30.03948343789997], [-51.58261108706912, -30.040561416240912], [-51.58557552750671, -30.040561416240912], [-51.58557552750671, -30.039752932485207], [-51.58368906541006, -30.03948343789997], [-51.58234159248388, -30.03732748121808], [-51.584228054580535, -30.035710513706668], [-51.58449754916577, -30.033285062439546], [-51.58315007623959, -30.033285062439546], [-51.58288058165435, -30.035171524536196], [-51.58126361414294, -30.035710513706668]]]}, "properties": {"cultura": "Soja"}}, {"type": "Feature", "geometry": {"type": "Polygon", "coordinates": [[[-51.58234159248388, -30.034363040780487], [-51.581802603313406, -30.033554557024782], [-51.58153310872817, -30.034093546195255], [-51.58234159248388, -30.034363040780487]]]}, "properties": {"cultura": "Soja"}}, {"type": "Feature", "geometry": {"type": "Polygon", "coordinates": [[[-51.579377152046284, -30.03301556785431], [-51.579916141216756, -30.031937589513365], [-51.57802967912011, -30.031398600342893], [-51.57802967912011, -30.031937589513365], [-51.57883816287581, -30.031937589513365], [-51.579377152046284, -30.03301556785431]]]}, "properties": {"cultura": "Soja"}}, {"type": "Feature", "geometry": {"type": "Polygon", "coordinates": [[[-51.58045513038723, -30.03112910575766], [-51.579916141216756, -30.031398600342893], [-51.58045513038723, -30.031398600342893], [-51.58045513038723, -30.03112910575766]]]}, "properties": {"cultura": "Soja"}}, {"type": "Feature", "geometry": {"type": "Polygon", "coordinates": [[[-51.579916141216756, -30.030320622001952], [-51.58045513038723, -30.030051127416716], [-51.579646646631524, -30.030051127416716], [-51.579646646631524, -30.03112910575766], [-51.58072462497247, -30.030859611172424], [-51.579916141216756, -30.030320622001952]]]}, "properties": {"cultura": "Soja"}}, {"type": "Feature", "geometry": {"type": "Polygon", "coordinates": [[[-51.579377152046284, -30.030590116587188], [-51.57883816287581, -30.030320622001952], [-51.57883816287581, -30.030590116587188], [-51.579377152046284, -30.030590116587188]]]}, "properties": {"cultura": "Soja"}}, {"type": "Feature", "geometry": {"type": "Polygon", "coordinates": [[[-51.5809941195577, -30.02978163283148], [-51.58072462497247, -30.030590116587188], [-51.58126361414294, -30.030859611172424], [-51.58126361414294, -30.030320622001952], [-51.5809941195577, -30.02978163283148]]]}, "properties": {"cultura": "Soja"}}, {"type": "Feature", "geometry": {"type": "Polygon", "coordinates": [[[-51.58153310872817, -30.02978163283148], [-51.58126361414294, -30.030051127416716], [-51.58153310872817, -30.030051127416716], [-51.58153310872817, -30.02978163283148]]]}, "properties": {"cultura": "Soja"}}, {"type": "Feature", "geometry": {"type": "Polygon", "coordinates": [[[-51.579646646631524, -30.029512138246243], [-51.579377152046284, -30.030051127416716], [-51.579646646631524, -30.030051127416716], [-51.579646646631524, -30.029512138246243]]]}, "properties": {"cultura": "Soja"}}, {"type": "Feature", "geometry": {"type": "Polygon", "coordinates": [[[-51.58126361414294, -30.02978163283148], [-51.5809941195577, -30.029242643661007], [-51.5809941195577, -30.02978163283148], [-51.58126361414294, -30.02978163283148]]]}, "properties": {"cultura": "Soja"}}, {"type": "Feature", "geometry": {"type": "Polygon", "coordinates": [[[-51.579916141216756, -30.028703654490535], [-51.58045513038723, -30.02897314907577], [-51.579916141216756, -30.02978163283148], [-51.58072462497247, -30.02978163283148], [-51.58072462497247, -30.028703654490535], [-51.579916141216756, -30.028703654490535]]]}, "properties": {"cultura": "Soja"}}, {"type": "Feature", "geometry": {"type": "Polygon", "coordinates": [[[-51.577490689949634, -30.027356181564357], [-51.57856866829058, -30.029242643661007], [-51.579377152046284, -30.02789517073483], [-51.577490689949634, -30.027356181564357]]]}, "properties": {"cultura": "Soja"}}, {"type": "Feature", "geometry": {"type": "Polygon", "coordinates": [[[-51.5553921339603, -30.15590509872186], [-51.55808707981265, -30.15401863662521], [-51.557009101471714, -30.153749142039974], [-51.556739606886474, -30.15267116369903], [-51.55512263937506, -30.153479647454738], [-51.5553921339603, -30.15590509872186]]]}, "properties": {"cultura": "Soja"}}, {"type": "Feature", "geometry": {"type": "Polygon", "coordinates": [[[-51.557278596056946, -30.15186267994332], [-51.55889556356836, -30.15186267994332], [-51.55889556356836, -30.14997621784667], [-51.556739606886474, -30.150515207017143], [-51.557278596056946, -30.15186267994332]]]}, "properties": {"cultura": "Soja"}}, {"type": "Feature", "geometry": {"type": "Polygon", "coordinates": [[[-51.55647011230124, -30.148359250335258], [-51.56024303649454, -30.148359250335258], [-51.56024303649454, -30.147281271994313], [-51.556739606886474, -30.146472788238604], [-51.55647011230124, -30.148359250335258]]]}, "properties": {"cultura": "Soja"}}, {"type": "Feature", "geometry": {"type": "Polygon", "coordinates": [[[-51.52979014836289, -30.145394809897663], [-51.530329137533364, -30.144586326141955], [-51.52952065377765, -30.14485582072719], [-51.52979014836289, -30.145394809897663]]]}, "properties": {"cultura": "Soja"}}, {"type": "Feature", "geometry": {"type": "Polygon", "coordinates": [[[-51.52709520251053, -30.145394809897663], [-51.52844267543671, -30.14431683155672], [-51.5268257079253, -30.144586326141955], [-51.52709520251053, -30.145394809897663]]]}, "properties": {"cultura": "Soja"}}, {"type": "Feature", "geometry": {"type": "Polygon", "coordinates": [[[-51.52466975124341, -30.138926939852002], [-51.5238612674877, -30.138926939852002], [-51.52359177290246, -30.139465929022474], [-51.524400256658176, -30.139465929022474], [-51.52466975124341, -30.138926939852002]]]}, "properties": {"cultura": "Soja"}}, {"type": "Feature", "geometry": {"type": "Polygon", "coordinates": [[[-51.52520874041388, -30.139465929022474], [-51.52547823499911, -30.138657445266766], [-51.52493924582864, -30.138657445266766], [-51.52520874041388, -30.139465929022474]]]}, "properties": {"cultura": "Soja"}}, {"type": "Feature", "geometry": {"type": "Polygon", "coordinates": [[[-51.55215819893746, -30.137848961511057], [-51.552697188107935, -30.13973542360771], [-51.55215819893746, -30.14081340194865], [-51.55350567186365, -30.14243036946007], [-51.55512263937506, -30.142699864045305], [-51.5553921339603, -30.140543907363416], [-51.55647011230124, -30.140543907363416], [-51.55566162854553, -30.140004918192943], [-51.556739606886474, -30.13919643443724], [-51.55377516644888, -30.138118456096294], [-51.552966682693175, -30.13704047775535], [-51.551080220596525, -30.13704047775535], [-51.54919375849987, -30.134884521073463], [-51.54784628557369, -30.134615026488227], [-51.5456903288918, -30.139465929022474], [-51.546768307232746, -30.13973542360771], [-51.54757679098846, -30.138926939852002], [-51.54811578015893, -30.140543907363416], [-51.55161920976699, -30.14162188570436], [-51.55054123142605, -30.137848961511057], [-51.548924263914635, -30.136770983170116], [-51.55215819893746, -30.137848961511057]], [[-51.548924263914635, -30.13704047775535], [-51.548654769329396, -30.137309972340585], [-51.548654769329396, -30.13704047775535], [-51.548924263914635, -30.13704047775535]]]}, "properties": {"cultura": "Soja"}}, {"type": "Feature", "geometry": {"type": "Polygon", "coordinates": [[[-51.552966682693175, -30.13380654273252], [-51.552697188107935, -30.134076037317755], [-51.552966682693175, -30.134076037317755], [-51.552966682693175, -30.13380654273252]]]}, "properties": {"cultura": "Soja"}}, {"type": "Feature", "geometry": {"type": "Polygon", "coordinates": [[[-51.551080220596525, -30.13434553190299], [-51.552697188107935, -30.133537048147286], [-51.55377516644888, -30.134076037317755], [-51.55512263937506, -30.133537048147286], [-51.550810726011285, -30.132998058976813], [-51.551080220596525, -30.13434553190299]]]}, "properties": {"cultura": "Soja"}}, {"type": "Feature", "geometry": {"type": "Polygon", "coordinates": [[[-51.55054123142605, -30.13326755356205], [-51.54973274767034, -30.13245906980634], [-51.54919375849987, -30.132728564391577], [-51.55054123142605, -30.13326755356205]]]}, "properties": {"cultura": "Soja"}}, {"type": "Feature", "geometry": {"type": "Polygon", "coordinates": [[[-51.551080220596525, -30.121140297226436], [-51.55054123142605, -30.121409791811672], [-51.551080220596525, -30.121409791811672], [-51.551080220596525, -30.121140297226436]]]}, "properties": {"cultura": "Soja"}}, {"type": "Feature", "geometry": {"type": "Polygon", "coordinates": [[[-51.551080220596525, -30.120331813470727], [-51.55134971518176, -30.120601308055964], [-51.55134971518176, -30.120331813470727], [-51.551080220596525, -30.120331813470727]]]}, "properties": {"cultura": "Soja"}}, {"type": "Feature", "geometry": {"type": "Polygon", "coordinates": [[[-51.55161920976699, -30.114133438010303], [-51.55027173684081, -30.114133438010303], [-51.55054123142605, -30.116019900106952], [-51.54946325308511, -30.117097878447897], [-51.54946325308511, -30.116019900106952], [-51.548654769329396, -30.116019900106952], [-51.548924263914635, -30.11359444883983], [-51.54757679098846, -30.113324954254594], [-51.54811578015893, -30.117906362203605], [-51.54919375849987, -30.11871484595931], [-51.55000224225558, -30.121140297226436], [-51.55054123142605, -30.121140297226436], [-51.55054123142605, -30.120331813470727], [-51.551080220596525, -30.120331813470727], [-51.55161920976699, -30.12006231888549], [-51.55188870435223, -30.11952332971502], [-51.55134971518176, -30.11763686761837], [-51.55054123142605, -30.11763686761837], [-51.55054123142605, -30.11682838386266], [-51.55161920976699, -30.116558889277425], [-51.55161920976699, -30.114133438010303]], [[-51.55054123142605, -30.11763686761837], [-51.54973274767034, -30.117906362203605], [-51.54973274767034, -30.11763686761837], [-51.55054123142605, -30.11763686761837]]]}, "properties": {"cultura": "Soja"}}, {"type": "Feature", "geometry": {"type": "Polygon", "coordinates": [[[-51.54272588845421, -30.115480910936483], [-51.54164791011327, -30.114672427180775], [-51.54137841552803, -30.115750405521716], [-51.54272588845421, -30.115480910936483]]]}, "properties": {"cultura": "Soja"}}, {"type": "Feature", "geometry": {"type": "Polygon", "coordinates": [[[-51.53248509421525, -30.108204557135114], [-51.531946105044774, -30.108743546305586], [-51.53248509421525, -30.108743546305586], [-51.53248509421525, -30.108204557135114]]]}, "properties": {"cultura": "Soja"}}, {"type": "Feature", "geometry": {"type": "Polygon", "coordinates": [[[-51.5456903288918, -30.107396073379405], [-51.545151339721336, -30.105509611282756], [-51.54407336138039, -30.105509611282756], [-51.54353437220992, -30.1065875896237], [-51.5411089209428, -30.10577910586799], [-51.53949195343138, -30.109552030061295], [-51.540569931772325, -30.10847405172035], [-51.540569931772325, -30.109552030061295], [-51.544881845136096, -30.109821524646527], [-51.54595982347704, -30.107935062549878], [-51.544612350550864, -30.10766556796464], [-51.54407336138039, -30.1065875896237], [-51.5456903288918, -30.107396073379405]], [[-51.54407336138039, -30.106857084208933], [-51.54380386679515, -30.107396073379405], [-51.54380386679515, -30.106857084208933], [-51.54407336138039, -30.106857084208933]]]}, "properties": {"cultura": "Soja"}}, {"type": "Feature", "geometry": {"type": "Polygon", "coordinates": [[[-51.53706650216426, -30.10712657879417], [-51.53679700757902, -30.10928253547606], [-51.53787498591996, -30.10928253547606], [-51.53949195343138, -30.108204557135114], [-51.54083942635756, -30.10577910586799], [-51.538413975090435, -30.10577910586799], [-51.53706650216426, -30.10712657879417]]]}, "properties": {"cultura": "Soja"}}, {"type": "Feature", "geometry": {"type": "Polygon", "coordinates": [[[-51.557548090642186, -30.10712657879417], [-51.55781758522742, -30.106048600453228], [-51.557009101471714, -30.10577910586799], [-51.55647011230124, -30.106857084208933], [-51.557548090642186, -30.10712657879417]]]}, "properties": {"cultura": "Soja"}}, {"type": "Feature", "geometry": {"type": "Polygon", "coordinates": [[[-51.53922245884615, -30.10389264377134], [-51.540569931772325, -30.103084160015634], [-51.54218689928374, -30.102814665430397], [-51.5419174046985, -30.102814665430397], [-51.5419174046985, -30.10254517084516], [-51.53949195343138, -30.10254517084516], [-51.53922245884615, -30.10389264377134]]]}, "properties": {"cultura": "Soja"}}, {"type": "Feature", "geometry": {"type": "Polygon", "coordinates": [[[-51.53491054548237, -30.102814665430397], [-51.534641050897136, -30.10254517084516], [-51.534641050897136, -30.102814665430397], [-51.53491054548237, -30.102814665430397]]]}, "properties": {"cultura": "Soja"}}, {"type": "Feature", "geometry": {"type": "Polygon", "coordinates": [[[-51.542456393868974, -30.10254517084516], [-51.54218689928374, -30.102814665430397], [-51.542456393868974, -30.102814665430397], [-51.542456393868974, -30.10254517084516]]]}, "properties": {"cultura": "Soja"}}, {"type": "Feature", "geometry": {"type": "Polygon", "coordinates": [[[-51.542456393868974, -30.10254517084516], [-51.54380386679515, -30.102275676259925], [-51.542456393868974, -30.102275676259925], [-51.542456393868974, -30.10254517084516]]]}, "properties": {"cultura": "Soja"}}, {"type": "Feature", "geometry": {"type": "Polygon", "coordinates": [[[-51.556739606886474, -30.10119769791898], [-51.55647011230124, -30.101467192504217], [-51.556739606886474, -30.101467192504217], [-51.556739606886474, -30.10119769791898]]]}, "properties": {"cultura": "Soja"}}, {"type": "Feature", "geometry": {"type": "Polygon", "coordinates": [[[-51.5553921339603, -30.101467192504217], [-51.55647011230124, -30.10119769791898], [-51.55647011230124, -30.100389214163275], [-51.55512263937506, -30.100658708748508], [-51.5553921339603, -30.101467192504217]]]}, "properties": {"cultura": "Soja"}}, {"type": "Feature", "geometry": {"type": "Polygon", "coordinates": [[[-51.53679700757902, -30.099580730407567], [-51.53491054548237, -30.099850224992803], [-51.53491054548237, -30.10254517084516], [-51.53571902923808, -30.10254517084516], [-51.53787498591996, -30.099850224992803], [-51.53976144801661, -30.10011971957804], [-51.538413975090435, -30.099041741237095], [-51.53895296426091, -30.09796376289615], [-51.53733599674949, -30.09796376289615], [-51.53679700757902, -30.099580730407567]]]}, "properties": {"cultura": "Soja"}}, {"type": "Feature", "geometry": {"type": "Polygon", "coordinates": [[[-51.55512263937506, -30.099850224992803], [-51.55593112313077, -30.099850224992803], [-51.55647011230124, -30.10011971957804], [-51.55647011230124, -30.099580730407567], [-51.55512263937506, -30.099850224992803]]]}, "properties": {"cultura": "Soja"}}, {"type": "Feature", "geometry": {"type": "Polygon", "coordinates": [[[-51.53302408338572, -30.099850224992803], [-51.532754588800486, -30.099580730407567], [-51.532754588800486, -30.099850224992803], [-51.53302408338572, -30.099850224992803]]]}, "properties": {"cultura": "Soja"}}, {"type": "Feature", "geometry": {"type": "Polygon", "coordinates": [[[-51.545151339721336, -30.100658708748508], [-51.546229318062274, -30.099850224992803], [-51.54542083430657, -30.099580730407567], [-51.54595982347704, -30.098233257481386], [-51.545151339721336, -30.098233257481386], [-51.544612350550864, -30.09877224665186], [-51.545151339721336, -30.100658708748508]], [[-51.545151339721336, -30.098502752066622], [-51.54542083430657, -30.09877224665186], [-51.545151339721336, -30.09877224665186], [-51.545151339721336, -30.098502752066622]]]}, "properties": {"cultura": "Soja"}}, {"type": "Feature", "geometry": {"type": "Polygon", "coordinates": [[[-51.54218689928374, -30.094999322458555], [-51.540300437187085, -30.09419083870285], [-51.5381444805052, -30.094460333288087], [-51.538413975090435, -30.094999322458555], [-51.53949195343138, -30.094460333288087], [-51.53949195343138, -30.0960773007995], [-51.5411089209428, -30.095538311629028], [-51.54272588845421, -30.097155279140445], [-51.544612350550864, -30.093921344117614], [-51.54218689928374, -30.094999322458555]]]}, "properties": {"cultura": "Soja"}}, {"type": "Feature", "geometry": {"type": "Polygon", "coordinates": [[[-51.54299538303945, -30.093921344117614], [-51.54218689928374, -30.09419083870285], [-51.54299538303945, -30.09419083870285], [-51.54299538303945, -30.093921344117614]]]}, "properties": {"cultura": "Soja"}}, {"type": "Feature", "geometry": {"type": "Polygon", "coordinates": [[[-51.5411089209428, -30.081524593196765], [-51.53760549133473, -30.07936863651488], [-51.538683469675675, -30.077482174418225], [-51.53248509421525, -30.07856015275917], [-51.531946105044774, -30.083950044463887], [-51.53248509421525, -30.083141560708178], [-51.534371556311896, -30.083141560708178], [-51.53544953465284, -30.08125509861153], [-51.53544953465284, -30.082602571537706], [-51.53679700757902, -30.08368054987865], [-51.53544953465284, -30.083411055293414], [-51.534641050897136, -30.08448903363436], [-51.53329357797096, -30.08448903363436], [-51.532754588800486, -30.085836506560536], [-51.5314071158743, -30.0855670119753], [-51.532215599630014, -30.08691448490148], [-51.53113762128907, -30.08772296865719], [-51.530329137533364, -30.09284336577667], [-51.530329137533364, -30.09526881704379], [-51.53113762128907, -30.0960773007995], [-51.530059642948125, -30.09688578455521], [-51.52925115919242, -30.10254517084516], [-51.532215599630014, -30.100658708748508], [-51.532754588800486, -30.099041741237095], [-51.53329357797096, -30.099580730407567], [-51.533832567141424, -30.098233257481386], [-51.53625801840855, -30.09688578455521], [-51.536527512993786, -30.09419083870285], [-51.54218689928374, -30.093921344117614], [-51.542456393868974, -30.092573871191433], [-51.54353437220992, -30.092573871191433], [-51.54407336138039, -30.090417914509548], [-51.54299538303945, -30.08880094699813], [-51.540300437187085, -30.08960943075384], [-51.53949195343138, -30.091226398265256], [-51.538683469675675, -30.090417914509548], [-51.53760549133473, -30.090687409094784], [-51.53706650216426, -30.092573871191433], [-51.534641050897136, -30.09203488202096], [-51.53518004006761, -30.087992463242426], [-51.53571902923808, -30.089878925339075], [-51.5381444805052, -30.088531452412894], [-51.53733599674949, -30.08826195782766], [-51.5381444805052, -30.08691448490148], [-51.53544953465284, -30.087453474071953], [-51.53571902923808, -30.0855670119753], [-51.53679700757902, -30.085297517390067], [-51.5411089209428, -30.081524593196765]], [[-51.53356307255619, -30.07856015275917], [-51.533832567141424, -30.078829647344406], [-51.53356307255619, -30.078829647344406], [-51.53356307255619, -30.07856015275917]], [[-51.533832567141424, -30.098233257481386], [-51.53329357797096, -30.09796376289615], [-51.533832567141424, -30.09796376289615], [-51.533832567141424, -30.098233257481386]], [[-51.53760549133473, -30.092573871191433], [-51.5381444805052, -30.091765387435725], [-51.53922245884615, -30.091495892850492], [-51.538683469675675, -30.093112860361906], [-51.53760549133473, -30.092573871191433]], [[-51.53733599674949, -30.083950044463887], [-51.53706650216426, -30.084219539049123], [-51.53679700757902, -30.083950044463887], [-51.53733599674949, -30.083950044463887]], [[-51.54003094260185, -30.082063582367237], [-51.53976144801661, -30.081794087782], [-51.54003094260185, -30.081794087782], [-51.54003094260185, -30.082063582367237]], [[-51.53679700757902, -30.080985604026292], [-51.536527512993786, -30.080177120270584], [-51.53679700757902, -30.080177120270584], [-51.53679700757902, -30.080985604026292]], [[-51.536527512993786, -30.080985604026292], [-51.53598852382331, -30.08125509861153], [-51.53598852382331, -30.080985604026292], [-51.536527512993786, -30.080985604026292]], [[-51.53491054548237, -30.096616289969973], [-51.53518004006761, -30.095807806214264], [-51.53544953465284, -30.095807806214264], [-51.53544953465284, -30.096616289969973], [-51.53491054548237, -30.096616289969973]]]}, "properties": {"cultura": "Soja"}}, {"type": "Feature", "geometry": {"type": "Polygon", "coordinates": [[[-51.53733599674949, -30.089339936168603], [-51.53706650216426, -30.08960943075384], [-51.53733599674949, -30.08960943075384], [-51.53733599674949, -30.089339936168603]]]}, "properties": {"cultura": "Soja"}}, {"type": "Feature", "geometry": {"type": "Polygon", "coordinates": [[[-51.538413975090435, -30.089070441583367], [-51.53787498591996, -30.08880094699813], [-51.53787498591996, -30.089339936168603], [-51.538413975090435, -30.089070441583367]]]}, "properties": {"cultura": "Soja"}}, {"type": "Feature", "geometry": {"type": "Polygon", "coordinates": [[[-51.53976144801661, -30.088531452412894], [-51.54083942635756, -30.088531452412894], [-51.540569931772325, -30.087183979486717], [-51.53895296426091, -30.08691448490148], [-51.53976144801661, -30.088531452412894]]]}, "properties": {"cultura": "Soja"}}, {"type": "Feature", "geometry": {"type": "Polygon", "coordinates": [[[-51.54380386679515, -30.087453474071953], [-51.544342855965624, -30.087992463242426], [-51.544342855965624, -30.087453474071953], [-51.54380386679515, -30.087453474071953]]]}, "properties": {"cultura": "Soja"}}, {"type": "Feature", "geometry": {"type": "Polygon", "coordinates": [[[-51.54380386679515, -30.087453474071953], [-51.54353437220992, -30.087183979486717], [-51.54353437220992, -30.087453474071953], [-51.54380386679515, -30.087453474071953]]]}, "properties": {"cultura": "Soja"}}, {"type": "Feature", "geometry": {"type": "Polygon", "coordinates": [[[-51.544881845136096, -30.08772296865719], [-51.54542083430657, -30.08691448490148], [-51.544342855965624, -30.087183979486717], [-51.544881845136096, -30.08772296865719]]]}, "properties": {"cultura": "Soja"}}, {"type": "Feature", "geometry": {"type": "Polygon", "coordinates": [[[-51.54164791011327, -30.08691448490148], [-51.54299538303945, -30.087992463242426], [-51.54299538303945, -30.087183979486717], [-51.544342855965624, -30.086106001145772], [-51.544342855965624, -30.084758528219595], [-51.54380386679515, -30.084758528219595], [-51.544342855965624, -30.083950044463887], [-51.54380386679515, -30.083950044463887], [-51.54326487762468, -30.083141560708178], [-51.54380386679515, -30.081794087782], [-51.54299538303945, -30.081794087782], [-51.54272588845421, -30.084219539049123], [-51.54137841552803, -30.083950044463887], [-51.54218689928374, -30.085836506560536], [-51.54164791011327, -30.08691448490148]], [[-51.5419174046985, -30.08502802280483], [-51.542456393868974, -30.084758528219595], [-51.542456393868974, -30.08502802280483], [-51.5419174046985, -30.08502802280483]]]}, "properties": {"cultura": "Soja"}}, {"type": "Feature", "geometry": {"type": "Polygon", "coordinates": [[[-51.53976144801661, -30.083141560708178], [-51.53787498591996, -30.084758528219595], [-51.540300437187085, -30.084758528219595], [-51.53976144801661, -30.083141560708178]]]}, "properties": {"cultura": "Soja"}}, {"type": "Feature", "geometry": {"type": "Polygon", "coordinates": [[[-51.55512263937506, -30.07721267983299], [-51.548924263914635, -30.07721267983299], [-51.55054123142605, -30.078021163588698], [-51.54946325308511, -30.078829647344406], [-51.55134971518176, -30.07856015275917], [-51.551080220596525, -30.077482174418225], [-51.55350567186365, -30.078021163588698], [-51.55323617727841, -30.079907625685347], [-51.5524276935227, -30.079907625685347], [-51.55188870435223, -30.078290658173934], [-51.55188870435223, -30.08044661485582], [-51.55377516644888, -30.08044661485582], [-51.55458365020459, -30.081524593196765], [-51.552966682693175, -30.082063582367237], [-51.552697188107935, -30.084219539049123], [-51.55134971518176, -30.08502802280483], [-51.55134971518176, -30.089070441583367], [-51.557009101471714, -30.090687409094784], [-51.55862606898312, -30.08880094699813], [-51.55889556356836, -30.085297517390067], [-51.56078202566501, -30.08368054987865], [-51.56078202566501, -30.082602571537706], [-51.559165058153596, -30.081794087782], [-51.559165058153596, -30.07963813110011], [-51.55593112313077, -30.079099141929643], [-51.55512263937506, -30.07721267983299]]]}, "properties": {"cultura": "Soja"}}, {"type": "Feature", "geometry": {"type": "Polygon", "coordinates": [[[-51.544612350550864, -30.083411055293414], [-51.54380386679515, -30.08368054987865], [-51.544612350550864, -30.08368054987865], [-51.544612350550864, -30.083411055293414]]]}, "properties": {"cultura": "Soja"}}, {"type": "Feature", "geometry": {"type": "Polygon", "coordinates": [[[-51.542456393868974, -30.082333076952473], [-51.54164791011327, -30.082602571537706], [-51.5419174046985, -30.083141560708178], [-51.542456393868974, -30.083141560708178], [-51.542456393868974, -30.082333076952473]]]}, "properties": {"cultura": "Soja"}}, {"type": "Feature", "geometry": {"type": "Polygon", "coordinates": [[[-51.544342855965624, -30.081524593196765], [-51.54380386679515, -30.081794087782], [-51.544342855965624, -30.081794087782], [-51.544342855965624, -30.081524593196765]]]}, "properties": {"cultura": "Soja"}}, {"type": "Feature", "geometry": {"type": "Polygon", "coordinates": [[[-51.550810726011285, -30.08044661485582], [-51.54973274767034, -30.07936863651488], [-51.548654769329396, -30.078829647344406], [-51.548924263914635, -30.08044661485582], [-51.550810726011285, -30.08044661485582]]]}, "properties": {"cultura": "Soja"}}, {"type": "Feature", "geometry": {"type": "Polygon", "coordinates": [[[-51.528173180851475, -30.06697188559403], [-51.527903686266235, -30.065624412667848], [-51.526286718754825, -30.065624412667848], [-51.52574772958435, -30.063468455985962], [-51.52493924582864, -30.065085423497376], [-51.52359177290246, -30.065354918082612], [-51.521705310805814, -30.07020582061686], [-51.52089682705011, -30.080716109441056], [-51.52278328914676, -30.080716109441056], [-51.52278328914676, -30.078829647344406], [-51.52197480539105, -30.078290658173934], [-51.52278328914676, -30.078290658173934], [-51.52305278373199, -30.076673690662517], [-51.52574772958435, -30.076404196077284], [-51.52736469709577, -30.07721267983299], [-51.527634191681, -30.079099141929643], [-51.53167661045954, -30.078290658173934], [-51.53167661045954, -30.076134701492048], [-51.53086812670383, -30.075865206906812], [-51.5305986321186, -30.076673690662517], [-51.5305986321186, -30.075595712321576], [-51.5314071158743, -30.075595712321576], [-51.531946105044774, -30.07451773398063], [-51.532754588800486, -30.069127842275915], [-51.5314071158743, -30.06885834769068], [-51.5314071158743, -30.068319358520206], [-51.532215599630014, -30.068588853105442], [-51.5314071158743, -30.067241380179265], [-51.530329137533364, -30.067510874764498], [-51.52925115919242, -30.06885834769068], [-51.52925115919242, -30.067510874764498], [-51.528173180851475, -30.06697188559403]], [[-51.532215599630014, -30.071014304372564], [-51.531946105044774, -30.070744809787328], [-51.532215599630014, -30.070744809787328], [-51.532215599630014, -30.071014304372564]], [[-51.531946105044774, -30.070744809787328], [-51.5314071158743, -30.070475315202092], [-51.531946105044774, -30.070475315202092], [-51.531946105044774, -30.070744809787328]], [[-51.530059642948125, -30.06804986393497], [-51.530329137533364, -30.068319358520206], [-51.530059642948125, -30.068319358520206], [-51.530059642948125, -30.06804986393497]], [[-51.53113762128907, -30.068588853105442], [-51.53086812670383, -30.069127842275915], [-51.530059642948125, -30.069127842275915], [-51.530329137533364, -30.068588853105442], [-51.53113762128907, -30.068588853105442]], [[-51.53086812670383, -30.07343975563969], [-51.53113762128907, -30.074787228565867], [-51.53086812670383, -30.074787228565867], [-51.53086812670383, -30.07343975563969]], [[-51.52925115919242, -30.075056723151103], [-51.527634191681, -30.075595712321576], [-51.527634191681, -30.07343975563969], [-51.52979014836289, -30.07397874481016], [-51.52925115919242, -30.075056723151103]]]}, "properties": {"cultura": "Soja"}}, {"type": "Feature", "geometry": {"type": "Polygon", "coordinates": [[[-51.5314071158743, -30.066432896423557], [-51.53113762128907, -30.065624412667848], [-51.530059642948125, -30.065893907253084], [-51.530329137533364, -30.066702391008793], [-51.5314071158743, -30.066432896423557]]]}, "properties": {"cultura": "Soja"}}, {"type": "Feature", "geometry": {"type": "Polygon", "coordinates": [[[-51.52898166460718, -30.062390477645017], [-51.527634191681, -30.064007445156435], [-51.52952065377765, -30.065085423497376], [-51.53113762128907, -30.06427693974167], [-51.53113762128907, -30.0637379505712], [-51.530059642948125, -30.064007445156435], [-51.52898166460718, -30.062390477645017]], [[-51.52925115919242, -30.06292946681549], [-51.52898166460718, -30.063198961400726], [-51.52898166460718, -30.06292946681549], [-51.52925115919242, -30.06292946681549]]]}, "properties": {"cultura": "Soja"}}, {"type": "Feature", "geometry": {"type": "Polygon", "coordinates": [[[-51.530059642948125, -30.061851488474545], [-51.53329357797096, -30.063198961400726], [-51.53356307255619, -30.062390477645017], [-51.530059642948125, -30.061851488474545]]]}, "properties": {"cultura": "Soja"}}, {"type": "Feature", "geometry": {"type": "Polygon", "coordinates": [[[-51.527903686266235, -30.062390477645017], [-51.52844267543671, -30.06158199388931], [-51.526017224169586, -30.061312499304076], [-51.526286718754825, -30.062390477645017], [-51.527903686266235, -30.062390477645017]]]}, "properties": {"cultura": "Soja"}}, {"type": "Feature", "geometry": {"type": "Polygon", "coordinates": [[[-51.532754588800486, -30.06023452096313], [-51.53356307255619, -30.061851488474545], [-51.540300437187085, -30.06292946681549], [-51.540300437187085, -30.059965026377895], [-51.536527512993786, -30.059156542622187], [-51.53733599674949, -30.058348058866482], [-51.53706650216426, -30.057539575110773], [-51.53329357797096, -30.058617553451715], [-51.53356307255619, -30.059965026377895], [-51.532754588800486, -30.06023452096313]], [[-51.53356307255619, -30.059156542622187], [-51.533832567141424, -30.05888704803695], [-51.533832567141424, -30.059156542622187], [-51.53356307255619, -30.059156542622187]], [[-51.538683469675675, -30.060504015548368], [-51.53949195343138, -30.06104300471884], [-51.538683469675675, -30.06104300471884], [-51.538683469675675, -30.060504015548368]]]}, "properties": {"cultura": "Soja"}}, {"type": "Feature", "geometry": {"type": "Polygon", "coordinates": [[[-51.53113762128907, -30.057539575110773], [-51.530329137533364, -30.05969553179266], [-51.52925115919242, -30.05969553179266], [-51.52952065377765, -30.06104300471884], [-51.532215599630014, -30.06158199388931], [-51.531946105044774, -30.05780906969601], [-51.532754588800486, -30.057539575110773], [-51.532754588800486, -30.056192102184593], [-51.5305986321186, -30.055922607599356], [-51.530329137533364, -30.057270080525537], [-51.53113762128907, -30.057539575110773]]]}, "properties": {"cultura": "Soja"}}, {"type": "Feature", "geometry": {"type": "Polygon", "coordinates": [[[-51.540569931772325, -30.05780906969601], [-51.540300437187085, -30.058348058866482], [-51.540569931772325, -30.058348058866482], [-51.540569931772325, -30.05780906969601]]]}, "properties": {"cultura": "Soja"}}, {"type": "Feature", "geometry": {"type": "Polygon", "coordinates": [[[-51.527634191681, -30.05511412384365], [-51.52466975124341, -30.0570005859403], [-51.524130762072936, -30.06023452096313], [-51.526017224169586, -30.059426037207423], [-51.52655621334006, -30.060773510133604], [-51.52871217002195, -30.060773510133604], [-51.5268257079253, -30.057270080525537], [-51.528173180851475, -30.058078564281246], [-51.52952065377765, -30.05780906969601], [-51.52952065377765, -30.055383618428884], [-51.527634191681, -30.05511412384365]]]}, "properties": {"cultura": "Soja"}}, {"type": "Feature", "geometry": {"type": "Polygon", "coordinates": [[[-51.52736469709577, -30.054036145502707], [-51.52655621334006, -30.054305640087943], [-51.52736469709577, -30.054305640087943], [-51.52736469709577, -30.054036145502707]]]}, "properties": {"cultura": "Soja"}}, {"type": "Feature", "geometry": {"type": "Polygon", "coordinates": [[[-51.52736469709577, -30.054036145502707], [-51.527634191681, -30.05376665091747], [-51.52736469709577, -30.05376665091747], [-51.52736469709577, -30.054036145502707]]]}, "properties": {"cultura": "Soja"}}, {"type": "Feature", "geometry": {"type": "Polygon", "coordinates": [[[-51.53167661045954, -30.05457513467318], [-51.533832567141424, -30.055383618428884], [-51.534371556311896, -30.05376665091747], [-51.533832567141424, -30.051610694235585], [-51.532215599630014, -30.05188018882082], [-51.53167661045954, -30.05457513467318]]]}, "properties": {"cultura": "Soja"}}, {"type": "Feature", "geometry": {"type": "Polygon", "coordinates": [[[-51.538683469675675, -30.05646159676983], [-51.53787498591996, -30.05457513467318], [-51.53976144801661, -30.055922607599356], [-51.54137841552803, -30.055922607599356], [-51.54164791011327, -30.054844629258415], [-51.54218689928374, -30.049993726724168], [-51.54083942635756, -30.049993726724168], [-51.540300437187085, -30.048107264627518], [-51.536527512993786, -30.048915748383227], [-51.53518004006761, -30.048107264627518], [-51.53544953465284, -30.047568275457046], [-51.533832567141424, -30.047568275457046], [-51.534641050897136, -30.04729878087181], [-51.533832567141424, -30.04622080253087], [-51.53113762128907, -30.045951307945632], [-51.5305986321186, -30.04460383501945], [-51.52871217002195, -30.043795351263743], [-51.5238612674877, -30.04460383501945], [-51.524130762072936, -30.0464902971161], [-51.52709520251053, -30.0464902971161], [-51.52466975124341, -30.04864625379799], [-51.5268257079253, -30.048915748383227], [-51.52736469709577, -30.047029286286573], [-51.5305986321186, -30.04729878087181], [-51.531946105044774, -30.04864625379799], [-51.53113762128907, -30.050263221309404], [-51.52979014836289, -30.050802210479876], [-51.52925115919242, -30.050263221309404], [-51.530329137533364, -30.049185242968463], [-51.52844267543671, -30.049993726724168], [-51.52871217002195, -30.048376759212754], [-51.5268257079253, -30.050263221309404], [-51.52655621334006, -30.049185242968463], [-51.52466975124341, -30.049185242968463], [-51.52493924582864, -30.052958167161762], [-51.5268257079253, -30.052958167161762], [-51.52844267543671, -30.051610694235585], [-51.5314071158743, -30.05188018882082], [-51.532754588800486, -30.049993726724168], [-51.533832567141424, -30.051071705065112], [-51.53598852382331, -30.049993726724168], [-51.53598852382331, -30.051610694235585], [-51.53706650216426, -30.05188018882082], [-51.53760549133473, -30.053497156332234], [-51.533832567141424, -30.05646159676983], [-51.53518004006761, -30.057539575110773], [-51.53733599674949, -30.05646159676983], [-51.538683469675675, -30.059156542622187], [-51.540300437187085, -30.059156542622187], [-51.53976144801661, -30.05780906969601], [-51.54083942635756, -30.057539575110773], [-51.54083942635756, -30.05646159676983], [-51.538683469675675, -30.05646159676983]], [[-51.52709520251053, -30.0464902971161], [-51.527634191681, -30.04622080253087], [-51.527634191681, -30.0464902971161], [-51.52709520251053, -30.0464902971161]], [[-51.53733599674949, -30.05646159676983], [-51.53760549133473, -30.056192102184593], [-51.53760549133473, -30.05646159676983], [-51.53733599674949, -30.05646159676983]], [[-51.53976144801661, -30.05780906969601], [-51.53949195343138, -30.057539575110773], [-51.53976144801661, -30.057539575110773], [-51.53976144801661, -30.05780906969601]], [[-51.53949195343138, -30.05376665091747], [-51.538683469675675, -30.05376665091747], [-51.538683469675675, -30.05053271589464], [-51.54083942635756, -30.050263221309404], [-51.54164791011327, -30.05188018882082], [-51.53976144801661, -30.05188018882082], [-51.53949195343138, -30.05376665091747]]]}, "properties": {"cultura": "Soja"}}, {"type": "Feature", "geometry": {"type": "Polygon", "coordinates": [[[-51.544612350550864, -30.04622080253087], [-51.54353437220992, -30.048107264627518], [-51.54299538303945, -30.048376759212754], [-51.544881845136096, -30.048376759212754], [-51.546768307232746, -30.045142824189924], [-51.544612350550864, -30.04622080253087]]]}, "properties": {"cultura": "Soja"}}, {"type": "Feature", "geometry": {"type": "Polygon", "coordinates": [[[-51.565363433614024, -30.03732748121808], [-51.55431415561935, -30.04136989999662], [-51.55404466103412, -30.04217838375233], [-51.54919375849987, -30.043525856678507], [-51.54919375849987, -30.04406484584898], [-51.55808707981265, -30.045681813360396], [-51.559434552738836, -30.044334340434215], [-51.56186000400596, -30.04460383501945], [-51.563207476932135, -30.0427173729228], [-51.56617191736973, -30.042447878337565], [-51.56644141195497, -30.041639394581857], [-51.56805837946638, -30.04136989999662], [-51.565363433614024, -30.03732748121808]]]}, "properties": {"cultura": "Soja"}}, {"type": "Feature", "geometry": {"type": "Polygon", "coordinates": [[[-51.512003505737326, -30.12733867268686], [-51.51281198949303, -30.12679968351639], [-51.51281198949303, -30.125452210590208], [-51.512003505737326, -30.125721705175444], [-51.512003505737326, -30.12733867268686]]]}, "properties": {"cultura": "Soja"}}, {"type": "Feature", "geometry": {"type": "Polygon", "coordinates": [[[-51.47750819882713, -30.11359444883983], [-51.47777769341237, -30.112246975913653], [-51.476430220486186, -30.11359444883983], [-51.47750819882713, -30.11359444883983]]]}, "properties": {"cultura": "Soja"}}, {"type": "Feature", "geometry": {"type": "Polygon", "coordinates": [[[-51.4780471879976, -30.111977481328417], [-51.47777769341237, -30.112246975913653], [-51.4780471879976, -30.112246975913653], [-51.4780471879976, -30.111977481328417]]]}, "properties": {"cultura": "Soja"}}, {"type": "Feature", "geometry": {"type": "Polygon", "coordinates": [[[-51.455948632008266, -30.10254517084516], [-51.455948632008266, -30.104162138356575], [-51.458104588690155, -30.105509611282756], [-51.45837408327539, -30.10443163294181], [-51.45729610493444, -30.10443163294181], [-51.45729610493444, -30.10389264377134], [-51.45864357786062, -30.10389264377134], [-51.458104588690155, -30.101467192504217], [-51.45702661034921, -30.10119769791898], [-51.455948632008266, -30.10254517084516]]]}, "properties": {"cultura": "Soja"}}, {"type": "Feature", "geometry": {"type": "Polygon", "coordinates": [[[-51.45109772947402, -30.099580730407567], [-51.45190621322973, -30.099041741237095], [-51.45082823488878, -30.099041741237095], [-51.45109772947402, -30.099580730407567]]]}, "properties": {"cultura": "Soja"}}, {"type": "Feature", "geometry": {"type": "Polygon", "coordinates": [[[-51.45001975113308, -30.099580730407567], [-51.45082823488878, -30.09877224665186], [-51.44894177279213, -30.09931123582233], [-51.45001975113308, -30.099580730407567]]]}, "properties": {"cultura": "Soja"}}, {"type": "Feature", "geometry": {"type": "Polygon", "coordinates": [[[-51.45217570781496, -30.099850224992803], [-51.45298419157067, -30.099580730407567], [-51.454062169911616, -30.100658708748508], [-51.45487065366732, -30.09877224665186], [-51.451636718644494, -30.097694268310914], [-51.45082823488878, -30.09877224665186], [-51.45190621322973, -30.09877224665186], [-51.45217570781496, -30.099850224992803]], [[-51.451367224059254, -30.098502752066622], [-51.451636718644494, -30.098233257481386], [-51.451636718644494, -30.098502752066622], [-51.451367224059254, -30.098502752066622]]]}, "properties": {"cultura": "Soja"}}, {"type": "Feature", "geometry": {"type": "Polygon", "coordinates": [[[-51.4524452024002, -30.09742477372568], [-51.45217570781496, -30.097155279140445], [-51.45217570781496, -30.09742477372568], [-51.4524452024002, -30.09742477372568]]]}, "properties": {"cultura": "Soja"}}, {"type": "Feature", "geometry": {"type": "Polygon", "coordinates": [[[-51.454062169911616, -30.096616289969973], [-51.4524452024002, -30.097155279140445], [-51.454062169911616, -30.097155279140445], [-51.454062169911616, -30.096616289969973]]]}, "properties": {"cultura": "Soja"}}, {"type": "Feature", "geometry": {"type": "Polygon", "coordinates": [[[-51.41929736841619, -30.09419083870285], [-51.42010585217189, -30.093651849532378], [-51.41929736841619, -30.093651849532378], [-51.41929736841619, -30.09419083870285]]]}, "properties": {"cultura": "Soja"}}, {"type": "Feature", "geometry": {"type": "Polygon", "coordinates": [[[-51.414176971296705, -30.093921344117614], [-51.41390747671147, -30.093651849532378], [-51.41390747671147, -30.093921344117614], [-51.414176971296705, -30.093921344117614]]]}, "properties": {"cultura": "Soja"}}, {"type": "Feature", "geometry": {"type": "Polygon", "coordinates": [[[-51.42172281968331, -30.093921344117614], [-51.42118383051284, -30.093651849532378], [-51.42118383051284, -30.093921344117614], [-51.42172281968331, -30.093921344117614]]]}, "properties": {"cultura": "Soja"}}, {"type": "Feature", "geometry": {"type": "Polygon", "coordinates": [[[-51.414176971296705, -30.093382354947142], [-51.41525494963765, -30.09419083870285], [-51.41498545505242, -30.09284336577667], [-51.414176971296705, -30.093382354947142]]]}, "properties": {"cultura": "Soja"}}, {"type": "Feature", "geometry": {"type": "Polygon", "coordinates": [[[-51.42172281968331, -30.093651849532378], [-51.42199231426855, -30.093112860361906], [-51.42172281968331, -30.093112860361906], [-51.42172281968331, -30.093651849532378]]]}, "properties": {"cultura": "Soja"}}, {"type": "Feature", "geometry": {"type": "Polygon", "coordinates": [[[-51.39019195321072, -30.093921344117614], [-51.391539426136895, -30.093382354947142], [-51.39126993155166, -30.092573871191433], [-51.39019195321072, -30.093112860361906], [-51.39019195321072, -30.093921344117614]]]}, "properties": {"cultura": "Soja"}}, {"type": "Feature", "geometry": {"type": "Polygon", "coordinates": [[[-51.41848888466048, -30.09284336577667], [-51.41768040090477, -30.09203488202096], [-51.41660242256383, -30.092304376606197], [-51.41660242256383, -30.09284336577667], [-51.41848888466048, -30.09284336577667]]]}, "properties": {"cultura": "Soja"}}, {"type": "Feature", "geometry": {"type": "Polygon", "coordinates": [[[-51.41983635758666, -30.09095690368002], [-51.41848888466048, -30.093112860361906], [-51.41983635758666, -30.092573871191433], [-51.42037534675713, -30.093382354947142], [-51.42118383051284, -30.092573871191433], [-51.420644841342366, -30.09095690368002], [-51.42037534675713, -30.091226398265256], [-51.41983635758666, -30.09095690368002]]]}, "properties": {"cultura": "Soja"}}, {"type": "Feature", "geometry": {"type": "Polygon", "coordinates": [[[-51.41768040090477, -30.091765387435725], [-51.41741090631954, -30.091226398265256], [-51.41687191714907, -30.091226398265256], [-51.41687191714907, -30.091765387435725], [-51.41768040090477, -30.091765387435725]]]}, "properties": {"cultura": "Soja"}}, {"type": "Feature", "geometry": {"type": "Polygon", "coordinates": [[[-51.41687191714907, -30.091226398265256], [-51.41660242256383, -30.09095690368002], [-51.41660242256383, -30.091226398265256], [-51.41687191714907, -30.091226398265256]]]}, "properties": {"cultura": "Soja"}}, {"type": "Feature", "geometry": {"type": "Polygon", "coordinates": [[[-51.42980765724039, -30.091765387435725], [-51.42980765724039, -30.090417914509548], [-51.42953816265515, -30.090417914509548], [-51.42899917348468, -30.091226398265256], [-51.42980765724039, -30.091765387435725]]]}, "properties": {"cultura": "Soja"}}, {"type": "Feature", "geometry": {"type": "Polygon", "coordinates": [[[-51.42037534675713, -30.090687409094784], [-51.42010585217189, -30.09095690368002], [-51.42037534675713, -30.09095690368002], [-51.42037534675713, -30.090687409094784]]]}, "properties": {"cultura": "Soja"}}, {"type": "Feature", "geometry": {"type": "Polygon", "coordinates": [[[-51.42603473304708, -30.09095690368002], [-51.42576523846185, -30.090687409094784], [-51.42576523846185, -30.09095690368002], [-51.42603473304708, -30.09095690368002]]]}, "properties": {"cultura": "Soja"}}, {"type": "Feature", "geometry": {"type": "Polygon", "coordinates": [[[-51.414446465881944, -30.09095690368002], [-51.414176971296705, -30.089878925339075], [-51.41390747671147, -30.091226398265256], [-51.414446465881944, -30.09095690368002]]]}, "properties": {"cultura": "Soja"}}, {"type": "Feature", "geometry": {"type": "Polygon", "coordinates": [[[-51.416063433393354, -30.090417914509548], [-51.41579393880812, -30.090687409094784], [-51.416063433393354, -30.090687409094784], [-51.416063433393354, -30.090417914509548]]]}, "properties": {"cultura": "Soja"}}, {"type": "Feature", "geometry": {"type": "Polygon", "coordinates": [[[-51.426843216802794, -30.09014841992431], [-51.42603473304708, -30.090687409094784], [-51.426843216802794, -30.09095690368002], [-51.426843216802794, -30.09014841992431]]]}, "properties": {"cultura": "Soja"}}, {"type": "Feature", "geometry": {"type": "Polygon", "coordinates": [[[-51.41579393880812, -30.09014841992431], [-51.41525494963765, -30.090417914509548], [-51.41579393880812, -30.090417914509548], [-51.41579393880812, -30.09014841992431]]]}, "properties": {"cultura": "Soja"}}, {"type": "Feature", "geometry": {"type": "Polygon", "coordinates": [[[-51.41525494963765, -30.09014841992431], [-51.41471596046718, -30.089878925339075], [-51.41471596046718, -30.09014841992431], [-51.41525494963765, -30.09014841992431]]]}, "properties": {"cultura": "Soja"}}, {"type": "Feature", "geometry": {"type": "Polygon", "coordinates": [[[-51.41498545505242, -30.089339936168603], [-51.41525494963765, -30.089878925339075], [-51.416063433393354, -30.089878925339075], [-51.416332927978594, -30.090417914509548], [-51.416332927978594, -30.089339936168603], [-51.41498545505242, -30.089339936168603]]]}, "properties": {"cultura": "Soja"}}, {"type": "Feature", "geometry": {"type": "Polygon", "coordinates": [[[-51.424956754706145, -30.09014841992431], [-51.424687260120905, -30.089339936168603], [-51.42307029260949, -30.089339936168603], [-51.4238787763652, -30.09014841992431], [-51.424956754706145, -30.09014841992431]]]}, "properties": {"cultura": "Soja"}}, {"type": "Feature", "geometry": {"type": "Polygon", "coordinates": [[[-51.420914335927606, -30.08502802280483], [-51.42199231426855, -30.085297517390067], [-51.42145332509808, -30.08448903363436], [-51.422800798024255, -30.08368054987865], [-51.422531303439015, -30.082602571537706], [-51.42118383051284, -30.083950044463887], [-51.420914335927606, -30.08502802280483]]]}, "properties": {"cultura": "Soja"}}, {"type": "Feature", "geometry": {"type": "Polygon", "coordinates": [[[-51.42199231426855, -30.082872066122942], [-51.420914335927606, -30.080985604026292], [-51.41956686300142, -30.082602571537706], [-51.41956686300142, -30.083950044463887], [-51.42037534675713, -30.08368054987865], [-51.420644841342366, -30.082333076952473], [-51.42199231426855, -30.082872066122942]], [[-51.420914335927606, -30.082333076952473], [-51.42118383051284, -30.082063582367237], [-51.42118383051284, -30.082333076952473], [-51.420914335927606, -30.082333076952473]]]}, "properties": {"cultura": "Soja"}}, {"type": "Feature", "geometry": {"type": "Polygon", "coordinates": [[[-51.41848888466048, -30.07936863651488], [-51.41282949837053, -30.08125509861153], [-51.41282949837053, -30.082333076952473], [-51.414176971296705, -30.081524593196765], [-51.41471596046718, -30.082602571537706], [-51.41579393880812, -30.082333076952473], [-51.41848888466048, -30.07936863651488]]]}, "properties": {"cultura": "Soja"}}, {"type": "Feature", "geometry": {"type": "Polygon", "coordinates": [[[-51.41902787383095, -30.07936863651488], [-51.41848888466048, -30.078829647344406], [-51.41848888466048, -30.07936863651488], [-51.41902787383095, -30.07936863651488]]]}, "properties": {"cultura": "Soja"}}, {"type": "Feature", "geometry": {"type": "Polygon", "coordinates": [[[-51.49367787394129, -30.07721267983299], [-51.493138884770815, -30.076404196077284], [-51.49259989560034, -30.076943185247753], [-51.49367787394129, -30.07721267983299]]]}, "properties": {"cultura": "Soja"}}, {"type": "Feature", "geometry": {"type": "Polygon", "coordinates": [[[-51.491252422674165, -30.074787228565867], [-51.489096465992276, -30.07775166900346], [-51.49044393891845, -30.076673690662517], [-51.4915219172594, -30.07721267983299], [-51.491252422674165, -30.074787228565867]]]}, "properties": {"cultura": "Soja"}}, {"type": "Feature", "geometry": {"type": "Polygon", "coordinates": [[[-51.48586253096944, -30.076134701492048], [-51.486671014725154, -30.07532621773634], [-51.48559303638421, -30.07532621773634], [-51.48586253096944, -30.076134701492048]]]}, "properties": {"cultura": "Soja"}}, {"type": "Feature", "geometry": {"type": "Polygon", "coordinates": [[[-51.486671014725154, -30.07532621773634], [-51.48694050931039, -30.075056723151103], [-51.486671014725154, -30.075056723151103], [-51.486671014725154, -30.07532621773634]]]}, "properties": {"cultura": "Soja"}}, {"type": "Feature", "geometry": {"type": "Polygon", "coordinates": [[[-51.48936596057751, -30.07397874481016], [-51.48990494974798, -30.074248239395395], [-51.48990494974798, -30.073170261054454], [-51.49071343350369, -30.073709250224923], [-51.490982928088926, -30.072361777298745], [-51.48963545516275, -30.07209228271351], [-51.48936596057751, -30.07397874481016]]]}, "properties": {"cultura": "Soja"}}, {"type": "Feature", "geometry": {"type": "Polygon", "coordinates": [[[-51.49179141184463, -30.07263127188398], [-51.490982928088926, -30.073170261054454], [-51.49179141184463, -30.073170261054454], [-51.49179141184463, -30.07263127188398]]]}, "properties": {"cultura": "Soja"}}, {"type": "Feature", "geometry": {"type": "Polygon", "coordinates": [[[-51.4885574768218, -30.07209228271351], [-51.48801848765133, -30.072900766469218], [-51.4885574768218, -30.072900766469218], [-51.4885574768218, -30.07209228271351]]]}, "properties": {"cultura": "Soja"}}, {"type": "Feature", "geometry": {"type": "Polygon", "coordinates": [[[-51.48963545516275, -30.07209228271351], [-51.48936596057751, -30.071822788128273], [-51.48936596057751, -30.07209228271351], [-51.48963545516275, -30.07209228271351]]]}, "properties": {"cultura": "Soja"}}, {"type": "Feature", "geometry": {"type": "Polygon", "coordinates": [[[-51.50876957071449, -30.06939733686115], [-51.50876957071449, -30.068588853105442], [-51.50796108695879, -30.067241380179265], [-51.50796108695879, -30.069127842275915], [-51.50876957071449, -30.06939733686115]]]}, "properties": {"cultura": "Soja"}}, {"type": "Feature", "geometry": {"type": "Polygon", "coordinates": [[[-51.509847549055436, -30.06885834769068], [-51.51038653822591, -30.067241380179265], [-51.51092552739638, -30.06697188559403], [-51.509847549055436, -30.06697188559403], [-51.509847549055436, -30.06885834769068]]]}, "properties": {"cultura": "Soja"}}, {"type": "Feature", "geometry": {"type": "Polygon", "coordinates": [[[-51.463763974980104, -30.065085423497376], [-51.46349448039487, -30.065354918082612], [-51.463763974980104, -30.065354918082612], [-51.463763974980104, -30.065085423497376]]]}, "properties": {"cultura": "Soja"}}, {"type": "Feature", "geometry": {"type": "Polygon", "coordinates": [[[-51.46322498580963, -30.065085423497376], [-51.46349448039487, -30.06481592891214], [-51.46322498580963, -30.06481592891214], [-51.46322498580963, -30.065085423497376]]]}, "properties": {"cultura": "Soja"}}, {"type": "Feature", "geometry": {"type": "Polygon", "coordinates": [[[-51.4629554912244, -30.06697188559403], [-51.464033469565344, -30.066432896423557], [-51.465650437076754, -30.066702391008793], [-51.465650437076754, -30.065893907253084], [-51.466189426247226, -30.066432896423557], [-51.46726740458817, -30.065893907253084], [-51.46780639375864, -30.062659972230254], [-51.465650437076754, -30.062659972230254], [-51.46484195332105, -30.065624412667848], [-51.46349448039487, -30.065893907253084], [-51.4629554912244, -30.065085423497376], [-51.4629554912244, -30.065893907253084], [-51.46214700746869, -30.065893907253084], [-51.4629554912244, -30.06697188559403]], [[-51.464033469565344, -30.065893907253084], [-51.46457245873581, -30.06616340183832], [-51.464033469565344, -30.06616340183832], [-51.464033469565344, -30.065893907253084]]]}, "properties": {"cultura": "Soja"}}, {"type": "Feature", "geometry": {"type": "Polygon", "coordinates": [[[-51.46511144790628, -30.064546434326903], [-51.46484195332105, -30.06427693974167], [-51.46484195332105, -30.064546434326903], [-51.46511144790628, -30.064546434326903]]]}, "properties": {"cultura": "Soja"}}, {"type": "Feature", "geometry": {"type": "Polygon", "coordinates": [[[-51.459721556201565, -30.062659972230254], [-51.45918256703109, -30.061312499304076], [-51.45945206161633, -30.062659972230254], [-51.459721556201565, -30.062659972230254]]]}, "properties": {"cultura": "Soja"}}, {"type": "Feature", "geometry": {"type": "Polygon", "coordinates": [[[-51.45729610493444, -30.05969553179266], [-51.4562181265935, -30.06023452096313], [-51.45729610493444, -30.06023452096313], [-51.45729610493444, -30.05969553179266]]]}, "properties": {"cultura": "Soja"}}, {"type": "Feature", "geometry": {"type": "Polygon", "coordinates": [[[-51.499337260231236, -30.055383618428884], [-51.50041523857218, -30.054305640087943], [-51.49987624940171, -30.05376665091747], [-51.499337260231236, -30.055383618428884]]]}, "properties": {"cultura": "Soja"}}, {"type": "Feature", "geometry": {"type": "Polygon", "coordinates": [[[-51.50041523857218, -30.052958167161762], [-51.501493216913126, -30.053227661746998], [-51.501223722327886, -30.05241917799129], [-51.499337260231236, -30.05188018882082], [-51.499606754816476, -30.05376665091747], [-51.50041523857218, -30.052958167161762]]]}, "properties": {"cultura": "Soja"}}, {"type": "Feature", "geometry": {"type": "Polygon", "coordinates": [[[-51.499067765646004, -30.049185242968463], [-51.499337260231236, -30.048107264627518], [-51.49852877647553, -30.047837770042282], [-51.49825928189029, -30.049185242968463], [-51.499067765646004, -30.049185242968463]]]}, "properties": {"cultura": "Soja"}}, {"type": "Feature", "geometry": {"type": "Polygon", "coordinates": [[[-51.49852877647553, -30.045951307945632], [-51.499067765646004, -30.045681813360396], [-51.499067765646004, -30.045142824189924], [-51.49852877647553, -30.045142824189924], [-51.49852877647553, -30.045951307945632]]]}, "properties": {"cultura": "Soja"}}, {"type": "Feature", "geometry": {"type": "Polygon", "coordinates": [[[-51.499606754816476, -30.041639394581857], [-51.50041523857218, -30.040022427070443], [-51.499606754816476, -30.040022427070443], [-51.499606754816476, -30.041639394581857]]]}, "properties": {"cultura": "Soja"}}, {"type": "Feature", "geometry": {"type": "Polygon", "coordinates": [[[-51.407709101251044, -30.018462860251574], [-51.40743960666581, -30.01981033317775], [-51.407709101251044, -30.01981033317775], [-51.407709101251044, -30.018462860251574]]]}, "properties": {"cultura": "Soja"}}]}