{"type": "FeatureCollection", "features": [{"id": "0", "type": "Feature", "properties": {"id": 36924, "codigo": "1394", "numero": "0", "fl_rural": 0, "Destinação": "NÃO AFETADO"}, "geometry": {"type": "Polygon", "coordinates": [[[-51.98934918843797, -29.492968723642424], [-51.98941635706965, -29.49245400217199], [-51.989412519147606, -29.492059091664213], [-51.98877990800275, -29.491711836045223], [-51.988362878498855, -29.492319584058432], [-51.988757202234325, -29.492560317837416], [-51.98882382335061, -29.4930471512946], [-51.988764043373905, -29.493078657826484], [-51.98934918843797, -29.492968723642424]]]}}, {"id": "1", "type": "Feature", "properties": {"id": 12685, "codigo": "0213", "numero": "0", "fl_rural": 0, "Destinação": "ÁREA VERDE"}, "geometry": {"type": "Polygon", "coordinates": [[[-51.989558333897385, -29.49297697326625], [-51.99001515580067, -29.492505837934512], [-51.99011338807668, -29.491999728917055], [-51.98962860029934, -29.492003336580144], [-51.98966542144802, -29.492607711163586], [-51.98952315409825, -29.49278194521479], [-51.989558333897385, -29.49297697326625]]]}}, {"id": "2", "type": "Feature", "properties": {"id": 12685, "codigo": "0213", "numero": "0", "fl_rural": 0, "Destinação": "ÁREA VERDE"}, "geometry": {"type": "Polygon", "coordinates": [[[-51.99029659376181, -29.491745676157606], [-51.99021451574538, -29.491791410219328], [-51.99029703263371, -29.491790795914287], [-51.99029659376181, -29.491745676157606]]]}}, {"id": "3", "type": "Feature", "properties": {"id": 38074, "codigo": "0120", "numero": "300", "fl_rural": 0, "Destinação": "NÃO AFETADO"}, "geometry": {"type": "Polygon", "coordinates": [[[-51.98367779013012, -29.489699789958166], [-51.98419544723271, -29.49149616045349], [-51.98422871955251, -29.491492900205166], [-51.985120588793855, -29.49091774745803], [-51.98454561017927, -29.490127838339422], [-51.98428965774548, -29.48954723291692], [-51.98367779013012, -29.489699789958166]]]}}, {"id": "4", "type": "Feature", "properties": {"id": 11896, "codigo": "0525", "numero": "0", "fl_rural": 0, "Destinação": "NÃO ATRIBUÍDO"}, "geometry": {"type": "Polygon", "coordinates": [[[-51.97542103741068, -29.494686822519615], [-51.97545879555948, -29.49482070888417], [-51.975502961603404, -29.494667967873255], [-51.97542103741068, -29.494686822519615]]]}}, {"id": "5", "type": "Feature", "properties": {"id": 11899, "codigo": "0549", "numero": "277", "fl_rural": 0, "Destinação": "NÃO AFETADO"}, "geometry": {"type": "Polygon", "coordinates": [[[-51.97650565723622, -29.494434299356197], [-51.976420202944965, -29.494455037868427], [-51.976525471637714, -29.494500660121634], [-51.97650565723622, -29.494434299356197]]]}}, {"id": "6", "type": "Feature", "properties": {"id": 11900, "codigo": "0562", "numero": "283", "fl_rural": 0, "Destinação": "NÃO ATRIBUÍDO"}, "geometry": {"type": "Polygon", "coordinates": [[[-51.976649278046374, -29.494397963387524], [-51.97650565723622, -29.494434299356197], [-51.976525471637714, -29.494500660121634], [-51.976702957045546, -29.49457758027713], [-51.976649278046374, -29.494397963387524]]]}}, {"id": "7", "type": "Feature", "properties": {"id": 11901, "codigo": "0573", "numero": "0", "fl_rural": 0, "Destinação": "NÃO ATRIBUÍDO"}, "geometry": {"type": "Polygon", "coordinates": [[[-51.976750778032375, -29.494375195555985], [-51.976649278046374, -29.494397963387524], [-51.976702957045546, -29.49457758027713], [-51.97683330172701, -29.49463407017841], [-51.976750778032375, -29.494375195555985]]]}}, {"id": "8", "type": "Feature", "properties": {"id": 11902, "codigo": "0598", "numero": "368", "fl_rural": 0, "Destinação": "NÃO ATRIBUÍDO"}, "geometry": {"type": "Polygon", "coordinates": [[[-51.976750778032375, -29.494375195555985], [-51.97683330172701, -29.49463407017841], [-51.97691467533582, -29.494669336574233], [-51.97707627466257, -29.49461324152004], [-51.97697357600112, -29.49426920343061], [-51.9768564843591, -29.49429725569349], [-51.97687408656494, -29.494347535600227], [-51.976750778032375, -29.494375195555985]]]}}, {"id": "9", "type": "Feature", "properties": {"id": 11921, "codigo": "1534", "numero": "0", "fl_rural": 0, "Destinação": "NÃO ATRIBUÍDO"}, "geometry": {"type": "Polygon", "coordinates": [[[-51.975283638147104, -29.49463824671606], [-51.97530020990796, -29.494644690615914], [-51.97532384124632, -29.494643860793897], [-51.97551970906097, -29.494610049541198], [-51.97554140380389, -29.494535021835045], [-51.97582067069444, -29.494394884275223], [-51.975770970615976, -29.494223948230722], [-51.97550010465154, -29.494296251199017], [-51.975167512102864, -29.49453062824041], [-51.975283638147104, -29.49463824671606]]]}}, {"id": "10", "type": "Feature", "properties": {"id": 11920, "codigo": "1475", "numero": "265", "fl_rural": 0, "Destinação": "NÃO ATRIBUÍDO"}, "geometry": {"type": "Polygon", "coordinates": [[[-51.9769528817352, -29.49427416122131], [-51.97687849547907, -29.49405393657811], [-51.976743509482006, -29.49386195212605], [-51.97573596658198, -29.49410355655973], [-51.97582067069444, -29.494394884275223], [-51.97603418458854, -29.494287741906657], [-51.97634105707724, -29.49442073695024], [-51.9769528817352, -29.49427416122131]]]}}, {"id": "11", "type": "Feature", "properties": {"id": 11919, "codigo": "1375", "numero": "363", "fl_rural": 0, "Destinação": "NÃO ATRIBUÍDO"}, "geometry": {"type": "Polygon", "coordinates": [[[-51.9769528817352, -29.49427416122131], [-51.977021922451826, -29.494257926246476], [-51.97687849547907, -29.49405393657811], [-51.9769528817352, -29.49427416122131]]]}}, {"id": "12", "type": "Feature", "properties": {"id": 36093, "codigo": "0001", "numero": null, "fl_rural": 0, "Destinação": "NÃO ATRIBUÍDO"}, "geometry": {"type": "Polygon", "coordinates": [[[-51.97519127280159, -29.494261514508015], [-51.97545974046255, -29.49418366048722], [-51.97543488226219, -29.494183842794026], [-51.97581471703114, -29.493991539662012], [-51.97557859059718, -29.49414919465687], [-51.97573596658198, -29.49410355655973], [-51.97613387345108, -29.494009568470045], [-51.975761400392386, -29.493697506901295], [-51.97562765751242, -29.49381223809437], [-51.97545578873675, -29.493924991524096], [-51.975080664902045, -29.494154907033966], [-51.97519127280159, -29.494261514508015]]]}}, {"id": "13", "type": "Feature", "properties": {"id": 35805, "codigo": "0016", "numero": null, "fl_rural": 0, "Destinação": "NÃO ATRIBUÍDO"}, "geometry": {"type": "Polygon", "coordinates": [[[-51.975707276569295, -29.49308118032414], [-51.975645794646255, -29.49313635337304], [-51.97565755230988, -29.4933444419994], [-51.97568972276735, -29.493407558877802], [-51.97581771317574, -29.493494103487105], [-51.97593588372065, -29.4934022077483], [-51.975707276569295, -29.49308118032414]]]}}, {"id": "14", "type": "Feature", "properties": {"id": 35806, "codigo": "0060", "numero": null, "fl_rural": 0, "Destinação": "NÃO ATRIBUÍDO"}, "geometry": {"type": "Polygon", "coordinates": [[[-51.975615843235026, -29.492951692634684], [-51.97593588372065, -29.4934022077483], [-51.976242976546246, -29.493120766041734], [-51.97579713306208, -29.492705018482077], [-51.975615843235026, -29.492951692634684]]]}}, {"id": "15", "type": "Feature", "properties": {"id": 35807, "codigo": "0072", "numero": null, "fl_rural": 0, "Destinação": "NÃO ATRIBUÍDO"}, "geometry": {"type": "Polygon", "coordinates": [[[-51.976309612697456, -29.4930522773238], [-51.97584820555299, -29.492648052101867], [-51.97579713306208, -29.492705018482077], [-51.976242976546246, -29.493120766041734], [-51.976309612697456, -29.4930522773238]]]}}, {"id": "16", "type": "Feature", "properties": {"id": 35808, "codigo": "0093", "numero": null, "fl_rural": 0, "Destinação": "NÃO ATRIBUÍDO"}, "geometry": {"type": "Polygon", "coordinates": [[[-51.97635458896528, -29.49298746304386], [-51.97632068165201, -29.492968044462256], [-51.976354212804075, -29.49283060095698], [-51.9759521005513, -29.4925412283159], [-51.97584820555299, -29.492648052101867], [-51.976309612697456, -29.4930522773238], [-51.97635458896528, -29.49298746304386]]]}}, {"id": "17", "type": "Feature", "properties": {"id": 35809, "codigo": "0115", "numero": null, "fl_rural": 0, "Destinação": "NÃO ATRIBUÍDO"}, "geometry": {"type": "Polygon", "coordinates": [[[-51.976037229676656, -29.49242211641778], [-51.9759521005513, -29.4925412283159], [-51.976354212804075, -29.49283060095698], [-51.97640548767601, -29.492635869803678], [-51.976037229676656, -29.49242211641778]]]}}, {"id": "18", "type": "Feature", "properties": {"id": 35810, "codigo": "0334", "numero": null, "fl_rural": 0, "Destinação": "NÃO ATRIBUÍDO"}, "geometry": {"type": "Polygon", "coordinates": [[[-51.97690583738585, -29.491862310782384], [-51.9768652707827, -29.49191132362419], [-51.9767491071419, -29.491988615052193], [-51.97664253965134, -29.49204840080179], [-51.976037229676656, -29.49242211641778], [-51.97640548767601, -29.492635869803678], [-51.977021922252824, -29.49187091617756], [-51.97709518040245, -29.49155134382939], [-51.97690583738585, -29.491862310782384]]]}}, {"id": "19", "type": "Feature", "properties": {"id": 35843, "codigo": "0354", "numero": "sem", "fl_rural": 0, "Destinação": "NÃO AFETADO"}, "geometry": {"type": "Polygon", "coordinates": [[[-51.98381064210161, -29.49110103415938], [-51.983332648019456, -29.491206714823623], [-51.98363099580507, -29.49155146924585], [-51.98399206417632, -29.49151608930953], [-51.98381064210161, -29.49110103415938]]]}}, {"id": "20", "type": "Feature", "properties": {"id": 35855, "codigo": "0237", "numero": "sem", "fl_rural": 0, "Destinação": "NÃO AFETADO"}, "geometry": {"type": "Polygon", "coordinates": [[[-51.983365853928, -29.489986644852934], [-51.98285869416712, -29.490188379904225], [-51.98296967527012, -29.490365108562177], [-51.98299466039131, -29.49081615476226], [-51.983332648019456, -29.491206714823623], [-51.98381064210161, -29.49110103415938], [-51.983365853928, -29.489986644852934]]]}}, {"id": "21", "type": "Feature", "properties": {"id": 35897, "codigo": "0141", "numero": null, "fl_rural": 0, "Destinação": "NÃO ATRIBUÍDO"}, "geometry": {"type": "Polygon", "coordinates": [[[-51.9828724826247, -29.489602803068767], [-51.983029975326, -29.489774122941714], [-51.984276123060916, -29.489516530683932], [-51.98419341467759, -29.489328914043103], [-51.9828724826247, -29.489602803068767]]]}}, {"id": "22", "type": "Feature", "properties": {"id": 35898, "codigo": "0246", "numero": null, "fl_rural": 0, "Destinação": "NÃO ATRIBUÍDO"}, "geometry": {"type": "Polygon", "coordinates": [[[-51.98267963812319, -29.48939302655511], [-51.9828724826247, -29.489602803068767], [-51.98419341467759, -29.489328914043103], [-51.98411685794067, -29.489155251867174], [-51.98267963812319, -29.48939302655511]]]}}, {"id": "24", "type": "Feature", "properties": {"id": 35842, "codigo": "0116", "numero": null, "fl_rural": 0, "Destinação": "NÃO ATRIBUÍDO"}, "geometry": {"type": "Polygon", "coordinates": [[[-51.98196983707721, -29.48939329494888], [-51.982001960866796, -29.489439545101725], [-51.9821147474997, -29.489423838407827], [-51.98274967408401, -29.49001477401584], [-51.98285869416712, -29.490188379904225], [-51.983365853928, -29.489986644852934], [-51.98330583414348, -29.4898424983773], [-51.983117497517604, -29.489869328936777], [-51.98267963812319, -29.48939302655511], [-51.98296506181369, -29.489031242391658], [-51.98293807566003, -29.48897134848678], [-51.98279481900371, -29.488997515969892], [-51.98271698345691, -29.488824750807485], [-51.98196983707721, -29.48939329494888]]]}}, {"id": "25", "type": "Feature", "properties": {"id": 35819, "codigo": "0230", "numero": null, "fl_rural": 0, "Destinação": "NÃO ATRIBUÍDO"}, "geometry": {"type": "Polygon", "coordinates": [[[-51.98292768639051, -29.48825707537331], [-51.982989449143545, -29.488024414444624], [-51.980604204702594, -29.48863385114002], [-51.98145964687375, -29.489515067880074], [-51.98152891930216, -29.489505420984877], [-51.98270947581325, -29.488561481498508], [-51.98292768639051, -29.48825707537331]]]}}, {"id": "26", "type": "Feature", "properties": {"id": 35896, "codigo": "0342", "numero": null, "fl_rural": 0, "Destinação": "NÃO ATRIBUÍDO"}, "geometry": {"type": "Polygon", "coordinates": [[[-51.98267963812319, -29.48939302655511], [-51.98411685794067, -29.489155251867174], [-51.984065168155425, -29.489037998168286], [-51.98367724156635, -29.489078499139126], [-51.98364745121115, -29.489051777874568], [-51.98360990586085, -29.489040889699123], [-51.983411245552865, -29.489064201670455], [-51.98326666958206, -29.489071385932647], [-51.9831673669356, -29.489098855515877], [-51.98287970805319, -29.489137119260377], [-51.98267963812319, -29.48939302655511]]]}}, {"id": "27", "type": "Feature", "properties": {"id": 35841, "codigo": "0341", "numero": "0", "fl_rural": 0, "Destinação": "NÃO AFETADO"}, "geometry": {"type": "Polygon", "coordinates": [[[-51.98271698345691, -29.488824750807485], [-51.98279481900371, -29.488997515969892], [-51.982938075869804, -29.488971348846228], [-51.98282854910238, -29.48872824178552], [-51.98271698345691, -29.488824750807485]]]}}, {"id": "28", "type": "Feature", "properties": {"id": 35881, "codigo": "0311", "numero": null, "fl_rural": 0, "Destinação": "NÃO ATRIBUÍDO"}, "geometry": {"type": "Polygon", "coordinates": [[[-51.9831673669356, -29.489098855515877], [-51.98326666958206, -29.489071385932647], [-51.983411245552865, -29.489064201670455], [-51.98358280572796, -29.489041165345483], [-51.9836281674417, -29.48904391725513], [-51.98364745121115, -29.489051777874568], [-51.98367724156635, -29.489078499139126], [-51.984065168155425, -29.489037998168286], [-51.9840499288217, -29.489003429089667], [-51.9837162185592, -29.48860530602799], [-51.983037630159686, -29.488676151424986], [-51.9831673669356, -29.489098855515877]]]}}, {"id": "29", "type": "Feature", "properties": {"id": 35878, "codigo": "0328", "numero": null, "fl_rural": 0, "Destinação": "NÃO ATRIBUÍDO"}, "geometry": {"type": "Polygon", "coordinates": [[[-51.98327052123738, -29.48832018213007], [-51.98319423749595, -29.488334159614997], [-51.98312322483267, -29.48838097000646], [-51.98299860242015, -29.488554834256952], [-51.983037630159686, -29.488676151424986], [-51.9837162185592, -29.48860530602799], [-51.98348135980603, -29.488325114807054], [-51.98327052123738, -29.48832018213007]]]}}, {"id": "30", "type": "Feature", "properties": {"id": 36114, "codigo": "0950", "numero": null, "fl_rural": 0, "Destinação": "NÃO ATRIBUÍDO"}, "geometry": {"type": "Polygon", "coordinates": [[[-51.982805434866194, -29.486867673868957], [-51.9833087321489, -29.486748866272304], [-51.98346176314729, -29.4872318619054], [-51.98407285608318, -29.48708760249622], [-51.98402795292764, -29.486729387721102], [-51.984366574177926, -29.486546390114896], [-51.984157588653865, -29.48626817310367], [-51.98445067740861, -29.485643305713705], [-51.98418303649318, -29.485699433715006], [-51.98413038971644, -29.48566625002377], [-51.982288428402306, -29.486114283222022], [-51.982805434866194, -29.486867673868957]]]}}, {"id": "31", "type": "Feature", "properties": {"id": 38789, "codigo": "2175", "numero": null, "fl_rural": 0, "Destinação": null}, "geometry": {"type": "Polygon", "coordinates": [[[-51.98271469220718, -29.485674322991592], [-51.98262596837717, -29.4857470422754], [-51.98223153104973, -29.4857940612726], [-51.982092327494854, -29.485828559067198], [-51.98228840412375, -29.48611428882508], [-51.98413038971644, -29.48566625002377], [-51.9837400504242, -29.485420215995543], [-51.98271469220718, -29.485674322991592]]]}}, {"id": "32", "type": "Feature", "properties": {"id": 35285, "codigo": "0566", "numero": null, "fl_rural": 0, "Destinação": "NÃO ATRIBUÍDO"}, "geometry": {"type": "Polygon", "coordinates": [[[-51.98182236643672, -29.485553817347082], [-51.98196911556597, -29.48575041781443], [-51.98205521084466, -29.48572874970838], [-51.981775457552374, -29.48548296124641], [-51.98182236643672, -29.485553817347082]]]}}, {"id": "33", "type": "Feature", "properties": {"id": 35285, "codigo": "0566", "numero": null, "fl_rural": 0, "Destinação": "NÃO ATRIBUÍDO"}, "geometry": {"type": "Polygon", "coordinates": [[[-51.983284472806936, -29.485419374107554], [-51.98301485245414, -29.485428307482668], [-51.98291110245425, -29.4855133424241], [-51.983284472806936, -29.485419374107554]]]}}, {"id": "34", "type": "Feature", "properties": {"id": 35284, "codigo": "0579", "numero": null, "fl_rural": 0, "Destinação": "NÃO ATRIBUÍDO"}, "geometry": {"type": "Polygon", "coordinates": [[[-51.98291110245425, -29.4855133424241], [-51.982712740517684, -29.48567592262342], [-51.9837368212107, -29.48541818059604], [-51.98371602928516, -29.48540507527639], [-51.983284472806936, -29.485419374107554], [-51.98291110245425, -29.4855133424241]]]}}, {"id": "35", "type": "Feature", "properties": {"id": 35284, "codigo": "0579", "numero": null, "fl_rural": 0, "Destinação": "NÃO ATRIBUÍDO"}, "geometry": {"type": "Polygon", "coordinates": [[[-51.98196911556597, -29.48575041781443], [-51.982039820672405, -29.485845284009066], [-51.982253971371954, -29.485791386268534], [-51.98214173145339, -29.485804765855224], [-51.98205521084466, -29.48572874970838], [-51.98196911556597, -29.48575041781443]]]}}, {"id": "36", "type": "Feature", "properties": {"id": 11907, "codigo": "0846", "numero": "541", "fl_rural": 0, "Destinação": "NÃO ATRIBUÍDO"}, "geometry": {"type": "Polygon", "coordinates": [[[-51.97697357600112, -29.49426920343061], [-51.97707627466257, -29.49461324152004], [-51.97723339906135, -29.494558699822132], [-51.977021922451826, -29.494257926246476], [-51.97697357600112, -29.49426920343061]]]}}, {"id": "37", "type": "Feature", "properties": {"id": 11926, "codigo": "0362", "numero": "0", "fl_rural": 0, "Destinação": "NÃO ATRIBUÍDO"}, "geometry": {"type": "Polygon", "coordinates": [[[-51.977026246955646, -29.492171462936668], [-51.976903939534566, -29.492339408384918], [-51.97695526158954, -29.492448981663497], [-51.97703795254338, -29.492466423543625], [-51.977026246955646, -29.492171462936668]]]}}, {"id": "38", "type": "Feature", "properties": {"id": 11926, "codigo": "0362", "numero": "0", "fl_rural": 0, "Destinação": "NÃO ATRIBUÍDO"}, "geometry": {"type": "Polygon", "coordinates": [[[-51.97646918424711, -29.493053091299714], [-51.97630279860249, -29.49324683521053], [-51.976167659458284, -29.49338118741789], [-51.975923716205706, -29.49356087254919], [-51.975761400392386, -29.493697506901295], [-51.97613387345108, -29.494009568470045], [-51.97674350955588, -29.49386195223113], [-51.97653269004355, -29.493562113214953], [-51.97647626878863, -29.493057148588058], [-51.97646918424711, -29.493053091299714]]]}}, {"id": "39", "type": "Feature", "properties": {"id": 38272, "codigo": "0265", "numero": null, "fl_rural": 0, "Destinação": "NÃO ATRIBUÍDO"}, "geometry": {"type": "Polygon", "coordinates": [[[-51.97732975132643, -29.482754633079026], [-51.97765891322597, -29.48306650338768], [-51.978572246053545, -29.482838010196932], [-51.97864508394901, -29.482590691886223], [-51.978232361960025, -29.48257567791108], [-51.978219210242194, -29.48255739277018], [-51.97732975132643, -29.482754633079026]], [[-51.97744019764987, -29.482789066758485], [-51.97744045745998, -29.482816138753734], [-51.977419656773094, -29.482798242302376], [-51.97744019764987, -29.482789066758485]], [[-51.97740916983185, -29.482780270076862], [-51.97740908323133, -29.48277124607834], [-51.977419396968706, -29.48277117030688], [-51.97740916983185, -29.482780270076862]], [[-51.97744071727044, -29.482843210748857], [-51.97744063066691, -29.482834186750495], [-51.97745094441057, -29.482834110976462], [-51.97744071727044, -29.482843210748857]]]}}, {"id": "40", "type": "Feature", "properties": {"id": 38273, "codigo": "0205", "numero": null, "fl_rural": 0, "Destinação": "NÃO ATRIBUÍDO"}, "geometry": {"type": "Polygon", "coordinates": [[[-51.97726110800173, -29.482398900267352], [-51.97726140059983, -29.482429394826244], [-51.97725108689657, -29.48242947058466], [-51.97725752664054, -29.48240001447813], [-51.97713267743913, -29.482438856783602], [-51.9772706782392, -29.482634506259142], [-51.97813001613878, -29.48243338412202], [-51.97801282773723, -29.48227045434645], [-51.97803300436895, -29.48215875268006], [-51.97726110800173, -29.482398900267352]], [[-51.97724120611566, -29.48247466633941], [-51.97724163903901, -29.48251978633624], [-51.977231325326535, -29.482519862093337], [-51.97724120611566, -29.48247466633941]]]}}, {"id": "41", "type": "Feature", "properties": {"id": 36680, "codigo": "0221", "numero": null, "fl_rural": 0, "Destinação": "NÃO ATRIBUÍDO"}, "geometry": {"type": "Polygon", "coordinates": [[[-51.97782790144734, -29.480463494947376], [-51.97815671302164, -29.480363061750968], [-51.97803873021877, -29.480084214251246], [-51.97778365812395, -29.48016821927491], [-51.97782790144734, -29.480463494947376]]]}}, {"id": "42", "type": "Feature", "properties": {"id": 35818, "codigo": "0411", "numero": "sem", "fl_rural": 0, "Destinação": "OUTROS (mencione nas observações)"}, "geometry": {"type": "Polygon", "coordinates": [[[-51.979743015941544, -29.489489273193566], [-51.980115577964206, -29.48962810035115], [-51.980772397939326, -29.48928032366095], [-51.981156725834154, -29.4895572527376], [-51.98145964687375, -29.489515067880074], [-51.980604204702594, -29.48863385114002], [-51.980078526696374, -29.488768156682273], [-51.980080744624885, -29.48913056820396], [-51.979840428238, -29.48944624291727], [-51.979743015941544, -29.489489273193566]]]}}, {"id": "43", "type": "Feature", "properties": {"id": 35822, "codigo": "0137", "numero": null, "fl_rural": 0, "Destinação": "NÃO ATRIBUÍDO"}, "geometry": {"type": "Polygon", "coordinates": [[[-51.98154376301164, -29.48540078538178], [-51.98137492768273, -29.485440415054295], [-51.98139289132995, -29.485170377175475], [-51.98075648195749, -29.484198465546122], [-51.97860598438073, -29.48487538516428], [-51.97905386173179, -29.485459359664087], [-51.9793514547994, -29.48593387237915], [-51.98155828825779, -29.48542296804635], [-51.98154376301164, -29.48540078538178]]]}}, {"id": "44", "type": "Feature", "properties": {"id": 35951, "codigo": "0170", "numero": null, "fl_rural": 0, "Destinação": "NÃO ATRIBUÍDO"}, "geometry": {"type": "Polygon", "coordinates": [[[-51.978243452605255, -29.48436853366077], [-51.978431622595004, -29.484592476516802], [-51.97995850604273, -29.484163825064606], [-51.979846311533265, -29.483918554212035], [-51.978243452605255, -29.48436853366077]]]}}, {"id": "45", "type": "Feature", "properties": {"id": 35952, "codigo": "0200", "numero": null, "fl_rural": 0, "Destinação": "NÃO ATRIBUÍDO"}, "geometry": {"type": "Polygon", "coordinates": [[[-51.97981434281296, -29.48374496418723], [-51.979877400608615, -29.483878289358756], [-51.980073873915515, -29.483823217139822], [-51.98001030992288, -29.483688600577818], [-51.97981434281296, -29.48374496418723]]]}}, {"id": "46", "type": "Feature", "properties": {"id": 38271, "codigo": "0130", "numero": null, "fl_rural": 0, "Destinação": null}, "geometry": {"type": "Polygon", "coordinates": [[[-51.98029334347085, -29.483762424254355], [-51.98016922517709, -29.483646226140625], [-51.98000875585249, -29.4836851460894], [-51.980073907213956, -29.483823207806726], [-51.98029334347085, -29.483762424254355]]]}}, {"id": "47", "type": "Feature", "properties": {"id": 35821, "codigo": "0128", "numero": null, "fl_rural": 0, "Destinação": "NÃO ATRIBUÍDO"}, "geometry": {"type": "Polygon", "coordinates": [[[-51.980078526696374, -29.488768156682273], [-51.982009245563745, -29.488274865304366], [-51.98183941503736, -29.487136813512134], [-51.982635759199454, -29.486973428354794], [-51.98261513411466, -29.486942165180288], [-51.98001527700049, -29.487448215385907], [-51.97998128639188, -29.48755153711229], [-51.97997003095977, -29.48764673957271], [-51.97993012200598, -29.487819268523175], [-51.979935604725064, -29.487944203842936], [-51.980078526696374, -29.488768156682273]]]}}, {"id": "48", "type": "Feature", "properties": {"id": 35820, "codigo": "0124", "numero": null, "fl_rural": 0, "Destinação": "NÃO ATRIBUÍDO"}, "geometry": {"type": "Polygon", "coordinates": [[[-51.982989449143545, -29.488024414444624], [-51.9829924870684, -29.48790397739259], [-51.98297727899482, -29.487695176306662], [-51.98294059981931, -29.487533839299548], [-51.98287587381297, -29.487353633889157], [-51.98280499303537, -29.48722179940344], [-51.982635759199454, -29.486973428354794], [-51.98183941503736, -29.487136813512134], [-51.982009245563745, -29.488274865304366], [-51.982989449143545, -29.488024414444624]]]}}, {"id": "49", "type": "Feature", "properties": {"id": 38788, "codigo": "2406", "numero": null, "fl_rural": 0, "Destinação": null}, "geometry": {"type": "Polygon", "coordinates": [[[-51.9818473894843, -29.48587439336085], [-51.97972045895993, -29.486401435588228], [-51.97967414833203, -29.48674700657068], [-51.97976891230055, -29.487190714579985], [-51.979862465897966, -29.487479724796746], [-51.982584210461596, -29.486948184653382], [-51.9818473894843, -29.48587439336085]]]}}, {"id": "50", "type": "Feature", "properties": {"id": 35794, "codigo": "1306", "numero": null, "fl_rural": 0, "Destinação": "NÃO ATRIBUÍDO"}, "geometry": {"type": "Polygon", "coordinates": [[[-51.97292633783081, -29.495730567144395], [-51.97298342025019, -29.495645738034067], [-51.973125582077145, -29.49548370899009], [-51.97306908601647, -29.49545402925809], [-51.972852443631076, -29.495739591329173], [-51.97292633783081, -29.495730567144395]]]}}, {"id": "51", "type": "Feature", "properties": {"id": 35795, "codigo": "1288", "numero": null, "fl_rural": 0, "Destinação": "NÃO ATRIBUÍDO"}, "geometry": {"type": "Polygon", "coordinates": [[[-51.972959983418214, -29.495396712880492], [-51.973125582077145, -29.49548370899009], [-51.97324358494354, -29.495349215138695], [-51.97305197740029, -29.495257181619998], [-51.972959983418214, -29.495396712880492]]]}}, {"id": "52", "type": "Feature", "properties": {"id": 35796, "codigo": "0001", "numero": null, "fl_rural": 0, "Destinação": "NÃO ATRIBUÍDO"}, "geometry": {"type": "Polygon", "coordinates": [[[-51.973118730998664, -29.495289312483184], [-51.97324358516367, -29.495349214887792], [-51.97338980730269, -29.495182558100243], [-51.973118730998664, -29.495289312483184]]]}}, {"id": "53", "type": "Feature", "properties": {"id": 13952, "codigo": "0144", "numero": "840", "fl_rural": 0, "Destinação": "NÃO ATRIBUÍDO"}, "geometry": {"type": "Polygon", "coordinates": [[[-51.97281274802458, -29.475645832882236], [-51.97295828775551, -29.475711832025425], [-51.97315269674545, -29.47560295618845], [-51.973054064378324, -29.47551068759474], [-51.97281274802458, -29.475645832882236]]]}}, {"id": "54", "type": "Feature", "properties": {"id": 13942, "codigo": "0027", "numero": "826", "fl_rural": 0, "Destinação": "NÃO ATRIBUÍDO"}, "geometry": {"type": "Polygon", "coordinates": [[[-51.97270956435414, -29.475599041293798], [-51.97281274802458, -29.475645832882236], [-51.973054064378324, -29.47551068759474], [-51.9729937080995, -29.47543991128357], [-51.97270956435414, -29.475599041293798]]]}}, {"id": "55", "type": "Feature", "properties": {"id": 13943, "codigo": "0038", "numero": "0", "fl_rural": 0, "Destinação": "NÃO ATRIBUÍDO"}, "geometry": {"type": "Polygon", "coordinates": [[[-51.9729937080995, -29.47543991128357], [-51.972887780740336, -29.4753156962052], [-51.97256063507904, -29.475525939067587], [-51.97270956435414, -29.475599041293798], [-51.9729937080995, -29.47543991128357]]]}}, {"id": "56", "type": "Feature", "properties": {"id": 13944, "codigo": "0062", "numero": "0", "fl_rural": 0, "Destinação": "NÃO ATRIBUÍDO"}, "geometry": {"type": "Polygon", "coordinates": [[[-51.972887780740336, -29.4753156962052], [-51.97272579350264, -29.475086817926883], [-51.97228979112393, -29.47535116573176], [-51.97241517972913, -29.475467915751985], [-51.97256063507904, -29.475525939067587], [-51.972887780740336, -29.4753156962052]]]}}, {"id": "57", "type": "Feature", "properties": {"id": 13945, "codigo": "0074", "numero": "790", "fl_rural": 0, "Destinação": "NÃO ATRIBUÍDO"}, "geometry": {"type": "Polygon", "coordinates": [[[-51.97272426240687, -29.475084654539522], [-51.97266383775488, -29.47500323010939], [-51.97220925964994, -29.475276182347685], [-51.97228979112393, -29.47535116573176], [-51.97272426240687, -29.475084654539522]]]}}, {"id": "58", "type": "Feature", "properties": {"id": 13971, "codigo": "0576", "numero": "793", "fl_rural": 0, "Destinação": "NÃO ATRIBUÍDO"}, "geometry": {"type": "Polygon", "coordinates": [[[-51.973176979569445, -29.475046678096962], [-51.97312626671039, -29.474947895231672], [-51.972859213346624, -29.47505286519098], [-51.97292622565112, -29.475145241418744], [-51.973176979569445, -29.475046678096962]]]}}, {"id": "59", "type": "Feature", "properties": {"id": 13972, "codigo": "0588", "numero": "0", "fl_rural": 0, "Destinação": "NÃO ATRIBUÍDO"}, "geometry": {"type": "Polygon", "coordinates": [[[-51.97307555405426, -29.474849112252347], [-51.972792201269144, -29.474960489014876], [-51.972859213346624, -29.47505286519098], [-51.97312626671039, -29.474947895231672], [-51.97307555405426, -29.474849112252347]]]}}, {"id": "60", "type": "Feature", "properties": {"id": 13946, "codigo": "0080", "numero": "0", "fl_rural": 0, "Destinação": "NÃO ATRIBUÍDO"}, "geometry": {"type": "Polygon", "coordinates": [[[-51.97259061622932, -29.47490544128815], [-51.97211442284176, -29.475187878711235], [-51.97220925964994, -29.475276182347685], [-51.97266383775488, -29.47500323010939], [-51.97259061622932, -29.47490544128815]]]}}, {"id": "61", "type": "Feature", "properties": {"id": 13947, "codigo": "0090", "numero": "0", "fl_rural": 0, "Destinação": "NÃO ATRIBUÍDO"}, "geometry": {"type": "Polygon", "coordinates": [[[-51.972493411924276, -29.474775622418573], [-51.972207816621165, -29.474951591677414], [-51.97199600850852, -29.475080260842905], [-51.97211442284176, -29.475187878711235], [-51.97259061622932, -29.47490544128815], [-51.972493411924276, -29.474775622418573]]]}}, {"id": "62", "type": "Feature", "properties": {"id": 13948, "codigo": "0101", "numero": "730", "fl_rural": 0, "Destinação": "NÃO ATRIBUÍDO"}, "geometry": {"type": "Polygon", "coordinates": [[[-51.972164803483096, -29.474843070337236], [-51.97214625440506, -29.47494933822543], [-51.9720706793841, -29.474893420165802], [-51.97189426227736, -29.47498779101428], [-51.97199600850852, -29.475080260842905], [-51.972493411924276, -29.474775622418573], [-51.97243549312763, -29.47469827025577], [-51.972164803483096, -29.474843070337236]]]}}, {"id": "63", "type": "Feature", "properties": {"id": 13949, "codigo": "0112", "numero": "720", "fl_rural": 0, "Destinação": "NÃO ATRIBUÍDO"}, "geometry": {"type": "Polygon", "coordinates": [[[-51.9720706793841, -29.474893420165802], [-51.97197822230542, -29.474825011049013], [-51.971813473365536, -29.47491436763494], [-51.97189426227736, -29.47498779101428], [-51.9720706793841, -29.474893420165802]]]}}, {"id": "64", "type": "Feature", "properties": {"id": 13949, "codigo": "0112", "numero": "720", "fl_rural": 0, "Destinação": "NÃO ATRIBUÍDO"}, "geometry": {"type": "Polygon", "coordinates": [[[-51.97243549312763, -29.47469827025577], [-51.97237091405723, -29.474612022763417], [-51.97218779668205, -29.474711342027526], [-51.972164803483096, -29.474843070337236], [-51.97243549312763, -29.47469827025577]]]}}, {"id": "65", "type": "Feature", "properties": {"id": 13950, "codigo": "0123", "numero": "0", "fl_rural": 0, "Destinação": "NÃO ATRIBUÍDO"}, "geometry": {"type": "Polygon", "coordinates": [[[-51.97197822230542, -29.474825011049013], [-51.971885767968516, -29.474756603960866], [-51.97173063365919, -29.47483908033773], [-51.971813473365536, -29.47491436763494], [-51.97197822230542, -29.474825011049013]]]}}, {"id": "66", "type": "Feature", "properties": {"id": 13950, "codigo": "0123", "numero": "0", "fl_rural": 0, "Destinação": "NÃO ATRIBUÍDO"}, "geometry": {"type": "Polygon", "coordinates": [[[-51.97237091405723, -29.474612022763417], [-51.9723104119785, -29.474530844104397], [-51.972209982938786, -29.474584236699265], [-51.97218779668205, -29.474711342027526], [-51.97237091405723, -29.474612022763417]]]}}, {"id": "67", "type": "Feature", "properties": {"id": 13951, "codigo": "0134", "numero": "0", "fl_rural": 0, "Destinação": "NÃO ATRIBUÍDO"}, "geometry": {"type": "Polygon", "coordinates": [[[-51.971641947092984, -29.47471589988019], [-51.97173063365919, -29.47483908033773], [-51.971885767968516, -29.474756603960866], [-51.9717531266141, -29.47465846244442], [-51.971641947092984, -29.47471589988019]]]}}, {"id": "68", "type": "Feature", "properties": {"id": 13951, "codigo": "0134", "numero": "0", "fl_rural": 0, "Destinação": "NÃO ATRIBUÍDO"}, "geometry": {"type": "Polygon", "coordinates": [[[-51.9723104119785, -29.474530844104397], [-51.97223659160044, -29.47443179536087], [-51.972209982938786, -29.474584236699265], [-51.9723104119785, -29.474530844104397]]]}}, {"id": "69", "type": "Feature", "properties": {"id": 13953, "codigo": "0151", "numero": "680", "fl_rural": 0, "Destinação": "NÃO ATRIBUÍDO"}, "geometry": {"type": "Polygon", "coordinates": [[[-51.9717531266141, -29.47465846244442], [-51.97165305191266, -29.47458441703831], [-51.97157595828624, -29.474624245056884], [-51.971641947092984, -29.47471589988019], [-51.9717531266141, -29.47465846244442]]]}}, {"id": "70", "type": "Feature", "properties": {"id": 13954, "codigo": "0294", "numero": "0", "fl_rural": 0, "Destinação": "NÃO ATRIBUÍDO"}, "geometry": {"type": "Polygon", "coordinates": [[[-51.971132030958046, -29.473996698398206], [-51.97157595828624, -29.474624245056884], [-51.97165305191266, -29.47458441703831], [-51.971626905676175, -29.474565071402782], [-51.971459661727046, -29.474331651490495], [-51.97152042049612, -29.47421388739713], [-51.97103141441416, -29.47376622398974], [-51.97102189676813, -29.473521187577095], [-51.97084594654121, -29.473706378542502], [-51.971132030958046, -29.473996698398206]]]}}, {"id": "71", "type": "Feature", "properties": {"id": 13954, "codigo": "0294", "numero": "0", "fl_rural": 0, "Destinação": "NÃO ATRIBUÍDO"}, "geometry": {"type": "Polygon", "coordinates": [[[-51.9712228332546, -29.473309698097566], [-51.97112412945556, -29.4734135857262], [-51.97132507789052, -29.473412119120983], [-51.9712228332546, -29.473309698097566]]]}}, {"id": "72", "type": "Feature", "properties": {"id": 13954, "codigo": "0294", "numero": "0", "fl_rural": 0, "Destinação": "NÃO ATRIBUÍDO"}, "geometry": {"type": "Polygon", "coordinates": [[[-51.97156339310996, -29.47439406672672], [-51.97172779714761, -29.47432969367122], [-51.97168508246481, -29.47417658647591], [-51.97156339310996, -29.47439406672672]]]}}, {"id": "73", "type": "Feature", "properties": {"id": 13962, "codigo": "0393", "numero": "585", "fl_rural": 0, "Destinação": "NÃO ATRIBUÍDO"}, "geometry": {"type": "Polygon", "coordinates": [[[-51.97178556368229, -29.473619493666476], [-51.97205787010137, -29.473440856797126], [-51.97197162069679, -29.473381119458505], [-51.971724069380684, -29.473543516459628], [-51.97178556368229, -29.473619493666476]]]}}, {"id": "74", "type": "Feature", "properties": {"id": 13961, "codigo": "0387", "numero": "561", "fl_rural": 0, "Destinação": "NÃO ATRIBUÍDO"}, "geometry": {"type": "Polygon", "coordinates": [[[-51.9716569111419, -29.473477040674606], [-51.97175593176555, -29.473412081995466], [-51.97173543985102, -29.473391798286748], [-51.97181795688393, -29.47333766602766], [-51.9717630671635, -29.47328333406522], [-51.97158152954209, -29.47340242500379], [-51.9716569111419, -29.473477040674606]]]}}, {"id": "75", "type": "Feature", "properties": {"id": 13973, "codigo": "0596", "numero": "763", "fl_rural": 0, "Destinação": "NÃO ATRIBUÍDO"}, "geometry": {"type": "Polygon", "coordinates": [[[-51.973024841499644, -29.474750329340218], [-51.97272518921158, -29.47486811280173], [-51.972792201269144, -29.474960489014876], [-51.97307555405426, -29.474849112252347], [-51.973024841499644, -29.474750329340218]]]}}, {"id": "76", "type": "Feature", "properties": {"id": 13974, "codigo": "0600", "numero": "751", "fl_rural": 0, "Destinação": "NÃO ATRIBUÍDO"}, "geometry": {"type": "Polygon", "coordinates": [[[-51.97297412894167, -29.47465154631557], [-51.972658177277054, -29.474775736550793], [-51.97272518921158, -29.47486811280173], [-51.973024841499644, -29.474750329340218], [-51.97297412894167, -29.47465154631557]]]}}, {"id": "77", "type": "Feature", "properties": {"id": 13975, "codigo": "0612", "numero": "739", "fl_rural": 0, "Destinação": "NÃO ATRIBUÍDO"}, "geometry": {"type": "Polygon", "coordinates": [[[-51.972658177277054, -29.474775736550793], [-51.97297412894167, -29.47465154631557], [-51.97292393700112, -29.474553777172048], [-51.97259185325752, -29.474684308328342], [-51.972658177277054, -29.474775736550793]]]}}, {"id": "78", "type": "Feature", "properties": {"id": 13976, "codigo": "0640", "numero": "670", "fl_rural": 0, "Destinação": "NÃO ATRIBUÍDO"}, "geometry": {"type": "Polygon", "coordinates": [[[-51.97392797994934, -29.474783090823447], [-51.973722430268786, -29.47426900293194], [-51.973398864643585, -29.474320625227772], [-51.97341988822346, -29.474398548087237], [-51.97302929066621, -29.47453677464615], [-51.972904301629214, -29.47440710963339], [-51.97244857843627, -29.474486802105975], [-51.97259185325752, -29.474684308328342], [-51.97292393700112, -29.474553777172048], [-51.973176979569445, -29.475046678096962], [-51.97392797994934, -29.474783090823447]]]}}, {"id": "79", "type": "Feature", "properties": {"id": 13955, "codigo": "0056", "numero": "679", "fl_rural": 0, "Destinação": "NÃO ATRIBUÍDO"}, "geometry": {"type": "Polygon", "coordinates": [[[-51.97242471638977, -29.474453907905577], [-51.972873726391526, -29.47437539054281], [-51.972675119235866, -29.47416935327751], [-51.97285155837693, -29.47428538392245], [-51.97294308178317, -29.47414934497453], [-51.97295234228295, -29.474150461712444], [-51.97285646906767, -29.473746194681276], [-51.97211191829627, -29.474022708098758], [-51.97242471638977, -29.474453907905577]]]}}, {"id": "80", "type": "Feature", "properties": {"id": 13957, "codigo": "0144", "numero": "51", "fl_rural": 0, "Destinação": "NÃO ATRIBUÍDO"}, "geometry": {"type": "Polygon", "coordinates": [[[-51.97285646906767, -29.473746194681276], [-51.97295234228295, -29.474150461712444], [-51.973366427033355, -29.474200396829083], [-51.97338704969084, -29.474276833689498], [-51.97376900704679, -29.474201354531196], [-51.973849816518445, -29.474192077733644], [-51.97394797470334, -29.474198716398444], [-51.97357856002095, -29.473563802996463], [-51.97285646906767, -29.473746194681276]]]}}, {"id": "81", "type": "Feature", "properties": {"id": 13964, "codigo": "0490", "numero": "617", "fl_rural": 0, "Destinação": "NÃO ATRIBUÍDO"}, "geometry": {"type": "Polygon", "coordinates": [[[-51.97227241402849, -29.47330011225377], [-51.97178556368229, -29.473619493666476], [-51.971790769384945, -29.473625925364875], [-51.97201886466001, -29.473488274981847], [-51.97249506286257, -29.473674313385718], [-51.972486214286356, -29.473827797162926], [-51.97210420841903, -29.47378546513446], [-51.97201247663936, -29.473899846924084], [-51.97211191829627, -29.474022708098758], [-51.97285646906767, -29.473746194681276], [-51.97357856002095, -29.473563802996463], [-51.97227241402849, -29.47330011225377]]]}}, {"id": "82", "type": "Feature", "properties": {"id": 14053, "codigo": "0809", "numero": "242", "fl_rural": 0, "Destinação": "NÃO ATRIBUÍDO"}, "geometry": {"type": "Polygon", "coordinates": [[[-51.9725701339887, -29.470502707402822], [-51.97226217732209, -29.470528701941102], [-51.9722886110274, -29.47081871482489], [-51.97259618125987, -29.470788469896668], [-51.9725701339887, -29.470502707402822]]]}}, {"id": "83", "type": "Feature", "properties": {"id": 14049, "codigo": "0736", "numero": "0", "fl_rural": 0, "Destinação": "NÃO ATRIBUÍDO"}, "geometry": {"type": "Polygon", "coordinates": [[[-51.972808167122935, -29.47076762388646], [-51.97318039462752, -29.470731019419844], [-51.97314484247781, -29.470454194558734], [-51.972771957502395, -29.470485671124315], [-51.972808167122935, -29.47076762388646]], [[-51.97289804410141, -29.470512738382602], [-51.97290861508828, -29.47053973507105], [-51.97284682616237, -29.47054921144719], [-51.97289804410141, -29.470512738382602]], [[-51.973001169203506, -29.47051198441294], [-51.97300134153755, -29.47053003246699], [-51.972960091489874, -29.47053033406467], [-51.973001169203506, -29.47051198441294]], [[-51.97299214918891, -29.470647420218135], [-51.97310567312447, -29.470655614790054], [-51.97310601783173, -29.47069171089621], [-51.97299214918891, -29.470647420218135]]]}}, {"id": "84", "type": "Feature", "properties": {"id": 14045, "codigo": "0702", "numero": "227", "fl_rural": 0, "Destinação": "NÃO ATRIBUÍDO"}, "geometry": {"type": "Polygon", "coordinates": [[[-51.973188912349535, -29.470375572172628], [-51.97317775375966, -29.47026478888456], [-51.97274798073246, -29.470297541313787], [-51.97275730545244, -29.470408464438687], [-51.973188912349535, -29.470375572172628]]]}}, {"id": "85", "type": "Feature", "properties": {"id": 1217, "codigo": "0214", "numero": "0", "fl_rural": 0, "Destinação": "NÃO ATRIBUÍDO"}, "geometry": {"type": "Polygon", "coordinates": [[[-51.96930374958792, -29.47282762599379], [-51.96941586232807, -29.472875577202185], [-51.96940470466084, -29.47289491223432], [-51.969797563437346, -29.47306293909886], [-51.96983747427316, -29.47299986647722], [-51.970040683741054, -29.473088268445668], [-51.97005267196818, -29.47306749401155], [-51.97035317065768, -29.473186877765798], [-51.97040297567033, -29.47325648120525], [-51.970869403433134, -29.47294759957506], [-51.97049282946258, -29.472558213132352], [-51.97021170689953, -29.47235157444252], [-51.969734651134324, -29.472192556904847], [-51.96957683443599, -29.47256345606057], [-51.9696068750657, -29.47254925812019], [-51.969577826052806, -29.47274801227766], [-51.969518483011235, -29.472700592969424], [-51.96945556664296, -29.47284845836087], [-51.96932416101039, -29.47279225542115], [-51.96930374958792, -29.47282762599379]], [[-51.96996197483783, -29.473015952478235], [-51.97010463527202, -29.472834419371754], [-51.97017699639858, -29.472851941141872], [-51.97022073936993, -29.473113337288687], [-51.96996197483783, -29.473015952478235]], [[-51.97049789515053, -29.4729759463714], [-51.97045578458118, -29.4728860069099], [-51.97070294687651, -29.472848105538535], [-51.97049789515053, -29.4729759463714]]]}}, {"id": "86", "type": "Feature", "properties": {"id": 649, "codigo": "0330", "numero": "0", "fl_rural": 0, "Destinação": "NÃO AFETADO"}, "geometry": {"type": "Polygon", "coordinates": [[[-51.97059076725191, -29.472460598913585], [-51.97097051892855, -29.472880637608544], [-51.971028083619636, -29.472842516338414], [-51.97059076725191, -29.472460598913585]]]}}, {"id": "87", "type": "Feature", "properties": {"id": 650, "codigo": "0333", "numero": "433", "fl_rural": 0, "Destinação": "NÃO ATRIBUÍDO"}, "geometry": {"type": "Polygon", "coordinates": [[[-51.971313586505126, -29.47261454020482], [-51.971363728789804, -29.47259214248127], [-51.97138152178887, -29.472572079207367], [-51.97137648624308, -29.472546936993], [-51.97127975710344, -29.472461614698236], [-51.97125261204825, -29.472381030143445], [-51.97127437044328, -29.472273860468814], [-51.971314326113855, -29.472206325388473], [-51.97059076725191, -29.472460598913585], [-51.971028083619636, -29.472842516338414], [-51.971198386394796, -29.472729735702185], [-51.97125858867449, -29.472630678471106], [-51.971313586505126, -29.47261454020482]]]}}, {"id": "88", "type": "Feature", "properties": {"id": 648, "codigo": "0278", "numero": "425", "fl_rural": 0, "Destinação": "NÃO ATRIBUÍDO"}, "geometry": {"type": "Polygon", "coordinates": [[[-51.97134794565381, -29.47215837826852], [-51.97140067326017, -29.472105331253424], [-51.971484962672044, -29.472045783564962], [-51.97154672850234, -29.471965805098247], [-51.97048178183638, -29.47234005048859], [-51.97059076725191, -29.472460598913585], [-51.971314326113855, -29.472206325388473], [-51.97134794565381, -29.47215837826852]]]}}, {"id": "89", "type": "Feature", "properties": {"id": 647, "codigo": "0261", "numero": "401", "fl_rural": 0, "Destinação": "NÃO ATRIBUÍDO"}, "geometry": {"type": "Polygon", "coordinates": [[[-51.97084500863145, -29.47221240597075], [-51.970767900895645, -29.472004221119754], [-51.970658190856206, -29.4719485015128], [-51.970375813833776, -29.4722108240539], [-51.970357147228164, -29.472236797769078], [-51.97044449785665, -29.472298810770443], [-51.97048178183638, -29.47234005048859], [-51.97084500863145, -29.47221240597075]]]}}, {"id": "90", "type": "Feature", "properties": {"id": 819, "codigo": "0143", "numero": "340", "fl_rural": 0, "Destinação": "NÃO ATRIBUÍDO"}, "geometry": {"type": "Polygon", "coordinates": [[[-51.970414689159036, -29.472109505000347], [-51.970234374827264, -29.472025600040052], [-51.970099252275574, -29.472150396347132], [-51.97029924156346, -29.47221642610788], [-51.970414689159036, -29.472109505000347]]]}}, {"id": "91", "type": "Feature", "properties": {"id": 646, "codigo": "0200", "numero": "48", "fl_rural": 0, "Destinação": "NÃO ATRIBUÍDO"}, "geometry": {"type": "Polygon", "coordinates": [[[-51.97107469129412, -29.472131690602], [-51.97075011651397, -29.47186310403398], [-51.970658190856206, -29.4719485015128], [-51.970767900895645, -29.472004221119754], [-51.97084500863145, -29.47221240597075], [-51.97107469129412, -29.472131690602]]]}}, {"id": "92", "type": "Feature", "properties": {"id": 820, "codigo": "0155", "numero": "19", "fl_rural": 0, "Destinação": "NÃO ATRIBUÍDO"}, "geometry": {"type": "Polygon", "coordinates": [[[-51.97049543159796, -29.47203472571531], [-51.97030885169344, -29.47195681461106], [-51.970234374827264, -29.472025600040052], [-51.970414689159036, -29.472109505000347], [-51.97049543159796, -29.47203472571531]]]}}, {"id": "93", "type": "Feature", "properties": {"id": 817, "codigo": "0025", "numero": "347", "fl_rural": 0, "Destinação": "NÃO ATRIBUÍDO"}, "geometry": {"type": "Polygon", "coordinates": [[[-51.96992683843842, -29.472090191870954], [-51.970032202466335, -29.472126983497088], [-51.9701011682235, -29.471974478869758], [-51.96999589092509, -29.471938474064686], [-51.96992683843842, -29.472090191870954]]]}}, {"id": "94", "type": "Feature", "properties": {"id": 818, "codigo": "0032", "numero": "377", "fl_rural": 0, "Destinação": "NÃO ATRIBUÍDO"}, "geometry": {"type": "Polygon", "coordinates": [[[-51.97034684493756, -29.471921724682296], [-51.97015538736303, -29.47185458357535], [-51.970032202466335, -29.472126983497088], [-51.970099252275574, -29.472150396347132], [-51.97034684493756, -29.471921724682296]]]}}, {"id": "95", "type": "Feature", "properties": {"id": 821, "codigo": "0165", "numero": "29", "fl_rural": 0, "Destinação": "NÃO ATRIBUÍDO"}, "geometry": {"type": "Polygon", "coordinates": [[[-51.97056909118775, -29.471966505993578], [-51.97037809078798, -29.471891156295946], [-51.97030885169344, -29.47195681461106], [-51.97049543159796, -29.47203472571531], [-51.97056909118775, -29.471966505993578]]]}}, {"id": "96", "type": "Feature", "properties": {"id": 644, "codigo": "0187", "numero": "60", "fl_rural": 0, "Destinação": "NÃO ATRIBUÍDO"}, "geometry": {"type": "Polygon", "coordinates": [[[-51.97119527457064, -29.472089314870686], [-51.97082789958747, -29.471790844616216], [-51.97075011651397, -29.47186310403398], [-51.97107469129412, -29.472131690602], [-51.97119527457064, -29.472089314870686]]]}}, {"id": "97", "type": "Feature", "properties": {"id": 816, "codigo": "0014", "numero": "337", "fl_rural": 0, "Destinação": "NÃO ATRIBUÍDO"}, "geometry": {"type": "Polygon", "coordinates": [[[-51.96991893754244, -29.471771663907823], [-51.96979743358551, -29.472045005278467], [-51.96992683843842, -29.472090191870954], [-51.96999589092509, -29.471938474064686], [-51.9701011682235, -29.471974478869758], [-51.97015538736303, -29.47185458357535], [-51.96991893754244, -29.471771663907823]]]}}, {"id": "98", "type": "Feature", "properties": {"id": 652, "codigo": "0346", "numero": "435", "fl_rural": 0, "Destinação": "NÃO ATRIBUÍDO"}, "geometry": {"type": "Polygon", "coordinates": [[[-51.97123168095482, -29.471824680932187], [-51.971122768106376, -29.471786829044262], [-51.971048477503516, -29.471970051277204], [-51.97114194764767, -29.472045990056774], [-51.97123168095482, -29.471824680932187]]]}}, {"id": "99", "type": "Feature", "properties": {"id": 823, "codigo": "0176", "numero": "39", "fl_rural": 0, "Destinação": "NÃO ATRIBUÍDO"}, "geometry": {"type": "Polygon", "coordinates": [[[-51.97064452133388, -29.47189664635188], [-51.97045096990733, -29.47181985734044], [-51.97037809078798, -29.471891156295946], [-51.97056909118775, -29.471966505993578], [-51.97064452133388, -29.47189664635188]]]}}, {"id": "100", "type": "Feature", "properties": {"id": 645, "codigo": "0199", "numero": "64", "fl_rural": 0, "Destinação": "NÃO ATRIBUÍDO"}, "geometry": {"type": "Polygon", "coordinates": [[[-51.971122768106376, -29.471786829044262], [-51.970911325162675, -29.47171334325582], [-51.97082789958747, -29.471790844616216], [-51.971048477503516, -29.471970051277204], [-51.971122768106376, -29.471786829044262]]]}}, {"id": "101", "type": "Feature", "properties": {"id": 825, "codigo": "0187", "numero": "49", "fl_rural": 0, "Destinação": "NÃO ATRIBUÍDO"}, "geometry": {"type": "Polygon", "coordinates": [[[-51.97072243028932, -29.47182449076243], [-51.97052316134597, -29.471749231005518], [-51.97045096990733, -29.47181985734044], [-51.97064452133388, -29.47189664635188], [-51.97072243028932, -29.47182449076243]]]}}, {"id": "102", "type": "Feature", "properties": {"id": 822, "codigo": "0170", "numero": "382", "fl_rural": 0, "Destinação": "NÃO ATRIBUÍDO"}, "geometry": {"type": "Polygon", "coordinates": [[[-51.970278877440514, -29.471897889613725], [-51.97034684493756, -29.471921724682296], [-51.97059191499893, -29.471681967747173], [-51.970473051357, -29.471640290147548], [-51.970278877440514, -29.471897889613725]]]}}, {"id": "103", "type": "Feature", "properties": {"id": 828, "codigo": "0235", "numero": "0", "fl_rural": 0, "Destinação": "NÃO ATRIBUÍDO"}, "geometry": {"type": "Polygon", "coordinates": [[[-51.97027559395508, -29.471784934930497], [-51.96996193112859, -29.471674943075392], [-51.96991893754244, -29.471771663907823], [-51.97023259860689, -29.47188166038399], [-51.97027559395508, -29.471784934930497]]]}}, {"id": "104", "type": "Feature", "properties": {"id": 826, "codigo": "0197", "numero": "59", "fl_rural": 0, "Destinação": "NÃO ATRIBUÍDO"}, "geometry": {"type": "Polygon", "coordinates": [[[-51.97059191499893, -29.471681967747173], [-51.97052316134597, -29.471749231005518], [-51.97072243028932, -29.47182449076243], [-51.97079821435597, -29.471754303114768], [-51.97059191499893, -29.471681967747173]]]}}, {"id": "105", "type": "Feature", "properties": {"id": 13960, "codigo": "0376", "numero": "0", "fl_rural": 0, "Destinação": "NÃO ATRIBUÍDO"}, "geometry": {"type": "Polygon", "coordinates": [[[-51.971724069380684, -29.473543516459628], [-51.97197162069679, -29.473381119458505], [-51.97205787010137, -29.473440856797126], [-51.97227241402849, -29.47330011225377], [-51.97199065318305, -29.473287865043165], [-51.97174848877549, -29.473170164588115], [-51.97150093759462, -29.473332561265806], [-51.97158152954209, -29.47340242500379], [-51.9717630671635, -29.47328333406522], [-51.97181795688393, -29.47333766602766], [-51.97173543985102, -29.473391798286748], [-51.97175593176555, -29.473412081995466], [-51.9716569111419, -29.473477040674606], [-51.971724069380684, -29.473543516459628]]]}}, {"id": "106", "type": "Feature", "properties": {"id": 13963, "codigo": "0437", "numero": "0", "fl_rural": 0, "Destinação": "NÃO AFETADO"}, "geometry": {"type": "Polygon", "coordinates": [[[-51.971178570805854, -29.473053105703563], [-51.97150093759462, -29.473332561265806], [-51.97174848877549, -29.473170164588115], [-51.971178570805854, -29.473053105703563]]]}}, {"id": "107", "type": "Feature", "properties": {"id": 643, "codigo": "0179", "numero": "445", "fl_rural": 0, "Destinação": "NÃO ATRIBUÍDO"}, "geometry": {"type": "Polygon", "coordinates": [[[-51.97125439999174, -29.471768648873688], [-51.97114194764767, -29.472045990056774], [-51.97119527457064, -29.472089314870686], [-51.97154672850234, -29.471965805098247], [-51.97156461522054, -29.471933228428895], [-51.97157877375284, -29.47187485600348], [-51.9715735203265, -29.47183137475448], [-51.9715515947401, -29.4717816634934], [-51.97151094094271, -29.47173668963641], [-51.971419039665726, -29.471686225022673], [-51.97140254956675, -29.47166040437983], [-51.97125439999174, -29.471768648873688]]]}}, {"id": "108", "type": "Feature", "properties": {"id": 642, "codigo": "0176", "numero": "445", "fl_rural": 0, "Destinação": "NÃO ATRIBUÍDO"}, "geometry": {"type": "Polygon", "coordinates": [[[-51.971113504946246, -29.471719681802576], [-51.97125439999174, -29.471768648873688], [-51.97140254956675, -29.47166040437983], [-51.97141157754726, -29.4716276456619], [-51.97154234313491, -29.47151027448177], [-51.9716226275878, -29.471411223706586], [-51.97163495195826, -29.471359173441584], [-51.97162775986923, -29.47131257984396], [-51.971615412259396, -29.471291413589665], [-51.971582879189974, -29.471276299183543], [-51.97153294964238, -29.47127666371271], [-51.971354143076546, -29.471348233457917], [-51.9712780320746, -29.471365852279487], [-51.971113504946246, -29.471719681802576]]]}}, {"id": "109", "type": "Feature", "properties": {"id": 36277, "codigo": "0230", "numero": null, "fl_rural": 0, "Destinação": "NÃO ATRIBUÍDO"}, "geometry": {"type": "Polygon", "coordinates": [[[-51.97193731930908, -29.470360259032468], [-51.971947840356805, -29.470468159072883], [-51.972254571528396, -29.470445256950068], [-51.97224473185246, -29.470337301783484], [-51.97193731930908, -29.470360259032468]]]}}, {"id": "110", "type": "Feature", "properties": {"id": 14052, "codigo": "0770", "numero": "224", "fl_rural": 0, "Destinação": "NÃO ATRIBUÍDO"}, "geometry": {"type": "Polygon", "coordinates": [[[-51.97225574739265, -29.47045815777177], [-51.97256006621924, -29.470429802093822], [-51.972551192023644, -29.47030876867443], [-51.97224473381481, -29.470337323699066], [-51.97225574739265, -29.47045815777177]]]}}, {"id": "111", "type": "Feature", "properties": {"id": 36276, "codigo": "0218", "numero": null, "fl_rural": 0, "Destinação": "NÃO ATRIBUÍDO"}, "geometry": {"type": "Polygon", "coordinates": [[[-51.97223243312909, -29.47020236722321], [-51.971924168034896, -29.47022538390996], [-51.97193731930908, -29.470360259032468], [-51.97224473185246, -29.470337301783484], [-51.97223243312909, -29.47020236722321]]]}}, {"id": "112", "type": "Feature", "properties": {"id": 14051, "codigo": "0757", "numero": "212", "fl_rural": 0, "Destinação": "NÃO ATRIBUÍDO"}, "geometry": {"type": "Polygon", "coordinates": [[[-51.97224473381481, -29.470337323699066], [-51.972551192023644, -29.47030876867443], [-51.97254293818783, -29.470196195847603], [-51.972233747446936, -29.47021678732812], [-51.97224473381481, -29.470337323699066]]]}}, {"id": "113", "type": "Feature", "properties": {"id": 14050, "codigo": "0745", "numero": "200", "fl_rural": 0, "Destinação": "NÃO ATRIBUÍDO"}, "geometry": {"type": "Polygon", "coordinates": [[[-51.972224058834826, -29.470110488881865], [-51.972233747446936, -29.47021678732812], [-51.97254293818783, -29.470196195847603], [-51.97254165118232, -29.470178642576453], [-51.972533919581736, -29.470181487592246], [-51.972278343677566, -29.470106890560533], [-51.972224058834826, -29.470110488881865]]]}}, {"id": "114", "type": "Feature", "properties": {"id": 35936, "codigo": "0207", "numero": null, "fl_rural": 0, "Destinação": "NÃO ATRIBUÍDO"}, "geometry": {"type": "Polygon", "coordinates": [[[-51.97190935527067, -29.470054406938814], [-51.97192519552942, -29.470225307186563], [-51.97223243312909, -29.47020236722321], [-51.97222223826517, -29.47009051461444], [-51.972171949720455, -29.470075836485158], [-51.97215846581187, -29.470035807030367], [-51.97190935527067, -29.470054406938814]]]}}, {"id": "115", "type": "Feature", "properties": {"id": 824, "codigo": "0181", "numero": "368", "fl_rural": 0, "Destinação": "NÃO ATRIBUÍDO"}, "geometry": {"type": "Polygon", "coordinates": [[[-51.970473051357, -29.471640290147548], [-51.97035784558426, -29.471599894974492], [-51.97023259860689, -29.47188166038399], [-51.970278877440514, -29.471897889613725], [-51.970473051357, -29.471640290147548]]]}}, {"id": "116", "type": "Feature", "properties": {"id": 827, "codigo": "0223", "numero": "140", "fl_rural": 0, "Destinação": "NÃO ATRIBUÍDO"}, "geometry": {"type": "Polygon", "coordinates": [[[-51.97035784558426, -29.471599894974492], [-51.97004417951552, -29.47148991180963], [-51.96996193112859, -29.471674943075392], [-51.97027559395508, -29.471784934930497], [-51.97035784558426, -29.471599894974492]]]}}, {"id": "117", "type": "Feature", "properties": {"id": 651, "codigo": "0345", "numero": "435", "fl_rural": 0, "Destinação": "NÃO ATRIBUÍDO"}, "geometry": {"type": "Polygon", "coordinates": [[[-51.97099848860398, -29.471679708522807], [-51.971113504946246, -29.471719681802576], [-51.9712780320746, -29.471365852279487], [-51.97119721943696, -29.471379492105765], [-51.97112801986061, -29.471378520413523], [-51.97099848860398, -29.471679708522807]]]}}, {"id": "118", "type": "Feature", "properties": {"id": 641, "codigo": "0157", "numero": ",", "fl_rural": 0, "Destinação": "NÃO ATRIBUÍDO"}, "geometry": {"type": "Polygon", "coordinates": [[[-51.97112801986061, -29.471378520413523], [-51.971056775585815, -29.471369888765274], [-51.97100575413408, -29.47133617465832], [-51.97088347245257, -29.47163973514052], [-51.97099848860398, -29.471679708522807], [-51.97112801986061, -29.471378520413523]]]}}, {"id": "119", "type": "Feature", "properties": {"id": 640, "codigo": "0149", "numero": "411", "fl_rural": 0, "Destinação": "NÃO ATRIBUÍDO"}, "geometry": {"type": "Polygon", "coordinates": [[[-51.97071094823614, -29.471579774967747], [-51.97088347245257, -29.47163973514052], [-51.97100575413408, -29.47133617465832], [-51.970980330126785, -29.471312642191485], [-51.97071094823614, -29.471579774967747]]]}}, {"id": "120", "type": "Feature", "properties": {"id": 638, "codigo": "0131", "numero": "397", "fl_rural": 0, "Destinação": "NÃO ATRIBUÍDO"}, "geometry": {"type": "Polygon", "coordinates": [[[-51.97062429091716, -29.4715482492277], [-51.97071094823614, -29.471579774967747], [-51.970980330126785, -29.471312642191485], [-51.97091193450235, -29.47127733589067], [-51.970757515469, -29.471258099564725], [-51.97062429091716, -29.4715482492277]]]}}, {"id": "121", "type": "Feature", "properties": {"id": 637, "codigo": "0121", "numero": "381", "fl_rural": 0, "Destinação": "NÃO ATRIBUÍDO"}, "geometry": {"type": "Polygon", "coordinates": [[[-51.97075117177573, -29.47127191539515], [-51.97064655372261, -29.47123385561111], [-51.97051967262159, -29.471510189350916], [-51.97062429091716, -29.4715482492277], [-51.97075117177573, -29.47127191539515]]]}}, {"id": "122", "type": "Feature", "properties": {"id": 635, "codigo": "0099", "numero": "176", "fl_rural": 0, "Destinação": "NÃO ATRIBUÍDO"}, "geometry": {"type": "Polygon", "coordinates": [[[-51.97045721596038, -29.471379970027666], [-51.97014298994921, -29.471265654366405], [-51.970100671046765, -29.471357756391697], [-51.97041492213942, -29.4714720812602], [-51.97045721596038, -29.471379970027666]]]}}, {"id": "123", "type": "Feature", "properties": {"id": 636, "codigo": "0110", "numero": "0", "fl_rural": 0, "Destinação": "NÃO ATRIBUÍDO"}, "geometry": {"type": "Polygon", "coordinates": [[[-51.97041492213942, -29.4714720812602], [-51.97051967262159, -29.471510189350916], [-51.97064655372261, -29.47123385561111], [-51.970541803483165, -29.471195747613304], [-51.97041492213942, -29.4714720812602]]]}}, {"id": "124", "type": "Feature", "properties": {"id": 634, "codigo": "0055", "numero": "186", "fl_rural": 0, "Destinação": "NÃO ATRIBUÍDO"}, "geometry": {"type": "Polygon", "coordinates": [[[-51.97014298994921, -29.471265654366405], [-51.97045721596038, -29.471379970027666], [-51.97049374239712, -29.471300419489296], [-51.97017953801737, -29.471186111603533], [-51.97014298994921, -29.471265654366405]]]}}, {"id": "125", "type": "Feature", "properties": {"id": 1201, "codigo": "0297", "numero": "281", "fl_rural": 0, "Destinação": "NÃO ATRIBUÍDO"}, "geometry": {"type": "Polygon", "coordinates": [[[-51.96935073104539, -29.471564781855033], [-51.969226130162234, -29.471842681266104], [-51.969331275951326, -29.471879947487206], [-51.96945484040657, -29.471601885508825], [-51.96935073104539, -29.471564781855033]]]}}, {"id": "126", "type": "Feature", "properties": {"id": 1200, "codigo": "0286", "numero": "269", "fl_rural": 0, "Destinação": "NÃO ATRIBUÍDO"}, "geometry": {"type": "Polygon", "coordinates": [[[-51.96924518912286, -29.47152716755883], [-51.96912098444797, -29.471805414959945], [-51.969226130162234, -29.471842681266104], [-51.96935073104539, -29.471564781855033], [-51.96924518912286, -29.47152716755883]]]}}, {"id": "127", "type": "Feature", "properties": {"id": 1199, "codigo": "0275", "numero": "239", "fl_rural": 0, "Destinação": "NÃO ATRIBUÍDO"}, "geometry": {"type": "Polygon", "coordinates": [[[-51.96880554785824, -29.47169361562062], [-51.96912098444797, -29.471805414959945], [-51.96924518912286, -29.47152716755883], [-51.968928086127406, -29.47141415381896], [-51.96880554785824, -29.47169361562062]]]}}, {"id": "128", "type": "Feature", "properties": {"id": 1205, "codigo": "0386", "numero": "137", "fl_rural": 0, "Destinação": "NÃO ATRIBUÍDO"}, "geometry": {"type": "Polygon", "coordinates": [[[-51.969537712764485, -29.471417067579633], [-51.96945484040657, -29.471601885508825], [-51.96976911547756, -29.471713889678682], [-51.96985015234061, -29.471528079774835], [-51.969537712764485, -29.471417067579633]]]}}, {"id": "129", "type": "Feature", "properties": {"id": 1198, "codigo": "0243", "numero": "217", "fl_rural": 0, "Destinação": "NÃO ATRIBUÍDO"}, "geometry": {"type": "Polygon", "coordinates": [[[-51.9683825770413, -29.471543701531917], [-51.96880554785824, -29.47169361562062], [-51.968928086127406, -29.47141415381896], [-51.968507830208736, -29.471264375473535], [-51.9683825770413, -29.471543701531917]], [[-51.9686901753274, -29.47159029567876], [-51.96854451183189, -29.471455986008028], [-51.96878195945293, -29.47148133157822], [-51.9686901753274, -29.47159029567876]]]}}, {"id": "130", "type": "Feature", "properties": {"id": 1189, "codigo": "0044", "numero": "276", "fl_rural": 0, "Destinação": "NÃO AFETADO"}, "geometry": {"type": "Polygon", "coordinates": [[[-51.96947499841515, -29.47128764752068], [-51.96935073104539, -29.471564781855033], [-51.96945484040657, -29.471601885508825], [-51.969579148937434, -29.47132465864074], [-51.96947499841515, -29.47128764752068]]]}}, {"id": "131", "type": "Feature", "properties": {"id": 1188, "codigo": "0033", "numero": "167", "fl_rural": 0, "Destinação": "NÃO ATRIBUÍDO"}, "geometry": {"type": "Polygon", "coordinates": [[[-51.969579148937434, -29.47132465864074], [-51.969537712764485, -29.471417067579633], [-51.96985015234061, -29.471528079774835], [-51.969890600265146, -29.471435336182683], [-51.969579148937434, -29.47132465864074]]]}}, {"id": "132", "type": "Feature", "properties": {"id": 1190, "codigo": "0055", "numero": "266", "fl_rural": 0, "Destinação": "NÃO ATRIBUÍDO"}, "geometry": {"type": "Polygon", "coordinates": [[[-51.969369414726266, -29.471250126846748], [-51.96924518912286, -29.47152716755883], [-51.96935073104539, -29.471564781855033], [-51.96947499841515, -29.47128764752068], [-51.969369414726266, -29.471250126846748]]]}}, {"id": "133", "type": "Feature", "properties": {"id": 1191, "codigo": "0066", "numero": "256", "fl_rural": 0, "Destinação": "NÃO ATRIBUÍDO"}, "geometry": {"type": "Polygon", "coordinates": [[[-51.96926144231547, -29.471211757299113], [-51.969137259379686, -29.471488702124116], [-51.96924518912286, -29.47152716755883], [-51.969369414726266, -29.471250126846748], [-51.96926144231547, -29.471211757299113]]]}}, {"id": "134", "type": "Feature", "properties": {"id": 1192, "codigo": "0077", "numero": "246", "fl_rural": 0, "Destinação": "NÃO ATRIBUÍDO"}, "geometry": {"type": "Polygon", "coordinates": [[[-51.969156814339925, -29.471174576039537], [-51.96903267266518, -29.471451428059112], [-51.969137259379686, -29.471488702124116], [-51.96926144231547, -29.471211757299113], [-51.969156814339925, -29.471174576039537]]]}}, {"id": "135", "type": "Feature", "properties": {"id": 1193, "codigo": "0088", "numero": "0", "fl_rural": 0, "Destinação": "NÃO ATRIBUÍDO"}, "geometry": {"type": "Polygon", "coordinates": [[[-51.968928086127406, -29.47141415381896], [-51.96903267266518, -29.471451428059112], [-51.969156814339925, -29.471174576039537], [-51.969052186336405, -29.471137394786723], [-51.968928086127406, -29.47141415381896]]]}}, {"id": "136", "type": "Feature", "properties": {"id": 1194, "codigo": "0099", "numero": "228", "fl_rural": 0, "Destinação": "NÃO ATRIBUÍDO"}, "geometry": {"type": "Polygon", "coordinates": [[[-51.96894708073001, -29.471100043564004], [-51.96882302198323, -29.47137670933784], [-51.968928086127406, -29.47141415381896], [-51.969052186336405, -29.471137394786723], [-51.96894708073001, -29.471100043564004]]]}}, {"id": "137", "type": "Feature", "properties": {"id": 1197, "codigo": "0165", "numero": "128", "fl_rural": 0, "Destinação": "NÃO ATRIBUÍDO"}, "geometry": {"type": "Polygon", "coordinates": [[[-51.96856960901718, -29.471126602603956], [-51.968507830208736, -29.471264375473535], [-51.96882302198323, -29.47137670933784], [-51.96888492575431, -29.471238656738368], [-51.96856960901718, -29.471126602603956]]]}}, {"id": "138", "type": "Feature", "properties": {"id": 1195, "codigo": "0106", "numero": "0", "fl_rural": 0, "Destinação": "NÃO ATRIBUÍDO"}, "geometry": {"type": "Polygon", "coordinates": [[[-51.96894708073001, -29.471100043564004], [-51.968875417874244, -29.471074576838046], [-51.968813262814535, -29.47121318998129], [-51.96888492575431, -29.471238656738368], [-51.96894708073001, -29.471100043564004]]]}}, {"id": "139", "type": "Feature", "properties": {"id": 1196, "codigo": "0149", "numero": "144", "fl_rural": 0, "Destinação": "NÃO ATRIBUÍDO"}, "geometry": {"type": "Polygon", "coordinates": [[[-51.968813262814535, -29.47121318998129], [-51.968875417874244, -29.471074576838046], [-51.96863176425935, -29.470987989567107], [-51.96856960901718, -29.471126602603956], [-51.968813262814535, -29.47121318998129]]]}}, {"id": "140", "type": "Feature", "properties": {"id": 1183, "codigo": "0297", "numero": "275", "fl_rural": 0, "Destinação": "NÃO ATRIBUÍDO"}, "geometry": {"type": "Polygon", "coordinates": [[[-51.96963799960534, -29.471193669713468], [-51.96976252621653, -29.47091651797418], [-51.96965719230142, -29.470879680944602], [-51.969532663054636, -29.47115682006547], [-51.96963799960534, -29.471193669713468]]]}}, {"id": "141", "type": "Feature", "properties": {"id": 1182, "codigo": "0286", "numero": "265", "fl_rural": 0, "Destinação": "NÃO ATRIBUÍDO"}, "geometry": {"type": "Polygon", "coordinates": [[[-51.969532663054636, -29.47115682006547], [-51.96965719230142, -29.470879680944602], [-51.96955185835638, -29.47084284374021], [-51.96942732647577, -29.47111997042315], [-51.969532663054636, -29.47115682006547]]]}}, {"id": "142", "type": "Feature", "properties": {"id": 1181, "codigo": "0275", "numero": "257", "fl_rural": 0, "Destinação": "NÃO ATRIBUÍDO"}, "geometry": {"type": "Polygon", "coordinates": [[[-51.96942732647577, -29.47111997042315], [-51.96955185835638, -29.47084284374021], [-51.96944652458853, -29.47080600644973], [-51.96932198997013, -29.471083120605247], [-51.96942732647577, -29.47111997042315]]]}}, {"id": "143", "type": "Feature", "properties": {"id": 1180, "codigo": "0264", "numero": "249", "fl_rural": 0, "Destinação": "NÃO ATRIBUÍDO"}, "geometry": {"type": "Polygon", "coordinates": [[[-51.96932198997013, -29.471083120605247], [-51.96944652458853, -29.47080600644973], [-51.96934119079249, -29.470769169164907], [-51.96921665353947, -29.471046270792236], [-51.96932198997013, -29.471083120605247]]]}}, {"id": "144", "type": "Feature", "properties": {"id": 1173, "codigo": "0153", "numero": "239", "fl_rural": 0, "Destinação": "NÃO ATRIBUÍDO"}, "geometry": {"type": "Polygon", "coordinates": [[[-51.96921665353947, -29.471046270792236], [-51.96934119079249, -29.470769169164907], [-51.96923585706966, -29.47073233170451], [-51.96911131718203, -29.47100942080366], [-51.96921665353947, -29.471046270792236]]]}}, {"id": "145", "type": "Feature", "properties": {"id": 633, "codigo": "0045", "numero": "196", "fl_rural": 0, "Destinação": "NÃO ATRIBUÍDO"}, "geometry": {"type": "Polygon", "coordinates": [[[-51.97017953801737, -29.471186111603533], [-51.97049374239712, -29.471300419489296], [-51.970541803483165, -29.471195747613304], [-51.97022762763309, -29.47108145018595], [-51.97017953801737, -29.471186111603533]]]}}, {"id": "146", "type": "Feature", "properties": {"id": 1184, "codigo": "0352", "numero": "289", "fl_rural": 0, "Destinação": "NÃO ATRIBUÍDO"}, "geometry": {"type": "Polygon", "coordinates": [[[-51.96995401001056, -29.47130421805289], [-51.97003695286172, -29.471119579440998], [-51.969721017419005, -29.47100890186969], [-51.96963799960534, -29.471193669713468], [-51.96995401001056, -29.47130421805289]]]}}, {"id": "147", "type": "Feature", "properties": {"id": 639, "codigo": "0142", "numero": "0", "fl_rural": 0, "Destinação": "NÃO ATRIBUÍDO"}, "geometry": {"type": "Polygon", "coordinates": [[[-51.970541803483165, -29.471195747613304], [-51.97075117177573, -29.47127191539515], [-51.97078358383458, -29.4712013248744], [-51.97101950514722, -29.471036438948236], [-51.97067060627837, -29.470915227729463], [-51.970541803483165, -29.471195747613304]]]}}, {"id": "148", "type": "Feature", "properties": {"id": 632, "codigo": "0033", "numero": "206", "fl_rural": 0, "Destinação": "NÃO ATRIBUÍDO"}, "geometry": {"type": "Polygon", "coordinates": [[[-51.97022762763309, -29.47108145018595], [-51.970541803483165, -29.471195747613304], [-51.97058601941057, -29.471099449769998], [-51.970269946311404, -29.47098934803153], [-51.97022762763309, -29.47108145018595]]]}}, {"id": "149", "type": "Feature", "properties": {"id": 1185, "codigo": "0363", "numero": "0", "fl_rural": 0, "Destinação": "NÃO ATRIBUÍDO"}, "geometry": {"type": "Polygon", "coordinates": [[[-51.97007842327066, -29.471027262334047], [-51.96976252621653, -29.47091651797418], [-51.969721017419005, -29.47100890186969], [-51.97003695286172, -29.471119579440998], [-51.97007842327066, -29.471027262334047]]]}}, {"id": "150", "type": "Feature", "properties": {"id": 631, "codigo": "0022", "numero": "220", "fl_rural": 0, "Destinação": "NÃO ATRIBUÍDO"}, "geometry": {"type": "Polygon", "coordinates": [[[-51.970269946311404, -29.47098934803153], [-51.97058601941057, -29.471099449769998], [-51.9706283128301, -29.471007338756586], [-51.97031226491615, -29.47089724595439], [-51.970269946311404, -29.47098934803153]]]}}, {"id": "151", "type": "Feature", "properties": {"id": 1186, "codigo": "0374", "numero": "205", "fl_rural": 0, "Destinação": "NÃO ATRIBUÍDO"}, "geometry": {"type": "Polygon", "coordinates": [[[-51.97011989279701, -29.47093494684494], [-51.969804034837786, -29.470824134066927], [-51.96976252621653, -29.47091651797418], [-51.97007842327066, -29.471027262334047], [-51.97011989279701, -29.47093494684494]]]}}, {"id": "152", "type": "Feature", "properties": {"id": 630, "codigo": "0011", "numero": "230", "fl_rural": 0, "Destinação": "NÃO ATRIBUÍDO"}, "geometry": {"type": "Polygon", "coordinates": [[[-51.97031226491615, -29.47089724595439], [-51.9706283128301, -29.471007338756586], [-51.97067060627837, -29.470915227729463], [-51.970346188322495, -29.470802520423224], [-51.97031226491615, -29.47089724595439]]]}}, {"id": "153", "type": "Feature", "properties": {"id": 1187, "codigo": "0385", "numero": "225", "fl_rural": 0, "Destinação": "NÃO ATRIBUÍDO"}, "geometry": {"type": "Polygon", "coordinates": [[[-51.97016136154307, -29.470842632882718], [-51.969845543488994, -29.47073175014647], [-51.969804034837786, -29.470824134066927], [-51.97011989279701, -29.47093494684494], [-51.97016136154307, -29.470842632882718]]]}}, {"id": "154", "type": "Feature", "properties": {"id": 1165, "codigo": "0033", "numero": "237", "fl_rural": 0, "Destinação": "NÃO ATRIBUÍDO"}, "geometry": {"type": "Polygon", "coordinates": [[[-51.96988789202546, -29.470637496679647], [-51.969845543488994, -29.47073175014647], [-51.97016136154307, -29.470842632882718], [-51.9702024189776, -29.4707512344799], [-51.96988789202546, -29.470637496679647]]]}}, {"id": "155", "type": "Feature", "properties": {"id": 11892, "codigo": "0463", "numero": "4575", "fl_rural": 0, "Destinação": "NÃO ATRIBUÍDO"}, "geometry": {"type": "Polygon", "coordinates": [[[-51.975355502947146, -29.49517792942339], [-51.97545879555948, -29.49482070888417], [-51.97542103741068, -29.494686822519615], [-51.97522701830928, -29.494731475141077], [-51.974663015228984, -29.49484816469507], [-51.97443098660321, -29.49490874654427], [-51.97437241090045, -29.495265560370672], [-51.974118044673176, -29.495471288326897], [-51.975355502947146, -29.49517792942339]]]}}, {"id": "156", "type": "Feature", "properties": {"id": 11889, "codigo": "0063", "numero": "0", "fl_rural": 0, "Destinação": "NÃO ATRIBUÍDO"}, "geometry": {"type": "Polygon", "coordinates": [[[-51.9744454628481, -29.49449801065567], [-51.97421740508965, -29.494624998518578], [-51.97450078844282, -29.494890521618366], [-51.974663015228984, -29.49484816469507], [-51.9744454628481, -29.49449801065567]]]}}, {"id": "157", "type": "Feature", "properties": {"id": 11888, "codigo": "0037", "numero": "0", "fl_rural": 0, "Destinação": "NÃO ATRIBUÍDO"}, "geometry": {"type": "Polygon", "coordinates": [[[-51.9744454628481, -29.49449801065567], [-51.974663015228984, -29.49484816469507], [-51.97522701830928, -29.494731475141077], [-51.97487049538919, -29.494399427174613], [-51.97478671121736, -29.494308732347495], [-51.9744454628481, -29.49449801065567]]]}}, {"id": "158", "type": "Feature", "properties": {"id": 11890, "codigo": "1501", "numero": "5360", "fl_rural": 0, "Destinação": "NÃO ATRIBUÍDO"}, "geometry": {"type": "Polygon", "coordinates": [[[-51.97550010465154, -29.494296251199017], [-51.975770970615976, -29.494223948230722], [-51.97573596658198, -29.49410355655973], [-51.97557859059718, -29.49414919465687], [-51.97552771635516, -29.49418316196088], [-51.97545974046255, -29.49418366048722], [-51.97519127280159, -29.494261514508015], [-51.975080664902045, -29.494154907033966], [-51.97488518777946, -29.494265771402297], [-51.975167512102864, -29.49453062824041], [-51.97550010465154, -29.494296251199017]]]}}, {"id": "159", "type": "Feature", "properties": {"id": 35802, "codigo": "1129", "numero": null, "fl_rural": 0, "Destinação": "NÃO ATRIBUÍDO"}, "geometry": {"type": "Polygon", "coordinates": [[[-51.97471048485828, -29.494221099365436], [-51.97447066505178, -29.49394756889753], [-51.97420611523561, -29.49406094664092], [-51.974467981351566, -29.494358351623738], [-51.97471048485828, -29.494221099365436]]]}}, {"id": "160", "type": "Feature", "properties": {"id": 36091, "codigo": "1002", "numero": null, "fl_rural": 0, "Destinação": "NÃO ATRIBUÍDO"}, "geometry": {"type": "Polygon", "coordinates": [[[-51.9749445213315, -29.494068332054166], [-51.9747360427407, -29.493778999805137], [-51.97447066505178, -29.49394756889753], [-51.97471048485828, -29.494221099365436], [-51.9749445213315, -29.494068332054166]]]}}, {"id": "161", "type": "Feature", "properties": {"id": 35804, "codigo": "0920", "numero": null, "fl_rural": 0, "Destinação": "NÃO ATRIBUÍDO"}, "geometry": {"type": "Polygon", "coordinates": [[[-51.9749445213315, -29.494068332054166], [-51.97572389216576, -29.49356706355007], [-51.97581771317574, -29.493494103487105], [-51.97568972276735, -29.493407558877802], [-51.97565755230988, -29.4933444419994], [-51.975645794646255, -29.49313635337304], [-51.975481454064465, -29.49289663815224], [-51.975413516513264, -29.492929576833994], [-51.97542286390703, -29.49292950828951], [-51.975409398780144, -29.49293157326599], [-51.97445713598669, -29.493393266107905], [-51.9749445213315, -29.494068332054166]]]}}, {"id": "162", "type": "Feature", "properties": {"id": 34793, "codigo": "0023", "numero": null, "fl_rural": 0, "Destinação": "NÃO ATRIBUÍDO"}, "geometry": {"type": "Polygon", "coordinates": [[[-51.97444947275112, -29.476210956652146], [-51.97472547736567, -29.476106241957716], [-51.974479454993, -29.475874235958806], [-51.974107381290736, -29.476040875724895], [-51.97444947275112, -29.476210956652146]]]}}, {"id": "163", "type": "Feature", "properties": {"id": 35797, "codigo": "1270", "numero": null, "fl_rural": 0, "Destinação": "NÃO ATRIBUÍDO"}, "geometry": {"type": "Polygon", "coordinates": [[[-51.97338980730269, -29.495182558100243], [-51.973820190353756, -29.494692028709864], [-51.97388720914776, -29.494683814270594], [-51.97376705558089, -29.494608390426624], [-51.973118730998664, -29.495289312483184], [-51.97338980730269, -29.495182558100243]]]}}, {"id": "164", "type": "Feature", "properties": {"id": 36092, "codigo": "0016", "numero": null, "fl_rural": 0, "Destinação": "NÃO ATRIBUÍDO"}, "geometry": {"type": "Polygon", "coordinates": [[[-51.97450078844282, -29.494890521618366], [-51.97421740508965, -29.494624998518578], [-51.97417528179381, -29.494648505439773], [-51.97421172685242, -29.494644038398462], [-51.97444064246635, -29.494849927865072], [-51.974430986595074, -29.49490874659384], [-51.97450078844282, -29.494890521618366]]]}}, {"id": "165", "type": "Feature", "properties": {"id": 35798, "codigo": "1214", "numero": null, "fl_rural": 0, "Destinação": "NÃO ATRIBUÍDO"}, "geometry": {"type": "Polygon", "coordinates": [[[-51.97376705558089, -29.494608390426624], [-51.97388720914776, -29.494683814270594], [-51.973950840302486, -29.4946760150515], [-51.973978045822626, -29.49465364521434], [-51.97384751697144, -29.494536658874907], [-51.97376705558089, -29.494608390426624]]]}}, {"id": "166", "type": "Feature", "properties": {"id": 35799, "codigo": "1196", "numero": null, "fl_rural": 0, "Destinação": "NÃO ATRIBUÍDO"}, "geometry": {"type": "Polygon", "coordinates": [[[-51.973978045822626, -29.49465364521434], [-51.97422799455501, -29.49449402330252], [-51.97387797331388, -29.4941294763982], [-51.97372670977623, -29.494428385349824], [-51.973978045822626, -29.49465364521434]]]}}, {"id": "167", "type": "Feature", "properties": {"id": 35800, "codigo": "1158", "numero": null, "fl_rural": 0, "Destinação": "NÃO ATRIBUÍDO"}, "geometry": {"type": "Polygon", "coordinates": [[[-51.97422799455501, -29.49449402330252], [-51.97434676268867, -29.49442702269616], [-51.974002069741125, -29.494036000712033], [-51.97387797331388, -29.4941294763982], [-51.97422799455501, -29.49449402330252]]]}}, {"id": "168", "type": "Feature", "properties": {"id": 35801, "codigo": "1143", "numero": null, "fl_rural": 0, "Destinação": "NÃO ATRIBUÍDO"}, "geometry": {"type": "Polygon", "coordinates": [[[-51.974467981351566, -29.494358351623738], [-51.97420611523561, -29.49406094664092], [-51.97408280261204, -29.494127585032107], [-51.97434676268867, -29.49442702269616], [-51.974467981351566, -29.494358351623738]]]}}, {"id": "169", "type": "Feature", "properties": {"id": 12699, "codigo": "0044", "numero": "15", "fl_rural": 0, "Destinação": "NÃO ATRIBUÍDO"}, "geometry": {"type": "Polygon", "coordinates": [[[-51.9737763171567, -29.475859642748848], [-51.97398293745949, -29.47596366211359], [-51.974172572202484, -29.475888733020998], [-51.974100170787665, -29.475749155219557], [-51.9737763171567, -29.475859642748848]]]}}, {"id": "170", "type": "Feature", "properties": {"id": 12723, "codigo": "0566", "numero": "895", "fl_rural": 0, "Destinação": "NÃO ATRIBUÍDO"}, "geometry": {"type": "Polygon", "coordinates": [[[-51.974026428530884, -29.47569479449306], [-51.97367994870853, -29.475807262990482], [-51.9737763171567, -29.475859642748848], [-51.97405660814829, -29.47576547590492], [-51.974026428530884, -29.47569479449306]]]}}, {"id": "171", "type": "Feature", "properties": {"id": 12700, "codigo": "0067", "numero": "0", "fl_rural": 0, "Destinação": "NÃO ATRIBUÍDO"}, "geometry": {"type": "Polygon", "coordinates": [[[-51.974276689631296, -29.475683022534685], [-51.974100170787665, -29.475749155219557], [-51.974172572202484, -29.475888733020998], [-51.97439967328067, -29.475798999566024], [-51.974276689631296, -29.475683022534685]]]}}, {"id": "172", "type": "Feature", "properties": {"id": 34794, "codigo": "0026", "numero": null, "fl_rural": 0, "Destinação": "NÃO ATRIBUÍDO"}, "geometry": {"type": "Polygon", "coordinates": [[[-51.97486441239606, -29.476502303847642], [-51.97508338743973, -29.476696069844955], [-51.97531809503182, -29.47666509704116], [-51.97508182672401, -29.47644228939902], [-51.97486441239606, -29.476502303847642]]]}}, {"id": "173", "type": "Feature", "properties": {"id": 34795, "codigo": "0025", "numero": null, "fl_rural": 0, "Destinação": "NÃO ATRIBUÍDO"}, "geometry": {"type": "Polygon", "coordinates": [[[-51.9747153410406, -29.47638915410755], [-51.974815124689535, -29.47646070259518], [-51.97486441239606, -29.476502303847642], [-51.97508182672401, -29.47644228939902], [-51.974885377288835, -29.476257032070826], [-51.9747153410406, -29.47638915410755]]]}}, {"id": "174", "type": "Feature", "properties": {"id": 34796, "codigo": "0024", "numero": null, "fl_rural": 0, "Destinação": "NÃO ATRIBUÍDO"}, "geometry": {"type": "Polygon", "coordinates": [[[-51.97444947275112, -29.476210956652146], [-51.974541891336344, -29.476267699485387], [-51.9747153410406, -29.47638915410755], [-51.974885377288835, -29.476257032070826], [-51.97472547736567, -29.476106241957716], [-51.97444947275112, -29.476210956652146]]]}}, {"id": "175", "type": "Feature", "properties": {"id": 12717, "codigo": "0434", "numero": "96", "fl_rural": 0, "Destinação": "NÃO ATRIBUÍDO"}, "geometry": {"type": "Polygon", "coordinates": [[[-51.97429953495341, -29.475511701336483], [-51.974400321566264, -29.475474086141308], [-51.97435796883984, -29.475368672250234], [-51.97420779891954, -29.47540739356724], [-51.97424636688402, -29.475492015085507], [-51.97428519594389, -29.4754799816843], [-51.97429953495341, -29.475511701336483]]]}}, {"id": "176", "type": "Feature", "properties": {"id": 12716, "codigo": "0416", "numero": "108", "fl_rural": 0, "Destinação": "NÃO ATRIBUÍDO"}, "geometry": {"type": "Polygon", "coordinates": [[[-51.97446588915654, -29.475340844829972], [-51.97435796883984, -29.475368672250234], [-51.974400321566264, -29.475474086141308], [-51.97450080239743, -29.47543658506881], [-51.97446588915654, -29.475340844829972]]]}}, {"id": "177", "type": "Feature", "properties": {"id": 12715, "codigo": "0405", "numero": "108", "fl_rural": 0, "Destinação": "NÃO ATRIBUÍDO"}, "geometry": {"type": "Polygon", "coordinates": [[[-51.97450080239743, -29.47543658506881], [-51.9746379362942, -29.475385404478995], [-51.97460968038819, -29.475303139913912], [-51.97446321387829, -29.475341534592356], [-51.97450080239743, -29.47543658506881]]]}}, {"id": "178", "type": "Feature", "properties": {"id": 12714, "codigo": "0392", "numero": "0", "fl_rural": 0, "Destinação": "NÃO ATRIBUÍDO"}, "geometry": {"type": "Polygon", "coordinates": [[[-51.9746379362942, -29.475385404478995], [-51.97474404484663, -29.475345803049823], [-51.974722375805364, -29.475273597915717], [-51.97460968038819, -29.475303139913912], [-51.9746379362942, -29.475385404478995]]]}}, {"id": "179", "type": "Feature", "properties": {"id": 12713, "codigo": "0381", "numero": "0", "fl_rural": 0, "Destinação": "NÃO ATRIBUÍDO"}, "geometry": {"type": "Polygon", "coordinates": [[[-51.97474404484663, -29.475345803049823], [-51.97484896342261, -29.47530664573915], [-51.97483262849734, -29.475244696058326], [-51.974722375805364, -29.475273597915717], [-51.97474404484663, -29.475345803049823]]]}}, {"id": "180", "type": "Feature", "properties": {"id": 12712, "codigo": "0370", "numero": "154", "fl_rural": 0, "Destinação": "NÃO ATRIBUÍDO"}, "geometry": {"type": "Polygon", "coordinates": [[[-51.97484896342261, -29.47530664573915], [-51.97495670898571, -29.4752664333511], [-51.974941698633714, -29.475216104107908], [-51.97483262849734, -29.475244696058326], [-51.97484896342261, -29.47530664573915]]]}}, {"id": "181", "type": "Feature", "properties": {"id": 12711, "codigo": "0359", "numero": "166", "fl_rural": 0, "Destinação": "NÃO ATRIBUÍDO"}, "geometry": {"type": "Polygon", "coordinates": [[[-51.975050056578084, -29.47518769868307], [-51.974941698633714, -29.475216104107908], [-51.97495670898571, -29.4752664333511], [-51.975062059711405, -29.475227114755143], [-51.975050056578084, -29.47518769868307]]]}}, {"id": "182", "type": "Feature", "properties": {"id": 12710, "codigo": "0348", "numero": "178", "fl_rural": 0, "Destinação": "NÃO ATRIBUÍDO"}, "geometry": {"type": "Polygon", "coordinates": [[[-51.975062059711405, -29.475227114755143], [-51.97517068114191, -29.475186575479203], [-51.97516267768196, -29.47515936363582], [-51.975050056578084, -29.47518769868307], [-51.975062059711405, -29.475227114755143]]]}}, {"id": "183", "type": "Feature", "properties": {"id": 12722, "codigo": "0555", "numero": "885", "fl_rural": 0, "Destinação": "NÃO ATRIBUÍDO"}, "geometry": {"type": "Polygon", "coordinates": [[[-51.974026428530884, -29.47569479449306], [-51.973999736458936, -29.475632280842806], [-51.973583580358195, -29.475754883159635], [-51.97367994870853, -29.475807262990482], [-51.974026428530884, -29.47569479449306]]]}}, {"id": "184", "type": "Feature", "properties": {"id": 12721, "codigo": "0544", "numero": "879", "fl_rural": 0, "Destinação": "NÃO ATRIBUÍDO"}, "geometry": {"type": "Polygon", "coordinates": [[[-51.97381728160338, -29.475686033414895], [-51.97375507250925, -29.47552413605061], [-51.97337234549177, -29.47562414785277], [-51.973583580358195, -29.475754883159635], [-51.97381728160338, -29.475686033414895]]]}}, {"id": "185", "type": "Feature", "properties": {"id": 12719, "codigo": "0460", "numero": "0", "fl_rural": 0, "Destinação": "NÃO ATRIBUÍDO"}, "geometry": {"type": "Polygon", "coordinates": [[[-51.97405660814829, -29.47576547590492], [-51.974187611320204, -29.475716395712304], [-51.974047919648484, -29.475448618295175], [-51.97393387353037, -29.4754780279266], [-51.97405660814829, -29.47576547590492]]]}}, {"id": "186", "type": "Feature", "properties": {"id": 12720, "codigo": "0478", "numero": "66", "fl_rural": 0, "Destinação": "NÃO ATRIBUÍDO"}, "geometry": {"type": "Polygon", "coordinates": [[[-51.973999736458936, -29.475632280842806], [-51.97393387353037, -29.4754780279266], [-51.97375507250925, -29.47552413605061], [-51.97381728160338, -29.475686033414895], [-51.973999736458936, -29.475632280842806]]]}}, {"id": "187", "type": "Feature", "properties": {"id": 12718, "codigo": "0449", "numero": "90", "fl_rural": 0, "Destinação": "NÃO ATRIBUÍDO"}, "geometry": {"type": "Polygon", "coordinates": [[[-51.97428519594389, -29.4754799816843], [-51.97424636688402, -29.475492015085507], [-51.97420779712836, -29.475407389609494], [-51.974047919648484, -29.475448618295175], [-51.974187611320204, -29.475716395712304], [-51.974276689631296, -29.475683022534685], [-51.974153008212916, -29.475566387487603], [-51.97429953495341, -29.475511701336483], [-51.97428519594389, -29.4754799816843]]]}}, {"id": "188", "type": "Feature", "properties": {"id": 30369, "codigo": "0717", "numero": "0", "fl_rural": 0, "Destinação": "NÃO AFETADO"}, "geometry": {"type": "Polygon", "coordinates": [[[-51.97423114273799, -29.47532514816588], [-51.97400180300551, -29.47475718137218], [-51.973176979569445, -29.475046678096962], [-51.97292622565112, -29.475145241418744], [-51.97306132120712, -29.475313732716618], [-51.97318417155858, -29.47545123027319], [-51.97330637965239, -29.47556744470094], [-51.97423114273799, -29.47532514816588]]]}}, {"id": "189", "type": "Feature", "properties": {"id": 30368, "codigo": "0728", "numero": null, "fl_rural": 0, "Destinação": "NÃO ATRIBUÍDO"}, "geometry": {"type": "Polygon", "coordinates": [[[-51.9740255965832, -29.47481772008815], [-51.97423114273799, -29.47532514816588], [-51.97433927624395, -29.475294895718008], [-51.97413252331271, -29.47478455302159], [-51.9740255965832, -29.47481772008815]]]}}, {"id": "190", "type": "Feature", "properties": {"id": 13977, "codigo": "0658", "numero": "0", "fl_rural": 0, "Destinação": "NÃO ATRIBUÍDO"}, "geometry": {"type": "Polygon", "coordinates": [[[-51.97392797994934, -29.474783090823447], [-51.97410805304765, -29.47471988770405], [-51.97390408903045, -29.474247532647446], [-51.973722430268786, -29.47426900293194], [-51.97392797994934, -29.474783090823447]]]}}, {"id": "191", "type": "Feature", "properties": {"id": 13970, "codigo": "0562", "numero": "0", "fl_rural": 0, "Destinação": "NÃO ATRIBUÍDO"}, "geometry": {"type": "Polygon", "coordinates": [[[-51.97421225089326, -29.474683315607013], [-51.97402563891288, -29.474229236497685], [-51.97390408903045, -29.474247532647446], [-51.97410805304765, -29.47471988770405], [-51.97421225089326, -29.474683315607013]]]}}, {"id": "192", "type": "Feature", "properties": {"id": 13969, "codigo": "0550", "numero": "0", "fl_rural": 0, "Destinação": "NÃO ATRIBUÍDO"}, "geometry": {"type": "Polygon", "coordinates": [[[-51.97402563891288, -29.474229236497685], [-51.97421225089326, -29.474683315607013], [-51.9743343281519, -29.474635307424425], [-51.974141134932424, -29.474219457620322], [-51.97402563891288, -29.474229236497685]]]}}, {"id": "193", "type": "Feature", "properties": {"id": 12709, "codigo": "0337", "numero": "186", "fl_rural": 0, "Destinação": "NÃO ATRIBUÍDO"}, "geometry": {"type": "Polygon", "coordinates": [[[-51.97517068114191, -29.475186575479203], [-51.97526292662825, -29.475152147970697], [-51.97526072249625, -29.475134695847274], [-51.97516267768196, -29.47515936363582], [-51.97517068114191, -29.475186575479203]]]}}, {"id": "194", "type": "Feature", "properties": {"id": 13965, "codigo": "0502", "numero": "0", "fl_rural": 0, "Destinação": "NÃO ATRIBUÍDO"}, "geometry": {"type": "Polygon", "coordinates": [[[-51.9745585244968, -29.47454713943955], [-51.97438451569235, -29.47419955399298], [-51.974266059875475, -29.474211527887526], [-51.97444408526836, -29.474592144170245], [-51.9745585244968, -29.47454713943955]]]}}, {"id": "195", "type": "Feature", "properties": {"id": 13966, "codigo": "0514", "numero": "0", "fl_rural": 0, "Destinação": "NÃO ATRIBUÍDO"}, "geometry": {"type": "Polygon", "coordinates": [[[-51.97438451569235, -29.47419955399298], [-51.9745585244968, -29.47454713943955], [-51.974670363848496, -29.474503157105946], [-51.97450808312372, -29.474193534114086], [-51.97438451569235, -29.47419955399298]]]}}, {"id": "196", "type": "Feature", "properties": {"id": 13967, "codigo": "0526", "numero": "0", "fl_rural": 0, "Destinação": "NÃO ATRIBUÍDO"}, "geometry": {"type": "Polygon", "coordinates": [[[-51.97450808312372, -29.474193534114086], [-51.974670363848496, -29.474503157105946], [-51.97476491927038, -29.474465971682566], [-51.97462284396262, -29.474185013005773], [-51.97450808312372, -29.474193534114086]]]}}, {"id": "197", "type": "Feature", "properties": {"id": 13978, "codigo": "1111", "numero": "0", "fl_rural": 0, "Destinação": "NÃO ATRIBUÍDO"}, "geometry": {"type": "Polygon", "coordinates": [[[-51.97462284396262, -29.474185013005773], [-51.97476491927038, -29.474465971682566], [-51.9748778037113, -29.47442157811925], [-51.974748720227815, -29.474166311972773], [-51.97462284396262, -29.474185013005773]]]}}, {"id": "198", "type": "Feature", "properties": {"id": 13979, "codigo": "1123", "numero": "710", "fl_rural": 0, "Destinação": "NÃO ATRIBUÍDO"}, "geometry": {"type": "Polygon", "coordinates": [[[-51.974979438316964, -29.47438160855859], [-51.97486332370379, -29.474151989141234], [-51.974748720227815, -29.474166311972773], [-51.9748778037113, -29.47442157811925], [-51.974979438316964, -29.47438160855859]]]}}, {"id": "199", "type": "Feature", "properties": {"id": 13980, "codigo": "1135", "numero": "0", "fl_rural": 0, "Destinação": "NÃO ATRIBUÍDO"}, "geometry": {"type": "Polygon", "coordinates": [[[-51.97486332370379, -29.474151989141234], [-51.974979438316964, -29.47438160855859], [-51.97509255765665, -29.474337122306338], [-51.97498891596145, -29.474132168830643], [-51.97486332370379, -29.474151989141234]]]}}, {"id": "200", "type": "Feature", "properties": {"id": 13981, "codigo": "1147", "numero": "0", "fl_rural": 0, "Destinação": "NÃO ATRIBUÍDO"}, "geometry": {"type": "Polygon", "coordinates": [[[-51.975203427269314, -29.47429574772094], [-51.97511478557893, -29.47410771221223], [-51.97498891596145, -29.474132168830643], [-51.97509255765665, -29.474337122306338], [-51.975203427269314, -29.47429574772094]]]}}, {"id": "201", "type": "Feature", "properties": {"id": 13982, "codigo": "1159", "numero": "746", "fl_rural": 0, "Destinação": "NÃO ATRIBUÍDO"}, "geometry": {"type": "Polygon", "coordinates": [[[-51.97511478557893, -29.47410771221223], [-51.975203427269314, -29.47429574772094], [-51.97532045603941, -29.474252074535656], [-51.975242550343054, -29.474070421259604], [-51.97511478557893, -29.47410771221223]]]}}, {"id": "202", "type": "Feature", "properties": {"id": 13968, "codigo": "0538", "numero": "2437", "fl_rural": 0, "Destinação": "NÃO ATRIBUÍDO"}, "geometry": {"type": "Polygon", "coordinates": [[[-51.97444408526836, -29.474592144170245], [-51.974266059875475, -29.474211527887526], [-51.974141134932424, -29.474219457620322], [-51.9743343281519, -29.474635307424425], [-51.97444408526836, -29.474592144170245]]]}}, {"id": "203", "type": "Feature", "properties": {"id": 14019, "codigo": "0109", "numero": "0", "fl_rural": 0, "Destinação": "NÃO ATRIBUÍDO"}, "geometry": {"type": "Polygon", "coordinates": [[[-51.973432109528005, -29.470026059454813], [-51.973446437509, -29.470151776596587], [-51.97354870925182, -29.470139263130815], [-51.97345213543585, -29.47002360918888], [-51.973432109528005, -29.470026059454813]]]}}, {"id": "205", "type": "Feature", "properties": {"id": 13983, "codigo": "1171", "numero": "0", "fl_rural": 0, "Destinação": "NÃO ATRIBUÍDO"}, "geometry": {"type": "Polygon", "coordinates": [[[-51.975242550343054, -29.474070421259604], [-51.97532045603941, -29.474252074535656], [-51.975436866873274, -29.474215290592777], [-51.97536001801693, -29.474036102033132], [-51.975242550343054, -29.474070421259604]]]}}, {"id": "206", "type": "Feature", "properties": {"id": 13959, "codigo": "0356", "numero": "0", "fl_rural": 0, "Destinação": "NÃO ATRIBUÍDO"}, "geometry": {"type": "Polygon", "coordinates": [[[-51.97576858744865, -29.47325623281445], [-51.97568721180369, -29.473363100166928], [-51.97559070349066, -29.473459844825296], [-51.975537273485045, -29.47350390438037], [-51.975421186660505, -29.473582470244743], [-51.97529444859843, -29.473647217830564], [-51.975159194314934, -29.47369705653523], [-51.9750890809802, -29.47371611246497], [-51.97494535883474, -29.473742095967804], [-51.974725663578845, -29.47374797679661], [-51.974579162940735, -29.47374474291741], [-51.974432973241676, -29.47373579146892], [-51.97421490851913, -29.473711685940454], [-51.973999175843936, -29.47367486665224], [-51.97385712773668, -29.47364333634176], [-51.97357856002095, -29.473563802996463], [-51.97394797470334, -29.474198716398444], [-51.976044150807766, -29.473748109065905], [-51.97576858744865, -29.47325623281445]]]}}, {"id": "207", "type": "Feature", "properties": {"id": 13997, "codigo": "0016", "numero": null, "fl_rural": 0, "Destinação": "NÃO ATRIBUÍDO"}, "geometry": {"type": "Polygon", "coordinates": [[[-51.97558136958904, -29.470358679058428], [-51.97556932855561, -29.470529280887995], [-51.97510837458834, -29.4708575468398], [-51.974655054429455, -29.470905991038773], [-51.97421006201277, -29.470746805670853], [-51.9741322077553, -29.470669102441548], [-51.9740664252312, -29.470683193644632], [-51.97407747767779, -29.470781613878497], [-51.97547262661641, -29.47148622573619], [-51.97599193469159, -29.47221666400269], [-51.97662166494185, -29.471890004635902], [-51.97591500876197, -29.471233844406566], [-51.975596895801466, -29.470355353205335], [-51.97558136958904, -29.470358679058428]]]}}, {"id": "208", "type": "Feature", "properties": {"id": 13989, "codigo": "0005", "numero": "0", "fl_rural": 0, "Destinação": "NÃO ATRIBUÍDO"}, "geometry": {"type": "Polygon", "coordinates": [[[-51.9740664252312, -29.470683193644632], [-51.9741322077553, -29.470669102441548], [-51.97405633958642, -29.470593381448072], [-51.9740664252312, -29.470683193644632]]]}}, {"id": "209", "type": "Feature", "properties": {"id": 13989, "codigo": "0005", "numero": "0", "fl_rural": 0, "Destinação": "NÃO ATRIBUÍDO"}, "geometry": {"type": "Polygon", "coordinates": [[[-51.975596895801466, -29.470355353205335], [-51.97558436523498, -29.47031623563504], [-51.97558136958904, -29.470358679058428], [-51.975596895801466, -29.470355353205335]]]}}, {"id": "210", "type": "Feature", "properties": {"id": 13986, "codigo": "1207", "numero": "999", "fl_rural": 0, "Destinação": "NÃO ATRIBUÍDO"}, "geometry": {"type": "Polygon", "coordinates": [[[-51.97559640762934, -29.47397085472225], [-51.97566968828083, -29.47414172240673], [-51.975785966107786, -29.474104980108876], [-51.97571421966502, -29.473937690433647], [-51.97559640762934, -29.47397085472225]]]}}, {"id": "211", "type": "Feature", "properties": {"id": 13987, "codigo": "1219", "numero": "0", "fl_rural": 0, "Destinação": "NÃO ATRIBUÍDO"}, "geometry": {"type": "Polygon", "coordinates": [[[-51.975902837409905, -29.474069606728946], [-51.975831992544315, -29.473904419567294], [-51.97571421966502, -29.473937690433647], [-51.975785966107786, -29.474104980108876], [-51.975902837409905, -29.474069606728946]]]}}, {"id": "212", "type": "Feature", "properties": {"id": 13988, "codigo": "1242", "numero": "806", "fl_rural": 0, "Destinação": "NÃO ATRIBUÍDO"}, "geometry": {"type": "Polygon", "coordinates": [[[-51.975831992544315, -29.473904419567294], [-51.975902837409905, -29.474069606728946], [-51.97612583056037, -29.474002112938674], [-51.97605698256122, -29.473841582590477], [-51.975831992544315, -29.473904419567294]]]}}, {"id": "213", "type": "Feature", "properties": {"id": 13958, "codigo": "0153", "numero": "826", "fl_rural": 0, "Destinação": "NÃO ATRIBUÍDO"}, "geometry": {"type": "Polygon", "coordinates": [[[-51.97605698256122, -29.473841582590477], [-51.97612583056037, -29.474002112938674], [-51.97667850695481, -29.473783804222208], [-51.97654417992788, -29.473577613673804], [-51.97642805063984, -29.47366614889186], [-51.976298792514385, -29.473743501330603], [-51.97624265340085, -29.473771166920624], [-51.97605698256122, -29.473841582590477]]]}}, {"id": "214", "type": "Feature", "properties": {"id": 35934, "codigo": "0900", "numero": null, "fl_rural": 0, "Destinação": "NÃO ATRIBUÍDO"}, "geometry": {"type": "Polygon", "coordinates": [[[-51.977096737963905, -29.473749922899792], [-51.97705487725293, -29.47365766049417], [-51.97676731526028, -29.473757558191394], [-51.976809175758206, -29.47384982078143], [-51.977096737963905, -29.473749922899792]]]}}, {"id": "215", "type": "Feature", "properties": {"id": 13956, "codigo": "0111", "numero": "866/876", "fl_rural": 0, "Destinação": "NÃO ATRIBUÍDO"}, "geometry": {"type": "Polygon", "coordinates": [[[-51.97576858744865, -29.47325623281445], [-51.976044150807766, -29.473748109065905], [-51.976270186173984, -29.473684834583946], [-51.97647761394704, -29.473554083785796], [-51.97667623105271, -29.473392420323343], [-51.976560538228505, -29.473185913230946], [-51.975987325944274, -29.473431797959627], [-51.975837520301354, -29.473164396787787], [-51.97576858744865, -29.47325623281445]]]}}, {"id": "216", "type": "Feature", "properties": {"id": 13996, "codigo": "0015", "numero": "950", "fl_rural": 0, "Destinação": "NÃO ATRIBUÍDO"}, "geometry": {"type": "Polygon", "coordinates": [[[-51.97558436523498, -29.47031623563504], [-51.97591500876197, -29.471233844406566], [-51.97662166494185, -29.471890004635902], [-51.97672758578281, -29.47183505984432], [-51.97665195519227, -29.471535872995418], [-51.976627479819236, -29.470489913143023], [-51.97664019954002, -29.470050215533405], [-51.976663402858904, -29.469526471522975], [-51.976694283131835, -29.469137733648108], [-51.97641152581444, -29.469060408339377], [-51.97617986621851, -29.469667461640736], [-51.97560565394293, -29.470014609321147], [-51.97558436523498, -29.47031623563504]]]}}, {"id": "217", "type": "Feature", "properties": {"id": 13998, "codigo": "0019", "numero": "1112", "fl_rural": 0, "Destinação": "NÃO ATRIBUÍDO"}, "geometry": {"type": "Polygon", "coordinates": [[[-51.976694283131835, -29.469137733648108], [-51.97704401817666, -29.468713965907153], [-51.976995990821216, -29.468264619069753], [-51.97664264828944, -29.468454762538684], [-51.97641152581444, -29.469060408339377], [-51.976694283131835, -29.469137733648108]]]}}, {"id": "218", "type": "Feature", "properties": {"id": 38492, "codigo": "0241", "numero": "1617", "fl_rural": 0, "Destinação": null}, "geometry": {"type": "Polygon", "coordinates": [[[-51.97820624731402, -29.480610220704147], [-51.97822821351827, -29.480724581701224], [-51.97787634037615, -29.480795132754334], [-51.97789654413347, -29.48092296659224], [-51.97796472910391, -29.481068975630407], [-51.97802523281719, -29.48122720150579], [-51.97836947114806, -29.480742668824984], [-51.97838353415634, -29.480573246145532], [-51.97820624731402, -29.480610220704147]]]}}, {"id": "219", "type": "Feature", "properties": {"id": 36681, "codigo": "0040", "numero": "30", "fl_rural": 0, "Destinação": "NÃO ATRIBUÍDO"}, "geometry": {"type": "Polygon", "coordinates": [[[-51.977849075101126, -29.479596117848963], [-51.977876101172896, -29.479630489711905], [-51.977922086600444, -29.479552167297623], [-51.977849075101126, -29.479596117848963]]]}}, {"id": "220", "type": "Feature", "properties": {"id": 33796, "codigo": "0002", "numero": "0", "fl_rural": 0, "Destinação": "NÃO AFETADO"}, "geometry": {"type": "Polygon", "coordinates": [[[-51.97673086769681, -29.478734739819306], [-51.97680744327117, -29.478679966963078], [-51.97668506775427, -29.478692452583807], [-51.97673086769681, -29.478734739819306]]]}}, {"id": "221", "type": "Feature", "properties": {"id": 33796, "codigo": "0002", "numero": "0", "fl_rural": 0, "Destinação": "NÃO AFETADO"}, "geometry": {"type": "Polygon", "coordinates": [[[-51.97685206495832, -29.478713323612187], [-51.97691387963816, -29.478669107567786], [-51.97681972959993, -29.47867871342441], [-51.97685206495832, -29.478713323612187]]]}}, {"id": "224", "type": "Feature", "properties": {"id": 13276, "codigo": "0046", "numero": "0", "fl_rural": 0, "Destinação": "ÁREA DE RECREAÇÃO PÚBLICA E INSTITUCIONAL"}, "geometry": {"type": "Polygon", "coordinates": [[[-51.98877512148082, -29.473157254439542], [-51.98819698127115, -29.472033469966238], [-51.988141047781255, -29.471978357265634], [-51.98873410737099, -29.473321985435412], [-51.98877387984902, -29.47330958606481], [-51.98877512148082, -29.473157254439542]]]}}, {"id": "225", "type": "Feature", "properties": {"id": 12686, "codigo": "0057", "numero": "1259", "fl_rural": 0, "Destinação": "NÃO ATRIBUÍDO"}, "geometry": {"type": "Polygon", "coordinates": [[[-51.98877387984902, -29.47330958606481], [-51.98853086397657, -29.47338534758704], [-51.98877041345877, -29.47373486581301], [-51.98877387984902, -29.47330958606481]]]}}, {"id": "227", "type": "Feature", "properties": {"id": 34787, "codigo": "0315", "numero": null, "fl_rural": 0, "Destinação": "NÃO ATRIBUÍDO"}, "geometry": {"type": "Polygon", "coordinates": [[[-51.978752582036876, -29.47627172391121], [-51.978582360814116, -29.475813420644897], [-51.97851245656059, -29.475833299253082], [-51.97873036131286, -29.476278042837144], [-51.978752582036876, -29.47627172391121]]]}}, {"id": "228", "type": "Feature", "properties": {"id": 34788, "codigo": "0350", "numero": null, "fl_rural": 0, "Destinação": "NÃO ATRIBUÍDO"}, "geometry": {"type": "Polygon", "coordinates": [[[-51.978582360814116, -29.475813420644897], [-51.978545129225935, -29.4757131774457], [-51.978464795018944, -29.475736022049936], [-51.97851245656059, -29.475833299253082], [-51.978582360814116, -29.475813420644897]]]}}, {"id": "229", "type": "Feature", "properties": {"id": 35904, "codigo": "0501", "numero": null, "fl_rural": 0, "Destinação": "NÃO ATRIBUÍDO"}, "geometry": {"type": "Polygon", "coordinates": [[[-51.97880534349154, -29.47634468312372], [-51.9788163672565, -29.476367172647528], [-51.979279623531994, -29.47671098456722], [-51.9798171207146, -29.47683337259014], [-51.97971987658878, -29.47637383201844], [-51.97980092619224, -29.47605585704539], [-51.97880534349154, -29.47634468312372]]]}}, {"id": "230", "type": "Feature", "properties": {"id": 34817, "codigo": "0112", "numero": null, "fl_rural": 0, "Destinação": "NÃO ATRIBUÍDO"}, "geometry": {"type": "Polygon", "coordinates": [[[-51.97932631282455, -29.474612248800874], [-51.979680440191046, -29.47548803036059], [-51.97868686549416, -29.475599480601794], [-51.978645630483115, -29.475699764558026], [-51.978848155788874, -29.476239141047344], [-51.97982661546449, -29.475955072522112], [-51.97987889699051, -29.47574996088524], [-51.979626738223665, -29.474480683442916], [-51.97932631282455, -29.474612248800874]]]}}, {"id": "231", "type": "Feature", "properties": {"id": 12790, "codigo": "0405", "numero": "0", "fl_rural": 0, "Destinação": "NÃO AFETADO"}, "geometry": {"type": "Polygon", "coordinates": [[[-51.978778367201045, -29.47558921707715], [-51.979680440191046, -29.47548803036059], [-51.97932631282455, -29.474612248800874], [-51.978822801573216, -29.474734019286487], [-51.97895891311392, -29.475118478979972], [-51.97865064593909, -29.4752020398344], [-51.978778367201045, -29.47558921707715]]]}}, {"id": "232", "type": "Feature", "properties": {"id": 34789, "codigo": "0361", "numero": null, "fl_rural": 0, "Destinação": "NÃO ATRIBUÍDO"}, "geometry": {"type": "Polygon", "coordinates": [[[-51.978545129225935, -29.4757131774457], [-51.97851006519593, -29.475618770323226], [-51.97841177437089, -29.475627806911], [-51.978464795018944, -29.475736022049936], [-51.978545129225935, -29.4757131774457]]]}}, {"id": "233", "type": "Feature", "properties": {"id": 12789, "codigo": "0060", "numero": "77", "fl_rural": 0, "Destinação": "NÃO ATRIBUÍDO"}, "geometry": {"type": "Polygon", "coordinates": [[[-51.97864130614036, -29.475525528440848], [-51.97837185236756, -29.475546326105015], [-51.97841177437929, -29.475627806928145], [-51.97865738956643, -29.475605225532437], [-51.97864130614036, -29.475525528440848]]]}}, {"id": "234", "type": "Feature", "properties": {"id": 12788, "codigo": "0050", "numero": "63", "fl_rural": 0, "Destinação": "NÃO ATRIBUÍDO"}, "geometry": {"type": "Polygon", "coordinates": [[[-51.97864130614036, -29.475525528440848], [-51.9786001870628, -29.475438750273163], [-51.97832938581478, -29.475459651873805], [-51.97837185236756, -29.475546326105015], [-51.97864130614036, -29.475525528440848]]]}}, {"id": "235", "type": "Feature", "properties": {"id": 12787, "codigo": "0040", "numero": "413", "fl_rural": 0, "Destinação": "NÃO ATRIBUÍDO"}, "geometry": {"type": "Polygon", "coordinates": [[[-51.9786001870628, -29.475438750273163], [-51.97854910610667, -29.475352741060792], [-51.978286919295975, -29.4753729777119], [-51.97832938581478, -29.475459651873805], [-51.9786001870628, -29.475438750273163]]]}}, {"id": "236", "type": "Feature", "properties": {"id": 12785, "codigo": "0070", "numero": "0", "fl_rural": 0, "Destinação": "NÃO ATRIBUÍDO"}, "geometry": {"type": "Polygon", "coordinates": [[[-51.97843275299461, -29.475170850448034], [-51.97813651891226, -29.475197736434644], [-51.978234360825624, -29.475265705877597], [-51.97824005017711, -29.475277317843574], [-51.97846276777168, -29.475255630871114], [-51.97843275299461, -29.475170850448034]]]}}, {"id": "237", "type": "Feature", "properties": {"id": 12784, "codigo": "0030", "numero": "27", "fl_rural": 0, "Destinação": "NÃO ATRIBUÍDO"}, "geometry": {"type": "Polygon", "coordinates": [[[-51.978404306726986, -29.475090500502994], [-51.97808474644113, -29.475119503563278], [-51.97810070480139, -29.475172856860187], [-51.97813651891226, -29.475197736434644], [-51.97843275299461, -29.475170850448034], [-51.978404306726986, -29.475090500502994]]]}}, {"id": "238", "type": "Feature", "properties": {"id": 12781, "codigo": "0117", "numero": "395", "fl_rural": 0, "Destinação": "NÃO ATRIBUÍDO"}, "geometry": {"type": "Polygon", "coordinates": [[[-51.97783179414142, -29.474986048291793], [-51.97794628325902, -29.47506558232054], [-51.977915614064656, -29.474967392420904], [-51.97783179414142, -29.474986048291793]]]}}, {"id": "239", "type": "Feature", "properties": {"id": 12783, "codigo": "0020", "numero": "17", "fl_rural": 0, "Destinação": "NÃO ATRIBUÍDO"}, "geometry": {"type": "Polygon", "coordinates": [[[-51.97836983401861, -29.47499312772527], [-51.97806111829773, -29.475040507919154], [-51.97808474644113, -29.475119503563278], [-51.978404306726986, -29.475090500502994], [-51.97836983401861, -29.47499312772527]]]}}, {"id": "240", "type": "Feature", "properties": {"id": 12786, "codigo": "0456", "numero": "0", "fl_rural": 0, "Destinação": "ÁREA VERDE"}, "geometry": {"type": "Polygon", "coordinates": [[[-51.97895891311392, -29.475118478979972], [-51.978822801573216, -29.474734019286487], [-51.978325797388315, -29.47486873995061], [-51.97846276777168, -29.475255630871114], [-51.97895891311392, -29.475118478979972]]]}}, {"id": "241", "type": "Feature", "properties": {"id": 12782, "codigo": "0010", "numero": "0", "fl_rural": 0, "Destinação": "NÃO ATRIBUÍDO"}, "geometry": {"type": "Polygon", "coordinates": [[[-51.978325797388315, -29.47486873995061], [-51.97803073684867, -29.474938934055473], [-51.97806111829773, -29.475040507919154], [-51.97836983401861, -29.47499312772527], [-51.978325797388315, -29.47486873995061]]]}}, {"id": "242", "type": "Feature", "properties": {"id": 35926, "codigo": "0904", "numero": null, "fl_rural": 0, "Destinação": "NÃO ATRIBUÍDO"}, "geometry": {"type": "Polygon", "coordinates": [[[-51.977167128477355, -29.474385606865077], [-51.977388511071524, -29.47429933176305], [-51.97726408560252, -29.474050762531675], [-51.97704270343055, -29.47413703741981], [-51.977167128477355, -29.474385606865077]]]}}, {"id": "243", "type": "Feature", "properties": {"id": 35927, "codigo": "0907", "numero": null, "fl_rural": 0, "Destinação": "NÃO ATRIBUÍDO"}, "geometry": {"type": "Polygon", "coordinates": [[[-51.977388511071524, -29.47429933176305], [-51.977492145176384, -29.474258944196375], [-51.977367719510596, -29.47401037515539], [-51.97726408560252, -29.474050762531675], [-51.977388511071524, -29.47429933176305]]]}}, {"id": "244", "type": "Feature", "properties": {"id": 35928, "codigo": "0910", "numero": null, "fl_rural": 0, "Destinação": "NÃO ATRIBUÍDO"}, "geometry": {"type": "Polygon", "coordinates": [[[-51.977492145176384, -29.474258944196375], [-51.977595779301105, -29.4742185566401], [-51.97747135333456, -29.473969987700016], [-51.977367719510596, -29.47401037515539], [-51.977492145176384, -29.474258944196375]]]}}, {"id": "245", "type": "Feature", "properties": {"id": 35921, "codigo": "0880", "numero": null, "fl_rural": 0, "Destinação": "NÃO ATRIBUÍDO"}, "geometry": {"type": "Polygon", "coordinates": [[[-51.976106332626564, -29.474572835711637], [-51.97617410642187, -29.47483699055378], [-51.976283438204966, -29.47480994810481], [-51.9762156642511, -29.47454579332265], [-51.976106332626564, -29.474572835711637]]]}}, {"id": "246", "type": "Feature", "properties": {"id": 35922, "codigo": "0883", "numero": null, "fl_rural": 0, "Destinação": "NÃO ATRIBUÍDO"}, "geometry": {"type": "Polygon", "coordinates": [[[-51.9762156642511, -29.47454579332265], [-51.976283438204966, -29.47480994810481], [-51.97631157760281, -29.474802987972364], [-51.976309834053104, -29.47462104123281], [-51.976349955085745, -29.474616031655138], [-51.976324995711074, -29.474518750755564], [-51.9762156642511, -29.47454579332265]]]}}, {"id": "247", "type": "Feature", "properties": {"id": 35923, "codigo": "0886", "numero": null, "fl_rural": 0, "Destinação": "NÃO ATRIBUÍDO"}, "geometry": {"type": "Polygon", "coordinates": [[[-51.976324995711074, -29.474518750755564], [-51.976349955085745, -29.474616031655138], [-51.97647306249634, -29.474600660262716], [-51.976444465095604, -29.47448920057172], [-51.976324995711074, -29.474518750755564]]]}}, {"id": "248", "type": "Feature", "properties": {"id": 35920, "codigo": "0889", "numero": null, "fl_rural": 0, "Destinação": "NÃO ATRIBUÍDO"}, "geometry": {"type": "Polygon", "coordinates": [[[-51.976444465095604, -29.47448920057172], [-51.97647306249634, -29.474600660262716], [-51.97659616991034, -29.474585288869882], [-51.976563934510985, -29.474459650281297], [-51.976444465095604, -29.47448920057172]]]}}, {"id": "249", "type": "Feature", "properties": {"id": 35919, "codigo": "0898", "numero": null, "fl_rural": 0, "Destinação": "NÃO ATRIBUÍDO"}, "geometry": {"type": "Polygon", "coordinates": [[[-51.97612583056037, -29.474002112938674], [-51.97597186114497, -29.474048715257556], [-51.976106332626564, -29.474572835711637], [-51.976563934510985, -29.474459650281297], [-51.97659616991034, -29.474585288869882], [-51.976967884237354, -29.474538876011746], [-51.97700279602863, -29.474446046896677], [-51.977072575820124, -29.474421644221305], [-51.97695250301602, -29.47418176893413], [-51.976717918883324, -29.473893252580925], [-51.97666963119789, -29.473787310195107], [-51.97612583056037, -29.474002112938674]]]}}, {"id": "250", "type": "Feature", "properties": {"id": 13984, "codigo": "1183", "numero": "0", "fl_rural": 0, "Destinação": "NÃO ATRIBUÍDO"}, "geometry": {"type": "Polygon", "coordinates": [[[-51.97554091498657, -29.474182412985936], [-51.97546566068149, -29.47400694304735], [-51.97536001801693, -29.474036102033132], [-51.975436866873274, -29.474215290592777], [-51.97554091498657, -29.474182412985936]]]}}, {"id": "251", "type": "Feature", "properties": {"id": 13985, "codigo": "1195", "numero": "314", "fl_rural": 0, "Destinação": "NÃO ATRIBUÍDO"}, "geometry": {"type": "Polygon", "coordinates": [[[-51.97566968828083, -29.47414172240673], [-51.97559640762934, -29.47397085472225], [-51.97546566068149, -29.47400694304735], [-51.97554091498657, -29.474182412985936], [-51.97566968828083, -29.47414172240673]]]}}, {"id": "252", "type": "Feature", "properties": {"id": 35935, "codigo": "0939", "numero": null, "fl_rural": 0, "Destinação": "NÃO ATRIBUÍDO"}, "geometry": {"type": "Polygon", "coordinates": [[[-51.979460367180415, -29.473394259714386], [-51.979356914710785, -29.473441694891573], [-51.97941332547115, -29.47358393514469], [-51.97951677805475, -29.473536499831642], [-51.979460367180415, -29.473394259714386]]]}}, {"id": "253", "type": "Feature", "properties": {"id": 35925, "codigo": "0932", "numero": "0", "fl_rural": 0, "Destinação": "NÃO AFETADO"}, "geometry": {"type": "Polygon", "coordinates": [[[-51.97941332547115, -29.47358393514469], [-51.979356914710785, -29.473441694891573], [-51.979460367180415, -29.473394259714386], [-51.979260889944754, -29.472891274554062], [-51.9784432664238, -29.473175328908304], [-51.97851751396013, -29.473338968061363], [-51.9784264059736, -29.473613800227785], [-51.97848331513892, -29.473940968537093], [-51.97882882024362, -29.47389495206229], [-51.97941332547115, -29.47358393514469]]]}}, {"id": "254", "type": "Feature", "properties": {"id": 13351, "codigo": "1377", "numero": "0", "fl_rural": 0, "Destinação": "ÁREA DE PRESERVAÇÃO PERMANENTE"}, "geometry": {"type": "Polygon", "coordinates": [[[-51.98304767833487, -29.470797988369473], [-51.98211790573234, -29.468689725198978], [-51.98170900831057, -29.468827808558448], [-51.98215537064196, -29.470818317589657], [-51.97965863196821, -29.471764673997452], [-51.97967588288471, -29.47179866191499], [-51.979614961496374, -29.471898381509053], [-51.97951304402186, -29.471819857220016], [-51.978856431493185, -29.47206873768176], [-51.9791272576409, -29.472568887149148], [-51.98276975072737, -29.471272667307137], [-51.98276366158256, -29.471153193657145], [-51.98304767833487, -29.470797988369473]]]}}, {"id": "255", "type": "Feature", "properties": {"id": 36682, "codigo": "1330", "numero": "1071", "fl_rural": 0, "Destinação": "NÃO ATRIBUÍDO"}, "geometry": {"type": "Polygon", "coordinates": [[[-51.98130270773747, -29.469257307621778], [-51.981160609061746, -29.469363395117917], [-51.980823689297665, -29.469696110691242], [-51.98066895900102, -29.469810888913546], [-51.980320677443686, -29.469922789406784], [-51.98023445383311, -29.46993066592446], [-51.98007676846415, -29.469915810015834], [-51.980016620153236, -29.469868764284882], [-51.97990887315768, -29.46977190713935], [-51.97973188009153, -29.469595760158878], [-51.97960041372958, -29.469428893486562], [-51.97950620326799, -29.469281675912264], [-51.97945718222493, -29.469170147119947], [-51.979381854874596, -29.469023846349994], [-51.979314258015826, -29.468863177624055], [-51.97924457226174, -29.46876100044415], [-51.97911692454435, -29.46864462496151], [-51.97902428893045, -29.468589743051883], [-51.97904200048391, -29.47063513879109], [-51.979087190674385, -29.470638814999386], [-51.979658635390905, -29.47176468074087], [-51.98215537062083, -29.470818317586197], [-51.981728135806804, -29.468913107400915], [-51.98130270773747, -29.469257307621778]]]}}, {"id": "256", "type": "Feature", "properties": {"id": 36682, "codigo": "1330", "numero": "1071", "fl_rural": 0, "Destinação": "NÃO ATRIBUÍDO"}, "geometry": {"type": "Polygon", "coordinates": [[[-51.97948449208913, -29.47183068806212], [-51.97951305142526, -29.471819862924118], [-51.97944732415481, -29.47176922207764], [-51.97948449208913, -29.47183068806212]]]}}, {"id": "257", "type": "Feature", "properties": {"id": 35929, "codigo": "0913", "numero": null, "fl_rural": 0, "Destinação": "NÃO ATRIBUÍDO"}, "geometry": {"type": "Polygon", "coordinates": [[[-51.977595779301105, -29.4742185566401], [-51.977699413238575, -29.474178169005548], [-51.9775749871775, -29.473929600164823], [-51.97747135333456, -29.473969987700016], [-51.977595779301105, -29.4742185566401]]]}}, {"id": "258", "type": "Feature", "properties": {"id": 35930, "codigo": "0917", "numero": null, "fl_rural": 0, "Destinação": "NÃO ATRIBUÍDO"}, "geometry": {"type": "Polygon", "coordinates": [[[-51.977699413238575, -29.474178169005548], [-51.97780304709191, -29.474137781291912], [-51.97767862083234, -29.473889212461067], [-51.9775749871775, -29.473929600164823], [-51.977699413238575, -29.474178169005548]]]}}, {"id": "259", "type": "Feature", "properties": {"id": 35931, "codigo": "0922", "numero": null, "fl_rural": 0, "Destinação": "NÃO ATRIBUÍDO"}, "geometry": {"type": "Polygon", "coordinates": [[[-51.97780304709191, -29.474137781291912], [-51.97790668096425, -29.474097393498457], [-51.97778225450705, -29.473848824767767], [-51.97767862083234, -29.473889212461067], [-51.97780304709191, -29.474137781291912]]]}}, {"id": "260", "type": "Feature", "properties": {"id": 35932, "codigo": "0926", "numero": null, "fl_rural": 0, "Destinação": "NÃO ATRIBUÍDO"}, "geometry": {"type": "Polygon", "coordinates": [[[-51.97790668096425, -29.474097393498457], [-51.97801031464847, -29.47405700553646], [-51.9778858879945, -29.473808436996134], [-51.97778225450705, -29.473848824767767], [-51.97790668096425, -29.474097393498457]]]}}, {"id": "261", "type": "Feature", "properties": {"id": 35933, "codigo": "0929", "numero": null, "fl_rural": 0, "Destinação": "NÃO ATRIBUÍDO"}, "geometry": {"type": "Polygon", "coordinates": [[[-51.9778858879945, -29.473808436996134], [-51.97801031464847, -29.47405700553646], [-51.97811394835257, -29.4740166175849], [-51.97798952150095, -29.47376804914471], [-51.9778858879945, -29.473808436996134]]]}}, {"id": "262", "type": "Feature", "properties": {"id": 35924, "codigo": "0931", "numero": null, "fl_rural": 0, "Destinação": "NÃO ATRIBUÍDO"}, "geometry": {"type": "Polygon", "coordinates": [[[-51.97798952150095, -29.47376804914471], [-51.97811394835257, -29.4740166175849], [-51.97821707355835, -29.473976427592387], [-51.97847826825517, -29.47394164071268], [-51.97842119001239, -29.47361350015566], [-51.97851212370973, -29.47333919369638], [-51.978438521751436, -29.47317697722159], [-51.97705487725293, -29.47365766049417], [-51.977096737963905, -29.473749922899792], [-51.976809175758206, -29.47384982078143], [-51.97704270343055, -29.47413703741981], [-51.97798952150095, -29.47376804914471]]]}}, {"id": "263", "type": "Feature", "properties": {"id": 36685, "codigo": "1410", "numero": "970", "fl_rural": 0, "Destinação": "NÃO ATRIBUÍDO"}, "geometry": {"type": "Polygon", "coordinates": [[[-51.97705760866795, -29.47365671162188], [-51.97928182740229, -29.472884041812396], [-51.97913283504777, -29.472566902472714], [-51.9791272576409, -29.472568887149148], [-51.97885643151461, -29.472068737710735], [-51.97948449208913, -29.47183068806212], [-51.979447315619, -29.47176921550104], [-51.97862883334167, -29.471138600003393], [-51.97830403388348, -29.471264362190077], [-51.97691273490156, -29.473357298291408], [-51.97705760866795, -29.47365671162188]]]}}, {"id": "264", "type": "Feature", "properties": {"id": 36684, "codigo": "1380", "numero": null, "fl_rural": 0, "Destinação": "NÃO ATRIBUÍDO"}, "geometry": {"type": "Polygon", "coordinates": [[[-51.97693180745078, -29.470150640309562], [-51.97686895402147, -29.47038911219341], [-51.976894321416765, -29.4706704032372], [-51.976919307525314, -29.471190917633322], [-51.97695437928306, -29.47141272919524], [-51.97696090242217, -29.471539858572605], [-51.976939595723245, -29.4716475040828], [-51.97696507037581, -29.471832137920902], [-51.97693139554588, -29.471920820935782], [-51.97688743545539, -29.471984312052154], [-51.97677894521824, -29.47208026145827], [-51.97664237748598, -29.47215277488239], [-51.97648244090484, -29.472155150228247], [-51.976362911433206, -29.47222996876973], [-51.976299591193616, -29.472313527719596], [-51.9762736442446, -29.47235729766534], [-51.97620536112639, -29.472556639532048], [-51.97609466784882, -29.472716303329857], [-51.97600753613853, -29.472943180743627], [-51.976208260201105, -29.47333702653484], [-51.9767860237161, -29.473088607180728], [-51.97691276916332, -29.47335724668962], [-51.97830404023053, -29.471264335791453], [-51.978381074044805, -29.47094770906216], [-51.97822267279057, -29.470825665752812], [-51.97837502129404, -29.4705808802363], [-51.97846847221527, -29.4705884824404], [-51.97850374670866, -29.47044349614341], [-51.97693180745078, -29.470150640309562]]]}}, {"id": "265", "type": "Feature", "properties": {"id": 36683, "codigo": "1350", "numero": "999", "fl_rural": 0, "Destinação": "NÃO ATRIBUÍDO"}, "geometry": {"type": "Polygon", "coordinates": [[[-51.97902428893045, -29.468589743051883], [-51.97889239932217, -29.468504460497194], [-51.978794077129685, -29.46847037451232], [-51.9786757271502, -29.46844797393594], [-51.97850669231112, -29.46846615445684], [-51.97830347240119, -29.468529923664562], [-51.9780873768662, -29.46862530913367], [-51.977779544263726, -29.468707259611765], [-51.977639333385255, -29.46872755065639], [-51.97747301683674, -29.468765399982754], [-51.977320121360485, -29.46881113194531], [-51.9772350270095, -29.468858986725774], [-51.97718260623916, -29.468946788684008], [-51.97710784804332, -29.469054473588134], [-51.977062932354094, -29.46913302959849], [-51.97693746141881, -29.469707721930956], [-51.976923104413174, -29.469897585536057], [-51.97693469046235, -29.470045020066106], [-51.97693180745078, -29.470150640309562], [-51.97850374670866, -29.47044349614341], [-51.97846847221527, -29.4705884824404], [-51.97904200048391, -29.47063513879109], [-51.97902428893045, -29.468589743051883]]]}}, {"id": "266", "type": "Feature", "properties": {"id": 36683, "codigo": "1350", "numero": "999", "fl_rural": 0, "Destinação": "NÃO ATRIBUÍDO"}, "geometry": {"type": "Polygon", "coordinates": [[[-51.97830404023053, -29.471264335791453], [-51.97862881172992, -29.471138583352207], [-51.978381074044805, -29.47094770906216], [-51.97830404023053, -29.471264335791453]]]}}, {"id": "267", "type": "Feature", "properties": {"id": 13999, "codigo": "0021", "numero": "1136", "fl_rural": 0, "Destinação": "NÃO ATRIBUÍDO"}, "geometry": {"type": "Polygon", "coordinates": [[[-51.9774111315135, -29.46820881458184], [-51.97723773237546, -29.4681345311987], [-51.976995990821216, -29.468264619069753], [-51.97704401817666, -29.468713965907153], [-51.977584899781114, -29.468504502368337], [-51.9774111315135, -29.46820881458184]]]}}, {"id": "268", "type": "Feature", "properties": {"id": 38081, "codigo": "0823", "numero": null, "fl_rural": 0, "Destinação": "NÃO ATRIBUÍDO"}, "geometry": {"type": "Polygon", "coordinates": [[[-51.98106331652107, -29.472753005614678], [-51.9811129314337, -29.472852213880692], [-51.980922810261724, -29.472931279106618], [-51.98097581992903, -29.4729171659107], [-51.98245095974499, -29.47328826634792], [-51.98291172314042, -29.473094446829386], [-51.98261267145128, -29.47260727597962], [-51.98280182337904, -29.471901957112486], [-51.98279775281957, -29.47182208964145], [-51.98275094342803, -29.471716653096404], [-51.97983086871747, -29.472766575375065], [-51.980049925143746, -29.47317561905842], [-51.98106331652107, -29.472753005614678]]]}}, {"id": "269", "type": "Feature", "properties": {"id": 38080, "codigo": "1315", "numero": null, "fl_rural": 0, "Destinação": "NÃO ATRIBUÍDO"}, "geometry": {"type": "Polygon", "coordinates": [[[-51.98308580217291, -29.47337803068216], [-51.98291183728153, -29.473094632771254], [-51.98245095917338, -29.47328826620412], [-51.98298154139737, -29.473421744599307], [-51.98308580217291, -29.47337803068216]]]}}, {"id": "270", "type": "Feature", "properties": {"id": 38080, "codigo": "1315", "numero": null, "fl_rural": 0, "Destinação": "NÃO ATRIBUÍDO"}, "geometry": {"type": "Polygon", "coordinates": [[[-51.97913283504784, -29.47256690248175], [-51.97931395395316, -29.472952424877302], [-51.98275094342803, -29.471716653096404], [-51.98279775281957, -29.47182208964145], [-51.982769750727385, -29.47127266730746], [-51.97913283504784, -29.47256690248175]]]}}, {"id": "271", "type": "Feature", "properties": {"id": 13352, "codigo": "1470", "numero": "0", "fl_rural": 0, "Destinação": "NÃO ATRIBUÍDO"}, "geometry": {"type": "Polygon", "coordinates": [[[-51.98212700082255, -29.468710348885832], [-51.98245694923848, -29.469458519443567], [-51.98307719686176, -29.469239633218475], [-51.982827062408596, -29.46869688059431], [-51.98212700082255, -29.468710348885832]]]}}, {"id": "272", "type": "Feature", "properties": {"id": 35767, "codigo": "0260", "numero": "0", "fl_rural": 0, "Destinação": "ÁREA DE RECREAÇÃO PÚBLICA E INSTITUCIONAL"}, "geometry": {"type": "Polygon", "coordinates": [[[-51.98105614105162, -29.468671492079892], [-51.98078407264013, -29.468863319561574], [-51.98085938688597, -29.46894511548397], [-51.980920261895484, -29.468904842828444], [-51.981129970223066, -29.468784131237154], [-51.98120243319418, -29.468666891414916], [-51.98123722958116, -29.468388617756], [-51.981283605073976, -29.468216737462235], [-51.981271793583794, -29.468199288200957], [-51.981107779563445, -29.4684128949245], [-51.98108610196172, -29.468422727387424], [-51.98105614105162, -29.468671492079892]]]}}, {"id": "273", "type": "Feature", "properties": {"id": 35766, "codigo": "0264", "numero": null, "fl_rural": 0, "Destinação": "NÃO ATRIBUÍDO"}, "geometry": {"type": "Polygon", "coordinates": [[[-51.981607509613625, -29.468193761280283], [-51.98160723541488, -29.46816312083204], [-51.98149951042811, -29.468003941283424], [-51.98145778583857, -29.467879037865504], [-51.981299588399956, -29.467728894211916], [-51.981372596424244, -29.468068005738484], [-51.98135053921886, -29.46809673235199], [-51.981575916966385, -29.468310590588704], [-51.981607509613625, -29.468193761280283]]]}}, {"id": "274", "type": "Feature", "properties": {"id": 38107, "codigo": "0282", "numero": "177", "fl_rural": 0, "Destinação": "NÃO ATRIBUÍDO"}, "geometry": {"type": "Polygon", "coordinates": [[[-51.98145251003106, -29.4674703619716], [-51.981213068194904, -29.467327020594464], [-51.98126443110498, -29.46756559375162], [-51.981508540222286, -29.46776208774501], [-51.98145251003106, -29.4674703619716]]]}}, {"id": "275", "type": "Feature", "properties": {"id": 38109, "codigo": "0265", "numero": null, "fl_rural": 0, "Destinação": "NÃO ATRIBUÍDO"}, "geometry": {"type": "Polygon", "coordinates": [[[-51.98121306830234, -29.46732702109342], [-51.98145251003106, -29.4674703619716], [-51.981434334417855, -29.467210858017307], [-51.98116720326369, -29.467113984739857], [-51.98121306830234, -29.46732702109342]]]}}, {"id": "276", "type": "Feature", "properties": {"id": 14068, "codigo": "0258", "numero": "88", "fl_rural": 0, "Destinação": "NÃO ATRIBUÍDO"}, "geometry": {"type": "Polygon", "coordinates": [[[-51.9806650569392, -29.46945814302345], [-51.9808134248795, -29.46931445593711], [-51.981098693615145, -29.469125693220715], [-51.98136473245829, -29.468972524226178], [-51.981523854775695, -29.468715934165175], [-51.98152110675447, -29.468606405228297], [-51.98154254223255, -29.4684340656975], [-51.981575916966385, -29.468310590588704], [-51.98135053921886, -29.46809673235199], [-51.981271793583794, -29.468199288200957], [-51.981283605073976, -29.468216737462235], [-51.98123722958116, -29.468388617756], [-51.98120243319418, -29.468666891414916], [-51.981129970223066, -29.468784131237154], [-51.980920261895484, -29.468904842828444], [-51.98085938688597, -29.46894511548397], [-51.98078407264013, -29.468863319561574], [-51.98105614105162, -29.468671492079892], [-51.98108610196172, -29.468422727387424], [-51.98044034677634, -29.468715627128027], [-51.980379669912935, -29.467768485910746], [-51.98014742035116, -29.46721066823941], [-51.97991687264951, -29.46720888697084], [-51.9806650569392, -29.46945814302345]]]}}, {"id": "277", "type": "Feature", "properties": {"id": 14058, "codigo": "0097", "numero": "1404", "fl_rural": 0, "Destinação": "NÃO ATRIBUÍDO"}, "geometry": {"type": "Polygon", "coordinates": [[[-51.9799374154919, -29.46933476030058], [-51.97999318307393, -29.469452693741413], [-51.98012537189889, -29.46966767023737], [-51.98030072805621, -29.469705642247025], [-51.9804077703725, -29.46965025529648], [-51.9798836915985, -29.46720863060584], [-51.97962861279727, -29.467206659803907], [-51.9799374154919, -29.46933476030058]]]}}, {"id": "278", "type": "Feature", "properties": {"id": 14057, "codigo": "0077", "numero": "1386", "fl_rural": 0, "Destinação": "NÃO ATRIBUÍDO"}, "geometry": {"type": "Polygon", "coordinates": [[[-51.97968974101341, -29.468837647326577], [-51.97971379971194, -29.46886186988872], [-51.9799374154919, -29.46933476030058], [-51.97962861279727, -29.467206659803907], [-51.97944013597435, -29.46720520358536], [-51.97968974101341, -29.468837647326577]]]}}, {"id": "279", "type": "Feature", "properties": {"id": 14056, "codigo": "0059", "numero": "1368", "fl_rural": 0, "Destinação": "NÃO ATRIBUÍDO"}, "geometry": {"type": "Polygon", "coordinates": [[[-51.97958030587658, -29.468727466940933], [-51.97968974101341, -29.468837647326577], [-51.97944013597435, -29.46720520358536], [-51.979343233361284, -29.467204454891792], [-51.97958030587658, -29.468727466940933]]]}}, {"id": "280", "type": "Feature", "properties": {"id": 14055, "codigo": "0049", "numero": "1366", "fl_rural": 0, "Destinação": "NÃO ATRIBUÍDO"}, "geometry": {"type": "Polygon", "coordinates": [[[-51.97958030587658, -29.468727466940933], [-51.979343233361284, -29.467204454891792], [-51.979238832983725, -29.467203648268647], [-51.979456649996855, -29.468602968557974], [-51.97958030587658, -29.468727466940933]]]}}, {"id": "281", "type": "Feature", "properties": {"id": 14054, "codigo": "0020", "numero": "1334", "fl_rural": 0, "Destinação": "NÃO ATRIBUÍDO"}, "geometry": {"type": "Polygon", "coordinates": [[[-51.979456649996855, -29.468602968557974], [-51.979238832983725, -29.467203648268647], [-51.97902966318106, -29.467202032171024], [-51.979080108822494, -29.467623490584653], [-51.97911074763327, -29.467723679635043], [-51.97909419140782, -29.467741146419655], [-51.979161815202616, -29.468306123223524], [-51.979456649996855, -29.468602968557974]]]}}, {"id": "282", "type": "Feature", "properties": {"id": 14006, "codigo": "0028", "numero": "1254", "fl_rural": 0, "Destinação": "NÃO ATRIBUÍDO"}, "geometry": {"type": "Polygon", "coordinates": [[[-51.97911583105323, -29.4679219459561], [-51.97909419060802, -29.467741147263446], [-51.979023071334495, -29.467816177954223], [-51.97911583105323, -29.4679219459561]]]}}, {"id": "283", "type": "Feature", "properties": {"id": 14006, "codigo": "0028", "numero": "1254", "fl_rural": 0, "Destinação": "NÃO ATRIBUÍDO"}, "geometry": {"type": "Polygon", "coordinates": [[[-51.97904203744299, -29.467305424986524], [-51.978951148760714, -29.467201790596718], [-51.97908010723666, -29.467623485398956], [-51.97904203744299, -29.467305424986524]]]}}, {"id": "284", "type": "Feature", "properties": {"id": 14008, "codigo": "0032", "numero": "0", "fl_rural": 0, "Destinação": "NÃO ATRIBUÍDO"}, "geometry": {"type": "Polygon", "coordinates": [[[-51.97904203744299, -29.467305424986524], [-51.97902966218029, -29.467202032163286], [-51.978951036861154, -29.467201424684607], [-51.978951148760714, -29.467201790596718], [-51.97904203744299, -29.467305424986524]]]}}, {"id": "285", "type": "Feature", "properties": {"id": 14000, "codigo": "0022", "numero": "1146", "fl_rural": 0, "Destinação": "NÃO ATRIBUÍDO"}, "geometry": {"type": "Polygon", "coordinates": [[[-51.977584899781114, -29.468504502368337], [-51.9776970961475, -29.468461052462086], [-51.97759520355349, -29.46828767018647], [-51.9774111315135, -29.46820881458184], [-51.977584899781114, -29.468504502368337]]]}}, {"id": "286", "type": "Feature", "properties": {"id": 14001, "codigo": "0023", "numero": "1158", "fl_rural": 0, "Destinação": "NÃO ATRIBUÍDO"}, "geometry": {"type": "Polygon", "coordinates": [[[-51.977804178985714, -29.46831255230161], [-51.9777140873814, -29.468338599464666], [-51.97759520355349, -29.46828767018647], [-51.9776970961475, -29.468461052462086], [-51.97785538838012, -29.468399750888178], [-51.977804178985714, -29.46831255230161]]]}}, {"id": "287", "type": "Feature", "properties": {"id": 14002, "codigo": "0024", "numero": "1200", "fl_rural": 0, "Destinação": "NÃO ATRIBUÍDO"}, "geometry": {"type": "Polygon", "coordinates": [[[-51.97785538838012, -29.468399750888178], [-51.977987839668096, -29.468348456498155], [-51.977943130455124, -29.46827237884034], [-51.977804178985714, -29.46831255230161], [-51.97785538838012, -29.468399750888178]]]}}, {"id": "288", "type": "Feature", "properties": {"id": 14003, "codigo": "0025", "numero": "310", "fl_rural": 0, "Destinação": "NÃO ATRIBUÍDO"}, "geometry": {"type": "Polygon", "coordinates": [[[-51.977987839668096, -29.468348456498155], [-51.97860854114838, -29.46823265328218], [-51.97850174024472, -29.46811087433192], [-51.977943130455124, -29.46827237884034], [-51.977987839668096, -29.468348456498155]]]}}, {"id": "289", "type": "Feature", "properties": {"id": 14004, "codigo": "0026", "numero": "1236", "fl_rural": 0, "Destinação": "NÃO ATRIBUÍDO"}, "geometry": {"type": "Polygon", "coordinates": [[[-51.97860854114838, -29.46823265328218], [-51.97877611500361, -29.468201388793055], [-51.97865729159269, -29.46806590153614], [-51.97850174024472, -29.46811087433192], [-51.97860854114838, -29.46823265328218]]]}}, {"id": "290", "type": "Feature", "properties": {"id": 14005, "codigo": "0027", "numero": "0", "fl_rural": 0, "Destinação": "NÃO ATRIBUÍDO"}, "geometry": {"type": "Polygon", "coordinates": [[[-51.97877611500361, -29.468201388793055], [-51.979161815202616, -29.468306123223524], [-51.97911583105323, -29.4679219459561], [-51.979023071334495, -29.467816177954223], [-51.97883509154611, -29.4680144962536], [-51.97865729159269, -29.46806590153614], [-51.97877611500361, -29.468201388793055]]]}}, {"id": "291", "type": "Feature", "properties": {"id": 14043, "codigo": "0689", "numero": "0", "fl_rural": 0, "Destinação": "NÃO ATRIBUÍDO"}, "geometry": {"type": "Polygon", "coordinates": [[[-51.97316682021902, -29.470155015053376], [-51.972738525142454, -29.47018506040382], [-51.97274798073246, -29.470297541313787], [-51.97317775375966, -29.47026478888456], [-51.97316682021902, -29.470155015053376]]]}}, {"id": "292", "type": "Feature", "properties": {"id": 14041, "codigo": "0677", "numero": "199", "fl_rural": 0, "Destinação": "NÃO ATRIBUÍDO"}, "geometry": {"type": "Polygon", "coordinates": [[[-51.9731556272745, -29.47004263649621], [-51.972853700647974, -29.470063816979458], [-51.972732094623964, -29.470108564642377], [-51.972738525142454, -29.47018506040382], [-51.97316682021904, -29.470155015053376], [-51.9731556272745, -29.47004263649621]]]}}, {"id": "293", "type": "Feature", "properties": {"id": 14039, "codigo": "0664", "numero": "189", "fl_rural": 0, "Destinação": "NÃO ATRIBUÍDO"}, "geometry": {"type": "Polygon", "coordinates": [[[-51.973148960749, -29.469975703581266], [-51.97310943626063, -29.469969713327213], [-51.972853700647974, -29.470063816979458], [-51.9731556272745, -29.47004263649621], [-51.973148960749, -29.469975703581266]]]}}, {"id": "294", "type": "Feature", "properties": {"id": 36910, "codigo": "0112", "numero": null, "fl_rural": 0, "Destinação": "NÃO ATRIBUÍDO"}, "geometry": {"type": "Polygon", "coordinates": [[[-51.97336078718705, -29.470349732828517], [-51.97339306146541, -29.470347005252354], [-51.97335356204224, -29.470006712552664], [-51.973322170626034, -29.47000195493109], [-51.97336078718705, -29.470349732828517]]]}}, {"id": "295", "type": "Feature", "properties": {"id": 36909, "codigo": "0115", "numero": null, "fl_rural": 0, "Destinação": "NÃO ATRIBUÍDO"}, "geometry": {"type": "Polygon", "coordinates": [[[-51.97318767296732, -29.47036437843594], [-51.9733607865481, -29.47034973287831], [-51.97332216988606, -29.470001954818944], [-51.973148960747814, -29.469975703581106], [-51.97318767296732, -29.47036437843594]]]}}, {"id": "296", "type": "Feature", "properties": {"id": 14020, "codigo": "0513", "numero": "0", "fl_rural": 0, "Destinação": "NÃO ATRIBUÍDO"}, "geometry": {"type": "Polygon", "coordinates": [[[-51.97259918929378, -29.46866338242656], [-51.97273899586448, -29.468492365584186], [-51.97266550162508, -29.46844708400555], [-51.97257293701179, -29.46839890063368], [-51.97259918929378, -29.46866338242656]]]}}, {"id": "297", "type": "Feature", "properties": {"id": 38110, "codigo": "0253", "numero": "149", "fl_rural": 0, "Destinação": "NÃO ATRIBUÍDO"}, "geometry": {"type": "Polygon", "coordinates": [[[-51.981434334417855, -29.467210858017307], [-51.98143530906196, -29.46695727576847], [-51.98112436880969, -29.466915025005957], [-51.98116720326369, -29.467113984739857], [-51.981434334417855, -29.467210858017307]]]}}, {"id": "298", "type": "Feature", "properties": {"id": 38111, "codigo": "0240", "numero": "137", "fl_rural": 0, "Destinação": "NÃO ATRIBUÍDO"}, "geometry": {"type": "Polygon", "coordinates": [[[-51.981237332577884, -29.466744969064823], [-51.98112436880969, -29.466915025005957], [-51.98143530906196, -29.46695727576847], [-51.981451249229615, -29.466804769511175], [-51.981575414707, -29.466717385098452], [-51.981237332577884, -29.466744969064823]]]}}, {"id": "299", "type": "Feature", "properties": {"id": 14074, "codigo": "0307", "numero": "1566", "fl_rural": 0, "Destinação": "NÃO ATRIBUÍDO"}, "geometry": {"type": "Polygon", "coordinates": [[[-51.98130943718528, -29.466636712859646], [-51.98129152200251, -29.46666361030449], [-51.98131743416778, -29.466658029328777], [-51.98130943718528, -29.466636712859646]]]}}, {"id": "300", "type": "Feature", "properties": {"id": 14075, "codigo": "0323", "numero": "0", "fl_rural": 0, "Destinação": "NÃO ATRIBUÍDO"}, "geometry": {"type": "Polygon", "coordinates": [[[-51.98131743416778, -29.466658029328777], [-51.98148931216882, -29.466621009818745], [-51.9814282703255, -29.466458299506126], [-51.98130943718702, -29.46663671285703], [-51.98131743416778, -29.466658029328777]]]}}, {"id": "301", "type": "Feature", "properties": {"id": 14076, "codigo": "0356", "numero": "1588", "fl_rural": 0, "Destinação": "NÃO ATRIBUÍDO"}, "geometry": {"type": "Polygon", "coordinates": [[[-51.98155096327813, -29.465926424730647], [-51.9815410949889, -29.466288907142022], [-51.9814282703255, -29.466458299506126], [-51.98148931216882, -29.466621009818745], [-51.98178745252438, -29.46655679517049], [-51.98155096327813, -29.465926424730647]]]}}, {"id": "302", "type": "Feature", "properties": {"id": 14077, "codigo": "0386", "numero": "1616", "fl_rural": 0, "Destinação": "NÃO ATRIBUÍDO"}, "geometry": {"type": "Polygon", "coordinates": [[[-51.98178745252438, -29.46655679517049], [-51.981923459094226, -29.466527501214166], [-51.981723470033764, -29.46574629815986], [-51.98155633075325, -29.46572926641037], [-51.98155096328458, -29.46592642449344], [-51.98178745252438, -29.46655679517049]]]}}, {"id": "303", "type": "Feature", "properties": {"id": 14078, "codigo": "0400", "numero": "1644", "fl_rural": 0, "Destinação": "NÃO ATRIBUÍDO"}, "geometry": {"type": "Polygon", "coordinates": [[[-51.981923459094226, -29.466527501214166], [-51.982063582779844, -29.466497320390424], [-51.98187067025615, -29.465761298088683], [-51.98172347008299, -29.4657462981649], [-51.981923459094226, -29.466527501214166]]]}}, {"id": "304", "type": "Feature", "properties": {"id": 14081, "codigo": "0459", "numero": "1778", "fl_rural": 0, "Destinação": "NÃO ATRIBUÍDO"}, "geometry": {"type": "Polygon", "coordinates": [[[-51.98224183581835, -29.466367433089673], [-51.98227562504882, -29.466344596362667], [-51.98240101870185, -29.46620529694717], [-51.98248668505224, -29.466135370599677], [-51.98252986577248, -29.466092892180132], [-51.98259145488222, -29.46605407622391], [-51.98269997310157, -29.46603097390856], [-51.98282402169264, -29.465996912800083], [-51.98278920951688, -29.465564872532013], [-51.982627386475066, -29.46557696848928], [-51.982382160412904, -29.46581341972153], [-51.98218405108191, -29.465793232076322], [-51.98224183581835, -29.466367433089673]]]}}, {"id": "305", "type": "Feature", "properties": {"id": 14079, "codigo": "0414", "numero": "1680", "fl_rural": 0, "Destinação": "NÃO ATRIBUÍDO"}, "geometry": {"type": "Polygon", "coordinates": [[[-51.982063582779844, -29.466497320390424], [-51.98216517386434, -29.466426511534426], [-51.98200654035105, -29.465775143460114], [-51.98187066960804, -29.46576129802265], [-51.982063582779844, -29.466497320390424]]]}}, {"id": "306", "type": "Feature", "properties": {"id": 14080, "codigo": "0442", "numero": "1698", "fl_rural": 0, "Destinação": "NÃO ATRIBUÍDO"}, "geometry": {"type": "Polygon", "coordinates": [[[-51.98216517386434, -29.466426511534426], [-51.98224183581835, -29.466367433089673], [-51.98218405108191, -29.465793232076322], [-51.98200654035105, -29.465775143460114], [-51.98216517386434, -29.466426511534426]]]}}, {"id": "307", "type": "Feature", "properties": {"id": 1073, "codigo": "0511", "numero": "768", "fl_rural": 0, "Destinação": "NÃO ATRIBUÍDO"}, "geometry": {"type": "Polygon", "coordinates": [[[-51.9723742695306, -29.46412095284262], [-51.972386380100716, -29.46421295487815], [-51.97258263721038, -29.464096373362427], [-51.9723742695306, -29.46412095284262]]]}}, {"id": "308", "type": "Feature", "properties": {"id": 1074, "codigo": "0526", "numero": "736", "fl_rural": 0, "Destinação": "NÃO ATRIBUÍDO"}, "geometry": {"type": "Polygon", "coordinates": [[[-51.97282171154415, -29.46393754401937], [-51.97235628659158, -29.463984339318177], [-51.9723742695306, -29.46412095284262], [-51.97258263721038, -29.464096373362427], [-51.97282356634868, -29.463953255570814], [-51.97282171154415, -29.46393754401937]]]}}, {"id": "309", "type": "Feature", "properties": {"id": 3438, "codigo": "0152", "numero": "731", "fl_rural": 0, "Destinação": "NÃO ATRIBUÍDO"}, "geometry": {"type": "Polygon", "coordinates": [[[-51.97292698255815, -29.463891823816972], [-51.973194264477, -29.463733051830186], [-51.97351380953281, -29.463724887487714], [-51.973508853309994, -29.46368151024609], [-51.97290716096129, -29.463725214474277], [-51.97292698255815, -29.463891823816972]]]}}, {"id": "310", "type": "Feature", "properties": {"id": 1076, "codigo": "0548", "numero": "41", "fl_rural": 0, "Destinação": "NÃO ATRIBUÍDO"}, "geometry": {"type": "Polygon", "coordinates": [[[-51.97249658338421, -29.46377403117084], [-51.97233079673778, -29.463790695822173], [-51.97235628659158, -29.463984339318177], [-51.97252247294558, -29.463967630647787], [-51.97249658338421, -29.46377403117084]]]}}, {"id": "311", "type": "Feature", "properties": {"id": 1075, "codigo": "0547", "numero": "718", "fl_rural": 0, "Destinação": "NÃO ATRIBUÍDO"}, "geometry": {"type": "Polygon", "coordinates": [[[-51.97282171154415, -29.46393754401937], [-51.97279882193578, -29.463743649956466], [-51.97249658338421, -29.46377403117084], [-51.97252247294558, -29.463967630647787], [-51.97282171154415, -29.46393754401937]]]}}, {"id": "312", "type": "Feature", "properties": {"id": 3445, "codigo": "0381", "numero": "740", "fl_rural": 0, "Destinação": "NÃO ATRIBUÍDO"}, "geometry": {"type": "Polygon", "coordinates": [[[-51.97370857015528, -29.463557960464126], [-51.973496688853594, -29.46357504698142], [-51.97351380953281, -29.463724887487714], [-51.973689145758456, -29.463720407665665], [-51.97371356658571, -29.463599360736527], [-51.97370857015528, -29.463557960464126]]]}}, {"id": "313", "type": "Feature", "properties": {"id": 3446, "codigo": "0400", "numero": "720", "fl_rural": 0, "Destinação": "NÃO ATRIBUÍDO"}, "geometry": {"type": "Polygon", "coordinates": [[[-51.97370857015528, -29.463557960464126], [-51.97369313167071, -29.463430036515643], [-51.973654492646354, -29.463390458581923], [-51.973478357242115, -29.463406378481757], [-51.973496688853594, -29.46357504698142], [-51.97370857015528, -29.463557960464126]]]}}, {"id": "314", "type": "Feature", "properties": {"id": 3447, "codigo": "0443", "numero": "692", "fl_rural": 0, "Destinação": "NÃO ATRIBUÍDO"}, "geometry": {"type": "Polygon", "coordinates": [[[-51.973654492646354, -29.463390458581923], [-51.9735196748221, -29.463252364750605], [-51.973628594549545, -29.463188156149176], [-51.973459125990374, -29.46320319422865], [-51.973478357242115, -29.463406378481757], [-51.973654492646354, -29.463390458581923]]]}}, {"id": "315", "type": "Feature", "properties": {"id": 3424, "codigo": "0368", "numero": "696", "fl_rural": 0, "Destinação": "NÃO ATRIBUÍDO"}, "geometry": {"type": "Polygon", "coordinates": [[[-51.973443159251076, -29.463077554179424], [-51.97362547696174, -29.463062777569778], [-51.97361064361686, -29.46293186074014], [-51.973428581068895, -29.46294964013238], [-51.973443159251076, -29.463077554179424]]]}}, {"id": "316", "type": "Feature", "properties": {"id": 3620, "codigo": "0027", "numero": "930", "fl_rural": 0, "Destinação": "NÃO ATRIBUÍDO"}, "geometry": {"type": "Polygon", "coordinates": [[[-51.97472975425584, -29.462720805630656], [-51.974733615858646, -29.46275613106982], [-51.97478327629638, -29.462746759735214], [-51.97477721759656, -29.46271625708177], [-51.97472975425584, -29.462720805630656]]]}}, {"id": "317", "type": "Feature", "properties": {"id": 3628, "codigo": "0424", "numero": "701", "fl_rural": 0, "Destinação": "NÃO ATRIBUÍDO"}, "geometry": {"type": "Polygon", "coordinates": [[[-51.9744310547064, -29.462813226857136], [-51.974733615858646, -29.46275613106982], [-51.97469758752114, -29.46244072174046], [-51.974390201668676, -29.462467344961016], [-51.9744310547064, -29.462813226857136]]]}}, {"id": "318", "type": "Feature", "properties": {"id": 3422, "codigo": "0314", "numero": "0", "fl_rural": 0, "Destinação": "NÃO ATRIBUÍDO"}, "geometry": {"type": "Polygon", "coordinates": [[[-51.973296837792596, -29.463089413251428], [-51.973254690703136, -29.462719594511164], [-51.97310645664723, -29.462761999786572], [-51.97314529920426, -29.463103485704334], [-51.973296837792596, -29.463089413251428]]]}}, {"id": "319", "type": "Feature", "properties": {"id": 3420, "codigo": "0255", "numero": "0", "fl_rural": 0, "Destinação": "NÃO ATRIBUÍDO"}, "geometry": {"type": "Polygon", "coordinates": [[[-51.972827771531456, -29.463006269649902], [-51.97313649050513, -29.463025098952514], [-51.97310645664723, -29.462761999786572], [-51.972795864875664, -29.462744171658375], [-51.972827771531456, -29.463006269649902]]]}}, {"id": "320", "type": "Feature", "properties": {"id": 780, "codigo": "0573", "numero": "534", "fl_rural": 0, "Destinação": "NÃO ATRIBUÍDO"}, "geometry": {"type": "Polygon", "coordinates": [[[-51.97268913045514, -29.462768503724785], [-51.97257570552516, -29.46287264243321], [-51.972699526918305, -29.462859000157902], [-51.97268913045514, -29.462768503724785]]]}}, {"id": "321", "type": "Feature", "properties": {"id": 780, "codigo": "0573", "numero": "534", "fl_rural": 0, "Destinação": "NÃO ATRIBUÍDO"}, "geometry": {"type": "Polygon", "coordinates": [[[-51.97238963889191, -29.462893142705155], [-51.972542979531724, -29.462876248086474], [-51.972383736588654, -29.462849859188513], [-51.97238963889191, -29.462893142705155]]]}}, {"id": "322", "type": "Feature", "properties": {"id": 3426, "codigo": "0408", "numero": "668", "fl_rural": 0, "Destinação": "NÃO ATRIBUÍDO"}, "geometry": {"type": "Polygon", "coordinates": [[[-51.973571326106864, -29.462585026549156], [-51.97346938892916, -29.462597198909652], [-51.973401647173496, -29.462618210124745], [-51.973334202719954, -29.46265338217318], [-51.97328607418961, -29.462688840529523], [-51.973254690703136, -29.462719594511164], [-51.973268512145, -29.462840870610677], [-51.97359670281572, -29.462808821144936], [-51.973571326106864, -29.462585026549156]]]}}, {"id": "323", "type": "Feature", "properties": {"id": 3418, "codigo": "0226", "numero": "525", "fl_rural": 0, "Destinação": "NÃO ATRIBUÍDO"}, "geometry": {"type": "Polygon", "coordinates": [[[-51.97279565782915, -29.462744174525348], [-51.97308268580993, -29.46276063532344], [-51.97307046891716, -29.46261333666282], [-51.97287142096655, -29.46260113753446], [-51.97278756538469, -29.46267812776926], [-51.97279565782915, -29.462744174525348]]]}}, {"id": "324", "type": "Feature", "properties": {"id": 3417, "codigo": "0184", "numero": "503", "fl_rural": 0, "Destinação": "NÃO ATRIBUÍDO"}, "geometry": {"type": "Polygon", "coordinates": [[[-51.97307046891716, -29.46261333666282], [-51.97305960328301, -29.4624844656047], [-51.97300022921771, -29.46248287495401], [-51.97287142096655, -29.46260113753446], [-51.97307046891716, -29.46261333666282]]]}}, {"id": "325", "type": "Feature", "properties": {"id": 3430, "codigo": "0493", "numero": "0", "fl_rural": 0, "Destinação": "NÃO ATRIBUÍDO"}, "geometry": {"type": "Polygon", "coordinates": [[[-51.97310645664723, -29.462761999786572], [-51.97323619389571, -29.462721927361002], [-51.97318460763954, -29.462313591792753], [-51.97305521283069, -29.46243239290881], [-51.97308268580993, -29.46276063532344], [-51.97310645664723, -29.462761999786572]]]}}, {"id": "326", "type": "Feature", "properties": {"id": 3429, "codigo": "0478", "numero": "0", "fl_rural": 0, "Destinação": "NÃO ATRIBUÍDO"}, "geometry": {"type": "Polygon", "coordinates": [[[-51.973254690703136, -29.462719594511164], [-51.97328607418961, -29.462688840529523], [-51.973235283045376, -29.462286800449984], [-51.97321141436363, -29.462288979764125], [-51.97318460763954, -29.462313591792753], [-51.97323619389571, -29.462721927361002], [-51.973254690703136, -29.462719594511164]]]}}, {"id": "327", "type": "Feature", "properties": {"id": 3428, "codigo": "0467", "numero": "0", "fl_rural": 0, "Destinação": "NÃO ATRIBUÍDO"}, "geometry": {"type": "Polygon", "coordinates": [[[-51.973401647173496, -29.462618210124745], [-51.973358359030854, -29.462275563078837], [-51.973235283045376, -29.462286800449984], [-51.97328607418961, -29.462688840529523], [-51.973334202719954, -29.46265338217318], [-51.973401647173496, -29.462618210124745]]]}}, {"id": "328", "type": "Feature", "properties": {"id": 3527, "codigo": "0196", "numero": "697", "fl_rural": 0, "Destinação": "NÃO ATRIBUÍDO"}, "geometry": {"type": "Polygon", "coordinates": [[[-51.97375302528896, -29.462944111930526], [-51.973766092094635, -29.463052706159136], [-51.973871695738005, -29.463044847056526], [-51.97404633245089, -29.46294189803751], [-51.97404374192939, -29.462921521634705], [-51.97375302528896, -29.462944111930526]]]}}, {"id": "329", "type": "Feature", "properties": {"id": 3526, "codigo": "0155", "numero": "685", "fl_rural": 0, "Destinação": "NÃO ATRIBUÍDO"}, "geometry": {"type": "Polygon", "coordinates": [[[-51.97404374192939, -29.462921521634705], [-51.974032467244, -29.462832837172744], [-51.973742348633756, -29.46285538091993], [-51.97375302528896, -29.462944111930526], [-51.97404374192939, -29.462921521634705]]]}}, {"id": "330", "type": "Feature", "properties": {"id": 3425, "codigo": "0383", "numero": "682", "fl_rural": 0, "Destinação": "NÃO ATRIBUÍDO"}, "geometry": {"type": "Polygon", "coordinates": [[[-51.973428581068895, -29.46294964013238], [-51.97361064361686, -29.46293186074014], [-51.97359670281572, -29.462808821144936], [-51.97341291949715, -29.46282676859493], [-51.973428581068895, -29.46294964013238]]]}}, {"id": "331", "type": "Feature", "properties": {"id": 3528, "codigo": "0258", "numero": "125", "fl_rural": 0, "Destinação": "NÃO ATRIBUÍDO"}, "geometry": {"type": "Polygon", "coordinates": [[[-51.97402093612731, -29.462742136398962], [-51.97404633245089, -29.46294189803751], [-51.9741862314713, -29.462859427022842], [-51.97433210269898, -29.462831899917887], [-51.97431809274617, -29.46271258639333], [-51.97402093612731, -29.462742136398962]]]}}, {"id": "332", "type": "Feature", "properties": {"id": 3525, "codigo": "0145", "numero": "673", "fl_rural": 0, "Destinação": "NÃO ATRIBUÍDO"}, "geometry": {"type": "Polygon", "coordinates": [[[-51.973731429258706, -29.462764632684422], [-51.973742348633756, -29.46285538091993], [-51.974032467244, -29.462832837172744], [-51.97402093612731, -29.462742136398962], [-51.973731429258706, -29.462764632684422]]]}}, {"id": "333", "type": "Feature", "properties": {"id": 3524, "codigo": "0135", "numero": "0", "fl_rural": 0, "Destinação": "NÃO AFETADO"}, "geometry": {"type": "Polygon", "coordinates": [[[-51.973731429258706, -29.462764632684422], [-51.97402093612731, -29.462742136398962], [-51.97398721660125, -29.46246997126385], [-51.97369629205339, -29.4624965624001], [-51.973731429258706, -29.462764632684422]]]}}, {"id": "334", "type": "Feature", "properties": {"id": 3529, "codigo": "0288", "numero": "0", "fl_rural": 0, "Destinação": "NÃO AFETADO"}, "geometry": {"type": "Polygon", "coordinates": [[[-51.974285685987205, -29.462443070401765], [-51.97398721660125, -29.46246997126385], [-51.97402093612731, -29.462742136398962], [-51.97431809274617, -29.46271258639333], [-51.974285685987205, -29.462443070401765]]]}}, {"id": "335", "type": "Feature", "properties": {"id": 3523, "codigo": "0109", "numero": "595", "fl_rural": 0, "Destinação": "NÃO ATRIBUÍDO"}, "geometry": {"type": "Polygon", "coordinates": [[[-51.97369629205339, -29.4624965624001], [-51.97398721660125, -29.46246997126385], [-51.973973928548126, -29.462359973167715], [-51.973681602659674, -29.462384492802038], [-51.97369629205339, -29.4624965624001]]]}}, {"id": "336", "type": "Feature", "properties": {"id": 3427, "codigo": "0454", "numero": "0", "fl_rural": 0, "Destinação": "NÃO ATRIBUÍDO"}, "geometry": {"type": "Polygon", "coordinates": [[[-51.97353139698026, -29.46225976396374], [-51.973358359030854, -29.462275563078837], [-51.973401647173496, -29.462618210124745], [-51.97346938892916, -29.462597198909652], [-51.973571326106864, -29.462585026549156], [-51.97353139698026, -29.46225976396374]]]}}, {"id": "337", "type": "Feature", "properties": {"id": 3530, "codigo": "0300", "numero": "0", "fl_rural": 0, "Destinação": "NÃO AFETADO"}, "geometry": {"type": "Polygon", "coordinates": [[[-51.97398721660125, -29.46246997126385], [-51.974285685987205, -29.462443070401765], [-51.97427590338457, -29.462353233865674], [-51.97397592405491, -29.462378801527294], [-51.97398721660125, -29.46246997126385]]]}}, {"id": "338", "type": "Feature", "properties": {"id": 3621, "codigo": "0068", "numero": "888", "fl_rural": 0, "Destinação": "NÃO ATRIBUÍDO"}, "geometry": {"type": "Polygon", "coordinates": [[[-51.97468805900567, -29.462357436008745], [-51.97472975425584, -29.462720805630656], [-51.97477721759656, -29.46271625708177], [-51.9747056113524, -29.462355753918203], [-51.97468805900567, -29.462357436008745]]]}}, {"id": "339", "type": "Feature", "properties": {"id": 3627, "codigo": "0337", "numero": "681", "fl_rural": 0, "Destinação": "NÃO ATRIBUÍDO"}, "geometry": {"type": "Polygon", "coordinates": [[[-51.974390201668676, -29.462467344961016], [-51.97469758752114, -29.46244072174046], [-51.97466962350714, -29.462196845236612], [-51.97436173741385, -29.462226350010084], [-51.974390201668676, -29.462467344961016]]]}}, {"id": "340", "type": "Feature", "properties": {"id": 3622, "codigo": "0105", "numero": "850", "fl_rural": 0, "Destinação": "NÃO ATRIBUÍDO"}, "geometry": {"type": "Polygon", "coordinates": [[[-51.97466356979456, -29.46214409479847], [-51.97468805900567, -29.462357436008745], [-51.9747056113524, -29.462355753918203], [-51.97466356979456, -29.46214409479847]]]}}, {"id": "341", "type": "Feature", "properties": {"id": 3626, "codigo": "0310", "numero": "661", "fl_rural": 0, "Destinação": "NÃO ATRIBUÍDO"}, "geometry": {"type": "Polygon", "coordinates": [[[-51.97436173741385, -29.462226350010084], [-51.97466962350714, -29.462196845236612], [-51.97466356979456, -29.46214409479847], [-51.974577431670774, -29.461710430576947], [-51.97435083490439, -29.46173916354839], [-51.97431448571944, -29.461826198397894], [-51.97436173741385, -29.462226350010084]]]}}, {"id": "342", "type": "Feature", "properties": {"id": 3522, "codigo": "0092", "numero": "585", "fl_rural": 0, "Destinação": "NÃO ATRIBUÍDO"}, "geometry": {"type": "Polygon", "coordinates": [[[-51.973973928548126, -29.462359973167715], [-51.973962787243195, -29.462254851901598], [-51.97366786328357, -29.462279624612833], [-51.973681602659674, -29.462384492802038], [-51.973973928548126, -29.462359973167715]]]}}, {"id": "343", "type": "Feature", "properties": {"id": 3531, "codigo": "0313", "numero": "666", "fl_rural": 0, "Destinação": "NÃO ATRIBUÍDO"}, "geometry": {"type": "Polygon", "coordinates": [[[-51.97397592405491, -29.462378801527294], [-51.97427590338457, -29.462353233865674], [-51.97426308640101, -29.462244161803383], [-51.973964352833356, -29.462269623390632], [-51.97397592405491, -29.462378801527294]]]}}, {"id": "344", "type": "Feature", "properties": {"id": 3521, "codigo": "0080", "numero": "573", "fl_rural": 0, "Destinação": "NÃO ATRIBUÍDO"}, "geometry": {"type": "Polygon", "coordinates": [[[-51.97366786328357, -29.462279624612833], [-51.973962787243195, -29.462254851901598], [-51.97395916835175, -29.46222070658267], [-51.973664343428425, -29.462247625376556], [-51.97366786328357, -29.462279624612833]]]}}, {"id": "345", "type": "Feature", "properties": {"id": 3532, "codigo": "0325", "numero": "0", "fl_rural": 0, "Destinação": "NÃO ATRIBUÍDO"}, "geometry": {"type": "Polygon", "coordinates": [[[-51.97426308640101, -29.462244161803383], [-51.97424991062711, -29.46213195511917], [-51.97411473742284, -29.462144062005656], [-51.97395916835175, -29.46222070658267], [-51.973964352833356, -29.462269623390632], [-51.97426308640101, -29.462244161803383]]]}}, {"id": "346", "type": "Feature", "properties": {"id": 3533, "codigo": "0338", "numero": "642", "fl_rural": 0, "Destinação": "NÃO ATRIBUÍDO"}, "geometry": {"type": "Polygon", "coordinates": [[[-51.97424991062711, -29.46213195511917], [-51.974233533561076, -29.462020031050056], [-51.97419961033667, -29.462101257155574], [-51.97411473742284, -29.462144062005656], [-51.97424991062711, -29.46213195511917]]]}}, {"id": "348", "type": "Feature", "properties": {"id": 3416, "codigo": "0168", "numero": "0", "fl_rural": 0, "Destinação": "NÃO ATRIBUÍDO"}, "geometry": {"type": "Polygon", "coordinates": [[[-51.97305960328301, -29.4624844656047], [-51.97305521283069, -29.46243239290881], [-51.97300022921771, -29.46248287495401], [-51.97305960328301, -29.4624844656047]]]}}, {"id": "349", "type": "Feature", "properties": {"id": 14961, "codigo": "0091", "numero": "0", "fl_rural": 0, "Destinação": "ÁREA DE PRESERVAÇÃO PERMANENTE"}, "geometry": {"type": "Polygon", "coordinates": [[[-51.98298154139737, -29.473421744599307], [-51.983136577960025, -29.47346074709627], [-51.98308580217291, -29.47337803068216], [-51.98298154139737, -29.473421744599307]]]}}, {"id": "350", "type": "Feature", "properties": {"id": 13350, "codigo": "0415", "numero": "0", "fl_rural": 0, "Destinação": "NÃO ATRIBUÍDO"}, "geometry": {"type": "Polygon", "coordinates": [[[-51.98520973771513, -29.4693452781149], [-51.985053263895814, -29.46929229814283], [-51.984837227203705, -29.469197389690226], [-51.984612510504384, -29.46903899145535], [-51.98446816262657, -29.468849398414868], [-51.9843724904167, -29.468663685187522], [-51.98383178116804, -29.468672149140207], [-51.98461560963027, -29.47048649082898], [-51.98526489705268, -29.470647367810553], [-51.98581326407273, -29.470507360601328], [-51.985327657681566, -29.469422220423926], [-51.98520973771513, -29.4693452781149]]]}}, {"id": "351", "type": "Feature", "properties": {"id": 13350, "codigo": "0415", "numero": "0", "fl_rural": 0, "Destinação": "NÃO ATRIBUÍDO"}, "geometry": {"type": "Polygon", "coordinates": [[[-51.98667855117032, -29.472440938518933], [-51.98658445312321, -29.47272228257735], [-51.98685712801945, -29.473189541667672], [-51.987107247363284, -29.47339890668274], [-51.98667855117032, -29.472440938518933]]]}}, {"id": "352", "type": "Feature", "properties": {"id": 14091, "codigo": "0819", "numero": "2225", "fl_rural": 0, "Destinação": "NÃO ATRIBUÍDO"}, "geometry": {"type": "Polygon", "coordinates": [[[-51.98467306451257, -29.46896745974103], [-51.985496323084995, -29.46907596172316], [-51.986183915418714, -29.46869004822917], [-51.98641270640393, -29.46872649145323], [-51.98724825975257, -29.469633526426612], [-51.9865041687704, -29.466498791309647], [-51.986713389916424, -29.466262889626456], [-51.986501969789934, -29.464744959537203], [-51.986199878551815, -29.464954917551115], [-51.98617303799757, -29.46644418285422], [-51.98545468409054, -29.466810489686257], [-51.9850694533543, -29.46749921460852], [-51.984645695376756, -29.46740307942951], [-51.98442942802869, -29.46636684506451], [-51.98423427070792, -29.46639431194835], [-51.98467306451257, -29.46896745974103]], [[-51.98661120765735, -29.46802927235785], [-51.986643891636376, -29.468209522873142], [-51.986073575284564, -29.467888862740164], [-51.98612356455558, -29.46772604877732], [-51.98661120765735, -29.46802927235785]]]}}, {"id": "353", "type": "Feature", "properties": {"id": 13353, "codigo": "2120", "numero": "0", "fl_rural": 0, "Destinação": "NÃO ATRIBUÍDO"}, "geometry": {"type": "Polygon", "coordinates": [[[-51.9830762997127, -29.468812085830514], [-51.983738991053336, -29.470365452151736], [-51.98392096246621, -29.47031437485206], [-51.984615607553756, -29.470486490314475], [-51.98389351496474, -29.468815052373643], [-51.9830762997127, -29.468812085830514]]]}}, {"id": "354", "type": "Feature", "properties": {"id": 14917, "codigo": "0284", "numero": "0", "fl_rural": 0, "Destinação": "OUTROS (mencione nas observações)"}, "geometry": {"type": "Polygon", "coordinates": [[[-51.98307719686176, -29.469239633218475], [-51.98245694923848, -29.469458519443567], [-51.98304767833461, -29.470797988369792], [-51.98329355703719, -29.47049048039862], [-51.98359100119936, -29.470406991215516], [-51.98307719686176, -29.469239633218475]]]}}, {"id": "355", "type": "Feature", "properties": {"id": 14087, "codigo": "0600", "numero": "0", "fl_rural": 0, "Destinação": "NÃO ATRIBUÍDO"}, "geometry": {"type": "Polygon", "coordinates": [[[-51.982988996434486, -29.465763507788303], [-51.98299076969534, -29.465899558053977], [-51.9832864188823, -29.465948382106212], [-51.983413767661744, -29.465986133174347], [-51.98351648867086, -29.46606599373218], [-51.98366427732432, -29.46623338138814], [-51.983852796298514, -29.46663090645396], [-51.98402038678465, -29.466818887101432], [-51.98415727474751, -29.46706175811322], [-51.984391698713196, -29.46731751265896], [-51.984337612364655, -29.467000340212923], [-51.983889589579235, -29.466368724539684], [-51.98350799749618, -29.465994622342592], [-51.98302176580205, -29.46583577096013], [-51.982988996434486, -29.465763507788303]]]}}, {"id": "356", "type": "Feature", "properties": {"id": 14084, "codigo": "0580", "numero": "0", "fl_rural": 0, "Destinação": "NÃO ATRIBUÍDO"}, "geometry": {"type": "Polygon", "coordinates": [[[-51.983889589579235, -29.466368724539684], [-51.984136231796725, -29.46671692441835], [-51.984337612364655, -29.467000340212923], [-51.9842342697953, -29.466394312076815], [-51.983955683298525, -29.466433520972043], [-51.983889589579235, -29.466368724539684]]]}}, {"id": "357", "type": "Feature", "properties": {"id": 14907, "codigo": "0120", "numero": "118", "fl_rural": 0, "Destinação": "NÃO ATRIBUÍDO"}, "geometry": {"type": "Polygon", "coordinates": [[[-51.987787492745326, -29.47077615510587], [-51.98782853454409, -29.470872141090002], [-51.987869839089605, -29.470751411252277], [-51.987787492745326, -29.47077615510587]]]}}, {"id": "358", "type": "Feature", "properties": {"id": 14908, "codigo": "0135", "numero": "106", "fl_rural": 0, "Destinação": "NÃO ATRIBUÍDO"}, "geometry": {"type": "Polygon", "coordinates": [[[-51.98775455786924, -29.470699128740556], [-51.987787492745326, -29.47077615510587], [-51.987869839089605, -29.470751411252277], [-51.9878750045121, -29.470736313141117], [-51.98785969104824, -29.470646042045974], [-51.98775455786924, -29.470699128740556]]]}}, {"id": "359", "type": "Feature", "properties": {"id": 14909, "codigo": "0199", "numero": "0", "fl_rural": 0, "Destinação": "ÁREA DE PRESERVAÇÃO PERMANENTE"}, "geometry": {"type": "Polygon", "coordinates": [[[-51.98819683275162, -29.469469415886632], [-51.987798765162076, -29.46855960432219], [-51.98776585097971, -29.468699911470473], [-51.98781982349912, -29.468908986889282], [-51.98782650373266, -29.46895886954472], [-51.98779133475611, -29.46919297647634], [-51.98772637689566, -29.469417137245593], [-51.9876642621193, -29.469535085953098], [-51.98757110035125, -29.469646486989973], [-51.98746359622923, -29.46974330832285], [-51.9874020495598, -29.469786693213035], [-51.98732995669649, -29.469807562597428], [-51.987266714092804, -29.469809161405013], [-51.98718392023466, -29.469792362202746], [-51.98775436486588, -29.47108893304608], [-51.98782853454409, -29.470872141090002], [-51.98775455786924, -29.470699128740556], [-51.98785969104824, -29.470646042045974], [-51.98773280736663, -29.469898077443908], [-51.9877728490383, -29.469877878679274], [-51.987724454873124, -29.46975804609816], [-51.987862129982894, -29.469692702614427], [-51.98793954521759, -29.469708433820553], [-51.98813418124072, -29.46969560696578], [-51.988204902552816, -29.469659932053176], [-51.98819683275162, -29.469469415886632]]]}}, {"id": "360", "type": "Feature", "properties": {"id": 14910, "codigo": "0214", "numero": "11", "fl_rural": 0, "Destinação": "NÃO ATRIBUÍDO"}, "geometry": {"type": "Polygon", "coordinates": [[[-51.987862129982894, -29.469692702614427], [-51.987724454873124, -29.46975804609816], [-51.9877728490383, -29.469877878679274], [-51.98790914674734, -29.469809124173562], [-51.987862129982894, -29.469692702614427]]]}}, {"id": "361", "type": "Feature", "properties": {"id": 14911, "codigo": "0230", "numero": "27", "fl_rural": 0, "Destinação": "NÃO ATRIBUÍDO"}, "geometry": {"type": "Polygon", "coordinates": [[[-51.98793954521759, -29.469708433820553], [-51.987862129982894, -29.469692702614427], [-51.98790914674734, -29.469809124173562], [-51.988054530782655, -29.4697357861288], [-51.98803997314233, -29.469699739059497], [-51.98793954521759, -29.469708433820553]]]}}, {"id": "362", "type": "Feature", "properties": {"id": 14912, "codigo": "0251", "numero": "41", "fl_rural": 0, "Destinação": "NÃO ATRIBUÍDO"}, "geometry": {"type": "Polygon", "coordinates": [[[-51.98803997314233, -29.469699739059497], [-51.988054530782655, -29.4697357861288], [-51.98813418124072, -29.46969560696578], [-51.98803997314233, -29.469699739059497]]]}}, {"id": "363", "type": "Feature", "properties": {"id": 14498, "codigo": "0434", "numero": "696", "fl_rural": 0, "Destinação": "NÃO ATRIBUÍDO"}, "geometry": {"type": "Polygon", "coordinates": [[[-51.98816045190448, -29.469386265644857], [-51.988196832746134, -29.4694694157571], [-51.988192890117524, -29.469376336080053], [-51.98816045190448, -29.469386265644857]]]}}, {"id": "364", "type": "Feature", "properties": {"id": 14497, "codigo": "0417", "numero": "680", "fl_rural": 0, "Destinação": "NÃO ATRIBUÍDO"}, "geometry": {"type": "Polygon", "coordinates": [[[-51.98815054103439, -29.46914248992176], [-51.988126368866396, -29.46930836698395], [-51.98816045190448, -29.469386265644857], [-51.988192890117524, -29.469376336080053], [-51.98818314103859, -29.46914617462984], [-51.98815054103439, -29.46914248992176]]]}}, {"id": "365", "type": "Feature", "properties": {"id": 14092, "codigo": "0830", "numero": "0", "fl_rural": 0, "Destinação": "NÃO ATRIBUÍDO"}, "geometry": {"type": "Polygon", "coordinates": [[[-51.98762911803782, -29.468595243687794], [-51.987491167853975, -29.468103729080966], [-51.987498662619906, -29.467957976521422], [-51.987245486662935, -29.46756412719], [-51.98685892871246, -29.467110145435928], [-51.986725384878, -29.46670539401316], [-51.986728286648635, -29.466369815602885], [-51.987403016895186, -29.46635054835781], [-51.98743861912932, -29.466211729329263], [-51.98670933991745, -29.46623275857261], [-51.986713389916424, -29.466262889626456], [-51.9865041687704, -29.466498791309647], [-51.98724825975257, -29.469633526426612], [-51.98744517333869, -29.469624805959434], [-51.987627103449235, -29.46935572730053], [-51.987715455224645, -29.468982228400307], [-51.98762911803782, -29.468595243687794]], [[-51.98750688997592, -29.468934117776595], [-51.987325027971664, -29.469323526607027], [-51.98724882005695, -29.46890895858586], [-51.98737081903019, -29.468727560704824], [-51.98725624739665, -29.468611090386016], [-51.987431993232676, -29.468654909705407], [-51.98750688997592, -29.468934117776595]]]}}, {"id": "366", "type": "Feature", "properties": {"id": 14110, "codigo": "0233", "numero": "0", "fl_rural": 0, "Destinação": "NÃO ATRIBUÍDO"}, "geometry": {"type": "Polygon", "coordinates": [[[-51.98734043388155, -29.465564551573298], [-51.98736078555343, -29.46569869856495], [-51.98767550361522, -29.46565610524897], [-51.98765685657299, -29.465521727625696], [-51.98734043388155, -29.465564551573298]]]}}, {"id": "367", "type": "Feature", "properties": {"id": 14108, "codigo": "0218", "numero": "170", "fl_rural": 0, "Destinação": "NÃO ATRIBUÍDO"}, "geometry": {"type": "Polygon", "coordinates": [[[-51.987320082166335, -29.465430404665625], [-51.98734043388155, -29.465564551573298], [-51.98765685657299, -29.465521727625696], [-51.987638209585256, -29.46538734999599], [-51.987320082166335, -29.465430404665625]]]}}, {"id": "368", "type": "Feature", "properties": {"id": 14107, "codigo": "0206", "numero": "168", "fl_rural": 0, "Destinação": "NÃO ATRIBUÍDO"}, "geometry": {"type": "Polygon", "coordinates": [[[-51.987303800831455, -29.46532308661102], [-51.987320082166335, -29.465430404665625], [-51.987638209585256, -29.46538734999599], [-51.98762327382013, -29.465279849809633], [-51.987303800831455, -29.46532308661102]]]}}, {"id": "369", "type": "Feature", "properties": {"id": 14106, "codigo": "0194", "numero": "156", "fl_rural": 0, "Destinação": "NÃO ATRIBUÍDO"}, "geometry": {"type": "Polygon", "coordinates": [[[-51.98760800913325, -29.465173681751185], [-51.9872880064433, -29.465218977983977], [-51.987303800831455, -29.46532308661102], [-51.98762327382013, -29.465279849809633], [-51.98760800913325, -29.465173681751185]]]}}, {"id": "370", "type": "Feature", "properties": {"id": 14105, "codigo": "0182", "numero": "148", "fl_rural": 0, "Destinação": "NÃO ATRIBUÍDO"}, "geometry": {"type": "Polygon", "coordinates": [[[-51.98759887016122, -29.46511011882753], [-51.98744537512154, -29.465084075018872], [-51.98727160345808, -29.46511085781061], [-51.9872880064433, -29.465218977983977], [-51.98760800913325, -29.465173681751185], [-51.98759887016122, -29.46511011882753]]]}}, {"id": "371", "type": "Feature", "properties": {"id": 14093, "codigo": "0886", "numero": "2300", "fl_rural": 0, "Destinação": "NÃO ATRIBUÍDO"}, "geometry": {"type": "Polygon", "coordinates": [[[-51.98670919269216, -29.466232762822738], [-51.98743861912932, -29.466211729329263], [-51.987239908839854, -29.464901941972947], [-51.98712786262079, -29.4649390133643], [-51.98661987141666, -29.464663016109963], [-51.98650192420699, -29.46474499121802], [-51.98670919269216, -29.466232762822738]]]}}, {"id": "372", "type": "Feature", "properties": {"id": 14496, "codigo": "0390", "numero": "0", "fl_rural": 0, "Destinação": "ÁREA DE RECREAÇÃO PÚBLICA E INSTITUCIONAL"}, "geometry": {"type": "Polygon", "coordinates": [[[-51.98815054103439, -29.46914248992176], [-51.98818314103859, -29.46914617462984], [-51.98817567826516, -29.468969989498042], [-51.98815054103439, -29.46914248992176]]]}}, {"id": "373", "type": "Feature", "properties": {"id": 14189, "codigo": "0053", "numero": "157", "fl_rural": 0, "Destinação": "NÃO ATRIBUÍDO"}, "geometry": {"type": "Polygon", "coordinates": [[[-51.98872469704097, -29.46480048207924], [-51.98867737606551, -29.464916237983125], [-51.988787934673006, -29.46490303028367], [-51.98877572592983, -29.464794352680386], [-51.98872469704097, -29.46480048207924]]]}}, {"id": "374", "type": "Feature", "properties": {"id": 14188, "codigo": "0041", "numero": "145", "fl_rural": 0, "Destinação": "NÃO ATRIBUÍDO"}, "geometry": {"type": "Polygon", "coordinates": [[[-51.98877572592983, -29.464794352680386], [-51.988773225293755, -29.464772092966115], [-51.988763127101194, -29.464706475007045], [-51.98872469704097, -29.46480048207924], [-51.98877572592983, -29.464794352680386]]]}}, {"id": "375", "type": "Feature", "properties": {"id": 14109, "codigo": "0219", "numero": "0", "fl_rural": 0, "Destinação": "NÃO ATRIBUÍDO"}, "geometry": {"type": "Polygon", "coordinates": [[[-51.98768171930807, -29.46570089778863], [-51.98767550361522, -29.46565610524897], [-51.98736078555343, -29.46569869856495], [-51.98745443236626, -29.466315960242984], [-51.98863263783018, -29.466456933649557], [-51.98851052615328, -29.465588725147253], [-51.98768171930807, -29.46570089778863]]]}}, {"id": "376", "type": "Feature", "properties": {"id": 14141, "codigo": "0691", "numero": "185", "fl_rural": 0, "Destinação": "NÃO ATRIBUÍDO"}, "geometry": {"type": "Polygon", "coordinates": [[[-51.988112456473004, -29.46548372443253], [-51.988093684576135, -29.4653581174993], [-51.98779401997449, -29.465404695626653], [-51.98781513334892, -29.465533433655388], [-51.988112456473004, -29.46548372443253]]]}}, {"id": "377", "type": "Feature", "properties": {"id": 14111, "codigo": "0234", "numero": "0", "fl_rural": 0, "Destinação": "NÃO ATRIBUÍDO"}, "geometry": {"type": "Polygon", "coordinates": [[[-51.98839681315707, -29.4653110002859], [-51.988093684576135, -29.4653581174993], [-51.988112456473004, -29.46548372443253], [-51.988384935586346, -29.46543258797512], [-51.98840194936266, -29.46542106079186], [-51.98840979049943, -29.465406884228216], [-51.98839681315707, -29.4653110002859]]]}}, {"id": "378", "type": "Feature", "properties": {"id": 14140, "codigo": "0676", "numero": "173", "fl_rural": 0, "Destinação": "NÃO ATRIBUÍDO"}, "geometry": {"type": "Polygon", "coordinates": [[[-51.98779401997449, -29.465404695626653], [-51.988093684576135, -29.4653581174993], [-51.98807691376932, -29.46524590009646], [-51.98777669565704, -29.4652990608034], [-51.98779401997449, -29.465404695626653]]]}}, {"id": "379", "type": "Feature", "properties": {"id": 14112, "codigo": "0246", "numero": "194", "fl_rural": 0, "Destinação": "NÃO ATRIBUÍDO"}, "geometry": {"type": "Polygon", "coordinates": [[[-51.98837957015503, -29.465196564023923], [-51.98807691376932, -29.46524590009646], [-51.988093684576135, -29.4653581174993], [-51.98839681315707, -29.4653110002859], [-51.98837957015503, -29.465196564023923]]]}}, {"id": "380", "type": "Feature", "properties": {"id": 14139, "codigo": "0664", "numero": "159", "fl_rural": 0, "Destinação": "NÃO ATRIBUÍDO"}, "geometry": {"type": "Polygon", "coordinates": [[[-51.98777669565704, -29.4652990608034], [-51.98807691376932, -29.46524590009646], [-51.98806853067603, -29.465189807061098], [-51.987918615109436, -29.465164370588777], [-51.98776013061033, -29.465190458452664], [-51.98777669565704, -29.4652990608034]]]}}, {"id": "381", "type": "Feature", "properties": {"id": 14113, "codigo": "0258", "numero": "184", "fl_rural": 0, "Destinação": "NÃO ATRIBUÍDO"}, "geometry": {"type": "Polygon", "coordinates": [[[-51.98807691376932, -29.46524590009646], [-51.98837957015503, -29.465196564023923], [-51.98837703548838, -29.46517974224928], [-51.988192700638464, -29.465210875225573], [-51.98806853067603, -29.465189807061098], [-51.98807691376932, -29.46524590009646]]]}}, {"id": "382", "type": "Feature", "properties": {"id": 14138, "codigo": "0652", "numero": "151", "fl_rural": 0, "Destinação": "NÃO ATRIBUÍDO"}, "geometry": {"type": "Polygon", "coordinates": [[[-51.98776013061033, -29.465190458452664], [-51.987918615109436, -29.465164370588777], [-51.987751844612056, -29.46513607430682], [-51.98776013061033, -29.465190458452664]]]}}, {"id": "383", "type": "Feature", "properties": {"id": 14156, "codigo": "0339", "numero": "2836", "fl_rural": 0, "Destinação": "NÃO ATRIBUÍDO"}, "geometry": {"type": "Polygon", "coordinates": [[[-51.98867737606551, -29.464916237983125], [-51.988583941128276, -29.465144797211032], [-51.988520093229475, -29.46515558071247], [-51.988696593817515, -29.466302477055184], [-51.98876926437047, -29.46630528450152], [-51.98885110280915, -29.466319659168914], [-51.98891576562368, -29.46634019636869], [-51.9890071664165, -29.46638597304671], [-51.989067584696464, -29.46643065735635], [-51.98912454369926, -29.46648930355705], [-51.98949789918098, -29.466970948793005], [-51.98964057774904, -29.467060928537528], [-51.98972684823151, -29.46708775871184], [-51.98983182465881, -29.46710720111474], [-51.98993378292705, -29.46711332602564], [-51.99008366872561, -29.467100093839665], [-51.9901978300814, -29.467071285442856], [-51.99029368893633, -29.467032743525525], [-51.99039287929075, -29.46697581152071], [-51.99048870007656, -29.466898140455264], [-51.990549601597905, -29.466830985908935], [-51.99058916973004, -29.466743523602123], [-51.990611883638955, -29.466661872168025], [-51.99062228309054, -29.466578151081567], [-51.99062289353401, -29.46634895909562], [-51.99064532781674, -29.466207633954955], [-51.99082869408032, -29.46556879854773], [-51.99086414719596, -29.465456284431486], [-51.99091839150797, -29.46533343093119], [-51.99096398475586, -29.465252446747527], [-51.991027505667454, -29.465159191367714], [-51.99109067601308, -29.465081639635386], [-51.99135002951548, -29.464911194674954], [-51.991575480790885, -29.464785220548396], [-51.991705216507036, -29.46473106693645], [-51.99301016838708, -29.463949171701344], [-51.99281648479775, -29.463740788776104], [-51.992663971490835, -29.463697560580645], [-51.99261531272656, -29.463995736548178], [-51.99224461534961, -29.464052648525847], [-51.99168176859692, -29.464499050799308], [-51.990850018181426, -29.464866231215648], [-51.990642590483475, -29.465806337796106], [-51.990469216169444, -29.46600617023776], [-51.98991394578736, -29.4661727450115], [-51.98939799439322, -29.466140483120228], [-51.98970665383967, -29.46606599102321], [-51.98964101395419, -29.465678419622808], [-51.988844278066765, -29.465404577813963], [-51.988787934673006, -29.46490303028367], [-51.98867737606551, -29.464916237983125]], [[-51.9893463467092, -29.466131842427412], [-51.98934652190671, -29.466149890404825], [-51.98927442537166, -29.46615945097463], [-51.9893463467092, -29.466131842427412]]]}}, {"id": "384", "type": "Feature", "properties": {"id": 14156, "codigo": "0339", "numero": "2836", "fl_rural": 0, "Destinação": "NÃO ATRIBUÍDO"}, "geometry": {"type": "Polygon", "coordinates": [[[-51.99034529679287, -29.46598904313415], [-51.99036548234828, -29.465943769733297], [-51.990230988040885, -29.46589964729655], [-51.99034529679287, -29.46598904313415]]]}}, {"id": "386", "type": "Feature", "properties": {"id": 14104, "codigo": "0170", "numero": "136", "fl_rural": 0, "Destinação": "NÃO ATRIBUÍDO"}, "geometry": {"type": "Polygon", "coordinates": [[[-51.98744537512154, -29.465084075018872], [-51.98742830657367, -29.465081178964418], [-51.98738077136462, -29.46498767868952], [-51.98725568146836, -29.46500590776171], [-51.98727160345808, -29.46511085781061], [-51.98744537512154, -29.465084075018872]]]}}, {"id": "387", "type": "Feature", "properties": {"id": 14103, "codigo": "0158", "numero": "126", "fl_rural": 0, "Destinação": "NÃO ATRIBUÍDO"}, "geometry": {"type": "Polygon", "coordinates": [[[-51.98738077136462, -29.46498767868952], [-51.9873283638192, -29.464884594680818], [-51.987239908839854, -29.464901941972947], [-51.98725568146836, -29.46500590776171], [-51.98738077136462, -29.46498767868952]]]}}, {"id": "388", "type": "Feature", "properties": {"id": 14102, "codigo": "0146", "numero": "0", "fl_rural": 0, "Destinação": "NÃO ATRIBUÍDO"}, "geometry": {"type": "Polygon", "coordinates": [[[-51.9873283638192, -29.464884594680818], [-51.98732317685395, -29.464874392081782], [-51.98725940336938, -29.464895492051298], [-51.9873283638192, -29.464884594680818]]]}}, {"id": "389", "type": "Feature", "properties": {"id": 14174, "codigo": "1067", "numero": "0", "fl_rural": 0, "Destinação": "NÃO ATRIBUÍDO"}, "geometry": {"type": "Polygon", "coordinates": [[[-51.99606030944167, -29.464271814193015], [-51.99605009501231, -29.464237935275097], [-51.994720909058195, -29.464445116500798], [-51.994727265442876, -29.464476190921346], [-51.995374111109946, -29.464543684756805], [-51.996076075245995, -29.464491743714802], [-51.99606030944167, -29.464271814193015]]]}}, {"id": "390", "type": "Feature", "properties": {"id": 14173, "codigo": "0641", "numero": "0", "fl_rural": 0, "Destinação": "NÃO ATRIBUÍDO"}, "geometry": {"type": "Polygon", "coordinates": [[[-51.99525561588555, -29.46416504858131], [-51.99599435207233, -29.464009416083815], [-51.995818767068016, -29.463670816982347], [-51.99565508528146, -29.46374741534924], [-51.995148234729605, -29.463404485979805], [-51.99525561588555, -29.46416504858131]]]}}, {"id": "391", "type": "Feature", "properties": {"id": 32529, "codigo": "0392", "numero": null, "fl_rural": 0, "Destinação": "NÃO ATRIBUÍDO"}, "geometry": {"type": "Polygon", "coordinates": [[[-51.99642053386326, -29.463952294727285], [-51.997317977300355, -29.46386530765411], [-51.997593952844696, -29.463801517774925], [-51.9975598860214, -29.463517870209696], [-51.99715971830679, -29.46364590465149], [-51.996436308477136, -29.463488879146336], [-51.99636839589553, -29.463536286687425], [-51.99642053386326, -29.463952294727285]]]}}, {"id": "392", "type": "Feature", "properties": {"id": 28390, "codigo": "0236", "numero": null, "fl_rural": 0, "Destinação": "ÁREA DE PRESERVAÇÃO PERMANENTE"}, "geometry": {"type": "Polygon", "coordinates": [[[-52.00141934131749, -29.46535642335104], [-52.00176904309033, -29.46523778199353], [-52.002023690643675, -29.46518821071378], [-52.002538049529264, -29.4653443156193], [-52.002518336282684, -29.465202054504577], [-52.00233040318776, -29.465114177086516], [-52.00145433721344, -29.46516589514169], [-52.001387455255475, -29.465123552780764], [-52.00141934131749, -29.46535642335104]]]}}, {"id": "393", "type": "Feature", "properties": {"id": 14169, "codigo": "0483", "numero": "3150", "fl_rural": 0, "Destinação": "NÃO ATRIBUÍDO"}, "geometry": {"type": "Polygon", "coordinates": [[[-51.99404039576693, -29.463637780462253], [-51.99421546501998, -29.463822144867297], [-51.99442707007997, -29.4641561513082], [-51.994871762751885, -29.46419523979185], [-51.994754150830936, -29.463370706163275], [-51.99402235632684, -29.463512143899038], [-51.99404039576693, -29.463637780462253]]]}}, {"id": "394", "type": "Feature", "properties": {"id": 14170, "codigo": "0531", "numero": "3202", "fl_rural": 0, "Destinação": "NÃO ATRIBUÍDO"}, "geometry": {"type": "Polygon", "coordinates": [[[-51.994871762751885, -29.46419523979185], [-51.99525561588555, -29.46416504858131], [-51.995148234729605, -29.463404485979805], [-51.99502183971548, -29.463318968538164], [-51.994754150830936, -29.463370706163275], [-51.994871762751885, -29.46419523979185]]]}}, {"id": "395", "type": "Feature", "properties": {"id": 14167, "codigo": "0402", "numero": "0", "fl_rural": 0, "Destinação": "NÃO ATRIBUÍDO"}, "geometry": {"type": "Polygon", "coordinates": [[[-51.99404039576693, -29.463637780462253], [-51.994022356311405, -29.463512143902015], [-51.99388662421421, -29.463538377551465], [-51.99404039576693, -29.463637780462253]]]}}, {"id": "396", "type": "Feature", "properties": {"id": 30396, "codigo": "1701", "numero": "0", "fl_rural": 0, "Destinação": "ÁREA DE PRESERVAÇÃO PERMANENTE"}, "geometry": {"type": "Polygon", "coordinates": [[[-51.99764878966962, -29.463489425313828], [-51.99756939387603, -29.463514828153045], [-51.99760024252329, -29.46376246680649], [-51.99832300267632, -29.463731931178398], [-51.998897745274306, -29.463778202736453], [-51.99916463873207, -29.463927209854926], [-51.99936857704215, -29.464164707706324], [-51.99940033356963, -29.46418830609044], [-51.999588712132024, -29.46398478482493], [-51.99912987915842, -29.463694301831204], [-51.997914495435715, -29.463478199616052], [-51.99764878966962, -29.463489425313828]]]}}, {"id": "397", "type": "Feature", "properties": {"id": 30397, "codigo": "1650", "numero": "0", "fl_rural": 0, "Destinação": "ÁREA DE RECREAÇÃO PÚBLICA E INSTITUCIONAL"}, "geometry": {"type": "Polygon", "coordinates": [[[-51.997914495435715, -29.463478199616052], [-51.99776625587968, -29.463451841770514], [-51.99764878966962, -29.463489425313828], [-51.997914495435715, -29.463478199616052]]]}}, {"id": "398", "type": "Feature", "properties": {"id": 35616, "codigo": "1083", "numero": null, "fl_rural": 0, "Destinação": "NÃO ATRIBUÍDO"}, "geometry": {"type": "Polygon", "coordinates": [[[-51.99208460449802, -29.467963038990984], [-51.99215891092655, -29.467960954873803], [-51.99216169371546, -29.467861319159866], [-51.99208460449802, -29.467963038990984]]]}}, {"id": "399", "type": "Feature", "properties": {"id": 1206, "codigo": "0034", "numero": "29", "fl_rural": 0, "Destinação": "NÃO ATRIBUÍDO"}, "geometry": {"type": "Polygon", "coordinates": [[[-51.96946991271056, -29.47239992683272], [-51.96933264019205, -29.472352946013828], [-51.969378535568474, -29.472397502485755], [-51.96926450438481, -29.472383000505786], [-51.9691477712254, -29.472600908734712], [-51.96934809200522, -29.472679244971964], [-51.96946991271056, -29.47239992683272]]]}}, {"id": "400", "type": "Feature", "properties": {"id": 1216, "codigo": "0365", "numero": "633", "fl_rural": 0, "Destinação": "NÃO ATRIBUÍDO"}, "geometry": {"type": "Polygon", "coordinates": [[[-51.969036666976876, -29.472557460833762], [-51.9691477712254, -29.472600908734712], [-51.96926450438481, -29.472383000505786], [-51.96913069088045, -29.472365982698047], [-51.969036666976876, -29.472557460833762]]]}}, {"id": "401", "type": "Feature", "properties": {"id": 1207, "codigo": "0045", "numero": "0", "fl_rural": 0, "Destinação": "NÃO ATRIBUÍDO"}, "geometry": {"type": "Polygon", "coordinates": [[[-51.96951186782122, -29.47230372919799], [-51.96932857608475, -29.472240998591317], [-51.96929679930269, -29.47231815070971], [-51.96933264019205, -29.472352946013828], [-51.96946991271056, -29.47239992683272], [-51.96951186782122, -29.47230372919799]]]}}, {"id": "402", "type": "Feature", "properties": {"id": 1215, "codigo": "0353", "numero": "0", "fl_rural": 0, "Destinação": "NÃO ATRIBUÍDO"}, "geometry": {"type": "Polygon", "coordinates": [[[-51.96886342689885, -29.471886983309396], [-51.96880590553129, -29.47201009261325], [-51.96897256385583, -29.47200337417421], [-51.96920021948573, -29.47222438841297], [-51.96929141324932, -29.47203867271076], [-51.96886342689885, -29.471886983309396]]]}}, {"id": "403", "type": "Feature", "properties": {"id": 1215, "codigo": "0353", "numero": "0", "fl_rural": 0, "Destinação": "NÃO ATRIBUÍDO"}, "geometry": {"type": "Polygon", "coordinates": [[[-51.969036666976876, -29.472557460833762], [-51.96913069088045, -29.472365982698047], [-51.96897582487147, -29.472346287526165], [-51.96881203910833, -29.472469618203654], [-51.969036666976876, -29.472557460833762]]]}}, {"id": "404", "type": "Feature", "properties": {"id": 1208, "codigo": "0078", "numero": "314", "fl_rural": 0, "Destinação": "NÃO ATRIBUÍDO"}, "geometry": {"type": "Polygon", "coordinates": [[[-51.969396559265185, -29.472075938874003], [-51.96932857608475, -29.472240998591317], [-51.96951186782122, -29.47230372919799], [-51.969582476614725, -29.472141831995923], [-51.969396559265185, -29.472075938874003]]]}}, {"id": "405", "type": "Feature", "properties": {"id": 1209, "codigo": "0089", "numero": "300", "fl_rural": 0, "Destinação": "NÃO ATRIBUÍDO"}, "geometry": {"type": "Polygon", "coordinates": [[[-51.96929141324932, -29.47203867271076], [-51.96920021948573, -29.47222438841297], [-51.96929679930269, -29.47231815070971], [-51.969396559265185, -29.472075938874003], [-51.96929141324932, -29.47203867271076]]]}}, {"id": "406", "type": "Feature", "properties": {"id": 1214, "codigo": "0308", "numero": "226", "fl_rural": 0, "Destinação": "NÃO ATRIBUÍDO"}, "geometry": {"type": "Polygon", "coordinates": [[[-51.968634018372136, -29.471805674315167], [-51.96853825676871, -29.472020882244653], [-51.96880590553129, -29.47201009261325], [-51.96886342689885, -29.471886983309396], [-51.968634018372136, -29.471805674315167]]]}}, {"id": "407", "type": "Feature", "properties": {"id": 1204, "codigo": "0363", "numero": "313", "fl_rural": 0, "Destinação": "NÃO ATRIBUÍDO"}, "geometry": {"type": "Polygon", "coordinates": [[[-51.96966784685322, -29.47167779871849], [-51.96954262472709, -29.471954854257888], [-51.969647770741474, -29.47199212022295], [-51.96976911547756, -29.471713889678682], [-51.96966784685322, -29.47167779871849]]]}}, {"id": "408", "type": "Feature", "properties": {"id": 1203, "codigo": "0319", "numero": "0", "fl_rural": 0, "Destinação": "NÃO ATRIBUÍDO"}, "geometry": {"type": "Polygon", "coordinates": [[[-51.96956579688856, -29.47164142927641], [-51.9694404963445, -29.47191865775737], [-51.96954262472709, -29.471954854257888], [-51.96966784685322, -29.47167779871849], [-51.96956579688856, -29.47164142927641]]]}}, {"id": "409", "type": "Feature", "properties": {"id": 1202, "codigo": "0308", "numero": "293", "fl_rural": 0, "Destinação": "NÃO ATRIBUÍDO"}, "geometry": {"type": "Polygon", "coordinates": [[[-51.96945484040657, -29.471601885508825], [-51.969331275951326, -29.471879947487206], [-51.9694404963445, -29.47191865775737], [-51.96956579688856, -29.47164142927641], [-51.96945484040657, -29.471601885508825]]]}}, {"id": "410", "type": "Feature", "properties": {"id": 1212, "codigo": "0271", "numero": "923", "fl_rural": 0, "Destinação": "NÃO ATRIBUÍDO"}, "geometry": {"type": "Polygon", "coordinates": [[[-51.96842400359805, -29.471976968548567], [-51.96838080737707, -29.471961653376002], [-51.96841021103522, -29.47200297982572], [-51.96842400359805, -29.471976968548567]]]}}, {"id": "411", "type": "Feature", "properties": {"id": 1213, "codigo": "0284", "numero": "0", "fl_rural": 0, "Destinação": "NÃO ATRIBUÍDO"}, "geometry": {"type": "Polygon", "coordinates": [[[-51.9684375397876, -29.471736036204668], [-51.9683475080097, -29.471914851558857], [-51.96838080737707, -29.471961653376002], [-51.96842400359805, -29.471976968548567], [-51.96841021103522, -29.47200297982572], [-51.96842616365159, -29.472025401015475], [-51.96853825676871, -29.472020882244653], [-51.968634018372136, -29.471805674315167], [-51.9684375397876, -29.471736036204668]]]}}, {"id": "412", "type": "Feature", "properties": {"id": 1210, "codigo": "0232", "numero": "0", "fl_rural": 0, "Destinação": "NÃO ATRIBUÍDO"}, "geometry": {"type": "Polygon", "coordinates": [[[-51.9684375397876, -29.471736036204668], [-51.96831569637187, -29.471692850926086], [-51.968238806690096, -29.471864320370532], [-51.968311180578766, -29.47186379383874], [-51.9683475080097, -29.471914851558857], [-51.9684375397876, -29.471736036204668]]]}}, {"id": "413", "type": "Feature", "properties": {"id": 930, "codigo": "0279", "numero": "847", "fl_rural": 0, "Destinação": "NÃO ATRIBUÍDO"}, "geometry": {"type": "Polygon", "coordinates": [[[-51.96816047483918, -29.471637293704145], [-51.96734371041185, -29.4713558997399], [-51.96723704963608, -29.471593702446366], [-51.96740255245911, -29.47175308180076], [-51.967403323540665, -29.471834298163394], [-51.967171823478985, -29.47173912497121], [-51.96714603101778, -29.471796629582798], [-51.96724710692859, -29.471826479349435], [-51.96741459606123, -29.4719048940228], [-51.967791576753456, -29.472026030792527], [-51.96793992475135, -29.471866494785164], [-51.968070879081296, -29.471865542071157], [-51.968167200982265, -29.471650816236284], [-51.96816047483918, -29.471637293704145]]]}}, {"id": "414", "type": "Feature", "properties": {"id": 938, "codigo": "0222", "numero": "167", "fl_rural": 0, "Destinação": "NÃO ATRIBUÍDO"}, "geometry": {"type": "Polygon", "coordinates": [[[-51.968090207463604, -29.471012806669076], [-51.968049266096415, -29.471108122653654], [-51.96797406420934, -29.4710828594204], [-51.96785331533737, -29.471360315724194], [-51.967979050266926, -29.471404142883134], [-51.96792472596279, -29.4713521995655], [-51.96804899167569, -29.471405443628214], [-51.9680339639359, -29.47142328402481], [-51.96821778188152, -29.471487357058027], [-51.96824791794887, -29.4714787050559], [-51.96840622744522, -29.471117092559517], [-51.968090207463604, -29.471012806669076]]]}}, {"id": "415", "type": "Feature", "properties": {"id": 937, "codigo": "0185", "numero": "115", "fl_rural": 0, "Destinação": "NÃO ATRIBUÍDO"}, "geometry": {"type": "Polygon", "coordinates": [[[-51.96797406420934, -29.4710828594204], [-51.96776706627359, -29.47101332044431], [-51.967729856046965, -29.47109523492037], [-51.967752950522524, -29.471103000465185], [-51.967669260826604, -29.471296422070537], [-51.96785331533737, -29.471360315724194], [-51.96797406420934, -29.4710828594204]]]}}, {"id": "416", "type": "Feature", "properties": {"id": 936, "codigo": "0119", "numero": "101", "fl_rural": 0, "Destinação": "NÃO ATRIBUÍDO"}, "geometry": {"type": "Polygon", "coordinates": [[[-51.967752950522524, -29.471103000465185], [-51.967729856046965, -29.47109523492037], [-51.96776706627359, -29.47101332044431], [-51.967658272072946, -29.470976771951197], [-51.96753752276233, -29.471251741060758], [-51.967669260826604, -29.471296422070537], [-51.967752950522524, -29.471103000465185]]]}}, {"id": "417", "type": "Feature", "properties": {"id": 939, "codigo": "0233", "numero": "143", "fl_rural": 0, "Destinação": "NÃO ATRIBUÍDO"}, "geometry": {"type": "Polygon", "coordinates": [[[-51.96813012007298, -29.470919885720964], [-51.968090207463604, -29.471012806669076], [-51.96840622744522, -29.471117092559517], [-51.968446810100914, -29.471024392623168], [-51.96813012007298, -29.470919885720964]]]}}, {"id": "418", "type": "Feature", "properties": {"id": 941, "codigo": "0278", "numero": "0", "fl_rural": 0, "Destinação": "NÃO ATRIBUÍDO"}, "geometry": {"type": "Polygon", "coordinates": [[[-51.967940471802315, -29.471071574395722], [-51.968049266096415, -29.471108122653654], [-51.96817039363316, -29.470826124104445], [-51.96806436997934, -29.47079081634993], [-51.967940471802315, -29.471071574395722]]]}}, {"id": "419", "type": "Feature", "properties": {"id": 927, "codigo": "0344", "numero": "649", "fl_rural": 0, "Destinação": "NÃO ATRIBUÍDO"}, "geometry": {"type": "Polygon", "coordinates": [[[-51.96570653789239, -29.471519268732283], [-51.965742428034595, -29.47143756021481], [-51.96576697477544, -29.471447002275827], [-51.96584392846052, -29.47129381591596], [-51.96563700178789, -29.47116563685887], [-51.96549870963051, -29.4714396222737], [-51.96570653789239, -29.471519268732283]]]}}, {"id": "420", "type": "Feature", "properties": {"id": 916, "codigo": "0083", "numero": "404", "fl_rural": 0, "Destinação": "NÃO ATRIBUÍDO"}, "geometry": {"type": "Polygon", "coordinates": [[[-51.965886150308535, -29.47131688614844], [-51.96584392846052, -29.47129381591596], [-51.96576697477544, -29.471447002275827], [-51.965742428034595, -29.47143756021481], [-51.96570653789239, -29.471519268732283], [-51.96582266317713, -29.471563937086867], [-51.96583217763757, -29.471542968531274], [-51.96592800248638, -29.471579833398856], [-51.9659509310799, -29.47158382138182], [-51.965971601025636, -29.47158081142528], [-51.9659982851699, -29.471566604133653], [-51.966009031711664, -29.47154997425467], [-51.966183056579496, -29.47117488467104], [-51.96617637227136, -29.471150613442752], [-51.966016432466034, -29.47104212795105], [-51.965886150308535, -29.47131688614844]]]}}, {"id": "421", "type": "Feature", "properties": {"id": 926, "codigo": "0324", "numero": "629", "fl_rural": 0, "Destinação": "NÃO ATRIBUÍDO"}, "geometry": {"type": "Polygon", "coordinates": [[[-51.96549870963051, -29.4714396222737], [-51.96563326668205, -29.471170345146778], [-51.965441184762, -29.471096407216475], [-51.96531404361737, -29.471369942259386], [-51.96549870963051, -29.4714396222737]]]}}, {"id": "422", "type": "Feature", "properties": {"id": 925, "codigo": "0302", "numero": "10", "fl_rural": 0, "Destinação": "NÃO ATRIBUÍDO"}, "geometry": {"type": "Polygon", "coordinates": [[[-51.96494437804795, -29.47118343171506], [-51.96511764312355, -29.47115599547728], [-51.96516642337348, -29.47131424034342], [-51.96531404361737, -29.471369942259386], [-51.965441184762, -29.471096407216475], [-51.96505414684473, -29.470947423809086], [-51.96494437804795, -29.47118343171506]], [[-51.965334464170894, -29.471181496817938], [-51.96523133815696, -29.471182244862373], [-51.96523108171325, -29.471155172721573], [-51.965334464170894, -29.471181496817938]]]}}, {"id": "423", "type": "Feature", "properties": {"id": 917, "codigo": "0106", "numero": "382", "fl_rural": 0, "Destinação": "NÃO ATRIBUÍDO"}, "geometry": {"type": "Polygon", "coordinates": [[[-51.96583344406562, -29.47091800852626], [-51.96563700178789, -29.47116563685887], [-51.965886150308535, -29.47131688614844], [-51.966016432466034, -29.47104212795105], [-51.96583344406562, -29.47091800852626]]]}}, {"id": "424", "type": "Feature", "properties": {"id": 918, "codigo": "0114", "numero": "364", "fl_rural": 0, "Destinação": "NÃO ATRIBUÍDO"}, "geometry": {"type": "Polygon", "coordinates": [[[-51.965768236722624, -29.47087377880764], [-51.965538866952485, -29.471134008038284], [-51.96563326668205, -29.471170345146778], [-51.96583344406562, -29.47091800852626], [-51.965768236722624, -29.47087377880764]]]}}, {"id": "425", "type": "Feature", "properties": {"id": 919, "codigo": "0127", "numero": "350", "fl_rural": 0, "Destinação": "NÃO ATRIBUÍDO"}, "geometry": {"type": "Polygon", "coordinates": [[[-51.9656602372781, -29.47080052327864], [-51.96541520341663, -29.471086406224636], [-51.965538866952485, -29.471134008038284], [-51.965768236722624, -29.47087377880764], [-51.9656602372781, -29.47080052327864]]]}}, {"id": "426", "type": "Feature", "properties": {"id": 924, "codigo": "0229", "numero": "0", "fl_rural": 0, "Destinação": "NÃO ATRIBUÍDO"}, "geometry": {"type": "Polygon", "coordinates": [[[-51.96505414684473, -29.470947423809086], [-51.96529787514146, -29.471041242920556], [-51.96536516469585, -29.470965752777737], [-51.96511961749817, -29.470806658201248], [-51.96505414684473, -29.470947423809086]]]}}, {"id": "427", "type": "Feature", "properties": {"id": 920, "codigo": "0138", "numero": "342", "fl_rural": 0, "Destinação": "NÃO ATRIBUÍDO"}, "geometry": {"type": "Polygon", "coordinates": [[[-51.96556813212409, -29.470738048627187], [-51.96536516469585, -29.470965752777737], [-51.96529787514146, -29.471041242920556], [-51.96541520341663, -29.471086406224636], [-51.9656602372781, -29.47080052327864], [-51.96556813212409, -29.470738048627187]]]}}, {"id": "428", "type": "Feature", "properties": {"id": 923, "codigo": "0211", "numero": "68", "fl_rural": 0, "Destinação": "NÃO ATRIBUÍDO"}, "geometry": {"type": "Polygon", "coordinates": [[[-51.96511961749817, -29.470806658201248], [-51.965283919377754, -29.470913090365688], [-51.9653313185727, -29.470807139522783], [-51.96516361253615, -29.47071206627316], [-51.96511961749817, -29.470806658201248]]]}}, {"id": "429", "type": "Feature", "properties": {"id": 929, "codigo": "0048", "numero": "793", "fl_rural": 0, "Destinação": "NÃO ATRIBUÍDO"}, "geometry": {"type": "Polygon", "coordinates": [[[-51.96689934363691, -29.471736500848746], [-51.96709244027376, -29.47180136714117], [-51.96714603101778, -29.471796629582798], [-51.967171823478985, -29.47173912497121], [-51.966941936074484, -29.47164461476687], [-51.96689934363691, -29.471736500848746]]]}}, {"id": "431", "type": "Feature", "properties": {"id": 928, "codigo": "0023", "numero": "771", "fl_rural": 0, "Destinação": "NÃO AFETADO"}, "geometry": {"type": "Polygon", "coordinates": [[[-51.96711263703602, -29.47127635457497], [-51.9668927192941, -29.471208546829285], [-51.96668508547321, -29.471664525308263], [-51.96689934363691, -29.471736500848746], [-51.966941936074484, -29.47164461476687], [-51.9668856353292, -29.471621468675206], [-51.96696539610398, -29.471332099872022], [-51.967049330460064, -29.47141292872581], [-51.96711263703602, -29.47127635457497]]]}}, {"id": "432", "type": "Feature", "properties": {"id": 931, "codigo": "0291", "numero": "0", "fl_rural": 0, "Destinação": "NÃO ATRIBUÍDO"}, "geometry": {"type": "Polygon", "coordinates": [[[-51.9672286824507, -29.471316269981124], [-51.96714235407835, -29.471502510546554], [-51.967225902692896, -29.471582967930917], [-51.96723988540601, -29.47158738006221], [-51.96734371041185, -29.4713558997399], [-51.9672286824507, -29.471316269981124]]]}}, {"id": "433", "type": "Feature", "properties": {"id": 932, "codigo": "0304", "numero": "60", "fl_rural": 0, "Destinação": "NÃO ATRIBUÍDO"}, "geometry": {"type": "Polygon", "coordinates": [[[-51.9672286824507, -29.471316269981124], [-51.96711263703602, -29.47127635457497], [-51.967049330460064, -29.47141292872581], [-51.96714235407835, -29.471502510546554], [-51.9672286824507, -29.471316269981124]]]}}, {"id": "434", "type": "Feature", "properties": {"id": 35267, "codigo": "0137", "numero": "0", "fl_rural": 0, "Destinação": "NÃO AFETADO"}, "geometry": {"type": "Polygon", "coordinates": [[[-51.96649142210728, -29.471557970836592], [-51.96653902625843, -29.471608388735234], [-51.96659401362229, -29.471636088354515], [-51.966792557632864, -29.471215750464765], [-51.96658948581703, -29.471183804142356], [-51.96647306273018, -29.471182220201978], [-51.96642987527042, -29.471196871064834], [-51.966395945445235, -29.471228540993167], [-51.96638206876063, -29.471279181605958], [-51.96639273732988, -29.47132747019926], [-51.966431071476975, -29.47144240095331], [-51.96649142210728, -29.471557970836592]]]}}, {"id": "435", "type": "Feature", "properties": {"id": 935, "codigo": "0083", "numero": "0", "fl_rural": 0, "Destinação": "NÃO ATRIBUÍDO"}, "geometry": {"type": "Polygon", "coordinates": [[[-51.96744526487468, -29.47090108100154], [-51.967312673112744, -29.47085708904016], [-51.96719375403712, -29.47113514587682], [-51.96732597271934, -29.471179990334164], [-51.96744526487468, -29.47090108100154]]]}}, {"id": "436", "type": "Feature", "properties": {"id": 934, "codigo": "0069", "numero": "59", "fl_rural": 0, "Destinação": "NÃO ATRIBUÍDO"}, "geometry": {"type": "Polygon", "coordinates": [[[-51.967312673112744, -29.47085708904016], [-51.967091311190124, -29.47078364401764], [-51.96696778068734, -29.471058502443345], [-51.96719375403712, -29.47113514587682], [-51.967312673112744, -29.47085708904016]]]}}, {"id": "437", "type": "Feature", "properties": {"id": 890, "codigo": "0149", "numero": "371", "fl_rural": 0, "Destinação": "NÃO ATRIBUÍDO"}, "geometry": {"type": "Polygon", "coordinates": [[[-51.96637913903688, -29.4707554576786], [-51.966211827871604, -29.470634967450412], [-51.96600747935331, -29.47086824755655], [-51.96610722894187, -29.47093876630787], [-51.966269455226694, -29.470986389440746], [-51.96637913903688, -29.4707554576786]]]}}, {"id": "438", "type": "Feature", "properties": {"id": 933, "codigo": "0013", "numero": "25", "fl_rural": 0, "Destinação": "NÃO ATRIBUÍDO"}, "geometry": {"type": "Polygon", "coordinates": [[[-51.96652862283649, -29.47091437044984], [-51.966649977843716, -29.470953950987894], [-51.966718577163206, -29.470512330540483], [-51.96652862283649, -29.47091437044984]]]}}, {"id": "439", "type": "Feature", "properties": {"id": 947, "codigo": "0427", "numero": "51", "fl_rural": 0, "Destinação": "NÃO ATRIBUÍDO"}, "geometry": {"type": "Polygon", "coordinates": [[[-51.96696778068734, -29.471058502443345], [-51.96721672831903, -29.4705045863052], [-51.966790342733006, -29.470360437296485], [-51.966718577163206, -29.470512330540483], [-51.966649977843716, -29.470953950987894], [-51.96696778068734, -29.471058502443345]]]}}, {"id": "440", "type": "Feature", "properties": {"id": 944, "codigo": "0329", "numero": "83", "fl_rural": 0, "Destinação": "NÃO ATRIBUÍDO"}, "geometry": {"type": "Polygon", "coordinates": [[[-51.967658272072946, -29.470976771951197], [-51.96755236642314, -29.470941193635042], [-51.96766975164925, -29.470659400782086], [-51.96756398040037, -29.470623518262403], [-51.96732597271934, -29.471179990334164], [-51.96753752276233, -29.471251741060758], [-51.967658272072946, -29.470976771951197]]]}}, {"id": "441", "type": "Feature", "properties": {"id": 940, "codigo": "0267", "numero": "150", "fl_rural": 0, "Destinação": "NÃO ATRIBUÍDO"}, "geometry": {"type": "Polygon", "coordinates": [[[-51.96817039363316, -29.470826124104445], [-51.96813012007298, -29.470919885720964], [-51.968446810100914, -29.471024392623168], [-51.96848739389667, -29.470931689958665], [-51.96817039363316, -29.470826124104445]]]}}, {"id": "442", "type": "Feature", "properties": {"id": 942, "codigo": "0288", "numero": "134", "fl_rural": 0, "Destinação": "NÃO ATRIBUÍDO"}, "geometry": {"type": "Polygon", "coordinates": [[[-51.96783456585801, -29.471035996309926], [-51.967940471802315, -29.471071574395722], [-51.96806436997934, -29.47079081634993], [-51.9679583462937, -29.470755508509807], [-51.96783456585801, -29.471035996309926]]]}}, {"id": "443", "type": "Feature", "properties": {"id": 943, "codigo": "0319", "numero": "0", "fl_rural": 0, "Destinação": "NÃO ATRIBUÍDO"}, "geometry": {"type": "Polygon", "coordinates": [[[-51.96755236642314, -29.470941193635042], [-51.96783456585801, -29.471035996309926], [-51.9679583462937, -29.470755508509807], [-51.96766975164925, -29.470659400782086], [-51.96755236642314, -29.470941193635042]]]}}, {"id": "444", "type": "Feature", "properties": {"id": 945, "codigo": "0346", "numero": "92", "fl_rural": 0, "Destinação": "NÃO ATRIBUÍDO"}, "geometry": {"type": "Polygon", "coordinates": [[[-51.96722990263805, -29.470829626935814], [-51.96744526487468, -29.47090108100154], [-51.96756398040037, -29.470623518262403], [-51.96735117722748, -29.47055063449884], [-51.96722990263805, -29.470829626935814]]]}}, {"id": "445", "type": "Feature", "properties": {"id": 962, "codigo": "0232", "numero": "159", "fl_rural": 0, "Destinação": "NÃO ATRIBUÍDO"}, "geometry": {"type": "Polygon", "coordinates": [[[-51.968442163781376, -29.470777588821143], [-51.968562849324535, -29.47049954486016], [-51.96845274720833, -29.470463434208064], [-51.9683294889373, -29.470739814688223], [-51.968442163781376, -29.470777588821143]]]}}, {"id": "446", "type": "Feature", "properties": {"id": 961, "codigo": "0220", "numero": "145", "fl_rural": 0, "Destinação": "NÃO ATRIBUÍDO"}, "geometry": {"type": "Polygon", "coordinates": [[[-51.9683294889373, -29.470739814688223], [-51.96845924943399, -29.47044885429253], [-51.96824772312815, -29.470379478772532], [-51.9681195479946, -29.470669431748338], [-51.9683294889373, -29.470739814688223]]]}}, {"id": "447", "type": "Feature", "properties": {"id": 960, "codigo": "0198", "numero": "0", "fl_rural": 0, "Destinação": "NÃO ATRIBUÍDO"}, "geometry": {"type": "Polygon", "coordinates": [[[-51.9681195479946, -29.470669431748338], [-51.96824772312815, -29.470379478772532], [-51.96814054808051, -29.47034432781241], [-51.968011688607156, -29.47063327156702], [-51.9681195479946, -29.470669431748338]]]}}, {"id": "448", "type": "Feature", "properties": {"id": 959, "codigo": "0187", "numero": "125", "fl_rural": 0, "Destinação": "NÃO ATRIBUÍDO"}, "geometry": {"type": "Polygon", "coordinates": [[[-51.968011688607156, -29.47063327156702], [-51.96814054808051, -29.47034432781241], [-51.968033613325645, -29.47030925551668], [-51.96790382919091, -29.470597111297074], [-51.968011688607156, -29.47063327156702]]]}}, {"id": "449", "type": "Feature", "properties": {"id": 958, "codigo": "0176", "numero": "109", "fl_rural": 0, "Destinação": "NÃO ATRIBUÍDO"}, "geometry": {"type": "Polygon", "coordinates": [[[-51.96790382919091, -29.470597111297074], [-51.968033613325645, -29.47030925551668], [-51.96787887835305, -29.47025850560942], [-51.9677526336105, -29.470546422144626], [-51.96790382919091, -29.470597111297074]]]}}, {"id": "450", "type": "Feature", "properties": {"id": 946, "codigo": "0367", "numero": "70", "fl_rural": 0, "Destinação": "NÃO ATRIBUÍDO"}, "geometry": {"type": "Polygon", "coordinates": [[[-51.967091311190124, -29.47078364401764], [-51.96722990263805, -29.470829626935814], [-51.96735117722748, -29.47055063449884], [-51.96721672831903, -29.4705045863052], [-51.967091311190124, -29.47078364401764]]]}}, {"id": "451", "type": "Feature", "properties": {"id": 892, "codigo": "0159", "numero": "49", "fl_rural": 0, "Destinação": "NÃO ATRIBUÍDO"}, "geometry": {"type": "Polygon", "coordinates": [[[-51.966422676727895, -29.4706637916722], [-51.96624287311249, -29.470534304813718], [-51.96628641094114, -29.47044263875727], [-51.96620518816068, -29.470384145452773], [-51.96612264095612, -29.470570738718703], [-51.96637913903688, -29.4707554576786], [-51.966422676727895, -29.4706637916722]]]}}, {"id": "452", "type": "Feature", "properties": {"id": 894, "codigo": "0170", "numero": "67", "fl_rural": 0, "Destinação": "NÃO ATRIBUÍDO"}, "geometry": {"type": "Polygon", "coordinates": [[[-51.96646621444488, -29.470572125561134], [-51.96628641094114, -29.47044263875727], [-51.96624287311249, -29.470534304813718], [-51.966422676727895, -29.4706637916722], [-51.96646621444488, -29.470572125561134]]]}}, {"id": "453", "type": "Feature", "properties": {"id": 896, "codigo": "0190", "numero": "77", "fl_rural": 0, "Destinação": "NÃO ATRIBUÍDO"}, "geometry": {"type": "Polygon", "coordinates": [[[-51.96646621444488, -29.470572125561134], [-51.96650186556105, -29.4704970639812], [-51.966238985321986, -29.470307748573184], [-51.96620518816068, -29.470384145452773], [-51.96646621444488, -29.470572125561134]]]}}, {"id": "454", "type": "Feature", "properties": {"id": 899, "codigo": "0235", "numero": "37", "fl_rural": 0, "Destinação": "NÃO ATRIBUÍDO"}, "geometry": {"type": "Polygon", "coordinates": [[[-51.96612264095612, -29.470570738718703], [-51.9662765734759, -29.470222782221203], [-51.96618696380026, -29.47016191015969], [-51.96602792623816, -29.470504691331996], [-51.96612264095612, -29.470570738718703]]]}}, {"id": "455", "type": "Feature", "properties": {"id": 897, "codigo": "0224", "numero": "163", "fl_rural": 0, "Destinação": "NÃO ATRIBUÍDO"}, "geometry": {"type": "Polygon", "coordinates": [[[-51.96650186556105, -29.4704970639812], [-51.96654540313924, -29.470405397845187], [-51.9662765734759, -29.470222782221203], [-51.966238985321986, -29.470307748573184], [-51.96650186556105, -29.4704970639812]]]}}, {"id": "456", "type": "Feature", "properties": {"id": 953, "codigo": "0109", "numero": "49", "fl_rural": 0, "Destinação": "NÃO ATRIBUÍDO"}, "geometry": {"type": "Polygon", "coordinates": [[[-51.96726148976596, -29.47038176214715], [-51.9673541726662, -29.470172251926048], [-51.96723123565388, -29.470131930315326], [-51.9671387029332, -29.470340596460176], [-51.96726148976596, -29.47038176214715]]]}}, {"id": "457", "type": "Feature", "properties": {"id": 951, "codigo": "0098", "numero": "190", "fl_rural": 0, "Destinação": "NÃO ATRIBUÍDO"}, "geometry": {"type": "Polygon", "coordinates": [[[-51.96703902677414, -29.470307178796126], [-51.96708094042974, -29.470214810801668], [-51.96689654402692, -29.470156548911806], [-51.96685603207483, -29.470245827270773], [-51.96703902677414, -29.470307178796126]]]}}, {"id": "458", "type": "Feature", "properties": {"id": 898, "codigo": "0231", "numero": "181", "fl_rural": 0, "Destinação": "NÃO ATRIBUÍDO"}, "geometry": {"type": "Polygon", "coordinates": [[[-51.96665216388154, -29.47018061772444], [-51.96648834976613, -29.47007094916913], [-51.966394413337284, -29.470269018866524], [-51.966557925779156, -29.47037903202763], [-51.96665216388154, -29.47018061772444]]]}}, {"id": "459", "type": "Feature", "properties": {"id": 952, "codigo": "0106", "numero": "41", "fl_rural": 0, "Destinação": "NÃO ATRIBUÍDO"}, "geometry": {"type": "Polygon", "coordinates": [[[-51.9671387029332, -29.470340596460176], [-51.96723123565388, -29.470131930315326], [-51.967133147354495, -29.470099758674124], [-51.96703902677414, -29.470307178796126], [-51.9671387029332, -29.470340596460176]]]}}, {"id": "460", "type": "Feature", "properties": {"id": 879, "codigo": "0033", "numero": "307", "fl_rural": 0, "Destinação": "NÃO ATRIBUÍDO"}, "geometry": {"type": "Polygon", "coordinates": [[[-51.96559556556624, -29.470334370326526], [-51.965456230756935, -29.47049108935086], [-51.96558365629298, -29.470577766825794], [-51.96571977632861, -29.47041951848688], [-51.96559556556624, -29.470334370326526]]]}}, {"id": "461", "type": "Feature", "properties": {"id": 510, "codigo": "0255", "numero": "268", "fl_rural": 0, "Destinação": "NÃO ATRIBUÍDO"}, "geometry": {"type": "Polygon", "coordinates": [[[-51.964957131617226, -29.470318176523868], [-51.9647191142573, -29.470484071574127], [-51.964865563788976, -29.470537841999725], [-51.96496298399305, -29.47041955177655], [-51.96497907814265, -29.4704314702815], [-51.965035345748355, -29.4703732895794], [-51.964957131617226, -29.470318176523868]]]}}, {"id": "462", "type": "Feature", "properties": {"id": 878, "codigo": "0018", "numero": "287", "fl_rural": 0, "Destinação": "NÃO ATRIBUÍDO"}, "geometry": {"type": "Polygon", "coordinates": [[[-51.96535898394985, -29.47029345140333], [-51.965312521103996, -29.470393334591115], [-51.965456230756935, -29.47049108935086], [-51.96552858066594, -29.47040971271519], [-51.96535898394985, -29.47029345140333]]]}}, {"id": "463", "type": "Feature", "properties": {"id": 511, "codigo": "0269", "numero": "250", "fl_rural": 0, "Destinação": "NÃO ATRIBUÍDO"}, "geometry": {"type": "Polygon", "coordinates": [[[-51.964859267547524, -29.47022025325148], [-51.96459022993728, -29.47039838652661], [-51.964663178227724, -29.470478830958758], [-51.96492580543351, -29.47029610263104], [-51.964859267547524, -29.47022025325148]]]}}, {"id": "464", "type": "Feature", "properties": {"id": 915, "codigo": "0371", "numero": "128", "fl_rural": 0, "Destinação": "NÃO ATRIBUÍDO"}, "geometry": {"type": "Polygon", "coordinates": [[[-51.965401752972305, -29.470201508727328], [-51.96535898394985, -29.47029345140333], [-51.96552858066594, -29.47040971271519], [-51.96559556556624, -29.470334370326526], [-51.965401752972305, -29.470201508727328]]]}}, {"id": "465", "type": "Feature", "properties": {"id": 901, "codigo": "0246", "numero": "64", "fl_rural": 0, "Destinação": "NÃO ATRIBUÍDO"}, "geometry": {"type": "Polygon", "coordinates": [[[-51.96593286589635, -29.470439204740153], [-51.96602792623816, -29.470504691331996], [-51.96618696380026, -29.47016191015969], [-51.96609735433412, -29.470101038034088], [-51.96593286589635, -29.470439204740153]]]}}, {"id": "466", "type": "Feature", "properties": {"id": 512, "codigo": "0277", "numero": "246", "fl_rural": 0, "Destinação": "NÃO ATRIBUÍDO"}, "geometry": {"type": "Polygon", "coordinates": [[[-51.964816069754534, -29.47017190443722], [-51.96455167096317, -29.470355865164546], [-51.96459022993728, -29.47039838652661], [-51.964859267547524, -29.47022025325148], [-51.964816069754534, -29.47017190443722]]]}}, {"id": "467", "type": "Feature", "properties": {"id": 902, "codigo": "0257", "numero": "52", "fl_rural": 0, "Destinação": "NÃO ATRIBUÍDO"}, "geometry": {"type": "Polygon", "coordinates": [[[-51.96593286589635, -29.470439204740153], [-51.96609735433412, -29.470101038034088], [-51.96600774487205, -29.470040165936126], [-51.965829179652, -29.47037009040546], [-51.96593286589635, -29.470439204740153]]]}}, {"id": "468", "type": "Feature", "properties": {"id": 913, "codigo": "0360", "numero": "146", "fl_rural": 0, "Destinação": "NÃO ATRIBUÍDO"}, "geometry": {"type": "Polygon", "coordinates": [[[-51.96546396237144, -29.470067773811618], [-51.965401752972305, -29.470201508727328], [-51.96566549135161, -29.470382305542454], [-51.96576370302824, -29.470266277263622], [-51.96546396237144, -29.470067773811618]]]}}, {"id": "469", "type": "Feature", "properties": {"id": 903, "codigo": "0271", "numero": "46", "fl_rural": 0, "Destinação": "NÃO ATRIBUÍDO"}, "geometry": {"type": "Polygon", "coordinates": [[[-51.96580841463155, -29.47010996627294], [-51.965739032953884, -29.47024993953033], [-51.96576370302824, -29.470266277263622], [-51.965731144173525, -29.470304742577415], [-51.965829179652, -29.47037009040546], [-51.96600774487205, -29.470040165936126], [-51.96592468987936, -29.46998374617121], [-51.9658462729242, -29.470136545944044], [-51.96580841463155, -29.47010996627294]]]}}, {"id": "470", "type": "Feature", "properties": {"id": 956, "codigo": "0160", "numero": "97", "fl_rural": 0, "Destinação": "NÃO ATRIBUÍDO"}, "geometry": {"type": "Polygon", "coordinates": [[[-51.9677526336105, -29.470546422144626], [-51.967872471646615, -29.470273116840943], [-51.96771313225938, -29.470220856557482], [-51.967593734002406, -29.470493150021543], [-51.9677526336105, -29.470546422144626]]]}}, {"id": "471", "type": "Feature", "properties": {"id": 955, "codigo": "0144", "numero": "85", "fl_rural": 0, "Destinação": "NÃO ATRIBUÍDO"}, "geometry": {"type": "Polygon", "coordinates": [[[-51.967593734002406, -29.470493150021543], [-51.96771313225938, -29.470220856557482], [-51.96747734338242, -29.470143521753073], [-51.96735297728936, -29.470412434210317], [-51.967593734002406, -29.470493150021543]]]}}, {"id": "472", "type": "Feature", "properties": {"id": 966, "codigo": "0344", "numero": "0", "fl_rural": 0, "Destinação": "NÃO ATRIBUÍDO"}, "geometry": {"type": "Polygon", "coordinates": [[[-51.968475121118814, -29.470140213783946], [-51.968354395561406, -29.470414464811835], [-51.96845924943399, -29.47044885429253], [-51.96858066646388, -29.47017660098547], [-51.968475121118814, -29.470140213783946]]]}}, {"id": "473", "type": "Feature", "properties": {"id": 954, "codigo": "0119", "numero": "65", "fl_rural": 0, "Destinação": "NÃO ATRIBUÍDO"}, "geometry": {"type": "Polygon", "coordinates": [[[-51.96735297728936, -29.470412434210317], [-51.96747734338242, -29.470143521753073], [-51.96738087860778, -29.470111882770475], [-51.96726148976596, -29.47038176214715], [-51.96735297728936, -29.470412434210317]]]}}, {"id": "474", "type": "Feature", "properties": {"id": 967, "codigo": "0355", "numero": "0", "fl_rural": 0, "Destinação": "NÃO ATRIBUÍDO"}, "geometry": {"type": "Polygon", "coordinates": [[[-51.968369575847, -29.470103826496775], [-51.96824772312815, -29.470379478772532], [-51.968354395561406, -29.470414464811835], [-51.968475121118814, -29.470140213783946], [-51.968369575847, -29.470103826496775]]]}}, {"id": "475", "type": "Feature", "properties": {"id": 968, "codigo": "0366", "numero": "884", "fl_rural": 0, "Destinação": "NÃO ATRIBUÍDO"}, "geometry": {"type": "Polygon", "coordinates": [[[-51.96826403064848, -29.47006743912394], [-51.96814054808051, -29.47034432781241], [-51.96824772312815, -29.470379478772532], [-51.968369575847, -29.470103826496775], [-51.96826403064848, -29.47006743912394]]]}}, {"id": "476", "type": "Feature", "properties": {"id": 957, "codigo": "0161", "numero": "97", "fl_rural": 0, "Destinação": "NÃO ATRIBUÍDO"}, "geometry": {"type": "Polygon", "coordinates": [[[-51.967872471646615, -29.470273116840943], [-51.967894637748046, -29.470222564154316], [-51.96773529894742, -29.470170304072177], [-51.96771313225938, -29.470220856557482], [-51.967872471646615, -29.470273116840943]]]}}, {"id": "477", "type": "Feature", "properties": {"id": 969, "codigo": "0377", "numero": "872", "fl_rural": 0, "Destinação": "NÃO ATRIBUÍDO"}, "geometry": {"type": "Polygon", "coordinates": [[[-51.96815896976666, -29.470031218618455], [-51.968033613325645, -29.47030925551668], [-51.96814054808051, -29.47034432781241], [-51.96826403064848, -29.47006743912394], [-51.96815896976666, -29.470031218618455]]]}}, {"id": "478", "type": "Feature", "properties": {"id": 970, "codigo": "0393", "numero": "856", "fl_rural": 0, "Destinação": "NÃO ATRIBUÍDO"}, "geometry": {"type": "Polygon", "coordinates": [[[-51.968033613325645, -29.47030925551668], [-51.96815896976666, -29.470031218618455], [-51.968002231540616, -29.469977181747335], [-51.96787887835305, -29.47025850560942], [-51.968033613325645, -29.47030925551668]]]}}, {"id": "479", "type": "Feature", "properties": {"id": 971, "codigo": "0410", "numero": "846", "fl_rural": 0, "Destinação": "NÃO ATRIBUÍDO"}, "geometry": {"type": "Polygon", "coordinates": [[[-51.96784391410169, -29.46992260025439], [-51.96773529894742, -29.470170304072177], [-51.967894637748046, -29.470222564154316], [-51.968002231540616, -29.469977181747335], [-51.96784391410169, -29.46992260025439]]]}}, {"id": "480", "type": "Feature", "properties": {"id": 914, "codigo": "0364", "numero": "165", "fl_rural": 0, "Destinação": "NÃO ATRIBUÍDO"}, "geometry": {"type": "Polygon", "coordinates": [[[-51.96630448162852, -29.470208511565257], [-51.966394413337284, -29.470269018866524], [-51.96648834976613, -29.47007094916913], [-51.96639825218297, -29.47001063138687], [-51.96630448162852, -29.470208511565257]]]}}, {"id": "481", "type": "Feature", "properties": {"id": 950, "codigo": "0069", "numero": "206", "fl_rural": 0, "Destinação": "NÃO ATRIBUÍDO"}, "geometry": {"type": "Polygon", "coordinates": [[[-51.96689654402692, -29.470156548911806], [-51.96708094042974, -29.470214810801668], [-51.967133147354495, -29.470099758674124], [-51.966949627174614, -29.47003956624687], [-51.96689654402692, -29.470156548911806]]]}}, {"id": "482", "type": "Feature", "properties": {"id": 912, "codigo": "0353", "numero": "157", "fl_rural": 0, "Destinação": "NÃO ATRIBUÍDO"}, "geometry": {"type": "Polygon", "coordinates": [[[-51.96639825218297, -29.47001063138687], [-51.966308154601734, -29.469950313451125], [-51.96621455002582, -29.470148004200215], [-51.96630448162852, -29.470208511565257], [-51.96639825218297, -29.47001063138687]]]}}, {"id": "483", "type": "Feature", "properties": {"id": 881, "codigo": "0049", "numero": "205", "fl_rural": 0, "Destinação": "NÃO ATRIBUÍDO"}, "geometry": {"type": "Polygon", "coordinates": [[[-51.96675111214005, -29.46997228559348], [-51.96663518454357, -29.469930333547207], [-51.966551479311875, -29.4701132125395], [-51.96665216388154, -29.47018061772444], [-51.96675111214005, -29.46997228559348]]]}}, {"id": "484", "type": "Feature", "properties": {"id": 949, "codigo": "0054", "numero": "214", "fl_rural": 0, "Destinação": "NÃO ATRIBUÍDO"}, "geometry": {"type": "Polygon", "coordinates": [[[-51.966949627174614, -29.47003956624687], [-51.96722761289903, -29.4701307421066], [-51.96727383444444, -29.47003175744391], [-51.96699471241079, -29.469940208911304], [-51.966949627174614, -29.47003956624687]]]}}, {"id": "485", "type": "Feature", "properties": {"id": 910, "codigo": "0342", "numero": "166", "fl_rural": 0, "Destinação": "NÃO ATRIBUÍDO"}, "geometry": {"type": "Polygon", "coordinates": [[[-51.966308154601734, -29.469950313451125], [-51.9662502718753, -29.469911562530367], [-51.96612461852919, -29.47008749677141], [-51.96621455002582, -29.470148004200215], [-51.966308154601734, -29.469950313451125]]]}}, {"id": "486", "type": "Feature", "properties": {"id": 908, "codigo": "0331", "numero": "176", "fl_rural": 0, "Destinação": "NÃO ATRIBUÍDO"}, "geometry": {"type": "Polygon", "coordinates": [[[-51.9662502718753, -29.469911562530367], [-51.96616608969916, -29.469855204616067], [-51.96601818182519, -29.47001588412114], [-51.96612461852919, -29.47008749677141], [-51.9662502718753, -29.469911562530367]]]}}, {"id": "487", "type": "Feature", "properties": {"id": 883, "codigo": "0064", "numero": "227", "fl_rural": 0, "Destinação": "NÃO ATRIBUÍDO"}, "geometry": {"type": "Polygon", "coordinates": [[[-51.966454861299795, -29.47004852963464], [-51.966551479311875, -29.4701132125395], [-51.96663518454357, -29.469930333547207], [-51.96675111214005, -29.46997228559348], [-51.966810876635826, -29.46984645286588], [-51.966594169546084, -29.469761722186156], [-51.966454861299795, -29.47004852963464]]]}}, {"id": "488", "type": "Feature", "properties": {"id": 948, "codigo": "0043", "numero": "237", "fl_rural": 0, "Destinação": "NÃO ATRIBUÍDO"}, "geometry": {"type": "Polygon", "coordinates": [[[-51.96699471241079, -29.469940208911304], [-51.96727383444444, -29.47003175744391], [-51.9673967883108, -29.469768447720593], [-51.96711650120919, -29.469671814017115], [-51.96699471241079, -29.469940208911304]]]}}, {"id": "489", "type": "Feature", "properties": {"id": 889, "codigo": "0141", "numero": "0", "fl_rural": 0, "Destinação": "NÃO ATRIBUÍDO"}, "geometry": {"type": "Polygon", "coordinates": [[[-51.966454861299795, -29.47004852963464], [-51.96671039774957, -29.469522430437916], [-51.9664713328827, -29.469440397069917], [-51.966260776528856, -29.469918595078664], [-51.966454861299795, -29.47004852963464]]]}}, {"id": "490", "type": "Feature", "properties": {"id": 911, "codigo": "0344", "numero": "156", "fl_rural": 0, "Destinação": "NÃO ATRIBUÍDO"}, "geometry": {"type": "Polygon", "coordinates": [[[-51.9655067312095, -29.469975831103106], [-51.96546396237144, -29.470067773811618], [-51.965739032953884, -29.47024993953033], [-51.96578467116938, -29.47015786725758], [-51.9655067312095, -29.469975831103106]]]}}, {"id": "491", "type": "Feature", "properties": {"id": 909, "codigo": "0333", "numero": "162", "fl_rural": 0, "Destinação": "NÃO ATRIBUÍDO"}, "geometry": {"type": "Polygon", "coordinates": [[[-51.96556505226789, -29.46985045457054], [-51.9655067312095, -29.469975831103106], [-51.96578467116938, -29.47015786725758], [-51.965844175606684, -29.470037820383208], [-51.96556505226789, -29.46985045457054]]]}}, {"id": "492", "type": "Feature", "properties": {"id": 907, "codigo": "0320", "numero": "180", "fl_rural": 0, "Destinação": "NÃO ATRIBUÍDO"}, "geometry": {"type": "Polygon", "coordinates": [[[-51.965844175606684, -29.470037820383208], [-51.96580841463155, -29.47010996627294], [-51.9658462729242, -29.470136545944044], [-51.96592468987936, -29.46998374617121], [-51.96560429247767, -29.469766097036505], [-51.96556505226789, -29.46985045457054], [-51.965844175606684, -29.470037820383208]]]}}, {"id": "493", "type": "Feature", "properties": {"id": 906, "codigo": "0317", "numero": "57", "fl_rural": 0, "Destinação": "NÃO ATRIBUÍDO"}, "geometry": {"type": "Polygon", "coordinates": [[[-51.96616608969916, -29.469855204616067], [-51.96608499508877, -29.46979947969398], [-51.965936426190716, -29.469960877218647], [-51.96601818182519, -29.47001588412114], [-51.96616608969916, -29.469855204616067]]]}}, {"id": "494", "type": "Feature", "properties": {"id": 532, "codigo": "0276", "numero": "221", "fl_rural": 0, "Destinação": "NÃO ATRIBUÍDO"}, "geometry": {"type": "Polygon", "coordinates": [[[-51.96490701420187, -29.46961096490076], [-51.96498365332531, -29.469696003762984], [-51.9647370282675, -29.46986169908667], [-51.96505741636207, -29.470218730628513], [-51.96517533437856, -29.470300659726647], [-51.96545226598599, -29.46972217362], [-51.96524426654362, -29.469543963016626], [-51.965291640261476, -29.469509088669174], [-51.96520376987452, -29.469411588054953], [-51.96490701420187, -29.46961096490076]]]}}, {"id": "495", "type": "Feature", "properties": {"id": 905, "codigo": "0308", "numero": "194", "fl_rural": 0, "Destinação": "NÃO ATRIBUÍDO"}, "geometry": {"type": "Polygon", "coordinates": [[[-51.96608499508877, -29.46979947969398], [-51.96600019137846, -29.469740473833063], [-51.965846495022134, -29.469900369592672], [-51.965936426190716, -29.469960877218647], [-51.96608499508877, -29.46979947969398]]]}}, {"id": "496", "type": "Feature", "properties": {"id": 531, "codigo": "0152", "numero": "197", "fl_rural": 0, "Destinação": "NÃO ATRIBUÍDO"}, "geometry": {"type": "Polygon", "coordinates": [[[-51.96466166416954, -29.469775803514526], [-51.9647370282675, -29.46986169908667], [-51.96498365332531, -29.469696003762984], [-51.96490701420187, -29.46961096490076], [-51.96466166416954, -29.469775803514526]]]}}, {"id": "497", "type": "Feature", "properties": {"id": 904, "codigo": "0297", "numero": "218", "fl_rural": 0, "Destinação": "NÃO ATRIBUÍDO"}, "geometry": {"type": "Polygon", "coordinates": [[[-51.96571010186884, -29.469538630577908], [-51.96561445594861, -29.46974424812015], [-51.965846495022134, -29.469900369592672], [-51.96600019137846, -29.469740473833063], [-51.96571010186884, -29.469538630577908]]]}}, {"id": "498", "type": "Feature", "properties": {"id": 533, "codigo": "0350", "numero": "0", "fl_rural": 0, "Destinação": "NÃO ATRIBUÍDO"}, "geometry": {"type": "Polygon", "coordinates": [[[-51.96545226598599, -29.46972217362], [-51.965475626249805, -29.469672027786903], [-51.9653225591187, -29.469535180510803], [-51.965277471156185, -29.469572412228842], [-51.96545226598599, -29.46972217362]]]}}, {"id": "499", "type": "Feature", "properties": {"id": 530, "codigo": "0140", "numero": "185", "fl_rural": 0, "Destinação": "NÃO ATRIBUÍDO"}, "geometry": {"type": "Polygon", "coordinates": [[[-51.964529777331805, -29.469625486150804], [-51.96466166416954, -29.469775803514526], [-51.96507289156039, -29.469499519519598], [-51.96493877331858, -29.46935070158439], [-51.964529777331805, -29.469625486150804]]]}}, {"id": "500", "type": "Feature", "properties": {"id": 921, "codigo": "0154", "numero": "320", "fl_rural": 0, "Destinação": "NÃO ATRIBUÍDO"}, "geometry": {"type": "Polygon", "coordinates": [[[-51.96544228243698, -29.470652684982266], [-51.9653313185727, -29.470807139522783], [-51.965283919377754, -29.470913090365688], [-51.96536516469585, -29.470965752777737], [-51.96556813212409, -29.470738048627187], [-51.96544228243698, -29.470652684982266]]]}}, {"id": "501", "type": "Feature", "properties": {"id": 506, "codigo": "0259", "numero": "0", "fl_rural": 0, "Destinação": "NÃO ATRIBUÍDO"}, "geometry": {"type": "Polygon", "coordinates": [[[-51.96499810450613, -29.470709815792222], [-51.96466928559844, -29.470589086998157], [-51.9647191142573, -29.470484071574127], [-51.964957131617226, -29.470318176523868], [-51.96492580543351, -29.47029610263104], [-51.964663178227724, -29.470478830958758], [-51.96455167096317, -29.470355865164546], [-51.964413670474705, -29.47047105582197], [-51.96432148474961, -29.47066491919564], [-51.964513929776324, -29.47074057118892], [-51.96447944538271, -29.470816091280188], [-51.96448532873623, -29.470817642409177], [-51.96443160552969, -29.471034163333147], [-51.96478761309631, -29.47117079208282], [-51.96499810450613, -29.470709815792222]]]}}, {"id": "502", "type": "Feature", "properties": {"id": 886, "codigo": "0086", "numero": "359", "fl_rural": 0, "Destinação": "NÃO ATRIBUÍDO"}, "geometry": {"type": "Polygon", "coordinates": [[[-51.966211827871604, -29.470634967450412], [-51.96608027809623, -29.470541197809567], [-51.96592563003934, -29.470810383323258], [-51.96600747935331, -29.47086824755655], [-51.966211827871604, -29.470634967450412]]]}}, {"id": "503", "type": "Feature", "properties": {"id": 922, "codigo": "0200", "numero": "80", "fl_rural": 0, "Destinação": "NÃO ATRIBUÍDO"}, "geometry": {"type": "Polygon", "coordinates": [[[-51.9652514382275, -29.470523235076353], [-51.96516361253615, -29.47071206627316], [-51.9653313185727, -29.470807139522783], [-51.96544228243698, -29.470652684982266], [-51.9652514382275, -29.470523235076353]]]}}, {"id": "504", "type": "Feature", "properties": {"id": 885, "codigo": "0075", "numero": "351", "fl_rural": 0, "Destinação": "NÃO ATRIBUÍDO"}, "geometry": {"type": "Polygon", "coordinates": [[[-51.96608027809623, -29.470541197809567], [-51.96604768003772, -29.47051846622616], [-51.96584420756834, -29.47075499853524], [-51.96592563003934, -29.470810383323258], [-51.96608027809623, -29.470541197809567]]]}}, {"id": "505", "type": "Feature", "properties": {"id": 884, "codigo": "0065", "numero": "349", "fl_rural": 0, "Destinação": "NÃO ATRIBUÍDO"}, "geometry": {"type": "Polygon", "coordinates": [[[-51.96604768003772, -29.47051846622616], [-51.96595893810194, -29.470456583722203], [-51.96575464297269, -29.47069407523496], [-51.96584420756834, -29.47075499853524], [-51.96604768003772, -29.47051846622616]]]}}, {"id": "506", "type": "Feature", "properties": {"id": 508, "codigo": "0214", "numero": "71", "fl_rural": 0, "Destinação": "NÃO ATRIBUÍDO"}, "geometry": {"type": "Polygon", "coordinates": [[[-51.96504485967223, -29.470603671984748], [-51.9647191142573, -29.470484071574127], [-51.96466928559844, -29.470589086998157], [-51.96499810450613, -29.470709815792222], [-51.96504485967223, -29.470603671984748]]]}}, {"id": "507", "type": "Feature", "properties": {"id": 882, "codigo": "0054", "numero": "329", "fl_rural": 0, "Destinação": "NÃO ATRIBUÍDO"}, "geometry": {"type": "Polygon", "coordinates": [[[-51.96587689993157, -29.4704018993987], [-51.96567322068634, -29.47063869033714], [-51.96575464297269, -29.47069407523496], [-51.96595893810194, -29.470456583722203], [-51.96587689993157, -29.4704018993987]]]}}, {"id": "508", "type": "Feature", "properties": {"id": 509, "codigo": "0245", "numero": "276", "fl_rural": 0, "Destinação": "NÃO ATRIBUÍDO"}, "geometry": {"type": "Polygon", "coordinates": [[[-51.96511898140755, -29.470432222848277], [-51.965035345748355, -29.4703732895794], [-51.96497907814265, -29.4704314702815], [-51.96496298399305, -29.47041955177655], [-51.964865563788976, -29.470537841999725], [-51.96504485967223, -29.470603671984748], [-51.96511898140755, -29.470432222848277]]]}}, {"id": "509", "type": "Feature", "properties": {"id": 880, "codigo": "0044", "numero": "319", "fl_rural": 0, "Destinação": "NÃO ATRIBUÍDO"}, "geometry": {"type": "Polygon", "coordinates": [[[-51.96566549135161, -29.470382305542454], [-51.96571977632861, -29.47041951848688], [-51.96558365629298, -29.470577766825794], [-51.96567322068634, -29.47063869033714], [-51.96587689993157, -29.4704018993987], [-51.965731144173525, -29.470304742577415], [-51.96566549135161, -29.470382305542454]]]}}, {"id": "510", "type": "Feature", "properties": {"id": 505, "codigo": "0104", "numero": "523", "fl_rural": 0, "Destinação": "NÃO ATRIBUÍDO"}, "geometry": {"type": "Polygon", "coordinates": [[[-51.964513929776324, -29.47074057118892], [-51.96441972594785, -29.47070379695294], [-51.964380376155894, -29.470789971967633], [-51.96447944538271, -29.470816091280188], [-51.964513929776324, -29.47074057118892]]]}}, {"id": "511", "type": "Feature", "properties": {"id": 504, "codigo": "0093", "numero": "521", "fl_rural": 0, "Destinação": "NÃO ATRIBUÍDO"}, "geometry": {"type": "Polygon", "coordinates": [[[-51.96441972594785, -29.47070379695294], [-51.96434965552001, -29.470676067457976], [-51.96430545868757, -29.470770220195707], [-51.964380376155894, -29.470789971967633], [-51.96441972594785, -29.47070379695294]]]}}, {"id": "512", "type": "Feature", "properties": {"id": 502, "codigo": "0086", "numero": "0", "fl_rural": 0, "Destinação": "NÃO ATRIBUÍDO"}, "geometry": {"type": "Polygon", "coordinates": [[[-51.96434965552001, -29.470676067457976], [-51.96432148474961, -29.47066491919564], [-51.96427572829266, -29.470762381863842], [-51.96430545868757, -29.470770220195707], [-51.96434965552001, -29.470676067457976]]]}}, {"id": "513", "type": "Feature", "properties": {"id": 503, "codigo": "0088", "numero": "515", "fl_rural": 0, "Destinação": "NÃO ATRIBUÍDO"}, "geometry": {"type": "Polygon", "coordinates": [[[-51.96432148474961, -29.47066491919564], [-51.964122362336965, -29.47057969220064], [-51.96406500136446, -29.470706824324143], [-51.96427572829266, -29.470762381863842], [-51.96432148474961, -29.47066491919564]]]}}, {"id": "514", "type": "Feature", "properties": {"id": 501, "codigo": "0062", "numero": "503", "fl_rural": 0, "Destinação": "NÃO ATRIBUÍDO"}, "geometry": {"type": "Polygon", "coordinates": [[[-51.964122362336965, -29.47057969220064], [-51.96393157226694, -29.47048510507605], [-51.96385594103377, -29.470651706177993], [-51.96406500136446, -29.470706824324143], [-51.964122362336965, -29.47057969220064]]]}}, {"id": "515", "type": "Feature", "properties": {"id": 499, "codigo": "0020", "numero": "457", "fl_rural": 0, "Destinação": "NÃO ATRIBUÍDO"}, "geometry": {"type": "Polygon", "coordinates": [[[-51.96340177311943, -29.470633506785266], [-51.96350310378699, -29.470672532303965], [-51.96358583124472, -29.470580492520313], [-51.96365204332954, -29.47059794914325], [-51.9636772077207, -29.470538858560218], [-51.963476291580086, -29.470470059088026], [-51.96340177311943, -29.470633506785266]]]}}, {"id": "516", "type": "Feature", "properties": {"id": 500, "codigo": "0041", "numero": "479", "fl_rural": 0, "Destinação": "NÃO ATRIBUÍDO"}, "geometry": {"type": "Polygon", "coordinates": [[[-51.96374045024142, -29.47039035284786], [-51.96365204332954, -29.47059794914325], [-51.96385594103377, -29.470651706177993], [-51.96393157226694, -29.47048510507605], [-51.96374045024142, -29.47039035284786]]]}}, {"id": "517", "type": "Feature", "properties": {"id": 526, "codigo": "0550", "numero": "66", "fl_rural": 0, "Destinação": "NÃO ATRIBUÍDO"}, "geometry": {"type": "Polygon", "coordinates": [[[-51.964159258318816, -29.47059798394031], [-51.96424840662799, -29.47034702022492], [-51.964139621134336, -29.47024182026086], [-51.96396590818502, -29.47050212768419], [-51.964159258318816, -29.47059798394031]]]}}, {"id": "518", "type": "Feature", "properties": {"id": 525, "codigo": "0545", "numero": "42", "fl_rural": 0, "Destinação": "NÃO ATRIBUÍDO"}, "geometry": {"type": "Polygon", "coordinates": [[[-51.963476291580086, -29.470470059088026], [-51.9636772077207, -29.470538858560218], [-51.96374045024142, -29.47039035284786], [-51.963554631217306, -29.47029822936346], [-51.963476291580086, -29.470470059088026]]]}}, {"id": "519", "type": "Feature", "properties": {"id": 524, "codigo": "0525", "numero": "64", "fl_rural": 0, "Destinação": "NÃO ATRIBUÍDO"}, "geometry": {"type": "Polygon", "coordinates": [[[-51.963554631217306, -29.47029822936346], [-51.96396590818502, -29.47050212768419], [-51.964010376877, -29.47043549183611], [-51.963589476790645, -29.470222951091365], [-51.963554631217306, -29.47029822936346]]]}}, {"id": "520", "type": "Feature", "properties": {"id": 438, "codigo": "0461", "numero": "0", "fl_rural": 0, "Destinação": "NÃO ATRIBUÍDO"}, "geometry": {"type": "Polygon", "coordinates": [[[-51.96328618756214, -29.470391471129695], [-51.963015790045525, -29.47030162485906], [-51.96290606540692, -29.470549267689808], [-51.963201298907194, -29.470575587000788], [-51.96328618756214, -29.470391471129695]]]}}, {"id": "521", "type": "Feature", "properties": {"id": 437, "codigo": "0420", "numero": "377", "fl_rural": 0, "Destinação": "NÃO ATRIBUÍDO"}, "geometry": {"type": "Polygon", "coordinates": [[[-51.96253856580119, -29.470516072193938], [-51.96290606540692, -29.470549267689808], [-51.96292274307033, -29.470512444850055], [-51.96269431040492, -29.470178003178464], [-51.96253856580119, -29.470516072193938]]]}}, {"id": "522", "type": "Feature", "properties": {"id": 433, "codigo": "0351", "numero": "32", "fl_rural": 0, "Destinação": "NÃO ATRIBUÍDO"}, "geometry": {"type": "Polygon", "coordinates": [[[-51.96186233540608, -29.47045531994967], [-51.9621785243222, -29.470483738300707], [-51.962299378625886, -29.470230185803953], [-51.962012418321486, -29.470128956014527], [-51.96186233540608, -29.47045531994967]]]}}, {"id": "523", "type": "Feature", "properties": {"id": 439, "codigo": "0472", "numero": "0", "fl_rural": 0, "Destinação": "NÃO ATRIBUÍDO"}, "geometry": {"type": "Polygon", "coordinates": [[[-51.9633297333817, -29.470297023724964], [-51.963057855302566, -29.470206685578688], [-51.963015790045525, -29.47030162485906], [-51.96328618756214, -29.470391471129695], [-51.9633297333817, -29.470297023724964]]]}}, {"id": "524", "type": "Feature", "properties": {"id": 436, "codigo": "0384", "numero": "0", "fl_rural": 0, "Destinação": "NÃO ATRIBUÍDO"}, "geometry": {"type": "Polygon", "coordinates": [[[-51.96241726823977, -29.470505179051692], [-51.96253856580119, -29.470516072193938], [-51.96269431040492, -29.470178003178464], [-51.96261887500422, -29.470067559747672], [-51.96241726823977, -29.470505179051692]]]}}, {"id": "525", "type": "Feature", "properties": {"id": 434, "codigo": "0362", "numero": "333", "fl_rural": 0, "Destinação": "NÃO ATRIBUÍDO"}, "geometry": {"type": "Polygon", "coordinates": [[[-51.9623900264793, -29.470040005762794], [-51.962299378625886, -29.470230185803953], [-51.9621785243222, -29.470483738300707], [-51.962295970804156, -29.470494285797542], [-51.96248914521998, -29.470074971301884], [-51.9623900264793, -29.470040005762794]]]}}, {"id": "526", "type": "Feature", "properties": {"id": 435, "codigo": "0372", "numero": "345", "fl_rural": 0, "Destinação": "NÃO ATRIBUÍDO"}, "geometry": {"type": "Polygon", "coordinates": [[[-51.96254343966622, -29.469957116269345], [-51.962295970804156, -29.470494285797542], [-51.96241726823977, -29.470505179051692], [-51.96261887500422, -29.470067559747672], [-51.96254343966622, -29.469957116269345]]]}}, {"id": "527", "type": "Feature", "properties": {"id": 440, "codigo": "0483", "numero": "49", "fl_rural": 0, "Destinação": "NÃO ATRIBUÍDO"}, "geometry": {"type": "Polygon", "coordinates": [[[-51.963372612632234, -29.470204021829797], [-51.96309927664476, -29.47011319913401], [-51.963057855302566, -29.470206685578688], [-51.9633297333817, -29.470297023724964], [-51.963372612632234, -29.470204021829797]]]}}, {"id": "528", "type": "Feature", "properties": {"id": 432, "codigo": "0280", "numero": "0", "fl_rural": 0, "Destinação": "NÃO ATRIBUÍDO"}, "geometry": {"type": "Polygon", "coordinates": [[[-51.962012418321486, -29.470128956014527], [-51.962299378625886, -29.470230185803953], [-51.962343050966176, -29.470138561070453], [-51.96205452476272, -29.470036778829257], [-51.962012418321486, -29.470128956014527]]]}}, {"id": "529", "type": "Feature", "properties": {"id": 441, "codigo": "0505", "numero": "59", "fl_rural": 0, "Destinação": "NÃO ATRIBUÍDO"}, "geometry": {"type": "Polygon", "coordinates": [[[-51.96346000726342, -29.470014469113295], [-51.96318369971461, -29.469922659136998], [-51.96309927664476, -29.47011319913401], [-51.963372612632234, -29.470204021829797], [-51.96346000726342, -29.470014469113295]]]}}, {"id": "530", "type": "Feature", "properties": {"id": 513, "codigo": "0297", "numero": "220", "fl_rural": 0, "Destinação": "NÃO ATRIBUÍDO"}, "geometry": {"type": "Polygon", "coordinates": [[[-51.96468206742234, -29.47002192277728], [-51.964411428482414, -29.470210224385596], [-51.96424008734507, -29.470338975178123], [-51.96424840662799, -29.47034702022492], [-51.964159258318816, -29.47059798394031], [-51.96432148474961, -29.47066491919564], [-51.964413670474705, -29.47047105582197], [-51.96455167096317, -29.470355865164546], [-51.964816069754534, -29.47017190443722], [-51.96468206742234, -29.47002192277728]]]}}, {"id": "531", "type": "Feature", "properties": {"id": 522, "codigo": "0516", "numero": "0", "fl_rural": 0, "Destinação": "NÃO ATRIBUÍDO"}, "geometry": {"type": "Polygon", "coordinates": [[[-51.96402443379316, -29.470414427684805], [-51.964139621134336, -29.47024182026086], [-51.96401376281714, -29.47012010969776], [-51.96394169225842, -29.470264727128868], [-51.96389261007371, -29.47034954904357], [-51.96402443379316, -29.470414427684805]]]}}, {"id": "532", "type": "Feature", "properties": {"id": 523, "codigo": "0519", "numero": "70", "fl_rural": 0, "Destinação": "NÃO ATRIBUÍDO"}, "geometry": {"type": "Polygon", "coordinates": [[[-51.96359799538401, -29.47020455010589], [-51.96389261007371, -29.47034954904357], [-51.96394169225842, -29.470264727128868], [-51.96364058840571, -29.470112544808988], [-51.96359799538401, -29.47020455010589]]]}}, {"id": "533", "type": "Feature", "properties": {"id": 521, "codigo": "0502", "numero": "82", "fl_rural": 0, "Destinação": "NÃO ATRIBUÍDO"}, "geometry": {"type": "Polygon", "coordinates": [[[-51.96364058840571, -29.470112544808988], [-51.96394169225842, -29.470264727128868], [-51.96401376281714, -29.47012010969776], [-51.96394703506536, -29.470055580866845], [-51.963719810551545, -29.46994141613058], [-51.96364058840571, -29.470112544808988]]]}}, {"id": "534", "type": "Feature", "properties": {"id": 514, "codigo": "0318", "numero": "202", "fl_rural": 0, "Destinação": "NÃO ATRIBUÍDO"}, "geometry": {"type": "Polygon", "coordinates": [[[-51.96455058643804, -29.46987476267154], [-51.96427842154774, -29.470063833775107], [-51.964411428482414, -29.470210224385596], [-51.96468206742234, -29.47002192277728], [-51.96455058643804, -29.46987476267154]]]}}, {"id": "535", "type": "Feature", "properties": {"id": 520, "codigo": "0486", "numero": "0", "fl_rural": 0, "Destinação": "NÃO ATRIBUÍDO"}, "geometry": {"type": "Polygon", "coordinates": [[[-51.963719810551545, -29.46994141613058], [-51.96394703506536, -29.470055580866845], [-51.96424008734507, -29.470338975178123], [-51.964411428482414, -29.470210224385596], [-51.96387082103065, -29.46961521538134], [-51.963719810551545, -29.46994141613058]]]}}, {"id": "536", "type": "Feature", "properties": {"id": 515, "codigo": "0330", "numero": "190", "fl_rural": 0, "Destinação": "NÃO ATRIBUÍDO"}, "geometry": {"type": "Polygon", "coordinates": [[[-51.96447436136162, -29.469789447381004], [-51.96420140536127, -29.469979067617416], [-51.96427842154774, -29.470063833775107], [-51.96455058643804, -29.46987476267154], [-51.96447436136162, -29.469789447381004]]]}}, {"id": "537", "type": "Feature", "properties": {"id": 443, "codigo": "0527", "numero": "0", "fl_rural": 0, "Destinação": "NÃO ATRIBUÍDO"}, "geometry": {"type": "Polygon", "coordinates": [[[-51.96354491087412, -29.469830318584254], [-51.96326571638797, -29.469737549412013], [-51.96322470813905, -29.46983010428023], [-51.96350245910609, -29.46992239385532], [-51.96354491087412, -29.469830318584254]]]}}, {"id": "538", "type": "Feature", "properties": {"id": 516, "codigo": "0348", "numero": "174", "fl_rural": 0, "Destinação": "NÃO ATRIBUÍDO"}, "geometry": {"type": "Polygon", "coordinates": [[[-51.96435843595748, -29.4696596969032], [-51.96408427669544, -29.46985015228011], [-51.96420140536127, -29.469979067617416], [-51.96447436136162, -29.469789447381004], [-51.96435843595748, -29.4696596969032]]]}}, {"id": "539", "type": "Feature", "properties": {"id": 444, "codigo": "0538", "numero": "0", "fl_rural": 0, "Destinação": "NÃO ATRIBUÍDO"}, "geometry": {"type": "Polygon", "coordinates": [[[-51.96357439648937, -29.46976636582644], [-51.96331267151628, -29.469631572678868], [-51.96326571638797, -29.469737549412013], [-51.96354491087412, -29.469830318584254], [-51.96357439648937, -29.46976636582644]]]}}, {"id": "540", "type": "Feature", "properties": {"id": 431, "codigo": "0269", "numero": "62", "fl_rural": 0, "Destinação": "NÃO ATRIBUÍDO"}, "geometry": {"type": "Polygon", "coordinates": [[[-51.96205452476272, -29.470036778829257], [-51.962343050966176, -29.470138561070453], [-51.9623900264793, -29.470040005762794], [-51.96209981601992, -29.469937629427132], [-51.96205452476272, -29.470036778829257]]]}}, {"id": "541", "type": "Feature", "properties": {"id": 430, "codigo": "0258", "numero": "70", "fl_rural": 0, "Destinação": "NÃO ATRIBUÍDO"}, "geometry": {"type": "Polygon", "coordinates": [[[-51.96209981601992, -29.469937629427132], [-51.96248914521998, -29.470074971301884], [-51.96253155988053, -29.469982903377932], [-51.962141922105346, -29.46984545266786], [-51.96209981601992, -29.469937629427132]]]}}, {"id": "542", "type": "Feature", "properties": {"id": 442, "codigo": "0516", "numero": "73", "fl_rural": 0, "Destinação": "NÃO ATRIBUÍDO"}, "geometry": {"type": "Polygon", "coordinates": [[[-51.96350245910609, -29.46992239385532], [-51.96322470813905, -29.46983010428023], [-51.96318369971461, -29.469922659136998], [-51.96346000726342, -29.470014469113295], [-51.96350245910609, -29.46992239385532]]]}}, {"id": "543", "type": "Feature", "properties": {"id": 429, "codigo": "0247", "numero": "84", "fl_rural": 0, "Destinação": "NÃO ATRIBUÍDO"}, "geometry": {"type": "Polygon", "coordinates": [[[-51.962141922105346, -29.46984545266786], [-51.96253155988053, -29.469982903377932], [-51.96254343966622, -29.469957116269345], [-51.962474105778035, -29.469855605367513], [-51.96218402811668, -29.46975327589578], [-51.962141922105346, -29.46984545266786]]]}}, {"id": "544", "type": "Feature", "properties": {"id": 428, "codigo": "0236", "numero": "92", "fl_rural": 0, "Destinação": "NÃO ATRIBUÍDO"}, "geometry": {"type": "Polygon", "coordinates": [[[-51.96218402811668, -29.46975327589578], [-51.962474105778035, -29.469855605367513], [-51.96227227020899, -29.469560099348744], [-51.96218402811668, -29.46975327589578]]]}}, {"id": "545", "type": "Feature", "properties": {"id": 427, "codigo": "0214", "numero": "190", "fl_rural": 0, "Destinação": "NÃO ATRIBUÍDO"}, "geometry": {"type": "Polygon", "coordinates": [[[-51.96258433217943, -29.468876937967377], [-51.962903638610854, -29.468972860414897], [-51.96281942843181, -29.469157214288458], [-51.962500121491615, -29.469061291743046], [-51.96227227020899, -29.469560099348744], [-51.96292274307033, -29.470512444850055], [-51.96331267151628, -29.469631572678868], [-51.96310211350202, -29.46952313076917], [-51.963239004693925, -29.46925472544048], [-51.963112023328144, -29.469100551598498], [-51.96317152433794, -29.468755700203374], [-51.962710625831704, -29.468600455105854], [-51.96258433217943, -29.468876937967377]]]}}, {"id": "546", "type": "Feature", "properties": {"id": 445, "codigo": "0546", "numero": "119", "fl_rural": 0, "Destinação": "NÃO ATRIBUÍDO"}, "geometry": {"type": "Polygon", "coordinates": [[[-51.963239004693925, -29.46925472544048], [-51.96310211350202, -29.46952313076917], [-51.96357439648937, -29.46976636582644], [-51.963605264658064, -29.469699414531334], [-51.963239004693925, -29.46925472544048]]]}}, {"id": "547", "type": "Feature", "properties": {"id": 426, "codigo": "0154", "numero": "182", "fl_rural": 0, "Destinação": "NÃO ATRIBUÍDO"}, "geometry": {"type": "Polygon", "coordinates": [[[-51.962500121491615, -29.469061291743046], [-51.96281942843181, -29.469157214288458], [-51.962903638610854, -29.468972860414897], [-51.96258433217943, -29.468876937967377], [-51.962500121491615, -29.469061291743046]]]}}, {"id": "548", "type": "Feature", "properties": {"id": 463, "codigo": "0258", "numero": "171", "fl_rural": 0, "Destinação": "NÃO ATRIBUÍDO"}, "geometry": {"type": "Polygon", "coordinates": [[[-51.96234788999886, -29.468875021663685], [-51.96197065400066, -29.468738206984867], [-51.96191214413836, -29.46886542676563], [-51.96229007905725, -29.469001948029092], [-51.96234788999886, -29.468875021663685]]]}}, {"id": "549", "type": "Feature", "properties": {"id": 464, "codigo": "0274", "numero": "183", "fl_rural": 0, "Destinação": "NÃO ATRIBUÍDO"}, "geometry": {"type": "Polygon", "coordinates": [[[-51.9624089689615, -29.46874092626376], [-51.96203067542436, -29.46860770056524], [-51.96197065400066, -29.468738206984867], [-51.96234788999886, -29.468875021663685], [-51.9624089689615, -29.46874092626376]]]}}, {"id": "550", "type": "Feature", "properties": {"id": 486, "codigo": "0370", "numero": "0", "fl_rural": 0, "Destinação": "NÃO ATRIBUÍDO"}, "geometry": {"type": "Polygon", "coordinates": [[[-51.96183424965165, -29.4700162456418], [-51.96143471975891, -29.46988782746975], [-51.9614021993743, -29.469964737575047], [-51.961801321309736, -29.47009004978786], [-51.96183424965165, -29.4700162456418]]]}}, {"id": "551", "type": "Feature", "properties": {"id": 487, "codigo": "0374", "numero": "0", "fl_rural": 0, "Destinação": "NÃO ATRIBUÍDO"}, "geometry": {"type": "Polygon", "coordinates": [[[-51.96183424965165, -29.4700162456418], [-51.961876332852455, -29.46992192152736], [-51.96147690031555, -29.46978684517941], [-51.96143471975891, -29.46988782746975], [-51.96183424965165, -29.4700162456418]]]}}, {"id": "552", "type": "Feature", "properties": {"id": 475, "codigo": "0169", "numero": "0", "fl_rural": 0, "Destinação": "NÃO ATRIBUÍDO"}, "geometry": {"type": "Polygon", "coordinates": [[[-51.961030252407596, -29.469742198394894], [-51.96094725709335, -29.469918706317266], [-51.961367493251906, -29.470046816911992], [-51.96143471975891, -29.46988782746975], [-51.961030252407596, -29.469742198394894]]]}}, {"id": "553", "type": "Feature", "properties": {"id": 473, "codigo": "0161", "numero": "76", "fl_rural": 0, "Destinação": "NÃO ATRIBUÍDO"}, "geometry": {"type": "Polygon", "coordinates": [[[-51.96143471975891, -29.46988782746975], [-51.96147690031555, -29.46978684517941], [-51.96107341776799, -29.46965039758579], [-51.961030252407596, -29.469742198394894], [-51.96143471975891, -29.46988782746975]]]}}, {"id": "554", "type": "Feature", "properties": {"id": 472, "codigo": "0150", "numero": "75", "fl_rural": 0, "Destinação": "NÃO ATRIBUÍDO"}, "geometry": {"type": "Polygon", "coordinates": [[[-51.9617468315138, -29.469224868905474], [-51.96134324532158, -29.46907654411057], [-51.96107341776799, -29.46965039758579], [-51.961876332852455, -29.46992192152736], [-51.962129394529114, -29.469354713370187], [-51.9617468315138, -29.469224868905474]]]}}, {"id": "555", "type": "Feature", "properties": {"id": 460, "codigo": "0220", "numero": "0", "fl_rural": 0, "Destinação": "NÃO ATRIBUÍDO"}, "geometry": {"type": "Polygon", "coordinates": [[[-51.96218677115545, -29.469228747552503], [-51.961808194522476, -29.469091446585097], [-51.9617468315138, -29.469224868905474], [-51.962129394529114, -29.469354713370187], [-51.96218677115545, -29.469228747552503]]]}}, {"id": "556", "type": "Feature", "properties": {"id": 461, "codigo": "0227", "numero": "135", "fl_rural": 0, "Destinação": "NÃO ATRIBUÍDO"}, "geometry": {"type": "Polygon", "coordinates": [[[-51.9622287632099, -29.469136556966475], [-51.961850536029026, -29.468999382729674], [-51.961808194522476, -29.469091446585097], [-51.96218677115545, -29.469228747552503], [-51.9622287632099, -29.469136556966475]]]}}, {"id": "557", "type": "Feature", "properties": {"id": 459, "codigo": "0205", "numero": "0", "fl_rural": 0, "Destinação": "NÃO ATRIBUÍDO"}, "geometry": {"type": "Polygon", "coordinates": [[[-51.9617468315138, -29.469224868905474], [-51.9618020936984, -29.469104711554483], [-51.96139928128529, -29.468950395803017], [-51.96134324532158, -29.46907654411057], [-51.9617468315138, -29.469224868905474]]]}}, {"id": "558", "type": "Feature", "properties": {"id": 462, "codigo": "0243", "numero": "157", "fl_rural": 0, "Destinação": "NÃO ATRIBUÍDO"}, "geometry": {"type": "Polygon", "coordinates": [[[-51.96229007905725, -29.469001948029092], [-51.96191214413836, -29.46886542676563], [-51.961850536029026, -29.468999382729674], [-51.9622287632099, -29.469136556966475], [-51.96229007905725, -29.469001948029092]]]}}, {"id": "559", "type": "Feature", "properties": {"id": 458, "codigo": "0190", "numero": "0", "fl_rural": 0, "Destinação": "NÃO ATRIBUÍDO"}, "geometry": {"type": "Polygon", "coordinates": [[[-51.96148146709457, -29.468765378304386], [-51.96139928128529, -29.468950395803017], [-51.9618020936984, -29.469104711554483], [-51.96188675048438, -29.46892064069852], [-51.96148146709457, -29.468765378304386]]]}}, {"id": "560", "type": "Feature", "properties": {"id": 517, "codigo": "0360", "numero": "0", "fl_rural": 0, "Destinação": "NÃO ATRIBUÍDO"}, "geometry": {"type": "Polygon", "coordinates": [[[-51.96428030557225, -29.46957224860224], [-51.96400533542906, -29.469763266876264], [-51.96408427669544, -29.46985015228011], [-51.96435843595748, -29.4696596969032], [-51.96428030557225, -29.46957224860224]]]}}, {"id": "561", "type": "Feature", "properties": {"id": 518, "codigo": "0371", "numero": "150", "fl_rural": 0, "Destinação": "NÃO ATRIBUÍDO"}, "geometry": {"type": "Polygon", "coordinates": [[[-51.96421487931317, -29.469499019528836], [-51.96393923024282, -29.469690509071455], [-51.96400533542906, -29.469763266876264], [-51.96428030557225, -29.46957224860224], [-51.96421487931317, -29.469499019528836]]]}}, {"id": "562", "type": "Feature", "properties": {"id": 519, "codigo": "0441", "numero": "140", "fl_rural": 0, "Destinação": "NÃO ATRIBUÍDO"}, "geometry": {"type": "Polygon", "coordinates": [[[-51.96421487931317, -29.469499019528836], [-51.96401604603791, -29.469267722588558], [-51.96387082103065, -29.46961521538134], [-51.96393923024282, -29.469690509071455], [-51.96421487931317, -29.469499019528836]]]}}, {"id": "563", "type": "Feature", "properties": {"id": 446, "codigo": "0569", "numero": "139", "fl_rural": 0, "Destinação": "NÃO ATRIBUÍDO"}, "geometry": {"type": "Polygon", "coordinates": [[[-51.96337784424352, -29.46914661843108], [-51.9632913299286, -29.469196190627525], [-51.963644631324556, -29.469614030167357], [-51.96368995088634, -29.469515734315124], [-51.96337784424352, -29.46914661843108]]]}}, {"id": "564", "type": "Feature", "properties": {"id": 447, "codigo": "0581", "numero": "151", "fl_rural": 0, "Destinação": "NÃO ATRIBUÍDO"}, "geometry": {"type": "Polygon", "coordinates": [[[-51.96353213528424, -29.469127123273637], [-51.96341578112374, -29.469124880753487], [-51.96337784424352, -29.46914661843108], [-51.96368995088634, -29.469515734315124], [-51.963750210220965, -29.46938503411576], [-51.96353213528424, -29.469127123273637]]]}}, {"id": "565", "type": "Feature", "properties": {"id": 538, "codigo": "0430", "numero": "135", "fl_rural": 0, "Destinação": "NÃO ATRIBUÍDO"}, "geometry": {"type": "Polygon", "coordinates": [[[-51.964377479874216, -29.46945190520804], [-51.96483870443339, -29.46914203095926], [-51.96503443641799, -29.46901052703825], [-51.96483209905893, -29.46889340279431], [-51.96459725706004, -29.469047680866858], [-51.96452260774811, -29.468983498244945], [-51.96445118553493, -29.46903148338129], [-51.96417715840015, -29.469215588222056], [-51.964377479874216, -29.46945190520804]]]}}, {"id": "566", "type": "Feature", "properties": {"id": 448, "codigo": "0637", "numero": "0", "fl_rural": 0, "Destinação": "NÃO ATRIBUÍDO"}, "geometry": {"type": "Polygon", "coordinates": [[[-51.96376666304187, -29.468923826261697], [-51.96371186262004, -29.468955226796776], [-51.963561780657585, -29.469127694635638], [-51.96353213528424, -29.469127123273637], [-51.963750210220965, -29.46938503411576], [-51.963886802896894, -29.469088768979383], [-51.96376666304187, -29.468923826261697]]]}}, {"id": "567", "type": "Feature", "properties": {"id": 450, "codigo": "0684", "numero": "56", "fl_rural": 0, "Destinação": "NÃO ATRIBUÍDO"}, "geometry": {"type": "Polygon", "coordinates": [[[-51.96376666304187, -29.468923826261697], [-51.96375414413154, -29.468906638673392], [-51.96371186262004, -29.468955226796776], [-51.96376666304187, -29.468923826261697]]]}}, {"id": "568", "type": "Feature", "properties": {"id": 450, "codigo": "0684", "numero": "56", "fl_rural": 0, "Destinação": "NÃO ATRIBUÍDO"}, "geometry": {"type": "Polygon", "coordinates": [[[-51.96317358073904, -29.468743782137572], [-51.963112023328144, -29.469100551598498], [-51.963605264658064, -29.469699414531334], [-51.963644631324556, -29.469614030167357], [-51.9632913299286, -29.469196190627525], [-51.96341578112374, -29.469124880753487], [-51.963221386181054, -29.469121134135648], [-51.96322839870301, -29.468711538460273], [-51.96317358073904, -29.468743782137572]]]}}, {"id": "569", "type": "Feature", "properties": {"id": 528, "codigo": "0068", "numero": null, "fl_rural": 0, "Destinação": "NÃO ATRIBUÍDO"}, "geometry": {"type": "Polygon", "coordinates": [[[-51.96429626618902, -29.468681993017523], [-51.96410710248177, -29.46909271605583], [-51.964111961073804, -29.469129221660967], [-51.96417715840015, -29.469215588222056], [-51.96445118553493, -29.46903148338129], [-51.96434768616185, -29.468948248109523], [-51.9644021129873, -29.468825195428078], [-51.96435114040535, -29.468807931226173], [-51.96439208712495, -29.468715355618098], [-51.96429626618902, -29.468681993017523]]]}}, {"id": "570", "type": "Feature", "properties": {"id": 540, "codigo": "0465", "numero": "468", "fl_rural": 0, "Destinação": "NÃO ATRIBUÍDO"}, "geometry": {"type": "Polygon", "coordinates": [[[-51.96445118553493, -29.46903148338129], [-51.96452260774811, -29.468983498244945], [-51.964705421652305, -29.46882445069451], [-51.96452911104192, -29.468763063953805], [-51.96437426373472, -29.46896962213453], [-51.96445118553493, -29.46903148338129]]]}}, {"id": "571", "type": "Feature", "properties": {"id": 543, "codigo": "0036", "numero": "287", "fl_rural": 0, "Destinação": "NÃO ATRIBUÍDO"}, "geometry": {"type": "Polygon", "coordinates": [[[-51.96587413030677, -29.46879146043003], [-51.965682627920756, -29.46874231041496], [-51.965630915177854, -29.468773599141564], [-51.96584819438745, -29.46884926720833], [-51.96587413030677, -29.46879146043003]]]}}, {"id": "572", "type": "Feature", "properties": {"id": 566, "codigo": "0427", "numero": "547", "fl_rural": 0, "Destinação": "NÃO ATRIBUÍDO"}, "geometry": {"type": "Polygon", "coordinates": [[[-51.965449484911915, -29.46892308633203], [-51.9654762268125, -29.468867193132184], [-51.965407142513165, -29.468908992496], [-51.965449484911915, -29.46892308633203]]]}}, {"id": "573", "type": "Feature", "properties": {"id": 541, "codigo": "0479", "numero": "452", "fl_rural": 0, "Destinação": "NÃO ATRIBUÍDO"}, "geometry": {"type": "Polygon", "coordinates": [[[-51.96437426373472, -29.46896962213453], [-51.96452911104192, -29.468763063953805], [-51.96439208712495, -29.468715355618098], [-51.96435114040535, -29.468807931226173], [-51.9644021129873, -29.468825195428078], [-51.96434768616185, -29.468948248109523], [-51.96437426373472, -29.46896962213453]]]}}, {"id": "574", "type": "Feature", "properties": {"id": 527, "codigo": "0020", "numero": "230", "fl_rural": 0, "Destinação": "NÃO ATRIBUÍDO"}, "geometry": {"type": "Polygon", "coordinates": [[[-51.96422032802827, -29.468845825264154], [-51.96434768616185, -29.468948248109523], [-51.9644021129873, -29.468825195428078], [-51.96435114040535, -29.468807931226173], [-51.96439208712495, -29.468715355618098], [-51.96429626618902, -29.468681993017523], [-51.96422032802827, -29.468845825264154]]]}}, {"id": "575", "type": "Feature", "properties": {"id": 498, "codigo": "0107", "numero": "0", "fl_rural": 0, "Destinação": "NÃO AFETADO"}, "geometry": {"type": "Polygon", "coordinates": [[[-51.96402844747936, -29.46859142087628], [-51.96385458332387, -29.468791218204768], [-51.9639500879879, -29.468919383185433], [-51.963961243067175, -29.468918852775897], [-51.963969317045525, -29.468911381246652], [-51.964109325029575, -29.468620232498033], [-51.96402844747936, -29.46859142087628]]]}}, {"id": "576", "type": "Feature", "properties": {"id": 465, "codigo": "0290", "numero": "201", "fl_rural": 0, "Destinação": "NÃO ATRIBUÍDO"}, "geometry": {"type": "Polygon", "coordinates": [[[-51.96246830035539, -29.468610666958043], [-51.962090289136434, -29.46847807994985], [-51.96203067542436, -29.46860770056524], [-51.9624089689615, -29.46874092626376], [-51.96246830035539, -29.468610666958043]]]}}, {"id": "577", "type": "Feature", "properties": {"id": 425, "codigo": "0099", "numero": "226", "fl_rural": 0, "Destinação": "NÃO ATRIBUÍDO"}, "geometry": {"type": "Polygon", "coordinates": [[[-51.96275367243957, -29.468506216700945], [-51.962710625831704, -29.468600455105854], [-51.96302687008798, -29.46870697634184], [-51.9630958793533, -29.46857403165584], [-51.96296712073793, -29.46852970051259], [-51.96294573061429, -29.468570908166384], [-51.96275367243957, -29.468506216700945]]]}}, {"id": "578", "type": "Feature", "properties": {"id": 451, "codigo": "0712", "numero": "24", "fl_rural": 0, "Destinação": "NÃO ATRIBUÍDO"}, "geometry": {"type": "Polygon", "coordinates": [[[-51.96322839870301, -29.468711538460273], [-51.96323190188493, -29.468506920467995], [-51.96320926121226, -29.468536986672405], [-51.96317358073904, -29.468743782137572], [-51.96322839870301, -29.468711538460273]]]}}, {"id": "579", "type": "Feature", "properties": {"id": 421, "codigo": "0013", "numero": "340", "fl_rural": 0, "Destinação": "NÃO ATRIBUÍDO"}, "geometry": {"type": "Polygon", "coordinates": [[[-51.96321798408143, -29.468338798735036], [-51.96302687008798, -29.46870697634184], [-51.96317152433794, -29.468755700203374], [-51.96320926121226, -29.468536986672405], [-51.96323190188493, -29.468506920467995], [-51.96323467549661, -29.468344916077555], [-51.96321798408143, -29.468338798735036]]]}}, {"id": "580", "type": "Feature", "properties": {"id": 466, "codigo": "0302", "numero": "215", "fl_rural": 0, "Destinação": "NÃO AFETADO"}, "geometry": {"type": "Polygon", "coordinates": [[[-51.96251412246987, -29.468510066554778], [-51.962134725133815, -29.46838146063827], [-51.962090289136434, -29.46847807994985], [-51.96246830035539, -29.468610666958043], [-51.96251412246987, -29.468510066554778]]]}}, {"id": "581", "type": "Feature", "properties": {"id": 422, "codigo": "0027", "numero": "328", "fl_rural": 0, "Destinação": "NÃO ATRIBUÍDO"}, "geometry": {"type": "Polygon", "coordinates": [[[-51.963090472326876, -29.468292066144038], [-51.96296712073793, -29.46852970051259], [-51.9630958793533, -29.46857403165584], [-51.96321798408143, -29.468338798735036], [-51.963090472326876, -29.468292066144038]]]}}, {"id": "582", "type": "Feature", "properties": {"id": 467, "codigo": "0315", "numero": "229", "fl_rural": 0, "Destinação": "NÃO ATRIBUÍDO"}, "geometry": {"type": "Polygon", "coordinates": [[[-51.96218480480479, -29.4682725699981], [-51.962134725133815, -29.46838146063827], [-51.96251412246987, -29.468510066554778], [-51.96256377514443, -29.468401056131963], [-51.96218480480479, -29.4682725699981]]]}}, {"id": "583", "type": "Feature", "properties": {"id": 423, "codigo": "0084", "numero": "238", "fl_rural": 0, "Destinação": "NÃO ATRIBUÍDO"}, "geometry": {"type": "Polygon", "coordinates": [[[-51.96275367243957, -29.468506216700945], [-51.96294573061429, -29.468570908166384], [-51.96299476437734, -29.46847644560091], [-51.962892802625284, -29.468441340430076], [-51.96296767144917, -29.468288743490206], [-51.962821445208306, -29.468357846871516], [-51.96275367243957, -29.468506216700945]]]}}, {"id": "584", "type": "Feature", "properties": {"id": 424, "codigo": "0088", "numero": "312", "fl_rural": 0, "Destinação": "NÃO ATRIBUÍDO"}, "geometry": {"type": "Polygon", "coordinates": [[[-51.963090472326876, -29.468292066144038], [-51.96301734927878, -29.468265266814743], [-51.96296767144917, -29.468288743490206], [-51.962892802625284, -29.468441340430076], [-51.96299476437734, -29.46847644560091], [-51.963090472326876, -29.468292066144038]]]}}, {"id": "585", "type": "Feature", "properties": {"id": 468, "codigo": "0337", "numero": "256", "fl_rural": 0, "Destinação": "NÃO ATRIBUÍDO"}, "geometry": {"type": "Polygon", "coordinates": [[[-51.962378905517305, -29.468338365234917], [-51.96256377514443, -29.468401056131963], [-51.96263520832052, -29.468244226738825], [-51.96261380520889, -29.468123791546255], [-51.96249407003745, -29.46808403825828], [-51.962378905517305, -29.468338365234917]]]}}, {"id": "586", "type": "Feature", "properties": {"id": 1178, "codigo": "0231", "numero": "174", "fl_rural": 0, "Destinação": "NÃO ATRIBUÍDO"}, "geometry": {"type": "Polygon", "coordinates": [[[-51.96868997259814, -29.470862020175687], [-51.96900598100182, -29.470972570728975], [-51.96904749501214, -29.470880212277287], [-51.96873150484033, -29.47076964426701], [-51.96868997259814, -29.470862020175687]]]}}, {"id": "587", "type": "Feature", "properties": {"id": 1179, "codigo": "0242", "numero": "227", "fl_rural": 0, "Destinação": "NÃO ATRIBUÍDO"}, "geometry": {"type": "Polygon", "coordinates": [[[-51.96911131718203, -29.47100942080366], [-51.96923585706966, -29.47073233170451], [-51.96913052331778, -29.470695494159543], [-51.96900598100182, -29.470972570728975], [-51.96911131718203, -29.47100942080366]]]}}, {"id": "588", "type": "Feature", "properties": {"id": 1177, "codigo": "0187", "numero": "363", "fl_rural": 0, "Destinação": "NÃO ATRIBUÍDO"}, "geometry": {"type": "Polygon", "coordinates": [[[-51.96873150484033, -29.47076964426701], [-51.96904749501214, -29.470880212277287], [-51.969089009151254, -29.47078785336039], [-51.968773037113294, -29.470677268435352], [-51.96873150484033, -29.47076964426701]]]}}, {"id": "589", "type": "Feature", "properties": {"id": 1166, "codigo": "0044", "numero": "1046", "fl_rural": 0, "Destinação": "NÃO ATRIBUÍDO"}, "geometry": {"type": "Polygon", "coordinates": [[[-51.96978304986032, -29.470599583940405], [-51.96965719230142, -29.470879680944602], [-51.96976252621653, -29.47091651797418], [-51.96988789202546, -29.470637496679647], [-51.96978304986032, -29.470599583940405]]]}}, {"id": "590", "type": "Feature", "properties": {"id": 1167, "codigo": "0055", "numero": "1034", "fl_rural": 0, "Destinação": "NÃO ATRIBUÍDO"}, "geometry": {"type": "Polygon", "coordinates": [[[-51.969678207770286, -29.470561671026324], [-51.96955185835638, -29.47084284374021], [-51.96965719230142, -29.470879680944602], [-51.96978304986032, -29.470599583940405], [-51.969678207770286, -29.470561671026324]]]}}, {"id": "591", "type": "Feature", "properties": {"id": 1176, "codigo": "0176", "numero": "200", "fl_rural": 0, "Destinação": "NÃO ATRIBUÍDO"}, "geometry": {"type": "Polygon", "coordinates": [[[-51.968773037113294, -29.470677268435352], [-51.969089009151254, -29.47078785336039], [-51.96913052331778, -29.470695494159543], [-51.968814569209954, -29.470584892591926], [-51.968773037113294, -29.470677268435352]]]}}, {"id": "592", "type": "Feature", "properties": {"id": 1168, "codigo": "0066", "numero": "1026", "fl_rural": 0, "Destinação": "NÃO ATRIBUÍDO"}, "geometry": {"type": "Polygon", "coordinates": [[[-51.96957336575709, -29.470523758117903], [-51.96944652458853, -29.47080600644973], [-51.96955185835638, -29.47084284374021], [-51.969678207770286, -29.470561671026324], [-51.96957336575709, -29.470523758117903]]]}}, {"id": "593", "type": "Feature", "properties": {"id": 963, "codigo": "0277", "numero": "195", "fl_rural": 0, "Destinação": "NÃO ATRIBUÍDO"}, "geometry": {"type": "Polygon", "coordinates": [[[-51.96854671070444, -29.470812638085754], [-51.96867075785801, -29.470534935967173], [-51.968562849324535, -29.47049954486016], [-51.968442163781376, -29.470777588821143], [-51.96854671070444, -29.470812638085754]]]}}, {"id": "594", "type": "Feature", "properties": {"id": 1169, "codigo": "0077", "numero": "1014", "fl_rural": 0, "Destinação": "NÃO ATRIBUÍDO"}, "geometry": {"type": "Polygon", "coordinates": [[[-51.969468523819856, -29.47048584512483], [-51.96934119079249, -29.470769169164907], [-51.96944652458853, -29.47080600644973], [-51.96957336575709, -29.470523758117903], [-51.969468523819856, -29.47048584512483]]]}}, {"id": "595", "type": "Feature", "properties": {"id": 1170, "codigo": "0088", "numero": "1002", "fl_rural": 0, "Destinação": "NÃO ATRIBUÍDO"}, "geometry": {"type": "Polygon", "coordinates": [[[-51.96936368195775, -29.470447931956933], [-51.96923585706966, -29.47073233170451], [-51.96934119079249, -29.470769169164907], [-51.969468523819856, -29.47048584512483], [-51.96936368195775, -29.470447931956933]]]}}, {"id": "596", "type": "Feature", "properties": {"id": 1175, "codigo": "0165", "numero": "210", "fl_rural": 0, "Destinação": "NÃO ATRIBUÍDO"}, "geometry": {"type": "Polygon", "coordinates": [[[-51.968814569209954, -29.470584892591926], [-51.96913052331778, -29.470695494159543], [-51.96917203761313, -29.470603134493487], [-51.96885610123341, -29.470492516735977], [-51.968814569209954, -29.470584892591926]]]}}, {"id": "597", "type": "Feature", "properties": {"id": 1171, "codigo": "0099", "numero": "987", "fl_rural": 0, "Destinação": "NÃO ATRIBUÍDO"}, "geometry": {"type": "Polygon", "coordinates": [[[-51.96925884017249, -29.470410018794645], [-51.96913052331778, -29.470695494159543], [-51.96923585706966, -29.47073233170451], [-51.96936368195775, -29.470447931956933], [-51.96925884017249, -29.470410018794645]]]}}, {"id": "598", "type": "Feature", "properties": {"id": 1174, "codigo": "0154", "numero": "216", "fl_rural": 0, "Destinação": "NÃO ATRIBUÍDO"}, "geometry": {"type": "Polygon", "coordinates": [[[-51.96885610123341, -29.470492516735977], [-51.96917203761313, -29.470603134493487], [-51.969212104071616, -29.470513996063303], [-51.96889763318283, -29.4704001407773], [-51.96885610123341, -29.470492516735977]]]}}, {"id": "599", "type": "Feature", "properties": {"id": 1172, "codigo": "0143", "numero": "980", "fl_rural": 0, "Destinação": "NÃO ATRIBUÍDO"}, "geometry": {"type": "Polygon", "coordinates": [[[-51.968944327276205, -29.470296283044615], [-51.96889763318283, -29.4704001407773], [-51.969212104071616, -29.470513996063303], [-51.96925884017249, -29.470410018794645], [-51.968944327276205, -29.470296283044615]]]}}, {"id": "600", "type": "Feature", "properties": {"id": 964, "codigo": "0322", "numero": "932", "fl_rural": 0, "Destinação": "NÃO ATRIBUÍDO"}, "geometry": {"type": "Polygon", "coordinates": [[[-51.96868709666391, -29.470213293102066], [-51.968562849324535, -29.47049954486016], [-51.96867075785801, -29.470534935967173], [-51.96879743970366, -29.470251334081183], [-51.96868709666391, -29.470213293102066]]]}}, {"id": "601", "type": "Feature", "properties": {"id": 965, "codigo": "0333", "numero": "920", "fl_rural": 0, "Destinação": "NÃO ATRIBUÍDO"}, "geometry": {"type": "Polygon", "coordinates": [[[-51.96858066646388, -29.47017660098547], [-51.96845274720833, -29.470463434208064], [-51.968562849324535, -29.47049954486016], [-51.96868709666391, -29.470213293102066], [-51.96858066646388, -29.47017660098547]]]}}, {"id": "602", "type": "Feature", "properties": {"id": 1148, "codigo": "0225", "numero": "1015", "fl_rural": 0, "Destinação": "NÃO ATRIBUÍDO"}, "geometry": {"type": "Polygon", "coordinates": [[[-51.969524617329554, -29.470361758620523], [-51.96962974787525, -29.470399059130962], [-51.969761081657445, -29.470117215490934], [-51.96965557186649, -29.47008074206467], [-51.969524617329554, -29.470361758620523]]]}}, {"id": "603", "type": "Feature", "properties": {"id": 1147, "codigo": "0214", "numero": "1003", "fl_rural": 0, "Destinação": "NÃO ATRIBUÍDO"}, "geometry": {"type": "Polygon", "coordinates": [[[-51.969419486755626, -29.47032445802578], [-51.969524617329554, -29.470361758620523], [-51.96965557186649, -29.47008074206467], [-51.969550062045826, -29.470044268553558], [-51.969419486755626, -29.47032445802578]]]}}, {"id": "604", "type": "Feature", "properties": {"id": 1146, "codigo": "0203", "numero": "989", "fl_rural": 0, "Destinação": "NÃO ATRIBUÍDO"}, "geometry": {"type": "Polygon", "coordinates": [[[-51.96931435625659, -29.470287157346004], [-51.969419486755626, -29.47032445802578], [-51.96955578201338, -29.47003199467209], [-51.969450657050025, -29.469994695949357], [-51.96931435625659, -29.470287157346004]]]}}, {"id": "605", "type": "Feature", "properties": {"id": 1145, "codigo": "0192", "numero": "977", "fl_rural": 0, "Destinação": "NÃO ATRIBUÍDO"}, "geometry": {"type": "Polygon", "coordinates": [[[-51.96920922583245, -29.47024985658121], [-51.96931435625659, -29.470287157346004], [-51.969450657050025, -29.469994695949357], [-51.96934553216157, -29.469957397141588], [-51.96920922583245, -29.47024985658121]]]}}, {"id": "606", "type": "Feature", "properties": {"id": 1151, "codigo": "0361", "numero": "1083", "fl_rural": 0, "Destinação": "ÁREA VERDE"}, "geometry": {"type": "Polygon", "coordinates": [[[-51.97042750348864, -29.470575215820745], [-51.97017764110401, -29.47041556029263], [-51.97017636815827, -29.47040587789904], [-51.969994144316004, -29.470342355845887], [-51.9699212469394, -29.47050248271558], [-51.97038933761458, -29.47065905201911], [-51.97042750348864, -29.470575215820745]]]}}, {"id": "607", "type": "Feature", "properties": {"id": 1150, "codigo": "0255", "numero": "0", "fl_rural": 0, "Destinação": "NÃO ATRIBUÍDO"}, "geometry": {"type": "Polygon", "coordinates": [[[-51.969859124133116, -29.470480441691958], [-51.9699212469394, -29.47050248271558], [-51.969985747743294, -29.470360799832182], [-51.96992362501041, -29.470338758746312], [-51.969859124133116, -29.470480441691958]]]}}, {"id": "608", "type": "Feature", "properties": {"id": 1149, "codigo": "0249", "numero": "1033", "fl_rural": 0, "Destinação": "NÃO ATRIBUÍDO"}, "geometry": {"type": "Polygon", "coordinates": [[[-51.969859124133116, -29.470480441691958], [-51.96998866647504, -29.470195888244593], [-51.969761081657445, -29.470117215490934], [-51.96962974787525, -29.470399059130962], [-51.969859124133116, -29.470480441691958]]]}}, {"id": "609", "type": "Feature", "properties": {"id": 1164, "codigo": "0750", "numero": "1044", "fl_rural": 0, "Destinação": "NÃO ATRIBUÍDO"}, "geometry": {"type": "Polygon", "coordinates": [[[-51.96992362501041, -29.470338758746312], [-51.969985747743294, -29.470360799832182], [-51.970051011778885, -29.470217440076823], [-51.96998866647504, -29.470195888244593], [-51.96992362501041, -29.470338758746312]]]}}, {"id": "610", "type": "Feature", "properties": {"id": 1152, "codigo": "0403", "numero": "0", "fl_rural": 0, "Destinação": "NÃO ATRIBUÍDO"}, "geometry": {"type": "Polygon", "coordinates": [[[-51.97022373477825, -29.470277147471048], [-51.9702856385881, -29.470141141481857], [-51.97045451938125, -29.47000856232566], [-51.97011507799311, -29.46988286853137], [-51.969974765047965, -29.470191082771336], [-51.97022373477825, -29.470277147471048]]]}}, {"id": "611", "type": "Feature", "properties": {"id": 1136, "codigo": "0011", "numero": "0", "fl_rural": 0, "Destinação": "NÃO ATRIBUÍDO"}, "geometry": {"type": "Polygon", "coordinates": [[[-51.969974765047965, -29.470191082771336], [-51.97011507799311, -29.46988286853137], [-51.9700108014183, -29.46984425512966], [-51.96986947860861, -29.47015468676509], [-51.969974765047965, -29.470191082771336]]]}}, {"id": "612", "type": "Feature", "properties": {"id": 1137, "codigo": "0022", "numero": "0", "fl_rural": 0, "Destinação": "NÃO ATRIBUÍDO"}, "geometry": {"type": "Polygon", "coordinates": [[[-51.96986947860861, -29.47015468676509], [-51.9700108014183, -29.46984425512966], [-51.96990630602463, -29.469805560483437], [-51.969761081657445, -29.470117215490934], [-51.96986947860861, -29.47015468676509]]]}}, {"id": "613", "type": "Feature", "properties": {"id": 1153, "codigo": "0465", "numero": "0", "fl_rural": 0, "Destinação": "NÃO AFETADO"}, "geometry": {"type": "Polygon", "coordinates": [[[-51.97017860543815, -29.469906392603047], [-51.97045451938125, -29.47000856232566], [-51.970432279997965, -29.469955212321356], [-51.970437253848765, -29.46990639414623], [-51.97048971117677, -29.469770533567562], [-51.97027092844934, -29.469706867584456], [-51.97017860543815, -29.469906392603047]]]}}, {"id": "614", "type": "Feature", "properties": {"id": 1163, "codigo": "0749", "numero": "0", "fl_rural": 0, "Destinação": "NÃO ATRIBUÍDO"}, "geometry": {"type": "Polygon", "coordinates": [[[-51.97048971117677, -29.469770533567562], [-51.97050965433499, -29.46972769335715], [-51.97053397096507, -29.469693309213284], [-51.97056771964847, -29.469667779770866], [-51.97060505153699, -29.469661558530746], [-51.9706416539774, -29.469667984165852], [-51.97071247963508, -29.469698699930635], [-51.97075670146257, -29.469702095427298], [-51.97080250933834, -29.469693581406247], [-51.97082957344524, -29.46967999868495], [-51.97084485165697, -29.469664703234766], [-51.97033780973499, -29.4695171540762], [-51.97032027851666, -29.46960021376379], [-51.97027092844934, -29.469706867584456], [-51.97048971117677, -29.469770533567562]]]}}, {"id": "615", "type": "Feature", "properties": {"id": 1119, "codigo": "0106", "numero": "1031", "fl_rural": 0, "Destinação": "NÃO ATRIBUÍDO"}, "geometry": {"type": "Polygon", "coordinates": [[[-51.96991498987967, -29.46966051418725], [-51.96999736749726, -29.46968449117539], [-51.97003964407298, -29.469685724070313], [-51.97007106893164, -29.469679436928757], [-51.9701115175549, -29.469658651669068], [-51.970144947496934, -29.469632953548228], [-51.97017898357463, -29.469580233508093], [-51.970190399650654, -29.469533605225184], [-51.970190595934675, -29.469463164770772], [-51.9700084669204, -29.469418408526167], [-51.96998109111839, -29.469536526110687], [-51.96991498987967, -29.46966051418725]]]}}, {"id": "616", "type": "Feature", "properties": {"id": 1144, "codigo": "0181", "numero": "967", "fl_rural": 0, "Destinação": "NÃO ATRIBUÍDO"}, "geometry": {"type": "Polygon", "coordinates": [[[-51.96920922583245, -29.47024985658121], [-51.969357215528454, -29.469932329154982], [-51.969249129008624, -29.469893979441295], [-51.969104095483225, -29.470212555731365], [-51.96920922583245, -29.47024985658121]]]}}, {"id": "617", "type": "Feature", "properties": {"id": 1143, "codigo": "0170", "numero": "250", "fl_rural": 0, "Destinação": "NÃO ATRIBUÍDO"}, "geometry": {"type": "Polygon", "coordinates": [[[-51.969104095483225, -29.470212555731365], [-51.969249129008624, -29.469893979441295], [-51.9691469668489, -29.46985773165653], [-51.96899896520887, -29.470175254796498], [-51.969104095483225, -29.470212555731365]]]}}, {"id": "618", "type": "Feature", "properties": {"id": 993, "codigo": "0278", "numero": "271", "fl_rural": 0, "Destinação": "NÃO ATRIBUÍDO"}, "geometry": {"type": "Polygon", "coordinates": [[[-51.96886233296383, -29.470117130845658], [-51.96895639557997, -29.469907072994225], [-51.968857122817454, -29.469870388451984], [-51.96875874715691, -29.470078928009556], [-51.96886233296383, -29.470117130845658]]]}}, {"id": "619", "type": "Feature", "properties": {"id": 992, "codigo": "0242", "numero": "919", "fl_rural": 0, "Destinação": "NÃO ATRIBUÍDO"}, "geometry": {"type": "Polygon", "coordinates": [[[-51.96866371433368, -29.47004387949598], [-51.96875874715691, -29.470078928009556], [-51.968857122817454, -29.469870388451984], [-51.96875756302936, -29.4698335978083], [-51.96866371433368, -29.47004387949598]]]}}, {"id": "620", "type": "Feature", "properties": {"id": 1138, "codigo": "0033", "numero": "1012", "fl_rural": 0, "Destinação": "NÃO ATRIBUÍDO"}, "geometry": {"type": "Polygon", "coordinates": [[[-51.96965557186649, -29.47008074206467], [-51.969761081657445, -29.470117215490934], [-51.96990630602463, -29.469805560483437], [-51.96980183420259, -29.469766874516285], [-51.96965557186649, -29.47008074206467]]]}}, {"id": "621", "type": "Feature", "properties": {"id": 1139, "codigo": "0044", "numero": "1010", "fl_rural": 0, "Destinação": "NÃO ATRIBUÍDO"}, "geometry": {"type": "Polygon", "coordinates": [[[-51.969550062045826, -29.470044268553558], [-51.96965557186649, -29.47008074206467], [-51.96980183420259, -29.469766874516285], [-51.96969736245872, -29.469728188555315], [-51.969550062045826, -29.470044268553558]]]}}, {"id": "622", "type": "Feature", "properties": {"id": 991, "codigo": "0232", "numero": "0", "fl_rural": 0, "Destinação": "NÃO ATRIBUÍDO"}, "geometry": {"type": "Polygon", "coordinates": [[[-51.96866371433368, -29.47004387949598], [-51.96877625129578, -29.469795247727255], [-51.96857432168499, -29.46971958583947], [-51.968456141469765, -29.469970694181193], [-51.96866371433368, -29.47004387949598]]]}}, {"id": "623", "type": "Feature", "properties": {"id": 1140, "codigo": "0055", "numero": "590", "fl_rural": 0, "Destinação": "NÃO ATRIBUÍDO"}, "geometry": {"type": "Polygon", "coordinates": [[[-51.969450657050025, -29.469994695949357], [-51.96955578201338, -29.47003199467209], [-51.96969736245872, -29.469728188555315], [-51.96959289079131, -29.46968950242005], [-51.969450657050025, -29.469994695949357]]]}}, {"id": "624", "type": "Feature", "properties": {"id": 995, "codigo": "0292", "numero": "285", "fl_rural": 0, "Destinação": "NÃO ATRIBUÍDO"}, "geometry": {"type": "Polygon", "coordinates": [[[-51.96891013662527, -29.46975824330341], [-51.96886499431333, -29.46985370220894], [-51.968963920548, -29.469890268338244], [-51.96900699270334, -29.469794080661874], [-51.96891013662527, -29.46975824330341]]]}}, {"id": "625", "type": "Feature", "properties": {"id": 1141, "codigo": "0066", "numero": "0", "fl_rural": 0, "Destinação": "NÃO ATRIBUÍDO"}, "geometry": {"type": "Polygon", "coordinates": [[[-51.96934553216157, -29.469957397141588], [-51.969450657050025, -29.469994695949357], [-51.96959289079131, -29.46968950242005], [-51.96948841930434, -29.469650816199948], [-51.96934553216157, -29.469957397141588]]]}}, {"id": "626", "type": "Feature", "properties": {"id": 14048, "codigo": "0732", "numero": "188", "fl_rural": 0, "Destinação": "NÃO ATRIBUÍDO"}, "geometry": {"type": "Polygon", "coordinates": [[[-51.972224058834826, -29.470110488881865], [-51.972278343677566, -29.470106890560533], [-51.97222223826838, -29.47009051461536], [-51.972224058834826, -29.470110488881865]]]}}, {"id": "627", "type": "Feature", "properties": {"id": 35937, "codigo": "0152", "numero": null, "fl_rural": 0, "Destinação": "NÃO ATRIBUÍDO"}, "geometry": {"type": "Polygon", "coordinates": [[[-51.971870455324066, -29.46963893372243], [-51.97188046265607, -29.46974687119544], [-51.97205691797077, -29.469734343646234], [-51.9720211742164, -29.469628231758158], [-51.971870455324066, -29.46963893372243]]]}}, {"id": "628", "type": "Feature", "properties": {"id": 35938, "codigo": "0140", "numero": null, "fl_rural": 0, "Destinação": "NÃO ATRIBUÍDO"}, "geometry": {"type": "Polygon", "coordinates": [[[-51.97202116784151, -29.46962821283313], [-51.971976495685794, -29.46949559534866], [-51.971857946219025, -29.469504011831653], [-51.971870455324066, -29.46963893372243], [-51.97202116784151, -29.46962821283313]]]}}, {"id": "629", "type": "Feature", "properties": {"id": 35939, "codigo": "0131", "numero": null, "fl_rural": 0, "Destinação": "NÃO ATRIBUÍDO"}, "geometry": {"type": "Polygon", "coordinates": [[[-51.971857946219025, -29.469504011831653], [-51.971860448118946, -29.469530996155424], [-51.97198543147973, -29.469522122891274], [-51.971976495685794, -29.46949559534866], [-51.971857946219025, -29.469504011831653]]]}}, {"id": "630", "type": "Feature", "properties": {"id": 35940, "codigo": "0128", "numero": null, "fl_rural": 0, "Destinação": "NÃO ATRIBUÍDO"}, "geometry": {"type": "Polygon", "coordinates": [[[-51.971845437152446, -29.46936908993625], [-51.971857946219025, -29.469504011831653], [-51.971976495685794, -29.46949559534866], [-51.97195967527654, -29.469445660879924], [-51.972033167851265, -29.46935576190019], [-51.971845437152446, -29.46936908993625]]]}}, {"id": "631", "type": "Feature", "properties": {"id": 1162, "codigo": "0727", "numero": "396", "fl_rural": 0, "Destinação": "NÃO ATRIBUÍDO"}, "geometry": {"type": "Polygon", "coordinates": [[[-51.97084485165697, -29.469664703234766], [-51.97085651002977, -29.46965303169162], [-51.970913813828105, -29.46952167202127], [-51.97038193564464, -29.469379320663496], [-51.9703387074626, -29.46937818136044], [-51.97033780973499, -29.4695171540762], [-51.97084485165697, -29.469664703234766]]]}}, {"id": "632", "type": "Feature", "properties": {"id": 1118, "codigo": "0061", "numero": "1021", "fl_rural": 0, "Destinação": "NÃO ATRIBUÍDO"}, "geometry": {"type": "Polygon", "coordinates": [[[-51.96991498987967, -29.46966051418725], [-51.96998109111839, -29.469536526110687], [-51.970019893375095, -29.469353622197858], [-51.96996291610367, -29.469353082684663], [-51.96994639428373, -29.469346722494002], [-51.96980699190936, -29.46961875882223], [-51.96991498987967, -29.46966051418725]]]}}, {"id": "633", "type": "Feature", "properties": {"id": 1117, "codigo": "0056", "numero": "1009", "fl_rural": 0, "Destinação": "NÃO ATRIBUÍDO"}, "geometry": {"type": "Polygon", "coordinates": [[[-51.96980699190936, -29.46961875882223], [-51.96994639428373, -29.469346722494002], [-51.969847419292535, -29.469308621266823], [-51.96972161207314, -29.46958574824443], [-51.96980699190936, -29.46961875882223]]]}}, {"id": "634", "type": "Feature", "properties": {"id": 1120, "codigo": "0116", "numero": "0", "fl_rural": 0, "Destinação": "NÃO ATRIBUÍDO"}, "geometry": {"type": "Polygon", "coordinates": [[[-51.970185061808984, -29.46935498091315], [-51.970019893375095, -29.469353622197858], [-51.9700084669204, -29.469418408526167], [-51.970190595934675, -29.469463164770772], [-51.970185061808984, -29.46935498091315]]]}}, {"id": "635", "type": "Feature", "properties": {"id": 1161, "codigo": "0719", "numero": "448", "fl_rural": 0, "Destinação": "NÃO ATRIBUÍDO"}, "geometry": {"type": "Polygon", "coordinates": [[[-51.97083501156264, -29.469500581596368], [-51.97081651169286, -29.469352222247053], [-51.97031861988377, -29.4692348657462], [-51.9703387074626, -29.46937818136044], [-51.97038193564464, -29.469379320663496], [-51.97083501156264, -29.469500581596368]]]}}, {"id": "636", "type": "Feature", "properties": {"id": 1121, "codigo": "0128", "numero": "435", "fl_rural": 0, "Destinação": "NÃO ATRIBUÍDO"}, "geometry": {"type": "Polygon", "coordinates": [[[-51.97017936838719, -29.469243680013292], [-51.96983764875683, -29.46921158159131], [-51.969831925344074, -29.469302656702553], [-51.96996291610367, -29.469353082684663], [-51.970185061808984, -29.46935498091315], [-51.97017936838719, -29.469243680013292]]]}}, {"id": "637", "type": "Feature", "properties": {"id": 1160, "codigo": "0703", "numero": "430", "fl_rural": 0, "Destinação": "NÃO ATRIBUÍDO"}, "geometry": {"type": "Polygon", "coordinates": [[[-51.97077052497644, -29.469261152328357], [-51.9703162753207, -29.469162700070516], [-51.97031861988377, -29.4692348657462], [-51.97081651169286, -29.469352222247053], [-51.97077052497644, -29.469261152328357]]]}}, {"id": "638", "type": "Feature", "properties": {"id": 1122, "codigo": "0138", "numero": "0", "fl_rural": 0, "Destinação": "NÃO AFETADO"}, "geometry": {"type": "Polygon", "coordinates": [[[-51.970174756639985, -29.469153526749864], [-51.969843297194814, -29.46912169945392], [-51.96983764875683, -29.46921158159131], [-51.97017936838719, -29.469243680013292], [-51.970174756639985, -29.469153526749864]]]}}, {"id": "639", "type": "Feature", "properties": {"id": 1159, "codigo": "0695", "numero": "0", "fl_rural": 0, "Destinação": "NÃO ATRIBUÍDO"}, "geometry": {"type": "Polygon", "coordinates": [[[-51.97075444616845, -29.469167543178283], [-51.97031935884823, -29.469090555733104], [-51.9703162753207, -29.469162700070516], [-51.97077052497644, -29.469261152328357], [-51.97075444616845, -29.469167543178283]]]}}, {"id": "640", "type": "Feature", "properties": {"id": 1158, "codigo": "0687", "numero": "448", "fl_rural": 0, "Destinação": "NÃO ATRIBUÍDO"}, "geometry": {"type": "Polygon", "coordinates": [[[-51.97076619151962, -29.469099790405146], [-51.97032876055597, -29.46901883127075], [-51.97031935884823, -29.469090555733104], [-51.97075444616845, -29.469167543178283], [-51.97076619151962, -29.469099790405146]]]}}, {"id": "641", "type": "Feature", "properties": {"id": 1116, "codigo": "0041", "numero": "989", "fl_rural": 0, "Destinação": "NÃO ATRIBUÍDO"}, "geometry": {"type": "Polygon", "coordinates": [[[-51.96972161207314, -29.46958574824443], [-51.969847419292535, -29.469308621266823], [-51.96971312925437, -29.46925692498284], [-51.96958011627171, -29.4695310411886], [-51.96972161207314, -29.46958574824443]]]}}, {"id": "642", "type": "Feature", "properties": {"id": 1113, "codigo": "0014", "numero": "967", "fl_rural": 0, "Destinação": "NÃO ATRIBUÍDO"}, "geometry": {"type": "Polygon", "coordinates": [[[-51.969464021959276, -29.469486155121327], [-51.969537190956196, -29.469317273027364], [-51.96940507085792, -29.469266327447013], [-51.96933195936963, -29.46943509498178], [-51.969464021959276, -29.469486155121327]]]}}, {"id": "643", "type": "Feature", "properties": {"id": 1115, "codigo": "0026", "numero": "0", "fl_rural": 0, "Destinação": "NÃO ATRIBUÍDO"}, "geometry": {"type": "Polygon", "coordinates": [[[-51.96958011627171, -29.4695310411886], [-51.96971312925437, -29.46925692498284], [-51.96958474895188, -29.469207503579245], [-51.96952982849368, -29.46933426641005], [-51.969626993414984, -29.469371833536805], [-51.969561182245116, -29.469523720702757], [-51.96958011627171, -29.4695310411886]]]}}, {"id": "644", "type": "Feature", "properties": {"id": 1018, "codigo": "0301", "numero": "931", "fl_rural": 0, "Destinação": "NÃO ATRIBUÍDO"}, "geometry": {"type": "Polygon", "coordinates": [[[-51.96929563365559, -29.469223364079653], [-51.96914843999021, -29.469162705042155], [-51.96906298682277, -29.46933170842371], [-51.969219070070956, -29.469391010837818], [-51.96929563365559, -29.469223364079653]]]}}, {"id": "645", "type": "Feature", "properties": {"id": 1134, "codigo": "0413", "numero": "0", "fl_rural": 0, "Destinação": "NÃO ATRIBUÍDO"}, "geometry": {"type": "Polygon", "coordinates": [[[-51.969560970067015, -29.46926238803388], [-51.96942883201086, -29.46921147807352], [-51.96940507085792, -29.469266327447013], [-51.969537190956196, -29.469317273027364], [-51.969560970067015, -29.46926238803388]]]}}, {"id": "646", "type": "Feature", "properties": {"id": 1135, "codigo": "0419", "numero": "382", "fl_rural": 0, "Destinação": "NÃO ATRIBUÍDO"}, "geometry": {"type": "Polygon", "coordinates": [[[-51.96958474895188, -29.469207503579245], [-51.969452593241236, -29.46915662860499], [-51.96942883201086, -29.46921147807352], [-51.969560970067015, -29.46926238803388], [-51.96958474895188, -29.469207503579245]]]}}, {"id": "647", "type": "Feature", "properties": {"id": 1133, "codigo": "0406", "numero": "398", "fl_rural": 0, "Destinação": "NÃO ATRIBUÍDO"}, "geometry": {"type": "Polygon", "coordinates": [[[-51.969452593241236, -29.46915662860499], [-51.96958474895188, -29.469207503579245], [-51.969831925344074, -29.469302656702553], [-51.96983930709811, -29.469185194296067], [-51.96950000572621, -29.469047182785808], [-51.969452593241236, -29.46915662860499]]]}}, {"id": "648", "type": "Feature", "properties": {"id": 1019, "codigo": "0311", "numero": "383", "fl_rural": 0, "Destinação": "NÃO ATRIBUÍDO"}, "geometry": {"type": "Polygon", "coordinates": [[[-51.96934791856893, -29.469108878286857], [-51.969201312341234, -29.4690551559854], [-51.96914843999021, -29.469162705042155], [-51.96929563365559, -29.469223364079653], [-51.96934791856893, -29.469108878286857]]]}}, {"id": "649", "type": "Feature", "properties": {"id": 1132, "codigo": "0395", "numero": "0", "fl_rural": 0, "Destinação": "NÃO ATRIBUÍDO"}, "geometry": {"type": "Polygon", "coordinates": [[[-51.96950000572621, -29.469047182785808], [-51.96983930709811, -29.469185194296067], [-51.96984553592312, -29.469086076239527], [-51.96954021686006, -29.468954360682513], [-51.96950000572621, -29.469047182785808]]]}}, {"id": "650", "type": "Feature", "properties": {"id": 1020, "codigo": "0328", "numero": "399", "fl_rural": 0, "Destinação": "NÃO ATRIBUÍDO"}, "geometry": {"type": "Polygon", "coordinates": [[[-51.96939970722878, -29.46899547904799], [-51.96925278953975, -29.468943845029944], [-51.969201312341234, -29.4690551559854], [-51.96934791856893, -29.469108878286857], [-51.96939970722878, -29.46899547904799]]]}}, {"id": "651", "type": "Feature", "properties": {"id": 35941, "codigo": "0113", "numero": null, "fl_rural": 0, "Destinação": "NÃO ATRIBUÍDO"}, "geometry": {"type": "Polygon", "coordinates": [[[-51.972033167851265, -29.46935576190019], [-51.97214223135784, -29.46922235117119], [-51.97214129719332, -29.469212275227143], [-51.97183292812431, -29.469234168036227], [-51.971845437152446, -29.46936908993625], [-51.972033167851265, -29.46935576190019]]]}}, {"id": "653", "type": "Feature", "properties": {"id": 35942, "codigo": "0098", "numero": null, "fl_rural": 0, "Destinação": "NÃO ATRIBUÍDO"}, "geometry": {"type": "Polygon", "coordinates": [[[-51.97214129719332, -29.469212275227143], [-51.972131289655096, -29.469104337770315], [-51.971822920909204, -29.46912623054912], [-51.97183292812431, -29.469234168036227], [-51.97214129719332, -29.469212275227143]]]}}, {"id": "654", "type": "Feature", "properties": {"id": 14034, "codigo": "0634", "numero": "76", "fl_rural": 0, "Destinação": "NÃO ATRIBUÍDO"}, "geometry": {"type": "Polygon", "coordinates": [[[-51.97213175558551, -29.469109363268394], [-51.97214217951036, -29.46922179196405], [-51.97214271949735, -29.469221754059934], [-51.972240859964785, -29.469101704817845], [-51.97213175558551, -29.469109363268394]]]}}, {"id": "655", "type": "Feature", "properties": {"id": 35943, "codigo": "0086", "numero": null, "fl_rural": 0, "Destinação": "NÃO ATRIBUÍDO"}, "geometry": {"type": "Polygon", "coordinates": [[[-51.972131289655096, -29.469104337770315], [-51.97212128214149, -29.46899640031054], [-51.971812913821836, -29.469018293058276], [-51.971822920909204, -29.46912623054912], [-51.972131289655096, -29.469104337770315]]]}}, {"id": "656", "type": "Feature", "properties": {"id": 14032, "codigo": "0621", "numero": "76", "fl_rural": 0, "Destinação": "NÃO ATRIBUÍDO"}, "geometry": {"type": "Polygon", "coordinates": [[[-51.97212152526998, -29.468998924446723], [-51.97213175558551, -29.469109363268394], [-51.972240859964785, -29.469101704817845], [-51.972337263430084, -29.468983780344402], [-51.97212152526998, -29.468998924446723]]]}}, {"id": "657", "type": "Feature", "properties": {"id": 35944, "codigo": "0074", "numero": null, "fl_rural": 0, "Destinação": "NÃO ATRIBUÍDO"}, "geometry": {"type": "Polygon", "coordinates": [[[-51.97212128214149, -29.46899640031054], [-51.97211127465163, -29.468888462757562], [-51.97180290665596, -29.468910355565228], [-51.971812913821836, -29.469018293058276], [-51.97212128214149, -29.46899640031054]]]}}, {"id": "658", "type": "Feature", "properties": {"id": 14030, "codigo": "0609", "numero": "64", "fl_rural": 0, "Destinação": "NÃO ATRIBUÍDO"}, "geometry": {"type": "Polygon", "coordinates": [[[-51.97242089408094, -29.46886475290471], [-51.97211109278647, -29.46888650113213], [-51.97212152526998, -29.468998924446723], [-51.972337263430084, -29.468983780344402], [-51.97242206430498, -29.46888004861145], [-51.97242089408094, -29.46886475290471]]]}}, {"id": "659", "type": "Feature", "properties": {"id": 14028, "codigo": "0599", "numero": "0", "fl_rural": 0, "Destinação": "NÃO ATRIBUÍDO"}, "geometry": {"type": "Polygon", "coordinates": [[[-51.97241917192302, -29.468842242463918], [-51.97210892165602, -29.46886402212283], [-51.97211109278647, -29.46888650113213], [-51.97242089408094, -29.46886475290471], [-51.97241917192302, -29.468842242463918]]]}}, {"id": "660", "type": "Feature", "properties": {"id": 1123, "codigo": "0150", "numero": "0", "fl_rural": 0, "Destinação": "NÃO ATRIBUÍDO"}, "geometry": {"type": "Polygon", "coordinates": [[[-51.970174756639985, -29.469153526749864], [-51.97017815053965, -29.46903357263144], [-51.96984997806069, -29.469015388603985], [-51.969843297194814, -29.46912169945392], [-51.970174756639985, -29.469153526749864]]]}}, {"id": "661", "type": "Feature", "properties": {"id": 1157, "codigo": "0677", "numero": "0", "fl_rural": 0, "Destinação": "NÃO ATRIBUÍDO"}, "geometry": {"type": "Polygon", "coordinates": [[[-51.9707945529276, -29.46900885326523], [-51.970349569703295, -29.468930443971814], [-51.97032876055597, -29.46901883127075], [-51.97076619151962, -29.469099790405146], [-51.9707945529276, -29.46900885326523]]]}}, {"id": "662", "type": "Feature", "properties": {"id": 1156, "codigo": "0665", "numero": "0", "fl_rural": 0, "Destinação": "NÃO ATRIBUÍDO"}, "geometry": {"type": "Polygon", "coordinates": [[[-51.97061663088807, -29.468868369180566], [-51.97047182515623, -29.46884331489723], [-51.970349569703295, -29.468930443971814], [-51.97059220471753, -29.46897319821771], [-51.97061663088807, -29.468868369180566]]]}}, {"id": "663", "type": "Feature", "properties": {"id": 1155, "codigo": "0648", "numero": "468", "fl_rural": 0, "Destinação": "NÃO ATRIBUÍDO"}, "geometry": {"type": "Polygon", "coordinates": [[[-51.97059220471753, -29.46897319821771], [-51.9707945529276, -29.46900885326523], [-51.970862064168614, -29.468839792984788], [-51.97061665262337, -29.468756861103035], [-51.97047182515623, -29.46884331489723], [-51.97061663088807, -29.468868369180566], [-51.97059220471753, -29.46897319821771]]]}}, {"id": "664", "type": "Feature", "properties": {"id": 1131, "codigo": "0384", "numero": "467", "fl_rural": 0, "Destinação": "NÃO ATRIBUÍDO"}, "geometry": {"type": "Polygon", "coordinates": [[[-51.97019004405834, -29.468973154519237], [-51.97021645289919, -29.468896584913164], [-51.9702446171978, -29.468853876846897], [-51.96988859770067, -29.46854122946152], [-51.96966827023138, -29.46865876430738], [-51.96954021686006, -29.468954360682513], [-51.96984553592312, -29.469086076239527], [-51.96984997806069, -29.469015388603985], [-51.97017815053965, -29.46903357263144], [-51.97019004405834, -29.468973154519237]]]}}, {"id": "665", "type": "Feature", "properties": {"id": 1154, "codigo": "0630", "numero": "0", "fl_rural": 0, "Destinação": "NÃO AFETADO"}, "geometry": {"type": "Polygon", "coordinates": [[[-51.970852302150696, -29.46863253440493], [-51.97079153334886, -29.468663202297126], [-51.97061665262337, -29.468756861103035], [-51.970862064168614, -29.468839792984788], [-51.97093678137038, -29.468764659500028], [-51.970852302150696, -29.46863253440493]]]}}, {"id": "666", "type": "Feature", "properties": {"id": 1125, "codigo": "0220", "numero": "0", "fl_rural": 0, "Destinação": "NÃO ATRIBUÍDO"}, "geometry": {"type": "Polygon", "coordinates": [[[-51.97032624643018, -29.468784944598614], [-51.97041079857936, -29.46874048843556], [-51.97042381036197, -29.46872049697056], [-51.97043269361864, -29.468690357775188], [-51.97043194580407, -29.468663032126468], [-51.97042481785753, -29.468648272736026], [-51.970358928338655, -29.468590307568792], [-51.97023842954607, -29.46870195466258], [-51.97032624643018, -29.468784944598614]]]}}, {"id": "667", "type": "Feature", "properties": {"id": 1124, "codigo": "0179", "numero": "490", "fl_rural": 0, "Destinação": "NÃO ATRIBUÍDO"}, "geometry": {"type": "Polygon", "coordinates": [[[-51.9702446171978, -29.468853876846897], [-51.9702896893913, -29.4688081211492], [-51.97032624643018, -29.468784944598614], [-51.97000168869845, -29.468478225463272], [-51.96988859770067, -29.46854122946152], [-51.9702446171978, -29.468853876846897]]]}}, {"id": "668", "type": "Feature", "properties": {"id": 1126, "codigo": "0242", "numero": "936", "fl_rural": 0, "Destinação": "NÃO ATRIBUÍDO"}, "geometry": {"type": "Polygon", "coordinates": [[[-51.97015902774141, -29.468626917040787], [-51.97023842954607, -29.46870195466258], [-51.970358928338655, -29.468590307568792], [-51.970263878135285, -29.4685066884825], [-51.97015902774141, -29.468626917040787]]]}}, {"id": "669", "type": "Feature", "properties": {"id": 1127, "codigo": "0262", "numero": "912", "fl_rural": 0, "Destinação": "NÃO ATRIBUÍDO"}, "geometry": {"type": "Polygon", "coordinates": [[[-51.97013518952134, -29.46839373666003], [-51.970016638461715, -29.468492353536398], [-51.97015902774141, -29.468626917040787], [-51.970263878135285, -29.4685066884825], [-51.97013518952134, -29.46839373666003]]]}}, {"id": "670", "type": "Feature", "properties": {"id": 1129, "codigo": "0333", "numero": "480", "fl_rural": 0, "Destinação": "NÃO ATRIBUÍDO"}, "geometry": {"type": "Polygon", "coordinates": [[[-51.969782625562246, -29.468596843535092], [-51.97000168869845, -29.468478225463272], [-51.96982061160445, -29.46830709962423], [-51.96973105162407, -29.468513840026937], [-51.969782625562246, -29.468596843535092]]]}}, {"id": "671", "type": "Feature", "properties": {"id": 1099, "codigo": "1825", "numero": "0", "fl_rural": 0, "Destinação": "NÃO ATRIBUÍDO"}, "geometry": {"type": "Polygon", "coordinates": [[[-51.97060733193583, -29.468549433402686], [-51.970670741427675, -29.468541172350314], [-51.97087312928072, -29.46846525861982], [-51.970744300760686, -29.468341808401302], [-51.97070094801769, -29.468281368424197], [-51.97044885980191, -29.46847654064985], [-51.97049965145202, -29.468516282814175], [-51.970527813794234, -29.468531771416856], [-51.970558682890804, -29.468542613147978], [-51.97060733193583, -29.468549433402686]]]}}, {"id": "672", "type": "Feature", "properties": {"id": 1128, "codigo": "0308", "numero": "492", "fl_rural": 0, "Destinação": "NÃO ATRIBUÍDO"}, "geometry": {"type": "Polygon", "coordinates": [[[-51.96987827346355, -29.468173992385612], [-51.96982061160445, -29.46830709962423], [-51.970016638461715, -29.468492353536398], [-51.97013518952134, -29.46839373666003], [-51.96987827346355, -29.468173992385612]]]}}, {"id": "673", "type": "Feature", "properties": {"id": 1098, "codigo": "1765", "numero": "943", "fl_rural": 0, "Destinação": "NÃO ATRIBUÍDO"}, "geometry": {"type": "Polygon", "coordinates": [[[-51.97064190355404, -29.468178502512412], [-51.970395164851986, -29.468433590881425], [-51.97044885980191, -29.46847654064985], [-51.97070094801769, -29.468281368424197], [-51.97066499759688, -29.468231248111554], [-51.97064190355404, -29.468178502512412]]]}}, {"id": "674", "type": "Feature", "properties": {"id": 1097, "codigo": "1759", "numero": "0", "fl_rural": 0, "Destinação": "NÃO AFETADO"}, "geometry": {"type": "Polygon", "coordinates": [[[-51.97059390353169, -29.468068872898424], [-51.97031125940139, -29.46836647626811], [-51.970395164851986, -29.468433590881425], [-51.97064190355404, -29.468178502512412], [-51.97059390353169, -29.468068872898424]]]}}, {"id": "675", "type": "Feature", "properties": {"id": 1096, "codigo": "1754", "numero": "925", "fl_rural": 0, "Destinação": "NÃO ATRIBUÍDO"}, "geometry": {"type": "Polygon", "coordinates": [[[-51.970496718724725, -29.468026988119735], [-51.9702236994522, -29.468296438169876], [-51.97031125940139, -29.46836647626811], [-51.97059390353169, -29.468068872898424], [-51.970496718724725, -29.468026988119735]]]}}, {"id": "676", "type": "Feature", "properties": {"id": 1095, "codigo": "1742", "numero": "0", "fl_rural": 0, "Destinação": "NÃO ATRIBUÍDO"}, "geometry": {"type": "Polygon", "coordinates": [[[-51.97040726591195, -29.467988435560287], [-51.97014758126246, -29.468235552174118], [-51.9702236994522, -29.468296438169876], [-51.970496718724725, -29.468026988119735], [-51.97040726591195, -29.467988435560287]]]}}, {"id": "677", "type": "Feature", "properties": {"id": 1094, "codigo": "1731", "numero": "899", "fl_rural": 0, "Destinação": "NÃO ATRIBUÍDO"}, "geometry": {"type": "Polygon", "coordinates": [[[-51.97040726591195, -29.467988435560287], [-51.9702853415094, -29.46793187858466], [-51.97005018482535, -29.46816166011401], [-51.97014758126246, -29.468235552174118], [-51.97040726591195, -29.467988435560287]]]}}, {"id": "678", "type": "Feature", "properties": {"id": 1093, "codigo": "1720", "numero": "889", "fl_rural": 0, "Destinação": "NÃO ATRIBUÍDO"}, "geometry": {"type": "Polygon", "coordinates": [[[-51.97017418415317, -29.46785576443885], [-51.969952364649714, -29.468087788034264], [-51.97005018482535, -29.46816166011401], [-51.9702853415094, -29.46793187858466], [-51.97017418415317, -29.46785576443885]]]}}, {"id": "679", "type": "Feature", "properties": {"id": 1092, "codigo": "1710", "numero": "0", "fl_rural": 0, "Destinação": "NÃO ATRIBUÍDO"}, "geometry": {"type": "Polygon", "coordinates": [[[-51.970071876335126, -29.467785709738454], [-51.969864603317625, -29.468024929826488], [-51.969952364649714, -29.468087788034264], [-51.97017418415317, -29.46785576443885], [-51.970071876335126, -29.467785709738454]]]}}, {"id": "680", "type": "Feature", "properties": {"id": 972, "codigo": "0432", "numero": "828", "fl_rural": 0, "Destinação": "NÃO ATRIBUÍDO"}, "geometry": {"type": "Polygon", "coordinates": [[[-51.96763282450774, -29.46984982457004], [-51.967500682230664, -29.470151176551894], [-51.96771313225938, -29.470220856557482], [-51.96784391410169, -29.46992260025439], [-51.96763282450774, -29.46984982457004]]]}}, {"id": "681", "type": "Feature", "properties": {"id": 973, "codigo": "0444", "numero": "808", "fl_rural": 0, "Destinação": "NÃO ATRIBUÍDO"}, "geometry": {"type": "Polygon", "coordinates": [[[-51.967514806363894, -29.469809136243985], [-51.96738087860778, -29.470111882770475], [-51.967500682230664, -29.470151176551894], [-51.96763282450774, -29.46984982457004], [-51.967514806363894, -29.469809136243985]]]}}, {"id": "682", "type": "Feature", "properties": {"id": 974, "codigo": "0457", "numero": "792", "fl_rural": 0, "Destinação": "NÃO ATRIBUÍDO"}, "geometry": {"type": "Polygon", "coordinates": [[[-51.9673967883108, -29.469768447720593], [-51.96722761289903, -29.4701307421066], [-51.9673541726662, -29.470172251926048], [-51.967514806363894, -29.469809136243985], [-51.9673967883108, -29.469768447720593]]]}}, {"id": "683", "type": "Feature", "properties": {"id": 990, "codigo": "0210", "numero": "881", "fl_rural": 0, "Destinação": "NÃO ATRIBUÍDO"}, "geometry": {"type": "Polygon", "coordinates": [[[-51.96853480861809, -29.469803542975352], [-51.96837987961551, -29.469743789789653], [-51.9682978950223, -29.46991595541558], [-51.968456141469765, -29.469970694181193], [-51.96853480861809, -29.469803542975352]]]}}, {"id": "684", "type": "Feature", "properties": {"id": 989, "codigo": "0194", "numero": "869", "fl_rural": 0, "Destinação": "NÃO ATRIBUÍDO"}, "geometry": {"type": "Polygon", "coordinates": [[[-51.9682978950223, -29.46991595541558], [-51.968429463940346, -29.469639663916887], [-51.96832573598433, -29.469601758496268], [-51.96819330942656, -29.469879898973677], [-51.9682978950223, -29.46991595541558]]]}}, {"id": "685", "type": "Feature", "properties": {"id": 988, "codigo": "0166", "numero": "845", "fl_rural": 0, "Destinação": "NÃO ATRIBUÍDO"}, "geometry": {"type": "Polygon", "coordinates": [[[-51.96818797764897, -29.46948139168909], [-51.968083566793844, -29.469440120240378], [-51.96793851957816, -29.4697934079892], [-51.96803466657176, -29.469826046198243], [-51.96818797764897, -29.46948139168909]]]}}, {"id": "686", "type": "Feature", "properties": {"id": 987, "codigo": "0156", "numero": "831", "fl_rural": 0, "Destinação": "NÃO ATRIBUÍDO"}, "geometry": {"type": "Polygon", "coordinates": [[[-51.968083566793844, -29.469440120240378], [-51.96798904452229, -29.469402569216506], [-51.96782998061841, -29.469756563189108], [-51.96793851957816, -29.4697934079892], [-51.968083566793844, -29.469440120240378]]]}}, {"id": "687", "type": "Feature", "properties": {"id": 986, "codigo": "0145", "numero": "819", "fl_rural": 0, "Destinação": "NÃO ATRIBUÍDO"}, "geometry": {"type": "Polygon", "coordinates": [[[-51.96798904452229, -29.469402569216506], [-51.96787510679904, -29.46935772833224], [-51.96771460424261, -29.469717397239542], [-51.96782998061841, -29.469756563189108], [-51.96798904452229, -29.469402569216506]]]}}, {"id": "688", "type": "Feature", "properties": {"id": 1004, "codigo": "0410", "numero": "850", "fl_rural": 0, "Destinação": "NÃO ATRIBUÍDO"}, "geometry": {"type": "Polygon", "coordinates": [[[-51.96819330942656, -29.469879898973677], [-51.96838779139141, -29.46946653296427], [-51.96829986440486, -29.469433645407133], [-51.96839564809673, -29.46923393679881], [-51.96832359720173, -29.469206942708414], [-51.96818797764897, -29.46948139168909], [-51.96803466657176, -29.469826046198243], [-51.96819330942656, -29.469879898973677]]]}}, {"id": "689", "type": "Feature", "properties": {"id": 983, "codigo": "0107", "numero": "783", "fl_rural": 0, "Destinação": "NÃO ATRIBUÍDO"}, "geometry": {"type": "Polygon", "coordinates": [[[-51.96746462257953, -29.46963253731483], [-51.9675623968478, -29.469403682919875], [-51.96745758884682, -29.4693658982853], [-51.96735943702512, -29.469595361899884], [-51.96746462257953, -29.46963253731483]]]}}, {"id": "690", "type": "Feature", "properties": {"id": 994, "codigo": "0280", "numero": "0", "fl_rural": 0, "Destinação": "NÃO ATRIBUÍDO"}, "geometry": {"type": "Polygon", "coordinates": [[[-51.96886499431333, -29.46985370220894], [-51.96891013662527, -29.46975824330341], [-51.968811986711415, -29.469721927148225], [-51.96875756209779, -29.469833597454098], [-51.96895639557997, -29.469907072994225], [-51.968963920548, -29.469890268338244], [-51.96886499431333, -29.46985370220894]]]}}, {"id": "691", "type": "Feature", "properties": {"id": 1142, "codigo": "0121", "numero": "966", "fl_rural": 0, "Destinação": "NÃO ATRIBUÍDO"}, "geometry": {"type": "Polygon", "coordinates": [[[-51.9691469668489, -29.46985773165653], [-51.969357215528454, -29.469932329154982], [-51.96948841930434, -29.469650816199948], [-51.969279476356085, -29.46957344350909], [-51.9691469668489, -29.46985773165653]]]}}, {"id": "692", "type": "Feature", "properties": {"id": 1002, "codigo": "0398", "numero": "0", "fl_rural": 0, "Destinação": "NÃO ATRIBUÍDO"}, "geometry": {"type": "Polygon", "coordinates": [[[-51.96853480861809, -29.469803542975352], [-51.96858505596464, -29.469696521983117], [-51.968429463940346, -29.469639663916887], [-51.96837987961551, -29.469743789789653], [-51.96853480861809, -29.469803542975352]]]}}, {"id": "693", "type": "Feature", "properties": {"id": 996, "codigo": "0294", "numero": "299", "fl_rural": 0, "Destinação": "NÃO ATRIBUÍDO"}, "geometry": {"type": "Polygon", "coordinates": [[[-51.968856697437374, -29.469630191367525], [-51.968811986711415, -29.469721927148225], [-51.96900699270334, -29.469794080661874], [-51.969014520280595, -29.469777270118], [-51.9689145285039, -29.469740272551864], [-51.968951307867826, -29.469665191024266], [-51.968856697437374, -29.469630191367525]]]}}, {"id": "694", "type": "Feature", "properties": {"id": 997, "codigo": "0334", "numero": "932", "fl_rural": 0, "Destinação": "NÃO ATRIBUÍDO"}, "geometry": {"type": "Polygon", "coordinates": [[[-51.96904213880848, -29.469479687027786], [-51.9689145285039, -29.469740272551864], [-51.969014520280595, -29.469777270118], [-51.96913185485771, -29.469515240122817], [-51.96904213880848, -29.469479687027786]]]}}, {"id": "695", "type": "Feature", "properties": {"id": 1000, "codigo": "0366", "numero": "894", "fl_rural": 0, "Destinação": "NÃO ATRIBUÍDO"}, "geometry": {"type": "Polygon", "coordinates": [[[-51.96874026068307, -29.46936304619161], [-51.96857432168499, -29.46971958583947], [-51.96877625129578, -29.469795247727255], [-51.96882682319397, -29.46969148624975], [-51.96873056070435, -29.469653209040228], [-51.96884454528062, -29.46940211620406], [-51.96874026068307, -29.46936304619161]]]}}, {"id": "696", "type": "Feature", "properties": {"id": 998, "codigo": "0344", "numero": "872", "fl_rural": 0, "Destinação": "NÃO ATRIBUÍDO"}, "geometry": {"type": "Polygon", "coordinates": [[[-51.968948195318454, -29.469442458538296], [-51.968856697437374, -29.469630191367525], [-51.968951307867826, -29.469665191024266], [-51.96904213880848, -29.469479687027786], [-51.968948195318454, -29.469442458538296]]]}}, {"id": "697", "type": "Feature", "properties": {"id": 999, "codigo": "0355", "numero": "860", "fl_rural": 0, "Destinação": "NÃO ATRIBUÍDO"}, "geometry": {"type": "Polygon", "coordinates": [[[-51.96884454528062, -29.46940211620406], [-51.96873056070435, -29.469653209040228], [-51.96882682319397, -29.46969148624975], [-51.968948195318454, -29.469442458538296], [-51.96884454528062, -29.46940211620406]]]}}, {"id": "698", "type": "Feature", "properties": {"id": 1001, "codigo": "0394", "numero": "880", "fl_rural": 0, "Destinação": "NÃO ATRIBUÍDO"}, "geometry": {"type": "Polygon", "coordinates": [[[-51.96848002355728, -29.469265548243673], [-51.96832573598433, -29.469601758496268], [-51.96858505596464, -29.469696521983117], [-51.96874026068307, -29.46936304619161], [-51.96848002355728, -29.469265548243673]]]}}, {"id": "699", "type": "Feature", "properties": {"id": 1114, "codigo": "0024", "numero": "977", "fl_rural": 0, "Destinação": "NÃO ATRIBUÍDO"}, "geometry": {"type": "Polygon", "coordinates": [[[-51.969561182245116, -29.469523720702757], [-51.969626993414984, -29.469371833536805], [-51.96952982849368, -29.46933426641005], [-51.969464021959276, -29.469486155121327], [-51.969561182245116, -29.469523720702757]]]}}, {"id": "700", "type": "Feature", "properties": {"id": 887, "codigo": "0104", "numero": "229", "fl_rural": 0, "Destinação": "NÃO ATRIBUÍDO"}, "geometry": {"type": "Polygon", "coordinates": [[[-51.96670103718355, -29.469803506617428], [-51.966810876635826, -29.46984645286588], [-51.966934101351434, -29.469599192040164], [-51.966818889170455, -29.46955965825172], [-51.96670103718355, -29.469803506617428]]]}}, {"id": "701", "type": "Feature", "properties": {"id": 888, "codigo": "0116", "numero": "720", "fl_rural": 0, "Destinação": "NÃO ATRIBUÍDO"}, "geometry": {"type": "Polygon", "coordinates": [[[-51.966594169546084, -29.469761722186156], [-51.96670103718355, -29.469803506617428], [-51.966818889170455, -29.46955965825172], [-51.96671039774957, -29.469522430437916], [-51.966594169546084, -29.469761722186156]]]}}, {"id": "702", "type": "Feature", "properties": {"id": 891, "codigo": "0155", "numero": "674", "fl_rural": 0, "Destinação": "NÃO ATRIBUÍDO"}, "geometry": {"type": "Polygon", "coordinates": [[[-51.966260776528856, -29.469918595078664], [-51.9664713328827, -29.469440397069917], [-51.96632930846719, -29.46939166225732], [-51.966139484862886, -29.46983739319541], [-51.966260776528856, -29.469918595078664]]]}}, {"id": "703", "type": "Feature", "properties": {"id": 893, "codigo": "0166", "numero": "668", "fl_rural": 0, "Destinação": "NÃO ATRIBUÍDO"}, "geometry": {"type": "Polygon", "coordinates": [[[-51.966139484862886, -29.46983739319541], [-51.96632930846719, -29.46939166225732], [-51.966222257563494, -29.46935492823836], [-51.96604483576039, -29.469771537101035], [-51.966139484862886, -29.46983739319541]]]}}, {"id": "704", "type": "Feature", "properties": {"id": 982, "codigo": "0095", "numero": "769", "fl_rural": 0, "Destinação": "NÃO ATRIBUÍDO"}, "geometry": {"type": "Polygon", "coordinates": [[[-51.96717987018781, -29.469530762178245], [-51.96735943702512, -29.469595361899884], [-51.96741583367213, -29.46946351543685], [-51.96723888447204, -29.469399781269303], [-51.96717987018781, -29.469530762178245]]]}}, {"id": "705", "type": "Feature", "properties": {"id": 895, "codigo": "0181", "numero": "648", "fl_rural": 0, "Destinação": "NÃO ATRIBUÍDO"}, "geometry": {"type": "Polygon", "coordinates": [[[-51.966222257563494, -29.46935492823836], [-51.96608784395144, -29.469308804604694], [-51.965994570981735, -29.469527821257003], [-51.96612762057005, -29.469577148351114], [-51.966222257563494, -29.46935492823836]]]}}, {"id": "706", "type": "Feature", "properties": {"id": 981, "codigo": "0062", "numero": "290", "fl_rural": 0, "Destinação": "NÃO ATRIBUÍDO"}, "geometry": {"type": "Polygon", "coordinates": [[[-51.96723888447204, -29.469399781269303], [-51.96741583367213, -29.46946351543685], [-51.96745758884682, -29.4693658982853], [-51.96728257792967, -29.469302804370223], [-51.96723888447204, -29.469399781269303]]]}}, {"id": "707", "type": "Feature", "properties": {"id": 859, "codigo": "0016", "numero": "719", "fl_rural": 0, "Destinação": "NÃO ATRIBUÍDO"}, "geometry": {"type": "Polygon", "coordinates": [[[-51.966841571499096, -29.469249333073698], [-51.96677274761905, -29.469390571762517], [-51.96699334812186, -29.469466839873032], [-51.96705727188378, -29.46932981862401], [-51.966841571499096, -29.469249333073698]]]}}, {"id": "708", "type": "Feature", "properties": {"id": 860, "codigo": "0037", "numero": "309", "fl_rural": 0, "Destinação": "NÃO ATRIBUÍDO"}, "geometry": {"type": "Polygon", "coordinates": [[[-51.966922462913864, -29.469083329439894], [-51.966841571499096, -29.469249333073698], [-51.96705727188378, -29.46932981862401], [-51.96713522739903, -29.469162719489304], [-51.966922462913864, -29.469083329439894]]]}}, {"id": "709", "type": "Feature", "properties": {"id": 877, "codigo": "0386", "numero": "699", "fl_rural": 0, "Destinação": "NÃO ATRIBUÍDO"}, "geometry": {"type": "Polygon", "coordinates": [[[-51.96695073005325, -29.469025319978957], [-51.96681838026444, -29.468979538648597], [-51.9666403875129, -29.46934481073438], [-51.96677274761905, -29.469390571762517], [-51.96695073005325, -29.469025319978957]]]}}, {"id": "710", "type": "Feature", "properties": {"id": 985, "codigo": "0133", "numero": "805", "fl_rural": 0, "Destinação": "NÃO ATRIBUÍDO"}, "geometry": {"type": "Polygon", "coordinates": [[[-51.967880105341, -29.46932938584355], [-51.967749100941305, -29.469275689429793], [-51.96757038397157, -29.469668439680742], [-51.96771460424261, -29.469717397239542], [-51.96787510679904, -29.46935772833224], [-51.967867927075744, -29.469354890310008], [-51.967880105341, -29.46932938584355]]]}}, {"id": "711", "type": "Feature", "properties": {"id": 984, "codigo": "0118", "numero": "791", "fl_rural": 0, "Destinação": "NÃO ATRIBUÍDO"}, "geometry": {"type": "Polygon", "coordinates": [[[-51.96757038397157, -29.469668439680742], [-51.96771108542739, -29.46935923312465], [-51.967599763721665, -29.46931622032796], [-51.96746462257953, -29.46963253731483], [-51.96757038397157, -29.469668439680742]]]}}, {"id": "712", "type": "Feature", "properties": {"id": 1003, "codigo": "0403", "numero": "856", "fl_rural": 0, "Destinação": "NÃO ATRIBUÍDO"}, "geometry": {"type": "Polygon", "coordinates": [[[-51.96848002355728, -29.469265548243673], [-51.96839564809673, -29.46923393679881], [-51.96829986440486, -29.469433645407133], [-51.96838779139141, -29.46946653296427], [-51.96848002355728, -29.469265548243673]]]}}, {"id": "713", "type": "Feature", "properties": {"id": 1005, "codigo": "0421", "numero": "842", "fl_rural": 0, "Destinação": "NÃO ATRIBUÍDO"}, "geometry": {"type": "Polygon", "coordinates": [[[-51.96821599480166, -29.46916662908496], [-51.968083566793844, -29.469440120240378], [-51.96818797764897, -29.46948139168909], [-51.96832359720173, -29.469206942708414], [-51.96821599480166, -29.46916662908496]]]}}, {"id": "714", "type": "Feature", "properties": {"id": 980, "codigo": "0050", "numero": "308", "fl_rural": 0, "Destinação": "NÃO ATRIBUÍDO"}, "geometry": {"type": "Polygon", "coordinates": [[[-51.96728257792967, -29.469302804370223], [-51.9675623968478, -29.469403682919875], [-51.967599763721665, -29.46931622032796], [-51.96732446011814, -29.46920984730363], [-51.96728257792967, -29.469302804370223]]]}}, {"id": "715", "type": "Feature", "properties": {"id": 1006, "codigo": "0432", "numero": "830", "fl_rural": 0, "Destinação": "NÃO ATRIBUÍDO"}, "geometry": {"type": "Polygon", "coordinates": [[[-51.96811171067324, -29.46912755847727], [-51.96798904452229, -29.469402569216506], [-51.968083566793844, -29.469440120240378], [-51.96821599480166, -29.46916662908496], [-51.96811171067324, -29.46912755847727]]]}}, {"id": "716", "type": "Feature", "properties": {"id": 979, "codigo": "0039", "numero": "0", "fl_rural": 0, "Destinação": "NÃO ATRIBUÍDO"}, "geometry": {"type": "Polygon", "coordinates": [[[-51.96732446011814, -29.46920984730363], [-51.96771108542739, -29.46935923312465], [-51.967749100941305, -29.469275689429793], [-51.96735978694043, -29.469131439792246], [-51.96732446011814, -29.46920984730363]]]}}, {"id": "717", "type": "Feature", "properties": {"id": 1007, "codigo": "0445", "numero": "820", "fl_rural": 0, "Destinação": "NÃO ATRIBUÍDO"}, "geometry": {"type": "Polygon", "coordinates": [[[-51.96799699824337, -29.46908458078409], [-51.967867927075744, -29.469354890310008], [-51.96798904452229, -29.469402569216506], [-51.96811171067324, -29.46912755847727], [-51.96799699824337, -29.46908458078409]]]}}, {"id": "718", "type": "Feature", "properties": {"id": 1008, "codigo": "0456", "numero": "810", "fl_rural": 0, "Destinação": "NÃO ATRIBUÍDO"}, "geometry": {"type": "Polygon", "coordinates": [[[-51.967896628062796, -29.469046690028524], [-51.96777420207046, -29.46928597794269], [-51.967880105341, -29.46932938584355], [-51.96799699824337, -29.46908458078409], [-51.967896628062796, -29.469046690028524]]]}}, {"id": "719", "type": "Feature", "properties": {"id": 978, "codigo": "0027", "numero": "330", "fl_rural": 0, "Destinação": "NÃO ATRIBUÍDO"}, "geometry": {"type": "Polygon", "coordinates": [[[-51.96735978694043, -29.469131439792246], [-51.967672951087984, -29.469244476791665], [-51.96772177082176, -29.46914762032], [-51.96761954782675, -29.469108697862108], [-51.967624107027405, -29.469099377518443], [-51.96758222018432, -29.46908333478913], [-51.967546287631464, -29.469158220462944], [-51.967376962789864, -29.469093318024814], [-51.96735978694043, -29.469131439792246]]]}}, {"id": "720", "type": "Feature", "properties": {"id": 900, "codigo": "0244", "numero": "632", "fl_rural": 0, "Destinação": "NÃO ATRIBUÍDO"}, "geometry": {"type": "Polygon", "coordinates": [[[-51.96612762057005, -29.469577148351114], [-51.965994570981735, -29.469527821257003], [-51.96608784395144, -29.469308804604694], [-51.96585428836607, -29.469228660401562], [-51.96571010186884, -29.469538630577908], [-51.96604483576039, -29.469771537101035], [-51.96612762057005, -29.469577148351114]]]}}, {"id": "721", "type": "Feature", "properties": {"id": 534, "codigo": "0361", "numero": "191", "fl_rural": 0, "Destinação": "NÃO ATRIBUÍDO"}, "geometry": {"type": "Polygon", "coordinates": [[[-51.96493877331858, -29.46935070158439], [-51.96507289156039, -29.469499519519598], [-51.96520376987452, -29.469411588054953], [-51.965291640261476, -29.469509088669174], [-51.96524426654362, -29.469543963016626], [-51.965277471156185, -29.469572412228842], [-51.9653225591187, -29.469535180510803], [-51.965475626249805, -29.469672027786903], [-51.96570787486677, -29.46917347281547], [-51.96551995514188, -29.469108045933936], [-51.96546283106242, -29.469230680018004], [-51.96529418495852, -29.469171963256432], [-51.965133551496, -29.469330759235994], [-51.965071287541555, -29.469261671095463], [-51.96493877331858, -29.46935070158439]]]}}, {"id": "722", "type": "Feature", "properties": {"id": 529, "codigo": "0119", "numero": "167", "fl_rural": 0, "Destinação": "NÃO ATRIBUÍDO"}, "geometry": {"type": "Polygon", "coordinates": [[[-51.96483870443339, -29.46914203095926], [-51.964377479874216, -29.46945190520804], [-51.964529777331805, -29.469625486150804], [-51.96499357861195, -29.46931388035163], [-51.96483870443339, -29.46914203095926]]]}}, {"id": "723", "type": "Feature", "properties": {"id": 536, "codigo": "0396", "numero": "546", "fl_rural": 0, "Destinação": "NÃO ATRIBUÍDO"}, "geometry": {"type": "Polygon", "coordinates": [[[-51.9653513092123, -29.46904932923983], [-51.9652395246031, -29.469010409490515], [-51.96516151745073, -29.469057607614754], [-51.965071287541555, -29.469261671095463], [-51.965133551496, -29.469330759235994], [-51.96529418495852, -29.469171963256432], [-51.9653513092123, -29.46904932923983]]]}}, {"id": "724", "type": "Feature", "properties": {"id": 535, "codigo": "0374", "numero": "560", "fl_rural": 0, "Destinação": "NÃO ATRIBUÍDO"}, "geometry": {"type": "Polygon", "coordinates": [[[-51.96529418495852, -29.469171963256432], [-51.96546283106242, -29.469230680018004], [-51.96551995514188, -29.469108045933936], [-51.9653513092123, -29.46904932923983], [-51.96529418495852, -29.469171963256432]]]}}, {"id": "725", "type": "Feature", "properties": {"id": 537, "codigo": "0405", "numero": "530", "fl_rural": 0, "Destinação": "NÃO ATRIBUÍDO"}, "geometry": {"type": "Polygon", "coordinates": [[[-51.96499357861195, -29.46931388035163], [-51.965071287541555, -29.469261671095463], [-51.96516151745073, -29.469057607614754], [-51.96513914988346, -29.4690711410817], [-51.96503443641799, -29.46901052703825], [-51.96483870443339, -29.46914203095926], [-51.96499357861195, -29.46931388035163]]]}}, {"id": "726", "type": "Feature", "properties": {"id": 873, "codigo": "0319", "numero": "268", "fl_rural": 0, "Destinação": "NÃO ATRIBUÍDO"}, "geometry": {"type": "Polygon", "coordinates": [[[-51.966001042435366, -29.468910296989783], [-51.96591814221877, -29.46909510484155], [-51.96612724200674, -29.46916739867945], [-51.966212803352576, -29.468983521861727], [-51.966001042435366, -29.468910296989783]]]}}, {"id": "727", "type": "Feature", "properties": {"id": 539, "codigo": "0446", "numero": "0", "fl_rural": 0, "Destinação": "NÃO ATRIBUÍDO"}, "geometry": {"type": "Polygon", "coordinates": [[[-51.96483209905893, -29.46889340279431], [-51.964724390923124, -29.468831055267234], [-51.964705421652305, -29.46882445069451], [-51.96452260774811, -29.468983498244945], [-51.96459725706004, -29.469047680866858], [-51.96483209905893, -29.46889340279431]]]}}, {"id": "728", "type": "Feature", "properties": {"id": 542, "codigo": "0023", "numero": "573", "fl_rural": 0, "Destinação": "NÃO ATRIBUÍDO"}, "geometry": {"type": "Polygon", "coordinates": [[[-51.965767571392355, -29.46902896194291], [-51.96584819438745, -29.46884926720833], [-51.965630915177854, -29.468773599141564], [-51.965617395693634, -29.46878177908759], [-51.96553623574416, -29.468951961583635], [-51.965767571392355, -29.46902896194291]]]}}, {"id": "729", "type": "Feature", "properties": {"id": 567, "codigo": "0436", "numero": "559", "fl_rural": 0, "Destinação": "NÃO ATRIBUÍDO"}, "geometry": {"type": "Polygon", "coordinates": [[[-51.96553623574416, -29.468951961583635], [-51.965617395693634, -29.46878177908759], [-51.9654762268125, -29.468867193132184], [-51.965449484911915, -29.46892308633203], [-51.96553623574416, -29.468951961583635]]]}}, {"id": "730", "type": "Feature", "properties": {"id": 876, "codigo": "0372", "numero": "691", "fl_rural": 0, "Destinação": "NÃO ATRIBUÍDO"}, "geometry": {"type": "Polygon", "coordinates": [[[-51.9666793172303, -29.468931434987827], [-51.96650131353151, -29.46929672836453], [-51.9666403875129, -29.46934481073438], [-51.96681838026444, -29.468979538648597], [-51.9666793172303, -29.468931434987827]]]}}, {"id": "731", "type": "Feature", "properties": {"id": 874, "codigo": "0330", "numero": "651", "fl_rural": 0, "Destinação": "NÃO ATRIBUÍDO"}, "geometry": {"type": "Polygon", "coordinates": [[[-51.966321770540674, -29.469021201484686], [-51.966212803352576, -29.468983521861727], [-51.96612724200674, -29.46916739867945], [-51.96623274998748, -29.469203876581005], [-51.966321770540674, -29.469021201484686]]]}}, {"id": "732", "type": "Feature", "properties": {"id": 875, "codigo": "0358", "numero": "675", "fl_rural": 0, "Destinação": "NÃO ATRIBUÍDO"}, "geometry": {"type": "Polygon", "coordinates": [[[-51.96641078188237, -29.468838544806108], [-51.96623274998748, -29.469203876581005], [-51.96650131353151, -29.46929672836453], [-51.9666793172303, -29.468931434987827], [-51.96641078188237, -29.468838544806108]]]}}, {"id": "733", "type": "Feature", "properties": {"id": 861, "codigo": "0053", "numero": "319", "fl_rural": 0, "Destinação": "NÃO ATRIBUÍDO"}, "geometry": {"type": "Polygon", "coordinates": [[[-51.966922462913864, -29.469083329439894], [-51.96713522739903, -29.469162719489304], [-51.96720538719079, -29.469012330185066], [-51.967001473643045, -29.468936242761774], [-51.966922462913864, -29.469083329439894]]]}}, {"id": "734", "type": "Feature", "properties": {"id": 872, "codigo": "0276", "numero": "286", "fl_rural": 0, "Destinação": "NÃO ATRIBUÍDO"}, "geometry": {"type": "Polygon", "coordinates": [[[-51.96636628419202, -29.468929856895592], [-51.96613028767816, -29.468848251787406], [-51.966127171256844, -29.468856404615668], [-51.96603574321459, -29.468832939165726], [-51.966001042435366, -29.468910296989783], [-51.966321770540674, -29.469021201484686], [-51.96636628419202, -29.468929856895592]]]}}, {"id": "735", "type": "Feature", "properties": {"id": 30969, "codigo": "0143", "numero": null, "fl_rural": 0, "Destinação": "NÃO ATRIBUÍDO"}, "geometry": {"type": "Polygon", "coordinates": [[[-51.96686328862973, -29.46889079013663], [-51.96672451068752, -29.46883868995112], [-51.9666793172303, -29.468931434987827], [-51.96681838026444, -29.468979538648597], [-51.96686328862973, -29.46889079013663]]]}}, {"id": "736", "type": "Feature", "properties": {"id": 862, "codigo": "0087", "numero": "734", "fl_rural": 0, "Destinação": "NÃO ATRIBUÍDO"}, "geometry": {"type": "Polygon", "coordinates": [[[-51.96720538719079, -29.469012330185066], [-51.967293476440254, -29.468823508033143], [-51.96719112096339, -29.46878508201476], [-51.96710156556486, -29.468973590681156], [-51.96720538719079, -29.469012330185066]]]}}, {"id": "737", "type": "Feature", "properties": {"id": 863, "codigo": "0098", "numero": "724", "fl_rural": 0, "Destinação": "NÃO ATRIBUÍDO"}, "geometry": {"type": "Polygon", "coordinates": [[[-51.96710156556486, -29.468973590681156], [-51.96719112096339, -29.46878508201476], [-51.96710582484203, -29.468753060300827], [-51.967001473643045, -29.468936242761774], [-51.96710156556486, -29.468973590681156]]]}}, {"id": "738", "type": "Feature", "properties": {"id": 864, "codigo": "0113", "numero": "706", "fl_rural": 0, "Destinação": "NÃO ATRIBUÍDO"}, "geometry": {"type": "Polygon", "coordinates": [[[-51.96695073005325, -29.469025319978957], [-51.96710582484203, -29.468753060300827], [-51.96696082138991, -29.468698623178447], [-51.96686328862973, -29.46889079013663], [-51.96672451068752, -29.46883868995112], [-51.9666793172303, -29.468931434987827], [-51.96695073005325, -29.469025319978957]]]}}, {"id": "739", "type": "Feature", "properties": {"id": 871, "codigo": "0265", "numero": "312", "fl_rural": 0, "Destinação": "NÃO ATRIBUÍDO"}, "geometry": {"type": "Polygon", "coordinates": [[[-51.96641078188237, -29.468838544806108], [-51.96649192980553, -29.468866615049002], [-51.96653919115548, -29.468773498038388], [-51.96620193793734, -29.468660808499195], [-51.96613028767816, -29.468848251787406], [-51.96636628419202, -29.468929856895592], [-51.96641078188237, -29.468838544806108]]]}}, {"id": "740", "type": "Feature", "properties": {"id": 1009, "codigo": "0467", "numero": "802", "fl_rural": 0, "Destinação": "NÃO ATRIBUÍDO"}, "geometry": {"type": "Polygon", "coordinates": [[[-51.96779324412449, -29.469005819779404], [-51.967672951087984, -29.469244476791665], [-51.96777420207046, -29.46928597794269], [-51.967896628062796, -29.469046690028524], [-51.96779324412449, -29.469005819779404]]]}}, {"id": "741", "type": "Feature", "properties": {"id": 977, "codigo": "0025", "numero": "330", "fl_rural": 0, "Destinação": "NÃO ATRIBUÍDO"}, "geometry": {"type": "Polygon", "coordinates": [[[-51.967376962789864, -29.469093318024814], [-51.967546287631464, -29.469158220462944], [-51.96758222018432, -29.46908333478913], [-51.96741100588798, -29.469017759352443], [-51.967376962789864, -29.469093318024814]]]}}, {"id": "742", "type": "Feature", "properties": {"id": 1010, "codigo": "0478", "numero": "786", "fl_rural": 0, "Destinação": "NÃO ATRIBUÍDO"}, "geometry": {"type": "Polygon", "coordinates": [[[-51.96768986420134, -29.468964951043635], [-51.96761954782675, -29.469108697862108], [-51.96772177082176, -29.46914762032], [-51.96779324412449, -29.469005819779404], [-51.96768986420134, -29.468964951043635]]]}}, {"id": "743", "type": "Feature", "properties": {"id": 976, "codigo": "0016", "numero": "340", "fl_rural": 0, "Destinação": "NÃO ATRIBUÍDO"}, "geometry": {"type": "Polygon", "coordinates": [[[-51.96741100588798, -29.469017759352443], [-51.967624107027405, -29.469099377518443], [-51.96765251475874, -29.46904130399054], [-51.9674374628342, -29.46895903818008], [-51.96741100588798, -29.469017759352443]]]}}, {"id": "744", "type": "Feature", "properties": {"id": 975, "codigo": "0010", "numero": "762", "fl_rural": 0, "Destinação": "NÃO ATRIBUÍDO"}, "geometry": {"type": "Polygon", "coordinates": [[[-51.967473361261646, -29.468879361495535], [-51.9674374628342, -29.46895903818008], [-51.96765251475874, -29.46904130399054], [-51.96768986420134, -29.468964951043635], [-51.967473361261646, -29.468879361495535]]]}}, {"id": "745", "type": "Feature", "properties": {"id": 1016, "codigo": "0157", "numero": "803", "fl_rural": 0, "Destinação": "NÃO ATRIBUÍDO"}, "geometry": {"type": "Polygon", "coordinates": [[[-51.968043584562814, -29.468620319389366], [-51.96791369083406, -29.468898984661752], [-51.96801787135578, -29.468938265737187], [-51.968148306178115, -29.46865843910877], [-51.968043584562814, -29.468620319389366]]]}}, {"id": "746", "type": "Feature", "properties": {"id": 1015, "codigo": "0146", "numero": "795", "fl_rural": 0, "Destinação": "NÃO ATRIBUÍDO"}, "geometry": {"type": "Polygon", "coordinates": [[[-51.96793886364514, -29.468582199851745], [-51.96780952384643, -29.468859676060095], [-51.96791369083406, -29.468898984661752], [-51.968043584562814, -29.468620319389366], [-51.96793886364514, -29.468582199851745]]]}}, {"id": "747", "type": "Feature", "properties": {"id": 1014, "codigo": "0135", "numero": "783", "fl_rural": 0, "Destinação": "NÃO ATRIBUÍDO"}, "geometry": {"type": "Polygon", "coordinates": [[[-51.96783412469292, -29.468544073592927], [-51.96770535693719, -29.468820367374832], [-51.96780952384643, -29.468859676060095], [-51.96793886364514, -29.468582199851745], [-51.96783412469292, -29.468544073592927]]]}}, {"id": "748", "type": "Feature", "properties": {"id": 1013, "codigo": "0124", "numero": "773", "fl_rural": 0, "Destinação": "NÃO ATRIBUÍDO"}, "geometry": {"type": "Polygon", "coordinates": [[[-51.967729385817044, -29.46850594724966], [-51.967601190105476, -29.468781058515713], [-51.96770535693719, -29.468820367374832], [-51.96783412469292, -29.468544073592927], [-51.967729385817044, -29.46850594724966]]]}}, {"id": "749", "type": "Feature", "properties": {"id": 1012, "codigo": "0112", "numero": "763", "fl_rural": 0, "Destinação": "NÃO ATRIBUÍDO"}, "geometry": {"type": "Polygon", "coordinates": [[[-51.96762296637265, -29.4684672090762], [-51.967502124315956, -29.468743674541905], [-51.967601190105476, -29.468781058515713], [-51.967729385817044, -29.46850594724966], [-51.96762296637265, -29.4684672090762]]]}}, {"id": "750", "type": "Feature", "properties": {"id": 865, "codigo": "0125", "numero": "698", "fl_rural": 0, "Destinação": "NÃO ATRIBUÍDO"}, "geometry": {"type": "Polygon", "coordinates": [[[-51.96696082138991, -29.468698623178447], [-51.96684709335945, -29.468655927376204], [-51.9667495604199, -29.46884809416595], [-51.96686328862973, -29.46889079013663], [-51.96696082138991, -29.468698623178447]]]}}, {"id": "751", "type": "Feature", "properties": {"id": 867, "codigo": "0147", "numero": "672", "fl_rural": 0, "Destinação": "NÃO ATRIBUÍDO"}, "geometry": {"type": "Polygon", "coordinates": [[[-51.9666453096252, -29.468808956090378], [-51.96674284272838, -29.46861678937227], [-51.96663859227853, -29.46857765128387], [-51.96649192980553, -29.468866615049002], [-51.9666793172303, -29.468931434987827], [-51.96672451068752, -29.46883868995112], [-51.9666453096252, -29.468808956090378]]]}}, {"id": "752", "type": "Feature", "properties": {"id": 866, "codigo": "0136", "numero": "684", "fl_rural": 0, "Destinação": "NÃO ATRIBUÍDO"}, "geometry": {"type": "Polygon", "coordinates": [[[-51.9666453096252, -29.468808956090378], [-51.9667495604199, -29.46884809416595], [-51.96684709335945, -29.468655927376204], [-51.96674284272838, -29.46861678937227], [-51.9666453096252, -29.468808956090378]]]}}, {"id": "753", "type": "Feature", "properties": {"id": 868, "codigo": "0158", "numero": "662", "fl_rural": 0, "Destinação": "NÃO ATRIBUÍDO"}, "geometry": {"type": "Polygon", "coordinates": [[[-51.96663859227853, -29.46857765128387], [-51.96653339406469, -29.46853815738445], [-51.96643769952193, -29.468739585797895], [-51.96653919115548, -29.468773498038388], [-51.96663859227853, -29.46857765128387]]]}}, {"id": "754", "type": "Feature", "properties": {"id": 869, "codigo": "0169", "numero": "656", "fl_rural": 0, "Destinação": "NÃO ATRIBUÍDO"}, "geometry": {"type": "Polygon", "coordinates": [[[-51.96653339406469, -29.46853815738445], [-51.96642440497401, -29.46849724012346], [-51.966326865352634, -29.468702551818318], [-51.96643769952193, -29.468739585797895], [-51.96653339406469, -29.46853815738445]]]}}, {"id": "755", "type": "Feature", "properties": {"id": 870, "codigo": "0243", "numero": "330", "fl_rural": 0, "Destinação": "NÃO ATRIBUÍDO"}, "geometry": {"type": "Polygon", "coordinates": [[[-51.96642440497401, -29.46849724012346], [-51.966284534411706, -29.468444728963334], [-51.96620193793734, -29.468660808499195], [-51.966326865352634, -29.468702551818318], [-51.96642440497401, -29.46849724012346]]]}}, {"id": "756", "type": "Feature", "properties": {"id": 845, "codigo": "0102", "numero": "725", "fl_rural": 0, "Destinação": "NÃO ATRIBUÍDO"}, "geometry": {"type": "Polygon", "coordinates": [[[-51.96724836608483, -29.468643012166996], [-51.96736952145143, -29.46839198409663], [-51.967298043439754, -29.468366126348673], [-51.96717726050267, -29.46861637949996], [-51.96724836608483, -29.468643012166996]]]}}, {"id": "757", "type": "Feature", "properties": {"id": 844, "codigo": "0094", "numero": "717", "fl_rural": 0, "Destinação": "NÃO ATRIBUÍDO"}, "geometry": {"type": "Polygon", "coordinates": [[[-51.96717726050267, -29.46861637949996], [-51.967298043439754, -29.468366126348673], [-51.96719923815098, -29.468330382644925], [-51.9670817882427, -29.468580620154157], [-51.96717726050267, -29.46861637949996]]]}}, {"id": "758", "type": "Feature", "properties": {"id": 843, "codigo": "0084", "numero": "707", "fl_rural": 0, "Destinação": "NÃO ATRIBUÍDO"}, "geometry": {"type": "Polygon", "coordinates": [[[-51.9670817882427, -29.468580620154157], [-51.967232784969475, -29.46825890794158], [-51.967128017077215, -29.468220843325547], [-51.96697675115606, -29.468541278315048], [-51.9670817882427, -29.468580620154157]]]}}, {"id": "759", "type": "Feature", "properties": {"id": 842, "codigo": "0073", "numero": "693", "fl_rural": 0, "Destinação": "NÃO ATRIBUÍDO"}, "geometry": {"type": "Polygon", "coordinates": [[[-51.96697675115606, -29.468541278315048], [-51.967128017077215, -29.468220843325547], [-51.96701867400635, -29.46818111640573], [-51.96687321228317, -29.468502497399857], [-51.96697675115606, -29.468541278315048]]]}}, {"id": "760", "type": "Feature", "properties": {"id": 1021, "codigo": "0353", "numero": "417", "fl_rural": 0, "Destinação": "NÃO ATRIBUÍDO"}, "geometry": {"type": "Polygon", "coordinates": [[[-51.969470771479784, -29.468839872433403], [-51.969322073404065, -29.46878703186435], [-51.96925278953975, -29.468943845029944], [-51.96939970722878, -29.46899547904799], [-51.969470771479784, -29.468839872433403]]]}}, {"id": "761", "type": "Feature", "properties": {"id": 1022, "codigo": "0362", "numero": "439", "fl_rural": 0, "Destinação": "NÃO ATRIBUÍDO"}, "geometry": {"type": "Polygon", "coordinates": [[[-51.96954244794019, -29.46868292494828], [-51.96939216440882, -29.468628390883776], [-51.969322073404065, -29.46878703186435], [-51.969470771479784, -29.468839872433403], [-51.96954244794019, -29.46868292494828]]]}}, {"id": "762", "type": "Feature", "properties": {"id": 1023, "codigo": "0375", "numero": "0", "fl_rural": 0, "Destinação": "NÃO ATRIBUÍDO"}, "geometry": {"type": "Polygon", "coordinates": [[[-51.96958949231489, -29.468579913022943], [-51.969436079179864, -29.468528996059614], [-51.96939216440882, -29.468628390883776], [-51.96954244794019, -29.46868292494828], [-51.96958949231489, -29.468579913022943]]]}}, {"id": "763", "type": "Feature", "properties": {"id": 1130, "codigo": "0347", "numero": "0", "fl_rural": 0, "Destinação": "NÃO ATRIBUÍDO"}, "geometry": {"type": "Polygon", "coordinates": [[[-51.969782625562246, -29.468596843535092], [-51.96973105162407, -29.468513840026937], [-51.96966827023138, -29.46865876430738], [-51.969782625562246, -29.468596843535092]]]}}, {"id": "764", "type": "Feature", "properties": {"id": 1024, "codigo": "0387", "numero": "469", "fl_rural": 0, "Destinação": "NÃO ATRIBUÍDO"}, "geometry": {"type": "Polygon", "coordinates": [[[-51.9696356399966, -29.468478864432207], [-51.9694831549136, -29.46842244645249], [-51.969436079179864, -29.468528996059614], [-51.96958949231489, -29.468579913022943], [-51.9696356399966, -29.468478864432207]]]}}, {"id": "765", "type": "Feature", "properties": {"id": 1017, "codigo": "0261", "numero": "815", "fl_rural": 0, "Destinação": "OUTROS (mencione nas observações)"}, "geometry": {"type": "Polygon", "coordinates": [[[-51.969506263847656, -29.467904631172182], [-51.96925088445344, -29.467752953176294], [-51.969037877297374, -29.467653469767455], [-51.96892799974057, -29.46761301902421], [-51.96834504377706, -29.467791526323634], [-51.96804720471806, -29.467858221753072], [-51.96790552325894, -29.46787470177241], [-51.96780572990747, -29.46807926543326], [-51.967997005716676, -29.468145618147773], [-51.967936733304256, -29.46827027403703], [-51.96774499622847, -29.46820376124786], [-51.96762296637265, -29.4684672090762], [-51.968148306178115, -29.46865843910877], [-51.96801787135578, -29.468938265737187], [-51.96906298682277, -29.46933170842371], [-51.96925278953975, -29.468943845029944], [-51.96966601851631, -29.468008557332425], [-51.969506263847656, -29.467904631172182]]]}}, {"id": "766", "type": "Feature", "properties": {"id": 1025, "codigo": "0397", "numero": "0", "fl_rural": 0, "Destinação": "NÃO ATRIBUÍDO"}, "geometry": {"type": "Polygon", "coordinates": [[[-51.96967400177173, -29.46839486446484], [-51.96951873809607, -29.46834190868601], [-51.9694831549136, -29.46842244645249], [-51.9696356399966, -29.468478864432207], [-51.96967400177173, -29.46839486446484]]]}}, {"id": "767", "type": "Feature", "properties": {"id": 1026, "codigo": "0408", "numero": "489", "fl_rural": 0, "Destinação": "NÃO ATRIBUÍDO"}, "geometry": {"type": "Polygon", "coordinates": [[[-51.96971607999652, -29.468302726218287], [-51.96955964544533, -29.468249319931573], [-51.96951873809607, -29.46834190868601], [-51.96967400177173, -29.46839486446484], [-51.96971607999652, -29.468302726218287]]]}}, {"id": "768", "type": "Feature", "properties": {"id": 1027, "codigo": "0418", "numero": "0", "fl_rural": 0, "Destinação": "NÃO ATRIBUÍDO"}, "geometry": {"type": "Polygon", "coordinates": [[[-51.969754333443625, -29.468218963011985], [-51.9695968340131, -29.468165148308707], [-51.96955964544533, -29.468249319931573], [-51.96971607999652, -29.468302726218287], [-51.969754333443625, -29.468218963011985]]]}}, {"id": "769", "type": "Feature", "properties": {"id": 1028, "codigo": "0444", "numero": "0", "fl_rural": 0, "Destinação": "NÃO ATRIBUÍDO"}, "geometry": {"type": "Polygon", "coordinates": [[[-51.969808186068704, -29.468101042197663], [-51.96966601851631, -29.468008557332425], [-51.9695968340131, -29.468165148308707], [-51.969754333443625, -29.468218963011985], [-51.969808186068704, -29.468101042197663]]]}}, {"id": "770", "type": "Feature", "properties": {"id": 841, "codigo": "0062", "numero": "679", "fl_rural": 0, "Destinação": "NÃO ATRIBUÍDO"}, "geometry": {"type": "Polygon", "coordinates": [[[-51.96687321228317, -29.468502497399857], [-51.96701867400635, -29.46818111640573], [-51.96691853864728, -29.46814473472317], [-51.96676939839, -29.46846361344362], [-51.96687321228317, -29.468502497399857]]]}}, {"id": "771", "type": "Feature", "properties": {"id": 839, "codigo": "0040", "numero": "655", "fl_rural": 0, "Destinação": "NÃO ATRIBUÍDO"}, "geometry": {"type": "Polygon", "coordinates": [[[-51.9666641625111, -29.468424196719457], [-51.96677024532784, -29.468198915657055], [-51.96666857567807, -29.468162698169927], [-51.966564581928104, -29.46838677705823], [-51.9666641625111, -29.468424196719457]]]}}, {"id": "772", "type": "Feature", "properties": {"id": 837, "codigo": "0020", "numero": "635", "fl_rural": 0, "Destinação": "NÃO ATRIBUÍDO"}, "geometry": {"type": "Polygon", "coordinates": [[[-51.9665624446896, -29.46817167037434], [-51.966464676776816, -29.4681376848008], [-51.96640606239425, -29.46826344280246], [-51.966395519815656, -29.46825977800189], [-51.96637020437377, -29.46831409233762], [-51.96647739272464, -29.46835424064712], [-51.9665624446896, -29.46817167037434]]]}}, {"id": "773", "type": "Feature", "properties": {"id": 836, "codigo": "0009", "numero": "362", "fl_rural": 0, "Destinação": "NÃO ATRIBUÍDO"}, "geometry": {"type": "Polygon", "coordinates": [[[-51.966464676776816, -29.4681376848008], [-51.96640926507059, -29.46811842274885], [-51.9663389457717, -29.468302384129565], [-51.96637020437377, -29.46831409233762], [-51.966395519815656, -29.46825977800189], [-51.96640606239425, -29.46826344280246], [-51.966464676776816, -29.4681376848008]]]}}, {"id": "774", "type": "Feature", "properties": {"id": 840, "codigo": "0051", "numero": "669", "fl_rural": 0, "Destinação": "NÃO ATRIBUÍDO"}, "geometry": {"type": "Polygon", "coordinates": [[[-51.96676939839, -29.46846361344362], [-51.967003561785965, -29.46796294475043], [-51.96689926830496, -29.467924916659126], [-51.9666641625111, -29.468424196719457], [-51.96676939839, -29.46846361344362]]]}}, {"id": "775", "type": "Feature", "properties": {"id": 838, "codigo": "0029", "numero": "645", "fl_rural": 0, "Destinação": "NÃO ATRIBUÍDO"}, "geometry": {"type": "Polygon", "coordinates": [[[-51.96666857567807, -29.468162698169927], [-51.96677024532784, -29.468198915657055], [-51.96689926830496, -29.467924916659126], [-51.966797277708864, -29.467887728196324], [-51.96668766830957, -29.4681095514689], [-51.966605688021204, -29.468078845136716], [-51.96647739272464, -29.46835424064712], [-51.966564581928104, -29.46838677705823], [-51.96666857567807, -29.468162698169927]]]}}, {"id": "776", "type": "Feature", "properties": {"id": 858, "codigo": "0373", "numero": "382", "fl_rural": 0, "Destinação": "NÃO ATRIBUÍDO"}, "geometry": {"type": "Polygon", "coordinates": [[[-51.9665624446896, -29.46817167037434], [-51.96661209134142, -29.468065099812172], [-51.966452497678674, -29.468005322499], [-51.96640926507059, -29.46811842274885], [-51.9665624446896, -29.46817167037434]]]}}, {"id": "777", "type": "Feature", "properties": {"id": 848, "codigo": "0239", "numero": "668", "fl_rural": 0, "Destinação": "NÃO ATRIBUÍDO"}, "geometry": {"type": "Polygon", "coordinates": [[[-51.96729518934214, -29.467839727370773], [-51.96718114507255, -29.468091685680836], [-51.96707643247712, -29.4680535050124], [-51.96701867400635, -29.46818111640573], [-51.967232784969475, -29.46825890794158], [-51.96741002635339, -29.467881276463576], [-51.96729518934214, -29.467839727370773]]]}}, {"id": "778", "type": "Feature", "properties": {"id": 851, "codigo": "0265", "numero": "0", "fl_rural": 0, "Destinação": "NÃO ATRIBUÍDO"}, "geometry": {"type": "Polygon", "coordinates": [[[-51.967048572771965, -29.467866705131957], [-51.96691853864728, -29.46814473472317], [-51.96701867400635, -29.46818111640573], [-51.967165484153526, -29.467856754260694], [-51.967048572771965, -29.467866705131957]]]}}, {"id": "779", "type": "Feature", "properties": {"id": 857, "codigo": "0359", "numero": "396", "fl_rural": 0, "Destinação": "NÃO ATRIBUÍDO"}, "geometry": {"type": "Polygon", "coordinates": [[[-51.96668766830957, -29.4681095514689], [-51.96673266331189, -29.468018492320127], [-51.96648318292492, -29.467925047235195], [-51.966452497678674, -29.468005322499], [-51.96661209134142, -29.468065099812172], [-51.966605688021204, -29.468078845136716], [-51.96668766830957, -29.4681095514689]]]}}, {"id": "780", "type": "Feature", "properties": {"id": 469, "codigo": "0377", "numero": "250", "fl_rural": 0, "Destinação": "NÃO ATRIBUÍDO"}, "geometry": {"type": "Polygon", "coordinates": [[[-51.96228273108578, -29.46830576450287], [-51.962378905517305, -29.468338365234917], [-51.96249407003745, -29.46808403825828], [-51.96239763214811, -29.46805201990358], [-51.96228273108578, -29.46830576450287]]]}}, {"id": "781", "type": "Feature", "properties": {"id": 470, "codigo": "0387", "numero": "0", "fl_rural": 0, "Destinação": "NÃO ATRIBUÍDO"}, "geometry": {"type": "Polygon", "coordinates": [[[-51.96218480480479, -29.4682725699981], [-51.96228273108578, -29.46830576450287], [-51.96239763214811, -29.46805201990358], [-51.962300993141035, -29.468019934775768], [-51.96218480480479, -29.4682725699981]]]}}, {"id": "782", "type": "Feature", "properties": {"id": 471, "codigo": "0409", "numero": "212", "fl_rural": 0, "Destinação": "NÃO ATRIBUÍDO"}, "geometry": {"type": "Polygon", "coordinates": [[[-51.96209074609117, -29.467950130628665], [-51.96197506586483, -29.4682014732498], [-51.96218480480479, -29.4682725699981], [-51.962300993141035, -29.468019934775768], [-51.96209074609117, -29.467950130628665]]]}}, {"id": "783", "type": "Feature", "properties": {"id": 457, "codigo": "0110", "numero": "0", "fl_rural": 0, "Destinação": "NÃO ATRIBUÍDO"}, "geometry": {"type": "Polygon", "coordinates": [[[-51.96152255989047, -29.468672869536686], [-51.96148146709457, -29.468765378304386], [-51.96188675048438, -29.46892064069852], [-51.96192907881733, -29.468828605250703], [-51.96152255989047, -29.468672869536686]]]}}, {"id": "784", "type": "Feature", "properties": {"id": 456, "codigo": "0099", "numero": "0", "fl_rural": 0, "Destinação": "NÃO ATRIBUÍDO"}, "geometry": {"type": "Polygon", "coordinates": [[[-51.96157544629542, -29.468553810591835], [-51.96152255989047, -29.468672869536686], [-51.96192907881733, -29.468828605250703], [-51.96198355527438, -29.468710155376503], [-51.96157544629542, -29.468553810591835]]]}}, {"id": "785", "type": "Feature", "properties": {"id": 455, "codigo": "0085", "numero": "0", "fl_rural": 0, "Destinação": "NÃO ATRIBUÍDO"}, "geometry": {"type": "Polygon", "coordinates": [[[-51.96162635236118, -29.468439209414846], [-51.96157544629542, -29.468553810591835], [-51.96198355527438, -29.468710155376503], [-51.962035991992515, -29.46859614051066], [-51.96162635236118, -29.468439209414846]]]}}, {"id": "786", "type": "Feature", "properties": {"id": 454, "codigo": "0071", "numero": "0", "fl_rural": 0, "Destinação": "NÃO ATRIBUÍDO"}, "geometry": {"type": "Polygon", "coordinates": [[[-51.9617562298896, -29.468223257443938], [-51.96169734452764, -29.46827938931303], [-51.96162635236118, -29.468439209414846], [-51.962035991992515, -29.46859614051066], [-51.96213988787343, -29.46837023515338], [-51.9617562298896, -29.468223257443938]]]}}, {"id": "787", "type": "Feature", "properties": {"id": 453, "codigo": "0044", "numero": "252", "fl_rural": 0, "Destinação": "NÃO ATRIBUÍDO"}, "geometry": {"type": "Polygon", "coordinates": [[[-51.96218480480479, -29.4682725699981], [-51.96197506586483, -29.4682014732498], [-51.96199619607023, -29.468155563150756], [-51.96187601749887, -29.468109071130392], [-51.9617562298896, -29.468223257443938], [-51.96213988787343, -29.46837023515338], [-51.96218480480479, -29.4682725699981]]]}}, {"id": "788", "type": "Feature", "properties": {"id": 452, "codigo": "0028", "numero": "280", "fl_rural": 0, "Destinação": "NÃO ATRIBUÍDO"}, "geometry": {"type": "Polygon", "coordinates": [[[-51.96199619607023, -29.468155563150756], [-51.96209074609117, -29.467950130628665], [-51.962055151975626, -29.467938313022284], [-51.96187601749887, -29.468109071130392], [-51.96199619607023, -29.468155563150756]]]}}, {"id": "789", "type": "Feature", "properties": {"id": 488, "codigo": "0241", "numero": "357", "fl_rural": 0, "Destinação": "NÃO ATRIBUÍDO"}, "geometry": {"type": "Polygon", "coordinates": [[[-51.960730531378516, -29.466947950942906], [-51.96132904541118, -29.467168189336075], [-51.96146829915777, -29.466949839578866], [-51.96186239922915, -29.466817901133457], [-51.96094379251342, -29.466453448937266], [-51.960730531378516, -29.466947950942906]]]}}, {"id": "790", "type": "Feature", "properties": {"id": 390, "codigo": "0120", "numero": "159", "fl_rural": 0, "Destinação": "NÃO ATRIBUÍDO"}, "geometry": {"type": "Polygon", "coordinates": [[[-51.9618151223654, -29.466648811820725], [-51.96192684609324, -29.46669642003248], [-51.96205207636216, -29.46643145015739], [-51.96193181858666, -29.466390429923603], [-51.9618151223654, -29.466648811820725]]]}}, {"id": "791", "type": "Feature", "properties": {"id": 391, "codigo": "0134", "numero": "147", "fl_rural": 0, "Destinação": "NÃO ATRIBUÍDO"}, "geometry": {"type": "Polygon", "coordinates": [[[-51.9618151223654, -29.466648811820725], [-51.96198495463311, -29.466268705905524], [-51.96184128253544, -29.466223694990703], [-51.961676047362786, -29.46658954823165], [-51.9618151223654, -29.466648811820725]]]}}, {"id": "792", "type": "Feature", "properties": {"id": 392, "codigo": "0145", "numero": "137", "fl_rural": 0, "Destinação": "NÃO ATRIBUÍDO"}, "geometry": {"type": "Polygon", "coordinates": [[[-51.961676047362786, -29.46658954823165], [-51.96184128253544, -29.466223694990703], [-51.96172299768061, -29.466186637479066], [-51.961574059142585, -29.46654608823134], [-51.961676047362786, -29.46658954823165]]]}}, {"id": "793", "type": "Feature", "properties": {"id": 383, "codigo": "0301", "numero": "263", "fl_rural": 0, "Destinação": "NÃO ATRIBUÍDO"}, "geometry": {"type": "Polygon", "coordinates": [[[-51.96284719502696, -29.466810757766645], [-51.96293152058656, -29.466821939878294], [-51.9630245839249, -29.466711463450736], [-51.96303014579539, -29.46669901696752], [-51.96291568335019, -29.46665749399765], [-51.96284719502696, -29.466810757766645]]]}}, {"id": "794", "type": "Feature", "properties": {"id": 382, "codigo": "0287", "numero": "251", "fl_rural": 0, "Destinação": "NÃO ATRIBUÍDO"}, "geometry": {"type": "Polygon", "coordinates": [[[-51.96291568335019, -29.46665749399765], [-51.96282661172874, -29.46662518174659], [-51.96274708249389, -29.46679748220074], [-51.96284719502696, -29.466810757766645], [-51.96291568335019, -29.46665749399765]]]}}, {"id": "795", "type": "Feature", "properties": {"id": 381, "codigo": "0281", "numero": "235", "fl_rural": 0, "Destinação": "NÃO ATRIBUÍDO"}, "geometry": {"type": "Polygon", "coordinates": [[[-51.96282661172874, -29.46662518174659], [-51.96270613262695, -29.46658147582355], [-51.96261362516018, -29.46677978489979], [-51.96274708249389, -29.46679748220074], [-51.96282661172874, -29.46662518174659]]]}}, {"id": "796", "type": "Feature", "properties": {"id": 380, "codigo": "0268", "numero": "225", "fl_rural": 0, "Destinação": "NÃO ATRIBUÍDO"}, "geometry": {"type": "Polygon", "coordinates": [[[-51.96268664529595, -29.466623251048226], [-51.96247482618328, -29.466552146515888], [-51.9623829115952, -29.46674919079692], [-51.96261362516018, -29.46677978489979], [-51.96268664529595, -29.466623251048226]]]}}, {"id": "797", "type": "Feature", "properties": {"id": 376, "codigo": "0122", "numero": "242", "fl_rural": 0, "Destinação": "NÃO AFETADO"}, "geometry": {"type": "Polygon", "coordinates": [[[-51.962919953999176, -29.466659043138826], [-51.96303014579539, -29.46669901696752], [-51.9630245839249, -29.466711463450736], [-51.96311509290974, -29.466604019321977], [-51.96306122187531, -29.466352982732133], [-51.962919953999176, -29.466659043138826]]]}}, {"id": "798", "type": "Feature", "properties": {"id": 389, "codigo": "0108", "numero": "193", "fl_rural": 0, "Destinação": "NÃO ATRIBUÍDO"}, "geometry": {"type": "Polygon", "coordinates": [[[-51.96226972025207, -29.466633363675303], [-51.962000111790005, -29.466541400169387], [-51.96192684609324, -29.46669642003248], [-51.962065504532916, -29.466749904703164], [-51.96215708559783, -29.466719244816957], [-51.96222598137504, -29.46672838084024], [-51.96226972025207, -29.466633363675303]]]}}, {"id": "799", "type": "Feature", "properties": {"id": 388, "codigo": "0061", "numero": "437", "fl_rural": 0, "Destinação": "NÃO ATRIBUÍDO"}, "geometry": {"type": "Polygon", "coordinates": [[[-51.96232751913554, -29.466507802635604], [-51.96193870674984, -29.466375178518767], [-51.96193181858666, -29.466390429923603], [-51.96205207636216, -29.46643145015739], [-51.962000111790005, -29.466541400169387], [-51.96226972025207, -29.466633363675303], [-51.96232751913554, -29.466507802635604]]]}}, {"id": "800", "type": "Feature", "properties": {"id": 377, "codigo": "0131", "numero": "214", "fl_rural": 0, "Destinação": "NÃO ATRIBUÍDO"}, "geometry": {"type": "Polygon", "coordinates": [[[-51.96297931250563, -29.466294352269244], [-51.96282661172874, -29.46662518174659], [-51.962919953999176, -29.466659043138826], [-51.96306122187531, -29.466352982732133], [-51.96305442870806, -29.466321326879314], [-51.96297931250563, -29.466294352269244]]]}}, {"id": "801", "type": "Feature", "properties": {"id": 378, "codigo": "0144", "numero": "000", "fl_rural": 0, "Destinação": "NÃO AFETADO"}, "geometry": {"type": "Polygon", "coordinates": [[[-51.96286004810761, -29.46625152355151], [-51.96270613262695, -29.46658147582355], [-51.96282661172874, -29.46662518174659], [-51.96297931250563, -29.466294352269244], [-51.96286004810761, -29.46625152355151]]]}}, {"id": "802", "type": "Feature", "properties": {"id": 379, "codigo": "0211", "numero": "444", "fl_rural": 0, "Destinação": "NÃO ATRIBUÍDO"}, "geometry": {"type": "Polygon", "coordinates": [[[-51.96268664529595, -29.466623251048226], [-51.96286004810761, -29.46625152355151], [-51.96265020658626, -29.46617616762044], [-51.96247482618328, -29.466552146515888], [-51.96268664529595, -29.466623251048226]]]}}, {"id": "803", "type": "Feature", "properties": {"id": 387, "codigo": "0046", "numero": "457", "fl_rural": 0, "Destinação": "NÃO ATRIBUÍDO"}, "geometry": {"type": "Polygon", "coordinates": [[[-51.962429096003845, -29.46628713845121], [-51.96203632061325, -29.46615044984923], [-51.96193870674984, -29.466375178518767], [-51.96232751913554, -29.466507802635604], [-51.962429096003845, -29.46628713845121]]]}}, {"id": "804", "type": "Feature", "properties": {"id": 386, "codigo": "0022", "numero": "465", "fl_rural": 0, "Destinação": "NÃO ATRIBUÍDO"}, "geometry": {"type": "Polygon", "coordinates": [[[-51.96246377505959, -29.46621180180876], [-51.96227213499109, -29.466145109908716], [-51.96223745581341, -29.466220446504682], [-51.962429096003845, -29.46628713845121], [-51.96246377505959, -29.46621180180876]]]}}, {"id": "805", "type": "Feature", "properties": {"id": 385, "codigo": "0011", "numero": "477", "fl_rural": 0, "Destinação": "NÃO ATRIBUÍDO"}, "geometry": {"type": "Polygon", "coordinates": [[[-51.962314520688246, -29.466053031854496], [-51.96227213499109, -29.466145109908716], [-51.96246377505959, -29.46621180180876], [-51.962506160504596, -29.46611972369844], [-51.962314520688246, -29.466053031854496]]]}}, {"id": "806", "type": "Feature", "properties": {"id": 396, "codigo": "0334", "numero": "126", "fl_rural": 0, "Destinação": "NÃO ATRIBUÍDO"}, "geometry": {"type": "Polygon", "coordinates": [[[-51.96210960981884, -29.465981721266203], [-51.96203632061325, -29.46615044984923], [-51.96223745581341, -29.466220446504682], [-51.962314520688246, -29.466053031854496], [-51.96210960981884, -29.465981721266203]]]}}, {"id": "807", "type": "Feature", "properties": {"id": 334, "codigo": "0109", "numero": "217", "fl_rural": 0, "Destinação": "NÃO ATRIBUÍDO"}, "geometry": {"type": "Polygon", "coordinates": [[[-51.96302088651391, -29.46616502176793], [-51.963006968426264, -29.466100164107498], [-51.962982891590734, -29.46615106748309], [-51.96302088651391, -29.46616502176793]]]}}, {"id": "808", "type": "Feature", "properties": {"id": 333, "codigo": "0095", "numero": "197", "fl_rural": 0, "Destinação": "NÃO ATRIBUÍDO"}, "geometry": {"type": "Polygon", "coordinates": [[[-51.962982891590734, -29.46615106748309], [-51.963006968426264, -29.466100164107498], [-51.96295909553466, -29.465877078592595], [-51.96285220350912, -29.46610306977202], [-51.962982891590734, -29.46615106748309]]]}}, {"id": "809", "type": "Feature", "properties": {"id": 332, "codigo": "0081", "numero": "0", "fl_rural": 0, "Destinação": "NÃO ATRIBUÍDO"}, "geometry": {"type": "Polygon", "coordinates": [[[-51.96285220350912, -29.46610306977202], [-51.96293891229903, -29.465919750125042], [-51.96279073602669, -29.46586814970055], [-51.96270770148658, -29.46604999845883], [-51.96285220350912, -29.46610306977202]]]}}, {"id": "810", "type": "Feature", "properties": {"id": 849, "codigo": "0250", "numero": "658", "fl_rural": 0, "Destinação": "NÃO ATRIBUÍDO"}, "geometry": {"type": "Polygon", "coordinates": [[[-51.96719035776522, -29.46780179826707], [-51.96707643247712, -29.4680535050124], [-51.96718114507255, -29.468091685680836], [-51.96729518934214, -29.467839727370773], [-51.96719035776522, -29.46780179826707]]]}}, {"id": "811", "type": "Feature", "properties": {"id": 856, "codigo": "0350", "numero": "404", "fl_rural": 0, "Destinação": "NÃO ATRIBUÍDO"}, "geometry": {"type": "Polygon", "coordinates": [[[-51.96673266331189, -29.468018492320127], [-51.966797277708864, -29.467887728196324], [-51.96653412605047, -29.467791775603338], [-51.96648318292492, -29.467925047235195], [-51.96673266331189, -29.468018492320127]]]}}, {"id": "812", "type": "Feature", "properties": {"id": 852, "codigo": "0270", "numero": "638", "fl_rural": 0, "Destinação": "NÃO ATRIBUÍDO"}, "geometry": {"type": "Polygon", "coordinates": [[[-51.96699117785344, -29.467729732602493], [-51.96689926830496, -29.467924916659126], [-51.967003561785965, -29.46796294475043], [-51.96709505629362, -29.467767317100787], [-51.96699117785344, -29.467729732602493]]]}}, {"id": "813", "type": "Feature", "properties": {"id": 850, "codigo": "0260", "numero": "0", "fl_rural": 0, "Destinação": "NÃO ATRIBUÍDO"}, "geometry": {"type": "Polygon", "coordinates": [[[-51.96709505629362, -29.467767317100787], [-51.967048572771965, -29.467866705131957], [-51.967165484153526, -29.467856754260694], [-51.96719035776522, -29.46780179826707], [-51.96709505629362, -29.467767317100787]]]}}, {"id": "814", "type": "Feature", "properties": {"id": 853, "codigo": "0283", "numero": "622", "fl_rural": 0, "Destinação": "NÃO ATRIBUÍDO"}, "geometry": {"type": "Polygon", "coordinates": [[[-51.9668787223591, -29.467689044662126], [-51.96678772941493, -29.467884246623694], [-51.96689926830496, -29.467924916659126], [-51.96699117785344, -29.467729732602493], [-51.9668787223591, -29.467689044662126]]]}}, {"id": "815", "type": "Feature", "properties": {"id": 855, "codigo": "0335", "numero": "420", "fl_rural": 0, "Destinação": "NÃO ATRIBUÍDO"}, "geometry": {"type": "Polygon", "coordinates": [[[-51.96678772941493, -29.467884246623694], [-51.96683447048749, -29.46778397582056], [-51.96656144897228, -29.467684424397003], [-51.96656995966857, -29.46769803175259], [-51.96653412605047, -29.467791775603338], [-51.96678772941493, -29.467884246623694]]]}}, {"id": "816", "type": "Feature", "properties": {"id": 854, "codigo": "0323", "numero": "436", "fl_rural": 0, "Destinação": "NÃO ATRIBUÍDO"}, "geometry": {"type": "Polygon", "coordinates": [[[-51.966559412584566, -29.467681168511596], [-51.96683447048749, -29.46778397582056], [-51.9668787223591, -29.467689044662126], [-51.966602348436396, -29.46758904832826], [-51.966559412584566, -29.467681168511596]]]}}, {"id": "817", "type": "Feature", "properties": {"id": 832, "codigo": "0078", "numero": "633", "fl_rural": 0, "Destinação": "NÃO ATRIBUÍDO"}, "geometry": {"type": "Polygon", "coordinates": [[[-51.96718885997759, -29.46764603226851], [-51.967278826958186, -29.467453982595103], [-51.96717384263683, -29.467416379016953], [-51.96708387548818, -29.467608428714485], [-51.96718885997759, -29.46764603226851]]]}}, {"id": "818", "type": "Feature", "properties": {"id": 831, "codigo": "0044", "numero": "623", "fl_rural": 0, "Destinação": "NÃO ATRIBUÍDO"}, "geometry": {"type": "Polygon", "coordinates": [[[-51.96708387548818, -29.467608428714485], [-51.96717384263683, -29.467416379016953], [-51.967068858391734, -29.467378775444256], [-51.966978891073346, -29.467570824985398], [-51.96708387548818, -29.467608428714485]]]}}, {"id": "819", "type": "Feature", "properties": {"id": 830, "codigo": "0033", "numero": "615", "fl_rural": 0, "Destinação": "NÃO ATRIBUÍDO"}, "geometry": {"type": "Polygon", "coordinates": [[[-51.966978891073346, -29.467570824985398], [-51.96706494683435, -29.46738712542511], [-51.96696950659438, -29.467352940184895], [-51.966883450789645, -29.467536639686937], [-51.966978891073346, -29.467570824985398]]]}}, {"id": "820", "type": "Feature", "properties": {"id": 829, "codigo": "0023", "numero": "468", "fl_rural": 0, "Destinação": "NÃO ATRIBUÍDO"}, "geometry": {"type": "Polygon", "coordinates": [[[-51.966883450789645, -29.467536639686937], [-51.96696950659438, -29.467352940184895], [-51.96675047178048, -29.46727448489885], [-51.966664415638675, -29.467458184268857], [-51.966883450789645, -29.467536639686937]]]}}, {"id": "821", "type": "Feature", "properties": {"id": 833, "codigo": "0088", "numero": "46", "fl_rural": 0, "Destinação": "NÃO ATRIBUÍDO"}, "geometry": {"type": "Polygon", "coordinates": [[[-51.967068858391734, -29.467378775444256], [-51.967278826958186, -29.467453982595103], [-51.96731794286648, -29.467370482719318], [-51.96710797455004, -29.46729527562526], [-51.967068858391734, -29.467378775444256]]]}}, {"id": "822", "type": "Feature", "properties": {"id": 835, "codigo": "0227", "numero": "484", "fl_rural": 0, "Destinação": "NÃO AFETADO"}, "geometry": {"type": "Polygon", "coordinates": [[[-51.96675047178048, -29.46727448489885], [-51.96706494683435, -29.46738712542511], [-51.96710797455004, -29.46729527562526], [-51.966793499737264, -29.467182635103516], [-51.96675047178048, -29.46727448489885]]]}}, {"id": "823", "type": "Feature", "properties": {"id": 834, "codigo": "0216", "numero": "616", "fl_rural": 0, "Destinação": "NÃO ATRIBUÍDO"}, "geometry": {"type": "Polygon", "coordinates": [[[-51.966793499737264, -29.467182635103516], [-51.96731794286648, -29.467370482719318], [-51.96746208466956, -29.46706278563864], [-51.96693627374124, -29.46687786103153], [-51.966793499737264, -29.467182635103516]]]}}, {"id": "824", "type": "Feature", "properties": {"id": 584, "codigo": "0127", "numero": "538", "fl_rural": 0, "Destinação": "NÃO ATRIBUÍDO"}, "geometry": {"type": "Polygon", "coordinates": [[[-51.966518516174375, -29.467405666359944], [-51.96677646414598, -29.466852563678188], [-51.966776278544025, -29.46683171514965], [-51.966759215451034, -29.466817164353166], [-51.96633079042666, -29.466668628628547], [-51.96610920608621, -29.46696135432733], [-51.966349808117855, -29.467346041700303], [-51.966518516174375, -29.467405666359944]], [[-51.96648266926677, -29.46719328417232], [-51.9665651668187, -29.467192685040917], [-51.96653482931739, -29.46725607806285], [-51.96648266926677, -29.46719328417232]]]}}, {"id": "825", "type": "Feature", "properties": {"id": 605, "codigo": "0235", "numero": "547", "fl_rural": 0, "Destinação": "NÃO ATRIBUÍDO"}, "geometry": {"type": "Polygon", "coordinates": [[[-51.9669337369538, -29.466508663947682], [-51.966828286196645, -29.46647207576067], [-51.96674296032375, -29.466656858350706], [-51.96684873040003, -29.466692737018644], [-51.9669337369538, -29.466508663947682]]]}}, {"id": "826", "type": "Feature", "properties": {"id": 846, "codigo": "0145", "numero": "731", "fl_rural": 0, "Destinação": "NÃO ATRIBUÍDO"}, "geometry": {"type": "Polygon", "coordinates": [[[-51.96735265435719, -29.46868207323914], [-51.967474355829026, -29.468429908693178], [-51.96736952145143, -29.46839198409663], [-51.96724836608483, -29.468643012166996], [-51.96735265435719, -29.46868207323914]]]}}, {"id": "827", "type": "Feature", "properties": {"id": 1011, "codigo": "0021", "numero": "0", "fl_rural": 0, "Destinação": "NÃO ATRIBUÍDO"}, "geometry": {"type": "Polygon", "coordinates": [[[-51.967997005716676, -29.468145618147773], [-51.96780572990747, -29.46807926543326], [-51.96774499622847, -29.46820376124786], [-51.967936733304256, -29.46827027403703], [-51.967997005716676, -29.468145618147773]]]}}, {"id": "828", "type": "Feature", "properties": {"id": 847, "codigo": "0228", "numero": "0", "fl_rural": 0, "Destinação": "NÃO ATRIBUÍDO"}, "geometry": {"type": "Polygon", "coordinates": [[[-51.96741002635339, -29.467881276463576], [-51.96719923815098, -29.468330382644925], [-51.967474355829026, -29.468429908693178], [-51.96769021328902, -29.467982650130278], [-51.96741002635339, -29.467881276463576]]]}}, {"id": "829", "type": "Feature", "properties": {"id": 1029, "codigo": "0243", "numero": "000", "fl_rural": 0, "Destinação": "OUTROS (mencione nas observações)"}, "geometry": {"type": "Polygon", "coordinates": [[[-51.96728897745488, -29.46767086953018], [-51.967693795498306, -29.467771296412966], [-51.967908303226494, -29.4677693419328], [-51.96812120023806, -29.467739452136307], [-51.968281206582425, -29.46770549893056], [-51.968383109085, -29.467673015739663], [-51.96845327083061, -29.467621408429117], [-51.968470316877855, -29.46759779254393], [-51.96846402192056, -29.46757729902248], [-51.968434322827726, -29.467531317056952], [-51.96838993114312, -29.467490480286603], [-51.96826082351728, -29.4673972781306], [-51.968022204691394, -29.467240402105393], [-51.96755938300327, -29.467093639551557], [-51.96728897745488, -29.46767086953018]]]}}, {"id": "830", "type": "Feature", "properties": {"id": 1103, "codigo": "1948", "numero": "0", "fl_rural": 0, "Destinação": "NÃO AFETADO"}, "geometry": {"type": "Polygon", "coordinates": [[[-51.96891773285367, -29.467492815722938], [-51.96905938427679, -29.467236011770673], [-51.96876187172084, -29.467170851855368], [-51.968542959229524, -29.467030651505315], [-51.96859794274538, -29.466676977109504], [-51.96872887806774, -29.46654194073287], [-51.96880974161888, -29.46639390744353], [-51.968916321038215, -29.466079033842593], [-51.96900085429539, -29.465991494953478], [-51.96937980422044, -29.465934806718952], [-51.969487550863896, -29.465867300707092], [-51.967556040708125, -29.465535183636288], [-51.966991296731756, -29.46675865950051], [-51.96798929321399, -29.467105308915116], [-51.96891773285367, -29.467492815722938]]]}}, {"id": "831", "type": "Feature", "properties": {"id": 615, "codigo": "0202", "numero": "628", "fl_rural": 0, "Destinação": "NÃO ATRIBUÍDO"}, "geometry": {"type": "Polygon", "coordinates": [[[-51.96735400374697, -29.46464796300681], [-51.967295517343096, -29.464822914923417], [-51.96717641633127, -29.464760652626605], [-51.967123815713876, -29.464884731250358], [-51.96760887025185, -29.465057069643578], [-51.967737620525135, -29.464781547790423], [-51.96735400374697, -29.46464796300681]]]}}, {"id": "832", "type": "Feature", "properties": {"id": 679, "codigo": "0455", "numero": "661", "fl_rural": 0, "Destinação": "NÃO ATRIBUÍDO"}, "geometry": {"type": "Polygon", "coordinates": [[[-51.96782167193948, -29.464339831667626], [-51.96773754797079, -29.464530999686165], [-51.967744324157984, -29.464533178877783], [-51.967706092905, -29.46462005743287], [-51.967794018430766, -29.46465028789862], [-51.96791631589322, -29.464372372071068], [-51.96782167193948, -29.464339831667626]]]}}, {"id": "833", "type": "Feature", "properties": {"id": 678, "codigo": "0413", "numero": "647", "fl_rural": 0, "Destinação": "NÃO ATRIBUÍDO"}, "geometry": {"type": "Polygon", "coordinates": [[[-51.967662344426145, -29.464285051628565], [-51.967540046361776, -29.46456296723978], [-51.967706092905, -29.46462005743287], [-51.967744324157984, -29.464533178877783], [-51.96773754797079, -29.464530999686165], [-51.96782167193948, -29.464339831667626], [-51.967662344426145, -29.464285051628565]]]}}, {"id": "834", "type": "Feature", "properties": {"id": 677, "codigo": "0395", "numero": "627", "fl_rural": 0, "Destinação": "NÃO ATRIBUÍDO"}, "geometry": {"type": "Polygon", "coordinates": [[[-51.96751261499339, -29.46423357143656], [-51.96742906035102, -29.464423444215065], [-51.967398667835816, -29.464514358144374], [-51.967540046361776, -29.46456296723978], [-51.967662344426145, -29.464285051628565], [-51.96751261499339, -29.46423357143656]]]}}, {"id": "835", "type": "Feature", "properties": {"id": 676, "codigo": "0378", "numero": "613", "fl_rural": 0, "Destinação": "NÃO ATRIBUÍDO"}, "geometry": {"type": "Polygon", "coordinates": [[[-51.96751261499339, -29.46423357143656], [-51.96744343292802, -29.464209784976735], [-51.96748604796577, -29.46425297566579], [-51.96742906035102, -29.464423444215065], [-51.96751261499339, -29.46423357143656]]]}}, {"id": "836", "type": "Feature", "properties": {"id": 604, "codigo": "0202", "numero": "545", "fl_rural": 0, "Destinação": "NÃO ATRIBUÍDO"}, "geometry": {"type": "Polygon", "coordinates": [[[-51.9669762402226, -29.466416627482097], [-51.9667653387396, -29.466343451086782], [-51.96663721142764, -29.466620986933954], [-51.96674296032375, -29.466656858350706], [-51.966828286196645, -29.46647207576067], [-51.9669337369538, -29.466508663947682], [-51.9669762402226, -29.466416627482097]]]}}, {"id": "837", "type": "Feature", "properties": {"id": 603, "codigo": "0191", "numero": "523", "fl_rural": 0, "Destinação": "NÃO ATRIBUÍDO"}, "geometry": {"type": "Polygon", "coordinates": [[[-51.9666599351861, -29.46630687902433], [-51.96653148412237, -29.466585122585002], [-51.96663721142764, -29.466620986933954], [-51.9667653387396, -29.466343451086782], [-51.9666599351861, -29.46630687902433]]]}}, {"id": "838", "type": "Feature", "properties": {"id": 602, "codigo": "0156", "numero": "493", "fl_rural": 0, "Destinação": "NÃO ATRIBUÍDO"}, "geometry": {"type": "Polygon", "coordinates": [[[-51.96629879185359, -29.466506189474963], [-51.96642724221902, -29.466227934219884], [-51.9663120618158, -29.46618834571225], [-51.966236325060414, -29.466352414375915], [-51.966248964254135, -29.46648928702343], [-51.96629879185359, -29.466506189474963]]]}}, {"id": "839", "type": "Feature", "properties": {"id": 601, "codigo": "0144", "numero": "479", "fl_rural": 0, "Destinação": "NÃO ATRIBUÍDO"}, "geometry": {"type": "Polygon", "coordinates": [[[-51.966236325060414, -29.466352414375915], [-51.966321138853814, -29.466168682189775], [-51.96621602345459, -29.466132563759224], [-51.966236325060414, -29.466352414375915]]]}}, {"id": "840", "type": "Feature", "properties": {"id": 606, "codigo": "0265", "numero": "579", "fl_rural": 0, "Destinação": "NÃO ATRIBUÍDO"}, "geometry": {"type": "Polygon", "coordinates": [[[-51.96704965457683, -29.46625765531024], [-51.966732231915095, -29.46615027301214], [-51.9666599351861, -29.46630687902433], [-51.9669762402226, -29.466416627482097], [-51.96704965457683, -29.46625765531024]]]}}, {"id": "841", "type": "Feature", "properties": {"id": 608, "codigo": "0338", "numero": "499", "fl_rural": 0, "Destinação": "NÃO ATRIBUÍDO"}, "geometry": {"type": "Polygon", "coordinates": [[[-51.96678699469192, -29.46603164786584], [-51.96655470836454, -29.465951809403368], [-51.96629879185359, -29.466506189474963], [-51.96653148412237, -29.466585122585002], [-51.96678699469192, -29.46603164786584]]]}}, {"id": "842", "type": "Feature", "properties": {"id": 607, "codigo": "0313", "numero": "592", "fl_rural": 0, "Destinação": "NÃO ATRIBUÍDO"}, "geometry": {"type": "Polygon", "coordinates": [[[-51.966732231915095, -29.46615027301214], [-51.96704965457683, -29.46625765531024], [-51.9671037493729, -29.466140517827892], [-51.96678699469192, -29.46603164786584], [-51.966732231915095, -29.46615027301214]]]}}, {"id": "843", "type": "Feature", "properties": {"id": 609, "codigo": "0349", "numero": "542", "fl_rural": 0, "Destinação": "NÃO ATRIBUÍDO"}, "geometry": {"type": "Polygon", "coordinates": [[[-51.96642724221902, -29.466227934219884], [-51.96655470836454, -29.465951809403368], [-51.96643952522963, -29.465912219937245], [-51.9663120618158, -29.46618834571225], [-51.96642724221902, -29.466227934219884]]]}}, {"id": "844", "type": "Feature", "properties": {"id": 610, "codigo": "0361", "numero": "528", "fl_rural": 0, "Destinação": "NÃO ATRIBUÍDO"}, "geometry": {"type": "Polygon", "coordinates": [[[-51.96632040906768, -29.46587127851241], [-51.96621402448848, -29.466110916509376], [-51.96621602345459, -29.466132563759224], [-51.966321138853814, -29.466168682189775], [-51.96643952522963, -29.465912219937245], [-51.96632040906768, -29.46587127851241]]]}}, {"id": "845", "type": "Feature", "properties": {"id": 611, "codigo": "0371", "numero": "516", "fl_rural": 0, "Destinação": "NÃO ATRIBUÍDO"}, "geometry": {"type": "Polygon", "coordinates": [[[-51.96622442328122, -29.465838287199944], [-51.96619490936897, -29.465903914617492], [-51.96621402448848, -29.466110916509376], [-51.96632040906768, -29.46587127851241], [-51.96622442328122, -29.465838287199944]]]}}, {"id": "846", "type": "Feature", "properties": {"id": 612, "codigo": "0393", "numero": "502", "fl_rural": 0, "Destinação": "NÃO ATRIBUÍDO"}, "geometry": {"type": "Polygon", "coordinates": [[[-51.96614663726634, -29.46581155116914], [-51.96619166405772, -29.465868770418187], [-51.96619490936897, -29.465903914617492], [-51.96622442328122, -29.465838287199944], [-51.96614663726634, -29.46581155116914]]]}}, {"id": "847", "type": "Feature", "properties": {"id": 627, "codigo": "0478", "numero": "630", "fl_rural": 0, "Destinação": "NÃO ATRIBUÍDO"}, "geometry": {"type": "Polygon", "coordinates": [[[-51.966140688754244, -29.465238811897507], [-51.96609738778135, -29.465330562951117], [-51.96604937802891, -29.46531383511067], [-51.965951578753646, -29.46556367426571], [-51.96599109088481, -29.465613885582226], [-51.96605378977735, -29.46563568983554], [-51.966140392070876, -29.465452187562505], [-51.966264979838186, -29.465495514093767], [-51.96635146800298, -29.465312252391783], [-51.966140688754244, -29.465238811897507]]]}}, {"id": "848", "type": "Feature", "properties": {"id": 626, "codigo": "0412", "numero": "648", "fl_rural": 0, "Destinação": "NÃO ATRIBUÍDO"}, "geometry": {"type": "Polygon", "coordinates": [[[-51.96608618026049, -29.465219819706007], [-51.96604937802891, -29.46531383511067], [-51.96609738778135, -29.465330562951117], [-51.966140688754244, -29.465238811897507], [-51.96608618026049, -29.465219819706007]]]}}, {"id": "849", "type": "Feature", "properties": {"id": 629, "codigo": "0595", "numero": "545", "fl_rural": 0, "Destinação": "NÃO ATRIBUÍDO"}, "geometry": {"type": "Polygon", "coordinates": [[[-51.96643806939412, -29.465128749935467], [-51.966178377736064, -29.46567901635222], [-51.967158893623434, -29.466019994221238], [-51.967416130585335, -29.4654695240792], [-51.96643806939412, -29.465128749935467]]]}}, {"id": "850", "type": "Feature", "properties": {"id": 628, "codigo": "0488", "numero": "475", "fl_rural": 0, "Destinação": "NÃO ATRIBUÍDO"}, "geometry": {"type": "Polygon", "coordinates": [[[-51.96605378977735, -29.46563568983554], [-51.966178377736064, -29.46567901635222], [-51.966264979838186, -29.465495514093767], [-51.966140392070876, -29.465452187562505], [-51.96605378977735, -29.46563568983554]]]}}, {"id": "851", "type": "Feature", "properties": {"id": 625, "codigo": "0401", "numero": "670", "fl_rural": 0, "Destinação": "NÃO ATRIBUÍDO"}, "geometry": {"type": "Polygon", "coordinates": [[[-51.96635146800298, -29.465312252391783], [-51.96643806939412, -29.465128749935467], [-51.96603291167322, -29.464987582846053], [-51.96614288807622, -29.465074953266765], [-51.96608618026049, -29.465219819706007], [-51.96635146800298, -29.465312252391783]]]}}, {"id": "852", "type": "Feature", "properties": {"id": 613, "codigo": "0106", "numero": "711", "fl_rural": 0, "Destinação": "NÃO AFETADO"}, "geometry": {"type": "Polygon", "coordinates": [[[-51.96650741437145, -29.464959568911315], [-51.96749403071785, -29.465302821641924], [-51.96756593390334, -29.465148951799225], [-51.96657802570336, -29.46480609900305], [-51.96650741437145, -29.464959568911315]]]}}, {"id": "853", "type": "Feature", "properties": {"id": 614, "codigo": "0116", "numero": "000", "fl_rural": 0, "Destinação": "NÃO AFETADO"}, "geometry": {"type": "Polygon", "coordinates": [[[-51.96760887025185, -29.465057069643578], [-51.96678716523182, -29.46476511904652], [-51.966742826417814, -29.464862542720837], [-51.96756593390334, -29.465148951799225], [-51.96760887025185, -29.465057069643578]]]}}, {"id": "854", "type": "Feature", "properties": {"id": 623, "codigo": "0362", "numero": "714", "fl_rural": 0, "Destinação": "NÃO ATRIBUÍDO"}, "geometry": {"type": "Polygon", "coordinates": [[[-51.96617471603783, -29.46464664653984], [-51.966093110015684, -29.46481956363668], [-51.96650741437145, -29.464959568911315], [-51.96658649924733, -29.464787682180614], [-51.96617471603783, -29.46464664653984]]]}}, {"id": "855", "type": "Feature", "properties": {"id": 616, "codigo": "0224", "numero": "572", "fl_rural": 0, "Destinação": "NÃO ATRIBUÍDO"}, "geometry": {"type": "Polygon", "coordinates": [[[-51.96690533211946, -29.46480710399889], [-51.967123815713876, -29.464884731250358], [-51.96717641633127, -29.464760652626605], [-51.9669706302634, -29.46465307408433], [-51.96690533211946, -29.46480710399889]]]}}, {"id": "856", "type": "Feature", "properties": {"id": 622, "codigo": "0338", "numero": "730", "fl_rural": 0, "Destinação": "NÃO ATRIBUÍDO"}, "geometry": {"type": "Polygon", "coordinates": [[[-51.966742826417814, -29.464862542720837], [-51.96678716523182, -29.46476511904652], [-51.96666342360837, -29.46472115331144], [-51.96668139954199, -29.464681655679797], [-51.96664277146428, -29.464692041706723], [-51.96656062964683, -29.464663016494754], [-51.96655746831287, -29.46466970534803], [-51.96622227904025, -29.464554902988585], [-51.96617471603783, -29.46464664653984], [-51.96658649924733, -29.464787682180614], [-51.96657802570336, -29.46480609900305], [-51.966742826417814, -29.464862542720837]]]}}, {"id": "857", "type": "Feature", "properties": {"id": 617, "codigo": "0236", "numero": "562", "fl_rural": 0, "Destinação": "NÃO ATRIBUÍDO"}, "geometry": {"type": "Polygon", "coordinates": [[[-51.96678716523182, -29.46476511904652], [-51.96690533211946, -29.46480710399889], [-51.9669706302634, -29.46465307408433], [-51.96686361820068, -29.46459713151331], [-51.96678716523182, -29.46476511904652]]]}}, {"id": "858", "type": "Feature", "properties": {"id": 618, "codigo": "0249", "numero": "550", "fl_rural": 0, "Destinação": "NÃO ATRIBUÍDO"}, "geometry": {"type": "Polygon", "coordinates": [[[-51.96678716523182, -29.46476511904652], [-51.96686361820068, -29.46459713151331], [-51.96674721613815, -29.464536280143086], [-51.96666342360837, -29.46472115331144], [-51.96678716523182, -29.46476511904652]]]}}, {"id": "859", "type": "Feature", "properties": {"id": 35945, "codigo": "0062", "numero": null, "fl_rural": 0, "Destinação": "NÃO ATRIBUÍDO"}, "geometry": {"type": "Polygon", "coordinates": [[[-51.97211127465163, -29.468888462757562], [-51.97210126729036, -29.468780525291084], [-51.97179289951382, -29.468802417978974], [-51.97180290665596, -29.468910355565228], [-51.97211127465163, -29.468888462757562]]]}}, {"id": "860", "type": "Feature", "properties": {"id": 14027, "codigo": "0596", "numero": "48", "fl_rural": 0, "Destinação": "NÃO ATRIBUÍDO"}, "geometry": {"type": "Polygon", "coordinates": [[[-51.9724096470814, -29.468717745399026], [-51.972098122228566, -29.46873484801468], [-51.97210892165602, -29.46886402212283], [-51.97241917192302, -29.468842242463918], [-51.9724096470814, -29.468717745399026]]]}}, {"id": "861", "type": "Feature", "properties": {"id": 35946, "codigo": "0050", "numero": null, "fl_rural": 0, "Destinação": "NÃO ATRIBUÍDO"}, "geometry": {"type": "Polygon", "coordinates": [[[-51.97210126729036, -29.468780525291084], [-51.972091259850586, -29.468672587822404], [-51.971782892397165, -29.468694480480004], [-51.97179289951382, -29.468802417978974], [-51.97210126729036, -29.468780525291084]]]}}, {"id": "862", "type": "Feature", "properties": {"id": 35947, "codigo": "0038", "numero": null, "fl_rural": 0, "Destinação": "NÃO ATRIBUÍDO"}, "geometry": {"type": "Polygon", "coordinates": [[[-51.972091259850586, -29.468672587822404], [-51.97207875061083, -29.468537665937074], [-51.97177038356131, -29.468559558556795], [-51.971782892397165, -29.468694480480004], [-51.972091259850586, -29.468672587822404]]]}}, {"id": "863", "type": "Feature", "properties": {"id": 14024, "codigo": "0556", "numero": "580", "fl_rural": 0, "Destinação": "NÃO ATRIBUÍDO"}, "geometry": {"type": "Polygon", "coordinates": [[[-51.9724096470814, -29.468717745399026], [-51.97238206055876, -29.468357165135693], [-51.97206066150999, -29.46834256053249], [-51.972098122228566, -29.46873484801468], [-51.9724096470814, -29.468717745399026]]]}}, {"id": "864", "type": "Feature", "properties": {"id": 35948, "codigo": "0036", "numero": null, "fl_rural": 0, "Destinação": "NÃO ATRIBUÍDO"}, "geometry": {"type": "Polygon", "coordinates": [[[-51.97207875061083, -29.468537665937074], [-51.97206066150999, -29.46834256053249], [-51.971750786504124, -29.468348180915598], [-51.97177038356131, -29.468559558556795], [-51.97207875061083, -29.468537665937074]]]}}, {"id": "865", "type": "Feature", "properties": {"id": 1108, "codigo": "1988", "numero": "0", "fl_rural": 0, "Destinação": "NÃO ATRIBUÍDO"}, "geometry": {"type": "Polygon", "coordinates": [[[-51.97203495647439, -29.468211326022097], [-51.97237435609473, -29.468233178638794], [-51.972372673668374, -29.46822044393689], [-51.97201917481893, -29.468065186232334], [-51.97203495647439, -29.468211326022097]]]}}, {"id": "866", "type": "Feature", "properties": {"id": 1104, "codigo": "1955", "numero": "0", "fl_rural": 0, "Destinação": "NÃO ATRIBUÍDO"}, "geometry": {"type": "Polygon", "coordinates": [[[-51.97092460400823, -29.467681177005897], [-51.97137234660755, -29.467497482967108], [-51.971431620422784, -29.46757056655978], [-51.97127826533492, -29.467203494966828], [-51.97131464606768, -29.467192835002436], [-51.97085548850989, -29.46727406891643], [-51.97087293495749, -29.46733867583116], [-51.97097613816149, -29.467511825658544], [-51.970862935219536, -29.467564451116], [-51.97092460400823, -29.467681177005897]]]}}, {"id": "867", "type": "Feature", "properties": {"id": 1104, "codigo": "1955", "numero": "0", "fl_rural": 0, "Destinação": "NÃO ATRIBUÍDO"}, "geometry": {"type": "Polygon", "coordinates": [[[-51.97179015257619, -29.468012630526104], [-51.97174378310805, -29.468039123847504], [-51.97177430703044, -29.46821310500682], [-51.97203495647439, -29.468211326022097], [-51.97201917481893, -29.468065186232334], [-51.97172964270882, -29.467938022902448], [-51.97179015257619, -29.468012630526104]]]}}, {"id": "868", "type": "Feature", "properties": {"id": 1109, "codigo": "2002", "numero": "665", "fl_rural": 0, "Destinação": "NÃO ATRIBUÍDO"}, "geometry": {"type": "Polygon", "coordinates": [[[-51.97237435609473, -29.468233178638794], [-51.97241569379189, -29.46823933849802], [-51.972372673668374, -29.46822044393689], [-51.97237435609473, -29.468233178638794]]]}}, {"id": "869", "type": "Feature", "properties": {"id": 1063, "codigo": "0389", "numero": "0", "fl_rural": 0, "Destinação": "NÃO AFETADO"}, "geometry": {"type": "Polygon", "coordinates": [[[-51.972406911717535, -29.466872788867008], [-51.972604919266814, -29.466814770425312], [-51.97259013574314, -29.46676249565112], [-51.97221809033782, -29.46679493498628], [-51.97222896017962, -29.4668883047919], [-51.972406911717535, -29.466872788867008]]]}}, {"id": "870", "type": "Feature", "properties": {"id": 1062, "codigo": "0385", "numero": "0", "fl_rural": 0, "Destinação": "NÃO ATRIBUÍDO"}, "geometry": {"type": "Polygon", "coordinates": [[[-51.97215792961202, -29.46627816160639], [-51.97221809033782, -29.46679493498628], [-51.97259013574314, -29.46676249565112], [-51.972444949797776, -29.466249115845706], [-51.97215792961202, -29.46627816160639]]]}}, {"id": "871", "type": "Feature", "properties": {"id": 1091, "codigo": "1699", "numero": "0", "fl_rural": 0, "Destinação": "NÃO ATRIBUÍDO"}, "geometry": {"type": "Polygon", "coordinates": [[[-51.969981725799244, -29.46772397950254], [-51.96977681976815, -29.467962055566314], [-51.969864603317625, -29.468024929826488], [-51.970071876335126, -29.467785709738454], [-51.969981725799244, -29.46772397950254]]]}}, {"id": "872", "type": "Feature", "properties": {"id": 1102, "codigo": "1945", "numero": "611", "fl_rural": 0, "Destinação": "NÃO ATRIBUÍDO"}, "geometry": {"type": "Polygon", "coordinates": [[[-51.97092460400823, -29.467681177005897], [-51.970862935219536, -29.467564451116], [-51.97097613816149, -29.467511825658544], [-51.97087293495749, -29.46733867583116], [-51.97085548850989, -29.46727406891643], [-51.97059348338745, -29.46732387243197], [-51.970271836777805, -29.467431695846123], [-51.97006626109664, -29.467538269539578], [-51.96992071606232, -29.467630111262856], [-51.97033983958971, -29.467917754544448], [-51.97062816073342, -29.468039435665084], [-51.97069925493381, -29.468201810859092], [-51.970778558111164, -29.46831237121881], [-51.9709197122557, -29.468447632394792], [-51.97117324981413, -29.468351697982232], [-51.97161555584271, -29.468216145398955], [-51.97177430703044, -29.46821310500682], [-51.97174378310805, -29.468039123847504], [-51.97179015257619, -29.468012630526104], [-51.97172964270882, -29.467938022902448], [-51.97155266205935, -29.46786029249562], [-51.971431620422784, -29.46757056655978], [-51.97137234660755, -29.467497482967108], [-51.97092460400823, -29.467681177005897]]]}}, {"id": "873", "type": "Feature", "properties": {"id": 1090, "codigo": "1688", "numero": "0", "fl_rural": 0, "Destinação": "NÃO ATRIBUÍDO"}, "geometry": {"type": "Polygon", "coordinates": [[[-51.96989238754955, -29.46766280533962], [-51.96968539867966, -29.46790327236902], [-51.96977681976815, -29.467962055566314], [-51.969981725799244, -29.46772397950254], [-51.96989238754955, -29.46766280533962]]]}}, {"id": "874", "type": "Feature", "properties": {"id": 1100, "codigo": "1874", "numero": "0", "fl_rural": 0, "Destinação": "ÁREA DE PRESERVAÇÃO PERMANENTE"}, "geometry": {"type": "Polygon", "coordinates": [[[-51.969716999880596, -29.46733857293194], [-51.96981784159559, -29.46741386830789], [-51.96992071606232, -29.467630111262856], [-51.97006626109664, -29.467538269539578], [-51.970271836777805, -29.467431695846123], [-51.97059348338745, -29.46732387243197], [-51.97068791822734, -29.46730371459423], [-51.97065482900036, -29.46719170453812], [-51.969716999880596, -29.46733857293194]]]}}, {"id": "875", "type": "Feature", "properties": {"id": 1107, "codigo": "1970", "numero": "984", "fl_rural": 0, "Destinação": "ÁREA DE RECREAÇÃO PÚBLICA"}, "geometry": {"type": "Polygon", "coordinates": [[[-51.969542145704246, -29.465876687726126], [-51.96951780034884, -29.465898293248962], [-51.969398142160266, -29.465973262179343], [-51.96902536769082, -29.466029026682065], [-51.96895805064191, -29.46609873709353], [-51.96885181389884, -29.466412599002034], [-51.96876800815822, -29.46656400802125], [-51.96864601256852, -29.46668449504832], [-51.968586268300044, -29.46700852685034], [-51.96878275785225, -29.467133698141183], [-51.969083040008066, -29.467199504677037], [-51.96935231116745, -29.467233125580282], [-51.9696897737266, -29.467318243896], [-51.969716999880596, -29.46733857293194], [-51.97065482900036, -29.46719170453812], [-51.9718599136632, -29.467033065456683], [-51.97210912773652, -29.46696004292679], [-51.97202712978518, -29.466314269314285], [-51.969542145704246, -29.465876687726126]]]}}, {"id": "876", "type": "Feature", "properties": {"id": 1081, "codigo": "1365", "numero": "0", "fl_rural": 0, "Destinação": "ÁREA DE PRESERVAÇÃO PERMANENTE"}, "geometry": {"type": "Polygon", "coordinates": [[[-51.97204701176651, -29.465708283011946], [-51.97193332459751, -29.46560134711424], [-51.97199942623706, -29.46532130370962], [-51.97193655765506, -29.464810038198983], [-51.97212420454353, -29.464792673224846], [-51.97224060146852, -29.464299550945555], [-51.972386380100716, -29.46421295487815], [-51.972328629564636, -29.46377423243233], [-51.97181503574495, -29.463821760547212], [-51.97179808743067, -29.463659412573453], [-51.97144571272327, -29.46384913511328], [-51.97110991258131, -29.464016567335793], [-51.97090793424782, -29.464215342709036], [-51.970731172842534, -29.464464074648067], [-51.9704909441463, -29.46464292286963], [-51.97030637999074, -29.464731125843798], [-51.97016208947697, -29.464863439709465], [-51.97009987904303, -29.465060937059704], [-51.970097863234614, -29.46538588691188], [-51.96997250746166, -29.465549581664632], [-51.96980367874783, -29.465642160135424], [-51.96973562088168, -29.465704422676414], [-51.97209748850795, -29.466118774487335], [-51.97204701176651, -29.465708283011946]]]}}, {"id": "877", "type": "Feature", "properties": {"id": 1089, "codigo": "1677", "numero": "721", "fl_rural": 0, "Destinação": "NÃO ATRIBUÍDO"}, "geometry": {"type": "Polygon", "coordinates": [[[-51.96986609771891, -29.467610858192355], [-51.969639691444875, -29.46787388302321], [-51.96968539867966, -29.46790327236902], [-51.96989238754955, -29.46766280533962], [-51.96986609771891, -29.467610858192355]]]}}, {"id": "878", "type": "Feature", "properties": {"id": 1088, "codigo": "1671", "numero": "871", "fl_rural": 0, "Destinação": "NÃO ATRIBUÍDO"}, "geometry": {"type": "Polygon", "coordinates": [[[-51.96983980781258, -29.46755891103959], [-51.96959398423626, -29.46784449366092], [-51.969639691444875, -29.46787388302321], [-51.96986609771891, -29.467610858192355], [-51.96983980781258, -29.46755891103959]]]}}, {"id": "879", "type": "Feature", "properties": {"id": 1087, "codigo": "1666", "numero": "745", "fl_rural": 0, "Destinação": "NÃO ATRIBUÍDO"}, "geometry": {"type": "Polygon", "coordinates": [[[-51.969779972434836, -29.46744067966753], [-51.969502569897486, -29.46778571488711], [-51.96959398423626, -29.46784449366092], [-51.96983980781258, -29.46755891103959], [-51.969779972434836, -29.46744067966753]]]}}, {"id": "880", "type": "Feature", "properties": {"id": 1086, "codigo": "1655", "numero": "741", "fl_rural": 0, "Destinação": "NÃO ATRIBUÍDO"}, "geometry": {"type": "Polygon", "coordinates": [[[-51.96970323043842, -29.467381260568985], [-51.96941115566414, -29.467726936137808], [-51.969502569897486, -29.46778571488711], [-51.969779972434836, -29.46744067966753], [-51.96970323043842, -29.467381260568985]]]}}, {"id": "881", "type": "Feature", "properties": {"id": 1085, "codigo": "1644", "numero": "731", "fl_rural": 0, "Destinação": "NÃO AFETADO"}, "geometry": {"type": "Polygon", "coordinates": [[[-51.96966968485473, -29.467355287071495], [-51.96958323041466, -29.467333474057096], [-51.969307489271024, -29.4676679331349], [-51.96941115566414, -29.467726936137808], [-51.96970323043842, -29.467381260568985], [-51.96966968485473, -29.467355287071495]]]}}, {"id": "882", "type": "Feature", "properties": {"id": 1084, "codigo": "1631", "numero": "0", "fl_rural": 0, "Destinação": "NÃO AFETADO"}, "geometry": {"type": "Polygon", "coordinates": [[[-51.969441364576134, -29.467297680308615], [-51.969235617215794, -29.46763248652612], [-51.969307489271024, -29.4676679331349], [-51.96958323041466, -29.467333474057096], [-51.969441364576134, -29.467297680308615]]]}}, {"id": "883", "type": "Feature", "properties": {"id": 1083, "codigo": "1624", "numero": "0", "fl_rural": 0, "Destinação": "NÃO ATRIBUÍDO"}, "geometry": {"type": "Polygon", "coordinates": [[[-51.96908527834645, -29.46756274393454], [-51.969235617215794, -29.46763248652612], [-51.969441364576134, -29.467297680308615], [-51.969331079726274, -29.46726985457754], [-51.969278588988544, -29.467263316319155], [-51.96908527834645, -29.46756274393454]]]}}, {"id": "884", "type": "Feature", "properties": {"id": 1082, "codigo": "1607", "numero": "699", "fl_rural": 0, "Destinação": "OUTROS (mencione nas observações)"}, "geometry": {"type": "Polygon", "coordinates": [[[-51.96908527834645, -29.46756274393454], [-51.969278588988544, -29.467263316319155], [-51.96905938427679, -29.467236011770673], [-51.96891773285367, -29.467492815722938], [-51.96908527834645, -29.46756274393454]]]}}, {"id": "885", "type": "Feature", "properties": {"id": 1080, "codigo": "0995", "numero": "770", "fl_rural": 0, "Destinação": "NÃO AFETADO"}, "geometry": {"type": "Polygon", "coordinates": [[[-51.96835147372343, -29.46380580301272], [-51.967642579007, -29.46534770209441], [-51.969681757508, -29.46569494999619], [-51.96977413994164, -29.465610434278673], [-51.96993947240229, -29.465519773076362], [-51.97005153419358, -29.465373438085606], [-51.97005350764412, -29.46505533429239], [-51.970120455988486, -29.46484279620856], [-51.97027779700857, -29.46469851511457], [-51.97046451163686, -29.46460928438317], [-51.9706955895208, -29.46443724897909], [-51.970870621728615, -29.46419095038635], [-51.971080307322524, -29.463984590186367], [-51.97142221805544, -29.463814111112814], [-51.97179386559634, -29.463618971373954], [-51.97146392007521, -29.463644603864115], [-51.971426440650355, -29.463252706839043], [-51.97139018227945, -29.463256654528028], [-51.971385222775105, -29.46327698451182], [-51.9706772330491, -29.46365216123854], [-51.97016172773722, -29.46366494453558], [-51.96998814421996, -29.463846703113028], [-51.970095814680015, -29.464324225860732], [-51.969777433883905, -29.464461916144494], [-51.969446337013686, -29.46434700754259], [-51.969308371670905, -29.46387190538792], [-51.96889571425935, -29.46406858432851], [-51.96879841202076, -29.464021603107792], [-51.96852464280665, -29.464145008659425], [-51.968336734126666, -29.464054278616594], [-51.96857719995051, -29.46391479316148], [-51.96835147372343, -29.46380580301272]]]}}, {"id": "886", "type": "Feature", "properties": {"id": 800, "codigo": "0030", "numero": "232", "fl_rural": 0, "Destinação": "NÃO ATRIBUÍDO"}, "geometry": {"type": "Polygon", "coordinates": [[[-51.96852464280665, -29.464145008659425], [-51.96879841202076, -29.464021603107792], [-51.96869909223826, -29.463973647665156], [-51.96842532302485, -29.46409705301317], [-51.96852464280665, -29.464145008659425]]]}}, {"id": "887", "type": "Feature", "properties": {"id": 1061, "codigo": "0380", "numero": "0", "fl_rural": 0, "Destinação": "NÃO ATRIBUÍDO"}, "geometry": {"type": "Polygon", "coordinates": [[[-51.97193655765506, -29.464810038198983], [-51.97199942623706, -29.46532130370962], [-51.97212420454353, -29.464792673224846], [-51.97193655765506, -29.464810038198983]]]}}, {"id": "888", "type": "Feature", "properties": {"id": 1061, "codigo": "0380", "numero": "0", "fl_rural": 0, "Destinação": "NÃO ATRIBUÍDO"}, "geometry": {"type": "Polygon", "coordinates": [[[-51.97209748850795, -29.466118774487335], [-51.972213924858636, -29.46613647624164], [-51.97240888315191, -29.46612158361396], [-51.97238078775097, -29.46602223783062], [-51.97204701176651, -29.465708283011946], [-51.97209748850795, -29.466118774487335]]]}}, {"id": "889", "type": "Feature", "properties": {"id": 1078, "codigo": "0707", "numero": "0", "fl_rural": 0, "Destinação": "NÃO ATRIBUÍDO"}, "geometry": {"type": "Polygon", "coordinates": [[[-51.97175216156416, -29.46321948352074], [-51.97181503574495, -29.463821760547212], [-51.972328629564636, -29.46377423243233], [-51.97224893686608, -29.46316881116798], [-51.97175216156416, -29.46321948352074]]]}}, {"id": "890", "type": "Feature", "properties": {"id": 1079, "codigo": "0739", "numero": "890", "fl_rural": 0, "Destinação": "NÃO ATRIBUÍDO"}, "geometry": {"type": "Polygon", "coordinates": [[[-51.971426440650355, -29.463252706839043], [-51.97146392007521, -29.463644603864115], [-51.97179386559634, -29.463618971373954], [-51.97175216156416, -29.46321948352074], [-51.971426440650355, -29.463252706839043]]]}}, {"id": "891", "type": "Feature", "properties": {"id": 773, "codigo": "0448", "numero": "879", "fl_rural": 0, "Destinação": "NÃO ATRIBUÍDO"}, "geometry": {"type": "Polygon", "coordinates": [[[-51.97153128280624, -29.463120734639155], [-51.97150304430819, -29.462816236526784], [-51.97149741839688, -29.46281707259062], [-51.971427494769564, -29.463103703292163], [-51.97143046126539, -29.46312995472174], [-51.97153128280624, -29.463120734639155]]]}}, {"id": "892", "type": "Feature", "properties": {"id": 772, "codigo": "0437", "numero": "0", "fl_rural": 0, "Destinação": "NÃO ATRIBUÍDO"}, "geometry": {"type": "Polygon", "coordinates": [[[-51.97165433977145, -29.46310932693007], [-51.97162547161718, -29.462798042652796], [-51.97150304430819, -29.462816236526784], [-51.97153128280624, -29.463120734639155], [-51.97165433977145, -29.46310932693007]]]}}, {"id": "893", "type": "Feature", "properties": {"id": 774, "codigo": "0465", "numero": "0", "fl_rural": 0, "Destinação": "NÃO ATRIBUÍDO"}, "geometry": {"type": "Polygon", "coordinates": [[[-51.971830616100384, -29.463091210733147], [-51.971790743019014, -29.46277348156575], [-51.97162547161718, -29.462798042652796], [-51.97165433977145, -29.46310932693007], [-51.971830616100384, -29.463091210733147]]]}}, {"id": "894", "type": "Feature", "properties": {"id": 775, "codigo": "0494", "numero": "0", "fl_rural": 0, "Destinação": "NÃO ATRIBUÍDO"}, "geometry": {"type": "Polygon", "coordinates": [[[-51.971830616100384, -29.463091210733147], [-51.97200812760317, -29.463071635921438], [-51.971971463890284, -29.4627815395383], [-51.9718603988143, -29.462763134421554], [-51.971790743019014, -29.46277348156575], [-51.971830616100384, -29.463091210733147]]]}}, {"id": "895", "type": "Feature", "properties": {"id": 776, "codigo": "0505", "numero": "0", "fl_rural": 0, "Destinação": "NÃO ATRIBUÍDO"}, "geometry": {"type": "Polygon", "coordinates": [[[-51.97200812760317, -29.463071635921438], [-51.97212067090226, -29.463059225303542], [-51.972087872601584, -29.462800830174015], [-51.971971463890284, -29.4627815395383], [-51.97200812760317, -29.463071635921438]]]}}, {"id": "896", "type": "Feature", "properties": {"id": 777, "codigo": "0516", "numero": "0", "fl_rural": 0, "Destinação": "NÃO ATRIBUÍDO"}, "geometry": {"type": "Polygon", "coordinates": [[[-51.97224242229143, -29.463045799106467], [-51.972213849041985, -29.462821706323165], [-51.972087872601584, -29.462800830174015], [-51.97212067090226, -29.463059225303542], [-51.97224242229143, -29.463045799106467]]]}}, {"id": "897", "type": "Feature", "properties": {"id": 778, "codigo": "0521", "numero": "965", "fl_rural": 0, "Destinação": "NÃO ATRIBUÍDO"}, "geometry": {"type": "Polygon", "coordinates": [[[-51.9724079663131, -29.463027543501006], [-51.972383736588654, -29.462849859188513], [-51.972213849041985, -29.462821706323165], [-51.97224242229143, -29.463045799106467], [-51.9724079663131, -29.463027543501006]]]}}, {"id": "898", "type": "Feature", "properties": {"id": 3437, "codigo": "0053", "numero": "0", "fl_rural": 0, "Destinação": "NÃO ATRIBUÍDO"}, "geometry": {"type": "Polygon", "coordinates": [[[-51.97290716096129, -29.463725214474277], [-51.973508853309994, -29.46368151024609], [-51.973496130918214, -29.46357016357421], [-51.972894088686395, -29.463612991651367], [-51.97290716096129, -29.463725214474277]]]}}, {"id": "899", "type": "Feature", "properties": {"id": 3436, "codigo": "0041", "numero": "0", "fl_rural": 0, "Destinação": "NÃO ATRIBUÍDO"}, "geometry": {"type": "Polygon", "coordinates": [[[-51.972894088686395, -29.463612991651367], [-51.973496130918214, -29.46357016357421], [-51.97348289563306, -29.46345432708868], [-51.97288211334658, -29.463510186078082], [-51.972894088686395, -29.463612991651367]]]}}, {"id": "900", "type": "Feature", "properties": {"id": 3435, "codigo": "0028", "numero": "0", "fl_rural": 0, "Destinação": "NÃO ATRIBUÍDO"}, "geometry": {"type": "Polygon", "coordinates": [[[-51.97288211334658, -29.463510186078082], [-51.97319061482966, -29.463481502855178], [-51.9731794976534, -29.46336404319082], [-51.97286830908513, -29.46339167876712], [-51.97288211334658, -29.463510186078082]]]}}, {"id": "901", "type": "Feature", "properties": {"id": 1077, "codigo": "0660", "numero": "0", "fl_rural": 0, "Destinação": "NÃO ATRIBUÍDO"}, "geometry": {"type": "Polygon", "coordinates": [[[-51.97224893686608, -29.46316881116798], [-51.972314275537094, -29.46366518620431], [-51.972783986058744, -29.46361797791646], [-51.97272522591313, -29.46312022672373], [-51.97224893686608, -29.46316881116798]]]}}, {"id": "902", "type": "Feature", "properties": {"id": 3449, "codigo": "0471", "numero": "0", "fl_rural": 0, "Destinação": "NÃO ATRIBUÍDO"}, "geometry": {"type": "Polygon", "coordinates": [[[-51.973312927808706, -29.46321616714607], [-51.973166729585046, -29.463229139903703], [-51.97319061482966, -29.463481502855178], [-51.97333675525279, -29.46346791500662], [-51.973312927808706, -29.46321616714607]]]}}, {"id": "903", "type": "Feature", "properties": {"id": 3448, "codigo": "0457", "numero": "0", "fl_rural": 0, "Destinação": "NÃO ATRIBUÍDO"}, "geometry": {"type": "Polygon", "coordinates": [[[-51.97348289563306, -29.46345432708868], [-51.973459125990374, -29.46320319422865], [-51.973312927808706, -29.46321616714607], [-51.97333675525279, -29.46346791500662], [-51.97348289563306, -29.46345432708868]]]}}, {"id": "904", "type": "Feature", "properties": {"id": 3434, "codigo": "0015", "numero": "0", "fl_rural": 0, "Destinação": "NÃO ATRIBUÍDO"}, "geometry": {"type": "Polygon", "coordinates": [[[-51.97286830908513, -29.46339167876712], [-51.9731794976534, -29.46336404319082], [-51.973166729585046, -29.463229139903703], [-51.97285262245447, -29.46325701138378], [-51.97286830908513, -29.46339167876712]]]}}, {"id": "905", "type": "Feature", "properties": {"id": 3421, "codigo": "0302", "numero": "0", "fl_rural": 0, "Destinação": "NÃO ATRIBUÍDO"}, "geometry": {"type": "Polygon", "coordinates": [[[-51.972827771531456, -29.463006269649902], [-51.97284247082206, -29.46312623757139], [-51.97314529920426, -29.463103485704334], [-51.97313649050513, -29.463025098952514], [-51.972827771531456, -29.463006269649902]]]}}, {"id": "906", "type": "Feature", "properties": {"id": 3423, "codigo": "0328", "numero": "0", "fl_rural": 0, "Destinação": "NÃO ATRIBUÍDO"}, "geometry": {"type": "Polygon", "coordinates": [[[-51.973268512145, -29.462840870610677], [-51.973296837792596, -29.463089413251428], [-51.973443159251076, -29.463077554179424], [-51.97341291949715, -29.46282676859493], [-51.973268512145, -29.462840870610677]]]}}, {"id": "907", "type": "Feature", "properties": {"id": 779, "codigo": "0550", "numero": "536", "fl_rural": 0, "Destinação": "NÃO ATRIBUÍDO"}, "geometry": {"type": "Polygon", "coordinates": [[[-51.9724079663131, -29.463027543501006], [-51.97271490219954, -29.462993695115774], [-51.972699526918305, -29.462859000157902], [-51.97257570552516, -29.46287264243321], [-51.97256737514289, -29.462880290798076], [-51.972542979531724, -29.462876248086474], [-51.97238963889191, -29.462893142705155], [-51.9724079663131, -29.463027543501006]]]}}, {"id": "909", "type": "Feature", "properties": {"id": 346, "codigo": "0011", "numero": "137", "fl_rural": 0, "Destinação": "NÃO ATRIBUÍDO"}, "geometry": {"type": "Polygon", "coordinates": [[[-51.962603918885506, -29.465907352878016], [-51.96240217694317, -29.465837431276938], [-51.9623619397582, -29.465930218144273], [-51.96256156079535, -29.46599937189061], [-51.962603918885506, -29.465907352878016]]]}}, {"id": "910", "type": "Feature", "properties": {"id": 347, "codigo": "0022", "numero": "513", "fl_rural": 0, "Destinação": "NÃO ATRIBUÍDO"}, "geometry": {"type": "Polygon", "coordinates": [[[-51.96264630418724, -29.46581527472392], [-51.96244242747805, -29.46574461316566], [-51.96240217694317, -29.465837431276938], [-51.962603918885506, -29.465907352878016], [-51.96264630418724, -29.46581527472392]]]}}, {"id": "911", "type": "Feature", "properties": {"id": 364, "codigo": "0460", "numero": "129", "fl_rural": 0, "Destinação": "NÃO ATRIBUÍDO"}, "geometry": {"type": "Polygon", "coordinates": [[[-51.9623619397582, -29.465930218144273], [-51.96244242747805, -29.46574461316566], [-51.962336961339766, -29.465708059572666], [-51.96225646699454, -29.46589367951989], [-51.9623619397582, -29.465930218144273]]]}}, {"id": "912", "type": "Feature", "properties": {"id": 363, "codigo": "0449", "numero": "117", "fl_rural": 0, "Destinação": "NÃO ATRIBUÍDO"}, "geometry": {"type": "Polygon", "coordinates": [[[-51.96225646699454, -29.46589367951989], [-51.962310599517934, -29.465768850086572], [-51.962227242667396, -29.465742350673573], [-51.96217400651956, -29.46586511289944], [-51.96225646699454, -29.46589367951989]]]}}, {"id": "913", "type": "Feature", "properties": {"id": 331, "codigo": "0043", "numero": "520", "fl_rural": 0, "Destinação": "NÃO ATRIBUÍDO"}, "geometry": {"type": "Polygon", "coordinates": [[[-51.96288161459734, -29.465669121619854], [-51.96279073602669, -29.46586814970055], [-51.96293891229903, -29.465919750125042], [-51.96295909553466, -29.465877078592595], [-51.96291707106526, -29.465681246461305], [-51.96288161459734, -29.465669121619854]]]}}, {"id": "914", "type": "Feature", "properties": {"id": 362, "codigo": "0438", "numero": "107", "fl_rural": 0, "Destinação": "NÃO ATRIBUÍDO"}, "geometry": {"type": "Polygon", "coordinates": [[[-51.96215099430439, -29.46585714080999], [-51.962249901130804, -29.46562906494742], [-51.96214384477657, -29.465593844349023], [-51.962045510927474, -29.46582059830199], [-51.96215099430439, -29.46585714080999]]]}}, {"id": "915", "type": "Feature", "properties": {"id": 348, "codigo": "0033", "numero": "529", "fl_rural": 0, "Destinação": "NÃO ATRIBUÍDO"}, "geometry": {"type": "Polygon", "coordinates": [[[-51.962688689311314, -29.465723196557587], [-51.96237729273464, -29.465615055347136], [-51.962336961339766, -29.465708059572666], [-51.96264630418724, -29.46581527472392], [-51.962688689311314, -29.465723196557587]]]}}, {"id": "916", "type": "Feature", "properties": {"id": 349, "codigo": "0041", "numero": "111", "fl_rural": 0, "Destinação": "NÃO ATRIBUÍDO"}, "geometry": {"type": "Polygon", "coordinates": [[[-51.96217400651956, -29.46586511289944], [-51.962227242667396, -29.465742350673573], [-51.962310599517934, -29.465768850086572], [-51.96237729273464, -29.465615055347136], [-51.962358122304444, -29.465608397843173], [-51.96239761048387, -29.465517338750594], [-51.96231114577282, -29.465487836336234], [-51.96215099430439, -29.46585714080999], [-51.96217400651956, -29.46586511289944]]]}}, {"id": "917", "type": "Feature", "properties": {"id": 393, "codigo": "0164", "numero": "123", "fl_rural": 0, "Destinação": "NÃO ATRIBUÍDO"}, "geometry": {"type": "Polygon", "coordinates": [[[-51.961574059142585, -29.46654608823134], [-51.961700394610595, -29.466241188305847], [-51.961522839711506, -29.46618556185013], [-51.96140253363034, -29.46647299619067], [-51.961574059142585, -29.46654608823134]]]}}, {"id": "918", "type": "Feature", "properties": {"id": 394, "codigo": "0223", "numero": "101", "fl_rural": 0, "Destinação": "NÃO ATRIBUÍDO"}, "geometry": {"type": "Polygon", "coordinates": [[[-51.96140253363034, -29.46647299619067], [-51.96154564549222, -29.466131074474696], [-51.96142903605809, -29.46609454156162], [-51.96121710088739, -29.46639397750778], [-51.96140253363034, -29.46647299619067]]]}}, {"id": "919", "type": "Feature", "properties": {"id": 397, "codigo": "0336", "numero": "0", "fl_rural": 0, "Destinação": "NÃO ATRIBUÍDO"}, "geometry": {"type": "Polygon", "coordinates": [[[-51.961700394610595, -29.466241188305847], [-51.96172299768061, -29.466186637479066], [-51.96154564549222, -29.466131074474696], [-51.961522839711506, -29.46618556185013], [-51.961700394610595, -29.466241188305847]]]}}, {"id": "920", "type": "Feature", "properties": {"id": 395, "codigo": "0313", "numero": "106", "fl_rural": 0, "Destinação": "NÃO ATRIBUÍDO"}, "geometry": {"type": "Polygon", "coordinates": [[[-51.96162761082197, -29.465813980100375], [-51.96142903605809, -29.46609454156162], [-51.96198495463311, -29.466268705905524], [-51.96210960981884, -29.465981721266203], [-51.96162761082197, -29.465813980100375]]]}}, {"id": "921", "type": "Feature", "properties": {"id": 277, "codigo": "0136", "numero": "0", "fl_rural": 0, "Destinação": "NÃO AFETADO"}, "geometry": {"type": "Polygon", "coordinates": [[[-51.96065243885409, -29.466180995552254], [-51.96107893432969, -29.46633343676753], [-51.96148387378353, -29.465763957578307], [-51.96091770327499, -29.465566919932236], [-51.96065243885409, -29.466180995552254]]]}}, {"id": "922", "type": "Feature", "properties": {"id": 361, "codigo": "0427", "numero": "97", "fl_rural": 0, "Destinação": "NÃO ATRIBUÍDO"}, "geometry": {"type": "Polygon", "coordinates": [[[-51.962045510927474, -29.46582059830199], [-51.96214384477657, -29.465593844349023], [-51.962037788492644, -29.465558623573997], [-51.96194002772724, -29.465784055707704], [-51.962045510927474, -29.46582059830199]]]}}, {"id": "923", "type": "Feature", "properties": {"id": 360, "codigo": "0416", "numero": "0", "fl_rural": 0, "Destinação": "NÃO ATRIBUÍDO"}, "geometry": {"type": "Polygon", "coordinates": [[[-51.96194002772724, -29.465784055707704], [-51.962037788492644, -29.465558623573997], [-51.962249901130804, -29.46562906494742], [-51.96231114577282, -29.465487836336234], [-51.961935790324674, -29.465359761456405], [-51.961888667454765, -29.465450512444917], [-51.96170990598688, -29.465704334306924], [-51.96194002772724, -29.465784055707704]]]}}, {"id": "924", "type": "Feature", "properties": {"id": 279, "codigo": "0276", "numero": "81", "fl_rural": 0, "Destinação": "NÃO AFETADO"}, "geometry": {"type": "Polygon", "coordinates": [[[-51.9609731797115, -29.46543849354959], [-51.961566815351645, -29.465654911403227], [-51.96189931261177, -29.465086869443343], [-51.961947801365596, -29.46497895599997], [-51.961471810068616, -29.464921942741718], [-51.961248574190016, -29.464800957742963], [-51.9609731797115, -29.46543849354959]]]}}, {"id": "925", "type": "Feature", "properties": {"id": 284, "codigo": "0600", "numero": "0", "fl_rural": 0, "Destinação": "NÃO ATRIBUÍDO"}, "geometry": {"type": "Polygon", "coordinates": [[[-51.961248574190016, -29.464800957742963], [-51.961471810068616, -29.464921942741718], [-51.96150577491993, -29.464843313420207], [-51.961510282981884, -29.464797911437305], [-51.9614954074283, -29.464690532701265], [-51.96146183341432, -29.464619754255445], [-51.961350869665516, -29.464564142528555], [-51.961248574190016, -29.464800957742963]]]}}, {"id": "926", "type": "Feature", "properties": {"id": 278, "codigo": "0231", "numero": "0", "fl_rural": 0, "Destinação": "NÃO ATRIBUÍDO"}, "geometry": {"type": "Polygon", "coordinates": [[[-51.961350869665516, -29.464564142528555], [-51.96146183341432, -29.464619754255445], [-51.9614954074283, -29.464690532701265], [-51.961510282981884, -29.464797911437305], [-51.96150577491993, -29.464843313420207], [-51.961471810068616, -29.464921942741718], [-51.961947801365596, -29.46497895599997], [-51.96196923140699, -29.464898128865368], [-51.96200256786574, -29.464635320355747], [-51.96141191011083, -29.46442283247705], [-51.961350869665516, -29.464564142528555]]]}}, {"id": "927", "type": "Feature", "properties": {"id": 330, "codigo": "0020", "numero": "0", "fl_rural": 0, "Destinação": "NÃO ATRIBUÍDO"}, "geometry": {"type": "Polygon", "coordinates": [[[-51.96288161459734, -29.465669121619854], [-51.96291707106526, -29.465681246461305], [-51.962903965044156, -29.46562017299431], [-51.96288161459734, -29.465669121619854]]]}}, {"id": "928", "type": "Feature", "properties": {"id": 350, "codigo": "0044", "numero": "539", "fl_rural": 0, "Destinação": "NÃO ATRIBUÍDO"}, "geometry": {"type": "Polygon", "coordinates": [[[-51.96273107446316, -29.465631118287234], [-51.96239761048387, -29.465517338750594], [-51.962358122304444, -29.465608397843173], [-51.962688689311314, -29.465723196557587], [-51.96273107446316, -29.465631118287234]]]}}, {"id": "929", "type": "Feature", "properties": {"id": 351, "codigo": "0055", "numero": "553", "fl_rural": 0, "Destinação": "NÃO ATRIBUÍDO"}, "geometry": {"type": "Polygon", "coordinates": [[[-51.96277345943818, -29.465539040094853], [-51.96245610817227, -29.46543151240392], [-51.96241399773612, -29.46552293016485], [-51.96273107446316, -29.465631118287234], [-51.96277345943818, -29.465539040094853]]]}}, {"id": "930", "type": "Feature", "properties": {"id": 358, "codigo": "0346", "numero": "0", "fl_rural": 0, "Destinação": "NÃO ATRIBUÍDO"}, "geometry": {"type": "Polygon", "coordinates": [[[-51.96199187076055, -29.465274213681724], [-51.961935790324674, -29.465359761456405], [-51.96241399773612, -29.46552293016485], [-51.96245610817227, -29.46543151240392], [-51.96199187076055, -29.465274213681724]]]}}, {"id": "931", "type": "Feature", "properties": {"id": 357, "codigo": "0335", "numero": "561", "fl_rural": 0, "Destinação": "NÃO ATRIBUÍDO"}, "geometry": {"type": "Polygon", "coordinates": [[[-51.96285059464544, -29.465371469344355], [-51.96284617132883, -29.465350856888495], [-51.96208029494488, -29.465095090368063], [-51.96199187076055, -29.465274213681724], [-51.96277345943818, -29.465539040094853], [-51.96285059464544, -29.465371469344355]]]}}, {"id": "932", "type": "Feature", "properties": {"id": 356, "codigo": "0313", "numero": "591", "fl_rural": 0, "Destinação": "NÃO ATRIBUÍDO"}, "geometry": {"type": "Polygon", "coordinates": [[[-51.96281932045251, -29.465225733016393], [-51.96210820533036, -29.46498602606838], [-51.96208029494488, -29.465095090368063], [-51.96284617132883, -29.465350856888495], [-51.96281932045251, -29.465225733016393]]]}}, {"id": "933", "type": "Feature", "properties": {"id": 355, "codigo": "0301", "numero": "150", "fl_rural": 0, "Destinação": "NÃO ATRIBUÍDO"}, "geometry": {"type": "Polygon", "coordinates": [[[-51.96210820533036, -29.46498602606838], [-51.96281932040886, -29.46522573281299], [-51.962785163466904, -29.465066563004626], [-51.96214110755265, -29.46485745483923], [-51.96210820533036, -29.46498602606838]]]}}, {"id": "934", "type": "Feature", "properties": {"id": 354, "codigo": "0285", "numero": "611", "fl_rural": 0, "Destinação": "NÃO ATRIBUÍDO"}, "geometry": {"type": "Polygon", "coordinates": [[[-51.96218490856864, -29.46468629432631], [-51.96214110755265, -29.46485745483923], [-51.96278516344821, -29.465066562917542], [-51.96274093779157, -29.46486047335302], [-51.96218490856864, -29.46468629432631]]]}}, {"id": "935", "type": "Feature", "properties": {"id": 353, "codigo": "0265", "numero": "639", "fl_rural": 0, "Destinação": "NÃO ATRIBUÍDO"}, "geometry": {"type": "Polygon", "coordinates": [[[-51.96215433346419, -29.46444477008957], [-51.96213852088013, -29.464671762868345], [-51.96218490856864, -29.46468629432631], [-51.96214110755265, -29.46485745483923], [-51.962785163352, -29.465066562469225], [-51.96270516066881, -29.464693753575233], [-51.96271894845534, -29.464639029089046], [-51.96215433346419, -29.46444477008957]]]}}, {"id": "936", "type": "Feature", "properties": {"id": 272, "codigo": "0289", "numero": "665", "fl_rural": 0, "Destinação": "NÃO ATRIBUÍDO"}, "geometry": {"type": "Polygon", "coordinates": [[[-51.962856193339846, -29.464220780331434], [-51.96226075803294, -29.464018803691783], [-51.96213799196097, -29.46430283452365], [-51.96275204083245, -29.46450768361667], [-51.96281450042561, -29.46425977804186], [-51.962856193339846, -29.464220780331434]]]}}, {"id": "937", "type": "Feature", "properties": {"id": 265, "codigo": "0044", "numero": "0", "fl_rural": 0, "Destinação": "NÃO ATRIBUÍDO"}, "geometry": {"type": "Polygon", "coordinates": [[[-51.963021204512245, -29.463942964226767], [-51.96293162084249, -29.464150228777], [-51.963117568013615, -29.463976302006195], [-51.963021204512245, -29.463942964226767]]]}}, {"id": "938", "type": "Feature", "properties": {"id": 266, "codigo": "0055", "numero": "132", "fl_rural": 0, "Destinação": "NÃO ATRIBUÍDO"}, "geometry": {"type": "Polygon", "coordinates": [[[-51.963021204512245, -29.463942964226767], [-51.962915702519275, -29.463906464923195], [-51.9627896108669, -29.46419819515848], [-51.962856193339846, -29.464220780331434], [-51.96293162084249, -29.464150228777], [-51.963021204512245, -29.463942964226767]]]}}, {"id": "939", "type": "Feature", "properties": {"id": 1541, "codigo": "0338", "numero": "0", "fl_rural": 0, "Destinação": "NÃO ATRIBUÍDO"}, "geometry": {"type": "Polygon", "coordinates": [[[-51.961000173357554, -29.464659266079778], [-51.96104235271057, -29.46456188888487], [-51.96072442258795, -29.464417437929203], [-51.960668838477325, -29.46451359725027], [-51.961000173357554, -29.464659266079778]]]}}, {"id": "940", "type": "Feature", "properties": {"id": 1542, "codigo": "0350", "numero": "0", "fl_rural": 0, "Destinação": "NÃO ATRIBUÍDO"}, "geometry": {"type": "Polygon", "coordinates": [[[-51.96104235271057, -29.46456188888487], [-51.961086397360155, -29.464460205256156], [-51.960780221411476, -29.464320907023232], [-51.96072442258795, -29.464417437929203], [-51.96104235271057, -29.46456188888487]]]}}, {"id": "941", "type": "Feature", "properties": {"id": 280, "codigo": "0299", "numero": "241", "fl_rural": 0, "Destinação": "NÃO ATRIBUÍDO"}, "geometry": {"type": "Polygon", "coordinates": [[[-51.96141191011083, -29.46442283247705], [-51.96200256786574, -29.464635320355747], [-51.962023671835475, -29.46439981453385], [-51.9614979561888, -29.464223633339586], [-51.96141191011083, -29.46442283247705]]]}}, {"id": "942", "type": "Feature", "properties": {"id": 1543, "codigo": "0362", "numero": "0", "fl_rural": 0, "Destinação": "NÃO ATRIBUÍDO"}, "geometry": {"type": "Polygon", "coordinates": [[[-51.961086397360155, -29.464460205256156], [-51.96113044192443, -29.464358521613335], [-51.96083607705731, -29.464224277675875], [-51.960780221411476, -29.464320907023232], [-51.961086397360155, -29.464460205256156]]]}}, {"id": "943", "type": "Feature", "properties": {"id": 1544, "codigo": "0374", "numero": "0", "fl_rural": 0, "Destinação": "NÃO ATRIBUÍDO"}, "geometry": {"type": "Polygon", "coordinates": [[[-51.96113044192443, -29.464358521613335], [-51.96117448640339, -29.464256837956412], [-51.960891934728146, -29.464127644410123], [-51.96083607705731, -29.464224277675875], [-51.96113044192443, -29.464358521613335]]]}}, {"id": "944", "type": "Feature", "properties": {"id": 1546, "codigo": "0399", "numero": "347", "fl_rural": 0, "Destinação": "NÃO ATRIBUÍDO"}, "geometry": {"type": "Polygon", "coordinates": [[[-51.96076998019541, -29.46433862411556], [-51.960940114092026, -29.46404429457688], [-51.96082962897752, -29.464007766505127], [-51.960659267834146, -29.46428723705521], [-51.96076998019541, -29.46433862411556]]]}}, {"id": "945", "type": "Feature", "properties": {"id": 1545, "codigo": "0388", "numero": "0", "fl_rural": 0, "Destinação": "NÃO ATRIBUÍDO"}, "geometry": {"type": "Polygon", "coordinates": [[[-51.96117448640339, -29.464256837956412], [-51.961225658377586, -29.464138699186723], [-51.960940114092026, -29.46404429457688], [-51.960891934728146, -29.464127644410123], [-51.96117448640339, -29.464256837956412]]]}}, {"id": "946", "type": "Feature", "properties": {"id": 281, "codigo": "0348", "numero": "0", "fl_rural": 0, "Destinação": "NÃO ATRIBUÍDO"}, "geometry": {"type": "Polygon", "coordinates": [[[-51.962160899575956, -29.46397921255252], [-51.961673738564194, -29.46381668956489], [-51.96154866981175, -29.464106229573762], [-51.96203542836569, -29.464268618276783], [-51.962160899575956, -29.46397921255252]]]}}, {"id": "947", "type": "Feature", "properties": {"id": 1547, "codigo": "0417", "numero": "0", "fl_rural": 0, "Destinação": "NÃO AFETADO"}, "geometry": {"type": "Polygon", "coordinates": [[[-51.96127683013348, -29.46402056039871], [-51.96132675626049, -29.463908286523424], [-51.961054844197236, -29.463753342407472], [-51.960953663864004, -29.463913717348678], [-51.96127683013348, -29.46402056039871]]]}}, {"id": "948", "type": "Feature", "properties": {"id": 1553, "codigo": "0632", "numero": "27", "fl_rural": 0, "Destinação": "NÃO ATRIBUÍDO"}, "geometry": {"type": "Polygon", "coordinates": [[[-51.960953663864004, -29.463913717348678], [-51.961054844197236, -29.463753342407472], [-51.96091608417629, -29.46368842782939], [-51.960807033475376, -29.463865239013288], [-51.960953663864004, -29.463913717348678]]]}}, {"id": "949", "type": "Feature", "properties": {"id": 267, "codigo": "0066", "numero": "124", "fl_rural": 0, "Destinação": "NÃO ATRIBUÍDO"}, "geometry": {"type": "Polygon", "coordinates": [[[-51.962915702519275, -29.463906464923195], [-51.96281020070205, -29.463869965443116], [-51.96268384013513, -29.4641623170733], [-51.9627896108669, -29.46419819515848], [-51.962915702519275, -29.463906464923195]]]}}, {"id": "950", "type": "Feature", "properties": {"id": 268, "codigo": "0077", "numero": "108", "fl_rural": 0, "Destinação": "NÃO ATRIBUÍDO"}, "geometry": {"type": "Polygon", "coordinates": [[[-51.96281020070205, -29.463869965443116], [-51.96270469885517, -29.4638334658782], [-51.962578069474866, -29.464126438811924], [-51.96268384013513, -29.4641623170733], [-51.96281020070205, -29.463869965443116]]]}}, {"id": "951", "type": "Feature", "properties": {"id": 269, "codigo": "0088", "numero": "100", "fl_rural": 0, "Destinação": "NÃO ATRIBUÍDO"}, "geometry": {"type": "Polygon", "coordinates": [[[-51.96270469885517, -29.4638334658782], [-51.962599197185725, -29.463796966317226], [-51.96247229888778, -29.464090560554833], [-51.962578069474866, -29.464126438811924], [-51.96270469885517, -29.4638334658782]]]}}, {"id": "952", "type": "Feature", "properties": {"id": 270, "codigo": "0099", "numero": "86", "fl_rural": 0, "Destinação": "NÃO ATRIBUÍDO"}, "geometry": {"type": "Polygon", "coordinates": [[[-51.962599197185725, -29.463796966317226], [-51.96249369548578, -29.463760466581203], [-51.96236652837221, -29.46405468212153], [-51.96247229888778, -29.464090560554833], [-51.962599197185725, -29.463796966317226]]]}}, {"id": "953", "type": "Feature", "properties": {"id": 271, "codigo": "0144", "numero": "78", "fl_rural": 0, "Destinação": "NÃO ATRIBUÍDO"}, "geometry": {"type": "Polygon", "coordinates": [[[-51.96226075803294, -29.464018803691783], [-51.96247229888778, -29.464090560554833], [-51.962599197185725, -29.463796966317226], [-51.962388193963285, -29.463723966849116], [-51.96226075803294, -29.464018803691783]]]}}, {"id": "954", "type": "Feature", "properties": {"id": 213, "codigo": "0157", "numero": "157", "fl_rural": 0, "Destinação": "NÃO ATRIBUÍDO"}, "geometry": {"type": "Polygon", "coordinates": [[[-51.96318064118593, -29.463849411151386], [-51.963208660054825, -29.463859050158266], [-51.96320016882162, -29.463806631416652], [-51.96318064118593, -29.463849411151386]]]}}, {"id": "955", "type": "Feature", "properties": {"id": 212, "codigo": "0145", "numero": "115", "fl_rural": 0, "Destinação": "NÃO ATRIBUÍDO"}, "geometry": {"type": "Polygon", "coordinates": [[[-51.96275980128485, -29.46370463328664], [-51.96318064118593, -29.463849411151386], [-51.96320016882162, -29.463806631416652], [-51.963154458966315, -29.4635244517809], [-51.962883323329244, -29.46342794991536], [-51.96275980128485, -29.46370463328664]]]}}, {"id": "956", "type": "Feature", "properties": {"id": 211, "codigo": "0101", "numero": "101", "fl_rural": 0, "Destinação": "NÃO ATRIBUÍDO"}, "geometry": {"type": "Polygon", "coordinates": [[[-51.962883323329244, -29.46342794991536], [-51.96277824696595, -29.463390551260996], [-51.96265423152192, -29.463668314753015], [-51.96275980128485, -29.46370463328664], [-51.962883323329244, -29.46342794991536]]]}}, {"id": "957", "type": "Feature", "properties": {"id": 210, "codigo": "0089", "numero": "93", "fl_rural": 0, "Destinação": "NÃO ATRIBUÍDO"}, "geometry": {"type": "Polygon", "coordinates": [[[-51.96277824696595, -29.463390551260996], [-51.96267603646621, -29.463354172429707], [-51.9625486619361, -29.463631996223253], [-51.96265423152192, -29.463668314753015], [-51.96277824696595, -29.463390551260996]]]}}, {"id": "958", "type": "Feature", "properties": {"id": 226, "codigo": "0160", "numero": "338", "fl_rural": 0, "Destinação": "NÃO ATRIBUÍDO"}, "geometry": {"type": "Polygon", "coordinates": [[[-51.96217178082185, -29.463390801035317], [-51.962121833802826, -29.463498705076624], [-51.96233320534377, -29.463571037107446], [-51.962381021620544, -29.463462785605486], [-51.96217178082185, -29.463390801035317]]]}}, {"id": "959", "type": "Feature", "properties": {"id": 619, "codigo": "0261", "numero": "536", "fl_rural": 0, "Destinação": "NÃO ATRIBUÍDO"}, "geometry": {"type": "Polygon", "coordinates": [[[-51.96668139954199, -29.464681655679797], [-51.96674721613815, -29.464536280143086], [-51.966645628794666, -29.46448317344623], [-51.96656062964683, -29.464663016494754], [-51.96664277146428, -29.464692041706723], [-51.96668139954199, -29.464681655679797]]]}}, {"id": "960", "type": "Feature", "properties": {"id": 620, "codigo": "0283", "numero": "526", "fl_rural": 0, "Destinação": "NÃO ATRIBUÍDO"}, "geometry": {"type": "Polygon", "coordinates": [[[-51.966645628794666, -29.46448317344623], [-51.96648188535188, -29.464397573477935], [-51.96638171713381, -29.464609510741962], [-51.96655746831287, -29.46466970534803], [-51.966645628794666, -29.46448317344623]]]}}, {"id": "961", "type": "Feature", "properties": {"id": 621, "codigo": "0327", "numero": "760", "fl_rural": 0, "Destinação": "NÃO ATRIBUÍDO"}, "geometry": {"type": "Polygon", "coordinates": [[[-51.96638171713381, -29.464609510741962], [-51.96648188535188, -29.464397573477935], [-51.966342026422794, -29.464324459588973], [-51.96622227904025, -29.464554902988585], [-51.96638171713381, -29.464609510741962]]]}}, {"id": "962", "type": "Feature", "properties": {"id": 685, "codigo": "0541", "numero": "0", "fl_rural": 0, "Destinação": "NÃO ATRIBUÍDO"}, "geometry": {"type": "Polygon", "coordinates": [[[-51.967898070481326, -29.46392990630015], [-51.968027292074076, -29.46364681507412], [-51.96782777229501, -29.46354683920658], [-51.96771638431221, -29.463828238143403], [-51.96768995731868, -29.46380975896089], [-51.96769909818474, -29.463787221876213], [-51.96759395501587, -29.463743687699697], [-51.96758891353358, -29.463756247529222], [-51.96747970317458, -29.46370526038175], [-51.967599577607686, -29.46342913577276], [-51.96751727481927, -29.463386683569823], [-51.967488222046576, -29.46340943459667], [-51.967357311309954, -29.463704266460436], [-51.967343245087, -29.463699777843452], [-51.96729651720431, -29.463796082408123], [-51.96708701106742, -29.463723620160188], [-51.967017475134554, -29.463778073271857], [-51.967443432960756, -29.46420978500992], [-51.96791631589322, -29.464372372071068], [-51.96808919131189, -29.46399549848777], [-51.967898070481326, -29.46392990630015]]]}}, {"id": "963", "type": "Feature", "properties": {"id": 802, "codigo": "0147", "numero": "0", "fl_rural": 0, "Destinação": "OUTROS (mencione nas observações)"}, "geometry": {"type": "Polygon", "coordinates": [[[-51.96842532302485, -29.46409705301317], [-51.96869909223826, -29.463973647665156], [-51.96857719995051, -29.46391479316148], [-51.968336734126666, -29.464054278616594], [-51.96842532302485, -29.46409705301317]]]}}, {"id": "964", "type": "Feature", "properties": {"id": 815, "codigo": "0540", "numero": "255", "fl_rural": 0, "Destinação": "NÃO ATRIBUÍDO"}, "geometry": {"type": "Polygon", "coordinates": [[[-51.968811223989064, -29.463931076683934], [-51.96899445330159, -29.464021523989203], [-51.969308371670905, -29.46387190538792], [-51.96911418899931, -29.463793365841113], [-51.968811223989064, -29.463931076683934]]]}}, {"id": "965", "type": "Feature", "properties": {"id": 803, "codigo": "0229", "numero": "169", "fl_rural": 0, "Destinação": "NÃO ATRIBUÍDO"}, "geometry": {"type": "Polygon", "coordinates": [[[-51.96911418899931, -29.463793365841113], [-51.968816774871485, -29.4636760510925], [-51.968666462387176, -29.46385961782454], [-51.968811223989064, -29.463931076683934], [-51.96911418899931, -29.463793365841113]]]}}, {"id": "966", "type": "Feature", "properties": {"id": 804, "codigo": "0242", "numero": "221", "fl_rural": 0, "Destinação": "NÃO ATRIBUÍDO"}, "geometry": {"type": "Polygon", "coordinates": [[[-51.968565903653364, -29.463809978717745], [-51.968666462387176, -29.46385961782454], [-51.968816774871485, -29.4636760510925], [-51.968707186007805, -29.46363282385885], [-51.968565903653364, -29.463809978717745]]]}}, {"id": "967", "type": "Feature", "properties": {"id": 805, "codigo": "0300", "numero": "962", "fl_rural": 0, "Destinação": "NÃO ATRIBUÍDO"}, "geometry": {"type": "Polygon", "coordinates": [[[-51.968389896701815, -29.463723095618032], [-51.968565903653364, -29.463809978717745], [-51.968707186007805, -29.46363282385885], [-51.96847447690586, -29.463541031952413], [-51.968389896701815, -29.463723095618032]]]}}, {"id": "968", "type": "Feature", "properties": {"id": 665, "codigo": "0206", "numero": "864", "fl_rural": 0, "Destinação": "NÃO ATRIBUÍDO"}, "geometry": {"type": "Polygon", "coordinates": [[[-51.96729651720431, -29.463796082408123], [-51.967343245087, -29.463699777843452], [-51.967183978287906, -29.463647685795493], [-51.96708701106742, -29.463723620160188], [-51.96729651720431, -29.463796082408123]]]}}, {"id": "969", "type": "Feature", "properties": {"id": 659, "codigo": "0101", "numero": "64", "fl_rural": 0, "Destinação": "NÃO ATRIBUÍDO"}, "geometry": {"type": "Polygon", "coordinates": [[[-51.96724934880877, -29.46366906684069], [-51.967301942394506, -29.46355530891343], [-51.967183978287906, -29.463647685795493], [-51.96724934880877, -29.46366906684069]]]}}, {"id": "970", "type": "Feature", "properties": {"id": 653, "codigo": "0021", "numero": "170", "fl_rural": 0, "Destinação": "NÃO ATRIBUÍDO"}, "geometry": {"type": "Polygon", "coordinates": [[[-51.968027292074076, -29.46364681507412], [-51.967898070481326, -29.46392990630015], [-51.96808919131189, -29.46399549848777], [-51.96820767406843, -29.463737200987094], [-51.968027292074076, -29.46364681507412]]]}}, {"id": "971", "type": "Feature", "properties": {"id": 655, "codigo": "0057", "numero": "0", "fl_rural": 0, "Destinação": "NÃO ATRIBUÍDO"}, "geometry": {"type": "Polygon", "coordinates": [[[-51.96759395501587, -29.463743687699697], [-51.96769909818474, -29.463787221876213], [-51.96780612711794, -29.463535674516567], [-51.9676995208794, -29.46348068683378], [-51.96759395501587, -29.463743687699697]]]}}, {"id": "972", "type": "Feature", "properties": {"id": 656, "codigo": "0068", "numero": "100", "fl_rural": 0, "Destinação": "NÃO ATRIBUÍDO"}, "geometry": {"type": "Polygon", "coordinates": [[[-51.96747970317458, -29.46370526038175], [-51.96758891353358, -29.463756247529222], [-51.9676995208794, -29.46348068683378], [-51.967599577607686, -29.46342913577276], [-51.96747970317458, -29.46370526038175]]]}}, {"id": "973", "type": "Feature", "properties": {"id": 658, "codigo": "0090", "numero": "84", "fl_rural": 0, "Destinação": "NÃO ATRIBUÍDO"}, "geometry": {"type": "Polygon", "coordinates": [[[-51.96724934880877, -29.46366906684069], [-51.967357311309954, -29.463704266460436], [-51.967488222046576, -29.46340943459667], [-51.967301942394506, -29.46355530891343], [-51.96724934880877, -29.46366906684069]]]}}, {"id": "974", "type": "Feature", "properties": {"id": 702, "codigo": "0390", "numero": "965", "fl_rural": 0, "Destinação": "NÃO ATRIBUÍDO"}, "geometry": {"type": "Polygon", "coordinates": [[[-51.968255773982236, -29.463650614189774], [-51.96833251656153, -29.46348503581589], [-51.96825189620754, -29.46345323518615], [-51.96822566886374, -29.463429272775663], [-51.96814853802256, -29.463596572186376], [-51.968255773982236, -29.463650614189774]]]}}, {"id": "975", "type": "Feature", "properties": {"id": 701, "codigo": "0345", "numero": "157", "fl_rural": 0, "Destinação": "NÃO ATRIBUÍDO"}, "geometry": {"type": "Polygon", "coordinates": [[[-51.96814853802256, -29.463596572186376], [-51.96822566886374, -29.463429272775663], [-51.96812454880494, -29.463336885213515], [-51.96803236587597, -29.463538026529], [-51.96814853802256, -29.463596572186376]]]}}, {"id": "976", "type": "Feature", "properties": {"id": 700, "codigo": "0332", "numero": "95", "fl_rural": 0, "Destinação": "NÃO ATRIBUÍDO"}, "geometry": {"type": "Polygon", "coordinates": [[[-51.96803236587597, -29.463538026529], [-51.96812454880494, -29.463336885213515], [-51.96791291762018, -29.463143530013088], [-51.96766660526487, -29.463024614714534], [-51.96754980588499, -29.46329483583618], [-51.96803236587597, -29.463538026529]]]}}, {"id": "977", "type": "Feature", "properties": {"id": 699, "codigo": "0277", "numero": "81", "fl_rural": 0, "Destinação": "NÃO ATRIBUÍDO"}, "geometry": {"type": "Polygon", "coordinates": [[[-51.96754980588499, -29.46329483583618], [-51.96766660526487, -29.463024614714534], [-51.96757041919785, -29.46297420463905], [-51.967562249031964, -29.462992661066217], [-51.967536923930716, -29.46328826168534], [-51.96754980588499, -29.46329483583618]]]}}, {"id": "980", "type": "Feature", "properties": {"id": 688, "codigo": "0068", "numero": "572", "fl_rural": 0, "Destinação": "NÃO ATRIBUÍDO"}, "geometry": {"type": "Polygon", "coordinates": [[[-51.96774694981043, -29.463063403765435], [-51.96788780623689, -29.463131406730987], [-51.96789093921422, -29.46312344961192], [-51.96777496786538, -29.46301749328311], [-51.96774694981043, -29.463063403765435]]]}}, {"id": "981", "type": "Feature", "properties": {"id": 689, "codigo": "0079", "numero": "558", "fl_rural": 0, "Destinação": "NÃO ATRIBUÍDO"}, "geometry": {"type": "Polygon", "coordinates": [[[-51.9676358430176, -29.46300976318676], [-51.96774694981043, -29.463063403765435], [-51.96777496786538, -29.46301749328311], [-51.9676839189362, -29.462934307130876], [-51.9676358430176, -29.46300976318676]]]}}, {"id": "982", "type": "Feature", "properties": {"id": 691, "codigo": "0100", "numero": "536", "fl_rural": 0, "Destinação": "NÃO ATRIBUÍDO"}, "geometry": {"type": "Polygon", "coordinates": [[[-51.9676358430176, -29.46300976318676], [-51.9676839189362, -29.462934307130876], [-51.967575717831615, -29.46283545002581], [-51.96756412341749, -29.462970782791515], [-51.9676358430176, -29.46300976318676]]]}}, {"id": "983", "type": "Feature", "properties": {"id": 282, "codigo": "0435", "numero": "50", "fl_rural": 0, "Destinação": "NÃO ATRIBUÍDO"}, "geometry": {"type": "Polygon", "coordinates": [[[-51.962160899575956, -29.46397921255252], [-51.96228641036132, -29.46368971346845], [-51.961799384197505, -29.463525812413224], [-51.961673738564194, -29.46381668956489], [-51.962160899575956, -29.46397921255252]]]}}, {"id": "984", "type": "Feature", "properties": {"id": 1552, "codigo": "0621", "numero": "59", "fl_rural": 0, "Destinação": "NÃO ATRIBUÍDO"}, "geometry": {"type": "Polygon", "coordinates": [[[-51.960807033475376, -29.463865239013288], [-51.96091608417629, -29.46368842782939], [-51.96100082259888, -29.463728070068385], [-51.96106425038529, -29.46362345081861], [-51.96075462246306, -29.463517034733744], [-51.9605851587383, -29.463791883408245], [-51.960807033475376, -29.463865239013288]]]}}, {"id": "985", "type": "Feature", "properties": {"id": 1548, "codigo": "0530", "numero": "0", "fl_rural": 0, "Destinação": "NÃO AFETADO"}, "geometry": {"type": "Polygon", "coordinates": [[[-51.961537707295854, -29.463433896878932], [-51.96124099602515, -29.46333192116329], [-51.96100082259888, -29.463728070068385], [-51.961054844197236, -29.463753342407472], [-51.96132675626049, -29.463908286523424], [-51.961537707295854, -29.463433896878932]]]}}, {"id": "986", "type": "Feature", "properties": {"id": 1551, "codigo": "0582", "numero": "90", "fl_rural": 0, "Destinação": "NÃO ATRIBUÍDO"}, "geometry": {"type": "Polygon", "coordinates": [[[-51.96075462246306, -29.463517034733744], [-51.96106425038529, -29.46362345081861], [-51.961122199939, -29.46352786735383], [-51.96081338410834, -29.463421730445607], [-51.96075462246306, -29.463517034733744]]]}}, {"id": "987", "type": "Feature", "properties": {"id": 1550, "codigo": "0570", "numero": "0", "fl_rural": 0, "Destinação": "NÃO ATRIBUÍDO"}, "geometry": {"type": "Polygon", "coordinates": [[[-51.96081338410834, -29.463421730445607], [-51.961122199939, -29.46352786735383], [-51.9611801492828, -29.46343228386565], [-51.96087214564561, -29.463326426132653], [-51.96081338410834, -29.463421730445607]]]}}, {"id": "988", "type": "Feature", "properties": {"id": 1549, "codigo": "0558", "numero": "19", "fl_rural": 0, "Destinação": "NÃO ATRIBUÍDO"}, "geometry": {"type": "Polygon", "coordinates": [[[-51.96087214564561, -29.463326426132653], [-51.9611801492828, -29.46343228386565], [-51.96124099602515, -29.46333192116329], [-51.96093384514862, -29.463226356577323], [-51.96087214564561, -29.463326426132653]]]}}, {"id": "989", "type": "Feature", "properties": {"id": 224, "codigo": "0115", "numero": "35", "fl_rural": 0, "Destinação": "NÃO ATRIBUÍDO"}, "geometry": {"type": "Polygon", "coordinates": [[[-51.96206567324404, -29.46313954245005], [-51.961929835330295, -29.463433002194634], [-51.96202583453692, -29.46346585371616], [-51.96216160227548, -29.463172544917555], [-51.96206567324404, -29.46313954245005]]]}}, {"id": "990", "type": "Feature", "properties": {"id": 223, "codigo": "0105", "numero": "21", "fl_rural": 0, "Destinação": "NÃO ATRIBUÍDO"}, "geometry": {"type": "Polygon", "coordinates": [[[-51.96181245110212, -29.46305242602678], [-51.9618348710992, -29.463117202554855], [-51.96186492273697, -29.463301747517406], [-51.96185110927788, -29.463406065273162], [-51.961929835330295, -29.463433002194634], [-51.96206567324404, -29.46313954245005], [-51.96181245110212, -29.46305242602678]]]}}, {"id": "991", "type": "Feature", "properties": {"id": 1270, "codigo": "0125", "numero": "40", "fl_rural": 0, "Destinação": "NÃO ATRIBUÍDO"}, "geometry": {"type": "Polygon", "coordinates": [[[-51.96144401957818, -29.462955002674903], [-51.96133838322716, -29.462918939404684], [-51.96121676011145, -29.463196784342063], [-51.961322425858484, -29.463232887290122], [-51.96144401957818, -29.462955002674903]]]}}, {"id": "992", "type": "Feature", "properties": {"id": 233, "codigo": "0331", "numero": "0", "fl_rural": 0, "Destinação": "NÃO ATRIBUÍDO"}, "geometry": {"type": "Polygon", "coordinates": [[[-51.96230011925355, -29.46311354115281], [-51.962137215015325, -29.46305749723231], [-51.96177054558497, -29.462931351287796], [-51.96181245110212, -29.46305242602678], [-51.9622575313673, -29.46320554731434], [-51.96230011925355, -29.46311354115281]]]}}, {"id": "993", "type": "Feature", "properties": {"id": 209, "codigo": "0079", "numero": "77", "fl_rural": 0, "Destinação": "NÃO ATRIBUÍDO"}, "geometry": {"type": "Polygon", "coordinates": [[[-51.96267603646621, -29.463354172429707], [-51.962574431665615, -29.46331800915977], [-51.96245054672439, -29.463598242034685], [-51.9625486619361, -29.463631996223253], [-51.96267603646621, -29.463354172429707]]]}}, {"id": "994", "type": "Feature", "properties": {"id": 218, "codigo": "0297", "numero": "202", "fl_rural": 0, "Destinação": "NÃO ATRIBUÍDO"}, "geometry": {"type": "Polygon", "coordinates": [[[-51.96309347617878, -29.463502747060215], [-51.963154458966315, -29.4635244517809], [-51.96313589109598, -29.463409827158788], [-51.96309347617878, -29.463502747060215]]]}}, {"id": "995", "type": "Feature", "properties": {"id": 227, "codigo": "0171", "numero": "346", "fl_rural": 0, "Destinação": "NÃO ATRIBUÍDO"}, "geometry": {"type": "Polygon", "coordinates": [[[-51.96221435956102, -29.463298815002233], [-51.96217178082185, -29.463390801035317], [-51.962381021620544, -29.463462785605486], [-51.962421910053315, -29.463370218087988], [-51.96221435956102, -29.463298815002233]]]}}, {"id": "996", "type": "Feature", "properties": {"id": 219, "codigo": "0311", "numero": "0", "fl_rural": 0, "Destinação": "NÃO ATRIBUÍDO"}, "geometry": {"type": "Polygon", "coordinates": [[[-51.96310484461208, -29.463210249077076], [-51.96314441108692, -29.463191160925536], [-51.963117745227656, -29.463181987279892], [-51.96310484461208, -29.463210249077076]]]}}, {"id": "997", "type": "Feature", "properties": {"id": 219, "codigo": "0311", "numero": "0", "fl_rural": 0, "Destinação": "NÃO ATRIBUÍDO"}, "geometry": {"type": "Polygon", "coordinates": [[[-51.96298839976848, -29.46346534857498], [-51.96309347617878, -29.463502747060215], [-51.96313589109598, -29.463409827158788], [-51.963103897756326, -29.46321232338473], [-51.96298839976848, -29.46346534857498]]]}}, {"id": "998", "type": "Feature", "properties": {"id": 225, "codigo": "0126", "numero": "0", "fl_rural": 0, "Destinação": "NÃO ATRIBUÍDO"}, "geometry": {"type": "Polygon", "coordinates": [[[-51.9622575313673, -29.46320554731434], [-51.96216160227548, -29.463172544917555], [-51.96202583453692, -29.46346585371616], [-51.962121833802826, -29.463498705076624], [-51.9622575313673, -29.46320554731434]]]}}, {"id": "999", "type": "Feature", "properties": {"id": 220, "codigo": "0322", "numero": "170", "fl_rural": 0, "Destinação": "NÃO ATRIBUÍDO"}, "geometry": {"type": "Polygon", "coordinates": [[[-51.96298839976848, -29.46346534857498], [-51.963117745227656, -29.463181987279892], [-51.96301217589338, -29.463145669108204], [-51.962883323329244, -29.46342794991536], [-51.96298839976848, -29.46346534857498]]]}}, {"id": "1000", "type": "Feature", "properties": {"id": 228, "codigo": "0182", "numero": "360", "fl_rural": 0, "Destinação": "NÃO ATRIBUÍDO"}, "geometry": {"type": "Polygon", "coordinates": [[[-51.962421910053315, -29.463370218087988], [-51.962462808811864, -29.463277626838487], [-51.9622575313673, -29.46320554731434], [-51.96221435956102, -29.463298815002233], [-51.962421910053315, -29.463370218087988]]]}}, {"id": "1001", "type": "Feature", "properties": {"id": 221, "codigo": "0333", "numero": "156", "fl_rural": 0, "Destinação": "NÃO ATRIBUÍDO"}, "geometry": {"type": "Polygon", "coordinates": [[[-51.96301217589338, -29.463145669108204], [-51.962906606734514, -29.463109350759893], [-51.96277824696595, -29.463390551260996], [-51.962883323329244, -29.46342794991536], [-51.96301217589338, -29.463145669108204]]]}}, {"id": "1002", "type": "Feature", "properties": {"id": 222, "codigo": "0344", "numero": "144", "fl_rural": 0, "Destinação": "NÃO ATRIBUÍDO"}, "geometry": {"type": "Polygon", "coordinates": [[[-51.962906606734514, -29.463109350759893], [-51.96280391676591, -29.463074022894922], [-51.96267603646621, -29.463354172429707], [-51.96277824696595, -29.463390551260996], [-51.962906606734514, -29.463109350759893]]]}}, {"id": "1003", "type": "Feature", "properties": {"id": 208, "codigo": "0033", "numero": "132", "fl_rural": 0, "Destinação": "NÃO ATRIBUÍDO"}, "geometry": {"type": "Polygon", "coordinates": [[[-51.96280391676591, -29.463074022894922], [-51.96269834764819, -29.463037704378387], [-51.962574431665615, -29.46331800915977], [-51.96267603646621, -29.463354172429707], [-51.96280391676591, -29.463074022894922]]]}}, {"id": "1004", "type": "Feature", "properties": {"id": 1269, "codigo": "0114", "numero": "52", "fl_rural": 0, "Destinação": "NÃO ATRIBUÍDO"}, "geometry": {"type": "Polygon", "coordinates": [[[-51.96133838322716, -29.462918939404684], [-51.96123270649697, -29.462882862262333], [-51.961111094437165, -29.463160681308242], [-51.96121676011145, -29.463196784342063], [-51.96133838322716, -29.462918939404684]]]}}, {"id": "1005", "type": "Feature", "properties": {"id": 1268, "codigo": "0103", "numero": "70", "fl_rural": 0, "Destinação": "NÃO ATRIBUÍDO"}, "geometry": {"type": "Polygon", "coordinates": [[[-51.96123270649697, -29.462882862262333], [-51.96112732831432, -29.46284688684321], [-51.960995822837674, -29.463121296050023], [-51.961111094437165, -29.463160681308242], [-51.96123270649697, -29.462882862262333]]]}}, {"id": "1006", "type": "Feature", "properties": {"id": 1271, "codigo": "0311", "numero": "0", "fl_rural": 0, "Destinação": "NÃO ATRIBUÍDO"}, "geometry": {"type": "Polygon", "coordinates": [[[-51.96143835505462, -29.462842501372904], [-51.960916665358226, -29.462667650805606], [-51.960872864329446, -29.462760014289366], [-51.96144401957818, -29.462955002674903], [-51.961322425858484, -29.463232887290122], [-51.96156653632093, -29.463316866077566], [-51.96143835505462, -29.462842501372904]]]}}, {"id": "1007", "type": "Feature", "properties": {"id": 1267, "codigo": "0091", "numero": "0", "fl_rural": 0, "Destinação": "NÃO ATRIBUÍDO"}, "geometry": {"type": "Polygon", "coordinates": [[[-51.96112732831432, -29.46284688684321], [-51.96102165152226, -29.462810809440782], [-51.96089015731549, -29.463085192836797], [-51.960995822837674, -29.463121296050023], [-51.96112732831432, -29.46284688684321]]]}}, {"id": "1008", "type": "Feature", "properties": {"id": 1266, "codigo": "0080", "numero": "94", "fl_rural": 0, "Destinação": "NÃO ATRIBUÍDO"}, "geometry": {"type": "Polygon", "coordinates": [[[-51.96102165152226, -29.462810809440782], [-51.9609159748029, -29.462774731952507], [-51.96078440475414, -29.463049059753406], [-51.96089015731549, -29.463085192836797], [-51.96102165152226, -29.462810809440782]]]}}, {"id": "1009", "type": "Feature", "properties": {"id": 1265, "codigo": "0069", "numero": "104", "fl_rural": 0, "Destinação": "NÃO ATRIBUÍDO"}, "geometry": {"type": "Polygon", "coordinates": [[[-51.9609159748029, -29.462774731952507], [-51.96081029825936, -29.462738654377674], [-51.960678652265656, -29.4630129265841], [-51.96078440475414, -29.463049059753406], [-51.9609159748029, -29.462774731952507]]]}}, {"id": "1010", "type": "Feature", "properties": {"id": 232, "codigo": "0316", "numero": "78", "fl_rural": 0, "Destinação": "NÃO ATRIBUÍDO"}, "geometry": {"type": "Polygon", "coordinates": [[[-51.962137215015325, -29.46305749723231], [-51.96222118421927, -29.462873546484353], [-51.961686922079096, -29.462689742336433], [-51.96177054558497, -29.462931351287796], [-51.962137215015325, -29.46305749723231]]]}}, {"id": "1011", "type": "Feature", "properties": {"id": 1278, "codigo": "0570", "numero": "13", "fl_rural": 0, "Destinação": "NÃO ATRIBUÍDO"}, "geometry": {"type": "Polygon", "coordinates": [[[-51.961205407480875, -29.462457786806205], [-51.96105900670658, -29.46271535845197], [-51.96143835505462, -29.462842501372904], [-51.96127112454363, -29.46249678752017], [-51.961205407480875, -29.462457786806205]]]}}, {"id": "1012", "type": "Feature", "properties": {"id": 1272, "codigo": "0315", "numero": "11", "fl_rural": 0, "Destinação": "NÃO ATRIBUÍDO"}, "geometry": {"type": "Polygon", "coordinates": [[[-51.96100057540978, -29.462336225870608], [-51.96084702488117, -29.462644309715643], [-51.96105900670658, -29.46271535845197], [-51.961205407480875, -29.462457786806205], [-51.96100057540978, -29.462336225870608]]]}}, {"id": "1013", "type": "Feature", "properties": {"id": 1274, "codigo": "0331", "numero": null, "fl_rural": 0, "Destinação": "NÃO ATRIBUÍDO"}, "geometry": {"type": "Polygon", "coordinates": [[[-51.96071344884505, -29.46239308156856], [-51.960927970770605, -29.462481900114845], [-51.96100057540978, -29.462336225870608], [-51.960870343884366, -29.46225893760718], [-51.96071344884505, -29.46239308156856]]]}}, {"id": "1014", "type": "Feature", "properties": {"id": 125, "codigo": "0098", "numero": "325", "fl_rural": 0, "Destinação": "NÃO ATRIBUÍDO"}, "geometry": {"type": "Polygon", "coordinates": [[[-51.964427900094485, -29.46256950661748], [-51.964355974086686, -29.462597101809507], [-51.96437693906131, -29.462633048625342], [-51.964427900094485, -29.46256950661748]]]}}, {"id": "1015", "type": "Feature", "properties": {"id": 124, "codigo": "0056", "numero": "940", "fl_rural": 0, "Destinação": "NÃO ATRIBUÍDO"}, "geometry": {"type": "Polygon", "coordinates": [[[-51.96446288285842, -29.462329046379665], [-51.96440878570011, -29.462408086886402], [-51.964622883636935, -29.462468822160403], [-51.964539718378475, -29.46236948371788], [-51.96446288285842, -29.462329046379665]]]}}, {"id": "1016", "type": "Feature", "properties": {"id": 155, "codigo": "0353", "numero": "927", "fl_rural": 0, "Destinação": "NÃO ATRIBUÍDO"}, "geometry": {"type": "Polygon", "coordinates": [[[-51.96417904359991, -29.46208488365212], [-51.96400290819118, -29.462332863633616], [-51.96403830106347, -29.462361872520884], [-51.964156513954876, -29.462423799688924], [-51.96426324686796, -29.46237964048937], [-51.96439012779559, -29.46219258424088], [-51.96417904359991, -29.46208488365212]]]}}, {"id": "1017", "type": "Feature", "properties": {"id": 123, "codigo": "0042", "numero": "952", "fl_rural": 0, "Destinação": "NÃO ATRIBUÍDO"}, "geometry": {"type": "Polygon", "coordinates": [[[-51.96446288285842, -29.462329046379665], [-51.964539718378475, -29.46236948371788], [-51.964482216025644, -29.46230079885745], [-51.96446288285842, -29.462329046379665]]]}}, {"id": "1018", "type": "Feature", "properties": {"id": 154, "codigo": "0296", "numero": "251", "fl_rural": 0, "Destinação": "NÃO ATRIBUÍDO"}, "geometry": {"type": "Polygon", "coordinates": [[[-51.96400290819118, -29.462332863633616], [-51.96417904359991, -29.46208488365212], [-51.96408641203231, -29.46203496733924], [-51.96392550270413, -29.46226790370447], [-51.96400290819118, -29.462332863633616]]]}}, {"id": "1019", "type": "Feature", "properties": {"id": 153, "codigo": "0286", "numero": "259", "fl_rural": 0, "Destinação": "NÃO ATRIBUÍDO"}, "geometry": {"type": "Polygon", "coordinates": [[[-51.96392550270413, -29.46226790370447], [-51.96408641203231, -29.46203496733924], [-51.963993201657765, -29.461984739017595], [-51.963847092649665, -29.46220210060711], [-51.96392550270413, -29.46226790370447]]]}}, {"id": "1020", "type": "Feature", "properties": {"id": 152, "codigo": "0275", "numero": "207", "fl_rural": 0, "Destinação": "NÃO ATRIBUÍDO"}, "geometry": {"type": "Polygon", "coordinates": [[[-51.963847092649665, -29.46220210060711], [-51.963993201657765, -29.461984739017595], [-51.96389875158744, -29.46192696044356], [-51.963760971050554, -29.462129825748253], [-51.963847092649665, -29.46220210060711]]]}}, {"id": "1021", "type": "Feature", "properties": {"id": 156, "codigo": "0375", "numero": "967", "fl_rural": 0, "Destinação": "NÃO ATRIBUÍDO"}, "geometry": {"type": "Polygon", "coordinates": [[[-51.964505929517124, -29.46202186077044], [-51.96420243444026, -29.461867009672936], [-51.96408641203231, -29.46203496733924], [-51.96439012779559, -29.46219258424088], [-51.964505929517124, -29.46202186077044]]]}}, {"id": "1022", "type": "Feature", "properties": {"id": 151, "codigo": "0264", "numero": "0", "fl_rural": 0, "Destinação": "NÃO ATRIBUÍDO"}, "geometry": {"type": "Polygon", "coordinates": [[[-51.963760971050554, -29.462129825748253], [-51.96392178135536, -29.461893051734176], [-51.96385341977492, -29.46184004307046], [-51.963680172677115, -29.462062018042083], [-51.963760971050554, -29.462129825748253]]]}}, {"id": "1023", "type": "Feature", "properties": {"id": 229, "codigo": "0199", "numero": "270", "fl_rural": 0, "Destinação": "NÃO ATRIBUÍDO"}, "geometry": {"type": "Polygon", "coordinates": [[[-51.9622575313673, -29.46320554731434], [-51.962462808811864, -29.463277626838487], [-51.96252415686631, -29.463138739986213], [-51.96232083316393, -29.463068791051], [-51.9622575313673, -29.46320554731434]]]}}, {"id": "1024", "type": "Feature", "properties": {"id": 230, "codigo": "0239", "numero": "106", "fl_rural": 0, "Destinação": "NÃO ATRIBUÍDO"}, "geometry": {"type": "Polygon", "coordinates": [[[-51.96252415686631, -29.463138739986213], [-51.9625858765145, -29.46299901130314], [-51.96237473875827, -29.46292637392011], [-51.96231123602123, -29.463065489360353], [-51.96252415686631, -29.463138739986213]]]}}, {"id": "1025", "type": "Feature", "properties": {"id": 231, "codigo": "0256", "numero": "80", "fl_rural": 0, "Destinação": "NÃO ATRIBUÍDO"}, "geometry": {"type": "Polygon", "coordinates": [[[-51.96230011925355, -29.46311354115281], [-51.96232083316393, -29.463068791051], [-51.96231123602123, -29.463065489360353], [-51.96237473875827, -29.46292637392011], [-51.96222118421927, -29.462873546484353], [-51.962137215015325, -29.46305749723231], [-51.96230011925355, -29.46311354115281]]]}}, {"id": "1026", "type": "Feature", "properties": {"id": 186, "codigo": "0790", "numero": "88", "fl_rural": 0, "Destinação": "NÃO ATRIBUÍDO"}, "geometry": {"type": "Polygon", "coordinates": [[[-51.96332902508906, -29.46310209713944], [-51.96348348538834, -29.463027580478215], [-51.96341002354156, -29.462892742039028], [-51.963593417381034, -29.462656772754638], [-51.96400845455982, -29.462485057122873], [-51.963489590060156, -29.46205270442928], [-51.963472210511554, -29.462068472535528], [-51.96344750996672, -29.462047622291223], [-51.96343013245669, -29.462063388482118], [-51.96295687952561, -29.461663901772038], [-51.96291903769894, -29.461700523806623], [-51.962869687086894, -29.461723273949616], [-51.96280268170143, -29.461790330764142], [-51.962688646111054, -29.461691309583436], [-51.96283376650945, -29.461561017129934], [-51.9621726695197, -29.461033342827626], [-51.96159494377682, -29.46133390815985], [-51.96147028896471, -29.46141808313731], [-51.96135062735468, -29.461520876681927], [-51.961308742922725, -29.461572879808738], [-51.96128204969553, -29.46163205901859], [-51.961272052873035, -29.461695077582274], [-51.96127931606382, -29.461758382294718], [-51.96160595936164, -29.46250638476043], [-51.96332902508906, -29.46310209713944]]]}}, {"id": "1027", "type": "Feature", "properties": {"id": 184, "codigo": "0244", "numero": "90", "fl_rural": 0, "Destinação": "NÃO ATRIBUÍDO"}, "geometry": {"type": "Polygon", "coordinates": [[[-51.96295687952561, -29.461663901772038], [-51.96283376650945, -29.461561017129934], [-51.962688646111054, -29.461691309583436], [-51.96280268170143, -29.461790330764142], [-51.962869687086894, -29.461723273949616], [-51.96291903769894, -29.461700523806623], [-51.96295687952561, -29.461663901772038]]]}}, {"id": "1028", "type": "Feature", "properties": {"id": 146, "codigo": "0200", "numero": "151", "fl_rural": 0, "Destinação": "NÃO ATRIBUÍDO"}, "geometry": {"type": "Polygon", "coordinates": [[[-51.96328571320034, -29.461730977456916], [-51.96339337656459, -29.46157331613228], [-51.96331129801087, -29.461518605768195], [-51.96319271999247, -29.46165293463399], [-51.96328571320034, -29.461730977456916]]]}}, {"id": "1029", "type": "Feature", "properties": {"id": 145, "codigo": "0188", "numero": "0", "fl_rural": 0, "Destinação": "NÃO ATRIBUÍDO"}, "geometry": {"type": "Polygon", "coordinates": [[[-51.96307884603718, -29.46155736780954], [-51.96319271999247, -29.46165293463399], [-51.96331129801087, -29.461518605768195], [-51.963201782484205, -29.461445606751855], [-51.96307884603718, -29.46155736780954]]]}}, {"id": "1030", "type": "Feature", "properties": {"id": 144, "codigo": "0156", "numero": "124", "fl_rural": 0, "Destinação": "NÃO ATRIBUÍDO"}, "geometry": {"type": "Polygon", "coordinates": [[[-51.963201782484205, -29.461445606751855], [-51.96339337656459, -29.46157331613228], [-51.963452393211426, -29.461486892387022], [-51.96323071937802, -29.461419300284195], [-51.963201782484205, -29.461445606751855]]]}}, {"id": "1031", "type": "Feature", "properties": {"id": 162, "codigo": "0113", "numero": "103", "fl_rural": 0, "Destinação": "NÃO ATRIBUÍDO"}, "geometry": {"type": "Polygon", "coordinates": [[[-51.96295478242349, -29.46148806053225], [-51.963038510563415, -29.461410171523614], [-51.96292823934892, -29.461327069004955], [-51.96284938636184, -29.461404354044504], [-51.96295478242349, -29.46148806053225]]]}}, {"id": "1032", "type": "Feature", "properties": {"id": 161, "codigo": "0087", "numero": "91", "fl_rural": 0, "Destinação": "NÃO ATRIBUÍDO"}, "geometry": {"type": "Polygon", "coordinates": [[[-51.96284938636184, -29.461404354044504], [-51.96292823934892, -29.461327069004955], [-51.96277622223262, -29.46128071641384], [-51.962738182944456, -29.461316034904044], [-51.96284938636184, -29.461404354044504]]]}}, {"id": "1033", "type": "Feature", "properties": {"id": 136, "codigo": "0016", "numero": "985", "fl_rural": 0, "Destinação": "NÃO ATRIBUÍDO"}, "geometry": {"type": "Polygon", "coordinates": [[[-51.96435133800986, -29.46194298435149], [-51.964505929517124, -29.46202186077044], [-51.964538784337755, -29.46192372091931], [-51.96440846640475, -29.461857234133372], [-51.96435133800986, -29.46194298435149]]]}}, {"id": "1034", "type": "Feature", "properties": {"id": 150, "codigo": "0253", "numero": "0", "fl_rural": 0, "Destinação": "NÃO ATRIBUÍDO"}, "geometry": {"type": "Polygon", "coordinates": [[[-51.963680172677115, -29.462062018042083], [-51.96385341977492, -29.46184004307046], [-51.96375634584447, -29.461764770094828], [-51.96359956037553, -29.4619943664181], [-51.963680172677115, -29.462062018042083]]]}}, {"id": "1035", "type": "Feature", "properties": {"id": 138, "codigo": "0044", "numero": "220", "fl_rural": 0, "Destinação": "NÃO ATRIBUÍDO"}, "geometry": {"type": "Polygon", "coordinates": [[[-51.96408641203231, -29.46203496733924], [-51.96426111753548, -29.461782058037976], [-51.96416306748741, -29.461732033654062], [-51.963993201657765, -29.461984739017595], [-51.96408641203231, -29.46203496733924]]]}}, {"id": "1036", "type": "Feature", "properties": {"id": 137, "codigo": "0033", "numero": "232", "fl_rural": 0, "Destinação": "NÃO ATRIBUÍDO"}, "geometry": {"type": "Polygon", "coordinates": [[[-51.96420243444026, -29.461867009672936], [-51.96435133800986, -29.46194298435149], [-51.96440846640475, -29.461857234133372], [-51.96426111753548, -29.461782058037976], [-51.96420243444026, -29.461867009672936]]]}}, {"id": "1037", "type": "Feature", "properties": {"id": 149, "codigo": "0242", "numero": "191", "fl_rural": 0, "Destinação": "NÃO ATRIBUÍDO"}, "geometry": {"type": "Polygon", "coordinates": [[[-51.96359956037553, -29.4619943664181], [-51.963743445490714, -29.46178366137283], [-51.96358828523882, -29.461698552654305], [-51.963456896981256, -29.46187463972984], [-51.96359956037553, -29.4619943664181]]]}}, {"id": "1038", "type": "Feature", "properties": {"id": 139, "codigo": "0055", "numero": "204", "fl_rural": 0, "Destinação": "NÃO ATRIBUÍDO"}, "geometry": {"type": "Polygon", "coordinates": [[[-51.96389875158744, -29.46192696044356], [-51.963993201657765, -29.461984739017595], [-51.96416306748741, -29.461732033654062], [-51.96406508975966, -29.461682046034365], [-51.96389875158744, -29.46192696044356]]]}}, {"id": "1039", "type": "Feature", "properties": {"id": 140, "codigo": "0063", "numero": "198", "fl_rural": 0, "Destinação": "NÃO ATRIBUÍDO"}, "geometry": {"type": "Polygon", "coordinates": [[[-51.96392178135536, -29.461893051734176], [-51.96406508975966, -29.461682046034365], [-51.9639875831398, -29.46164250261918], [-51.96385341977492, -29.46184004307046], [-51.96392178135536, -29.461893051734176]]]}}, {"id": "1040", "type": "Feature", "properties": {"id": 148, "codigo": "0225", "numero": "0", "fl_rural": 0, "Destinação": "NÃO ATRIBUÍDO"}, "geometry": {"type": "Polygon", "coordinates": [[[-51.963456896981256, -29.46187463972984], [-51.96358828523882, -29.461698552654305], [-51.96349126769745, -29.461645336295476], [-51.96337949208546, -29.461809679373363], [-51.963456896981256, -29.46187463972984]]]}}, {"id": "1041", "type": "Feature", "properties": {"id": 141, "codigo": "0075", "numero": "190", "fl_rural": 0, "Destinação": "NÃO ATRIBUÍDO"}, "geometry": {"type": "Polygon", "coordinates": [[[-51.96385341977492, -29.46184004307046], [-51.9639875831398, -29.46164250261918], [-51.96398023222947, -29.461638752214693], [-51.963965394000354, -29.46164331500824], [-51.96386101721483, -29.461611488760113], [-51.96375634584447, -29.461764770094828], [-51.96385341977492, -29.46184004307046]]]}}, {"id": "1042", "type": "Feature", "properties": {"id": 142, "codigo": "0092", "numero": "166", "fl_rural": 0, "Destinação": "NÃO ATRIBUÍDO"}, "geometry": {"type": "Polygon", "coordinates": [[[-51.96358828523882, -29.461698552654305], [-51.963743445490714, -29.46178366137283], [-51.96386101721483, -29.461611488760113], [-51.96369175727034, -29.461559878538946], [-51.96358828523882, -29.461698552654305]]]}}, {"id": "1043", "type": "Feature", "properties": {"id": 1234, "codigo": "0322", "numero": "0", "fl_rural": 0, "Destinação": "NÃO AFETADO"}, "geometry": {"type": "Polygon", "coordinates": [[[-51.96074051096875, -29.462048124133997], [-51.96118800726123, -29.462297247367143], [-51.960992846110905, -29.461855130429164], [-51.960974673128355, -29.461749131791276], [-51.96097477277916, -29.461662673774505], [-51.96093671005237, -29.461642749165307], [-51.96074051096875, -29.462048124133997]]]}}, {"id": "1044", "type": "Feature", "properties": {"id": 1231, "codigo": "0244", "numero": "0", "fl_rural": 0, "Destinação": "NÃO AFETADO"}, "geometry": {"type": "Polygon", "coordinates": [[[-51.960876780068546, -29.46176657318665], [-51.96093671005237, -29.461642749165307], [-51.96077488776523, -29.461558038046235], [-51.96069335027871, -29.46167055089203], [-51.960876780068546, -29.46176657318665]]]}}, {"id": "1045", "type": "Feature", "properties": {"id": 185, "codigo": "0629", "numero": "0", "fl_rural": 0, "Destinação": "NÃO ATRIBUÍDO"}, "geometry": {"type": "Polygon", "coordinates": [[[-51.96129109810723, -29.461793305849582], [-51.961274093776666, -29.461731447664615], [-51.96127423443898, -29.4616678247862], [-51.96129151212782, -29.461606024674797], [-51.96132495256953, -29.46154953175254], [-51.961394027007955, -29.46148124789499], [-51.96147822953247, -29.461412066868647], [-51.96156909744914, -29.461349678529235], [-51.9616659177479, -29.46129457245971], [-51.961195602867285, -29.461538940400736], [-51.9611885959706, -29.461556562333797], [-51.961190670951694, -29.461565862087937], [-51.96129109810723, -29.461793305849582]]]}}, {"id": "1046", "type": "Feature", "properties": {"id": 1238, "codigo": "0426", "numero": "190", "fl_rural": 0, "Destinação": "NÃO ATRIBUÍDO"}, "geometry": {"type": "Polygon", "coordinates": [[[-51.96149282339003, -29.460904105774528], [-51.96129716209538, -29.461042588903826], [-51.961435299955056, -29.46112069246352], [-51.96165172072082, -29.46100401880475], [-51.96149282339003, -29.460904105774528]]]}}, {"id": "1047", "type": "Feature", "properties": {"id": 1239, "codigo": "0439", "numero": "0", "fl_rural": 0, "Destinação": "NÃO ATRIBUÍDO"}, "geometry": {"type": "Polygon", "coordinates": [[[-51.961595862673065, -29.46083117769554], [-51.961492823421096, -29.46090410575255], [-51.96165172072082, -29.46100401880475], [-51.96176424165221, -29.46094450113446], [-51.961595862673065, -29.46083117769554]]]}}, {"id": "1048", "type": "Feature", "properties": {"id": 1240, "codigo": "0452", "numero": "160", "fl_rural": 0, "Destinação": "NÃO ATRIBUÍDO"}, "geometry": {"type": "Polygon", "coordinates": [[[-51.96170102636134, -29.460756746026934], [-51.961595819982556, -29.46083120791058], [-51.96176424165221, -29.46094450113446], [-51.961875216701316, -29.460886235706827], [-51.96170102636134, -29.460756746026934]]]}}, {"id": "1049", "type": "Feature", "properties": {"id": 1241, "codigo": "0461", "numero": "0", "fl_rural": 0, "Destinação": "NÃO ATRIBUÍDO"}, "geometry": {"type": "Polygon", "coordinates": [[[-51.961807977136004, -29.460681049512814], [-51.96170102636134, -29.460756746026934], [-51.961875216701316, -29.460886235706827], [-51.96198530739439, -29.460828434401925], [-51.961807977136004, -29.460681049512814]]]}}, {"id": "1050", "type": "Feature", "properties": {"id": 93, "codigo": "0033", "numero": "997", "fl_rural": 0, "Destinação": "NÃO ATRIBUÍDO"}, "geometry": {"type": "Polygon", "coordinates": [[[-51.96454794796107, -29.461774404820723], [-51.964490018710556, -29.46169853111393], [-51.96446714532197, -29.46173341792496], [-51.96454794796107, -29.461774404820723]]]}}, {"id": "1051", "type": "Feature", "properties": {"id": 147, "codigo": "0213", "numero": "142", "fl_rural": 0, "Destinação": "NÃO ATRIBUÍDO"}, "geometry": {"type": "Polygon", "coordinates": [[[-51.96337949208546, -29.461809679373363], [-51.96349126769745, -29.461645336295476], [-51.96357384374033, -29.4615239247084], [-51.963452393211426, -29.461486892387022], [-51.96328571320034, -29.461730977456916], [-51.96337949208546, -29.461809679373363]]]}}, {"id": "1052", "type": "Feature", "properties": {"id": 143, "codigo": "0105", "numero": "154", "fl_rural": 0, "Destinação": "NÃO ATRIBUÍDO"}, "geometry": {"type": "Polygon", "coordinates": [[[-51.96369175727034, -29.461559878538946], [-51.96357384374033, -29.4615239247084], [-51.96349126769745, -29.461645336295476], [-51.96358828523882, -29.461698552654305], [-51.96369175727034, -29.461559878538946]]]}}, {"id": "1053", "type": "Feature", "properties": {"id": 109, "codigo": "0359", "numero": "229", "fl_rural": 0, "Destinação": "NÃO ATRIBUÍDO"}, "geometry": {"type": "Polygon", "coordinates": [[[-51.96446714532197, -29.46173341792496], [-51.964490018710556, -29.46169853111393], [-51.9643561264899, -29.461523163764937], [-51.96418894725481, -29.461574571808768], [-51.96418020475428, -29.461587867393], [-51.96446714532197, -29.46173341792496]]]}}, {"id": "1055", "type": "Feature", "properties": {"id": 163, "codigo": "0124", "numero": "540", "fl_rural": 0, "Destinação": "NÃO ATRIBUÍDO"}, "geometry": {"type": "Polygon", "coordinates": [[[-51.963038510563415, -29.461410171523614], [-51.96307856870352, -29.46137290696895], [-51.962934668312556, -29.461329029304753], [-51.963038510563415, -29.461410171523614]]]}}, {"id": "1056", "type": "Feature", "properties": {"id": 160, "codigo": "0073", "numero": "79", "fl_rural": 0, "Destinação": "NÃO ATRIBUÍDO"}, "geometry": {"type": "Polygon", "coordinates": [[[-51.962738182944456, -29.461316034904044], [-51.96277622223262, -29.46128071641384], [-51.962693312130966, -29.461255435720904], [-51.96273057220166, -29.461157893757406], [-51.96264483845593, -29.461241899563472], [-51.962738182944456, -29.461316034904044]]]}}, {"id": "1057", "type": "Feature", "properties": {"id": 159, "codigo": "0060", "numero": "69", "fl_rural": 0, "Destinação": "NÃO ATRIBUÍDO"}, "geometry": {"type": "Polygon", "coordinates": [[[-51.96264483845593, -29.461241899563472], [-51.96273057220166, -29.461157893757406], [-51.96277338095141, -29.461045826082067], [-51.962703469567735, -29.46099360842031], [-51.96253973995754, -29.461158428648364], [-51.96264483845593, -29.461241899563472]]]}}, {"id": "1058", "type": "Feature", "properties": {"id": 158, "codigo": "0047", "numero": "53", "fl_rural": 0, "Destinação": "NÃO ATRIBUÍDO"}, "geometry": {"type": "Polygon", "coordinates": [[[-51.96253973995754, -29.461158428648364], [-51.962703469567735, -29.46099360842031], [-51.96262305770316, -29.460933547639144], [-51.96246144014937, -29.46109624162444], [-51.96253973995754, -29.461158428648364]]]}}, {"id": "1059", "type": "Feature", "properties": {"id": 157, "codigo": "0036", "numero": "0", "fl_rural": 0, "Destinação": "NÃO ATRIBUÍDO"}, "geometry": {"type": "Polygon", "coordinates": [[[-51.96277338095141, -29.461045826082067], [-51.962846608522554, -29.460854125933942], [-51.96262451370551, -29.460684888829416], [-51.962569560030495, -29.460748308599136], [-51.96248540694945, -29.460828618734794], [-51.96237357645399, -29.46091248296042], [-51.962292509455125, -29.460961015325715], [-51.96246144014937, -29.46109624162444], [-51.96262305770316, -29.460933547639144], [-51.96277338095141, -29.461045826082067]]]}}, {"id": "1060", "type": "Feature", "properties": {"id": 482, "codigo": "0342", "numero": "255", "fl_rural": 0, "Destinação": "NÃO ATRIBUÍDO"}, "geometry": {"type": "Polygon", "coordinates": [[[-51.96168877774155, -29.470342300091495], [-51.96140531164518, -29.47025333868292], [-51.96134586381357, -29.470394977210006], [-51.96164018419233, -29.470451215264], [-51.96168877774155, -29.470342300091495]]]}}, {"id": "1061", "type": "Feature", "properties": {"id": 481, "codigo": "0271", "numero": "0", "fl_rural": 0, "Destinação": "NÃO ATRIBUÍDO"}, "geometry": {"type": "Polygon", "coordinates": [[[-51.96144087778839, -29.470168599690112], [-51.961330629121946, -29.470133999669116], [-51.96122999583393, -29.47037283727894], [-51.96134586381357, -29.470394977210006], [-51.96144087778839, -29.470168599690112]]]}}, {"id": "1062", "type": "Feature", "properties": {"id": 483, "codigo": "0352", "numero": "0", "fl_rural": 0, "Destinação": "NÃO ATRIBUÍDO"}, "geometry": {"type": "Polygon", "coordinates": [[[-51.96172630962957, -29.470258178006755], [-51.96144087778839, -29.470168599690112], [-51.96140531164518, -29.47025333868292], [-51.96168877774155, -29.470342300091495], [-51.96172630962957, -29.470258178006755]]]}}, {"id": "1063", "type": "Feature", "properties": {"id": 480, "codigo": "0260", "numero": "0", "fl_rural": 0, "Destinação": "NÃO ATRIBUÍDO"}, "geometry": {"type": "Polygon", "coordinates": [[[-51.961330629121946, -29.470133999669116], [-51.961223544082195, -29.470102972405346], [-51.9611191657127, -29.470351659802517], [-51.96122999583393, -29.47037283727894], [-51.961330629121946, -29.470133999669116]]]}}, {"id": "1064", "type": "Feature", "properties": {"id": 479, "codigo": "0249", "numero": "0", "fl_rural": 0, "Destinação": "NÃO ATRIBUÍDO"}, "geometry": {"type": "Polygon", "coordinates": [[[-51.961116806164924, -29.470072045609005], [-51.96100833563493, -29.470330482232704], [-51.9611191657127, -29.470351659802517], [-51.961223544082195, -29.470102972405346], [-51.961116806164924, -29.470072045609005]]]}}, {"id": "1065", "type": "Feature", "properties": {"id": 478, "codigo": "0238", "numero": "0", "fl_rural": 0, "Destinação": "NÃO ATRIBUÍDO"}, "geometry": {"type": "Polygon", "coordinates": [[[-51.9610100683102, -29.470041118725415], [-51.96089750549835, -29.470309304660436], [-51.96100833563493, -29.470330482232704], [-51.961116806164924, -29.470072045609005], [-51.9610100683102, -29.470041118725415]]]}}, {"id": "1066", "type": "Feature", "properties": {"id": 477, "codigo": "0205", "numero": "0", "fl_rural": 0, "Destinação": "NÃO ATRIBUÍDO"}, "geometry": {"type": "Polygon", "coordinates": [[[-51.960904130739486, -29.470010423596197], [-51.96077463374695, -29.47028582591307], [-51.96089750549835, -29.470309304660436], [-51.9610100683102, -29.470041118725415], [-51.960904130739486, -29.470010423596197]]]}}, {"id": "1067", "type": "Feature", "properties": {"id": 484, "codigo": "0363", "numero": "0", "fl_rural": 0, "Destinação": "NÃO ATRIBUÍDO"}, "geometry": {"type": "Polygon", "coordinates": [[[-51.961367493251906, -29.470046816911992], [-51.961330629121946, -29.470133999669116], [-51.96172630962957, -29.470258178006755], [-51.961763815499296, -29.470174113857293], [-51.961367493251906, -29.470046816911992]]]}}, {"id": "1068", "type": "Feature", "properties": {"id": 485, "codigo": "0366", "numero": "0", "fl_rural": 0, "Destinação": "NÃO ATRIBUÍDO"}, "geometry": {"type": "Polygon", "coordinates": [[[-51.961801321309736, -29.47009004978786], [-51.9614021993743, -29.469964737575047], [-51.961367493251906, -29.470046816911992], [-51.961763815499296, -29.470174113857293], [-51.961801321309736, -29.47009004978786]]]}}, {"id": "1069", "type": "Feature", "properties": {"id": 476, "codigo": "0172", "numero": "44", "fl_rural": 0, "Destinação": "NÃO ATRIBUÍDO"}, "geometry": {"type": "Polygon", "coordinates": [[[-51.96094725709335, -29.469918706317266], [-51.960904130739486, -29.470010423596197], [-51.961330629121946, -29.470133999669116], [-51.961367493251906, -29.470046816911992], [-51.96094725709335, -29.469918706317266]]]}}, {"id": "1070", "type": "Feature", "properties": {"id": 489, "codigo": "0887", "numero": "0", "fl_rural": 0, "Destinação": "NÃO AFETADO"}, "geometry": {"type": "Polygon", "coordinates": [[[-51.95816524268161, -29.469693279602506], [-51.958306675239065, -29.469704148433006], [-51.958412417270885, -29.469449720916536], [-51.95828346912908, -29.46940881425968], [-51.95816524268161, -29.469693279602506]]]}}, {"id": "1071", "type": "Feature", "properties": {"id": 490, "codigo": "0888", "numero": "0", "fl_rural": 0, "Destinação": "NÃO AFETADO"}, "geometry": {"type": "Polygon", "coordinates": [[[-51.958023810149925, -29.469682410620983], [-51.95816524268161, -29.469693279602506], [-51.95828346912908, -29.46940881425968], [-51.95815452108759, -29.469367907475284], [-51.958023810149925, -29.469682410620983]]]}}, {"id": "1072", "type": "Feature", "properties": {"id": 491, "codigo": "0889", "numero": "0", "fl_rural": 0, "Destinação": "NÃO ATRIBUÍDO"}, "geometry": {"type": "Polygon", "coordinates": [[[-51.958023810149925, -29.469682410620983], [-51.95815452108759, -29.469367907475284], [-51.95802557304331, -29.469327000564057], [-51.957882377644, -29.469671541488456], [-51.958023810149925, -29.469682410620983]]]}}, {"id": "1073", "type": "Feature", "properties": {"id": 495, "codigo": "1231", "numero": "49", "fl_rural": 0, "Destinação": "ÁREA DE PRESERVAÇÃO PERMANENTE"}, "geometry": {"type": "Polygon", "coordinates": [[[-51.95745595361379, -29.469638769706336], [-51.95763679064089, -29.469203663996872], [-51.958412417270885, -29.469449720916536], [-51.958306675239065, -29.469704148433006], [-51.95876065923908, -29.469739035201588], [-51.96060856965128, -29.47024106874899], [-51.960995111968835, -29.469404420685883], [-51.95793185598398, -29.468580202194058], [-51.95767403744504, -29.468716841160358], [-51.95757980323299, -29.468830001695075], [-51.95756019835158, -29.46884291653002], [-51.957567302590675, -29.468855098504026], [-51.957541423296746, -29.468855284711648], [-51.95753264356134, -29.46886106841578], [-51.95753645021435, -29.468864345174726], [-51.95752757243505, -29.46886440905109], [-51.95746967366412, -29.4689025502188], [-51.957427689879715, -29.468941488106314], [-51.95744440175417, -29.468946229568477], [-51.95742240690279, -29.468946387806614], [-51.95736641075432, -29.468998321470085], [-51.95720998364032, -29.469082977608124], [-51.95726030439016, -29.46910999817203], [-51.95717223723236, -29.469101007727865], [-51.957019756318275, -29.46914268737855], [-51.9570441673905, -29.469156676092354], [-51.95699260528284, -29.469157046889524], [-51.9570038640604, -29.46914703142228], [-51.95697968727319, -29.46915260094681], [-51.95697206518245, -29.469166219274346], [-51.95693881095438, -29.469154855861273], [-51.95683794018521, -29.469160420328983], [-51.95683800368515, -29.46916718323304], [-51.95680159845509, -29.469167444978023], [-51.956782430042416, -29.469173051942388], [-51.95678652629562, -29.46917657802249], [-51.956776197186976, -29.469174875118842], [-51.95670445648172, -29.469195860037313], [-51.956596952913785, -29.469252869769292], [-51.95654945277682, -29.469305318173472], [-51.956492498078845, -29.469392054120743], [-51.95648296337078, -29.469417787218884], [-51.95648311665424, -29.469434118173115], [-51.95672727812211, -29.469456769089245], [-51.95667000401532, -29.46945439751598], [-51.95673763790809, -29.469461736528164], [-51.95673759057485, -29.46945669495129], [-51.95674428535839, -29.469462457848742], [-51.95678308131304, -29.469466667631327], [-51.95693369665071, -29.469473334320806], [-51.95684683763192, -29.46947395883931], [-51.95706723628218, -29.469608894669978], [-51.95745595361379, -29.469638769706336]], [[-51.95758860574189, -29.468927142662285], [-51.95756815053858, -29.46894533920747], [-51.957567302590675, -29.468855098504026], [-51.95758860574189, -29.468927142662285]], [[-51.95700605332054, -29.469490863368208], [-51.95696480349877, -29.469491159998753], [-51.95696471875534, -29.469482135927613], [-51.95700605332054, -29.469490863368208]], [[-51.957157519264605, -29.469146836197254], [-51.95706470748217, -29.469147503696572], [-51.9570851628172, -29.4691293072264], [-51.957157519264605, -29.469146836197254]], [[-51.95709937394984, -29.469544340327204], [-51.95709962821664, -29.469571412539267], [-51.9570788337825, -29.469553512729522], [-51.95709937394984, -29.469544340327204]], [[-51.95706835181539, -29.46953553875256], [-51.95706826706264, -29.469526514681768], [-51.95707857952141, -29.469526440517214], [-51.95706835181539, -29.46953553875256]], [[-51.95719868418173, -29.46913751543911], [-51.9571780593436, -29.469137663784213], [-51.95717797458251, -29.469128639713173], [-51.95719868418173, -29.46913751543911]], [[-51.957242392104746, -29.46939891678982], [-51.957241798731765, -29.469335748295833], [-51.95745827515477, -29.46932516632951], [-51.957242392104746, -29.46939891678982]], [[-51.95727053203701, -29.469100899922722], [-51.95727044726786, -29.46909187585185], [-51.957291072096176, -29.469091727492614], [-51.95727053203701, -29.469100899922722]], [[-51.95729098732525, -29.46908270342181], [-51.95733223697774, -29.46908240669388], [-51.95733232175234, -29.4690914307646], [-51.95729098732525, -29.46908270342181]], [[-51.95756823533359, -29.46895436327773], [-51.95755792293418, -29.468954437478914], [-51.9575578381401, -29.4689454134086], [-51.95756823533359, -29.46895436327773]], [[-51.9575580077283, -29.468963461549208], [-51.957547695327946, -29.468963535749598], [-51.95754761053474, -29.46895451167927], [-51.9575580077283, -29.468963461549208]], [[-51.957537637304696, -29.468990682160157], [-51.95750678488481, -29.468999928824793], [-51.95750670009509, -29.468990904754413], [-51.957537637304696, -29.468990682160157]], [[-51.95750686967457, -29.469008952895162], [-51.95749655726946, -29.469009027091715], [-51.957496472480614, -29.46900000302131], [-51.95750686967457, -29.469008952895162]], [[-51.957496642058345, -29.469018051162074], [-51.95748632965229, -29.469018125357845], [-51.95748624486431, -29.469009101287433], [-51.957496642058345, -29.469018051162074]], [[-51.95748641444029, -29.469027149428246], [-51.957476102033276, -29.469027223623247], [-51.95747601724618, -29.469018199552824], [-51.95748641444029, -29.469027149428246]], [[-51.957476186820415, -29.46903624769365], [-51.95746587441245, -29.469036321887874], [-51.957465789626234, -29.469027297817448], [-51.957476186820415, -29.46903624769365]], [[-51.95742487912814, -29.46906369086835], [-51.95734254939079, -29.469082332509913], [-51.957424624780195, -29.4690366186568], [-51.95742487912814, -29.46906369086835]], [[-51.95749562459427, -29.468909762316713], [-51.957495539805855, -29.468900738246194], [-51.957505852200015, -29.46890066404998], [-51.95749562459427, -29.468909762316713]], [[-51.9574854817743, -29.468927884653244], [-51.95746485698033, -29.468928033041838], [-51.95747499980402, -29.468909910706806], [-51.9574854817743, -29.468927884653244]], [[-51.95746494176611, -29.468937057112413], [-51.957444316970154, -29.46893720549787], [-51.95744423218619, -29.468928181427238], [-51.95746494176611, -29.468937057112413]], [[-51.95750576741073, -29.46889163997946], [-51.95751607980392, -29.46889156578248], [-51.95751616459414, -29.46890058985295], [-51.95750576741073, -29.46889163997946]]]}}, {"id": "1074", "type": "Feature", "properties": {"id": 1801, "codigo": "1251", "numero": "259", "fl_rural": 0, "Destinação": "NÃO ATRIBUÍDO"}, "geometry": {"type": "Polygon", "coordinates": [[[-51.95836171722396, -29.468295280839474], [-51.95841213564494, -29.46825577961224], [-51.958555195245246, -29.468123911720383], [-51.95844280301524, -29.467518214740352], [-51.95826201203001, -29.467600852021206], [-51.95836171722396, -29.468295280839474]]]}}, {"id": "1075", "type": "Feature", "properties": {"id": 1802, "codigo": "1266", "numero": "245", "fl_rural": 0, "Destinação": "NÃO ATRIBUÍDO"}, "geometry": {"type": "Polygon", "coordinates": [[[-51.95856038989971, -29.467467381316997], [-51.95844280301524, -29.467518214740352], [-51.958555195245246, -29.468123911720383], [-51.95859450004137, -29.46808768168989], [-51.958668378285935, -29.468049342164665], [-51.95856038989971, -29.467467381316997]]]}}, {"id": "1076", "type": "Feature", "properties": {"id": 1803, "codigo": "1280", "numero": "0", "fl_rural": 0, "Destinação": "NÃO ATRIBUÍDO"}, "geometry": {"type": "Polygon", "coordinates": [[[-51.95856038989971, -29.467467381316997], [-51.958668378285935, -29.468049342164665], [-51.95878011956656, -29.467991353296828], [-51.958675314321866, -29.46742654989928], [-51.95856038989971, -29.467467381316997]]]}}, {"id": "1077", "type": "Feature", "properties": {"id": 1804, "codigo": "1294", "numero": "221", "fl_rural": 0, "Destinação": "NÃO ATRIBUÍDO"}, "geometry": {"type": "Polygon", "coordinates": [[[-51.958675314321866, -29.46742654989928], [-51.95878011956656, -29.467991353296828], [-51.95886356359834, -29.467948049311754], [-51.95889295123256, -29.46793924120323], [-51.95879044788471, -29.46738684595458], [-51.958675314321866, -29.46742654989928]]]}}, {"id": "1078", "type": "Feature", "properties": {"id": 1805, "codigo": "1306", "numero": "215", "fl_rural": 0, "Destinação": "NÃO ATRIBUÍDO"}, "geometry": {"type": "Polygon", "coordinates": [[[-51.95879044788471, -29.46738684595458], [-51.95889295123256, -29.46793924120323], [-51.95898965752483, -29.46791025634275], [-51.95888639246801, -29.467353759349393], [-51.95879044788471, -29.46738684595458]]]}}, {"id": "1079", "type": "Feature", "properties": {"id": 1806, "codigo": "1316", "numero": "195", "fl_rural": 0, "Destinação": "NÃO ATRIBUÍDO"}, "geometry": {"type": "Polygon", "coordinates": [[[-51.95888639246801, -29.467353759349393], [-51.95898965752483, -29.46791025634275], [-51.959086363656276, -29.467881271323627], [-51.958982337089545, -29.467320672585295], [-51.95888639246801, -29.467353759349393]]]}}, {"id": "1080", "type": "Feature", "properties": {"id": 496, "codigo": "1341", "numero": "191", "fl_rural": 0, "Destinação": "NÃO ATRIBUÍDO"}, "geometry": {"type": "Polygon", "coordinates": [[[-51.95944603789857, -29.46777991207912], [-51.95920831893683, -29.46784471854567], [-51.95886356359834, -29.467948049311754], [-51.95859450004137, -29.46808768168989], [-51.95841213564494, -29.46825577961224], [-51.95811733470158, -29.468486746022222], [-51.95793185598398, -29.468580202194058], [-51.960995111968835, -29.469404420685883], [-51.961371284245224, -29.46859020294288], [-51.961196580314834, -29.46875673767797], [-51.9604743742248, -29.468725853227014], [-51.960296768013364, -29.46848346864239], [-51.96058201563494, -29.468187345434675], [-51.95944603789857, -29.46777991207912]]]}}, {"id": "1081", "type": "Feature", "properties": {"id": 497, "codigo": "1472", "numero": "291", "fl_rural": 0, "Destinação": "NÃO ATRIBUÍDO"}, "geometry": {"type": "Polygon", "coordinates": [[[-51.96132904541118, -29.467168189336075], [-51.96003692226152, -29.466692713209454], [-51.959973574077885, -29.46697424914213], [-51.95997545551392, -29.467173989002134], [-51.95998920262931, -29.467457035452004], [-51.959943779884895, -29.467575663640815], [-51.95986030081722, -29.467653839816037], [-51.95969220987979, -29.46768996041122], [-51.95944603789857, -29.46777991207912], [-51.96058201563494, -29.468187345434675], [-51.96060316114108, -29.468165393717545], [-51.96131096504589, -29.46776319709159], [-51.96164078728412, -29.467742764917453], [-51.961132933095286, -29.46747569328201], [-51.96132904541118, -29.467168189336075]]]}}, {"id": "1082", "type": "Feature", "properties": {"id": 1809, "codigo": "1386", "numero": "0", "fl_rural": 0, "Destinação": "NÃO AFETADO"}, "geometry": {"type": "Polygon", "coordinates": [[[-51.95947881457882, -29.467274041657166], [-51.95954773048174, -29.46774275349647], [-51.95969220987979, -29.46768996041122], [-51.95974172761685, -29.467679319700533], [-51.95968434888907, -29.467289080191406], [-51.95947881457882, -29.467274041657166]]]}}, {"id": "1083", "type": "Feature", "properties": {"id": 1810, "codigo": "1442", "numero": "0", "fl_rural": 0, "Destinação": "NÃO AFETADO"}, "geometry": {"type": "Polygon", "coordinates": [[[-51.95998920262931, -29.467457035452004], [-51.95998190238746, -29.467310850946276], [-51.95968434888907, -29.467289080191406], [-51.95974172761685, -29.467679319700533], [-51.95986030081722, -29.467653839816037], [-51.959943779884895, -29.467575663640815], [-51.95998920262931, -29.467457035452004]]]}}, {"id": "1084", "type": "Feature", "properties": {"id": 1768, "codigo": "0144", "numero": "165", "fl_rural": 0, "Destinação": "NÃO ATRIBUÍDO"}, "geometry": {"type": "Polygon", "coordinates": [[[-51.95918078994639, -29.46725223526556], [-51.95998190238746, -29.467310850946276], [-51.95997562580364, -29.467177604504332], [-51.95924039569656, -29.467139538454393], [-51.95918078994639, -29.46725223526556]]]}}, {"id": "1085", "type": "Feature", "properties": {"id": 1811, "codigo": "1469", "numero": "0", "fl_rural": 0, "Destinação": "NÃO ATRIBUÍDO"}, "geometry": {"type": "Polygon", "coordinates": [[[-51.95924039569656, -29.467139538454393], [-51.95997562580364, -29.467177604504332], [-51.95997461727019, -29.467084998352032], [-51.959288042958406, -29.467049451611924], [-51.95924039569656, -29.467139538454393]]]}}, {"id": "1086", "type": "Feature", "properties": {"id": 1812, "codigo": "1480", "numero": "133", "fl_rural": 0, "Destinação": "NÃO ATRIBUÍDO"}, "geometry": {"type": "Polygon", "coordinates": [[[-51.959288042958406, -29.467049451611924], [-51.95997461727019, -29.467084998352032], [-51.959973687318154, -29.466986271184112], [-51.95928790579433, -29.466950765288136], [-51.95928235936914, -29.46697283511938], [-51.959288042958406, -29.467049451611924]]]}}, {"id": "1087", "type": "Feature", "properties": {"id": 1813, "codigo": "1492", "numero": "123", "fl_rural": 0, "Destinação": "NÃO ATRIBUÍDO"}, "geometry": {"type": "Polygon", "coordinates": [[[-51.959973687318154, -29.466986271184112], [-51.95999284944631, -29.466888584117036], [-51.95931238655689, -29.46685335366205], [-51.95928790579433, -29.466950765288136], [-51.959973687318154, -29.466986271184112]]]}}, {"id": "1088", "type": "Feature", "properties": {"id": 1814, "codigo": "1529", "numero": "101", "fl_rural": 0, "Destinação": "NÃO ATRIBUÍDO"}, "geometry": {"type": "Polygon", "coordinates": [[[-51.95982050013506, -29.466879661269033], [-51.95988873646047, -29.46668511946801], [-51.95963225008368, -29.46665461690514], [-51.95961158657886, -29.46675222423628], [-51.95932539145381, -29.466737406233165], [-51.95933189225611, -29.466775738355874], [-51.95931238655689, -29.46685335366205], [-51.95982050013506, -29.466879661269033]]]}}, {"id": "1089", "type": "Feature", "properties": {"id": 1783, "codigo": "0414", "numero": "89", "fl_rural": 0, "Destinação": "NÃO ATRIBUÍDO"}, "geometry": {"type": "Polygon", "coordinates": [[[-51.96008677348002, -29.466576328066235], [-51.959480624251235, -29.466544945611695], [-51.95948422624257, -29.466652782087962], [-51.9593095057249, -29.466643735685746], [-51.95932539145381, -29.466737406233165], [-51.95961158657886, -29.46675222423628], [-51.95963225008368, -29.46665461690514], [-51.95988873646047, -29.46668511946801], [-51.95982050013506, -29.466879661269033], [-51.95999284944631, -29.466888584117036], [-51.96003738798247, -29.466690643198227], [-51.96008677348002, -29.466576328066235]]]}}, {"id": "1090", "type": "Feature", "properties": {"id": 492, "codigo": "0890", "numero": "37", "fl_rural": 0, "Destinação": "NÃO ATRIBUÍDO"}, "geometry": {"type": "Polygon", "coordinates": [[[-51.957882377644, -29.469671541488456], [-51.95802557304331, -29.469327000564057], [-51.95789662520247, -29.469286093524527], [-51.95774094516383, -29.469660672204867], [-51.957882377644, -29.469671541488456]]]}}, {"id": "1091", "type": "Feature", "properties": {"id": 493, "codigo": "0891", "numero": "0", "fl_rural": 0, "Destinação": "NÃO AFETADO"}, "geometry": {"type": "Polygon", "coordinates": [[[-51.95774094516383, -29.469660672204867], [-51.95789662520247, -29.469286093524527], [-51.95776767735886, -29.469245186358194], [-51.95759951281255, -29.469649802769517], [-51.95774094516383, -29.469660672204867]]]}}, {"id": "1092", "type": "Feature", "properties": {"id": 494, "codigo": "0892", "numero": "0", "fl_rural": 0, "Destinação": "NÃO AFETADO"}, "geometry": {"type": "Polygon", "coordinates": [[[-51.95745595361379, -29.469638769706336], [-51.95759951281255, -29.469649802769517], [-51.95776767735886, -29.469245186358194], [-51.95763679064089, -29.469203663996872], [-51.95745595361379, -29.469638769706336]]]}}, {"id": "1093", "type": "Feature", "properties": {"id": 1782, "codigo": "0407", "numero": null, "fl_rural": 0, "Destinação": "NÃO ATRIBUÍDO"}, "geometry": {"type": "Polygon", "coordinates": [[[-51.95742493117201, -29.466683273010577], [-51.957337318935394, -29.466329842015142], [-51.95710656253673, -29.466403837839163], [-51.956735864376036, -29.467360814959267], [-51.95803786779024, -29.468156604453046], [-51.95797343965135, -29.467648723129003], [-51.957875535903, -29.467634548375845], [-51.9576052971657, -29.46741087608476], [-51.95745796807184, -29.46681654508365], [-51.95742788539302, -29.46681950725692], [-51.95742493117201, -29.466683273010577]]]}}, {"id": "1094", "type": "Feature", "properties": {"id": 1784, "codigo": "0424", "numero": null, "fl_rural": 0, "Destinação": "NÃO ATRIBUÍDO"}, "geometry": {"type": "Polygon", "coordinates": [[[-51.95742788539302, -29.46681950725692], [-51.95745796807184, -29.46681654508365], [-51.95742493117201, -29.466683273010577], [-51.95742788539302, -29.46681950725692]]]}}, {"id": "1095", "type": "Feature", "properties": {"id": 1786, "codigo": "0428", "numero": "463", "fl_rural": 0, "Destinação": "NÃO ATRIBUÍDO"}, "geometry": {"type": "Polygon", "coordinates": [[[-51.95641673404945, -29.466313880233674], [-51.956641909406876, -29.466052186944484], [-51.95650874221774, -29.46597320007504], [-51.95652141662706, -29.46595683639249], [-51.9564464974075, -29.465908850076545], [-51.95616935294025, -29.466217531271948], [-51.95641673404945, -29.466313880233674]]]}}, {"id": "1096", "type": "Feature", "properties": {"id": 1799, "codigo": "1193", "numero": "569", "fl_rural": 0, "Destinação": "NÃO ATRIBUÍDO"}, "geometry": {"type": "Polygon", "coordinates": [[[-51.955702350441896, -29.466981949747197], [-51.95563562603672, -29.466992833171393], [-51.95556969307541, -29.466978731722847], [-51.9551966376465, -29.466829681407816], [-51.95489874430042, -29.46718630348945], [-51.95480653613386, -29.467328857750324], [-51.954809916959434, -29.46734973848518], [-51.955240324574184, -29.46705785992297], [-51.95598618987366, -29.467413491708232], [-51.9573189575104, -29.4687666383933], [-51.95686074971179, -29.4689353435094], [-51.95698161421569, -29.468927358344832], [-51.95707698881957, -29.46890227000856], [-51.95716435996893, -29.468860444146525], [-51.95767500396403, -29.468551532829313], [-51.95804924604369, -29.468246297269314], [-51.95804423964272, -29.468206832462734], [-51.957989172992356, -29.468201328350506], [-51.9579337739516, -29.468202801332524], [-51.95787919078471, -29.468211221033418], [-51.957826555239635, -29.46822641271323], [-51.957776958251024, -29.468248061593755], [-51.957647336237166, -29.46832826755946], [-51.957509477576615, -29.468390051649862], [-51.95746102791211, -29.46840581059426], [-51.957405804263765, -29.468408884970028], [-51.95735628054766, -29.468387282924603], [-51.95732584351746, -29.46834684379048], [-51.957315315222914, -29.468291113962394], [-51.9573449567168, -29.468137692054963], [-51.95733712129844, -29.468038798648834], [-51.95732090633937, -29.46799335526614], [-51.95729381036063, -29.467952072916518], [-51.95725712446977, -29.467916918441063], [-51.957212596261364, -29.46788956669739], [-51.957162347284125, -29.467871320654634], [-51.95710877129222, -29.467863049676062], [-51.95698673218697, -29.46787092819321], [-51.95691872963807, -29.467870033506983], [-51.956797840078785, -29.467852085411785], [-51.95669413660339, -29.4678215993086], [-51.956596337883994, -29.467778697749818], [-51.956506373925656, -29.4677242274703], [-51.956426019793895, -29.467659263112854], [-51.95635686107748, -29.46758508662778], [-51.956300262399594, -29.467503161686867], [-51.95627796389741, -29.467455567075756], [-51.95626511829063, -29.467405370948384], [-51.95626209082909, -29.467353999832238], [-51.956268967283506, -29.467302913576553], [-51.9562855523222, -29.467253564030834], [-51.95631137469409, -29.46720735367479], [-51.95633375210568, -29.467151141102796], [-51.95632880748694, -29.467091772911488], [-51.95631116279946, -29.467049105639482], [-51.95628684237058, -29.467009031203833], [-51.95625632888337, -29.466972344546555], [-51.956220227629046, -29.46693977366758], [-51.95617925481562, -29.466911964637983], [-51.95613422342653, -29.466889469247956], [-51.9560860269248, -29.46687273384335], [-51.956027843971334, -29.466861705984577], [-51.955968330955265, -29.466860383956497], [-51.95590958356513, -29.466868814253427], [-51.9558536700363, -29.466886700181316], [-51.95580255916022, -29.466913411850133], [-51.955758050372054, -29.46694800887592], [-51.955702350441896, -29.466981949747197]]]}}, {"id": "1097", "type": "Feature", "properties": {"id": 1799, "codigo": "1193", "numero": "569", "fl_rural": 0, "Destinação": "NÃO ATRIBUÍDO"}, "geometry": {"type": "Polygon", "coordinates": [[[-51.954153196912046, -29.468527827863277], [-51.95551224769516, -29.46895880167338], [-51.95564006436551, -29.469048907392136], [-51.95571917742974, -29.469093528108676], [-51.95580402154779, -29.469129185814477], [-51.955893277507016, -29.46915532602229], [-51.95598555724632, -29.469171542386178], [-51.95607942598323, -29.469177582589893], [-51.956231683971566, -29.46916752759021], [-51.95635077188485, -29.469126915867708], [-51.95637615586684, -29.469106395008716], [-51.955878101707874, -29.469083834562745], [-51.95505986853707, -29.46871067243963], [-51.954893179273675, -29.468531374888403], [-51.95500357090456, -29.468205694111482], [-51.95458980969082, -29.46807329233007], [-51.95454670088139, -29.467875058448353], [-51.95424206374352, -29.468382625528392], [-51.954207848220875, -29.468385476441785], [-51.954153196912046, -29.468527827863277]]]}}, {"id": "1098", "type": "Feature", "properties": {"id": 1799, "codigo": "1193", "numero": "569", "fl_rural": 0, "Destinação": "NÃO ATRIBUÍDO"}, "geometry": {"type": "Polygon", "coordinates": [[[-51.95514118348653, -29.46858374328149], [-51.95508979078868, -29.468602161489496], [-51.955141690960296, -29.468637887744347], [-51.95514118348653, -29.46858374328149]]]}}, {"id": "1099", "type": "Feature", "properties": {"id": 19455, "codigo": "0151", "numero": "88", "fl_rural": 0, "Destinação": "NÃO ATRIBUÍDO"}, "geometry": {"type": "Polygon", "coordinates": [[[-51.954154073190914, -29.467117386890386], [-51.9536654097797, -29.466951509935065], [-51.953588749268036, -29.467027122178667], [-51.954114563149844, -29.467205609862834], [-51.954154073190914, -29.467117386890386]]]}}, {"id": "1100", "type": "Feature", "properties": {"id": 19456, "codigo": "0173", "numero": "74", "fl_rural": 0, "Destinação": "NÃO ATRIBUÍDO"}, "geometry": {"type": "Polygon", "coordinates": [[[-51.954238488799064, -29.466928892981898], [-51.953962070440376, -29.46684700702767], [-51.9539984040851, -29.466753084671343], [-51.95389703204032, -29.466723054158727], [-51.9536654097797, -29.466951509935065], [-51.954154073190914, -29.467117386890386], [-51.954238488799064, -29.466928892981898]]]}}, {"id": "1101", "type": "Feature", "properties": {"id": 19457, "codigo": "0184", "numero": "42", "fl_rural": 0, "Destinação": "NÃO ATRIBUÍDO"}, "geometry": {"type": "Polygon", "coordinates": [[[-51.95427988017294, -29.466836468847024], [-51.9539984040851, -29.466753084671343], [-51.953962070440376, -29.46684700702767], [-51.954238488799064, -29.466928892981898], [-51.95427988017294, -29.466836468847024]]]}}, {"id": "1102", "type": "Feature", "properties": {"id": 1796, "codigo": "0561", "numero": "0", "fl_rural": 0, "Destinação": "NÃO ATRIBUÍDO"}, "geometry": {"type": "Polygon", "coordinates": [[[-51.95571109964874, -29.46672792468178], [-51.95544360754015, -29.466544008322415], [-51.95535950723521, -29.46663767651841], [-51.95562699944872, -29.46682159313239], [-51.95571109964874, -29.46672792468178]]]}}, {"id": "1103", "type": "Feature", "properties": {"id": 19458, "codigo": "0247", "numero": "633", "fl_rural": 0, "Destinação": "NÃO ATRIBUÍDO"}, "geometry": {"type": "Polygon", "coordinates": [[[-51.95389703204032, -29.466723054158727], [-51.95427988017294, -29.466836468847024], [-51.95442386909884, -29.466514949714327], [-51.954161250256774, -29.46646244623161], [-51.95389703204032, -29.466723054158727]]]}}, {"id": "1104", "type": "Feature", "properties": {"id": 1795, "codigo": "0538", "numero": "583", "fl_rural": 0, "Destinação": "NÃO ATRIBUÍDO"}, "geometry": {"type": "Polygon", "coordinates": [[[-51.95580589860787, -29.4666223400385], [-51.955544272872814, -29.466431890198855], [-51.95544360754015, -29.466544008322415], [-51.95571109964874, -29.46672792468178], [-51.95580589860787, -29.4666223400385]]]}}, {"id": "1105", "type": "Feature", "properties": {"id": 1794, "codigo": "0522", "numero": "559", "fl_rural": 0, "Destinação": "NÃO ATRIBUÍDO"}, "geometry": {"type": "Polygon", "coordinates": [[[-51.95587598184677, -29.46654428296971], [-51.95561435618951, -29.46635383326407], [-51.955544272872814, -29.466431890198855], [-51.95580589860787, -29.4666223400385], [-51.95587598184677, -29.46654428296971]]]}}, {"id": "1106", "type": "Feature", "properties": {"id": 1793, "codigo": "0511", "numero": "547", "fl_rural": 0, "Destinação": "NÃO ATRIBUÍDO"}, "geometry": {"type": "Polygon", "coordinates": [[[-51.95593969374285, -29.466473321984093], [-51.955678068155464, -29.466282872310064], [-51.95561435618951, -29.46635383326407], [-51.95587598184677, -29.46654428296971], [-51.95593969374285, -29.466473321984093]]]}}, {"id": "1107", "type": "Feature", "properties": {"id": 1791, "codigo": "0500", "numero": "531", "fl_rural": 0, "Destinação": "NÃO ATRIBUÍDO"}, "geometry": {"type": "Polygon", "coordinates": [[[-51.956079859705774, -29.466317207585767], [-51.95581823427483, -29.466126758269997], [-51.955678068155464, -29.466282872310064], [-51.95593969374285, -29.466473321984093], [-51.956079859705774, -29.466317207585767]]]}}, {"id": "1108", "type": "Feature", "properties": {"id": 1807, "codigo": "1326", "numero": "187", "fl_rural": 0, "Destinação": "NÃO ATRIBUÍDO"}, "geometry": {"type": "Polygon", "coordinates": [[[-51.958982337089545, -29.467320672585295], [-51.959086363656276, -29.467881271323627], [-51.95918306983484, -29.46785228632482], [-51.959078281543924, -29.467287585754033], [-51.958982337089545, -29.467320672585295]]]}}, {"id": "1109", "type": "Feature", "properties": {"id": 1808, "codigo": "1366", "numero": "177", "fl_rural": 0, "Destinação": "NÃO ATRIBUÍDO"}, "geometry": {"type": "Polygon", "coordinates": [[[-51.959078281543924, -29.467287585754033], [-51.95918306983484, -29.46785228632482], [-51.95944603789857, -29.46777991207912], [-51.95954773048174, -29.46774275349647], [-51.95947881457882, -29.467274041657166], [-51.95918078994639, -29.46725223526556], [-51.959078281543924, -29.467287585754033]]]}}, {"id": "1110", "type": "Feature", "properties": {"id": 1774, "codigo": "0191", "numero": "0", "fl_rural": 0, "Destinação": "NÃO ATRIBUÍDO"}, "geometry": {"type": "Polygon", "coordinates": [[[-51.95797343965135, -29.467648723129003], [-51.958081955637084, -29.468504138775018], [-51.95811733470158, -29.468486746022222], [-51.95836171722396, -29.468295280839474], [-51.95826201203001, -29.467600852021206], [-51.95811305734074, -29.467668937332423], [-51.95797343965135, -29.467648723129003]]]}}, {"id": "1111", "type": "Feature", "properties": {"id": 1771, "codigo": "0176", "numero": "0", "fl_rural": 0, "Destinação": "NÃO ATRIBUÍDO"}, "geometry": {"type": "Polygon", "coordinates": [[[-51.95890031696132, -29.467310286135866], [-51.959016454087454, -29.467255724204257], [-51.95914779669604, -29.467161133767224], [-51.958975636358176, -29.46727466333454], [-51.95889112021499, -29.46731329459843], [-51.95890031696132, -29.467310286135866]]]}}, {"id": "1112", "type": "Feature", "properties": {"id": 1785, "codigo": "0426", "numero": "75", "fl_rural": 0, "Destinação": "NÃO ATRIBUÍDO"}, "geometry": {"type": "Polygon", "coordinates": [[[-51.95948422624257, -29.466652782087962], [-51.959480624251235, -29.466544945611695], [-51.95929108747129, -29.46653513205121], [-51.9593095057249, -29.466643735685746], [-51.95948422624257, -29.466652782087962]]]}}, {"id": "1113", "type": "Feature", "properties": {"id": 1792, "codigo": "0505", "numero": "137", "fl_rural": 0, "Destinação": "NÃO ATRIBUÍDO"}, "geometry": {"type": "Polygon", "coordinates": [[[-51.958829915273164, -29.466020606375746], [-51.95883177110358, -29.466049851718523], [-51.958942026745994, -29.466121467289604], [-51.95893608095182, -29.466027771009063], [-51.958829915273164, -29.466020606375746]]]}}, {"id": "1114", "type": "Feature", "properties": {"id": 1760, "codigo": "0033", "numero": "36", "fl_rural": 0, "Destinação": "NÃO ATRIBUÍDO"}, "geometry": {"type": "Polygon", "coordinates": [[[-51.95917318787455, -29.46621839875985], [-51.9590930659991, -29.466219573491994], [-51.95917733543104, -29.46627430995138], [-51.95917318787455, -29.46621839875985]]]}}, {"id": "1115", "type": "Feature", "properties": {"id": 1767, "codigo": "0132", "numero": "125", "fl_rural": 0, "Destinação": "NÃO ATRIBUÍDO"}, "geometry": {"type": "Polygon", "coordinates": [[[-51.959044672406584, -29.466033673844287], [-51.95893608095182, -29.466027771009063], [-51.958942026745994, -29.466121467289604], [-51.95906062138786, -29.46619849938357], [-51.959044672406584, -29.466033673844287]]]}}, {"id": "1116", "type": "Feature", "properties": {"id": 1769, "codigo": "0155", "numero": "145", "fl_rural": 0, "Destinação": "NÃO ATRIBUÍDO"}, "geometry": {"type": "Polygon", "coordinates": [[[-51.95878174127003, -29.46601735528547], [-51.95883177110358, -29.466049851718523], [-51.958829915273164, -29.466020606375746], [-51.95878174127003, -29.46601735528547]]]}}, {"id": "1117", "type": "Feature", "properties": {"id": 36164, "codigo": "0257", "numero": null, "fl_rural": 0, "Destinação": "NÃO ATRIBUÍDO"}, "geometry": {"type": "Polygon", "coordinates": [[[-51.96094379251342, -29.466453448937266], [-51.96079432849894, -29.46639089213642], [-51.96057825412503, -29.466891915600055], [-51.960730531378516, -29.466947950942906], [-51.96094379251342, -29.466453448937266]]]}}, {"id": "1118", "type": "Feature", "properties": {"id": 36165, "codigo": "0292", "numero": "0", "fl_rural": 0, "Destinação": "ÁREA DE RECREAÇÃO PÚBLICA E INSTITUCIONAL"}, "geometry": {"type": "Polygon", "coordinates": [[[-51.96079432849894, -29.46639089213642], [-51.96046551700177, -29.466264844302156], [-51.96026414758765, -29.466776329242236], [-51.96057825412503, -29.466891915600055], [-51.96079432849894, -29.46639089213642]]]}}, {"id": "1119", "type": "Feature", "properties": {"id": 1788, "codigo": "0457", "numero": "45", "fl_rural": 0, "Destinação": "NÃO ATRIBUÍDO"}, "geometry": {"type": "Polygon", "coordinates": [[[-51.9602944965287, -29.46621480414075], [-51.960162986607614, -29.46617649345302], [-51.95994392991473, -29.46612543791856], [-51.95965844720826, -29.466077709110042], [-51.95965541168399, -29.46629427777212], [-51.959244765119145, -29.466252366280692], [-51.95924700954015, -29.46631956614875], [-51.95925546022507, -29.466325055215925], [-51.95929108747129, -29.46653513205121], [-51.96008677348002, -29.466576328066235], [-51.96020042917289, -29.466353958894278], [-51.9602944965287, -29.46621480414075]]]}}, {"id": "1120", "type": "Feature", "properties": {"id": 1538, "codigo": "0252", "numero": "0", "fl_rural": 0, "Destinação": "NÃO ATRIBUÍDO"}, "geometry": {"type": "Polygon", "coordinates": [[[-51.960724754662614, -29.465295104938402], [-51.96048274775167, -29.465268651693048], [-51.96022089273888, -29.465321652093454], [-51.95999333690733, -29.465957899873946], [-51.960382770264815, -29.466084607603694], [-51.960724754662614, -29.465295104938402]]]}}, {"id": "1121", "type": "Feature", "properties": {"id": 1537, "codigo": "0104", "numero": "0", "fl_rural": 0, "Destinação": "NÃO ATRIBUÍDO"}, "geometry": {"type": "Polygon", "coordinates": [[[-51.959477132727066, -29.46592547884053], [-51.95999333690733, -29.465957899873946], [-51.96022089273888, -29.465321652093454], [-51.959646044395285, -29.465438001669366], [-51.959477132727066, -29.46592547884053]]]}}, {"id": "1122", "type": "Feature", "properties": {"id": 1576, "codigo": "0905", "numero": "72", "fl_rural": 0, "Destinação": "NÃO ATRIBUÍDO"}, "geometry": {"type": "Polygon", "coordinates": [[[-51.960724754662614, -29.465295104938402], [-51.96078689314861, -29.46515165091976], [-51.96058581798773, -29.46512967190836], [-51.95950530870012, -29.465357894490374], [-51.959432498597444, -29.465412286192315], [-51.95899430060431, -29.46550537136893], [-51.95916564053151, -29.465511934241327], [-51.959646044395285, -29.465438001669366], [-51.96048274775167, -29.465268651693048], [-51.960724754662614, -29.465295104938402]]]}}, {"id": "1123", "type": "Feature", "properties": {"id": 1539, "codigo": "0287", "numero": "0", "fl_rural": 0, "Destinação": "NÃO ATRIBUÍDO"}, "geometry": {"type": "Polygon", "coordinates": [[[-51.960555508140004, -29.46485904075019], [-51.95987139964684, -29.46511834821053], [-51.959867300943024, -29.465110067301787], [-51.959808398695216, -29.465131475627285], [-51.95950530870012, -29.465357894490374], [-51.96058581798773, -29.46512967190836], [-51.96078689314861, -29.46515165091976], [-51.96085816959368, -29.46498710077644], [-51.960555508140004, -29.46485904075019]]]}}, {"id": "1124", "type": "Feature", "properties": {"id": 1568, "codigo": "0787", "numero": "229", "fl_rural": 0, "Destinação": "NÃO ATRIBUÍDO"}, "geometry": {"type": "Polygon", "coordinates": [[[-51.95995656503429, -29.465086067073656], [-51.95991621639489, -29.465050932021825], [-51.959808398695216, -29.465131475627285], [-51.959867300943024, -29.465110067301787], [-51.95987139964684, -29.46511834821053], [-51.95995656503429, -29.465086067073656]]]}}, {"id": "1125", "type": "Feature", "properties": {"id": 1567, "codigo": "0766", "numero": "217", "fl_rural": 0, "Destinação": "NÃO ATRIBUÍDO"}, "geometry": {"type": "Polygon", "coordinates": [[[-51.95995656503429, -29.465086067073656], [-51.960068585582846, -29.46504360653362], [-51.960002756521696, -29.464986283510015], [-51.95991621639489, -29.465050932021825], [-51.95995656503429, -29.465086067073656]]]}}, {"id": "1126", "type": "Feature", "properties": {"id": 1764, "codigo": "0110", "numero": "93", "fl_rural": 0, "Destinação": "NÃO ATRIBUÍDO"}, "geometry": {"type": "Polygon", "coordinates": [[[-51.959244765119145, -29.466252366280692], [-51.95965541168399, -29.46629427777212], [-51.95965844720826, -29.466077709110042], [-51.95924767655363, -29.46604470866627], [-51.959244765119145, -29.466252366280692]]]}}, {"id": "1127", "type": "Feature", "properties": {"id": 1765, "codigo": "0121", "numero": "111", "fl_rural": 0, "Destinação": "NÃO ATRIBUÍDO"}, "geometry": {"type": "Polygon", "coordinates": [[[-51.95906062138786, -29.46619849938357], [-51.9590930659991, -29.466219573491994], [-51.95917318787455, -29.46621839875985], [-51.95915994967684, -29.466039940112875], [-51.959044672406584, -29.466033673844287], [-51.95906062138786, -29.46619849938357]]]}}, {"id": "1128", "type": "Feature", "properties": {"id": 1536, "codigo": "0053", "numero": "0", "fl_rural": 0, "Destinação": "NÃO ATRIBUÍDO"}, "geometry": {"type": "Polygon", "coordinates": [[[-51.95899430060431, -29.46550537136893], [-51.958948766848984, -29.465515043977486], [-51.95890708856362, -29.465614158958587], [-51.95892216067033, -29.465890620686615], [-51.959477132727066, -29.46592547884053], [-51.959646044395285, -29.465438001669366], [-51.95916564053151, -29.465511934241327], [-51.95899430060431, -29.46550537136893]]]}}, {"id": "1129", "type": "Feature", "properties": {"id": 1781, "codigo": "0390", "numero": "0", "fl_rural": 0, "Destinação": "NÃO ATRIBUÍDO"}, "geometry": {"type": "Polygon", "coordinates": [[[-51.956641909406876, -29.466052186944484], [-51.9565265303712, -29.466186277811623], [-51.95680517113899, -29.466273596352046], [-51.95688204558489, -29.466231015594204], [-51.956911555927235, -29.466017039977302], [-51.9567331643438, -29.465917383033347], [-51.956641909406876, -29.466052186944484]]]}}, {"id": "1130", "type": "Feature", "properties": {"id": 1780, "codigo": "0341", "numero": "347", "fl_rural": 0, "Destinação": "NÃO ATRIBUÍDO"}, "geometry": {"type": "Polygon", "coordinates": [[[-51.95651706470597, -29.465856849152235], [-51.95645698447501, -29.46581593754215], [-51.956417959082465, -29.46584583715319], [-51.956544575544385, -29.46592693640407], [-51.95650874221774, -29.46597320007504], [-51.956641909406876, -29.466052186944484], [-51.9567331643438, -29.465917383033347], [-51.95655240628019, -29.465816404075337], [-51.95651706470597, -29.465856849152235]]]}}, {"id": "1131", "type": "Feature", "properties": {"id": 31560, "codigo": "0375", "numero": null, "fl_rural": 0, "Destinação": "NÃO ATRIBUÍDO"}, "geometry": {"type": "Polygon", "coordinates": [[[-51.95655240628019, -29.465816404075337], [-51.95649686979628, -29.46578537908998], [-51.95645698447501, -29.46581593754215], [-51.95651706470597, -29.465856849152235], [-51.95655240628019, -29.465816404075337]]]}}, {"id": "1132", "type": "Feature", "properties": {"id": 1566, "codigo": "0757", "numero": "203", "fl_rural": 0, "Destinação": "NÃO ATRIBUÍDO"}, "geometry": {"type": "Polygon", "coordinates": [[[-51.960068585582846, -29.46504360653362], [-51.96016838016589, -29.465005780015876], [-51.96007985166447, -29.464928690732748], [-51.960002756521696, -29.464986283510015], [-51.960068585582846, -29.46504360653362]]]}}, {"id": "1133", "type": "Feature", "properties": {"id": 1565, "codigo": "0747", "numero": "193", "fl_rural": 0, "Destinação": "NÃO ATRIBUÍDO"}, "geometry": {"type": "Polygon", "coordinates": [[[-51.96016838016589, -29.465005780015876], [-51.96027021127271, -29.46496718155974], [-51.96015852011617, -29.464869922638517], [-51.96007985166447, -29.464928690732748], [-51.96016838016589, -29.465005780015876]]]}}, {"id": "1134", "type": "Feature", "properties": {"id": 1540, "codigo": "0302", "numero": "0", "fl_rural": 0, "Destinação": "NÃO ATRIBUÍDO"}, "geometry": {"type": "Polygon", "coordinates": [[[-51.96085816959368, -29.46498710077644], [-51.96091244910565, -29.464861789438654], [-51.96081098035874, -29.464818856794235], [-51.9607445189772, -29.464890961082887], [-51.96029441482472, -29.464699673718677], [-51.960265083528455, -29.464783762415674], [-51.96040717577951, -29.46491526573663], [-51.960555508140004, -29.46485904075019], [-51.96085816959368, -29.46498710077644]]]}}, {"id": "1135", "type": "Feature", "properties": {"id": 39617, "codigo": "0694", "numero": null, "fl_rural": 0, "Destinação": null}, "geometry": {"type": "Polygon", "coordinates": [[[-51.96049959246485, -29.46468710415748], [-51.960453184530074, -29.464767693291495], [-51.9607445189772, -29.464890961082887], [-51.96081098035874, -29.464818856794235], [-51.96049959246485, -29.46468710415748]]]}}, {"id": "1136", "type": "Feature", "properties": {"id": 1564, "codigo": "0737", "numero": "183", "fl_rural": 0, "Destinação": "NÃO ATRIBUÍDO"}, "geometry": {"type": "Polygon", "coordinates": [[[-51.96040717577951, -29.46491526573663], [-51.960265083528455, -29.464783762415674], [-51.96026199194457, -29.464792625551404], [-51.96015852011617, -29.464869922638517], [-51.96027021127271, -29.46496718155974], [-51.96040717577951, -29.46491526573663]]]}}, {"id": "1137", "type": "Feature", "properties": {"id": 1560, "codigo": "0704", "numero": "0", "fl_rural": 0, "Destinação": "NÃO AFETADO"}, "geometry": {"type": "Polygon", "coordinates": [[[-51.96091244910565, -29.464861789438654], [-51.961000173357554, -29.464659266079778], [-51.96076894047506, -29.46455760650405], [-51.96074347884412, -29.464601958088682], [-51.96061181080264, -29.46454407107286], [-51.96052649509468, -29.464698487074813], [-51.96091244910565, -29.464861789438654]]]}}, {"id": "1138", "type": "Feature", "properties": {"id": 1563, "codigo": "0722", "numero": "167", "fl_rural": 0, "Destinação": "NÃO ATRIBUÍDO"}, "geometry": {"type": "Polygon", "coordinates": [[[-51.96049959246485, -29.46468710415748], [-51.960324622919096, -29.464613071364944], [-51.96029441482472, -29.464699673718677], [-51.960453184530074, -29.464767693291495], [-51.96049959246485, -29.46468710415748]]]}}, {"id": "1139", "type": "Feature", "properties": {"id": 1562, "codigo": "0712", "numero": "163", "fl_rural": 0, "Destinação": "NÃO ATRIBUÍDO"}, "geometry": {"type": "Polygon", "coordinates": [[[-51.96034335265792, -29.464559375840572], [-51.96032462291738, -29.464613071369836], [-51.96049478147796, -29.464685068552168], [-51.960522376193765, -29.464635123914626], [-51.96034335265792, -29.464559375840572]]]}}, {"id": "1140", "type": "Feature", "properties": {"id": 1561, "codigo": "0707", "numero": "0", "fl_rural": 0, "Destinação": "NÃO AFETADO"}, "geometry": {"type": "Polygon", "coordinates": [[[-51.960522376193765, -29.464635123914626], [-51.96049478147796, -29.464685068552168], [-51.96052649509468, -29.464698487074813], [-51.96061181080264, -29.46454407107286], [-51.96043939137014, -29.46446826763843], [-51.96039079170529, -29.464552922769695], [-51.96035161176162, -29.464535698153043], [-51.96034335265792, -29.464559375840572], [-51.960522376193765, -29.464635123914626]]]}}, {"id": "1141", "type": "Feature", "properties": {"id": 1558, "codigo": "0690", "numero": "0", "fl_rural": 0, "Destinação": "NÃO ATRIBUÍDO"}, "geometry": {"type": "Polygon", "coordinates": [[[-51.96076894047506, -29.46455760650405], [-51.96046485310261, -29.46442391601861], [-51.96043939137014, -29.46446826763843], [-51.96074347884412, -29.464601958088682], [-51.96076894047506, -29.46455760650405]]]}}, {"id": "1142", "type": "Feature", "properties": {"id": 1559, "codigo": "0701", "numero": "149", "fl_rural": 0, "Destinação": "NÃO ATRIBUÍDO"}, "geometry": {"type": "Polygon", "coordinates": [[[-51.96039079170529, -29.464552922769695], [-51.96046485310261, -29.46442391601861], [-51.960359325322216, -29.464377520973034], [-51.9603724476167, -29.46447596468989], [-51.96035161176162, -29.464535698153043], [-51.96039079170529, -29.464552922769695]]]}}, {"id": "1143", "type": "Feature", "properties": {"id": 1557, "codigo": "0685", "numero": "139", "fl_rural": 0, "Destinação": "NÃO ATRIBUÍDO"}, "geometry": {"type": "Polygon", "coordinates": [[[-51.960718819321514, -29.464427131536667], [-51.96034267998585, -29.46425264732505], [-51.960359325322216, -29.464377520973034], [-51.960668838477325, -29.46451359725027], [-51.960718819321514, -29.464427131536667]]]}}, {"id": "1144", "type": "Feature", "properties": {"id": 1556, "codigo": "0674", "numero": "129", "fl_rural": 0, "Destinação": "NÃO ATRIBUÍDO"}, "geometry": {"type": "Polygon", "coordinates": [[[-51.960718819321514, -29.464427131536667], [-51.96076998019541, -29.46433862411556], [-51.960364184214775, -29.464150273417587], [-51.96033528211773, -29.464197148369763], [-51.96034267998585, -29.46425264732505], [-51.960718819321514, -29.464427131536667]]]}}, {"id": "1145", "type": "Feature", "properties": {"id": 1555, "codigo": "0663", "numero": "119", "fl_rural": 0, "Destinação": "NÃO ATRIBUÍDO"}, "geometry": {"type": "Polygon", "coordinates": [[[-51.960659267834146, -29.46428723705521], [-51.96071265851693, -29.464199651946576], [-51.96041804971005, -29.464062911335546], [-51.960364184214775, -29.464150273417587], [-51.960659267834146, -29.46428723705521]]]}}, {"id": "1146", "type": "Feature", "properties": {"id": 1554, "codigo": "0652", "numero": "113", "fl_rural": 0, "Destinação": "NÃO ATRIBUÍDO"}, "geometry": {"type": "Polygon", "coordinates": [[[-51.96071265851693, -29.464199651946576], [-51.96082962897752, -29.464007766505127], [-51.96051598672181, -29.4639040710183], [-51.96041804971005, -29.464062911335546], [-51.96071265851693, -29.464199651946576]]]}}, {"id": "1148", "type": "Feature", "properties": {"id": 1528, "codigo": "0306", "numero": "98", "fl_rural": 0, "Destinação": "NÃO ATRIBUÍDO"}, "geometry": {"type": "Polygon", "coordinates": [[[-51.96028582760054, -29.46382613958795], [-51.96030783221665, -29.463991218660187], [-51.96031596169407, -29.463994740813167], [-51.9603967027468, -29.463862819839807], [-51.96028582760054, -29.46382613958795]]]}}, {"id": "1149", "type": "Feature", "properties": {"id": 1492, "codigo": "0211", "numero": "99", "fl_rural": 0, "Destinação": "NÃO ATRIBUÍDO"}, "geometry": {"type": "Polygon", "coordinates": [[[-51.96058497787187, -29.463565819196468], [-51.960229104648164, -29.463400602859206], [-51.96026725086913, -29.463686776575486], [-51.960469633828566, -29.46375368871642], [-51.96058497787187, -29.463565819196468]]]}}, {"id": "1150", "type": "Feature", "properties": {"id": 19453, "codigo": "0113", "numero": "126", "fl_rural": 0, "Destinação": "NÃO ATRIBUÍDO"}, "geometry": {"type": "Polygon", "coordinates": [[[-51.95255284259924, -29.468048847972177], [-51.953578650571345, -29.468402244745924], [-51.954003860914135, -29.467452798452193], [-51.95337617390196, -29.46723678984323], [-51.95255284259924, -29.468048847972177]]]}}, {"id": "1151", "type": "Feature", "properties": {"id": 19459, "codigo": "0261", "numero": "681", "fl_rural": 0, "Destinação": "NÃO ATRIBUÍDO"}, "geometry": {"type": "Polygon", "coordinates": [[[-51.95370163121533, -29.46678435473779], [-51.953650866700556, -29.466746048346977], [-51.95234749251812, -29.467978102417614], [-51.95255284259924, -29.468048847972177], [-51.954161250256774, -29.46646244623161], [-51.9540230805169, -29.466434822714767], [-51.95370163121533, -29.46678435473779]]]}}, {"id": "1152", "type": "Feature", "properties": {"id": 19454, "codigo": "0140", "numero": "104", "fl_rural": 0, "Destinação": "NÃO ATRIBUÍDO"}, "geometry": {"type": "Polygon", "coordinates": [[[-51.954114563149844, -29.467205609862834], [-51.953588749268036, -29.467027122178667], [-51.95337617390196, -29.46723678984323], [-51.954003860914135, -29.467452798452193], [-51.954114563149844, -29.467205609862834]]]}}, {"id": "1153", "type": "Feature", "properties": {"id": 19460, "codigo": "0314", "numero": "789", "fl_rural": 0, "Destinação": "NÃO ATRIBUÍDO"}, "geometry": {"type": "Polygon", "coordinates": [[[-51.95193251220433, -29.46783513545892], [-51.95234749251812, -29.467978102417614], [-51.953650866700556, -29.466746048346977], [-51.95370163121533, -29.46678435473779], [-51.9540230805169, -29.466434822714767], [-51.953531466283316, -29.466336535914046], [-51.95193251220433, -29.46783513545892]]]}}, {"id": "1154", "type": "Feature", "properties": {"id": 19461, "codigo": "0340", "numero": "813", "fl_rural": 0, "Destinação": "NÃO ATRIBUÍDO"}, "geometry": {"type": "Polygon", "coordinates": [[[-51.951754595488076, -29.467763570311586], [-51.95193251220433, -29.46783513545892], [-51.953531466283316, -29.466336535914046], [-51.95326726071249, -29.466282912579544], [-51.951754595488076, -29.467763570311586]]]}}, {"id": "1155", "type": "Feature", "properties": {"id": 19462, "codigo": "0348", "numero": "841", "fl_rural": 0, "Destinação": "NÃO ATRIBUÍDO"}, "geometry": {"type": "Polygon", "coordinates": [[[-51.95308783857083, -29.466244944616744], [-51.95165229577175, -29.467606715527317], [-51.951566675187976, -29.46768798095387], [-51.951754595488076, -29.467763570311586], [-51.95326726071249, -29.466282912579544], [-51.95308783857083, -29.466244944616744]]]}}, {"id": "1156", "type": "Feature", "properties": {"id": 19464, "codigo": "0409", "numero": "243", "fl_rural": 0, "Destinação": "NÃO ATRIBUÍDO"}, "geometry": {"type": "Polygon", "coordinates": [[[-51.95234139467163, -29.466086984887312], [-51.95099327972247, -29.46698827940904], [-51.95165229577175, -29.467606715527317], [-51.95308783857083, -29.466244944616744], [-51.95234139467163, -29.466086984887312]]]}}, {"id": "1157", "type": "Feature", "properties": {"id": 19468, "codigo": "0493", "numero": "43", "fl_rural": 0, "Destinação": "NÃO ATRIBUÍDO"}, "geometry": {"type": "Polygon", "coordinates": [[[-51.95154409228841, -29.46630062538879], [-51.95175574785184, -29.466478527961662], [-51.95185557062766, -29.466411790319107], [-51.95164298879181, -29.466233109469123], [-51.95154409228841, -29.46630062538879]]]}}, {"id": "1158", "type": "Feature", "properties": {"id": 19467, "codigo": "0482", "numero": "31", "fl_rural": 0, "Destinação": "NÃO ATRIBUÍDO"}, "geometry": {"type": "Polygon", "coordinates": [[[-51.95164298879181, -29.466233109469123], [-51.95185557062766, -29.466411790319107], [-51.95194584780889, -29.466351434374083], [-51.9517324282619, -29.466172049504802], [-51.95164298879181, -29.466233109469123]]]}}, {"id": "1159", "type": "Feature", "properties": {"id": 19466, "codigo": "0471", "numero": "25", "fl_rural": 0, "Destinação": "NÃO ATRIBUÍDO"}, "geometry": {"type": "Polygon", "coordinates": [[[-51.95203210744327, -29.46629376424786], [-51.95182999859153, -29.466105438542716], [-51.9517324282619, -29.466172049504802], [-51.95194584780889, -29.466351434374083], [-51.95203210744327, -29.46629376424786]]]}}, {"id": "1160", "type": "Feature", "properties": {"id": 19463, "codigo": "0375", "numero": "0", "fl_rural": 0, "Destinação": "NÃO ATRIBUÍDO"}, "geometry": {"type": "Polygon", "coordinates": [[[-51.95165229577175, -29.467606715527317], [-51.95099327972247, -29.46698827940904], [-51.950655679513964, -29.467213980475535], [-51.951566675187976, -29.46768798095387], [-51.95165229577175, -29.467606715527317]]]}}, {"id": "1161", "type": "Feature", "properties": {"id": 19476, "codigo": "0609", "numero": "163", "fl_rural": 0, "Destinação": "NÃO ATRIBUÍDO"}, "geometry": {"type": "Polygon", "coordinates": [[[-51.950587686932515, -29.466926523853125], [-51.950655679513964, -29.467213980475535], [-51.950903161288885, -29.467048527815766], [-51.95072110507384, -29.466839942023682], [-51.950587686932515, -29.466926523853125]]]}}, {"id": "1162", "type": "Feature", "properties": {"id": 19475, "codigo": "0593", "numero": "157", "fl_rural": 0, "Destinação": "NÃO ATRIBUÍDO"}, "geometry": {"type": "Polygon", "coordinates": [[[-51.95072110507384, -29.466839942023682], [-51.950903161288885, -29.467048527815766], [-51.95099327972247, -29.46698827940904], [-51.95081281314547, -29.466781515117376], [-51.95072110507384, -29.466839942023682]]]}}, {"id": "1163", "type": "Feature", "properties": {"id": 19474, "codigo": "0583", "numero": "147", "fl_rural": 0, "Destinação": "NÃO ATRIBUÍDO"}, "geometry": {"type": "Polygon", "coordinates": [[[-51.95081281314547, -29.466781515117376], [-51.95099327972247, -29.46698827940904], [-51.95108876665762, -29.466924441721897], [-51.95091494190903, -29.466714150993916], [-51.95081281314547, -29.466781515117376]]]}}, {"id": "1164", "type": "Feature", "properties": {"id": 19473, "codigo": "0570", "numero": "135", "fl_rural": 0, "Destinação": "NÃO ATRIBUÍDO"}, "geometry": {"type": "Polygon", "coordinates": [[[-51.95108876665762, -29.466924441721897], [-51.95114580423783, -29.466886309171123], [-51.95096712703102, -29.46668028522955], [-51.95091494190903, -29.466714150993916], [-51.95108876665762, -29.466924441721897]]]}}, {"id": "1165", "type": "Feature", "properties": {"id": 19477, "codigo": "0035", "numero": "150", "fl_rural": 0, "Destinação": "NÃO ATRIBUÍDO"}, "geometry": {"type": "Polygon", "coordinates": [[[-51.950662038563145, -29.466770098242442], [-51.950523487635586, -29.466622614512946], [-51.95058308852073, -29.466579737571777], [-51.950515963946735, -29.466508285044736], [-51.949997160166625, -29.466800889995728], [-51.95010083104393, -29.46688883975], [-51.95019816402331, -29.466962766978813], [-51.95026006885294, -29.467020299430416], [-51.950662038563145, -29.466770098242442]]]}}, {"id": "1166", "type": "Feature", "properties": {"id": 19472, "codigo": "0564", "numero": "89", "fl_rural": 0, "Destinação": "NÃO ATRIBUÍDO"}, "geometry": {"type": "Polygon", "coordinates": [[[-51.95096712703102, -29.46668028522955], [-51.95114580423783, -29.466886309171123], [-51.95148531081052, -29.46665933088036], [-51.95127361052256, -29.466481390296426], [-51.95096712703102, -29.46668028522955]]]}}, {"id": "1167", "type": "Feature", "properties": {"id": 19478, "codigo": "0043", "numero": "140", "fl_rural": 0, "Destinação": "NÃO ATRIBUÍDO"}, "geometry": {"type": "Polygon", "coordinates": [[[-51.950725065190525, -29.466730867832048], [-51.95058308852073, -29.466579737571777], [-51.950523487635586, -29.466622614512946], [-51.950662038563145, -29.466770098242442], [-51.950725065190525, -29.466730867832048]]]}}, {"id": "1168", "type": "Feature", "properties": {"id": 19471, "codigo": "0526", "numero": "79", "fl_rural": 0, "Destinação": "NÃO ATRIBUÍDO"}, "geometry": {"type": "Polygon", "coordinates": [[[-51.95127361052256, -29.466481390296426], [-51.95148531081052, -29.46665933088036], [-51.95157524427623, -29.46659920533255], [-51.9513647270541, -29.466422259257456], [-51.95127361052256, -29.466481390296426]]]}}, {"id": "1169", "type": "Feature", "properties": {"id": 19470, "codigo": "0515", "numero": "67", "fl_rural": 0, "Destinação": "NÃO ATRIBUÍDO"}, "geometry": {"type": "Polygon", "coordinates": [[[-51.9513647270541, -29.466422259257456], [-51.95157524427623, -29.46659920533255], [-51.951665470444695, -29.466538883871895], [-51.95145465259118, -29.466361685230442], [-51.9513647270541, -29.466422259257456]]]}}, {"id": "1170", "type": "Feature", "properties": {"id": 1757, "codigo": "0846", "numero": "538", "fl_rural": 0, "Destinação": "NÃO ATRIBUÍDO"}, "geometry": {"type": "Polygon", "coordinates": [[[-51.95537594732444, -29.46597542246056], [-51.95525096430487, -29.466328724057767], [-51.9552538981755, -29.466354996064325], [-51.95526919174013, -29.466380570641824], [-51.9552925276719, -29.466397826562744], [-51.95531894944549, -29.466406129408686], [-51.955351170840316, -29.466405497059732], [-51.955388162410095, -29.46638840354457], [-51.95561729191173, -29.466134426474476], [-51.95537594732444, -29.46597542246056]]]}}, {"id": "1171", "type": "Feature", "properties": {"id": 1790, "codigo": "0479", "numero": "519", "fl_rural": 0, "Destinação": "NÃO ATRIBUÍDO"}, "geometry": {"type": "Polygon", "coordinates": [[[-51.95616268483858, -29.466224958212845], [-51.955913775956326, -29.466043765865876], [-51.95589466994022, -29.466041625545184], [-51.95581823427483, -29.466126758269997], [-51.956079859705774, -29.466317207585767], [-51.95616268483858, -29.466224958212845]]]}}, {"id": "1172", "type": "Feature", "properties": {"id": 1789, "codigo": "0466", "numero": "495", "fl_rural": 0, "Destinação": "NÃO ATRIBUÍDO"}, "geometry": {"type": "Polygon", "coordinates": [[[-51.95616268483858, -29.466224958212845], [-51.95629329339324, -29.466079487746192], [-51.95620083861975, -29.466012185701054], [-51.95612825918605, -29.466067793004264], [-51.955913775956326, -29.466043765865876], [-51.95616268483858, -29.466224958212845]]]}}, {"id": "1173", "type": "Feature", "properties": {"id": 1787, "codigo": "0446", "numero": "471", "fl_rural": 0, "Destinação": "NÃO ATRIBUÍDO"}, "geometry": {"type": "Polygon", "coordinates": [[[-51.95629329339324, -29.466079487746192], [-51.9564464974075, -29.465908850076545], [-51.95638615786687, -29.4658702019043], [-51.95620083861975, -29.466012185701054], [-51.95629329339324, -29.466079487746192]]]}}, {"id": "1174", "type": "Feature", "properties": {"id": 1756, "codigo": "0702", "numero": "514", "fl_rural": 0, "Destinação": "NÃO ATRIBUÍDO"}, "geometry": {"type": "Polygon", "coordinates": [[[-51.9554980267035, -29.46563302527026], [-51.95537594732444, -29.46597542246056], [-51.95561729191173, -29.466134426474476], [-51.95571921659819, -29.466021970667125], [-51.955674018531454, -29.466016907426475], [-51.95567590343033, -29.465754522237013], [-51.9554980267035, -29.46563302527026]]]}}, {"id": "1175", "type": "Feature", "properties": {"id": 1755, "codigo": "0667", "numero": "472", "fl_rural": 0, "Destinação": "NÃO ATRIBUÍDO"}, "geometry": {"type": "Polygon", "coordinates": [[[-51.9554980267035, -29.46563302527026], [-51.95567590343033, -29.465754522237013], [-51.955678492082484, -29.465394171881517], [-51.95553685460548, -29.46547363998917], [-51.9554980267035, -29.46563302527026]]]}}, {"id": "1176", "type": "Feature", "properties": {"id": 19429, "codigo": "0006", "numero": "0", "fl_rural": 0, "Destinação": "NÃO ATRIBUÍDO"}, "geometry": {"type": "Polygon", "coordinates": [[[-51.95289642088229, -29.465380969973502], [-51.95314424277207, -29.46549957901858], [-51.95357497423947, -29.464946307009377], [-51.95289642088229, -29.465380969973502]]]}}, {"id": "1177", "type": "Feature", "properties": {"id": 19429, "codigo": "0006", "numero": "0", "fl_rural": 0, "Destinação": "NÃO ATRIBUÍDO"}, "geometry": {"type": "Polygon", "coordinates": [[[-51.95455441783592, -29.466174497274793], [-51.95481120932119, -29.46554465787957], [-51.954669602027046, -29.46558190630881], [-51.9546007984035, -29.465943387371752], [-51.95358661945137, -29.465711303154563], [-51.95455441783592, -29.466174497274793]]]}}, {"id": "1178", "type": "Feature", "properties": {"id": 19469, "codigo": "0504", "numero": "0", "fl_rural": 0, "Destinação": "NÃO ATRIBUÍDO"}, "geometry": {"type": "Polygon", "coordinates": [[[-51.95145465259118, -29.466361685230442], [-51.951665470444695, -29.466538883871895], [-51.95175574785184, -29.466478527961662], [-51.95154409228841, -29.46630062538879], [-51.95145465259118, -29.466361685230442]]]}}, {"id": "1179", "type": "Feature", "properties": {"id": 19479, "codigo": "0146", "numero": "36", "fl_rural": 0, "Destinação": "NÃO ATRIBUÍDO"}, "geometry": {"type": "Polygon", "coordinates": [[[-51.9515824405425, -29.46618910752475], [-51.951386619949716, -29.466031066443897], [-51.95130995474165, -29.466096487382252], [-51.95149905145583, -29.466249101816363], [-51.9515824405425, -29.46618910752475]]]}}, {"id": "1180", "type": "Feature", "properties": {"id": 19483, "codigo": "0429", "numero": "1111", "fl_rural": 0, "Destinação": "NÃO ATRIBUÍDO"}, "geometry": {"type": "Polygon", "coordinates": [[[-51.95149905145583, -29.466249101816363], [-51.951216887169196, -29.466021374949793], [-51.95139533840155, -29.4658690965288], [-51.95062667875369, -29.465698376521402], [-51.950506135014905, -29.46565529984974], [-51.94978726935929, -29.465231305011983], [-51.949152785451716, -29.46590436068097], [-51.949165062132565, -29.46590884693326], [-51.94923402496286, -29.465988781101313], [-51.949246042610376, -29.466058342663505], [-51.94939928193064, -29.46623468441565], [-51.949474076497665, -29.466330330445622], [-51.949547738441375, -29.46640608523973], [-51.949660476355334, -29.466506435210118], [-51.94973892975636, -29.466587959753973], [-51.949997160166625, -29.466800889995728], [-51.950515963946735, -29.466508285044736], [-51.950725065190525, -29.466730867832048], [-51.95149905145583, -29.466249101816363]], [[-51.950235998641205, -29.465676807925664], [-51.949925374325645, -29.46554365492343], [-51.950007618601134, -29.465515993800093], [-51.950317653941795, -29.465585977953186], [-51.950235998641205, -29.465676807925664]]]}}, {"id": "1181", "type": "Feature", "properties": {"id": 19481, "codigo": "0223", "numero": "321", "fl_rural": 0, "Destinação": "NÃO ATRIBUÍDO"}, "geometry": {"type": "Polygon", "coordinates": [[[-51.95158780524883, -29.46585938776717], [-51.951386619949716, -29.466031066443897], [-51.95148104629154, -29.466107275378402], [-51.951721863226425, -29.46590177731456], [-51.95158780524883, -29.46585938776717]]]}}, {"id": "1182", "type": "Feature", "properties": {"id": 19482, "codigo": "0229", "numero": "331", "fl_rural": 0, "Destinação": "NÃO ATRIBUÍDO"}, "geometry": {"type": "Polygon", "coordinates": [[[-51.95145567640807, -29.465817607987937], [-51.951216887169196, -29.466021374949793], [-51.95130995474165, -29.466096487382252], [-51.95158780524883, -29.46585938776717], [-51.95145567640807, -29.465817607987937]]]}}, {"id": "1183", "type": "Feature", "properties": {"id": 19425, "codigo": "0002", "numero": "434", "fl_rural": 0, "Destinação": "NÃO ATRIBUÍDO"}, "geometry": {"type": "Polygon", "coordinates": [[[-51.950644269150146, -29.46532894197696], [-51.95059919836392, -29.465469056974626], [-51.9507000596083, -29.46551669245638], [-51.95154454496817, -29.465019874006003], [-51.95143388425378, -29.464875106832594], [-51.950644269150146, -29.46532894197696]]]}}, {"id": "1184", "type": "Feature", "properties": {"id": 19433, "codigo": "0011", "numero": "1102", "fl_rural": 0, "Destinação": "NÃO ATRIBUÍDO"}, "geometry": {"type": "Polygon", "coordinates": [[[-51.95185766329842, -29.464631533781994], [-51.951837720587, -29.465005947690866], [-51.950960571579394, -29.46551476054783], [-51.951470640189804, -29.465675150468513], [-51.95210021220696, -29.465263036888306], [-51.95209426785805, -29.464563018438245], [-51.95205935791138, -29.464515606049552], [-51.95185766329842, -29.464631533781994]], [[-51.95119350688521, -29.465507523601087], [-51.95177733411866, -29.465079189159948], [-51.95194316934738, -29.465168250055108], [-51.951903859671454, -29.465376099151715], [-51.951493820576864, -29.465640747332966], [-51.95119350688521, -29.465507523601087]]]}}, {"id": "1185", "type": "Feature", "properties": {"id": 19432, "codigo": "0010", "numero": "1050", "fl_rural": 0, "Destinação": "NÃO ATRIBUÍDO"}, "geometry": {"type": "Polygon", "coordinates": [[[-51.951647991886595, -29.464752045758612], [-51.95175367778187, -29.464901039126303], [-51.95079294220507, -29.465462049266893], [-51.950960571579394, -29.46551476054783], [-51.951837720587, -29.465005947690866], [-51.95185766329842, -29.464631533781994], [-51.951647991886595, -29.464752045758612]]]}}, {"id": "1186", "type": "Feature", "properties": {"id": 19443, "codigo": "0022", "numero": "1090", "fl_rural": 0, "Destinação": "NÃO ATRIBUÍDO"}, "geometry": {"type": "Polygon", "coordinates": [[[-51.95143388425378, -29.464875106832594], [-51.95154454496817, -29.465019874006003], [-51.95175367778187, -29.464901039126303], [-51.951647991886595, -29.464752045758612], [-51.95143388425378, -29.464875106832594]]]}}, {"id": "1187", "type": "Feature", "properties": {"id": 19440, "codigo": "0018", "numero": null, "fl_rural": 0, "Destinação": "NÃO ATRIBUÍDO"}, "geometry": {"type": "Polygon", "coordinates": [[[-51.95064426884335, -29.465328942930732], [-51.95209289990171, -29.464498248250585], [-51.95208247934552, -29.464029971043466], [-51.951868146985845, -29.464131047722663], [-51.95176332467432, -29.46411635682027], [-51.950695994166864, -29.46469677662475], [-51.95090901910883, -29.4648597785157], [-51.9508381820362, -29.465004679725606], [-51.95044535728928, -29.464833074244336], [-51.94993888159702, -29.465108498323602], [-51.950120169219666, -29.465219571383], [-51.95034447217393, -29.465339601137273], [-51.95044834488021, -29.465224056914614], [-51.95065525910206, -29.465294776673552], [-51.95064426884335, -29.465328942930732]]]}}, {"id": "1188", "type": "Feature", "properties": {"id": 19465, "codigo": "0460", "numero": "809", "fl_rural": 0, "Destinação": "NÃO ATRIBUÍDO"}, "geometry": {"type": "Polygon", "coordinates": [[[-51.95234139467163, -29.466086984887312], [-51.95199180235223, -29.465994975268142], [-51.95182999859153, -29.466105438542716], [-51.95203210744327, -29.46629376424786], [-51.95234139467163, -29.466086984887312]]]}}, {"id": "1189", "type": "Feature", "properties": {"id": 19480, "codigo": "0209", "numero": "20", "fl_rural": 0, "Destinação": "NÃO ATRIBUÍDO"}, "geometry": {"type": "Polygon", "coordinates": [[[-51.95190244682572, -29.465958878127577], [-51.951721863226425, -29.46590177731456], [-51.95148104629154, -29.466107275378402], [-51.9515824405425, -29.46618910752475], [-51.95190244682572, -29.465958878127577]]]}}, {"id": "1190", "type": "Feature", "properties": {"id": 19442, "codigo": "0021", "numero": "0", "fl_rural": 0, "Destinação": "NÃO ATRIBUÍDO"}, "geometry": {"type": "Polygon", "coordinates": [[[-51.95358661945137, -29.465711303154563], [-51.953071231193775, -29.465593361956852], [-51.95314424277207, -29.46549957901858], [-51.95289642088229, -29.465380969973502], [-51.952515839788816, -29.4656247565302], [-51.952898843895696, -29.465826457137997], [-51.95275833679654, -29.46603607268028], [-51.954466607574595, -29.466389869954], [-51.95455441783592, -29.466174497274793], [-51.95358661945137, -29.465711303154563]]]}}, {"id": "1191", "type": "Feature", "properties": {"id": 19427, "codigo": "0004", "numero": "260", "fl_rural": 0, "Destinação": "NÃO ATRIBUÍDO"}, "geometry": {"type": "Polygon", "coordinates": [[[-51.952515839788816, -29.4656247565302], [-51.9521189300957, -29.465879000227105], [-51.95234852497988, -29.465951193571993], [-51.95275833679654, -29.46603607268028], [-51.952898843895696, -29.465826457137997], [-51.952515839788816, -29.4656247565302]]]}}, {"id": "1192", "type": "Feature", "properties": {"id": 19426, "codigo": "0003", "numero": "1050", "fl_rural": 0, "Destinação": "NÃO ATRIBUÍDO"}, "geometry": {"type": "Polygon", "coordinates": [[[-51.95230302009747, -29.465486651981273], [-51.9525307216776, -29.4651557758495], [-51.95209426785805, -29.464563018438245], [-51.95210021220696, -29.465263036888306], [-51.951470640189804, -29.465675150468513], [-51.95197529674202, -29.465833836163785], [-51.95230302009747, -29.465486651981273]], [[-51.95205786612528, -29.46530280002576], [-51.95214027819437, -29.465293185780023], [-51.952140615402065, -29.46532928213807], [-51.95205786612528, -29.46530280002576]]]}}, {"id": "1193", "type": "Feature", "properties": {"id": 19445, "codigo": "0038", "numero": "0", "fl_rural": 0, "Destinação": "NÃO ATRIBUÍDO"}, "geometry": {"type": "Polygon", "coordinates": [[[-51.95357497423947, -29.464946307009377], [-51.953601126582896, -29.46491271447971], [-51.953151718805856, -29.46427518056154], [-51.95285614265981, -29.464103271115082], [-51.95205935791138, -29.464515606049552], [-51.9525307216776, -29.4651557758495], [-51.95230302009747, -29.465486651981273], [-51.95197529674202, -29.465833836163785], [-51.9521189300957, -29.465879000227105], [-51.95357497423947, -29.464946307009377]]]}}, {"id": "1194", "type": "Feature", "properties": {"id": 19435, "codigo": "0013", "numero": null, "fl_rural": 0, "Destinação": "NÃO ATRIBUÍDO"}, "geometry": {"type": "Polygon", "coordinates": [[[-51.952639801858275, -29.463639708444287], [-51.952146057330054, -29.46390821928274], [-51.9521363380382, -29.4639855549074], [-51.952095809965, -29.464023802605606], [-51.952106214557325, -29.464491358040107], [-51.95285614265981, -29.464103271115082], [-51.95279917265045, -29.46407013690279], [-51.952838532412784, -29.46396145815943], [-51.952639801858275, -29.463639708444287]]]}}, {"id": "1195", "type": "Feature", "properties": {"id": 19441, "codigo": "0019", "numero": null, "fl_rural": 0, "Destinação": "NÃO ATRIBUÍDO"}, "geometry": {"type": "Polygon", "coordinates": [[[-51.95186572248313, -29.46412540414209], [-51.95208232433528, -29.46402325723819], [-51.95212642844288, -29.463981634717506], [-51.952134209564264, -29.46391466238806], [-51.951769957070056, -29.464112750052088], [-51.95186572248313, -29.46412540414209]]]}}, {"id": "1196", "type": "Feature", "properties": {"id": 19437, "codigo": "0015", "numero": null, "fl_rural": 0, "Destinação": "NÃO ATRIBUÍDO"}, "geometry": {"type": "Polygon", "coordinates": [[[-51.951769957070056, -29.464112750052088], [-51.952134209564264, -29.46391466238806], [-51.952339017979085, -29.463359096533555], [-51.952330000523574, -29.463315953703706], [-51.95163322540073, -29.463640063383547], [-51.95167504259004, -29.46410020821232], [-51.951769957070056, -29.464112750052088]]]}}, {"id": "1197", "type": "Feature", "properties": {"id": 19436, "codigo": "0014", "numero": null, "fl_rural": 0, "Destinação": "NÃO ATRIBUÍDO"}, "geometry": {"type": "Polygon", "coordinates": [[[-51.952639801858275, -29.463639708444287], [-51.95241532148179, -29.463276265720754], [-51.95235868372063, -29.46330261139978], [-51.95237091491997, -29.463361111026543], [-51.952146057330054, -29.46390821928274], [-51.952639801858275, -29.463639708444287]]]}}, {"id": "1198", "type": "Feature", "properties": {"id": 19424, "codigo": "0001", "numero": "32", "fl_rural": 0, "Destinação": "NÃO ATRIBUÍDO"}, "geometry": {"type": "Polygon", "coordinates": [[[-51.952838532412784, -29.46396145815943], [-51.95305180365798, -29.463372581358477], [-51.95286223097771, -29.46306837932606], [-51.95241532148179, -29.463276265720754], [-51.952838532412784, -29.46396145815943]]]}}, {"id": "1199", "type": "Feature", "properties": {"id": 19434, "codigo": "0012", "numero": null, "fl_rural": 0, "Destinação": "NÃO ATRIBUÍDO"}, "geometry": {"type": "Polygon", "coordinates": [[[-51.95305180365798, -29.463372581358477], [-51.95322270372335, -29.46290069831734], [-51.95286223097771, -29.46306837932606], [-51.95305180365798, -29.463372581358477]]]}}, {"id": "1200", "type": "Feature", "properties": {"id": 19336, "codigo": "0365", "numero": "443", "fl_rural": 0, "Destinação": "NÃO ATRIBUÍDO"}, "geometry": {"type": "Polygon", "coordinates": [[[-51.95275671838741, -29.4629987223688], [-51.95263009755413, -29.46277163178095], [-51.95241606626874, -29.46286814761059], [-51.95234606155306, -29.463189769930416], [-51.95275671838741, -29.4629987223688]]]}}, {"id": "1201", "type": "Feature", "properties": {"id": 19335, "codigo": "0354", "numero": null, "fl_rural": 0, "Destinação": "NÃO ATRIBUÍDO"}, "geometry": {"type": "Polygon", "coordinates": [[[-51.95234606155306, -29.463189769930416], [-51.95241606626874, -29.46286814761059], [-51.95241247341849, -29.46272429404265], [-51.952391687206116, -29.462736426403428], [-51.95233422442009, -29.463195276845028], [-51.95234606155306, -29.463189769930416]]]}}, {"id": "1202", "type": "Feature", "properties": {"id": 19339, "codigo": "0376", "numero": "455", "fl_rural": 0, "Destinação": "NÃO ATRIBUÍDO"}, "geometry": {"type": "Polygon", "coordinates": [[[-51.95290759563308, -29.462928530060893], [-51.95278193476297, -29.462703161697398], [-51.95263009755413, -29.46277163178095], [-51.95275671838741, -29.4629987223688], [-51.95290759563308, -29.462928530060893]]]}}, {"id": "1203", "type": "Feature", "properties": {"id": 19341, "codigo": "0398", "numero": "477", "fl_rural": 0, "Destinação": "NÃO ATRIBUÍDO"}, "geometry": {"type": "Polygon", "coordinates": [[[-51.9530571979177, -29.46285893070182], [-51.952925695983765, -29.462638333150462], [-51.95278193476297, -29.462703161697398], [-51.95290759563308, -29.462928530060893], [-51.9530571979177, -29.46285893070182]]]}}, {"id": "1204", "type": "Feature", "properties": {"id": 19342, "codigo": "0409", "numero": "491", "fl_rural": 0, "Destinação": "NÃO ATRIBUÍDO"}, "geometry": {"type": "Polygon", "coordinates": [[[-51.953157357608575, -29.4628123332718], [-51.95302652760989, -29.462592863337587], [-51.952925695983765, -29.462638333150462], [-51.9530571979177, -29.46285893070182], [-51.953157357608575, -29.4628123332718]]]}}, {"id": "1205", "type": "Feature", "properties": {"id": 19343, "codigo": "0431", "numero": "0", "fl_rural": 0, "Destinação": "NÃO ATRIBUÍDO"}, "geometry": {"type": "Polygon", "coordinates": [[[-51.95302652760989, -29.462592863337587], [-51.953157357608575, -29.4628123332718], [-51.95327443269208, -29.46275786617135], [-51.953314618274256, -29.462646907204316], [-51.953225268921514, -29.462497022343555], [-51.95302652760989, -29.462592863337587]]]}}, {"id": "1206", "type": "Feature", "properties": {"id": 19344, "codigo": "0442", "numero": "0", "fl_rural": 0, "Destinação": "NÃO ATRIBUÍDO"}, "geometry": {"type": "Polygon", "coordinates": [[[-51.953324642360215, -29.462449100273005], [-51.953225268921514, -29.462497022343555], [-51.953314618274256, -29.462646907204316], [-51.95336297109301, -29.462513397160826], [-51.953324642360215, -29.462449100273005]]]}}, {"id": "1207", "type": "Feature", "properties": {"id": 19345, "codigo": "0453", "numero": "545", "fl_rural": 0, "Destinação": "NÃO ATRIBUÍDO"}, "geometry": {"type": "Polygon", "coordinates": [[[-51.95336297109301, -29.462513397160826], [-51.95339229829198, -29.462432419966284], [-51.95338933150527, -29.462419490653588], [-51.953324642360215, -29.462449100273005], [-51.95336297109301, -29.462513397160826]]]}}, {"id": "1208", "type": "Feature", "properties": {"id": 19438, "codigo": "0016", "numero": null, "fl_rural": 0, "Destinação": "NÃO ATRIBUÍDO"}, "geometry": {"type": "Polygon", "coordinates": [[[-51.95044535843061, -29.464833074742934], [-51.950289373230405, -29.46476493261197], [-51.95053509384616, -29.46457365932081], [-51.95069599544505, -29.464696777602782], [-51.951426897439006, -29.464299310964726], [-51.95121854193144, -29.464005895661458], [-51.95026043985098, -29.464451418543717], [-51.95027275373565, -29.46452645364016], [-51.94994542059957, -29.464743280770417], [-51.94972613727081, -29.464978053257607], [-51.94993888159702, -29.465108498323602], [-51.95044535843061, -29.464833074742934]]]}}, {"id": "1209", "type": "Feature", "properties": {"id": 30979, "codigo": "0020", "numero": null, "fl_rural": 0, "Destinação": "NÃO ATRIBUÍDO"}, "geometry": {"type": "Polygon", "coordinates": [[[-51.95176332467432, -29.46411635682027], [-51.951670199001015, -29.464103305105077], [-51.951628308271786, -29.463642350563305], [-51.94989691344643, -29.464447695986806], [-51.94994542059957, -29.464743280770417], [-51.95027275373565, -29.46452645364016], [-51.95026043985098, -29.464451418543717], [-51.95121854193144, -29.464005895661458], [-51.951426897439006, -29.464299310964726], [-51.95176332467432, -29.46411635682027]]]}}, {"id": "1210", "type": "Feature", "properties": {"id": 19330, "codigo": "0320", "numero": null, "fl_rural": 0, "Destinação": "NÃO ATRIBUÍDO"}, "geometry": {"type": "Polygon", "coordinates": [[[-51.949635406142185, -29.46379818038517], [-51.94980922230461, -29.463886669416677], [-51.94991722278084, -29.464135064766783], [-51.949867159992934, -29.464330152104388], [-51.95036537872174, -29.46409437235303], [-51.95093353999997, -29.463854296536], [-51.95128235960132, -29.46368426786351], [-51.95114940725049, -29.46350607828436], [-51.95086539848145, -29.46333651399795], [-51.950594946290494, -29.462952561088997], [-51.94951624546427, -29.463447884219153], [-51.949635406142185, -29.46379818038517]]]}}, {"id": "1211", "type": "Feature", "properties": {"id": 19332, "codigo": "0329", "numero": null, "fl_rural": 0, "Destinação": "NÃO ATRIBUÍDO"}, "geometry": {"type": "Polygon", "coordinates": [[[-51.95142439196221, -29.463274321998313], [-51.95114400670216, -29.463095153402126], [-51.95101182014507, -29.462890765712835], [-51.95087845497881, -29.46261334761358], [-51.9505604904771, -29.462496354000542], [-51.950415545045765, -29.462387667609253], [-51.94933824083673, -29.462888333279334], [-51.949608554129966, -29.463405497974634], [-51.950594946290494, -29.462952561088997], [-51.95086539848145, -29.46333651399795], [-51.95114940725049, -29.46350607828436], [-51.95128235960132, -29.46368426786351], [-51.9516609157824, -29.463499742647272], [-51.95142439196221, -29.463274321998313]]]}}, {"id": "1212", "type": "Feature", "properties": {"id": 19334, "codigo": "0342", "numero": "385", "fl_rural": 0, "Destinação": "NÃO ATRIBUÍDO"}, "geometry": {"type": "Polygon", "coordinates": [[[-51.952284980489736, -29.461389547306258], [-51.952209593035654, -29.46167378721358], [-51.95151421098076, -29.462301464318962], [-51.95130814451813, -29.46232098669905], [-51.95099601381757, -29.462025402190946], [-51.9509400872054, -29.462013733295482], [-51.95058058431916, -29.462180584202763], [-51.950642233109754, -29.462282315043446], [-51.95042532947728, -29.46238312031803], [-51.95056597486978, -29.462488582380406], [-51.95088632911563, -29.46260645524095], [-51.951021091529064, -29.46288677986014], [-51.95115188509547, -29.46308901364327], [-51.951431297439484, -29.463267560517515], [-51.951670178335206, -29.46349522760423], [-51.95231773057077, -29.463202727244706], [-51.95237709766636, -29.462728670830156], [-51.95241207287554, -29.462708256595224], [-51.95239271611853, -29.46193320916675], [-51.952499379316116, -29.4616528698223], [-51.952520075737304, -29.461458856510312], [-51.95256577952081, -29.46138135121451], [-51.95261011599814, -29.461238646836087], [-51.952284980489736, -29.461389547306258]]]}}, {"id": "1213", "type": "Feature", "properties": {"id": 19326, "codigo": "0002", "numero": "0", "fl_rural": 0, "Destinação": "NÃO ATRIBUÍDO"}, "geometry": {"type": "Polygon", "coordinates": [[[-51.94909302341917, -29.461404638759113], [-51.94805151079852, -29.461880915084077], [-51.94882627110294, -29.463131132304664], [-51.950642233109754, -29.462282315043446], [-51.950412804404046, -29.461903717550616], [-51.95011775129537, -29.461842155733233], [-51.949793379936374, -29.46133908756347], [-51.94910317129877, -29.461416208582705], [-51.94909302341917, -29.461404638759113]]]}}, {"id": "1214", "type": "Feature", "properties": {"id": 19333, "codigo": "0337", "numero": null, "fl_rural": 0, "Destinação": "NÃO ATRIBUÍDO"}, "geometry": {"type": "Polygon", "coordinates": [[[-51.9509400872054, -29.462013733295482], [-51.950412804404046, -29.461903717550616], [-51.95058058431916, -29.462180584202763], [-51.9509400872054, -29.462013733295482]]]}}, {"id": "1215", "type": "Feature", "properties": {"id": 19333, "codigo": "0337", "numero": null, "fl_rural": 0, "Destinação": "NÃO ATRIBUÍDO"}, "geometry": {"type": "Polygon", "coordinates": [[[-51.95261011599814, -29.461238646836087], [-51.95262036062744, -29.461189028197545], [-51.95251557297732, -29.46102060736888], [-51.952476258867335, -29.460938547630544], [-51.9524260151027, -29.460857792178018], [-51.952284980489736, -29.461389547306258], [-51.95261011599814, -29.461238646836087]]]}}, {"id": "1216", "type": "Feature", "properties": {"id": 1493, "codigo": "0236", "numero": "103", "fl_rural": 0, "Destinação": "NÃO ATRIBUÍDO"}, "geometry": {"type": "Polygon", "coordinates": [[[-51.96048463010394, -29.463519232300637], [-51.96058497787187, -29.463565819196468], [-51.960704575589766, -29.4633710203163], [-51.96058175450159, -29.46332846025295], [-51.96048463010394, -29.463519232300637]]]}}, {"id": "1217", "type": "Feature", "properties": {"id": 1497, "codigo": "0290", "numero": "91", "fl_rural": 0, "Destinação": "NÃO ATRIBUÍDO"}, "geometry": {"type": "Polygon", "coordinates": [[[-51.96036164970722, -29.463462137849763], [-51.96048463010394, -29.463519232300637], [-51.96058175450159, -29.46332846025295], [-51.96045231829501, -29.463283607709986], [-51.96036164970722, -29.463462137849763]]]}}, {"id": "1218", "type": "Feature", "properties": {"id": 1513, "codigo": "0550", "numero": "0", "fl_rural": 0, "Destinação": "NÃO ATRIBUÍDO"}, "geometry": {"type": "Polygon", "coordinates": [[[-51.96036164970722, -29.463462137849763], [-51.96045231829501, -29.463283607709986], [-51.960337263959154, -29.463243738664918], [-51.96025233391368, -29.463411387238654], [-51.96036164970722, -29.463462137849763]]]}}, {"id": "1219", "type": "Feature", "properties": {"id": 1496, "codigo": "0289", "numero": "89", "fl_rural": 0, "Destinação": "NÃO ATRIBUÍDO"}, "geometry": {"type": "Polygon", "coordinates": [[[-51.960213032360336, -29.463168659138535], [-51.96020153049956, -29.463193741042275], [-51.960229104648164, -29.463400602859206], [-51.96025233391368, -29.463411387238654], [-51.960337263959154, -29.463243738664918], [-51.960704575589766, -29.4633710203163], [-51.96072079081065, -29.46334460913494], [-51.960213032360336, -29.463168659138535]]]}}, {"id": "1220", "type": "Feature", "properties": {"id": 1494, "codigo": "0277", "numero": "95", "fl_rural": 0, "Destinação": "NÃO ATRIBUÍDO"}, "geometry": {"type": "Polygon", "coordinates": [[[-51.96063959942718, -29.463132060565513], [-51.96057257701512, -29.463293249901906], [-51.96072079081065, -29.46334460913494], [-51.960814150254166, -29.463192546148285], [-51.96063959942718, -29.463132060565513]]]}}, {"id": "1221", "type": "Feature", "properties": {"id": 1495, "codigo": "0288", "numero": "115", "fl_rural": 0, "Destinação": "NÃO ATRIBUÍDO"}, "geometry": {"type": "Polygon", "coordinates": [[[-51.96052933904318, -29.463093852911744], [-51.960462316581534, -29.46325504219619], [-51.96057257701512, -29.463293249901906], [-51.96063959942718, -29.463132060565513], [-51.96052933904318, -29.463093852911744]]]}}, {"id": "1222", "type": "Feature", "properties": {"id": 1500, "codigo": "0325", "numero": "147", "fl_rural": 0, "Destinação": "NÃO ATRIBUÍDO"}, "geometry": {"type": "Polygon", "coordinates": [[[-51.96020153049956, -29.463193741042275], [-51.96028600364959, -29.463009531247764], [-51.96018054325621, -29.46297298648259], [-51.96017401031348, -29.462987284053245], [-51.96020153049956, -29.463193741042275]]]}}, {"id": "1223", "type": "Feature", "properties": {"id": 1498, "codigo": "0301", "numero": "123", "fl_rural": 0, "Destinação": "NÃO ATRIBUÍDO"}, "geometry": {"type": "Polygon", "coordinates": [[[-51.96040585164627, -29.46305106158131], [-51.960342468321016, -29.463213511920728], [-51.960462316581534, -29.46325504219619], [-51.96052933904318, -29.463093852911744], [-51.96040585164627, -29.46305106158131]]]}}, {"id": "1225", "type": "Feature", "properties": {"id": 1499, "codigo": "0314", "numero": "135", "fl_rural": 0, "Destinação": "NÃO ATRIBUÍDO"}, "geometry": {"type": "Polygon", "coordinates": [[[-51.96028600364959, -29.463009531247764], [-51.960213032360336, -29.463168659138535], [-51.960342468321016, -29.463213511920728], [-51.96040585164627, -29.46305106158131], [-51.96028600364959, -29.463009531247764]]]}}, {"id": "1226", "type": "Feature", "properties": {"id": 1264, "codigo": "0058", "numero": "114", "fl_rural": 0, "Destinação": "NÃO ATRIBUÍDO"}, "geometry": {"type": "Polygon", "coordinates": [[[-51.96081029825936, -29.462738654377674], [-51.960704621685416, -29.462702576717813], [-51.96057286953616, -29.462976782898522], [-51.960678652265656, -29.4630129265841], [-51.96081029825936, -29.462738654377674]]]}}, {"id": "1227", "type": "Feature", "properties": {"id": 1263, "codigo": "0047", "numero": "118", "fl_rural": 0, "Destinação": "NÃO ATRIBUÍDO"}, "geometry": {"type": "Polygon", "coordinates": [[[-51.960704621685416, -29.462702576717813], [-51.9605989452873, -29.462666498971387], [-51.96046714761042, -29.46294065998693], [-51.96057286953616, -29.462976782898522], [-51.960704621685416, -29.462702576717813]]]}}, {"id": "1228", "type": "Feature", "properties": {"id": 1262, "codigo": "0037", "numero": "130", "fl_rural": 0, "Destinação": "NÃO ATRIBUÍDO"}, "geometry": {"type": "Polygon", "coordinates": [[[-51.9605989452873, -29.462666498971387], [-51.96049326885876, -29.462630421139863], [-51.960361482452235, -29.462904556344476], [-51.96046714761042, -29.46294065998693], [-51.9605989452873, -29.462666498971387]]]}}, {"id": "1229", "type": "Feature", "properties": {"id": 1261, "codigo": "0025", "numero": "144", "fl_rural": 0, "Destinação": "NÃO ATRIBUÍDO"}, "geometry": {"type": "Polygon", "coordinates": [[[-51.96049326885876, -29.462630421139863], [-51.96038759250291, -29.462594343222563], [-51.96025581736683, -29.462868452616217], [-51.960361482452235, -29.462904556344476], [-51.96049326885876, -29.462630421139863]]]}}, {"id": "1230", "type": "Feature", "properties": {"id": 1260, "codigo": "0017", "numero": "95", "fl_rural": 0, "Destinação": "NÃO ATRIBUÍDO"}, "geometry": {"type": "Polygon", "coordinates": [[[-51.96025581736683, -29.462868452616217], [-51.96041800585721, -29.462531079395184], [-51.960268561915115, -29.462478430923465], [-51.960138476320935, -29.46272070732706], [-51.96015351080038, -29.462833496294046], [-51.96025581736683, -29.462868452616217]]]}}, {"id": "1231", "type": "Feature", "properties": {"id": 1482, "codigo": "0479", "numero": "180", "fl_rural": 0, "Destinação": "NÃO ATRIBUÍDO"}, "geometry": {"type": "Polygon", "coordinates": [[[-51.960159410864584, -29.46250095206835], [-51.96010663996208, -29.462481870323153], [-51.96011929165791, -29.462576783599523], [-51.960159410864584, -29.46250095206835]]]}}, {"id": "1232", "type": "Feature", "properties": {"id": 1273, "codigo": "0329", "numero": "95", "fl_rural": 0, "Destinação": "NÃO ATRIBUÍDO"}, "geometry": {"type": "Polygon", "coordinates": [[[-51.960916665358226, -29.462667650805606], [-51.96084702488117, -29.462644309715643], [-51.960927970770605, -29.462481900114845], [-51.96062000466369, -29.46235439061307], [-51.96050771314259, -29.46256268266685], [-51.96041800585721, -29.462531079395184], [-51.96038759250291, -29.462594343222563], [-51.960872864329446, -29.462760014289366], [-51.960916665358226, -29.462667650805606]]]}}, {"id": "1233", "type": "Feature", "properties": {"id": 1277, "codigo": "0427", "numero": "57", "fl_rural": 0, "Destinação": "NÃO ATRIBUÍDO"}, "geometry": {"type": "Polygon", "coordinates": [[[-51.960268561915115, -29.462478430923465], [-51.96050771314259, -29.46256268266685], [-51.96056485647362, -29.46245668643117], [-51.96033171219505, -29.462360816744788], [-51.960268561915115, -29.462478430923465]]]}}, {"id": "1234", "type": "Feature", "properties": {"id": 1276, "codigo": "0413", "numero": "67", "fl_rural": 0, "Destinação": "NÃO ATRIBUÍDO"}, "geometry": {"type": "Polygon", "coordinates": [[[-51.96056485647362, -29.46245668643117], [-51.96062000466369, -29.46235439061307], [-51.96038696861155, -29.46225790430333], [-51.96033171219505, -29.462360816744788], [-51.96056485647362, -29.46245668643117]]]}}, {"id": "1235", "type": "Feature", "properties": {"id": 1275, "codigo": "0400", "numero": "0", "fl_rural": 0, "Destinação": "NÃO ATRIBUÍDO"}, "geometry": {"type": "Polygon", "coordinates": [[[-51.96038696861155, -29.46225790430333], [-51.96071344884505, -29.46239308156856], [-51.960870343884366, -29.46225893760718], [-51.96050335479126, -29.46204113984067], [-51.96038696861155, -29.46225790430333]]]}}, {"id": "1236", "type": "Feature", "properties": {"id": 1484, "codigo": "0514", "numero": "66", "fl_rural": 0, "Destinação": "NÃO ATRIBUÍDO"}, "geometry": {"type": "Polygon", "coordinates": [[[-51.960317366053985, -29.462202390373015], [-51.96005372853249, -29.462084927715107], [-51.96008177477377, -29.462295331180716], [-51.9602443289218, -29.462340442965925], [-51.960317366053985, -29.462202390373015]]]}}, {"id": "1237", "type": "Feature", "properties": {"id": 1483, "codigo": "0493", "numero": "0", "fl_rural": 0, "Destinação": "NÃO ATRIBUÍDO"}, "geometry": {"type": "Polygon", "coordinates": [[[-51.960159410864584, -29.46250095206835], [-51.9602443289218, -29.462340442965925], [-51.96008177477377, -29.462295331180716], [-51.96010663996208, -29.462481870323153], [-51.960159410864584, -29.46250095206835]]]}}, {"id": "1238", "type": "Feature", "properties": {"id": 1464, "codigo": "0051", "numero": "82", "fl_rural": 0, "Destinação": "NÃO ATRIBUÍDO"}, "geometry": {"type": "Polygon", "coordinates": [[[-51.96043341059588, -29.461983045568353], [-51.960249791038784, -29.461884628574886], [-51.960227943933916, -29.46189438598103], [-51.960112090796436, -29.462110930822174], [-51.960317366053985, -29.462202390373015], [-51.96043341059588, -29.461983045568353]]]}}, {"id": "1239", "type": "Feature", "properties": {"id": 1465, "codigo": "0066", "numero": "151", "fl_rural": 0, "Destinação": "NÃO ATRIBUÍDO"}, "geometry": {"type": "Polygon", "coordinates": [[[-51.960112090796436, -29.462110930822174], [-51.960227943933916, -29.46189438598103], [-51.9600395458295, -29.461978528792198], [-51.96005372853249, -29.462084927715107], [-51.960112090796436, -29.462110930822174]]]}}, {"id": "1240", "type": "Feature", "properties": {"id": 1233, "codigo": "0275", "numero": "0", "fl_rural": 0, "Destinação": "NÃO AFETADO"}, "geometry": {"type": "Polygon", "coordinates": [[[-51.96054039404819, -29.461936717296606], [-51.96074051096875, -29.462048124133997], [-51.960820513835806, -29.461882827179444], [-51.960616973128054, -29.461776277163437], [-51.96054039404819, -29.461936717296606]]]}}, {"id": "1241", "type": "Feature", "properties": {"id": 1232, "codigo": "0258", "numero": "0", "fl_rural": 0, "Destinação": "NÃO AFETADO"}, "geometry": {"type": "Polygon", "coordinates": [[[-51.960616973128054, -29.461776277163437], [-51.960820513835806, -29.461882827179444], [-51.960876780068546, -29.46176657318665], [-51.96069335027871, -29.46167055089203], [-51.960676233882054, -29.46169416965416], [-51.9606507256758, -29.461705562190136], [-51.960616973128054, -29.461776277163437]]]}}, {"id": "1242", "type": "Feature", "properties": {"id": 1227, "codigo": "0200", "numero": "70", "fl_rural": 0, "Destinação": "NÃO ATRIBUÍDO"}, "geometry": {"type": "Polygon", "coordinates": [[[-51.96056410638936, -29.461748602308518], [-51.96055977622168, -29.46174618225246], [-51.960359119992184, -29.461835799816704], [-51.96048818973218, -29.46190765459961], [-51.96056410638936, -29.461748602308518]]]}}, {"id": "1243", "type": "Feature", "properties": {"id": 19486, "codigo": "0467", "numero": "0", "fl_rural": 0, "Destinação": "NÃO ATRIBUÍDO"}, "geometry": {"type": "Polygon", "coordinates": [[[-51.949623364011934, -29.465405175690716], [-51.94943766627587, -29.465291117902733], [-51.949634537778586, -29.465082277259537], [-51.949499485293316, -29.464999326116345], [-51.94887733082739, -29.465585494271057], [-51.94894108979378, -29.465665849342574], [-51.948972995127676, -29.465734440035714], [-51.94906713867075, -29.46587306329161], [-51.949152785451716, -29.46590436068097], [-51.949623364011934, -29.465405175690716]]]}}, {"id": "1244", "type": "Feature", "properties": {"id": 19484, "codigo": "0440", "numero": "517", "fl_rural": 0, "Destinação": "NÃO ATRIBUÍDO"}, "geometry": {"type": "Polygon", "coordinates": [[[-51.949623364011934, -29.465405175690716], [-51.94982023523641, -29.465196334780675], [-51.9497273864556, -29.465139306008776], [-51.9495305151444, -29.465348146875268], [-51.949623364011934, -29.465405175690716]]]}}, {"id": "1245", "type": "Feature", "properties": {"id": 19485, "codigo": "0451", "numero": "529", "fl_rural": 0, "Destinação": "NÃO ATRIBUÍDO"}, "geometry": {"type": "Polygon", "coordinates": [[[-51.949634537778586, -29.465082277259537], [-51.94943766627587, -29.465291117902733], [-51.9495305151444, -29.465348146875268], [-51.9497273864556, -29.465139306008776], [-51.949634537778586, -29.465082277259537]]]}}, {"id": "1246", "type": "Feature", "properties": {"id": 19487, "codigo": "0511", "numero": "581", "fl_rural": 0, "Destinação": "NÃO ATRIBUÍDO"}, "geometry": {"type": "Polygon", "coordinates": [[[-51.949499485293316, -29.464999326116345], [-51.94923569063303, -29.464820250804483], [-51.949189004320395, -29.464782817396518], [-51.949010856980976, -29.464935587005044], [-51.94837956911044, -29.46509806070175], [-51.94841317270968, -29.46513813709955], [-51.9485209551126, -29.46521530764173], [-51.94872175536135, -29.465412039552024], [-51.948829877891384, -29.465525689384318], [-51.94887733082739, -29.465585494271057], [-51.949499485293316, -29.464999326116345]]]}}, {"id": "1247", "type": "Feature", "properties": {"id": 19488, "codigo": "0522", "numero": "595", "fl_rural": 0, "Destinação": "NÃO ATRIBUÍDO"}, "geometry": {"type": "Polygon", "coordinates": [[[-51.949189004320395, -29.464782817396518], [-51.949100968338584, -29.46471222952754], [-51.94833933597099, -29.465050077705893], [-51.94837956911044, -29.46509806070175], [-51.949010856980976, -29.464935587005044], [-51.949189004320395, -29.464782817396518]]]}}, {"id": "1248", "type": "Feature", "properties": {"id": 19439, "codigo": "0017", "numero": null, "fl_rural": 0, "Destinação": "NÃO ATRIBUÍDO"}, "geometry": {"type": "Polygon", "coordinates": [[[-51.94971361405734, -29.46497041892458], [-51.94992932246759, -29.464738917344054], [-51.94988134221837, -29.464454938614374], [-51.94942579281552, -29.464666828147863], [-51.9494000193416, -29.464685557032144], [-51.94938488076232, -29.464711709935074], [-51.949385244834836, -29.46475058573328], [-51.94940859495487, -29.46478365956495], [-51.94971361405734, -29.46497041892458]]]}}, {"id": "1249", "type": "Feature", "properties": {"id": 19489, "codigo": "0582", "numero": "0", "fl_rural": 0, "Destinação": "NÃO ATRIBUÍDO"}, "geometry": {"type": "Polygon", "coordinates": [[[-51.949100968338584, -29.46471222952754], [-51.94868299488077, -29.464284916377057], [-51.948061593871614, -29.464579156545206], [-51.948090647106774, -29.464587402121065], [-51.948108085954104, -29.464628734654287], [-51.9480889154429, -29.46470680987051], [-51.94824939963205, -29.464949432155635], [-51.94833933597099, -29.465050077705893], [-51.949100968338584, -29.46471222952754]]]}}, {"id": "1250", "type": "Feature", "properties": {"id": 19490, "codigo": "0594", "numero": "669", "fl_rural": 0, "Destinação": "NÃO ATRIBUÍDO"}, "geometry": {"type": "Polygon", "coordinates": [[[-51.94868299488077, -29.464284916377057], [-51.948602524285555, -29.46420264699417], [-51.94799279777772, -29.464522855502167], [-51.94803364867144, -29.464571225432604], [-51.948061593871614, -29.464579156545206], [-51.94868299488077, -29.464284916377057]]]}}, {"id": "1251", "type": "Feature", "properties": {"id": 19491, "codigo": "0611", "numero": "681", "fl_rural": 0, "Destinação": "NÃO ATRIBUÍDO"}, "geometry": {"type": "Polygon", "coordinates": [[[-51.948602524285555, -29.46420264699417], [-51.948491206738076, -29.464088841009826], [-51.94788675968392, -29.464406276563178], [-51.94799279777772, -29.464522855502167], [-51.948602524285555, -29.46420264699417]]]}}, {"id": "1252", "type": "Feature", "properties": {"id": 19329, "codigo": "0297", "numero": "57", "fl_rural": 0, "Destinação": "NÃO ATRIBUÍDO"}, "geometry": {"type": "Polygon", "coordinates": [[[-51.94990111055369, -29.464136072303766], [-51.94979671194783, -29.463895960997522], [-51.9496223296142, -29.463807183679453], [-51.949502522720664, -29.463454987539333], [-51.94860950238012, -29.46391723374788], [-51.94928203300609, -29.46461445625688], [-51.949336628308885, -29.464581220649112], [-51.949849114800344, -29.464338691905805], [-51.94990111055369, -29.464136072303766]]]}}, {"id": "1253", "type": "Feature", "properties": {"id": 19338, "codigo": "0374", "numero": "1358", "fl_rural": 0, "Destinação": "NÃO ATRIBUÍDO"}, "geometry": {"type": "Polygon", "coordinates": [[[-51.949608554129966, -29.463405497974634], [-51.94933824083673, -29.462888333279334], [-51.94815727510338, -29.46344839545821], [-51.94860950238012, -29.46391723374788], [-51.94951624546427, -29.463447884219153], [-51.949608554129966, -29.463405497974634]]]}}, {"id": "1254", "type": "Feature", "properties": {"id": 19353, "codigo": "0522", "numero": "0", "fl_rural": 0, "Destinação": "NÃO ATRIBUÍDO"}, "geometry": {"type": "Polygon", "coordinates": [[[-51.94815727510338, -29.46344839545821], [-51.94882627110294, -29.463131132304664], [-51.94875744574301, -29.463020071498597], [-51.94806405188973, -29.46335174726696], [-51.94815727510338, -29.46344839545821]]]}}, {"id": "1255", "type": "Feature", "properties": {"id": 19328, "codigo": "0005", "numero": "0", "fl_rural": 0, "Destinação": "NÃO ATRIBUÍDO"}, "geometry": {"type": "Polygon", "coordinates": [[[-51.94875744574301, -29.463020071498597], [-51.94805151079852, -29.461880915084077], [-51.94798387819513, -29.461911842447087], [-51.948690493360424, -29.463052097554474], [-51.94875744574301, -29.463020071498597]]]}}, {"id": "1256", "type": "Feature", "properties": {"id": 20907, "codigo": "0291", "numero": "0", "fl_rural": 0, "Destinação": "NÃO AFETADO"}, "geometry": {"type": "Polygon", "coordinates": [[[-51.9480572644657, -29.461878283921827], [-51.94909302341917, -29.461404638759113], [-51.94868625372302, -29.46094087156801], [-51.948233298079394, -29.46102532153731], [-51.94797366123613, -29.460828627456493], [-51.94738748928718, -29.46103726228542], [-51.9480572644657, -29.461878283921827]]]}}, {"id": "1257", "type": "Feature", "properties": {"id": 19492, "codigo": "0627", "numero": "0", "fl_rural": 0, "Destinação": "NÃO ATRIBUÍDO"}, "geometry": {"type": "Polygon", "coordinates": [[[-51.948491206738076, -29.464088841009826], [-51.948380560053636, -29.46397572044562], [-51.94778194879602, -29.464234430196296], [-51.94779121117302, -29.464277780173564], [-51.947866110708105, -29.464385034271874], [-51.94788675968392, -29.464406276563178], [-51.948491206738076, -29.464088841009826]]]}}, {"id": "1258", "type": "Feature", "properties": {"id": 19493, "codigo": "0689", "numero": "1361", "fl_rural": 0, "Destinação": "NÃO ATRIBUÍDO"}, "geometry": {"type": "Polygon", "coordinates": [[[-51.948380560053636, -29.46397572044562], [-51.94796591989451, -29.46354982284836], [-51.94744301152058, -29.463750127279322], [-51.94748257176449, -29.463793275502983], [-51.94763624256105, -29.463812909755408], [-51.947667707035684, -29.463834243298987], [-51.94761345176578, -29.46390925168754], [-51.9475693249702, -29.46395268091055], [-51.94755815657139, -29.46397431790612], [-51.94771015031636, -29.464221147028045], [-51.947776352580135, -29.464208238583804], [-51.94778194879602, -29.464234430196296], [-51.948380560053636, -29.46397572044562]]]}}, {"id": "1259", "type": "Feature", "properties": {"id": 19494, "codigo": "0846", "numero": "0", "fl_rural": 0, "Destinação": "NÃO ATRIBUÍDO"}, "geometry": {"type": "Polygon", "coordinates": [[[-51.94796591989451, -29.46354982284836], [-51.947271655430505, -29.462832817682788], [-51.94691009573849, -29.462418292390403], [-51.94664506300845, -29.462561634285095], [-51.946713021267996, -29.462607284398786], [-51.94678895198926, -29.462703421428603], [-51.94692569895243, -29.46306361984539], [-51.94702298428349, -29.463173865993046], [-51.94710358959596, -29.463283567352793], [-51.9471858510591, -29.463367553800317], [-51.947281191547006, -29.463533531371734], [-51.947385898421686, -29.463687834354385], [-51.94744301152058, -29.463750127279322], [-51.94796591989451, -29.46354982284836]]]}}, {"id": "1260", "type": "Feature", "properties": {"id": 19354, "codigo": "0530", "numero": "836", "fl_rural": 0, "Destinação": "NÃO ATRIBUÍDO"}, "geometry": {"type": "Polygon", "coordinates": [[[-51.94806405188973, -29.46335174726696], [-51.948690493360424, -29.463052097554474], [-51.94798387819513, -29.461911842447087], [-51.94706992122979, -29.46232977734817], [-51.94806405188973, -29.46335174726696]]]}}, {"id": "1261", "type": "Feature", "properties": {"id": 20908, "codigo": "0391", "numero": "0", "fl_rural": 0, "Destinação": "ÁREA DE PRESERVAÇÃO PERMANENTE"}, "geometry": {"type": "Polygon", "coordinates": [[[-51.9480572644657, -29.461878283921827], [-51.94738748928718, -29.46103726228542], [-51.94724686772549, -29.461087313393314], [-51.94646876737303, -29.461443902724692], [-51.94663857350052, -29.46169884786753], [-51.946889486652054, -29.462052644659742], [-51.94706992122979, -29.46232977734817], [-51.9480572644657, -29.461878283921827]]]}}, {"id": "1262", "type": "Feature", "properties": {"id": 19495, "codigo": "1326", "numero": null, "fl_rural": 0, "Destinação": "NÃO ATRIBUÍDO"}, "geometry": {"type": "Polygon", "coordinates": [[[-51.94691009573849, -29.462418292390403], [-51.9464390050023, -29.461796386144297], [-51.945980039765914, -29.461098814775337], [-51.94566220554436, -29.460634006684618], [-51.94527395111536, -29.46004940807648], [-51.94489268845869, -29.459510963747377], [-51.94469527152862, -29.45960423005885], [-51.944813752866885, -29.459775969276418], [-51.94484904136838, -29.459898780993832], [-51.94491408570349, -29.45998094670742], [-51.94503429623414, -29.46005480957589], [-51.94514991711837, -29.460175292816007], [-51.9452496071879, -29.460310832285767], [-51.94532711191466, -29.460436860076022], [-51.945360376179764, -29.46055792790601], [-51.94535634071139, -29.460664317444195], [-51.945346225645395, -29.460724382023297], [-51.945429313620686, -29.460816088470267], [-51.94546453136988, -29.460890554682365], [-51.94558303900792, -29.46104568992878], [-51.94578357341646, -29.461354995734375], [-51.94587622334119, -29.46147766863657], [-51.946075793324994, -29.46168287000096], [-51.94614777750017, -29.461748028217723], [-51.946188932040755, -29.461843837857376], [-51.946204702883385, -29.46196545520964], [-51.946280760715, -29.462065846888073], [-51.946333836535125, -29.462161196381892], [-51.94642523796383, -29.462226241377806], [-51.946476901603184, -29.462323477808475], [-51.94654078284928, -29.462350552759982], [-51.94665121359191, -29.462386055989803], [-51.94665908562389, -29.46241066550942], [-51.946601556752654, -29.46250045542362], [-51.94664506300845, -29.462561634285095], [-51.94691009573849, -29.462418292390403]]]}}, {"id": "1263", "type": "Feature", "properties": {"id": 20452, "codigo": "1378", "numero": "0", "fl_rural": 0, "Destinação": "ÁREA DE PRESERVAÇÃO PERMANENTE"}, "geometry": {"type": "Polygon", "coordinates": [[[-51.94639594770608, -29.461334657802624], [-51.94746162701982, -29.460846274093434], [-51.94757058586518, -29.460732225817804], [-51.94757714479521, -29.460533566152925], [-51.94627034608951, -29.46114871674005], [-51.94639594770608, -29.461334657802624]]]}}, {"id": "1264", "type": "Feature", "properties": {"id": 19388, "codigo": "1400", "numero": "1612", "fl_rural": 0, "Destinação": "NÃO ATRIBUÍDO"}, "geometry": {"type": "Polygon", "coordinates": [[[-51.94627034608951, -29.46114871674005], [-51.94757714479521, -29.460533566152925], [-51.94757863264593, -29.460488501497142], [-51.947191654392434, -29.45990464995095], [-51.947195300580105, -29.459766590175274], [-51.94577458969672, -29.460414788874772], [-51.94627034608951, -29.46114871674005]]]}}, {"id": "1265", "type": "Feature", "properties": {"id": 19382, "codigo": "1325", "numero": "0", "fl_rural": 0, "Destinação": "NÃO ATRIBUÍDO"}, "geometry": {"type": "Polygon", "coordinates": [[[-51.946043214633384, -29.459672856652826], [-51.9458510665488, -29.459400171107806], [-51.945265746206644, -29.45966836542229], [-51.94545891252951, -29.45994062872685], [-51.946043214633384, -29.459672856652826]]]}}, {"id": "1266", "type": "Feature", "properties": {"id": 19327, "codigo": "2150", "numero": "1208", "fl_rural": 0, "Destinação": "NÃO ATRIBUÍDO"}, "geometry": {"type": "Polygon", "coordinates": [[[-51.946631300302265, -29.459403346513124], [-51.94545891252951, -29.45994062872685], [-51.94577458969672, -29.460414788874772], [-51.947195300580105, -29.459766590175274], [-51.94719928284684, -29.45961580505364], [-51.94665093052707, -29.459421162459247], [-51.946631300302265, -29.459403346513124]]]}}, {"id": "1267", "type": "Feature", "properties": {"id": 20399, "codigo": "0284", "numero": "0", "fl_rural": 0, "Destinação": "NÃO ATRIBUÍDO"}, "geometry": {"type": "Polygon", "coordinates": [[[-51.944920716708424, -29.45914798830234], [-51.944848017957874, -29.459182110307594], [-51.94501813137918, -29.459450115559687], [-51.945087641754064, -29.459417329645323], [-51.944920716708424, -29.45914798830234]]]}}, {"id": "1268", "type": "Feature", "properties": {"id": 20400, "codigo": "0317", "numero": "0", "fl_rural": 0, "Destinação": "ÁREA DE PRESERVAÇÃO PERMANENTE"}, "geometry": {"type": "Polygon", "coordinates": [[[-51.945749190909744, -29.459105292643986], [-51.945087641754064, -29.459417329645323], [-51.945265746206644, -29.45966836542229], [-51.9458510665488, -29.459400171107806], [-51.946043214633384, -29.459672856652826], [-51.946631300302265, -29.459403346513124], [-51.94626613950145, -29.459071934865236], [-51.945749190909744, -29.459105292643986]]]}}, {"id": "1269", "type": "Feature", "properties": {"id": 20398, "codigo": "0275", "numero": "1816", "fl_rural": 0, "Destinação": "NÃO ATRIBUÍDO"}, "geometry": {"type": "Polygon", "coordinates": [[[-51.94512063806689, -29.459054152384432], [-51.944920716708424, -29.45914798830234], [-51.945087641754064, -29.459417329645323], [-51.94528734226863, -29.459323136671756], [-51.94512063806689, -29.459054152384432]]]}}, {"id": "1270", "type": "Feature", "properties": {"id": 20453, "codigo": "0083", "numero": "0", "fl_rural": 0, "Destinação": "ÁREA VERDE"}, "geometry": {"type": "Polygon", "coordinates": [[[-51.94489268845869, -29.459510963747377], [-51.944754386768494, -29.459310806302767], [-51.944679463980584, -29.459181243873118], [-51.94453054532297, -29.458832952837803], [-51.944370574598786, -29.458909670828177], [-51.944856392145205, -29.459528111324804], [-51.94489268845869, -29.459510963747377]]]}}, {"id": "1271", "type": "Feature", "properties": {"id": 20324, "codigo": "0065", "numero": "0", "fl_rural": 0, "Destinação": "NÃO ATRIBUÍDO"}, "geometry": {"type": "Polygon", "coordinates": [[[-51.94504500720338, -29.458944970908497], [-51.94497353667174, -29.45882064059468], [-51.94494626744688, -29.45880865334397], [-51.94470698366041, -29.458921944687983], [-51.94477291966962, -29.459073793614312], [-51.94504500720338, -29.458944970908497]]]}}, {"id": "1272", "type": "Feature", "properties": {"id": 20397, "codigo": "0228", "numero": "1131", "fl_rural": 0, "Destinação": "NÃO AFETADO"}, "geometry": {"type": "Polygon", "coordinates": [[[-51.94512063806689, -29.459054152384432], [-51.94528734226863, -29.459323136671756], [-51.945749190909744, -29.459105292643986], [-51.94563747680075, -29.459112501357946], [-51.945306366891025, -29.458966949090872], [-51.94512063806689, -29.459054152384432]]]}}, {"id": "1273", "type": "Feature", "properties": {"id": 20323, "codigo": "0017", "numero": "0", "fl_rural": 0, "Destinação": "NÃO ATRIBUÍDO"}, "geometry": {"type": "Polygon", "coordinates": [[[-51.944787728471056, -29.458717716497876], [-51.94464784333292, -29.458785745529738], [-51.94470698366041, -29.458921944687983], [-51.94494626744688, -29.45880865334397], [-51.944809132628706, -29.458748370389298], [-51.944787728471056, -29.458717716497876]]]}}, {"id": "1274", "type": "Feature", "properties": {"id": 20325, "codigo": "0080", "numero": "0", "fl_rural": 0, "Destinação": "NÃO ATRIBUÍDO"}, "geometry": {"type": "Polygon", "coordinates": [[[-51.94504500720338, -29.458944970908497], [-51.94514676776338, -29.45889679107334], [-51.94497353667174, -29.45882064059468], [-51.94504500720338, -29.458944970908497]]]}}, {"id": "1276", "type": "Feature", "properties": {"id": 1235, "codigo": "0352", "numero": "411", "fl_rural": 0, "Destinação": "NÃO ATRIBUÍDO"}, "geometry": {"type": "Polygon", "coordinates": [[[-51.96077488776523, -29.461558038046235], [-51.96097477278426, -29.46166267431595], [-51.96100792539705, -29.461489564578052], [-51.96107258114329, -29.46141020773133], [-51.96093442965763, -29.46133788762094], [-51.96077488776523, -29.461558038046235]]]}}, {"id": "1277", "type": "Feature", "properties": {"id": 19352, "codigo": "0514", "numero": "605", "fl_rural": 0, "Destinação": "NÃO ATRIBUÍDO"}, "geometry": {"type": "Polygon", "coordinates": [[[-51.95293748634027, -29.46146308822214], [-51.95303926100902, -29.46166051271455], [-51.95239271611853, -29.46193320916675], [-51.95241606626874, -29.46286814761059], [-51.95302652760989, -29.462592863337587], [-51.95338933150527, -29.462419490653588], [-51.95333854518805, -29.462198162921194], [-51.95350235107819, -29.462070643819523], [-51.95317009786714, -29.461829356812707], [-51.95322884573974, -29.46149502234142], [-51.95311954416037, -29.461380329364577], [-51.95293748634027, -29.46146308822214]]]}}, {"id": "1278", "type": "Feature", "properties": {"id": 19337, "codigo": "0370", "numero": null, "fl_rural": 0, "Destinação": "NÃO ATRIBUÍDO"}, "geometry": {"type": "Polygon", "coordinates": [[[-51.95293748634027, -29.46146308822214], [-51.95250921358495, -29.461657768263713], [-51.95240665028, -29.461927332121093], [-51.95303926100902, -29.46166051271455], [-51.95293748634027, -29.46146308822214]]]}}, {"id": "1279", "type": "Feature", "properties": {"id": 19340, "codigo": "0385", "numero": null, "fl_rural": 0, "Destinação": "NÃO ATRIBUÍDO"}, "geometry": {"type": "Polygon", "coordinates": [[[-51.952631154111, -29.461187504559604], [-51.952613368776525, -29.461273646330678], [-51.95257538343814, -29.46138474309273], [-51.952530157086024, -29.46146143888911], [-51.952721641593456, -29.4613329408467], [-51.952631154111, -29.461187504559604]]]}}, {"id": "1280", "type": "Feature", "properties": {"id": 19411, "codigo": "2000", "numero": null, "fl_rural": 0, "Destinação": "NÃO ATRIBUÍDO"}, "geometry": {"type": "Polygon", "coordinates": [[[-51.9524260151027, -29.460857792178018], [-51.952721641593456, -29.4613329408467], [-51.952530157086024, -29.46146143888911], [-51.95250921358495, -29.461657768263713], [-51.95311954416037, -29.461380329364577], [-51.952468590416935, -29.460697266749495], [-51.9524260151027, -29.460857792178018]]]}}, {"id": "1281", "type": "Feature", "properties": {"id": 20058, "codigo": "0991", "numero": "1408", "fl_rural": 0, "Destinação": "NÃO ATRIBUÍDO"}, "geometry": {"type": "Polygon", "coordinates": [[[-51.94526034797693, -29.456137191091127], [-51.94527997894521, -29.456273881425357], [-51.945274410114344, -29.456441550876647], [-51.945221447792434, -29.456639938017812], [-51.94515220394966, -29.45678390471415], [-51.945202764692745, -29.456715015614424], [-51.945695023721136, -29.456422728546944], [-51.946102864881645, -29.45592347129841], [-51.94562989261921, -29.45607122741741], [-51.94545403662233, -29.456044890577417], [-51.94526034797693, -29.456137191091127]]]}}, {"id": "1282", "type": "Feature", "properties": {"id": 20058, "codigo": "0991", "numero": "1408", "fl_rural": 0, "Destinação": "NÃO ATRIBUÍDO"}, "geometry": {"type": "Polygon", "coordinates": [[[-51.94467370816846, -29.45858752505571], [-51.944699211680614, -29.458683955669212], [-51.94471797143759, -29.4587516407968], [-51.944787728471056, -29.458717716497876], [-51.94466879333871, -29.458547383953526], [-51.94467370816846, -29.45858752505571]]]}}, {"id": "1283", "type": "Feature", "properties": {"id": 19497, "codigo": "1674", "numero": "0", "fl_rural": 0, "Destinação": "NÃO ATRIBUÍDO"}, "geometry": {"type": "Polygon", "coordinates": [[[-51.94446158588724, -29.45861379970707], [-51.94443579636511, -29.458492357187986], [-51.944425054677566, -29.45835965127694], [-51.94443481568222, -29.458234044122335], [-51.94446383887604, -29.45806497689259], [-51.94460003872057, -29.457426613482408], [-51.94463724288111, -29.457311430485056], [-51.94471347089166, -29.457130074147692], [-51.94491131902569, -29.45679694649416], [-51.944973275101624, -29.456666460744778], [-51.94478592022311, -29.456768338221462], [-51.94479106932451, -29.456799160695134], [-51.944567316044115, -29.457134663018877], [-51.94425906523907, -29.45725417126354], [-51.94390848252146, -29.457256657698913], [-51.943901940323734, -29.457249017680187], [-51.9433529274077, -29.457547553010563], [-51.94315465909965, -29.457124140874935], [-51.94326724657771, -29.4570629193055], [-51.943007563601604, -29.456847906114128], [-51.942849390415894, -29.456469988444198], [-51.943868108634234, -29.456237151173646], [-51.94442557960352, -29.456305394966492], [-51.94452643317102, -29.45637821279298], [-51.944993965019634, -29.45612398351253], [-51.94485471966619, -29.455948965091956], [-51.94464257102574, -29.455611914671113], [-51.94459893613523, -29.455558917568645], [-51.94448896666587, -29.455458029479715], [-51.94435602319142, -29.45547561459647], [-51.944317797850054, -29.455435030958377], [-51.943825054400996, -29.455733981050866], [-51.942600336903794, -29.456275703230784], [-51.94246090701641, -29.45632969343978], [-51.942629393930254, -29.456652490324327], [-51.94261708528542, -29.456733446979968], [-51.94264981689937, -29.45679738336973], [-51.942716443462054, -29.45683383021194], [-51.94276442690462, -29.45691787590751], [-51.942790034258174, -29.457080312531875], [-51.94285463163745, -29.457223134641758], [-51.94291065805165, -29.457308002313468], [-51.943012460959864, -29.45734683693438], [-51.94309160346778, -29.457433298777207], [-51.943155697378565, -29.457521625300142], [-51.94318361920244, -29.457608450080116], [-51.943190490889094, -29.45769981904399], [-51.943211114199286, -29.45775768793047], [-51.94325976117548, -29.457804810058366], [-51.943435669920326, -29.45792838370164], [-51.943516175480006, -29.458053512376708], [-51.94354435004308, -29.458167584767196], [-51.94352924049701, -29.458271415700032], [-51.943548998086044, -29.45834423396211], [-51.94359736890861, -29.458361471401968], [-51.943708638844676, -29.458337828130325], [-51.943814017513866, -29.458437288788673], [-51.943836861562325, -29.45851799627176], [-51.94393000944651, -29.45859820521979], [-51.94399402344733, -29.458677741708218], [-51.94401993776608, -29.458764580519208], [-51.9441711312045, -29.458930521107522], [-51.94418571305518, -29.4589866746596], [-51.94419380146016, -29.458994446403658], [-51.94453054532297, -29.458832952837803], [-51.94446158588724, -29.45861379970707]]]}}, {"id": "1284", "type": "Feature", "properties": {"id": 19497, "codigo": "1674", "numero": "0", "fl_rural": 0, "Destinação": "NÃO ATRIBUÍDO"}, "geometry": {"type": "Polygon", "coordinates": [[[-51.943058285003225, -29.45675729962516], [-51.94306934744121, -29.456838443697933], [-51.94312031920565, -29.456774909560753], [-51.943058285003225, -29.45675729962516]]]}}, {"id": "1285", "type": "Feature", "properties": {"id": 19496, "codigo": "1588", "numero": "1645", "fl_rural": 0, "Destinação": "NÃO ATRIBUÍDO"}, "geometry": {"type": "Polygon", "coordinates": [[[-51.943901940323734, -29.457249017680187], [-51.94361659356934, -29.456915787985796], [-51.94327774248724, -29.457071609744286], [-51.94326724657771, -29.4570629193055], [-51.94315465909965, -29.457124140874935], [-51.9433529274077, -29.457547553010563], [-51.943901940323734, -29.457249017680187]]]}}, {"id": "1286", "type": "Feature", "properties": {"id": 19496, "codigo": "1588", "numero": "1645", "fl_rural": 0, "Destinação": "NÃO ATRIBUÍDO"}, "geometry": {"type": "Polygon", "coordinates": [[[-51.944973275101624, -29.456666460744778], [-51.94503564882953, -29.456496844000814], [-51.94506776088403, -29.456353666629777], [-51.94507392831805, -29.456267117349324], [-51.945070704379305, -29.45623488311184], [-51.94505228131399, -29.45619035402483], [-51.94503200830997, -29.456160642480068], [-51.944993965019634, -29.45612398351253], [-51.94452643317102, -29.45637821279298], [-51.94474739956699, -29.456537753928544], [-51.94478592022311, -29.456768338221462], [-51.944973275101624, -29.456666460744778]]]}}, {"id": "1287", "type": "Feature", "properties": {"id": 31601, "codigo": "1846", "numero": null, "fl_rural": 0, "Destinação": "NÃO ATRIBUÍDO"}, "geometry": {"type": "Polygon", "coordinates": [[[-51.94367891357515, -29.45579862351074], [-51.94366171622456, -29.45578740685846], [-51.94333851691352, -29.455874320652043], [-51.94308326515406, -29.45597670060495], [-51.94280478465722, -29.456167377547633], [-51.94250693205174, -29.456181850895927], [-51.942600336903794, -29.456275703230784], [-51.94367891357515, -29.45579862351074]]]}}, {"id": "1288", "type": "Feature", "properties": {"id": 19503, "codigo": "1836", "numero": "1907", "fl_rural": 0, "Destinação": "NÃO ATRIBUÍDO"}, "geometry": {"type": "Polygon", "coordinates": [[[-51.943743841459664, -29.455659934522032], [-51.94422888778108, -29.455340635619294], [-51.94417674316782, -29.45528527396555], [-51.943991618121736, -29.455407139484038], [-51.94379613047472, -29.455234666526678], [-51.94296452837391, -29.45553962699889], [-51.942756554449694, -29.455351580961285], [-51.94276011256349, -29.455115353741306], [-51.94267246164164, -29.454978051065016], [-51.942550697785215, -29.455189001593055], [-51.94253825223519, -29.455439244720342], [-51.942574891829715, -29.455545112010935], [-51.94268392956713, -29.455636594723863], [-51.94273481412128, -29.45582846456683], [-51.94266547210446, -29.45615194169992], [-51.94278084114581, -29.456146337054626], [-51.94306231511234, -29.45596584618066], [-51.943319535406296, -29.45586267682423], [-51.94366540493173, -29.45576966654439], [-51.943697319213975, -29.455790482151308], [-51.943825054400996, -29.455733981050866], [-51.943743841459664, -29.455659934522032]]]}}, {"id": "1289", "type": "Feature", "properties": {"id": 19498, "codigo": "1688", "numero": "1803", "fl_rural": 0, "Destinação": "NÃO ATRIBUÍDO"}, "geometry": {"type": "Polygon", "coordinates": [[[-51.944317797850054, -29.455435030958377], [-51.94422888771417, -29.455340635548236], [-51.943743841459664, -29.455659934522032], [-51.943825054400996, -29.455733981050866], [-51.944317797850054, -29.455435030958377]]]}}, {"id": "1290", "type": "Feature", "properties": {"id": 31600, "codigo": "1840", "numero": null, "fl_rural": 0, "Destinação": "NÃO ATRIBUÍDO"}, "geometry": {"type": "Polygon", "coordinates": [[[-51.94201193153589, -29.455476838754926], [-51.942166956047544, -29.455839582114866], [-51.94248586815195, -29.45616070756487], [-51.94264958516554, -29.45615275298577], [-51.94271903004618, -29.455828796731478], [-51.94266991953569, -29.455643616526267], [-51.94256127941497, -29.455552467427992], [-51.94252270120684, -29.455440998499117], [-51.942534206014635, -29.455209670263763], [-51.94267598003797, -29.454963968525558], [-51.94273734567363, -29.45491182979083], [-51.94267104440004, -29.454871569436307], [-51.94201193153589, -29.455476838754926]], [[-51.94247501808876, -29.456129700291527], [-51.94247493467372, -29.456120676164286], [-51.94248524582014, -29.456120603160606], [-51.94247501808876, -29.456129700291527]], [[-51.94247510150382, -29.45613872441877], [-51.94246479035552, -29.45613879742172], [-51.94246470694138, -29.456129773294442], [-51.94247510150382, -29.45613872441877]]]}}, {"id": "1291", "type": "Feature", "properties": {"id": 19499, "codigo": "1708", "numero": "1823", "fl_rural": 0, "Destinação": "NÃO ATRIBUÍDO"}, "geometry": {"type": "Polygon", "coordinates": [[[-51.94417674311664, -29.4552852739112], [-51.944098526118836, -29.45520223134789], [-51.94390429126612, -29.455330093719674], [-51.943991618121736, -29.455407139484038], [-51.94417674311664, -29.4552852739112]]]}}, {"id": "1292", "type": "Feature", "properties": {"id": 19500, "codigo": "1719", "numero": "0", "fl_rural": 0, "Destinação": "NÃO ATRIBUÍDO"}, "geometry": {"type": "Polygon", "coordinates": [[[-51.944098526118836, -29.45520223134789], [-51.944043599510934, -29.45514391606552], [-51.943945221388375, -29.45517999274051], [-51.94382434802654, -29.45525956210985], [-51.94390429126612, -29.455330093719674], [-51.944098526118836, -29.45520223134789]]]}}, {"id": "1293", "type": "Feature", "properties": {"id": 19501, "codigo": "1730", "numero": "1843", "fl_rural": 0, "Destinação": "NÃO ATRIBUÍDO"}, "geometry": {"type": "Polygon", "coordinates": [[[-51.943945221388375, -29.45517999274051], [-51.94379613047472, -29.455234666526678], [-51.94382434802654, -29.45525956210985], [-51.943945221388375, -29.45517999274051]]]}}, {"id": "1294", "type": "Feature", "properties": {"id": 20046, "codigo": "0713", "numero": "0", "fl_rural": 0, "Destinação": "ÁREA DE RECREAÇÃO PÚBLICA"}, "geometry": {"type": "Polygon", "coordinates": [[[-51.945103427234876, -29.455906284753407], [-51.94518474446611, -29.456014325338977], [-51.94525133848748, -29.456120589939644], [-51.9454213239664, -29.45603999140991], [-51.94522717283206, -29.45601091462293], [-51.94511379379964, -29.455899350552613], [-51.945103427234876, -29.455906284753407]]]}}, {"id": "1296", "type": "Feature", "properties": {"id": 757, "codigo": "0114", "numero": "874", "fl_rural": 0, "Destinação": "NÃO ATRIBUÍDO"}, "geometry": {"type": "Polygon", "coordinates": [[[-51.97150304430819, -29.462816236526784], [-51.97162547161718, -29.462798042652796], [-51.97161851702729, -29.462723051051633], [-51.97152416909641, -29.462707416211728], [-51.97150149877063, -29.462800346336103], [-51.97150304430819, -29.462816236526784]]]}}, {"id": "1297", "type": "Feature", "properties": {"id": 756, "codigo": "0103", "numero": "880", "fl_rural": 0, "Destinação": "NÃO ATRIBUÍDO"}, "geometry": {"type": "Polygon", "coordinates": [[[-51.97162547161718, -29.462798042652796], [-51.97173830045039, -29.462781275152672], [-51.97173412324097, -29.462742208701684], [-51.97161851702729, -29.462723051051633], [-51.97162547161718, -29.462798042652796]]]}}, {"id": "1298", "type": "Feature", "properties": {"id": 755, "codigo": "0092", "numero": "896", "fl_rural": 0, "Destinação": "NÃO ATRIBUÍDO"}, "geometry": {"type": "Polygon", "coordinates": [[[-51.97173830045039, -29.462781275152672], [-51.971850132410474, -29.462764655621164], [-51.97184978092116, -29.462761374880493], [-51.97173412324097, -29.462742208701684], [-51.97173830045039, -29.462781275152672]]]}}, {"id": "1300", "type": "Feature", "properties": {"id": 1236, "codigo": "0372", "numero": "345", "fl_rural": 0, "Destinação": "NÃO ATRIBUÍDO"}, "geometry": {"type": "Polygon", "coordinates": [[[-51.96107258114329, -29.46141020773133], [-51.96113001864835, -29.461342998672695], [-51.961283057007144, -29.46121669421538], [-51.961435299955056, -29.46112069246352], [-51.96129716209538, -29.461042588903826], [-51.9609918117065, -29.461258706646753], [-51.96093442965763, -29.46133788762094], [-51.96107258114329, -29.46141020773133]]]}}, {"id": "1301", "type": "Feature", "properties": {"id": 122, "codigo": "0281", "numero": "25", "fl_rural": 0, "Destinação": "NÃO ATRIBUÍDO"}, "geometry": {"type": "Polygon", "coordinates": [[[-51.96287236112326, -29.460315930465782], [-51.96268311282599, -29.460617508450696], [-51.962880058550056, -29.4607665581623], [-51.96301097745351, -29.460423829695504], [-51.96287236112326, -29.460315930465782]]]}}, {"id": "1302", "type": "Feature", "properties": {"id": 1243, "codigo": "0507", "numero": "0", "fl_rural": 0, "Destinação": "NÃO ATRIBUÍDO"}, "geometry": {"type": "Polygon", "coordinates": [[[-51.96224522696203, -29.460684992519646], [-51.962409926065284, -29.460513780672546], [-51.96222552298835, -29.460385523224108], [-51.9620539544551, -29.46050695422768], [-51.96224522696203, -29.460684992519646]]]}}, {"id": "1303", "type": "Feature", "properties": {"id": 1244, "codigo": "0543", "numero": "66", "fl_rural": 0, "Destinação": "NÃO ATRIBUÍDO"}, "geometry": {"type": "Polygon", "coordinates": [[[-51.962409926065284, -29.460513780672546], [-51.962587375729974, -29.460253316320383], [-51.96250082052768, -29.46019067597648], [-51.96222552298835, -29.460385523224108], [-51.962409926065284, -29.460513780672546]]]}}, {"id": "1304", "type": "Feature", "properties": {"id": 112, "codigo": "0103", "numero": "18", "fl_rural": 0, "Destinação": "NÃO ATRIBUÍDO"}, "geometry": {"type": "Polygon", "coordinates": [[[-51.96304401446521, -29.46003044996252], [-51.96287236112326, -29.460315930465782], [-51.96301097745351, -29.460423829695504], [-51.963134530627364, -29.46010038373982], [-51.96304401446521, -29.46003044996252]]]}}, {"id": "1305", "type": "Feature", "properties": {"id": 1245, "codigo": "0645", "numero": "10", "fl_rural": 0, "Destinação": "NÃO ATRIBUÍDO"}, "geometry": {"type": "Polygon", "coordinates": [[[-51.962587375729974, -29.460253316320383], [-51.96284299800724, -29.459878106059488], [-51.9627379849556, -29.459818900101425], [-51.96269228941769, -29.460055160104034], [-51.96250082052768, -29.46019067597648], [-51.962587375729974, -29.460253316320383]]]}}, {"id": "1306", "type": "Feature", "properties": {"id": 1319, "codigo": "1260", "numero": "33", "fl_rural": 0, "Destinação": "NÃO ATRIBUÍDO"}, "geometry": {"type": "Polygon", "coordinates": [[[-51.96369422018765, -29.4598904502927], [-51.963103510880664, -29.459676895388053], [-51.96298237838222, -29.459823059027947], [-51.963275495207846, -29.460041613375584], [-51.963559434023225, -29.459979454106442], [-51.96369422018765, -29.4598904502927]]]}}, {"id": "1307", "type": "Feature", "properties": {"id": 30427, "codigo": "1174", "numero": null, "fl_rural": 0, "Destinação": "NÃO ATRIBUÍDO"}, "geometry": {"type": "Polygon", "coordinates": [[[-51.96276307231343, -29.459689190735965], [-51.96298266254009, -29.459823228892397], [-51.963023475941796, -29.45967845869453], [-51.963020801828286, -29.459637012591386], [-51.96300783062103, -29.459599528008308], [-51.96296870911113, -29.45953971042622], [-51.96281746779669, -29.459447454506183], [-51.9627059671445, -29.459598971367946], [-51.962770946192634, -29.459648480355753], [-51.96276307231343, -29.459689190735965]]]}}, {"id": "1308", "type": "Feature", "properties": {"id": 1313, "codigo": "1009", "numero": "15", "fl_rural": 0, "Destinação": "NÃO AFETADO"}, "geometry": {"type": "Polygon", "coordinates": [[[-51.96222398567982, -29.459162783721116], [-51.96267450266785, -29.459360246615702], [-51.963133763082915, -29.459640391663594], [-51.963103510880664, -29.459676895388053], [-51.96369422018765, -29.4598904502927], [-51.96379386942448, -29.45981369841514], [-51.96382365158155, -29.459740133428756], [-51.96256956325051, -29.4591923994177], [-51.96222398567982, -29.459162783721116]]]}}, {"id": "1309", "type": "Feature", "properties": {"id": 1315, "codigo": "1138", "numero": "21", "fl_rural": 0, "Destinação": "NÃO ATRIBUÍDO"}, "geometry": {"type": "Polygon", "coordinates": [[[-51.96281746779669, -29.459447454506183], [-51.96267450266785, -29.459360246615702], [-51.962573275057, -29.45949787030334], [-51.96270600196941, -29.4595989979018], [-51.96281746779669, -29.459447454506183]]]}}, {"id": "1310", "type": "Feature", "properties": {"id": 1314, "codigo": "1114", "numero": "64", "fl_rural": 0, "Destinação": "NÃO ATRIBUÍDO"}, "geometry": {"type": "Polygon", "coordinates": [[[-51.96267450266785, -29.459360246615702], [-51.962518762906484, -29.459291985677872], [-51.96244129261666, -29.459397309934783], [-51.962573275057, -29.45949787030334], [-51.96267450266785, -29.459360246615702]]]}}, {"id": "1311", "type": "Feature", "properties": {"id": 1320, "codigo": "1320", "numero": "0", "fl_rural": 0, "Destinação": "NÃO AFETADO"}, "geometry": {"type": "Polygon", "coordinates": [[[-51.962518762906484, -29.459291985677872], [-51.96222398567982, -29.459162783721116], [-51.96214741263311, -29.45912922124708], [-51.96213734914249, -29.45916572861451], [-51.96244129261666, -29.459397309934783], [-51.962518762906484, -29.459291985677872]]]}}, {"id": "1312", "type": "Feature", "properties": {"id": 1242, "codigo": "0485", "numero": "122", "fl_rural": 0, "Destinação": "NÃO ATRIBUÍDO"}, "geometry": {"type": "Polygon", "coordinates": [[[-51.96198530739439, -29.460828434401925], [-51.96224522696203, -29.460684992519646], [-51.9620539544551, -29.46050695422768], [-51.961807977136004, -29.460681049512814], [-51.96198530739439, -29.460828434401925]]]}}, {"id": "1313", "type": "Feature", "properties": {"id": 1321, "codigo": "1439", "numero": "0", "fl_rural": 0, "Destinação": "ÁREA DE RECREAÇÃO PÚBLICA"}, "geometry": {"type": "Polygon", "coordinates": [[[-51.96222398567982, -29.459162783721116], [-51.96256956325051, -29.4591923994177], [-51.96217723201965, -29.45902104533248], [-51.96214741263311, -29.45912922124708], [-51.96222398567982, -29.459162783721116]]]}}, {"id": "1314", "type": "Feature", "properties": {"id": 20059, "codigo": "1106", "numero": "1726", "fl_rural": 0, "Destinação": "NÃO ATRIBUÍDO"}, "geometry": {"type": "Polygon", "coordinates": [[[-51.945103427234876, -29.455906284753407], [-51.94511379379964, -29.455899350552613], [-51.94505984303117, -29.45584626342354], [-51.945103427234876, -29.455906284753407]]]}}, {"id": "1315", "type": "Feature", "properties": {"id": 20061, "codigo": "1128", "numero": "3620", "fl_rural": 0, "Destinação": "NÃO ATRIBUÍDO"}, "geometry": {"type": "Polygon", "coordinates": [[[-51.94495041210512, -29.455738584258626], [-51.94486543831934, -29.455654970726126], [-51.94484231275278, -29.455666945344888], [-51.94490505689121, -29.45576237143107], [-51.94495041210512, -29.455738584258626]]]}}, {"id": "1316", "type": "Feature", "properties": {"id": 20062, "codigo": "1174", "numero": "1774", "fl_rural": 0, "Destinação": "NÃO ATRIBUÍDO"}, "geometry": {"type": "Polygon", "coordinates": [[[-51.944773992708804, -29.455564988969297], [-51.94484231275278, -29.455666945344888], [-51.94486543831934, -29.455654970726126], [-51.944773992708804, -29.455564988969297]]]}}, {"id": "1317", "type": "Feature", "properties": {"id": 19504, "codigo": "1854", "numero": "3725", "fl_rural": 0, "Destinação": "NÃO ATRIBUÍDO"}, "geometry": {"type": "Polygon", "coordinates": [[[-51.941825029531095, -29.45536471490761], [-51.941856507837635, -29.45540096776392], [-51.941974377433326, -29.45543968945723], [-51.94201191551538, -29.45547680123522], [-51.942671037017355, -29.454871564953287], [-51.942586655485115, -29.45482032566], [-51.942023301325825, -29.45523042579497], [-51.9420101419715, -29.455202295134544], [-51.941825029531095, -29.45536471490761]]]}}, {"id": "1318", "type": "Feature", "properties": {"id": 31602, "codigo": "1824", "numero": null, "fl_rural": 0, "Destinação": "NÃO ATRIBUÍDO"}, "geometry": {"type": "Polygon", "coordinates": [[[-51.94268435146499, -29.454990645064534], [-51.94276011256344, -29.455115353744972], [-51.942762605661294, -29.454949834145168], [-51.94268435146499, -29.454990645064534]]]}}, {"id": "1319", "type": "Feature", "properties": {"id": 19505, "codigo": "1875", "numero": "3745", "fl_rural": 0, "Destinação": "NÃO ATRIBUÍDO"}, "geometry": {"type": "Polygon", "coordinates": [[[-51.9420101419715, -29.455202295134544], [-51.94187602896315, -29.4549156026872], [-51.942491437412215, -29.454559282963643], [-51.94240104360238, -29.454524091960465], [-51.941647755052955, -29.455072260670136], [-51.941691661160625, -29.455166580233477], [-51.941726344062054, -29.455224082621513], [-51.94178747611659, -29.455321465651643], [-51.941825029531095, -29.45536471490761], [-51.9420101419715, -29.455202295134544]]]}}, {"id": "1320", "type": "Feature", "properties": {"id": 19502, "codigo": "1820", "numero": "1937", "fl_rural": 0, "Destinação": "NÃO ATRIBUÍDO"}, "geometry": {"type": "Polygon", "coordinates": [[[-51.942679348517885, -29.454966116380465], [-51.94267246164164, -29.454978051065016], [-51.94268429648672, -29.45499071016109], [-51.94276260515374, -29.454949867842195], [-51.942762943962705, -29.454927373929543], [-51.94274078206117, -29.454913916480475], [-51.942679348517885, -29.454966116380465]]]}}, {"id": "1321", "type": "Feature", "properties": {"id": 19506, "codigo": "1958", "numero": "0", "fl_rural": 0, "Destinação": "NÃO ATRIBUÍDO"}, "geometry": {"type": "Polygon", "coordinates": [[[-51.94240104360238, -29.454524091960465], [-51.94192224897384, -29.454337693540836], [-51.941478968944594, -29.45399024253781], [-51.94113245800877, -29.45414843361852], [-51.94115109943191, -29.454167422507684], [-51.94119026053761, -29.454275264608786], [-51.94124924818362, -29.454354838078558], [-51.94129428114638, -29.454445937385792], [-51.94142693183704, -29.45456278758437], [-51.94151174756339, -29.454611412726898], [-51.9415377661664, -29.454818676536924], [-51.9415655722879, -29.454893196341974], [-51.941647755052955, -29.455072260670136], [-51.94240104360238, -29.454524091960465]]]}}, {"id": "1322", "type": "Feature", "properties": {"id": 19512, "codigo": "2122", "numero": null, "fl_rural": 0, "Destinação": "NÃO ATRIBUÍDO"}, "geometry": {"type": "Polygon", "coordinates": [[[-51.94138041279177, -29.454035236216036], [-51.941233795999885, -29.453798071494834], [-51.94111207995468, -29.453702668230076], [-51.941110950864136, -29.453646240914647], [-51.94092642656346, -29.453713929858264], [-51.94100916603763, -29.45391526904862], [-51.94102811940559, -29.454010068836432], [-51.941079112935675, -29.454094093937847], [-51.94113245800877, -29.45414843361852], [-51.94138041279177, -29.454035236216036]]]}}, {"id": "1323", "type": "Feature", "properties": {"id": 19513, "codigo": "2148", "numero": "2139", "fl_rural": 0, "Destinação": "NÃO ATRIBUÍDO"}, "geometry": {"type": "Polygon", "coordinates": [[[-51.941478968944594, -29.45399024253781], [-51.941233795999885, -29.453798071494834], [-51.94138041279177, -29.454035236216036], [-51.941478968944594, -29.45399024253781]]]}}, {"id": "1324", "type": "Feature", "properties": {"id": 19515, "codigo": "2230", "numero": "2169", "fl_rural": 0, "Destinação": "NÃO ATRIBUÍDO"}, "geometry": {"type": "Polygon", "coordinates": [[[-51.94106210956056, -29.453206494733333], [-51.94089585932144, -29.452943989797348], [-51.940390894431566, -29.453199432701986], [-51.940506054391946, -29.45326783023036], [-51.94062177167409, -29.453349500621346], [-51.940779374886645, -29.453480730281946], [-51.94084546517621, -29.453571815782198], [-51.94092642656346, -29.453713929858264], [-51.941110950864136, -29.453646240914647], [-51.941101779391154, -29.4531878883004], [-51.94106210956056, -29.453206494733333]]]}}, {"id": "1325", "type": "Feature", "properties": {"id": 19523, "codigo": "2350", "numero": "0", "fl_rural": 0, "Destinação": "NÃO ATRIBUÍDO"}, "geometry": {"type": "Polygon", "coordinates": [[[-51.941101779391154, -29.4531878883004], [-51.941097496509435, -29.45297384743351], [-51.94108504283565, -29.45295418346002], [-51.94094584743836, -29.453022919950975], [-51.94106210956056, -29.453206494733333], [-51.941101779391154, -29.4531878883004]]]}}, {"id": "1327", "type": "Feature", "properties": {"id": 20650, "codigo": "0418", "numero": "0", "fl_rural": 0, "Destinação": "NÃO ATRIBUÍDO"}, "geometry": {"type": "Polygon", "coordinates": [[[-51.942427095068, -29.451184100778292], [-51.942469893312975, -29.45102355427115], [-51.94247737725205, -29.45096042478265], [-51.942475697993984, -29.450895648803787], [-51.9424587217043, -29.450789116769922], [-51.94241244837484, -29.450638512307755], [-51.94229817425139, -29.45034098008671], [-51.94226549504582, -29.450219679008466], [-51.942241152301584, -29.450033284726338], [-51.94211579814556, -29.449616393378847], [-51.94175909748462, -29.45007015340225], [-51.94113215329018, -29.45029118023903], [-51.94177390800691, -29.450557383863245], [-51.94162291534685, -29.45095553983805], [-51.94060624151688, -29.45140493837351], [-51.940125300172305, -29.451805423484622], [-51.9395477336725, -29.451791451403476], [-51.93930618183845, -29.45131484532222], [-51.939485156146844, -29.450301140892517], [-51.93914786492241, -29.45044971537519], [-51.939189788272586, -29.45058221266364], [-51.93919286896687, -29.45080427399908], [-51.93912392361353, -29.451077605360744], [-51.93908827790005, -29.451143122020586], [-51.93908860206998, -29.451403274237016], [-51.93922397584919, -29.451595395646788], [-51.93925825124008, -29.45171843260946], [-51.93931749038468, -29.45185307737388], [-51.939376328918634, -29.451944214827247], [-51.939426581973024, -29.452002780233876], [-51.939518878434626, -29.452015725834535], [-51.939579688308704, -29.451983570514404], [-51.93968736054511, -29.451979184781283], [-51.939955864923384, -29.452119603711264], [-51.93999800874459, -29.452197261824285], [-51.940069008372966, -29.452259306262697], [-51.940139431969605, -29.452371210203374], [-51.94015905940386, -29.45247803408876], [-51.94013394574861, -29.452562512307054], [-51.94009424997525, -29.45275043012185], [-51.94012612134468, -29.452837225336374], [-51.940160440061995, -29.452964794022694], [-51.940227698901445, -29.453070374962216], [-51.940390894431566, -29.453199432701986], [-51.941094884478396, -29.45284330883209], [-51.94109294102174, -29.45274618283732], [-51.94146744261469, -29.451985458072976], [-51.942427095068, -29.451184100778292]], [[-51.94020837456402, -29.452987075888636], [-51.940208457767845, -29.45299610002601], [-51.94019814693059, -29.45299617284638], [-51.94020837456402, -29.452987075888636]], [[-51.9402561012005, -29.452571601448007], [-51.94025693326859, -29.452661842825687], [-51.94023631166192, -29.452661988471608], [-51.9402561012005, -29.452571601448007]], [[-51.94026616237222, -29.452544456210656], [-51.9402457072006, -29.45256265013325], [-51.9402448751458, -29.452472408753923], [-51.94026616237222, -29.452544456210656]], [[-51.94024712170248, -29.452716060475232], [-51.94024670567138, -29.452670939786763], [-51.94026749369577, -29.452688842414517], [-51.94024712170248, -29.452716060475232]], [[-51.940265163885925, -29.452436166555675], [-51.940265080678984, -29.45242714241768], [-51.94027539145851, -29.452427069593416], [-51.940265163885925, -29.452436166555675]], [[-51.94026533029993, -29.45245421483162], [-51.94025501951763, -29.45245428765516], [-51.94025485310544, -29.452436239379143], [-51.94026533029993, -29.45245421483162]], [[-51.940267826528185, -29.452724938965], [-51.94026799294461, -29.45274298724015], [-51.94025768213313, -29.452743060064535], [-51.940267826528185, -29.452724938965]], [[-51.94027838696524, -29.452751938552495], [-51.94027847017446, -29.452760962690004], [-51.94026815936118, -29.45276103551526], [-51.94027838696524, -29.452751938552495]], [[-51.94028886419786, -29.452769914001447], [-51.94028894740808, -29.45277893813891], [-51.94027863659303, -29.45277901096501], [-51.94028886419786, -29.452769914001447]], [[-51.940309818674415, -29.4528058648965], [-51.940300090336414, -29.452869106685775], [-51.94028977951227, -29.452869179512945], [-51.940309818674415, -29.4528058648965]], [[-51.94029551376015, -29.45237277911474], [-51.94029526413202, -29.452345706700687], [-51.94031588567438, -29.452345561047046], [-51.94029551376015, -29.45237277911474]], [[-51.940315719252176, -29.452327512771053], [-51.94031580246326, -29.452336536909055], [-51.940305491693, -29.452336609736243], [-51.940315719252176, -29.452327512771053]], [[-51.94047927672566, -29.452172937087266], [-51.94047919350065, -29.45216391294946], [-51.94048950425293, -29.45216384010921], [-51.94047927672566, -29.452172937087266]], [[-51.940479359950686, -29.452181961225033], [-51.94046904919655, -29.452182034064545], [-51.94046896597242, -29.452173009926724], [-51.940479359950686, -29.452181961225033]], [[-51.94070578030699, -29.452135237867783], [-51.940716091055705, -29.452135165010052], [-51.94071617430156, -29.452144189147266], [-51.94070578030699, -29.452135237867783]], [[-51.940613899173194, -29.452235159063175], [-51.9405610968928, -29.45210016124164], [-51.940622711653475, -29.452072651738344], [-51.940613899173194, -29.452235159063175]], [[-51.940622628416136, -29.45206362760078], [-51.94063293915784, -29.452063554749635], [-51.940633022396106, -29.452072578887172], [-51.940622628416136, -29.45206362760078]], [[-51.94078693426477, -29.451990268789288], [-51.940766812296516, -29.452044559337814], [-51.940725236353515, -29.45200875422945], [-51.94078693426477, -29.451990268789288]], [[-51.940746440562464, -29.45207177747171], [-51.940746274065916, -29.452053729197218], [-51.94075658480625, -29.45205365633651], [-51.940746440562464, -29.45207177747171]], [[-51.94074660705916, -29.45208982574614], [-51.94073629631514, -29.452089898606136], [-51.940736129820245, -29.452071850331652], [-51.94074660705916, -29.45208982574614]], [[-51.940736462810165, -29.4521079468806], [-51.94072615206427, -29.452108019739846], [-51.94072598557106, -29.452089971465337], [-51.940736462810165, -29.4521079468806]]]}}, {"id": "1328", "type": "Feature", "properties": {"id": 31597, "codigo": "1448", "numero": null, "fl_rural": 0, "Destinação": "NÃO ATRIBUÍDO"}, "geometry": {"type": "Polygon", "coordinates": [[[-51.921950419115454, -29.44960687570813], [-51.92193695508834, -29.449631310579438], [-51.92161961379196, -29.449640631285884], [-51.92162115587951, -29.449811280536267], [-51.92166528010252, -29.450097924977847], [-51.92170396245137, -29.45014075850169], [-51.921746973234974, -29.450156467299824], [-51.92178892229717, -29.450157495378196], [-51.922622978775806, -29.44979226650225], [-51.921950419115454, -29.44960687570813]]]}}, {"id": "1329", "type": "Feature", "properties": {"id": 31596, "codigo": "1431", "numero": null, "fl_rural": 0, "Destinação": "NÃO ATRIBUÍDO"}, "geometry": {"type": "Polygon", "coordinates": [[[-51.9201441467949, -29.450459890358253], [-51.92067636345282, -29.450325396109307], [-51.92079395027982, -29.449801666325826], [-51.92153892064375, -29.45008530398697], [-51.921529869921244, -29.45010971005413], [-51.921581846335215, -29.45009657531163], [-51.921538713491074, -29.44981637026829], [-51.921537147438485, -29.4496430534247], [-51.9212532244498, -29.44941471511507], [-51.92040821898139, -29.449181853268396], [-51.9201441467949, -29.450459890358253]], [[-51.92018052693119, -29.45038349183516], [-51.92017021629932, -29.450383563098715], [-51.920170134877296, -29.450374538906345], [-51.92018052693119, -29.45038349183516]]]}}, {"id": "1330", "type": "Feature", "properties": {"id": 35160, "codigo": "2018", "numero": null, "fl_rural": 0, "Destinação": "NÃO ATRIBUÍDO"}, "geometry": {"type": "Polygon", "coordinates": [[[-51.93729568151913, -29.449226275856333], [-51.937611509034646, -29.449527583584572], [-51.93812815323048, -29.44933656135507], [-51.93769700870329, -29.44908337527939], [-51.93729568151913, -29.449226275856333]]]}}, {"id": "1331", "type": "Feature", "properties": {"id": 35779, "codigo": "0700", "numero": null, "fl_rural": 0, "Destinação": "NÃO ATRIBUÍDO"}, "geometry": {"type": "Polygon", "coordinates": [[[-51.93709225631897, -29.44897362167477], [-51.93711322482351, -29.449036986015052], [-51.93710900365934, -29.449107460366186], [-51.93714738317541, -29.449201831523805], [-51.93724263323411, -29.44924513882518], [-51.93769701962474, -29.44908338169293], [-51.937355608444946, -29.44888289078708], [-51.93732181513215, -29.448833743301957], [-51.93705915646787, -29.448924178715743], [-51.93709225631897, -29.44897362167477]]]}}, {"id": "1332", "type": "Feature", "properties": {"id": 20649, "codigo": "0379", "numero": "1011", "fl_rural": 0, "Destinação": "NÃO ATRIBUÍDO"}, "geometry": {"type": "Polygon", "coordinates": [[[-51.942510928399884, -29.450213125222135], [-51.942558359181724, -29.45037452269605], [-51.94262616821574, -29.450531680996793], [-51.942664648559976, -29.450651564987638], [-51.9427071757227, -29.45083106687888], [-51.94271427079399, -29.45096883582201], [-51.94269763360242, -29.451085190363827], [-51.94265353589986, -29.451246190541163], [-51.94286052400827, -29.450982879537445], [-51.94359996658535, -29.45066177530898], [-51.942510928399884, -29.450213125222135]]]}}, {"id": "1333", "type": "Feature", "properties": {"id": 27564, "codigo": "0680", "numero": null, "fl_rural": 0, "Destinação": "NÃO ATRIBUÍDO"}, "geometry": {"type": "Polygon", "coordinates": [[[-51.93653357560984, -29.448071576623974], [-51.93677294482854, -29.44873523215902], [-51.93699038961741, -29.448948797546553], [-51.93732183464527, -29.44883377168097], [-51.93694803020561, -29.448290127195985], [-51.93696552624332, -29.448136962844053], [-51.9363074479326, -29.446902666276472], [-51.9358930426037, -29.44701266886422], [-51.93612970565777, -29.447224622451284], [-51.93653357560984, -29.448071576623974]]]}}, {"id": "1334", "type": "Feature", "properties": {"id": 27520, "codigo": "0638", "numero": "0", "fl_rural": 0, "Destinação": "ÁREA DE RECREAÇÃO PÚBLICA"}, "geometry": {"type": "Polygon", "coordinates": [[[-51.93699380281269, -29.447889423230063], [-51.937024378177874, -29.447621759426855], [-51.93697365261001, -29.447513797073974], [-51.93680547676201, -29.447575232993643], [-51.9364648399613, -29.446860886749988], [-51.9363074479326, -29.446902666276472], [-51.93685856554729, -29.447936356900282], [-51.93699380281269, -29.447889423230063]]]}}, {"id": "1335", "type": "Feature", "properties": {"id": 27520, "codigo": "0638", "numero": "0", "fl_rural": 0, "Destinação": "ÁREA DE RECREAÇÃO PÚBLICA"}, "geometry": {"type": "Polygon", "coordinates": [[[-51.936880404250694, -29.44797731766923], [-51.93696552541209, -29.44813697012084], [-51.936988029198126, -29.447939966784315], [-51.936880404250694, -29.44797731766923]]]}}, {"id": "1336", "type": "Feature", "properties": {"id": 27565, "codigo": "0123", "numero": "0", "fl_rural": 0, "Destinação": "ÁREA INSTITUCIONAL"}, "geometry": {"type": "Polygon", "coordinates": [[[-51.93680547676201, -29.447575232993643], [-51.93697365261001, -29.447513797073974], [-51.93664448094245, -29.44681320072309], [-51.9364648399613, -29.446860886749988], [-51.93680547676201, -29.447575232993643]]]}}, {"id": "1337", "type": "Feature", "properties": {"id": 36172, "codigo": "1390", "numero": null, "fl_rural": 0, "Destinação": "NÃO ATRIBUÍDO"}, "geometry": {"type": "Polygon", "coordinates": [[[-51.93635280515722, -29.446720338363814], [-51.936029029797986, -29.4467781903945], [-51.93586220436236, -29.446962777843755], [-51.93591461517922, -29.447006992639608], [-51.936644490697866, -29.44681322148614], [-51.93657216878763, -29.446659294306517], [-51.93654132752544, -29.446472557280476], [-51.936376394407944, -29.44669631602186], [-51.93635280515722, -29.446720338363814]]]}}, {"id": "1338", "type": "Feature", "properties": {"id": 32841, "codigo": "3300", "numero": null, "fl_rural": 0, "Destinação": "NÃO ATRIBUÍDO"}, "geometry": {"type": "Polygon", "coordinates": [[[-51.9224268386271, -29.445989727462788], [-51.92238635973541, -29.446104467173537], [-51.92237998348617, -29.446171760614018], [-51.92224808099559, -29.44641819031253], [-51.9250003240084, -29.447212195289122], [-51.92516299651656, -29.446794567987915], [-51.9224268386271, -29.445989727462788]]]}}, {"id": "1339", "type": "Feature", "properties": {"id": 36173, "codigo": "1400", "numero": null, "fl_rural": 0, "Destinação": "NÃO ATRIBUÍDO"}, "geometry": {"type": "Polygon", "coordinates": [[[-51.93607958114332, -29.446446757213646], [-51.93600706142792, -29.44656128921322], [-51.93609411133799, -29.44670617947706], [-51.936029029797986, -29.4467781903945], [-51.93635280515722, -29.446720338363814], [-51.936376394407944, -29.44669631602186], [-51.93654132752544, -29.446472557280476], [-51.93648778032186, -29.44614834079787], [-51.93579533013653, -29.446247823043855], [-51.93600015456015, -29.446356662276877], [-51.93607958114332, -29.446446757213646]]]}}, {"id": "1340", "type": "Feature", "properties": {"id": 32584, "codigo": "3210", "numero": null, "fl_rural": 0, "Destinação": "NÃO ATRIBUÍDO"}, "geometry": {"type": "Polygon", "coordinates": [[[-51.92670617620979, -29.44599683668214], [-51.926591901044866, -29.446305204397746], [-51.92744529805248, -29.44654328868632], [-51.92759940174663, -29.446406242742388], [-51.927642346833395, -29.446598262184455], [-51.9281503159639, -29.44673997755018], [-51.92839755115617, -29.446456822895676], [-51.92670617620979, -29.44599683668214]]]}}, {"id": "1341", "type": "Feature", "properties": {"id": 32585, "codigo": "3170", "numero": null, "fl_rural": 0, "Destinação": "NÃO ATRIBUÍDO"}, "geometry": {"type": "Polygon", "coordinates": [[[-51.92839755115617, -29.446456822895676], [-51.928624250087246, -29.446197186477747], [-51.92681423299812, -29.445704935394865], [-51.92670617620979, -29.44599683668214], [-51.92839755115617, -29.446456822895676]]]}}, {"id": "1342", "type": "Feature", "properties": {"id": 32840, "codigo": "3350", "numero": null, "fl_rural": 0, "Destinação": "NÃO ATRIBUÍDO"}, "geometry": {"type": "Polygon", "coordinates": [[[-51.92159372148571, -29.445744652371634], [-51.92149305306875, -29.44620034066236], [-51.921872247572516, -29.446309742310838], [-51.921984652603754, -29.445859651411283], [-51.92159372148571, -29.445744652371634]]]}}, {"id": "1343", "type": "Feature", "properties": {"id": 32583, "codigo": "3134", "numero": null, "fl_rural": 0, "Destinação": "NÃO ATRIBUÍDO"}, "geometry": {"type": "Polygon", "coordinates": [[[-51.92691589110709, -29.445430548136574], [-51.92681423299812, -29.445704935394865], [-51.928624250087246, -29.446197186477747], [-51.92883736235994, -29.445953109184018], [-51.92691589110709, -29.445430548136574]]]}}, {"id": "1344", "type": "Feature", "properties": {"id": 31586, "codigo": "3100", "numero": null, "fl_rural": 0, "Destinação": "NÃO ATRIBUÍDO"}, "geometry": {"type": "Polygon", "coordinates": [[[-51.927011982816474, -29.44517086116632], [-51.92691589110709, -29.445430548136574], [-51.92883736235994, -29.445953109184018], [-51.929039028101265, -29.445722047410843], [-51.927011982816474, -29.44517086116632]]]}}, {"id": "1345", "type": "Feature", "properties": {"id": 20828, "codigo": "0015", "numero": "0", "fl_rural": 0, "Destinação": "NÃO ATRIBUÍDO"}, "geometry": {"type": "Polygon", "coordinates": [[[-51.937837552876175, -29.444799852189394], [-51.937884428735224, -29.444718763135413], [-51.93781166031683, -29.444727873127547], [-51.937837552876175, -29.444799852189394]]]}}, {"id": "1346", "type": "Feature", "properties": {"id": 30994, "codigo": "2894", "numero": "0", "fl_rural": 0, "Destinação": "NÃO ATRIBUÍDO"}, "geometry": {"type": "Polygon", "coordinates": [[[-51.93239964603228, -29.442450746905074], [-51.93201795929445, -29.44299632587581], [-51.93176679475309, -29.443175689029136], [-51.93148134329105, -29.443277819789287], [-51.9340519839563, -29.44399358131952], [-51.93415321950001, -29.443611056255428], [-51.934160782620644, -29.443395383069298], [-51.93403940573722, -29.44316771020725], [-51.93360109874665, -29.442526089276754], [-51.93239964603228, -29.442450746905074]]]}}, {"id": "1347", "type": "Feature", "properties": {"id": 38455, "codigo": "3702", "numero": null, "fl_rural": 0, "Destinação": null}, "geometry": {"type": "Polygon", "coordinates": [[[-51.93220363564703, -29.44034421138103], [-51.931236838385665, -29.440373437886677], [-51.9307729692068, -29.44022156735751], [-51.930085214884855, -29.439329241060843], [-51.929514710095916, -29.439396098482007], [-51.92940556923569, -29.439845148571404], [-51.92945063202313, -29.440229426885534], [-51.92995445754342, -29.441209607592718], [-51.92988409933221, -29.441408643533997], [-51.92912869712457, -29.441107074896465], [-51.92910619132351, -29.44107691161546], [-51.928993385377666, -29.44154104136444], [-51.930692854762036, -29.441708708524438], [-51.93039378039677, -29.442412911881213], [-51.932067363251626, -29.442676182414985], [-51.93252983087259, -29.44208306930501], [-51.932716967928535, -29.4415894774345], [-51.932643920726576, -29.44022928273658], [-51.93220363564703, -29.44034421138103]]]}}, {"id": "1348", "type": "Feature", "properties": {"id": 38456, "codigo": "2594", "numero": null, "fl_rural": 0, "Destinação": null}, "geometry": {"type": "Polygon", "coordinates": [[[-51.929239317763134, -29.439547173708885], [-51.92937238206875, -29.439562141032592], [-51.92940556923569, -29.439845148571404], [-51.929514710095916, -29.439396098482007], [-51.929239317763134, -29.439547173708885]]]}}, {"id": "1349", "type": "Feature", "properties": {"id": 38456, "codigo": "2594", "numero": null, "fl_rural": 0, "Destinação": null}, "geometry": {"type": "Polygon", "coordinates": [[[-51.927780154971124, -29.441421332180873], [-51.928993385377666, -29.44154104136444], [-51.92910619132351, -29.44107691161546], [-51.928679877763834, -29.440505547118992], [-51.92838389612001, -29.440548967107386], [-51.927780154971124, -29.441421332180873]]]}}, {"id": "1350", "type": "Feature", "properties": {"id": 36117, "codigo": "0756", "numero": null, "fl_rural": 0, "Destinação": "NÃO ATRIBUÍDO"}, "geometry": {"type": "Polygon", "coordinates": [[[-51.93198154671358, -29.44026928239005], [-51.93223277523701, -29.4402481451671], [-51.93252323817541, -29.44020067763013], [-51.93262102629873, -29.440165707306708], [-51.932400995648564, -29.43986620695672], [-51.93227438318701, -29.44009236579345], [-51.931963977512254, -29.440245367115967], [-51.93198154671358, -29.44026928239005]]]}}, {"id": "1351", "type": "Feature", "properties": {"id": 36120, "codigo": "0732", "numero": null, "fl_rural": 0, "Destinação": "NÃO ATRIBUÍDO"}, "geometry": {"type": "Polygon", "coordinates": [[[-51.93113710216559, -29.440266535761392], [-51.93134457601788, -29.440284320283812], [-51.93175819076502, -29.44028087925239], [-51.931869449159215, -29.44027584314509], [-51.9310965405342, -29.439820839322984], [-51.930896213318725, -29.439334903111085], [-51.93092680808864, -29.438932797796596], [-51.93002355266605, -29.43899387248272], [-51.93009662352992, -29.439279831113236], [-51.93017001547247, -29.439310745391833], [-51.930214519252466, -29.439337711846406], [-51.93030276756587, -29.439417801952263], [-51.930401162489, -29.439540814950785], [-51.93079508068686, -29.44008546241037], [-51.93113710216559, -29.440266535761392]]]}}, {"id": "1352", "type": "Feature", "properties": {"id": 36120, "codigo": "0732", "numero": null, "fl_rural": 0, "Destinação": "NÃO ATRIBUÍDO"}, "geometry": {"type": "Polygon", "coordinates": [[[-51.93190545492458, -29.440274213345397], [-51.93198154671358, -29.44026928239005], [-51.931963977512254, -29.440245367115967], [-51.93190545492458, -29.440274213345397]]]}}, {"id": "1353", "type": "Feature", "properties": {"id": 29545, "codigo": "0847", "numero": null, "fl_rural": 0, "Destinação": "NÃO ATRIBUÍDO"}, "geometry": {"type": "Polygon", "coordinates": [[[-51.93573517091808, -29.438552329215266], [-51.93506926559916, -29.43919703067694], [-51.93518430035853, -29.43997081187584], [-51.93583519354142, -29.439241140482824], [-51.93573517091808, -29.438552329215266]]]}}, {"id": "1354", "type": "Feature", "properties": {"id": 36133, "codigo": "1310", "numero": null, "fl_rural": 0, "Destinação": "NÃO ATRIBUÍDO"}, "geometry": {"type": "Polygon", "coordinates": [[[-51.939123077602666, -29.43723212854777], [-51.9382599595228, -29.437720708304234], [-51.93845570550514, -29.439100487640726], [-51.93854417986738, -29.439100724853475], [-51.939293196485536, -29.438707379658656], [-51.939334601813265, -29.438526666723934], [-51.939123077602666, -29.43723212854777]]]}}, {"id": "1355", "type": "Feature", "properties": {"id": 36123, "codigo": "0869", "numero": null, "fl_rural": 0, "Destinação": "NÃO ATRIBUÍDO"}, "geometry": {"type": "Polygon", "coordinates": [[[-51.93587802792038, -29.438398981122372], [-51.93573515958188, -29.438552251050336], [-51.93583519354142, -29.439241140482824], [-51.935974292567835, -29.439061908464325], [-51.93587802792038, -29.438398981122372]]]}}, {"id": "1356", "type": "Feature", "properties": {"id": 38078, "codigo": "0900", "numero": null, "fl_rural": 0, "Destinação": "NÃO ATRIBUÍDO"}, "geometry": {"type": "Polygon", "coordinates": [[[-51.94659731015108, -29.43671834907547], [-51.94642513962585, -29.437011342720574], [-51.946337436623224, -29.43711808944707], [-51.94625588942364, -29.437258357144337], [-51.94623747217051, -29.43738086935185], [-51.946762819668194, -29.43703905498303], [-51.946843283637975, -29.436821889213352], [-51.946793052249696, -29.436767364092297], [-51.94659731015108, -29.43671834907547]]]}}, {"id": "1357", "type": "Feature", "properties": {"id": 38078, "codigo": "0900", "numero": null, "fl_rural": 0, "Destinação": "NÃO ATRIBUÍDO"}, "geometry": {"type": "Polygon", "coordinates": [[[-51.946234246499145, -29.43740232662978], [-51.94622789896815, -29.43744455059238], [-51.94633363837517, -29.437782469672925], [-51.946234246499145, -29.43740232662978]]]}}, {"id": "1358", "type": "Feature", "properties": {"id": 38078, "codigo": "0900", "numero": null, "fl_rural": 0, "Destinação": "NÃO ATRIBUÍDO"}, "geometry": {"type": "Polygon", "coordinates": [[[-51.94637942432171, -29.43792879113804], [-51.94646352267977, -29.438179388273376], [-51.94645097862693, -29.438370481407695], [-51.94596166751632, -29.438974266717903], [-51.94580646084282, -29.439057240406015], [-51.945636686340436, -29.439087712911704], [-51.945505911768926, -29.439078013575777], [-51.945526444844205, -29.439242986370626], [-51.94572547818933, -29.439690673730457], [-51.94609921338565, -29.439967785701185], [-51.94663421902465, -29.43984666194835], [-51.9462547917958, -29.4389559099596], [-51.94645846853303, -29.438683720443017], [-51.94690361394872, -29.438879100050443], [-51.94698583780575, -29.43885144114895], [-51.94679842657816, -29.43865422959682], [-51.946868833529464, -29.43846420955413], [-51.94637942432171, -29.43792879113804]]]}}, {"id": "1359", "type": "Feature", "properties": {"id": 36132, "codigo": "1375", "numero": null, "fl_rural": 0, "Destinação": "NÃO ATRIBUÍDO"}, "geometry": {"type": "Polygon", "coordinates": [[[-51.93604263899419, -29.438971823133215], [-51.936614081883995, -29.43837158555739], [-51.936852424586284, -29.438195106731076], [-51.937103601203205, -29.438151860330656], [-51.93729937608581, -29.438296791915292], [-51.93724517251643, -29.438470558956737], [-51.93770503526628, -29.438874104939355], [-51.93775657291277, -29.43887109948307], [-51.93804045842028, -29.43909937430228], [-51.938455697642375, -29.439100487619633], [-51.938259663005695, -29.43771860013659], [-51.93798288717922, -29.43786529721613], [-51.937816567457574, -29.437937973484598], [-51.93767713237647, -29.437984365097957], [-51.93727616926781, -29.43806439344228], [-51.93677338711686, -29.43810608182367], [-51.936244130596634, -29.438133829086624], [-51.936081868645225, -29.438209013344075], [-51.93587802792038, -29.438398981122372], [-51.93597404560546, -29.43906020750075], [-51.93604263899419, -29.438971823133215]]]}}, {"id": "1360", "type": "Feature", "properties": {"id": 29544, "codigo": "0761", "numero": null, "fl_rural": 0, "Destinação": "NÃO ATRIBUÍDO"}, "geometry": {"type": "Polygon", "coordinates": [[[-51.93504478774649, -29.439032351413662], [-51.93552308905985, -29.438569274821774], [-51.93550758664927, -29.43846796490341], [-51.93510633810318, -29.43860147481214], [-51.93502586302218, -29.438905056948794], [-51.93504478774649, -29.439032351413662]]]}}, {"id": "1361", "type": "Feature", "properties": {"id": 38099, "codigo": "0889", "numero": null, "fl_rural": 0, "Destinação": "NÃO ATRIBUÍDO"}, "geometry": {"type": "Polygon", "coordinates": [[[-51.94169169197833, -29.43662044067595], [-51.942192005144406, -29.436656334122215], [-51.942536292454676, -29.437096110250778], [-51.942773806375875, -29.43850570424439], [-51.942789006309646, -29.43847495040467], [-51.94287389117511, -29.438172584966797], [-51.94287648699954, -29.438100324742255], [-51.94279490348025, -29.4378342591562], [-51.94284950197087, -29.437670462509523], [-51.942876694196336, -29.43752984951374], [-51.94293927486616, -29.437338440164034], [-51.9427793420374, -29.43663698456109], [-51.94271596081596, -29.436428704472245], [-51.942628802839366, -29.436250387834512], [-51.942430666452196, -29.435774462387087], [-51.94238992617858, -29.43571530184988], [-51.94183942070797, -29.4361713027766], [-51.9417945185297, -29.436169304581256], [-51.94170830601177, -29.43621411744714], [-51.94164707419687, -29.43628357062736], [-51.94169169197833, -29.43662044067595]]]}}, {"id": "1362", "type": "Feature", "properties": {"id": 38098, "codigo": "0650", "numero": null, "fl_rural": 0, "Destinação": "NÃO ATRIBUÍDO"}, "geometry": {"type": "Polygon", "coordinates": [[[-51.9427913974386, -29.43663452854148], [-51.94295199412405, -29.43733889543981], [-51.942888777373234, -29.43753225039443], [-51.94286157982084, -29.437672891009704], [-51.94280775024274, -29.437834380971356], [-51.94288890994155, -29.43809906424306], [-51.94288808511084, -29.43812202524018], [-51.943215449881826, -29.436955930533237], [-51.9433689787138, -29.436835816031248], [-51.94313778598742, -29.43504331286152], [-51.94288188070861, -29.4352251829827], [-51.942604166825404, -29.435432005240145], [-51.94239209728311, -29.435697478191877], [-51.94244187986687, -29.43576976939378], [-51.942640310235255, -29.436246400869827], [-51.942727685700426, -29.43642516241433], [-51.9427913974386, -29.43663452854148]]]}}, {"id": "1364", "type": "Feature", "properties": {"id": 38423, "codigo": "1525", "numero": null, "fl_rural": 0, "Destinação": null}, "geometry": {"type": "Polygon", "coordinates": [[[-51.93585265803013, -29.438224278076564], [-51.93598203511117, -29.43810370458021], [-51.93620017170264, -29.438002629206323], [-51.93676227812689, -29.437973156552648], [-51.93725154916706, -29.437932585639146], [-51.93765695731257, -29.4378516677331], [-51.93733957809546, -29.43574945907733], [-51.93710050869989, -29.436827630502428], [-51.93656182336562, -29.43767072185281], [-51.936336426540194, -29.43782572760829], [-51.936025656975964, -29.437665466820512], [-51.935797575890454, -29.437844957005012], [-51.93585265803013, -29.438224278076564]]]}}, {"id": "1365", "type": "Feature", "properties": {"id": 36124, "codigo": "1580", "numero": null, "fl_rural": 0, "Destinação": "NÃO ATRIBUÍDO"}, "geometry": {"type": "Polygon", "coordinates": [[[-51.9372150285584, -29.434924486508738], [-51.93674012246413, -29.431778666229164], [-51.93522987341949, -29.432319377910897], [-51.935234343067464, -29.43231934652462], [-51.935234425761514, -29.432328370702912], [-51.93522571498574, -29.432320866747336], [-51.93515274012871, -29.432346993802373], [-51.93517273855749, -29.43234685338232], [-51.93514189494684, -29.43235609471146], [-51.93514184729185, -29.432350893744886], [-51.935111051330395, -29.432365336033588], [-51.93500681520018, -29.432399239038496], [-51.93500528939313, -29.432389906597262], [-51.93397688103221, -29.433077225741453], [-51.93398352826678, -29.433077179125657], [-51.93397330200911, -29.43308627560012], [-51.93397324144967, -29.43307965819421], [-51.933636440884996, -29.43330475310285], [-51.933874475186784, -29.434860914799987], [-51.93419837874134, -29.434824962146987], [-51.9342594480527, -29.43522417969862], [-51.93480373673324, -29.434831252296345], [-51.93560891554926, -29.434942919914782], [-51.935802552718755, -29.434697891026502], [-51.936502488123836, -29.4345756491134], [-51.936845169996026, -29.43484398154856], [-51.937122850371765, -29.43476982986378], [-51.93720402162547, -29.434925709629074], [-51.9372150285584, -29.434924486508738]], [[-51.93484442858039, -29.432520628689687], [-51.93484434592016, -29.432511604510644], [-51.93485465470324, -29.432511532150524], [-51.93484442858039, -29.432520628689687]], [[-51.934885498388404, -29.432502290886518], [-51.934885415724615, -29.432493266707574], [-51.93490603328679, -29.43249312198029], [-51.934885498388404, -29.432502290886518]], [[-51.93521389092683, -29.432337539658604], [-51.93521380823456, -29.432328515480286], [-51.935224116998064, -29.43232844309201], [-51.93521389092683, -29.432337539658604]]]}}, {"id": "1366", "type": "Feature", "properties": {"id": 36124, "codigo": "1580", "numero": null, "fl_rural": 0, "Destinação": "NÃO ATRIBUÍDO"}, "geometry": {"type": "Polygon", "coordinates": [[[-51.93550758655029, -29.438467964936343], [-51.93552308913894, -29.438569274879683], [-51.935672188458774, -29.438413195925982], [-51.93550758655029, -29.438467964936343]]]}}, {"id": "1367", "type": "Feature", "properties": {"id": 36124, "codigo": "1580", "numero": null, "fl_rural": 0, "Destinação": "NÃO ATRIBUÍDO"}, "geometry": {"type": "Polygon", "coordinates": [[[-51.935745246234006, -29.438336718171897], [-51.93585265813241, -29.438224278065203], [-51.93579757598221, -29.4378449569328], [-51.93575951860907, -29.437874906478655], [-51.935745246234006, -29.438336718171897]]]}}, {"id": "1368", "type": "Feature", "properties": {"id": 36131, "codigo": "1340", "numero": null, "fl_rural": 0, "Destinação": "NÃO ATRIBUÍDO"}, "geometry": {"type": "Polygon", "coordinates": [[[-51.9377521338996, -29.437818405120154], [-51.937905070442795, -29.437751575836646], [-51.938239219304144, -29.437574467243895], [-51.93738847760342, -29.431577207707118], [-51.93674012242172, -29.43177866631142], [-51.93721980395482, -29.434956017720683], [-51.937427199786015, -29.435354296815948], [-51.93733958458002, -29.43574942983276], [-51.93765695731257, -29.4378516677331], [-51.9377521338996, -29.437818405120154]]]}}, {"id": "1369", "type": "Feature", "properties": {"id": 38101, "codigo": "0910", "numero": null, "fl_rural": 0, "Destinação": "NÃO ATRIBUÍDO"}, "geometry": {"type": "Polygon", "coordinates": [[[-51.941624360110936, -29.43611207410806], [-51.941832116165585, -29.435918428642207], [-51.942118652789105, -29.435720329371847], [-51.94242093528946, -29.435458028842508], [-51.942439393409686, -29.43533250750841], [-51.9425165227705, -29.435272150166742], [-51.94281027960077, -29.435120177958616], [-51.94295188094055, -29.43499730436658], [-51.943085453679224, -29.434892267131676], [-51.943109069928376, -29.434820658863902], [-51.943027363329584, -29.434187129443906], [-51.942862738382914, -29.43401645297623], [-51.94272365807129, -29.43371055824862], [-51.942723847367255, -29.433603150685496], [-51.942674561102784, -29.433346617336028], [-51.942605067060576, -29.433249546269252], [-51.94243603332179, -29.43309134380635], [-51.94230464205588, -29.433019673919766], [-51.94219657258882, -29.432999654506695], [-51.94211204184119, -29.43297115489863], [-51.941896361175004, -29.433087761315125], [-51.94177145870671, -29.433140508029307], [-51.94164176896936, -29.433175776852387], [-51.94149132576796, -29.433168543102507], [-51.941323914086155, -29.433112678320878], [-51.94122371993178, -29.43308704255852], [-51.941624360110936, -29.43611207410806]]]}}, {"id": "1370", "type": "Feature", "properties": {"id": 38424, "codigo": "1579", "numero": null, "fl_rural": 0, "Destinação": null}, "geometry": {"type": "Polygon", "coordinates": [[[-51.93721502852565, -29.43492448642315], [-51.93674012242172, -29.43177866631142], [-51.93522987369722, -29.43231937790895], [-51.935234343067464, -29.43231934652462], [-51.935234425761514, -29.432328370702912], [-51.9352257150657, -29.43232086681622], [-51.935152740406444, -29.432346993800433], [-51.93517273855749, -29.43234685338232], [-51.93514189494684, -29.43235609471146], [-51.93514184729275, -29.432350893842056], [-51.935111051330395, -29.432365336033588], [-51.935006815138486, -29.432399239158077], [-51.93537138230073, -29.434909977204864], [-51.93560891554926, -29.434942919914782], [-51.935802552718755, -29.434697891026502], [-51.936502488123836, -29.4345756491134], [-51.936845169996026, -29.43484398154856], [-51.937122850371765, -29.43476982986378], [-51.9372040215807, -29.43492570954306], [-51.93721502852565, -29.43492448642315]], [[-51.93521389092683, -29.432337539658604], [-51.93521380823456, -29.432328515480286], [-51.935224116998064, -29.43232844309201], [-51.93521389092683, -29.432337539658604]]]}}, {"id": "1371", "type": "Feature", "properties": {"id": 38238, "codigo": "0983", "numero": null, "fl_rural": 0, "Destinação": null}, "geometry": {"type": "Polygon", "coordinates": [[[-51.94661273747514, -29.436722212204202], [-51.946793052445415, -29.436767364304732], [-51.94665351425175, -29.436615898514848], [-51.94661273747514, -29.436722212204202]]]}}, {"id": "1372", "type": "Feature", "properties": {"id": 38073, "codigo": "0500", "numero": null, "fl_rural": 0, "Destinação": "NÃO ATRIBUÍDO"}, "geometry": {"type": "Polygon", "coordinates": [[[-51.94561869661805, -29.43895636668482], [-51.94572782772298, -29.438944239438975], [-51.94583545951888, -29.438884533671654], [-51.94590553805019, -29.438825395316446], [-51.946305968812396, -29.43833442787149], [-51.94631977263665, -29.438196122865584], [-51.946269813846264, -29.43805636851671], [-51.94607844121947, -29.437445571169434], [-51.946114903506135, -29.43723227663535], [-51.946192050296645, -29.437062965995242], [-51.94629620293139, -29.436959145106577], [-51.94647297085029, -29.436640725350664], [-51.94649521188566, -29.436539680341376], [-51.94528158076646, -29.436291499342946], [-51.94506967701693, -29.43602240191285], [-51.94543324257541, -29.438943811289807], [-51.94561869661805, -29.43895636668482]]]}}, {"id": "1373", "type": "Feature", "properties": {"id": 38073, "codigo": "0500", "numero": null, "fl_rural": 0, "Destinação": "NÃO ATRIBUÍDO"}, "geometry": {"type": "Polygon", "coordinates": [[[-51.945860770474326, -29.43169142596386], [-51.945362572272145, -29.431679280680573], [-51.945646449087526, -29.43116285486348], [-51.94569760831393, -29.43116389082251], [-51.945233602437455, -29.429663669171756], [-51.94430676383582, -29.429892058514906], [-51.94465650689547, -29.4327023980264], [-51.94483303772352, -29.432386968535752], [-51.94596948168064, -29.432042910532594], [-51.945860770474326, -29.43169142596386]]]}}, {"id": "1374", "type": "Feature", "properties": {"id": 38073, "codigo": "0500", "numero": null, "fl_rural": 0, "Destinação": "NÃO ATRIBUÍDO"}, "geometry": {"type": "Polygon", "coordinates": [[[-51.944847001602426, -29.434233106890805], [-51.94537215825005, -29.43382710188975], [-51.94493667835725, -29.433559450102745], [-51.94471942069043, -29.433207938076237], [-51.944847001602426, -29.434233106890805]]]}}, {"id": "1375", "type": "Feature", "properties": {"id": 36449, "codigo": "1000", "numero": null, "fl_rural": 0, "Destinação": "NÃO ATRIBUÍDO"}, "geometry": {"type": "Polygon", "coordinates": [[[-51.947671780444416, -29.432770106029217], [-51.94746882238243, -29.43098783296049], [-51.947232719062875, -29.431016211496566], [-51.947003920439116, -29.4308012446455], [-51.94742394519287, -29.43059378083552], [-51.94728702053435, -29.429391489578485], [-51.94576092593023, -29.429609699808765], [-51.94619654859722, -29.431003444354644], [-51.94644734105218, -29.430814225668904], [-51.94675743543085, -29.43090226919641], [-51.94679589530651, -29.431714222826503], [-51.94641581029126, -29.431704956955695], [-51.94647372499798, -29.431890251047903], [-51.94681718236977, -29.431786269450953], [-51.947433436189264, -29.43264826235221], [-51.947671780444416, -29.432770106029217]]]}}, {"id": "1376", "type": "Feature", "properties": {"id": 16052, "codigo": "2007", "numero": null, "fl_rural": 0, "Destinação": "NÃO ATRIBUÍDO"}, "geometry": {"type": "Polygon", "coordinates": [[[-51.977984343754386, -29.42974357130437], [-51.97802006416693, -29.42963452983515], [-51.97787654246629, -29.429551627992392], [-51.9778311868865, -29.42945039190608], [-51.97775007905422, -29.429408593159913], [-51.97770992097122, -29.429328623132058], [-51.977779840078384, -29.429785649509217], [-51.97797859599427, -29.430022140202006], [-51.977984343754386, -29.42974357130437]]]}}, {"id": "1377", "type": "Feature", "properties": {"id": 16371, "codigo": "0225", "numero": "115", "fl_rural": 0, "Destinação": "NÃO ATRIBUÍDO"}, "geometry": {"type": "Polygon", "coordinates": [[[-51.972554784779625, -29.428465648408356], [-51.97249088217862, -29.428472873755968], [-51.972561230173795, -29.428510252525992], [-51.972554784779625, -29.428465648408356]]]}}, {"id": "1378", "type": "Feature", "properties": {"id": 16372, "codigo": "0251", "numero": "0", "fl_rural": 0, "Destinação": "ÁREA DE RECREAÇÃO PÚBLICA E INSTITUCIONAL"}, "geometry": {"type": "Polygon", "coordinates": [[[-51.972554784779625, -29.428465648408356], [-51.972561230173795, -29.428510252525992], [-51.97265254445586, -29.428558771542626], [-51.972815368943245, -29.428440148036135], [-51.97279313398587, -29.428285083580537], [-51.972626147626386, -29.428360517079344], [-51.97236392739422, -29.428405417481247], [-51.97249088217862, -29.428472873755968], [-51.972554784779625, -29.428465648408356]]]}}, {"id": "1379", "type": "Feature", "properties": {"id": 27933, "codigo": "0320", "numero": null, "fl_rural": 0, "Destinação": "NÃO ATRIBUÍDO"}, "geometry": {"type": "Polygon", "coordinates": [[[-51.972802121584756, -29.428347762435784], [-51.972815368943245, -29.428440148036135], [-51.97296705760733, -29.428329637378212], [-51.972802121584756, -29.428347762435784]]]}}, {"id": "1380", "type": "Feature", "properties": {"id": 27932, "codigo": "0342", "numero": null, "fl_rural": 0, "Destinação": "NÃO ATRIBUÍDO"}, "geometry": {"type": "Polygon", "coordinates": [[[-51.97279313398587, -29.428285083580537], [-51.972802121584756, -29.428347762435784], [-51.97296705760733, -29.428329637378212], [-51.973088166397076, -29.42824140526066], [-51.97307110348694, -29.428122412061107], [-51.97279313398587, -29.428285083580537]]]}}, {"id": "1381", "type": "Feature", "properties": {"id": 38337, "codigo": "1039", "numero": null, "fl_rural": 0, "Destinação": null}, "geometry": {"type": "Polygon", "coordinates": [[[-51.98035689315601, -29.422335546440017], [-51.97968799018813, -29.422521658600807], [-51.97976367724034, -29.423040229332177], [-51.98005221929405, -29.42296335983589], [-51.98042647209377, -29.422809003493956], [-51.98035689315601, -29.422335546440017]]]}}, {"id": "1382", "type": "Feature", "properties": {"id": 16053, "codigo": "2042", "numero": null, "fl_rural": 0, "Destinação": "NÃO ATRIBUÍDO"}, "geometry": {"type": "Polygon", "coordinates": [[[-51.97845039555781, -29.4298981563043], [-51.97832801543627, -29.42977500424609], [-51.978251629173734, -29.429712934950253], [-51.978146746767514, -29.429700301215917], [-51.9780247507468, -29.429636591950334], [-51.97798948496939, -29.429744245422107], [-51.97798362766131, -29.43002812715548], [-51.978027798315246, -29.430080683822798], [-51.978467515906765, -29.43001151056153], [-51.97845039555781, -29.4298981563043]]]}}, {"id": "1383", "type": "Feature", "properties": {"id": 16038, "codigo": "1501", "numero": null, "fl_rural": 0, "Destinação": "NÃO ATRIBUÍDO"}, "geometry": {"type": "Polygon", "coordinates": [[[-51.97664480539279, -29.423144511225328], [-51.9763950166096, -29.423194304395015], [-51.9763133981728, -29.423252675053067], [-51.976256179748866, -29.42325854461358], [-51.97620812443387, -29.423311219020828], [-51.97617963402365, -29.423316684898765], [-51.97617959482249, -29.423312584939353], [-51.976142059929764, -29.423314382005717], [-51.97614879711286, -29.423325935590217], [-51.97611787391923, -29.423326162192], [-51.97613048385497, -29.423314936236018], [-51.97606676509392, -29.423319019907265], [-51.976863971941526, -29.42869589935402], [-51.977779840078384, -29.429785649509217], [-51.977165498837856, -29.425769701360938], [-51.97703796401897, -29.425756089037723], [-51.97643613106915, -29.425345365428697], [-51.97654045471962, -29.424397005860225], [-51.97691593127877, -29.424138176087954], [-51.9767627273401, -29.42313661923993], [-51.97664480539279, -29.423144511225328]], [[-51.97607672926725, -29.4233354883993], [-51.97607664299384, -29.423326464316556], [-51.976097258456605, -29.423326313255863], [-51.97607672926725, -29.4233354883993]], [[-51.97609717218142, -29.423317289173163], [-51.97610747991183, -29.423317213641663], [-51.97610756618794, -29.423326237724332], [-51.97609717218142, -29.423317289173163]], [[-51.976261836994304, -29.42328900832645], [-51.97626175070469, -29.423279984244132], [-51.97627205843084, -29.42327990869998], [-51.976261836994304, -29.42328900832645]], [[-51.976292673883016, -29.423279757609272], [-51.976292587590706, -29.42327073352702], [-51.97630289531583, -29.4232706579805], [-51.976292673883016, -29.423279757609272]], [[-51.976313203040895, -29.423270582433187], [-51.97631311674682, -29.423261558350987], [-51.97633373219503, -29.423261407254024], [-51.976313203040895, -29.423270582433187]], [[-51.976333645899174, -29.42325238317184], [-51.9763439536223, -29.423252307622185], [-51.97634403991908, -29.423261331704325], [-51.976333645899174, -29.42325238317184]], [[-51.97645725226745, -29.423242452441507], [-51.97639540593611, -29.423242905779937], [-51.97641584877394, -29.423224706506385], [-51.97645725226745, -29.423242452441507]], [[-51.97647778140239, -29.423233277240534], [-51.9764776950939, -29.423224253158708], [-51.97649831053356, -29.423224102036446], [-51.97647778140239, -29.423233277240534]], [[-51.97649822422327, -29.423215077954687], [-51.97650853194215, -29.423215002392386], [-51.97650861825334, -29.42322402647413], [-51.97649822422327, -29.423215077954687]], [[-51.976539455098504, -29.4232147757007], [-51.97653936878462, -29.423205751619022], [-51.97654967650241, -29.423205676053556], [-51.976539455098504, -29.4232147757007]], [[-51.97658059965557, -29.42320544935238], [-51.97658051333808, -29.42319642527081], [-51.97659082105481, -29.42319634970219], [-51.97658059965557, -29.42320544935238]], [[-51.97665249470674, -29.423177848110885], [-51.97665266735434, -29.423195896273697], [-51.976611436488135, -29.423196198562533], [-51.97665249470674, -29.423177848110885]], [[-51.97666288874606, -29.423186796618104], [-51.97666280242137, -29.42317777253674], [-51.97668341785051, -29.42317762138604], [-51.97666288874606, -29.423186796618104]], [[-51.97669372556502, -29.4231775458095], [-51.976693639237645, -29.423168521728194], [-51.97670394695121, -29.423168446150868], [-51.97669372556502, -29.4231775458095]], [[-51.976755485518424, -29.42316806825235], [-51.97671425466473, -29.423168370572785], [-51.97673469742972, -29.423150171251727], [-51.976755485518424, -29.42316806825235]]]}}, {"id": "1384", "type": "Feature", "properties": {"id": 16054, "codigo": "2071", "numero": null, "fl_rural": 0, "Destinação": "NÃO ATRIBUÍDO"}, "geometry": {"type": "Polygon", "coordinates": [[[-51.97815022816836, -29.429691611211037], [-51.978256257642634, -29.42970438307896], [-51.97833543227095, -29.42976871802843], [-51.97844792552615, -29.429881942348374], [-51.978387237435584, -29.42948008443121], [-51.97802963279953, -29.429196249371284], [-51.977542918950384, -29.427891240067822], [-51.977475193790255, -29.427278056996897], [-51.97796514018976, -29.42668508596464], [-51.97783384814983, -29.425815710355252], [-51.97776325094018, -29.42582949739089], [-51.977804660238874, -29.425906311121054], [-51.9777418937885, -29.425980609327443], [-51.97768061748119, -29.425937010762386], [-51.97756235359357, -29.42596484503919], [-51.97750090072219, -29.426043067094366], [-51.97764939979879, -29.42607248887865], [-51.977588242818754, -29.426220103940345], [-51.97753510934756, -29.42637479854471], [-51.977470197931964, -29.42630515851268], [-51.97738726955187, -29.426366613080383], [-51.97739676014222, -29.426499372897513], [-51.9772849411084, -29.426550543930038], [-51.97770488591478, -29.429295710263716], [-51.977757300010595, -29.429401842466405], [-51.9778394841634, -29.42944419590636], [-51.97788494667184, -29.429545670630198], [-51.97815022816836, -29.429691611211037]]]}}, {"id": "1385", "type": "Feature", "properties": {"id": 16055, "codigo": "2103", "numero": null, "fl_rural": 0, "Destinação": "NÃO ATRIBUÍDO"}, "geometry": {"type": "Polygon", "coordinates": [[[-51.97738070071742, -29.426491447556874], [-51.977371352145305, -29.426360673575985], [-51.977472224343316, -29.426285921553244], [-51.97752868450164, -29.426346494572748], [-51.977573559588194, -29.42621584392494], [-51.97762888550661, -29.426082303375058], [-51.97747522680504, -29.42605185929889], [-51.977552840184856, -29.42595306685854], [-51.977684236007775, -29.425922141804854], [-51.97773908587216, -29.425961167972883], [-51.977786730992385, -29.425904769283747], [-51.97774739968654, -29.425831810065866], [-51.977165498837856, -29.425769701360938], [-51.977282757432434, -29.426536268783536], [-51.97738070071742, -29.426491447556874]]]}}, {"id": "1386", "type": "Feature", "properties": {"id": 16055, "codigo": "2103", "numero": null, "fl_rural": 0, "Destinação": "NÃO ATRIBUÍDO"}, "geometry": {"type": "Polygon", "coordinates": [[[-51.97740708775234, -29.42298972040512], [-51.977385528085485, -29.423002822741957], [-51.977313213193206, -29.42299245281392], [-51.97727377981779, -29.423035253935026], [-51.977170516927174, -29.423043641779078], [-51.97710622497888, -29.42309098531276], [-51.97709524402479, -29.423093886675776], [-51.97710542956739, -29.42311135353226], [-51.977084814154225, -29.42311150474794], [-51.977094566194154, -29.42309406577067], [-51.97702695778927, -29.423111929111375], [-51.97706419874089, -29.42311165596046], [-51.97702305427008, -29.423120982456375], [-51.97702297769716, -29.42311298072236], [-51.976920063537634, -29.4231307625202], [-51.976920008507925, -29.423125011408814], [-51.97683790052367, -29.423131495256897], [-51.97687900538832, -29.423149113052904], [-51.97681715912128, -29.423149566585817], [-51.97683741675227, -29.423131532046657], [-51.9767627273401, -29.42313661923993], [-51.97691593127877, -29.424138176087954], [-51.97751785908921, -29.423723245157362], [-51.97740708775234, -29.42298972040512]], [[-51.9767760146104, -29.42315889300626], [-51.976775928275806, -29.423149868925158], [-51.97679654369863, -29.42314971775709], [-51.9767760146104, -29.42315889300626]], [[-51.976796457362255, -29.423140693676018], [-51.97680676507269, -29.423140618090816], [-51.97680685140998, -29.423149642171843], [-51.976796457362255, -29.423140693676018]], [[-51.97712595861503, -29.423102178233155], [-51.9771258722497, -29.423093154152905], [-51.97714648765891, -29.42309300293095], [-51.97712595861503, -29.423102178233155]], [[-51.977156795363456, -29.423092927318784], [-51.97715670899544, -29.4230839032386], [-51.97717732440259, -29.423083752011937], [-51.977156795363456, -29.423092927318784]], [[-51.977187632106094, -29.42308367639738], [-51.97718754573539, -29.42307465231727], [-51.97720816114049, -29.423074501085857], [-51.977187632106094, -29.42308367639738]], [[-51.977208074768, -29.423065477005785], [-51.97721838246958, -29.423065401388918], [-51.97721846884298, -29.423074425468958], [-51.977208074768, -29.423065477005785]], [[-51.97724930557408, -29.42306517453351], [-51.97724921919797, -29.42305615045355], [-51.97725952689848, -29.42305607483349], [-51.97724930557408, -29.42306517453351]], [[-51.977280142299385, -29.423055923591033], [-51.97728005592059, -29.42304689951114], [-51.97729036362008, -29.423046823888733], [-51.977280142299385, -29.423055923591033]], [[-51.97730067131952, -29.423046748265524], [-51.977300584938945, -29.423037724185704], [-51.977310892637426, -29.423037648561714], [-51.97730067131952, -29.423046748265524]], [[-51.97740348914284, -29.423018919750927], [-51.97738287375017, -29.423019071012327], [-51.977393008669274, -29.423000947222757], [-51.97740348914284, -29.423018919750927]]]}}, {"id": "1387", "type": "Feature", "properties": {"id": 30599, "codigo": "1080", "numero": null, "fl_rural": 0, "Destinação": "NÃO ATRIBUÍDO"}, "geometry": {"type": "Polygon", "coordinates": [[[-51.974237362504454, -29.42662479068459], [-51.97407394695328, -29.426802930587357], [-51.97379934161142, -29.427009050786424], [-51.9739338109798, -29.427930074483335], [-51.97399698612966, -29.427926241810173], [-51.97422574747219, -29.42813213714391], [-51.97461758515587, -29.42916757653054], [-51.974237362504454, -29.42662479068459]]]}}, {"id": "1388", "type": "Feature", "properties": {"id": 27929, "codigo": "0406", "numero": null, "fl_rural": 0, "Destinação": "NÃO ATRIBUÍDO"}, "geometry": {"type": "Polygon", "coordinates": [[[-51.973507982148256, -29.42767672962255], [-51.97355035419682, -29.427972215617675], [-51.97367820776501, -29.427958164892118], [-51.97363583535459, -29.427662678945463], [-51.973507982148256, -29.42767672962255]]]}}, {"id": "1389", "type": "Feature", "properties": {"id": 27930, "codigo": "0419", "numero": null, "fl_rural": 0, "Destinação": "NÃO ATRIBUÍDO"}, "geometry": {"type": "Polygon", "coordinates": [[[-51.97363583535459, -29.427662678945463], [-51.97367820776501, -29.427958164892118], [-51.97380606129437, -29.427944114044603], [-51.97376368852209, -29.42764862814642], [-51.97363583535459, -29.427662678945463]]]}}, {"id": "1390", "type": "Feature", "properties": {"id": 29611, "codigo": "0929", "numero": null, "fl_rural": 0, "Destinação": "NÃO ATRIBUÍDO"}, "geometry": {"type": "Polygon", "coordinates": [[[-51.974965556456276, -29.42553311403094], [-51.97486813081238, -29.42560107195478], [-51.974854653469635, -29.425719336580755], [-51.97464048940118, -29.426195717080894], [-51.97452234549637, -29.42628424413716], [-51.97449878378899, -29.42633682248649], [-51.974237617963986, -29.42662628061322], [-51.974617644195305, -29.429167732543526], [-51.97462762719725, -29.42919411283779], [-51.97491893232798, -29.429471746865577], [-51.97496340131233, -29.42933749867934], [-51.97483507402245, -29.42904816134675], [-51.97483684463443, -29.428996719367746], [-51.974781167651415, -29.428552905834817], [-51.97477803111847, -29.428077309867778], [-51.97487221658528, -29.427803992340856], [-51.97488296241142, -29.427417333428284], [-51.974959113215, -29.427044417631794], [-51.9749563005163, -29.426962252336633], [-51.974915960894684, -29.42664886891849], [-51.97493551195882, -29.42618220016618], [-51.97498314599107, -29.425997618313342], [-51.97504074524539, -29.4259048383231], [-51.975072758026165, -29.425821409485835], [-51.97508509198601, -29.42576280584523], [-51.97506948344467, -29.425588357332945], [-51.974965556456276, -29.42553311403094]]]}}, {"id": "1391", "type": "Feature", "properties": {"id": 29607, "codigo": "0987", "numero": null, "fl_rural": 0, "Destinação": "NÃO ATRIBUÍDO"}, "geometry": {"type": "Polygon", "coordinates": [[[-51.97509398735285, -29.425599674718725], [-51.975103235452956, -29.42576447309593], [-51.97507287566316, -29.42588721448546], [-51.97500265586283, -29.426003920775635], [-51.97495604457835, -29.42618453961722], [-51.974936613727145, -29.426648339437502], [-51.97497990508675, -29.427045161414394], [-51.97490341554019, -29.427419138570265], [-51.97489276062653, -29.427806867509414], [-51.97479866579078, -29.428079922038332], [-51.97480177836644, -29.42855186578819], [-51.97485749594617, -29.428996002459606], [-51.97485501166286, -29.42906818122393], [-51.974968129257356, -29.429323225404296], [-51.97523957417466, -29.42850375564712], [-51.97563745605233, -29.42806765573865], [-51.975725077191434, -29.428163996640674], [-51.97536627101963, -29.425742030637657], [-51.97509398735285, -29.425599674718725]]]}}, {"id": "1392", "type": "Feature", "properties": {"id": 16048, "codigo": "1769", "numero": "0", "fl_rural": 0, "Destinação": "NÃO ATRIBUÍDO"}, "geometry": {"type": "Polygon", "coordinates": [[[-51.97484028314737, -29.42350839035915], [-51.97456902317683, -29.423525755323197], [-51.97437442764203, -29.423544781045276], [-51.974150711115584, -29.423540916625164], [-51.9740326546726, -29.423514958343265], [-51.97401681775513, -29.423522036041074], [-51.9740167316631, -29.423513011953034], [-51.97402427085381, -29.423512956825668], [-51.97400621960369, -29.42350864734627], [-51.97399611614984, -29.423513162692622], [-51.97399604991129, -29.423506219476742], [-51.97397367676021, -29.423500534695634], [-51.97396510679224, -29.423504364707835], [-51.97396504657342, -29.423498052284437], [-51.97394440519485, -29.423495491351137], [-51.97391636567858, -29.423484049574867], [-51.97391339584675, -29.423486693354057], [-51.97391336238647, -29.423483185699475], [-51.9738148596493, -29.423450233511424], [-51.97379758551725, -29.423439983548693], [-51.97378927243421, -29.42344247720347], [-51.97378790046, -29.423434236720123], [-51.97423334182685, -29.42659790126252], [-51.97447513903096, -29.42632451716319], [-51.974499461814794, -29.426270240394025], [-51.97461761483373, -29.42618170652259], [-51.97482885285193, -29.42571183497683], [-51.974842910050526, -29.425588481856234], [-51.97493338191617, -29.425525374550737], [-51.97494075078549, -29.425512617790258], [-51.97477482792256, -29.42527994023273], [-51.97459480731094, -29.42499617335371], [-51.97441887943153, -29.42466163633611], [-51.97445760683365, -29.424582459960874], [-51.9747965890812, -29.424391211361204], [-51.97505524326278, -29.424122806253084], [-51.97506497189862, -29.4240032857122], [-51.97510119782698, -29.423830462151567], [-51.97509337050352, -29.42377675309029], [-51.974938027142315, -29.42361203380397], [-51.97493515592352, -29.423614589838394], [-51.97492869577592, -29.423602139232372], [-51.97492476198689, -29.423605641194424], [-51.974919364410006, -29.42359224466126], [-51.974914368052076, -29.423596692549566], [-51.97491003304457, -29.423582350090655], [-51.974903974119094, -29.42358774390384], [-51.97490659075441, -29.42357870003717], [-51.974889685388945, -29.423560774329147], [-51.974883100089826, -29.423560822524177], [-51.97488303226627, -29.423553719649693], [-51.97486972706505, -29.42353961139793], [-51.974862312238486, -29.423542925226613], [-51.97486220443076, -29.423531634726494], [-51.974844713499564, -29.423513088110276], [-51.97484143822953, -29.42351600383977], [-51.97484028314737, -29.42350839035915]], [[-51.97403751936391, -29.423530909386216], [-51.97403743327005, -29.423521885298236], [-51.9740580487848, -29.423521734552228], [-51.97403751936391, -29.423530909386216]]]}}, {"id": "1393", "type": "Feature", "properties": {"id": 29608, "codigo": "1177", "numero": null, "fl_rural": 0, "Destinação": "NÃO ATRIBUÍDO"}, "geometry": {"type": "Polygon", "coordinates": [[[-51.97509110548179, -29.4240077886352], [-51.975080899725825, -29.424133172147602], [-51.97481592371962, -29.424408137337547], [-51.9744796456789, -29.424597860429458], [-51.9744470057831, -29.42466459105564], [-51.97461877827228, -29.42499122625572], [-51.974798382176296, -29.42527433608355], [-51.974986950881984, -29.425522665740434], [-51.97536298911994, -29.425719876709817], [-51.97511519968381, -29.424047183505262], [-51.97512357329661, -29.423949000596316], [-51.97511359303946, -29.423880518853917], [-51.97509110548179, -29.4240077886352]]]}}, {"id": "1394", "type": "Feature", "properties": {"id": 27936, "codigo": "0394", "numero": null, "fl_rural": 0, "Destinação": "NÃO ATRIBUÍDO"}, "geometry": {"type": "Polygon", "coordinates": [[[-51.973347772070355, -29.42783562033054], [-51.97320448610642, -29.42801022484197], [-51.97355035419682, -29.427972215617675], [-51.973507982148256, -29.42767672962255], [-51.973347772070355, -29.42783562033054]]]}}, {"id": "1395", "type": "Feature", "properties": {"id": 27928, "codigo": "0360", "numero": "0", "fl_rural": 0, "Destinação": "ÁREA DE RECREAÇÃO PÚBLICA E INSTITUCIONAL"}, "geometry": {"type": "Polygon", "coordinates": [[[-51.973236205914596, -29.427454997314545], [-51.97291567009857, -29.427866961015702], [-51.9727492366264, -29.427978945134402], [-51.97279313398587, -29.428285083580537], [-51.97315175370535, -29.42807448298314], [-51.973347772070355, -29.42783562033054], [-51.973507982148256, -29.42767672962255], [-51.973890675786734, -29.42763467235954], [-51.97379934171536, -29.427009050875917], [-51.973236205914596, -29.427454997314545]]]}}, {"id": "1396", "type": "Feature", "properties": {"id": 27937, "codigo": "0570", "numero": "0", "fl_rural": 0, "Destinação": "ÁREA DE RECREAÇÃO PÚBLICA E INSTITUCIONAL"}, "geometry": {"type": "Polygon", "coordinates": [[[-51.97274878983611, -29.427975829456415], [-51.97290807942401, -29.427860686346545], [-51.97322838906386, -29.427449013377316], [-51.973798098302005, -29.42700066896853], [-51.97374942516806, -29.426667334487032], [-51.97357128439456, -29.426816494330854], [-51.97321552375934, -29.42713499274348], [-51.97287147837955, -29.427472516113937], [-51.97270560315841, -29.42767464604119], [-51.97274878983611, -29.427975829456415]]]}}, {"id": "1397", "type": "Feature", "properties": {"id": 27924, "codigo": "0634", "numero": "0", "fl_rural": 0, "Destinação": "ÁREA DE RECREAÇÃO PÚBLICA"}, "geometry": {"type": "Polygon", "coordinates": [[[-51.97335846738656, -29.42612487037834], [-51.97315456579222, -29.426133795963832], [-51.973247695673365, -29.426773696550676], [-51.97283299724856, -29.426819950862726], [-51.97286470540395, -29.427023020755495], [-51.972669670416245, -29.427424048825362], [-51.97270560315841, -29.42767464604119], [-51.97287147837955, -29.427472516113937], [-51.97321552375934, -29.42713499274348], [-51.97329859538605, -29.42694238514108], [-51.97339410389026, -29.4268026027407], [-51.97347491595974, -29.42650005478283], [-51.97354885888116, -29.42642282269521], [-51.97367379823839, -29.426149404057536], [-51.97366520386829, -29.426090545150874], [-51.97335846738656, -29.42612487037834]]]}}, {"id": "1398", "type": "Feature", "properties": {"id": 27940, "codigo": "0275", "numero": null, "fl_rural": 0, "Destinação": "NÃO ATRIBUÍDO"}, "geometry": {"type": "Polygon", "coordinates": [[[-51.972830870968544, -29.426695328406595], [-51.97282399342074, -29.426647902782673], [-51.97280981094191, -29.426671457809498], [-51.972813851291306, -29.426697333591523], [-51.972830870968544, -29.426695328406595]]]}}, {"id": "1399", "type": "Feature", "properties": {"id": 29640, "codigo": "0138", "numero": "0", "fl_rural": 0, "Destinação": "ÁREA INSTITUCIONAL"}, "geometry": {"type": "Polygon", "coordinates": [[[-51.9765311467261, -29.42824657999793], [-51.97657197126114, -29.42852344135161], [-51.97677645387879, -29.428591765561603], [-51.976803976748556, -29.428624513782], [-51.97674453478271, -29.428222405924334], [-51.9765311467261, -29.42824657999793]]]}}, {"id": "1400", "type": "Feature", "properties": {"id": 29638, "codigo": "0126", "numero": "0", "fl_rural": 0, "Destinação": "ÁREA INSTITUCIONAL"}, "geometry": {"type": "Polygon", "coordinates": [[[-51.97621654212792, -29.42789726604216], [-51.976295216719045, -29.428430968770478], [-51.97657197051495, -29.42852344110229], [-51.97653114569613, -29.428246580095752], [-51.97674453375274, -29.42822240602213], [-51.97671586955846, -29.428028491779187], [-51.976603802601076, -29.427875113384328], [-51.97657972291649, -29.42785596289294], [-51.97621654212792, -29.42789726604216]]]}}, {"id": "1401", "type": "Feature", "properties": {"id": 29639, "codigo": "0143", "numero": null, "fl_rural": 0, "Destinação": "NÃO ATRIBUÍDO"}, "geometry": {"type": "Polygon", "coordinates": [[[-51.97686408781416, -29.428696037225617], [-51.976701366798196, -29.427598782142535], [-51.97610187666324, -29.42711939500251], [-51.97616149471154, -29.42752383526283], [-51.976603802601076, -29.427875113384328], [-51.97671586955846, -29.428028491779187], [-51.97680397601721, -29.42862451291179], [-51.97686408781416, -29.428696037225617]]]}}, {"id": "1402", "type": "Feature", "properties": {"id": 29637, "codigo": "0130", "numero": "0", "fl_rural": 0, "Destinação": "ÁREA INSTITUCIONAL"}, "geometry": {"type": "Polygon", "coordinates": [[[-51.97616150961743, -29.427523841651368], [-51.97621654212792, -29.42789726604216], [-51.97657973782243, -29.427855969281456], [-51.97616150961743, -29.427523841651368]]]}}, {"id": "1403", "type": "Feature", "properties": {"id": 28881, "codigo": "0114", "numero": null, "fl_rural": 0, "Destinação": "NÃO ATRIBUÍDO"}, "geometry": {"type": "Polygon", "coordinates": [[[-51.976295216719045, -29.428430968770478], [-51.97557640585918, -29.423534771552465], [-51.975070175997395, -29.423582602015745], [-51.9750918953008, -29.423731634308698], [-51.97510128678003, -29.42373971985486], [-51.97509308240483, -29.42373977991225], [-51.97512357329661, -29.423949000596316], [-51.97511519968381, -29.424047183505262], [-51.97572508109454, -29.42816400093218], [-51.97582498801826, -29.428273850259057], [-51.976295216719045, -29.428430968770478]]]}}, {"id": "1404", "type": "Feature", "properties": {"id": 16041, "codigo": "1610", "numero": "0", "fl_rural": 0, "Destinação": "NÃO ATRIBUÍDO"}, "geometry": {"type": "Polygon", "coordinates": [[[-51.97555454859175, -29.423403755290384], [-51.97557234016723, -29.423411381063474], [-51.97555587548237, -29.42341150164193], [-51.97609342633436, -29.427062702139857], [-51.97669238835376, -29.42753869287063], [-51.97606676509392, -29.423319019907265], [-51.97596727304548, -29.4233385708729], [-51.975994439939676, -29.423354140776276], [-51.97594290126681, -29.423354518382535], [-51.97595898557281, -29.4233401994261], [-51.97593253025347, -29.423347974066445], [-51.97593267979291, -29.42336361798452], [-51.97588764215218, -29.42336394793912], [-51.975815335393634, -29.423380589724932], [-51.97561628922954, -29.42339839839996], [-51.97555126278019, -29.42338457281132], [-51.97555454859175, -29.423403755290384]], [[-51.976056200074126, -29.42334466353966], [-51.97601496914051, -29.423344965645285], [-51.97603541206782, -29.423326766428342], [-51.976056200074126, -29.42334466353966]]]}}, {"id": "1405", "type": "Feature", "properties": {"id": 27931, "codigo": "0431", "numero": null, "fl_rural": 0, "Destinação": "NÃO ATRIBUÍDO"}, "geometry": {"type": "Polygon", "coordinates": [[[-51.97376368852209, -29.42764862814642], [-51.97380606129437, -29.427944114044603], [-51.9739338109798, -29.427930074483335], [-51.973890675786734, -29.42763467235954], [-51.97376368852209, -29.42764862814642]]]}}, {"id": "1406", "type": "Feature", "properties": {"id": 27927, "codigo": "0628", "numero": "0", "fl_rural": 0, "Destinação": "ÁREA DE RECREAÇÃO PÚBLICA"}, "geometry": {"type": "Polygon", "coordinates": [[[-51.97347491595974, -29.42650005478283], [-51.97339410389026, -29.4268026027407], [-51.97329859538605, -29.42694238514108], [-51.97321552375934, -29.42713499274348], [-51.97357128439456, -29.426816494330854], [-51.97374942516806, -29.426667334487032], [-51.97367379823839, -29.426149404057536], [-51.97354885888116, -29.42642282269521], [-51.97347491595974, -29.42650005478283]]]}}, {"id": "1407", "type": "Feature", "properties": {"id": 27925, "codigo": "0986", "numero": null, "fl_rural": 0, "Destinação": "NÃO ATRIBUÍDO"}, "geometry": {"type": "Polygon", "coordinates": [[[-51.97334278302416, -29.426017451629264], [-51.97335846738656, -29.42612487037834], [-51.97366520386829, -29.426090545150874], [-51.973649518984374, -29.425983126446198], [-51.97334278302416, -29.426017451629264]]]}}, {"id": "1408", "type": "Feature", "properties": {"id": 27926, "codigo": "0974", "numero": null, "fl_rural": 0, "Destinação": "NÃO ATRIBUÍDO"}, "geometry": {"type": "Polygon", "coordinates": [[[-51.97332709859415, -29.425910032786383], [-51.97334278302416, -29.426017451629264], [-51.973649518984374, -29.425983126446198], [-51.973633834135946, -29.425875707646973], [-51.97332709859415, -29.425910032786383]]]}}, {"id": "1409", "type": "Feature", "properties": {"id": 27923, "codigo": "0962", "numero": null, "fl_rural": 0, "Destinação": "NÃO ATRIBUÍDO"}, "geometry": {"type": "Polygon", "coordinates": [[[-51.97333449693526, -29.42580003097345], [-51.97331561585867, -29.425831389685204], [-51.97332709859415, -29.425910032786383], [-51.973633834135946, -29.425875707646973], [-51.97361814932474, -29.42576828893367], [-51.97333449693526, -29.42580003097345]]]}}, {"id": "1410", "type": "Feature", "properties": {"id": 27920, "codigo": "0950", "numero": null, "fl_rural": 0, "Destinação": "NÃO ATRIBUÍDO"}, "geometry": {"type": "Polygon", "coordinates": [[[-51.9736024645499, -29.42566087021605], [-51.97340497949142, -29.42568296973739], [-51.97333449693526, -29.42580003097345], [-51.97361814932474, -29.42576828893367], [-51.9736024645499, -29.42566087021605]]]}}, {"id": "1411", "type": "Feature", "properties": {"id": 27921, "codigo": "0895", "numero": null, "fl_rural": 0, "Destinação": "NÃO ATRIBUÍDO"}, "geometry": {"type": "Polygon", "coordinates": [[[-51.97343554965166, -29.42542876414129], [-51.97347157845782, -29.42567551705304], [-51.9736024645499, -29.42566087021605], [-51.973564037322525, -29.42539769680559], [-51.97343554965166, -29.42542876414129]]]}}, {"id": "1412", "type": "Feature", "properties": {"id": 16050, "codigo": "1809", "numero": "0", "fl_rural": 0, "Destinação": "NÃO ATRIBUÍDO"}, "geometry": {"type": "Polygon", "coordinates": [[[-51.97329902715309, -29.423338977774698], [-51.97333478504393, -29.423346526965705], [-51.97330111615054, -29.423354157900004], [-51.973801879651276, -29.42699305785677], [-51.97407268975172, -29.426793516266013], [-51.97423334182685, -29.42659790126252], [-51.97378790046, -29.423434236720123], [-51.973773680365866, -29.423405475027227], [-51.973757543135896, -29.423396526586437], [-51.97369462176709, -29.423387085331946], [-51.97364939692512, -29.42338851601243], [-51.97358399401219, -29.423382393273357], [-51.9735550096513, -29.423373804024013], [-51.97354481058116, -29.423358476708746], [-51.97354711381475, -29.423336457160868], [-51.97353550079051, -29.423304638210045], [-51.9734822961594, -29.423259921495575], [-51.973437008438154, -29.423254751793117], [-51.973414495681446, -29.423265917618853], [-51.9734047580172, -29.423298992804217], [-51.9734212608102, -29.423316474382986], [-51.97340515656669, -29.4233407950059], [-51.973340947283795, -29.423328062564558], [-51.97329450848614, -29.423306141961046], [-51.97329902715309, -29.423338977774698]], [[-51.973345092785785, -29.423346451647863], [-51.97340693923609, -29.42334599972405], [-51.97339680356776, -29.42336412322655], [-51.973345092785785, -29.423346451647863]], [[-51.97341733301613, -29.42335494849055], [-51.97341724697767, -29.423345924400646], [-51.97345847794362, -29.42334562309897], [-51.97341733301613, -29.42335494849055]], [[-51.97346895777104, -29.423363595951063], [-51.973468871728, -29.423354571861335], [-51.97347917947026, -29.423354496533083], [-51.97346895777104, -29.423363595951063]], [[-51.97353114842386, -29.423399240327672], [-51.973520840677246, -29.42339931566002], [-51.9735207546295, -29.42339029157047], [-51.97353114842386, -29.423399240327672]], [[-51.973500139137975, -29.423390442232755], [-51.97350005309208, -29.423381418143126], [-51.973520668581784, -29.42338126748092], [-51.9735207546295, -29.42339029157047], [-51.973500139137975, -29.423390442232755]], [[-51.97348974534717, -29.42338149347305], [-51.97348965930223, -29.42337246938339], [-51.97349996704624, -29.42337239405352], [-51.97348974534717, -29.42338149347305]], [[-51.97354145617044, -29.423399164994517], [-51.97354137012088, -29.423390140905006], [-51.973551677866496, -29.423390065571088], [-51.97354145617044, -29.423399164994517]], [[-51.97358277320961, -29.42340788774328], [-51.973582687156345, -29.423398863653897], [-51.97367545687235, -29.423398185590923], [-51.97358277320961, -29.42340788774328]], [[-51.97375817704579, -29.423424655080677], [-51.97370646617449, -29.423406983644583], [-51.97373738941483, -29.423406757601978], [-51.97375817704579, -29.423424655080677]], [[-51.973768570863996, -29.423433603818715], [-51.97376848479423, -29.423424579729883], [-51.973778792542625, -29.423424504378307], [-51.973768570863996, -29.423433603818715]]]}}, {"id": "1413", "type": "Feature", "properties": {"id": 27986, "codigo": "0278", "numero": null, "fl_rural": 0, "Destinação": "NÃO ATRIBUÍDO"}, "geometry": {"type": "Polygon", "coordinates": [[[-51.97325171537282, -29.424773121363607], [-51.973350887777634, -29.42516472799022], [-51.97352444521198, -29.425126543476452], [-51.97346928600043, -29.424748774250762], [-51.97325171537282, -29.424773121363607]]]}}, {"id": "1414", "type": "Feature", "properties": {"id": 27994, "codigo": "0183", "numero": null, "fl_rural": 0, "Destinação": "NÃO ATRIBUÍDO"}, "geometry": {"type": "Polygon", "coordinates": [[[-51.97346928600043, -29.424748774250762], [-51.973440531222735, -29.424551839811713], [-51.97317325941324, -29.424581748481803], [-51.97321291350751, -29.424619902657202], [-51.97325171537282, -29.424773121363607], [-51.97346928600043, -29.424748774250762]]]}}, {"id": "1415", "type": "Feature", "properties": {"id": 27993, "codigo": "0161", "numero": "0", "fl_rural": 0, "Destinação": "ÁREA DE RECREAÇÃO PÚBLICA"}, "geometry": {"type": "Polygon", "coordinates": [[[-51.973440531222735, -29.424551839811713], [-51.973426249164774, -29.424454024828712], [-51.97296001320413, -29.42437656832532], [-51.97317325941324, -29.424581748481803], [-51.973440531222735, -29.424551839811713]]]}}, {"id": "1416", "type": "Feature", "properties": {"id": 27993, "codigo": "0161", "numero": "0", "fl_rural": 0, "Destinação": "ÁREA DE RECREAÇÃO PÚBLICA"}, "geometry": {"type": "Polygon", "coordinates": [[[-51.97262324376085, -29.4243206202953], [-51.97220670252004, -29.424195171298887], [-51.97223895433917, -29.424420113063395], [-51.97265481078379, -29.42432586457379], [-51.97262324376085, -29.4243206202953]]]}}, {"id": "1417", "type": "Feature", "properties": {"id": 27992, "codigo": "0170", "numero": "0", "fl_rural": 0, "Destinação": "ÁREA DE RECREAÇÃO PÚBLICA"}, "geometry": {"type": "Polygon", "coordinates": [[[-51.97265481078379, -29.42432586457379], [-51.97285917813898, -29.424279547353507], [-51.97296001320413, -29.42437656832532], [-51.973426249164774, -29.424454024828712], [-51.97328879853202, -29.423512645239448], [-51.972888365988574, -29.423446120244776], [-51.97206369586024, -29.423197753689458], [-51.97220670252004, -29.424195171298887], [-51.97262324376085, -29.4243206202953], [-51.97265481078379, -29.42432586457379]]]}}, {"id": "1419", "type": "Feature", "properties": {"id": 30720, "codigo": "0202", "numero": "0", "fl_rural": 0, "Destinação": "ÁREA DE RECREAÇÃO PÚBLICA"}, "geometry": {"type": "Polygon", "coordinates": [[[-51.972216721860654, -29.424265052199278], [-51.97211926315671, -29.42424693141623], [-51.97208254890201, -29.424364092113667], [-51.97197283865737, -29.424408907513012], [-51.972000271469454, -29.42445086983318], [-51.971992471363535, -29.424475975244857], [-51.97223895433917, -29.424420113063395], [-51.972216721860654, -29.424265052199278]]]}}, {"id": "1420", "type": "Feature", "properties": {"id": 30715, "codigo": "0153", "numero": "0", "fl_rural": 0, "Destinação": "ÁREA DE RECREAÇÃO PÚBLICA"}, "geometry": {"type": "Polygon", "coordinates": [[[-51.97141910752005, -29.424116747398294], [-51.97146921396201, -29.42445995598598], [-51.97157011775508, -29.424465106287297], [-51.97160961366414, -29.424460686985604], [-51.97161056023422, -29.42446717054026], [-51.9717171685172, -29.424472612008433], [-51.97173115061523, -29.424427609433664], [-51.97161336885966, -29.424350624887218], [-51.97155246633656, -29.42414154389279], [-51.97141910752005, -29.424116747398294]]]}}, {"id": "1421", "type": "Feature", "properties": {"id": 30716, "codigo": "0184", "numero": "0", "fl_rural": 0, "Destinação": "ÁREA DE PRESERVAÇÃO PERMANENTE"}, "geometry": {"type": "Polygon", "coordinates": [[[-51.97155246633656, -29.42414154389279], [-51.97161336885966, -29.424350624887218], [-51.97173115061523, -29.424427609433664], [-51.97174296075743, -29.424389597796655], [-51.97183882451527, -29.424341565488632], [-51.97194540597126, -29.42436694518568], [-51.97197283865737, -29.424408907513012], [-51.97208254890201, -29.424364092113667], [-51.97211926315671, -29.42424693141623], [-51.972216721860654, -29.424265052199278], [-51.972080823734856, -29.423317215002704], [-51.97128066156588, -29.423168433992046], [-51.97141910752005, -29.424116747398294], [-51.97155246633656, -29.42414154389279]]]}}, {"id": "1422", "type": "Feature", "properties": {"id": 32200, "codigo": "0684", "numero": null, "fl_rural": 0, "Destinação": "NÃO ATRIBUÍDO"}, "geometry": {"type": "Polygon", "coordinates": [[[-51.94798568189898, -29.43293057521029], [-51.9482517688642, -29.433066601204363], [-51.948456519131845, -29.432911722640856], [-51.94841308918554, -29.432785212980942], [-51.94797303092335, -29.43288977453043], [-51.94798568189898, -29.43293057521029]]]}}, {"id": "1423", "type": "Feature", "properties": {"id": 32199, "codigo": "0168", "numero": "0", "fl_rural": 0, "Destinação": "ÁREA DE RECREAÇÃO PÚBLICA"}, "geometry": {"type": "Polygon", "coordinates": [[[-51.94797303092335, -29.43288977453043], [-51.947927180383225, -29.432900668721512], [-51.94798568189898, -29.43293057521029], [-51.94797303092335, -29.43288977453043]]]}}, {"id": "1424", "type": "Feature", "properties": {"id": 32199, "codigo": "0168", "numero": "0", "fl_rural": 0, "Destinação": "ÁREA DE RECREAÇÃO PÚBLICA"}, "geometry": {"type": "Polygon", "coordinates": [[[-51.94776838572069, -29.432488149864337], [-51.94843497518725, -29.432329765019116], [-51.94838749465343, -29.43217663596188], [-51.94762482571853, -29.43235784939945], [-51.947671780444416, -29.432770106029217], [-51.947890474783094, -29.43288190449628], [-51.94776838572069, -29.432488149864337]]]}}, {"id": "1425", "type": "Feature", "properties": {"id": 38242, "codigo": "1492", "numero": null, "fl_rural": 0, "Destinação": null}, "geometry": {"type": "Polygon", "coordinates": [[[-51.946187619013955, -29.431699394013695], [-51.94603786409715, -29.431695743225962], [-51.94613015624694, -29.43199426636488], [-51.94626606218512, -29.43195312089052], [-51.946187619013955, -29.431699394013695]]]}}, {"id": "1426", "type": "Feature", "properties": {"id": 38242, "codigo": "1492", "numero": null, "fl_rural": 0, "Destinação": null}, "geometry": {"type": "Polygon", "coordinates": [[[-51.94554474311315, -29.429619991918393], [-51.94540230162927, -29.429639987635458], [-51.94587454298676, -29.431167473696703], [-51.94597640838328, -29.431169536440493], [-51.94601484138208, -29.431140539389833], [-51.94554474311315, -29.429619991918393]]]}}, {"id": "1427", "type": "Feature", "properties": {"id": 38243, "codigo": "1530", "numero": null, "fl_rural": 0, "Destinação": null}, "geometry": {"type": "Polygon", "coordinates": [[[-51.94554474311315, -29.429619991918393], [-51.94601484138208, -29.431140539389833], [-51.94619654859722, -29.431003444354644], [-51.945754921105824, -29.429590487154137], [-51.94554474311315, -29.429619991918393]]]}}, {"id": "1428", "type": "Feature", "properties": {"id": 38243, "codigo": "1530", "numero": null, "fl_rural": 0, "Destinação": null}, "geometry": {"type": "Polygon", "coordinates": [[[-51.94626606218512, -29.43195312089052], [-51.94647372499798, -29.431890251047903], [-51.94641581029126, -29.431704956955695], [-51.946187619013955, -29.431699394013695], [-51.94626606218512, -29.43195312089052]]]}}, {"id": "1429", "type": "Feature", "properties": {"id": 38240, "codigo": "1412", "numero": null, "fl_rural": 0, "Destinação": null}, "geometry": {"type": "Polygon", "coordinates": [[[-51.94603786409715, -29.431695743225962], [-51.94586050206653, -29.431691419420506], [-51.9459691958734, -29.43204299706064], [-51.94613015624694, -29.43199426636488], [-51.94603786409715, -29.431695743225962]]]}}, {"id": "1430", "type": "Feature", "properties": {"id": 38240, "codigo": "1412", "numero": null, "fl_rural": 0, "Destinação": null}, "geometry": {"type": "Polygon", "coordinates": [[[-51.94540230162927, -29.429639987635458], [-51.94523360243385, -29.429663669176115], [-51.945697409988064, -29.43116388680647], [-51.94587454298676, -29.431167473696703], [-51.94540230162927, -29.429639987635458]]]}}, {"id": "1431", "type": "Feature", "properties": {"id": 31788, "codigo": "0296", "numero": "0", "fl_rural": 0, "Destinação": "ÁREA DE RECREAÇÃO PÚBLICA"}, "geometry": {"type": "Polygon", "coordinates": [[[-51.94838749465343, -29.43217663596188], [-51.94831893539769, -29.43195552513487], [-51.94759852365649, -29.432126698008606], [-51.94762479773912, -29.43235785609634], [-51.94838749465343, -29.43217663596188]]]}}, {"id": "1432", "type": "Feature", "properties": {"id": 32201, "codigo": "0599", "numero": "0", "fl_rural": 0, "Destinação": "ÁREA DE RECREAÇÃO PÚBLICA E INSTITUCIONAL"}, "geometry": {"type": "Polygon", "coordinates": [[[-51.94841308918554, -29.432785212980942], [-51.94830817129773, -29.432479591458527], [-51.94844199339574, -29.43235239928742], [-51.94843497518725, -29.432329765019116], [-51.94776838572069, -29.432488149864337], [-51.947890474783094, -29.43288190449628], [-51.947927180383225, -29.432900668721512], [-51.94841308918554, -29.432785212980942]]]}}, {"id": "1433", "type": "Feature", "properties": {"id": 31833, "codigo": "0145", "numero": "0", "fl_rural": 0, "Destinação": "ÁREA DE RECREAÇÃO PÚBLICA"}, "geometry": {"type": "Polygon", "coordinates": [[[-51.94852985498778, -29.431905408761672], [-51.94845822205297, -29.431922429490385], [-51.948542063623044, -29.432192826788974], [-51.94863248994971, -29.4321713404739], [-51.94875781300153, -29.432052226282075], [-51.94890668332581, -29.431612963243186], [-51.94850733985267, -29.43170785181942], [-51.94852985498778, -29.431905408761672]]]}}, {"id": "1434", "type": "Feature", "properties": {"id": 38102, "codigo": "0990", "numero": null, "fl_rural": 0, "Destinação": "NÃO ATRIBUÍDO"}, "geometry": {"type": "Polygon", "coordinates": [[[-51.941222173312724, -29.43307536444317], [-51.941327858594754, -29.43310240554519], [-51.94149393001657, -29.433157822242062], [-51.94164022488465, -29.433164856993333], [-51.941766910737485, -29.433130404493745], [-51.94189040730721, -29.433078251628007], [-51.94211076163624, -29.432959118622296], [-51.94285351536392, -29.43283913275843], [-51.94249937405933, -29.430093038447232], [-51.94232382860562, -29.43013615637805], [-51.94232771710166, -29.430139505817653], [-51.942300749845074, -29.430141825043226], [-51.94229687484842, -29.430148748777693], [-51.94228185070806, -29.430146467098403], [-51.940932845846305, -29.430477813180385], [-51.94093914445372, -29.430483238730986], [-51.94092883589348, -29.43048331155746], [-51.940928794379325, -29.430478808312223], [-51.9408876848398, -29.430492627021483], [-51.94088765061338, -29.43048891415101], [-51.94087989319323, -29.43049081954872], [-51.941222173312724, -29.43307536444317]]]}}, {"id": "1435", "type": "Feature", "properties": {"id": 31832, "codigo": "0157", "numero": null, "fl_rural": 0, "Destinação": "NÃO ATRIBUÍDO"}, "geometry": {"type": "Polygon", "coordinates": [[[-51.94878392242106, -29.431642132820617], [-51.94890668332581, -29.431612963243186], [-51.94894805077121, -29.43149090271925], [-51.948770945965144, -29.43153298518546], [-51.94878392242106, -29.431642132820617]]]}}, {"id": "1436", "type": "Feature", "properties": {"id": 31831, "codigo": "0169", "numero": null, "fl_rural": 0, "Destinação": "NÃO ATRIBUÍDO"}, "geometry": {"type": "Polygon", "coordinates": [[[-51.948770945965144, -29.43153298518546], [-51.94894805077121, -29.43149090271925], [-51.94897856295507, -29.431400872186536], [-51.949061593833235, -29.431361857994823], [-51.94906041841594, -29.43135197152724], [-51.94875796943728, -29.431423837547403], [-51.948770945965144, -29.43153298518546]]]}}, {"id": "1437", "type": "Feature", "properties": {"id": 32202, "codigo": "0180", "numero": "0", "fl_rural": 0, "Destinação": "ÁREA INSTITUCIONAL"}, "geometry": {"type": "Polygon", "coordinates": [[[-51.94906041841594, -29.43135197152724], [-51.94904745569776, -29.431242942225133], [-51.94860935946981, -29.43104584545488], [-51.948460997122844, -29.43129716566988], [-51.94850733985267, -29.43170785181942], [-51.94878392242106, -29.431642132820617], [-51.94875796943728, -29.431423837547403], [-51.94906041841594, -29.43135197152724]]]}}, {"id": "1438", "type": "Feature", "properties": {"id": 31828, "codigo": "0241", "numero": null, "fl_rural": 0, "Destinação": "NÃO ATRIBUÍDO"}, "geometry": {"type": "Polygon", "coordinates": [[[-51.94949490277515, -29.431162803823707], [-51.94919165871313, -29.43123485986866], [-51.94919907738988, -29.431297257812876], [-51.94936861202122, -29.43121759760988], [-51.94949868268818, -29.431194595899782], [-51.94949490277515, -29.431162803823707]]]}}, {"id": "1439", "type": "Feature", "properties": {"id": 31830, "codigo": "0229", "numero": "0", "fl_rural": 0, "Destinação": "ÁREA INSTITUCIONAL"}, "geometry": {"type": "Polygon", "coordinates": [[[-51.94947050652008, -29.430957613615593], [-51.94880894654752, -29.43070755973092], [-51.94860935946981, -29.43104584545488], [-51.94904745569776, -29.431242942225133], [-51.949044679380854, -29.431219590454003], [-51.94902869566915, -29.431203749326258], [-51.94902237067831, -29.431148253787182], [-51.94905451605723, -29.431100102539684], [-51.94911285330417, -29.431077687578938], [-51.94917509948821, -29.43108957070197], [-51.94921747904481, -29.431131213053774], [-51.949223804036215, -29.43118670849184], [-51.94919165871313, -29.43123485986866], [-51.94949490277515, -29.431162803823707], [-51.94947050652008, -29.430957613615593]]]}}, {"id": "1440", "type": "Feature", "properties": {"id": 24245, "codigo": "1490", "numero": "0", "fl_rural": 0, "Destinação": "NÃO ATRIBUÍDO"}, "geometry": {"type": "Polygon", "coordinates": [[[-51.95438986996592, -29.425191136006948], [-51.954356481237525, -29.425209876042384], [-51.954329719982255, -29.425240375297058], [-51.95427245631379, -29.425248362451498], [-51.954111908133484, -29.4253177044767], [-51.95389778366959, -29.425442362340895], [-51.953845911178085, -29.425448416412703], [-51.95383208686474, -29.42547408737593], [-51.953774946892636, -29.425495333036512], [-51.953711705529514, -29.425558295101407], [-51.95353640945167, -29.425670361925842], [-51.95346943606513, -29.42568125959666], [-51.95342424867125, -29.42570810216107], [-51.95339858642078, -29.425740487569637], [-51.95334892151909, -29.42575126120292], [-51.953293119580884, -29.425799963257408], [-51.95322705978943, -29.42579285911188], [-51.95318622797009, -29.425844591533604], [-51.95355471408015, -29.42921840842628], [-51.95372141397117, -29.429255205565752], [-51.95377126951733, -29.42907435380432], [-51.954130375714634, -29.428891287058285], [-51.954677140749894, -29.428932492860074], [-51.95486450717001, -29.42911339408688], [-51.95467772485225, -29.427569944960048], [-51.954237963240764, -29.427166791174738], [-51.953827765020364, -29.426294329334866], [-51.95447886228692, -29.425926569583616], [-51.95438986996592, -29.425191136006948]], [[-51.9533385650296, -29.425792445932178], [-51.95332825698004, -29.425792519707606], [-51.95332817270869, -29.425783495567625], [-51.9533385650296, -29.425792445932178]], [[-51.9533693206281, -29.425774176321365], [-51.95335901258048, -29.425774250099128], [-51.953358928306486, -29.42576522595917], [-51.9533693206281, -29.425774176321365]], [[-51.95363598107985, -29.425627871591], [-51.95363589678188, -29.425618847451602], [-51.95364620481297, -29.42561877365278], [-51.95363598107985, -29.425627871591]], [[-51.95364612051413, -29.425609749513377], [-51.95365642854427, -29.425609675713783], [-51.95365651284403, -29.425618699853146], [-51.95364612051413, -29.425609749513377]], [[-51.95391269580832, -29.42545442010503], [-51.95390238779461, -29.425454493924097], [-51.953902303473676, -29.425445469785178], [-51.95391269580832, -29.42545442010503]], [[-51.95393322751194, -29.42544524832564], [-51.95392291949922, -29.425445322146278], [-51.95392283517651, -29.425436298007376], [-51.95393322751194, -29.42544524832564]], [[-51.954220417922414, -29.425289770674226], [-51.95421010992625, -29.42528984451675], [-51.9542100255787, -29.425280820378376], [-51.954220417922414, -29.425289770674226]]]}}, {"id": "1441", "type": "Feature", "properties": {"id": 24245, "codigo": "1490", "numero": "0", "fl_rural": 0, "Destinação": "NÃO ATRIBUÍDO"}, "geometry": {"type": "Polygon", "coordinates": [[[-51.953768467293045, -29.431175508520077], [-51.953904565069536, -29.43120323706579], [-51.953763578950756, -29.431130751414344], [-51.953768467293045, -29.431175508520077]]]}}, {"id": "1442", "type": "Feature", "properties": {"id": 24244, "codigo": "1026", "numero": "0", "fl_rural": 0, "Destinação": "NÃO ATRIBUÍDO"}, "geometry": {"type": "Polygon", "coordinates": [[[-51.95512694695682, -29.425304624700125], [-51.95505350367688, -29.425127217242224], [-51.95502180258959, -29.425138363778466], [-51.955033398774695, -29.42513954841521], [-51.954998510092324, -29.425146553739353], [-51.95498475150574, -29.42513989718821], [-51.95495093494529, -29.425140139633527], [-51.95495085053276, -29.425131115496924], [-51.954970816200614, -29.42513315513874], [-51.95479642196989, -29.42505423854071], [-51.95472492710959, -29.425044332830254], [-51.95466659958016, -29.425054221980528], [-51.954605132942866, -29.425075498911106], [-51.954550201280504, -29.425101464536628], [-51.95438986996592, -29.425191136006948], [-51.95447886228692, -29.425926569583616], [-51.95486348068459, -29.425709325289226], [-51.95537495520845, -29.425760333155214], [-51.95512694695682, -29.425304624700125]], [[-51.95442573417224, -29.42519805227809], [-51.95441542618596, -29.425198126136273], [-51.954415341820564, -29.425189101998345], [-51.95442573417224, -29.42519805227809]], [[-51.954579594543425, -29.425115727071553], [-51.95456928656593, -29.42511580094145], [-51.954569202187216, -29.42510677680383], [-51.954579594543425, -29.425115727071553]], [[-51.95460012611688, -29.425106555191785], [-51.95458981814036, -29.425106629063254], [-51.954589733759875, -29.425097604925657], [-51.95460012611688, -29.425106555191785]], [[-51.95467211317586, -29.42508798979434], [-51.954641189252484, -29.425088211422953], [-51.95464110486751, -29.425079187285462], [-51.95467211317586, -29.42508798979434]], [[-51.95479580886592, -29.42508710320806], [-51.954764884943934, -29.4250873248654], [-51.95476480054803, -29.425078300728245], [-51.95479580886592, -29.42508710320806]], [[-51.95469264473506, -29.425078817900562], [-51.95469256034558, -29.42506979376321], [-51.954744015813624, -29.425060400221266], [-51.95476480054803, -29.425078300728245], [-51.95469264473506, -29.425078817900562]], [[-51.95482681718898, -29.425095905680536], [-51.95480620123943, -29.425096053457732], [-51.95480611683985, -29.42508702932067], [-51.95482681718898, -29.425095905680536]], [[-51.95490953421194, -29.42512238695011], [-51.95489922623476, -29.42512246084555], [-51.95489914182687, -29.4251134367088], [-51.95490953421194, -29.42512238695011]], [[-51.954868217897825, -29.425113658390305], [-51.9548681334927, -29.42510463425344], [-51.95489905741901, -29.42510441257202], [-51.95489914182687, -29.4251134367088], [-51.954868217897825, -29.425113658390305]], [[-51.95483720956605, -29.42510485592769], [-51.95483704076138, -29.42508680765378], [-51.954868049087615, -29.42509561011659], [-51.95483720956605, -29.42510485592769]]]}}, {"id": "1443", "type": "Feature", "properties": {"id": 24244, "codigo": "1026", "numero": "0", "fl_rural": 0, "Destinação": "NÃO ATRIBUÍDO"}, "geometry": {"type": "Polygon", "coordinates": [[[-51.95486450717001, -29.42911339408688], [-51.95502044068361, -29.429263947018917], [-51.95559542969268, -29.429016155096292], [-51.95582879164907, -29.429008410036122], [-51.95571183237919, -29.428150065845454], [-51.954882642013736, -29.427757803852632], [-51.95467772485225, -29.427569944960048], [-51.95486450717001, -29.42911339408688]]]}}, {"id": "1444", "type": "Feature", "properties": {"id": 24200, "codigo": "0334", "numero": "4041", "fl_rural": 0, "Destinação": "NÃO ATRIBUÍDO"}, "geometry": {"type": "Polygon", "coordinates": [[[-51.95663435513191, -29.428981674154464], [-51.956599726014204, -29.42866055278664], [-51.95640480199725, -29.42847788639751], [-51.9557118345476, -29.428150066871265], [-51.955828794402386, -29.429008409944743], [-51.95663435513191, -29.428981674154464]]]}}, {"id": "1445", "type": "Feature", "properties": {"id": 24200, "codigo": "0334", "numero": "4041", "fl_rural": 0, "Destinação": "NÃO ATRIBUÍDO"}, "geometry": {"type": "Polygon", "coordinates": [[[-51.95625126635218, -29.426017684573832], [-51.95613075778539, -29.425185220883467], [-51.955535654890156, -29.425029553288002], [-51.95545879865387, -29.425225334741352], [-51.95512694695682, -29.425304624700125], [-51.95537495520845, -29.425760333155214], [-51.955792133197484, -29.425801937102168], [-51.95625126635218, -29.426017684573832]]]}}, {"id": "1446", "type": "Feature", "properties": {"id": 24212, "codigo": "0478", "numero": "3895", "fl_rural": 0, "Destinação": "NÃO ATRIBUÍDO"}, "geometry": {"type": "Polygon", "coordinates": [[[-51.956623735506376, -29.428877860874987], [-51.95663435513191, -29.428981674154464], [-51.95663632096525, -29.42898160891034], [-51.95671691178646, -29.428867846813983], [-51.956623735506376, -29.428877860874987]]]}}, {"id": "1447", "type": "Feature", "properties": {"id": 24211, "codigo": "0456", "numero": "3903", "fl_rural": 0, "Destinação": "NÃO ATRIBUÍDO"}, "geometry": {"type": "Polygon", "coordinates": [[[-51.956613674597605, -29.428779508927477], [-51.956623735506376, -29.428877860874987], [-51.95671691178646, -29.428867846813983], [-51.95675841418111, -29.428809261985737], [-51.95671503938815, -29.428768614779017], [-51.956613674597605, -29.428779508927477]]]}}, {"id": "1448", "type": "Feature", "properties": {"id": 24210, "codigo": "0447", "numero": "0", "fl_rural": 0, "Destinação": "NÃO ATRIBUÍDO"}, "geometry": {"type": "Polygon", "coordinates": [[[-51.95660128561187, -29.428662014310355], [-51.956613674597605, -29.428779508927477], [-51.95671503938815, -29.428768614779017], [-51.95660128561187, -29.428662014310355]]]}}, {"id": "1450", "type": "Feature", "properties": {"id": 8558, "codigo": "0307", "numero": null, "fl_rural": 0, "Destinação": "NÃO ATRIBUÍDO"}, "geometry": {"type": "Polygon", "coordinates": [[[-51.960336855285284, -29.427909574802662], [-51.960105303637185, -29.428028120866017], [-51.96035129563081, -29.428000397796406], [-51.960336855285284, -29.427909574802662]]]}}, {"id": "1451", "type": "Feature", "properties": {"id": 8559, "codigo": "0320", "numero": null, "fl_rural": 0, "Destinação": "NÃO ATRIBUÍDO"}, "geometry": {"type": "Polygon", "coordinates": [[[-51.960336855285284, -29.427909574802662], [-51.96035129563081, -29.428000397796406], [-51.960484256108685, -29.42798541327383], [-51.96045350546537, -29.42779175758463], [-51.960336855285284, -29.427909574802662]]]}}, {"id": "1452", "type": "Feature", "properties": {"id": 8592, "codigo": "0138", "numero": null, "fl_rural": 0, "Destinação": "NÃO ATRIBUÍDO"}, "geometry": {"type": "Polygon", "coordinates": [[[-51.95957871677742, -29.426576292368367], [-51.95954184352587, -29.4265807851311], [-51.9595871881901, -29.426629577259217], [-51.95957871677742, -29.426576292368367]]]}}, {"id": "1453", "type": "Feature", "properties": {"id": 8595, "codigo": "0211", "numero": null, "fl_rural": 0, "Destinação": "NÃO ATRIBUÍDO"}, "geometry": {"type": "Polygon", "coordinates": [[[-51.95922171573587, -29.42639096574741], [-51.95925987229534, -29.426390690968223], [-51.95925752942069, -29.426375954083507], [-51.95922171573587, -29.42639096574741]]]}}, {"id": "1454", "type": "Feature", "properties": {"id": 8557, "codigo": "0255", "numero": "0", "fl_rural": 0, "Destinação": "ÁREA DE PRESERVAÇÃO PERMANENTE"}, "geometry": {"type": "Polygon", "coordinates": [[[-51.96045350546537, -29.42779175758463], [-51.96039800396587, -29.427442227630245], [-51.96008611033103, -29.42727107556718], [-51.960004757978346, -29.427372540409518], [-51.95993214911067, -29.42755906306139], [-51.960029421112715, -29.428036672756157], [-51.960105303637185, -29.428028120866017], [-51.960336855285284, -29.427909574802662], [-51.96045350546537, -29.42779175758463]]]}}, {"id": "1455", "type": "Feature", "properties": {"id": 6955, "codigo": "2683", "numero": null, "fl_rural": 0, "Destinação": "NÃO ATRIBUÍDO"}, "geometry": {"type": "Polygon", "coordinates": [[[-51.960549011759106, -29.426112121052856], [-51.960488235465846, -29.426107555281053], [-51.96041969435942, -29.426113053536362], [-51.9601959253759, -29.426169581756234], [-51.96048425609275, -29.427985413275643], [-51.96114160792607, -29.42791133033355], [-51.96116707161205, -29.427950206362013], [-51.96120868039889, -29.427945172226412], [-51.9610456059407, -29.42695544611014], [-51.96093991818958, -29.426256880815682], [-51.96061060256538, -29.4261273147653], [-51.960549011759106, -29.426112121052856]]]}}, {"id": "1456", "type": "Feature", "properties": {"id": 8556, "codigo": "0191", "numero": null, "fl_rural": 0, "Destinação": "NÃO ATRIBUÍDO"}, "geometry": {"type": "Polygon", "coordinates": [[[-51.95978419461638, -29.426449948518044], [-51.95970586094245, -29.426459518357184], [-51.95974614533129, -29.426712900559743], [-51.95990372579744, -29.426728992528023], [-51.96005004398985, -29.427133416637982], [-51.959967771410625, -29.426819396563097], [-51.95978419461638, -29.426449948518044]]]}}, {"id": "1457", "type": "Feature", "properties": {"id": 8556, "codigo": "0191", "numero": null, "fl_rural": 0, "Destinação": "NÃO ATRIBUÍDO"}, "geometry": {"type": "Polygon", "coordinates": [[[-51.96008611033103, -29.42727107556718], [-51.960069272901706, -29.42720681003834], [-51.960004757978346, -29.427372540409518], [-51.96008611033103, -29.42727107556718]]]}}, {"id": "1458", "type": "Feature", "properties": {"id": 8551, "codigo": "0071", "numero": "0", "fl_rural": 0, "Destinação": "ÁREA DE PRESERVAÇÃO PERMANENTE"}, "geometry": {"type": "Polygon", "coordinates": [[[-51.95967488216099, -29.42626466408651], [-51.95970586094245, -29.426459518357184], [-51.95978419461638, -29.426449948518044], [-51.959967771410625, -29.426819396563097], [-51.96005004398985, -29.427133416637982], [-51.9600730690929, -29.42719705812138], [-51.960069272901706, -29.42720681003834], [-51.96008611033103, -29.42727107556718], [-51.96039800396587, -29.427442227630245], [-51.9601959253759, -29.426169581756234], [-51.95967488216099, -29.42626466408651]]]}}, {"id": "1459", "type": "Feature", "properties": {"id": 6994, "codigo": "0429", "numero": "413", "fl_rural": 0, "Destinação": "NÃO ATRIBUÍDO"}, "geometry": {"type": "Polygon", "coordinates": [[[-51.960035826903194, -29.421000076543965], [-51.96010762365757, -29.42100584011845], [-51.96003689069373, -29.421006349845605], [-51.960904825763585, -29.426124668055003], [-51.96102148699615, -29.426171665976486], [-51.961157094760644, -29.426208273984802], [-51.961041555697, -29.4260439329624], [-51.96107114146536, -29.425609982480395], [-51.96033875789418, -29.42107510645014], [-51.96036891717793, -29.4209615927903], [-51.960354665244864, -29.42096796044934], [-51.96035458036915, -29.420958936321373], [-51.96036965183906, -29.420958827669114], [-51.96039048564421, -29.42088041329125], [-51.960381397246195, -29.420877701719103], [-51.960360167135185, -29.420846433243106], [-51.96032435308061, -29.42085454682925], [-51.96025440918204, -29.420884208695337], [-51.96016501508114, -29.420902923191385], [-51.96014841154653, -29.420918044507562], [-51.96013538650868, -29.420940981717067], [-51.96002777566647, -29.420952597426066], [-51.960035826903194, -29.421000076543965]], [[-51.96021061425154, -29.420996073063723], [-51.960128153893464, -29.420996667411007], [-51.96014859926802, -29.42097847057201], [-51.96021061425154, -29.420996073063723]], [[-51.960251674696245, -29.42097772761452], [-51.96025158982961, -29.4209687034863], [-51.960323742620695, -29.4209681833688], [-51.960251674696245, -29.42097772761452]]]}}, {"id": "1460", "type": "Feature", "properties": {"id": 6993, "codigo": "0371", "numero": "0", "fl_rural": 0, "Destinação": "NÃO ATRIBUÍDO"}, "geometry": {"type": "Polygon", "coordinates": [[[-51.95937319974042, -29.421095383503484], [-51.96017296992587, -29.42604789122179], [-51.960287994006116, -29.426027720036302], [-51.96046007438926, -29.426006135517753], [-51.960529819932866, -29.4260049141323], [-51.96061646248029, -29.4260115080161], [-51.96069169261306, -29.42603213223962], [-51.960904825763585, -29.426124668055003], [-51.96003689069373, -29.421006349845605], [-51.95988085763832, -29.421007474275893], [-51.95990130306018, -29.42098927747383], [-51.960035826903194, -29.421000076543965], [-51.96002777566647, -29.420952597426066], [-51.960015959057635, -29.420953872946402], [-51.95995687884998, -29.420925422684956], [-51.95990028015258, -29.42092843975991], [-51.95975492837098, -29.420948621830274], [-51.959673732019674, -29.420977039089593], [-51.959621926421335, -29.421014377081274], [-51.959524457799084, -29.42104800575387], [-51.95942735442245, -29.421070892915406], [-51.95937319974042, -29.421095383503484]], [[-51.95944980615644, -29.421209123823317], [-51.95944972135984, -29.42120009969326], [-51.95946002892733, -29.42120002545466], [-51.95944980615644, -29.421209123823317]], [[-51.959470336494775, -29.421199951215275], [-51.9594702516964, -29.421190927085274], [-51.9594805592629, -29.421190852845104], [-51.959470336494775, -29.421199951215275]], [[-51.95979856691654, -29.42102611667804], [-51.959798736570214, -29.421044164936728], [-51.95971627616331, -29.421044759029986], [-51.95979856691654, -29.42102611667804]], [[-51.959808959293134, -29.421035066542178], [-51.95980887446541, -29.42102604241285], [-51.959819182014236, -29.421025968146854], [-51.959808959293134, -29.421035066542178]], [[-51.95982948956304, -29.421025893880095], [-51.959829404733526, -29.421016869750794], [-51.959839712281365, -29.421016795483236], [-51.95982948956304, -29.421025893880095]], [[-51.959850019829176, -29.421016721214894], [-51.959849934997884, -29.42100769708564], [-51.95986024254472, -29.42100762281654], [-51.959850019829176, -29.421016721214894]], [[-51.96038912798332, -29.424631755377952], [-51.96033640001467, -29.42450578923776], [-51.96041886320164, -29.424505194697335], [-51.96038912798332, -29.424631755377952]]]}}, {"id": "1461", "type": "Feature", "properties": {"id": 35279, "codigo": "0210", "numero": null, "fl_rural": 0, "Destinação": "NÃO ATRIBUÍDO"}, "geometry": {"type": "Polygon", "coordinates": [[[-51.95609536503668, -29.4249407279414], [-51.956251267628836, -29.42601768517373], [-51.95677579510807, -29.42626416155272], [-51.95682114040619, -29.42598385301742], [-51.95655630635452, -29.424622747629186], [-51.95609536503668, -29.4249407279414]]]}}, {"id": "1462", "type": "Feature", "properties": {"id": 24247, "codigo": "0737", "numero": "4269", "fl_rural": 0, "Destinação": "NÃO ATRIBUÍDO"}, "geometry": {"type": "Polygon", "coordinates": [[[-51.95810352051077, -29.424896042481326], [-51.957883957880206, -29.423827552869568], [-51.957790636492824, -29.423736483004756], [-51.95766932580564, -29.423652634010736], [-51.95755773989242, -29.423598729296938], [-51.9573840302925, -29.423547758663567], [-51.957229996897624, -29.423530629431532], [-51.95705183141002, -29.423541252018982], [-51.95689274790817, -29.423579498030946], [-51.95675265597222, -29.423639470066806], [-51.95660238214751, -29.423740732965914], [-51.95658991676617, -29.423954623656343], [-51.95659101605777, -29.42402726853723], [-51.95687125651526, -29.42567405302254], [-51.95692195746136, -29.42536063777267], [-51.95746514965228, -29.42502281908466], [-51.957847136801256, -29.425083245987413], [-51.95796903181374, -29.425173415501618], [-51.95810352051077, -29.424896042481326]]]}}, {"id": "1463", "type": "Feature", "properties": {"id": 24246, "codigo": "0445", "numero": "0", "fl_rural": 0, "Destinação": "NÃO ATRIBUÍDO"}, "geometry": {"type": "Polygon", "coordinates": [[[-51.95894716156723, -29.421794422016074], [-51.9588562891068, -29.421673658995473], [-51.95889314093174, -29.421546831360526], [-51.958823618031445, -29.4212281897839], [-51.958653814209335, -29.421288890229356], [-51.95805544860506, -29.421384437600373], [-51.95771167218411, -29.421456991520774], [-51.957751426954985, -29.42147403803873], [-51.95768958135257, -29.42147448266895], [-51.95770847705498, -29.421457665851914], [-51.957538113715614, -29.42149362098847], [-51.9575763670085, -29.421493346019034], [-51.95753522122554, -29.42150266652309], [-51.95753514227761, -29.421494248109664], [-51.957449575978195, -29.421512306853945], [-51.95746315261986, -29.4215122092738], [-51.95746323724196, -29.421521233408676], [-51.95744003390549, -29.421514320705796], [-51.95738088993732, -29.421533935474173], [-51.957380945623115, -29.421539874335206], [-51.95737595151276, -29.421535573275253], [-51.95735010741098, -29.421549120703514], [-51.95735006089607, -29.421544159754383], [-51.95726999426152, -29.421570713408812], [-51.95718533907339, -29.42161512380463], [-51.957206477677126, -29.421622350780773], [-51.95717173945491, -29.421622600383603], [-51.9570771991697, -29.42169523725652], [-51.956996108862846, -29.421787696230737], [-51.95694213209221, -29.42188199979872], [-51.95691062260668, -29.42197374381149], [-51.95689606914096, -29.422106290520684], [-51.95692139867606, -29.42229915856028], [-51.956916206881615, -29.42242477821884], [-51.95688156078812, -29.42255725238759], [-51.956835012190396, -29.422653921813666], [-51.956720991382696, -29.422830295830437], [-51.95668371960903, -29.422914215835817], [-51.95665133507153, -29.423026900399936], [-51.956636552181834, -29.42315441651939], [-51.95660238214751, -29.423740732965914], [-51.95675265597222, -29.423639470066806], [-51.95689274790817, -29.423579498030946], [-51.95705183141002, -29.423541252018982], [-51.957229996897624, -29.423530629431532], [-51.9573840302925, -29.423547758663567], [-51.95755773989242, -29.423598729296938], [-51.95766932580564, -29.423652634010736], [-51.957790636492824, -29.423736483004756], [-51.957883957880206, -29.423827552869568], [-51.95810352051077, -29.424896042481326], [-51.95891329079321, -29.423219379024673], [-51.95899352249051, -29.423016297406278], [-51.959042909235315, -29.42283127159712], [-51.95907099465012, -29.42264890557269], [-51.959079275019306, -29.422503713254844], [-51.959072968040495, -29.422329676668753], [-51.95903524991466, -29.422091334545552], [-51.95894716156723, -29.421794422016074]], [[-51.95731935380264, -29.42156739119997], [-51.95730904619161, -29.421567465273785], [-51.95730896158298, -29.421558441138558], [-51.95731935380264, -29.42156739119997]], [[-51.9573397998019, -29.42154919477967], [-51.95733988441322, -29.421558218914818], [-51.957329576803176, -29.421558292990195], [-51.9573397998019, -29.42154919477967]], [[-51.95739125323114, -29.421539800255896], [-51.95739116861534, -29.421530776120864], [-51.95740147622242, -29.421530702040783], [-51.95739125323114, -29.421539800255896]], [[-51.95742209143647, -29.42153055387822], [-51.957422006817964, -29.421521529743256], [-51.95744262203005, -29.421521381577563], [-51.95742209143647, -29.42153055387822]], [[-51.95747354484786, -29.421521159323053], [-51.95747346022485, -29.421512135188188], [-51.95749407543471, -29.421511987014586], [-51.95747354484786, -29.421521159323053]], [[-51.95749399080991, -29.421502962879767], [-51.95750429841388, -29.42150288879179], [-51.957504383039584, -29.421511912926572], [-51.95749399080991, -29.421502962879767]], [[-51.95760728981662, -29.421493123733647], [-51.957607205181894, -29.42148409959912], [-51.95761751278361, -29.421484025502423], [-51.95760728981662, -29.421493123733647]], [[-51.957679189111, -29.42146553263682], [-51.9576793583931, -29.421483580905548], [-51.95763812798692, -29.42148387730666], [-51.957679189111, -29.42146553263682]], [[-51.95784411070039, -29.421464346905644], [-51.95777195750625, -29.421464865688133], [-51.95779240340278, -29.421446669200385], [-51.95784411070039, -29.421464346905644]], [[-51.957864641240995, -29.42145517454099], [-51.95786455658364, -29.421446150407082], [-51.95788517177783, -29.421446002173262], [-51.957864641240995, -29.42145517454099]], [[-51.95788508711869, -29.4214369780394], [-51.957895394714825, -29.42143690392131], [-51.957895479374855, -29.42144592805515], [-51.95788508711869, -29.4214369780394]], [[-51.95794701735944, -29.421445557452643], [-51.95790578697186, -29.42144585393624], [-51.95792623284022, -29.421427657428517], [-51.95794701735944, -29.421445557452643]], [[-51.957998470673914, -29.42143616269662], [-51.9579675478866, -29.4214363850724], [-51.95798799374183, -29.42141818855546], [-51.957998470673914, -29.42143616269662]], [[-51.95807036981665, -29.42140857139171], [-51.95807028514128, -29.42139954725827], [-51.95808059273307, -29.421399473125955], [-51.95807036981665, -29.42140857139171]], [[-51.95811151550819, -29.421399250724182], [-51.95811143082922, -29.42139022659086], [-51.958142353601275, -29.421390004182012], [-51.95811151550819, -29.421399250724182]], [[-51.958276182889136, -29.421370992061544], [-51.95827635227611, -29.421389040327366], [-51.958162968782446, -29.421389855905442], [-51.958276182889136, -29.421370992061544]], [[-51.9582865751718, -29.421379942046222], [-51.95828649047741, -29.421370917913354], [-51.958307105653866, -29.42137076961459], [-51.9582865751718, -29.421379942046222]], [[-51.958317413242035, -29.42137069546399], [-51.958317328544965, -29.421361671331173], [-51.95833794371934, -29.42136152302767], [-51.958317413242035, -29.42137069546399]], [[-51.95833785902051, -29.42135249889486], [-51.958348166606726, -29.421352424741965], [-51.95834825130649, -29.421361448874713], [-51.95833785902051, -29.42135249889486]], [[-51.95847194234915, -29.421360558977145], [-51.9583585588936, -29.42136137472097], [-51.95837900466272, -29.421343178145726], [-51.95847194234915, -29.421360558977145]], [[-51.958492472809866, -29.42135138651734], [-51.95849238809738, -29.421342362384948], [-51.95851300326683, -29.421342214054455], [-51.958492472809866, -29.42135138651734]], [[-51.95851291855257, -29.421333189922102], [-51.958533533720036, -29.42133304158846], [-51.958533618436114, -29.421342065720772], [-51.95851291855257, -29.421333189922102]], [[-51.95854392602069, -29.421341991552705], [-51.9585438413037, -29.42133296742045], [-51.958564456470924, -29.421332819082036], [-51.95854392602069, -29.421341991552705]], [[-51.95856437175216, -29.421323794949807], [-51.9585746793348, -29.42132372077943], [-51.95857476405448, -29.421332744911627], [-51.95856437175216, -29.421323794949807]], [[-51.95860560208252, -29.42132349826351], [-51.958605517360134, -29.421314474131385], [-51.95861582494172, -29.421314399957826], [-51.95860560208252, -29.42132349826351]], [[-51.9586263019717, -29.421332374047633], [-51.95862621724746, -29.42132334991556], [-51.95863652482987, -29.421323275740406], [-51.9586263019717, -29.421332374047633]], [[-51.95872929306986, -29.421322608128033], [-51.958729377803195, -29.421331632259836], [-51.9586470018644, -29.421341249828433], [-51.95872929306986, -29.421322608128033]], [[-51.95876021581583, -29.421322385576232], [-51.95876013107979, -29.421313361444515], [-51.9587704386608, -29.421313287259032], [-51.95876021581583, -29.421322385576232]], [[-51.95880136140357, -29.42131306469772], [-51.95880127666393, -29.42130404056611], [-51.95882189182376, -29.421303892187986], [-51.95880136140357, -29.42131306469772]]]}}, {"id": "1464", "type": "Feature", "properties": {"id": 8594, "codigo": "0198", "numero": null, "fl_rural": 0, "Destinação": "NÃO ATRIBUÍDO"}, "geometry": {"type": "Polygon", "coordinates": [[[-51.95925752942069, -29.426375954083507], [-51.95925987229534, -29.426390690968223], [-51.95936448058917, -29.426389937646043], [-51.95939924065761, -29.426427340452772], [-51.95938461665521, -29.426335355135393], [-51.95925752942069, -29.426375954083507]]]}}, {"id": "1465", "type": "Feature", "properties": {"id": 8593, "codigo": "0185", "numero": null, "fl_rural": 0, "Destinação": "NÃO ATRIBUÍDO"}, "geometry": {"type": "Polygon", "coordinates": [[[-51.95938461665521, -29.426335355135393], [-51.95939924065761, -29.426427340452772], [-51.95954184352587, -29.4265807851311], [-51.95957871677742, -29.426576292368367], [-51.95953460445181, -29.426298827310433], [-51.95938461665521, -29.426335355135393]]]}}, {"id": "1466", "type": "Feature", "properties": {"id": 34257, "codigo": "0220", "numero": "0", "fl_rural": 0, "Destinação": "ÁREA DE RECREAÇÃO PÚBLICA"}, "geometry": {"type": "Polygon", "coordinates": [[[-51.95888582980074, -29.425600872501295], [-51.95900231888718, -29.42627781919003], [-51.9590330425743, -29.426325531789328], [-51.959141365818624, -29.426278627481725], [-51.95902254495839, -29.42558297572038], [-51.95888582980074, -29.425600872501295]]]}}, {"id": "1467", "type": "Feature", "properties": {"id": 6991, "codigo": "0210", "numero": "0", "fl_rural": 0, "Destinação": "ÁREA DE RECREAÇÃO PÚBLICA E INSTITUCIONAL"}, "geometry": {"type": "Polygon", "coordinates": [[[-51.95902254495839, -29.42558297572038], [-51.959141365818624, -29.426278627481725], [-51.95925759641341, -29.42622829911058], [-51.95939724130939, -29.42619657524841], [-51.95935018574186, -29.425941602440957], [-51.95914356556172, -29.425928056650573], [-51.959071888862624, -29.425576516296573], [-51.95902254495839, -29.42558297572038]]]}}, {"id": "1468", "type": "Feature", "properties": {"id": 6990, "codigo": "0203", "numero": "0", "fl_rural": 0, "Destinação": "NÃO ATRIBUÍDO"}, "geometry": {"type": "Polygon", "coordinates": [[[-51.95888582980074, -29.425600872501295], [-51.959071888862624, -29.425576516296573], [-51.95894371617019, -29.424947883519817], [-51.958765732089184, -29.424913145190878], [-51.958536909083556, -29.424937395175757], [-51.9584468071678, -29.42451467756046], [-51.958109251646114, -29.425221135477848], [-51.958119830468334, -29.42528496593464], [-51.95858417095802, -29.425628452969303], [-51.95900231888718, -29.42627781919003], [-51.95888582980074, -29.425600872501295]]]}}, {"id": "1469", "type": "Feature", "properties": {"id": 6989, "codigo": "0184", "numero": "4300", "fl_rural": 0, "Destinação": "NÃO ATRIBUÍDO"}, "geometry": {"type": "Polygon", "coordinates": [[[-51.958112507121676, -29.425241895038976], [-51.958081690622286, -29.425233563048476], [-51.95807359943126, -29.42525076740536], [-51.958119830468334, -29.42528496593464], [-51.958112507121676, -29.425241895038976]]]}}, {"id": "1470", "type": "Feature", "properties": {"id": 6992, "codigo": "0226", "numero": "0", "fl_rural": 0, "Destinação": "NÃO ATRIBUÍDO"}, "geometry": {"type": "Polygon", "coordinates": [[[-51.96017296992587, -29.42604789122179], [-51.959401980395214, -29.42127361439961], [-51.95898623854057, -29.421375978517883], [-51.95906227191318, -29.421654126707786], [-51.959166040005876, -29.42209083464222], [-51.95920418029699, -29.42230046598696], [-51.959217897764184, -29.422545809351675], [-51.95920281234046, -29.422705655952228], [-51.959175867678155, -29.422878958904], [-51.95913900163048, -29.423017232013873], [-51.95909222447277, -29.423158430094134], [-51.95902425308712, -29.42330934290675], [-51.95861590671045, -29.424134457846932], [-51.9584468071678, -29.42451467756046], [-51.958536909083556, -29.424937395175757], [-51.958765732089184, -29.424913145190878], [-51.95894371617019, -29.424947883519817], [-51.95914356556172, -29.425928056650573], [-51.95935018574186, -29.425941602440957], [-51.95939724130939, -29.42619657524841], [-51.959571061058824, -29.426157102157873], [-51.959954851734494, -29.42608323371334], [-51.96017296992587, -29.42604789122179]], [[-51.959296125240606, -29.42130950274114], [-51.95929604045726, -29.42130047861083], [-51.959306348035334, -29.421300404383885], [-51.959296125240606, -29.42130950274114]]]}}, {"id": "1471", "type": "Feature", "properties": {"id": 32571, "codigo": "0378", "numero": null, "fl_rural": 0, "Destinação": "NÃO ATRIBUÍDO"}, "geometry": {"type": "Polygon", "coordinates": [[[-51.96359687379366, -29.42728392632861], [-51.96366949205035, -29.427724331627598], [-51.96378937585557, -29.427738777324844], [-51.9643955995526, -29.427526820699004], [-51.96380564690115, -29.427278398538668], [-51.96359687379366, -29.42728392632861]]]}}, {"id": "1472", "type": "Feature", "properties": {"id": 16373, "codigo": "0277", "numero": "0", "fl_rural": 0, "Destinação": "NÃO ATRIBUÍDO"}, "geometry": {"type": "Polygon", "coordinates": [[[-51.972626147626386, -29.428360517079344], [-51.97279313398587, -29.428285083580537], [-51.9727492366264, -29.427978945134402], [-51.972505047703464, -29.42812153997504], [-51.9722255336624, -29.42816293829107], [-51.9720096931414, -29.428145107124028], [-51.97202098161241, -29.428223196346508], [-51.97236392739422, -29.428405417481247], [-51.972626147626386, -29.428360517079344]]]}}, {"id": "1473", "type": "Feature", "properties": {"id": 16361, "codigo": "0116", "numero": "324", "fl_rural": 0, "Destinação": "NÃO ATRIBUÍDO"}, "geometry": {"type": "Polygon", "coordinates": [[[-51.97200451609267, -29.428109294587777], [-51.97200178933335, -29.428090431833496], [-51.97192575333098, -29.428118199746056], [-51.97200451609267, -29.428109294587777]]]}}, {"id": "1474", "type": "Feature", "properties": {"id": 16367, "codigo": "0190", "numero": "0", "fl_rural": 0, "Destinação": "NÃO ATRIBUÍDO"}, "geometry": {"type": "Polygon", "coordinates": [[[-51.97200178936663, -29.428090431821328], [-51.9720096931414, -29.428145107124028], [-51.9722255336624, -29.42816293829107], [-51.972505047703464, -29.42812153997504], [-51.9727492366264, -29.427978945134402], [-51.97270560315841, -29.42767464604119], [-51.972478489847134, -29.427817151496477], [-51.97241983072978, -29.42793776550984], [-51.97200178936663, -29.428090431821328]]]}}, {"id": "1475", "type": "Feature", "properties": {"id": 16370, "codigo": "0216", "numero": "0", "fl_rural": 0, "Destinação": "ÁREA DE RECREAÇÃO PÚBLICA E INSTITUCIONAL"}, "geometry": {"type": "Polygon", "coordinates": [[[-51.97270560315841, -29.42767464604119], [-51.9726812795527, -29.427505011942877], [-51.97262732822117, -29.427511112223403], [-51.972478489847134, -29.427817151496477], [-51.97270560315841, -29.42767464604119]]]}}, {"id": "1476", "type": "Feature", "properties": {"id": 16034, "codigo": "1019", "numero": "0", "fl_rural": 0, "Destinação": "NÃO ATRIBUÍDO"}, "geometry": {"type": "Polygon", "coordinates": [[[-51.969365506667415, -29.42267388081848], [-51.96932332968689, -29.422660030104705], [-51.96930449152993, -29.422638753154292], [-51.96928729341273, -29.422654062027643], [-51.969287207741736, -29.422645037925733], [-51.969303578752665, -29.422637722208613], [-51.969297835486095, -29.422631235417022], [-51.96921724019983, -29.422609741677082], [-51.96917585505304, -29.422611811020516], [-51.969183873919825, -29.422618715605726], [-51.969111720151076, -29.422619240548343], [-51.96911158042197, -29.422604519575533], [-51.96910021556622, -29.422602180260434], [-51.969091019134694, -29.422610366422283], [-51.969090933481205, -29.4226013423198], [-51.96909596679194, -29.422601305702766], [-51.96907724711391, -29.422595324483694], [-51.96907031812183, -29.42260149229292], [-51.96907023256134, -29.42259247779168], [-51.96900804659376, -29.422557114739348], [-51.969008129458395, -29.422565845782202], [-51.96898751410567, -29.42256599574236], [-51.96898742846149, -29.42255697163952], [-51.96900757123129, -29.422556825117073], [-51.96898171973226, -29.422541074673756], [-51.96889665783308, -29.42254721336668], [-51.96880951071264, -29.42254396917892], [-51.96879149699347, -29.422549371997974], [-51.968793553472096, -29.422540332315588], [-51.96878082999094, -29.422536013982064], [-51.96877079601779, -29.422540497821107], [-51.968770720918, -29.422532582975396], [-51.968755008315895, -29.422527250137968], [-51.96875009504562, -29.422531623640932], [-51.968750037541255, -29.422525563063296], [-51.96873280410182, -29.4225197140556], [-51.96872939407699, -29.422522749457418], [-51.968729354167316, -29.422518543152147], [-51.96870712906944, -29.422510999981846], [-51.96909754453202, -29.42522742128586], [-51.96952129815289, -29.42558539409482], [-51.96975416005196, -29.426224454129535], [-51.9698631727877, -29.426194149183463], [-51.969365506667415, -29.42267388081848]], [[-51.96921488262749, -29.422627514720507], [-51.9691839595816, -29.422627739707934], [-51.969183873919825, -29.422618715605726], [-51.96921488262749, -29.422627514720507]], [[-51.96901852278164, -29.422574794903667], [-51.96900821510443, -29.422574869884972], [-51.969008129458395, -29.422565845782202], [-51.96901852278164, -29.422574794903667]], [[-51.968915274732176, -29.422557496474756], [-51.96892558240791, -29.422557421500667], [-51.96892566804662, -29.42256644560367], [-51.968915274732176, -29.422557496474756]], [[-51.968915446007834, -29.422575544680765], [-51.968894830652616, -29.4225756946266], [-51.968894745016584, -29.422566670523548], [-51.968915446007834, -29.422575544680765]], [[-51.96885351430929, -29.42256697040558], [-51.968853428676944, -29.422557946302398], [-51.96887395839472, -29.422548772259887], [-51.968894745016584, -29.422566670523548], [-51.96885351430929, -29.42256697040558]], [[-51.9688225056488, -29.422558171205456], [-51.96882242001924, -29.422549147102178], [-51.968853343044636, -29.422548922199198], [-51.9688225056488, -29.422558171205456]], [[-51.96894619775926, -29.422557271550147], [-51.96894611211876, -29.422548247447192], [-51.96898734281735, -29.422547947536675], [-51.96894619775926, -29.422557271550147]], [[-51.969225275974814, -29.422636463825192], [-51.96922519030937, -29.422627439723087], [-51.96924580567303, -29.42262728972588], [-51.969225275974814, -29.422636463825192]], [[-51.969256284691205, -29.42264526293008], [-51.9692561133548, -29.422627214726088], [-51.96928712207078, -29.422636013823816], [-51.969256284691205, -29.42264526293008]]]}}, {"id": "1477", "type": "Feature", "properties": {"id": 16031, "codigo": "0979", "numero": null, "fl_rural": 0, "Destinação": "NÃO ATRIBUÍDO"}, "geometry": {"type": "Polygon", "coordinates": [[[-51.96858265501855, -29.425335267697424], [-51.96897052124318, -29.425120116282987], [-51.96909754453202, -29.42522742128586], [-51.96870712906944, -29.422510999981846], [-51.96869579707167, -29.42250715392211], [-51.96868807776784, -29.422514025184167], [-51.968689423293874, -29.422504990673342], [-51.968658826032325, -29.422498245107406], [-51.96859522310837, -29.42250567565185], [-51.96859513749906, -29.422496651547885], [-51.96864959106171, -29.422496255590282], [-51.96860762586146, -29.422487214902613], [-51.968568108821955, -29.422485801363596], [-51.96857452215781, -29.422496801443813], [-51.96854359914563, -29.422497026281714], [-51.968556669160265, -29.4224853921627], [-51.96848407110795, -29.422480077779472], [-51.96845074451047, -29.422488676648], [-51.96845065891399, -29.422479652543643], [-51.968465936240534, -29.42247762836873], [-51.96844576947362, -29.422474904516736], [-51.96844035124466, -29.422479727480795], [-51.968440291457, -29.42247342422976], [-51.968425688054886, -29.42246815520605], [-51.96841965031217, -29.422470853248218], [-51.96841960389963, -29.422465959994412], [-51.96822397684494, -29.4223907772656], [-51.968170690598996, -29.422403291717657], [-51.96858265501855, -29.425335267697424]]]}}, {"id": "1478", "type": "Feature", "properties": {"id": 27943, "codigo": "0288", "numero": null, "fl_rural": 0, "Destinação": "NÃO ATRIBUÍDO"}, "geometry": {"type": "Polygon", "coordinates": [[[-51.972830870968544, -29.426695328406595], [-51.97296380941577, -29.42667966607628], [-51.9729328794588, -29.42646705896971], [-51.97282399342074, -29.426647902782673], [-51.972830870968544, -29.426695328406595]]]}}, {"id": "1479", "type": "Feature", "properties": {"id": 27944, "codigo": "0301", "numero": null, "fl_rural": 0, "Destinação": "NÃO ATRIBUÍDO"}, "geometry": {"type": "Polygon", "coordinates": [[[-51.97296976144799, -29.42640580337006], [-51.9729328794588, -29.42646705896971], [-51.97296380941577, -29.42667966607628], [-51.97309664731725, -29.42666401544876], [-51.97305755502263, -29.426395459741777], [-51.97296976144799, -29.42640580337006]]]}}, {"id": "1480", "type": "Feature", "properties": {"id": 27947, "codigo": "0314", "numero": null, "fl_rural": 0, "Destinação": "NÃO ATRIBUÍDO"}, "geometry": {"type": "Polygon", "coordinates": [[[-51.97305755502263, -29.426395459741777], [-51.97309664731725, -29.42666401544876], [-51.973229455517775, -29.42664836815526], [-51.97319036963469, -29.426379807120636], [-51.97305755502263, -29.426395459741777]]]}}, {"id": "1481", "type": "Feature", "properties": {"id": 27945, "codigo": "0369", "numero": null, "fl_rural": 0, "Destinação": "NÃO ATRIBUÍDO"}, "geometry": {"type": "Polygon", "coordinates": [[[-51.97305755502263, -29.426395459741777], [-51.973041677322215, -29.426286361601967], [-51.97296976144799, -29.42640580337006], [-51.97305755502263, -29.426395459741777]]]}}, {"id": "1482", "type": "Feature", "properties": {"id": 27946, "codigo": "0356", "numero": null, "fl_rural": 0, "Destinação": "NÃO ATRIBUÍDO"}, "geometry": {"type": "Polygon", "coordinates": [[[-51.973132432460766, -29.426135630566165], [-51.973041677322215, -29.426286361601967], [-51.97305755502263, -29.426395459741777], [-51.97319036963469, -29.426379807120636], [-51.97315456579222, -29.426133795963832], [-51.973132432460766, -29.426135630566165]]]}}, {"id": "1483", "type": "Feature", "properties": {"id": 16023, "codigo": "0355", "numero": "205", "fl_rural": 0, "Destinação": "NÃO ATRIBUÍDO"}, "geometry": {"type": "Polygon", "coordinates": [[[-51.97092487472294, -29.425866996984283], [-51.97069737034936, -29.42431836389617], [-51.9714218657633, -29.42413564038993], [-51.97126839500646, -29.423063793980976], [-51.97124978744969, -29.423063929657104], [-51.97126764739269, -29.423058572614032], [-51.971261038950026, -29.42301241896439], [-51.97124009455098, -29.422989690844606], [-51.971180199114286, -29.422990127534664], [-51.971140925427484, -29.423004213923296], [-51.971092115857694, -29.42301008981512], [-51.971051042883765, -29.423000729167587], [-51.97102728186078, -29.422988482282], [-51.97103180043568, -29.422966369187154], [-51.9710520154194, -29.422937241639215], [-51.970999712152185, -29.422907262743568], [-51.97093994798727, -29.42292149843232], [-51.970926090278276, -29.422956099689262], [-51.970881943768, -29.422955041393585], [-51.97080590580179, -29.42291557534384], [-51.970716049580496, -29.42291485019973], [-51.970679626516976, -29.422897175458523], [-51.97061032638201, -29.422903200484107], [-51.970599702521994, -29.422906222939478], [-51.970660703075886, -29.422905778463488], [-51.97057832721603, -29.42291540341222], [-51.97057828792478, -29.42291127024339], [-51.97055437122203, -29.422906553232128], [-51.97047516436918, -29.422907130305667], [-51.97051074571163, -29.422897949118674], [-51.970454463181504, -29.422898256395978], [-51.97045020184057, -29.422882035845067], [-51.97043376199737, -29.422889382482968], [-51.97043359045113, -29.422871334285926], [-51.97044961507758, -29.42287820351465], [-51.9704522216248, -29.422853292047357], [-51.97043777353863, -29.422825797172045], [-51.97041549696767, -29.422803879296858], [-51.970377642111, -29.422801395028298], [-51.97036363995992, -29.42282081715575], [-51.97036542605297, -29.42284288430433], [-51.97030559615457, -29.422850220155226], [-51.970277427898196, -29.42284653634393], [-51.970268495684486, -29.422854487455783], [-51.97026840992609, -29.422845463356772], [-51.970275004371636, -29.42284541532403], [-51.9702596242792, -29.42282295478701], [-51.970195065932494, -29.422830325028762], [-51.97018222029319, -29.422805578484798], [-51.970166653983554, -29.42280260024426], [-51.97018569106622, -29.42281899166573], [-51.97015476797124, -29.422819216879844], [-51.97016431211935, -29.422802152184612], [-51.970147478506654, -29.422798931475967], [-51.97012864286314, -29.422807348655788], [-51.970071847472504, -29.422802242206217], [-51.970054351978725, -29.422785809514632], [-51.96993115982594, -29.42276048640013], [-51.969892793810075, -29.422778258566215], [-51.96990695456724, -29.422775897834182], [-51.969907040293464, -29.422784921934248], [-51.969793741354835, -29.42279477154657], [-51.96980540766299, -29.422792826662757], [-51.96977288239851, -29.422769279142372], [-51.96977295453192, -29.422776873428514], [-51.96976264683663, -29.422776948468645], [-51.9697625611232, -29.422767924368177], [-51.969771235630084, -29.422767861217686], [-51.96976166561898, -29.42275962110647], [-51.96975225342878, -29.422767999407494], [-51.969752167716294, -29.42275897530697], [-51.96976084224973, -29.422758912156986], [-51.96971469702813, -29.422706861981197], [-51.96968614215078, -29.422687749715717], [-51.96965078583962, -29.4227002080979], [-51.969669191936426, -29.422705430987957], [-51.96963835457333, -29.422714680182263], [-51.9696382254102, -29.422701079820932], [-51.96961996827368, -29.422690991435935], [-51.969605520433234, -29.422663496463997], [-51.96954868583103, -29.42265425007264], [-51.96953171459042, -29.42269301385631], [-51.96949086462588, -29.422707111233187], [-51.9694179929654, -29.42266900130468], [-51.969400883154044, -29.422674850673516], [-51.96940093498163, -29.42268030925471], [-51.969365506667415, -29.42267388081848], [-51.9698631727877, -29.426194149183463], [-51.97085428836015, -29.425918624458948], [-51.97092487472294, -29.425866996984283]], [[-51.96978334794248, -29.422785822487977], [-51.969773040246295, -29.422785897528946], [-51.96977295453192, -29.422776873428514], [-51.96978334794248, -29.422785822487977]], [[-51.96941132835035, -29.4226892583443], [-51.969401020662794, -29.422689333356256], [-51.96940093498163, -29.42268030925471], [-51.96941132835035, -29.4226892583443]], [[-51.969421721720906, -29.422698207433037], [-51.96942163603787, -29.422689183331535], [-51.96943194372535, -29.422689108318], [-51.969421721720906, -29.422698207433037]], [[-51.96944242278252, -29.422707081506502], [-51.96944233709764, -29.422698057405082], [-51.96945264478595, -29.422697982389927], [-51.96944242278252, -29.422707081506502]], [[-51.96949396122825, -29.42270670642253], [-51.96953519198412, -29.422706406341007], [-51.969525055679675, -29.422724529564952], [-51.96949396122825, -29.42270670642253]], [[-51.969463123847675, -29.422715955576667], [-51.96946303816094, -29.4227069314753], [-51.96948365353919, -29.42270678144092], [-51.969463123847675, -29.422715955576667]], [[-51.96956602935482, -29.422697157170422], [-51.96956594365905, -29.422688133069293], [-51.96959686671973, -29.42268790799278], [-51.96956602935482, -29.422697157170422]], [[-51.969607345805414, -29.422705881167623], [-51.96960726010597, -29.42269685706666], [-51.9696278754813, -29.42269670701001], [-51.969607345805414, -29.422705881167623]], [[-51.96972107321613, -29.42274115221884], [-51.9697107655243, -29.422741227254875], [-51.96971067981556, -29.422732203154233], [-51.96972107321613, -29.42274115221884]], [[-51.96969006443358, -29.422732353223868], [-51.96968997872671, -29.422723329123144], [-51.969710594106886, -29.42272317905357], [-51.96971067981556, -29.422732203154233], [-51.96969006443358, -29.422732353223868]], [[-51.969669363346384, -29.422723479189543], [-51.96966927764138, -29.422714455088727], [-51.9696898930199, -29.422714305022417], [-51.969669363346384, -29.422723479189543]], [[-51.96998941612415, -29.42277529740145], [-51.97001020298368, -29.422793195484875], [-51.969968972198565, -29.42279349571422], [-51.96998941612415, -29.42277529740145]], [[-51.969917347989124, -29.422784846882916], [-51.969917262261994, -29.42277582278288], [-51.96994809961619, -29.42276657352423], [-51.969917347989124, -29.422784846882916]], [[-51.97002059641618, -29.422802144525296], [-51.970020510679866, -29.422793120425542], [-51.970030818376, -29.422793045365417], [-51.97002059641618, -29.422802144525296]], [[-51.97009309326586, -29.422837715485546], [-51.9700827855654, -29.42283779055059], [-51.97008269982348, -29.422828766451047], [-51.97009309326586, -29.422837715485546]], [[-51.97007239212389, -29.422828841515294], [-51.9700723063829, -29.422819817415732], [-51.970082614081576, -29.422819742351525], [-51.97008269982348, -29.422828766451047], [-51.97007239212389, -29.422828841515294]], [[-51.97006199868417, -29.422819892479122], [-51.970061912944146, -29.422810868379518], [-51.97007222064196, -29.42281079331615], [-51.97006199868417, -29.422819892479122]], [[-51.97004129754843, -29.42281101850386], [-51.97004121181024, -29.422801994404182], [-51.970061827204155, -29.422801844279896], [-51.97004129754843, -29.42281101850386]], [[-51.97024779452464, -29.42284561351324], [-51.9702477087681, -29.422836589414167], [-51.97025801646793, -29.42283651433637], [-51.97024779452464, -29.42284561351324]], [[-51.970320034192, -29.422854112050537], [-51.970320119955005, -29.422863136149388], [-51.97028919684788, -29.422863361395017], [-51.970320034192, -29.422854112050537]], [[-51.970350957296034, -29.422853886797814], [-51.970351043061775, -29.422862910896594], [-51.970330513421246, -29.422872085164737], [-51.970350957296034, -29.422853886797814]], [[-51.97042328274832, -29.422871409377386], [-51.97042319697618, -29.422862385278833], [-51.970433504678084, -29.422862310187387], [-51.97042328274832, -29.422871409377386]], [[-51.97074350792177, -29.42294127395233], [-51.97072289250387, -29.42294142418277], [-51.97072280670501, -29.422932400085084], [-51.97074350792177, -29.42294127395233]], [[-51.970712498996924, -29.422932475199087], [-51.97071241319899, -29.42292345110136], [-51.97072272090618, -29.422923375987395], [-51.97072280670501, -29.422932400085084], [-51.970712498996924, -29.422932475199087]], [[-51.97090860288989, -29.422958120188436], [-51.97090877452069, -29.42297616838272], [-51.970888159096766, -29.422976318638877], [-51.97090860288989, -29.422958120188436]], [[-51.97085715014972, -29.422967519919876], [-51.970857064338894, -29.422958495822577], [-51.97088798746961, -29.42295827044448], [-51.97085715014972, -29.422967519919876]], [[-51.97083644891822, -29.42295864607065], [-51.97083636310926, -29.422949621973327], [-51.970856978528104, -29.4229494717253], [-51.97083644891822, -29.42295864607065]], [[-51.97075390143229, -29.422950222933505], [-51.97075372982905, -29.422932174738357], [-51.970815576076085, -29.422931724023325], [-51.97075390143229, -29.422950222933505]], [[-51.97103281036671, -29.423011363165834], [-51.9710225026516, -29.42301143830399], [-51.97102241682601, -29.423002414207225], [-51.97103281036671, -29.423011363165834]], [[-51.97101210911177, -29.42300248934454], [-51.97101202328712, -29.422993465247732], [-51.97102233100047, -29.422993390110438], [-51.97102241682601, -29.423002414207225], [-51.97101210911177, -29.42300248934454]], [[-51.97100171557375, -29.422993540384233], [-51.97100162975007, -29.422984516287393], [-51.97101193746253, -29.42298444115092], [-51.97100171557375, -29.422993540384233]], [[-51.97098101432503, -29.422984666557955], [-51.97098092850319, -29.422975642461044], [-51.971001543926405, -29.42297549219054], [-51.97098101432503, -29.422984666557955]], [[-51.97096031307982, -29.422975792728355], [-51.970960227259845, -29.42296676863137], [-51.97098084268139, -29.422966618364104], [-51.97096031307982, -29.422975792728355]], [[-51.970918996416266, -29.422967069156325], [-51.97091891059997, -29.42295804505923], [-51.97096014143991, -29.42295774453437], [-51.970918996416266, -29.422967069156325]], [[-51.97104320390923, -29.423020312123583], [-51.971043118081795, -29.423011288026878], [-51.97105342579683, -29.423011212887133], [-51.97104320390923, -29.423020312123583]], [[-51.971146281066964, -29.42301956068991], [-51.971167068174914, -29.423037458586318], [-51.97112583730533, -29.423037759175955], [-51.971146281066964, -29.42301956068991]], [[-51.97106390517042, -29.423029185939864], [-51.971063733511826, -29.423011137746574], [-51.97110496437143, -29.423010837176413], [-51.97106390517042, -29.423029185939864]], [[-51.97123939388498, -29.42305498071604], [-51.97123930804006, -29.423045956619916], [-51.971249615758005, -29.423045881464905], [-51.97123939388498, -29.42305498071604]], [[-51.97122900032209, -29.423046031774128], [-51.97122891447813, -29.423037007677962], [-51.971239222195194, -29.423036932523765], [-51.97122900032209, -29.423046031774128]], [[-51.971218606761035, -29.423037082831325], [-51.971218520918015, -29.423028058735117], [-51.9712288286342, -29.42302798358177], [-51.971218606761035, -29.423037082831325]], [[-51.97119790548551, -29.423028209039465], [-51.97119781964436, -29.42301918494318], [-51.97121843507503, -29.42301903463889], [-51.97119790548551, -29.423028209039465]]]}}, {"id": "1484", "type": "Feature", "properties": {"id": 16023, "codigo": "0355", "numero": "205", "fl_rural": 0, "Destinação": "NÃO ATRIBUÍDO"}, "geometry": {"type": "Polygon", "coordinates": [[[-51.96986195148468, -29.42277617043215], [-51.96982806017905, -29.42278905027425], [-51.96988499794757, -29.42277955821017], [-51.96986195148468, -29.42277617043215]]]}}, {"id": "1485", "type": "Feature", "properties": {"id": 16429, "codigo": "0418", "numero": "0", "fl_rural": 0, "Destinação": "ÁREA VERDE"}, "geometry": {"type": "Polygon", "coordinates": [[[-51.97091022372385, -29.425765903402187], [-51.97113333819424, -29.425714525003063], [-51.97114093814397, -29.425708966334266], [-51.97093736200203, -29.424898225651486], [-51.971180459453656, -29.4244452174645], [-51.97146921396201, -29.42445995598598], [-51.97145528267308, -29.424364532437906], [-51.9707307014779, -29.424547265613825], [-51.97091022372385, -29.425765903402187]]]}}, {"id": "1486", "type": "Feature", "properties": {"id": 16442, "codigo": "0197", "numero": "0", "fl_rural": 0, "Destinação": "ÁREA DE PRESERVAÇÃO PERMANENTE"}, "geometry": {"type": "Polygon", "coordinates": [[[-51.9707307014779, -29.424547265613825], [-51.97145528267308, -29.424364532437906], [-51.9714218657633, -29.42413564038993], [-51.97069737034936, -29.42431836389617], [-51.9707307014779, -29.424547265613825]]]}}, {"id": "1487", "type": "Feature", "properties": {"id": 27922, "codigo": "0938", "numero": null, "fl_rural": 0, "Destinação": "NÃO ATRIBUÍDO"}, "geometry": {"type": "Polygon", "coordinates": [[[-51.97341878042236, -29.425432818792522], [-51.97345928769866, -29.42559277173363], [-51.97340497949142, -29.42568296973739], [-51.97347157845782, -29.42567551705304], [-51.97343554965166, -29.42542876414129], [-51.97341878042236, -29.425432818792522]]]}}, {"id": "1488", "type": "Feature", "properties": {"id": 7012, "codigo": "1091", "numero": "0", "fl_rural": 0, "Destinação": "NÃO ATRIBUÍDO"}, "geometry": {"type": "Polygon", "coordinates": [[[-51.96593086330783, -29.42188607684828], [-51.965653928063304, -29.421857177368036], [-51.96552061359062, -29.421830553105778], [-51.9655274426486, -29.421851091832657], [-51.965524136679775, -29.421854034466257], [-51.96602108949233, -29.42516622090327], [-51.96649123368626, -29.424569570741436], [-51.96639839261036, -29.42394562526201], [-51.96594067943669, -29.421929318614136], [-51.96593020793983, -29.42192939454652], [-51.96594011636472, -29.421926838183524], [-51.96593086330783, -29.42188607684828]], [[-51.965537835600216, -29.421860041235334], [-51.96553775026336, -29.42185101712235], [-51.96558928833655, -29.421850643558784], [-51.965537835600216, -29.421860041235334]], [[-51.96559976663577, -29.421868617069315], [-51.9655996812934, -29.42185959295652], [-51.9656099889088, -29.4218595182406], [-51.96559976663577, -29.421868617069315]], [[-51.96566152698518, -29.42185914464899], [-51.965682312914794, -29.421877043431937], [-51.96562046721255, -29.421877491749356], [-51.96566152698518, -29.42185914464899]], [[-51.96574407326049, -29.421867570973397], [-51.965764859205954, -29.421885469743074], [-51.96569270588233, -29.421885992822133], [-51.96574407326049, -29.421867570973397]], [[-51.965899199706236, -29.42192059465478], [-51.96589911433724, -29.42191157054282], [-51.96593003719632, -29.4219113463228], [-51.965899199706236, -29.42192059465478]], [[-51.96585788385793, -29.42191186949172], [-51.965857798492614, -29.421902845379638], [-51.96587832836342, -29.421893671794827], [-51.96585788385793, -29.42191186949172]], [[-51.96582687563544, -29.421903069582847], [-51.9658267902729, -29.421894045470708], [-51.96585771312733, -29.421893821267577], [-51.96582687563544, -29.421903069582847]], [[-51.96577525218142, -29.421894419126623], [-51.96577508146553, -29.421876370902], [-51.96580600431508, -29.421876146711], [-51.96577525218142, -29.421894419126623]]]}}, {"id": "1489", "type": "Feature", "properties": {"id": 16027, "codigo": "0785", "numero": "0", "fl_rural": 0, "Destinação": "NÃO ATRIBUÍDO"}, "geometry": {"type": "Polygon", "coordinates": [[[-51.96669389910225, -29.42199583740675], [-51.96670387752093, -29.42198695547755], [-51.96671435602846, -29.422004928895237], [-51.96669598855417, -29.422005062185256], [-51.9672816909411, -29.424590895700394], [-51.96746168860485, -29.425173830420825], [-51.96766111995401, -29.425149856348433], [-51.96706415792666, -29.42209096186241], [-51.96695995400506, -29.422041298131372], [-51.9668593464324, -29.42207607446135], [-51.96685917552363, -29.42205802624299], [-51.96686414466712, -29.422059436404982], [-51.96683127463741, -29.422035608067944], [-51.96669060697932, -29.42198130292303], [-51.96669389910225, -29.42199583740675]], [[-51.96678685120556, -29.422040501698692], [-51.9667765435755, -29.422040576506102], [-51.96677645812854, -29.42203155239665], [-51.96678685120556, -29.422040501698692]], [[-51.96676615049933, -29.422031627203218], [-51.966766065053314, -29.42202260309374], [-51.9667763726816, -29.4220225282872], [-51.96677645812854, -29.42203155239665], [-51.96676615049933, -29.422031627203218]], [[-51.96679724428443, -29.422049450999886], [-51.96679715883561, -29.422040426890483], [-51.96680746646562, -29.42204035208151], [-51.96679724428443, -29.422049450999886]], [[-51.96681794499689, -29.422058325490347], [-51.96681785954622, -29.42204930138104], [-51.96682816717705, -29.422049226570426], [-51.96681794499689, -29.422058325490347]], [[-51.96683864571288, -29.422067199977498], [-51.96683856026034, -29.42205817586825], [-51.966848867892004, -29.42205810105602], [-51.96683864571288, -29.422067199977498]], [[-51.96690049150776, -29.422066751091947], [-51.966921106772396, -29.422066601457054], [-51.966890354789676, -29.422084874126377], [-51.96690049150776, -29.422066751091947]], [[-51.966983208961516, -29.422093224859733], [-51.966972901326706, -29.422093299682455], [-51.96697281586222, -29.42208427557361], [-51.966983208961516, -29.422093224859733]], [[-51.966962508228285, -29.422084350395487], [-51.96696242276474, -29.422075326286606], [-51.966972730397764, -29.422075251464747], [-51.96697281586222, -29.42208427557361], [-51.966962508228285, -29.422084350395487]], [[-51.96693149986544, -29.4220755507474], [-51.96693141440467, -29.422066526638417], [-51.96696233730123, -29.42206630217769], [-51.96693149986544, -29.4220755507474]], [[-51.96700373876377, -29.422084051103166], [-51.96700365329659, -29.422075026994374], [-51.96701396092944, -29.422074952169332], [-51.96700373876377, -29.422084051103166]], [[-51.96705553334771, -29.422110749295648], [-51.96705544787586, -29.422101725187034], [-51.96706575551126, -29.422101650357916], [-51.96705553334771, -29.422110749295648]]]}}, {"id": "1490", "type": "Feature", "properties": {"id": 16036, "codigo": "1409", "numero": "0", "fl_rural": 0, "Destinação": "NÃO ATRIBUÍDO"}, "geometry": {"type": "Polygon", "coordinates": [[[-51.968170690598996, -29.422403291717657], [-51.968052069459624, -29.422374252985637], [-51.96799609475251, -29.42237465975574], [-51.96802526929554, -29.4223680486253], [-51.9679856367173, -29.4223588735025], [-51.967985701537394, -29.422365710551706], [-51.96795477855952, -29.422365935252035], [-51.96798150956671, -29.422357918048302], [-51.96794310343805, -29.42234902685417], [-51.96793407769035, -29.42235706094235], [-51.967933992140004, -29.422348036836425], [-51.967938679854875, -29.42234800277448], [-51.9679187632703, -29.42234339199422], [-51.967913376824704, -29.422348186629335], [-51.96791331942417, -29.422342131718985], [-51.967851359791865, -29.422330587776674], [-51.967851325851946, -29.422327007382346], [-51.96783032939654, -29.42232171584316], [-51.967810043627864, -29.422321863227317], [-51.967809993650825, -29.42231659081643], [-51.96769631729996, -29.42228659051631], [-51.96763096255779, -29.422261415978657], [-51.968104827720495, -29.425600320987694], [-51.96858265501855, -29.425335267697424], [-51.968170690598996, -29.422403291717657]], [[-51.96774819769511, -29.42232231253863], [-51.96774836876284, -29.422340360751537], [-51.96772775344798, -29.422340510515696], [-51.96774819769511, -29.42232231253863]], [[-51.96771718919713, -29.422313513076976], [-51.96771710366609, -29.422304488970415], [-51.96772741131995, -29.422304414089623], [-51.96771718919713, -29.422313513076976]], [[-51.96770679601219, -29.422304563850396], [-51.96770671048211, -29.42229553974378], [-51.96771701813508, -29.42229546486383], [-51.96770679601219, -29.422304563850396]]]}}, {"id": "1491", "type": "Feature", "properties": {"id": 16026, "codigo": "0756", "numero": "595", "fl_rural": 0, "Destinação": "NÃO ATRIBUÍDO"}, "geometry": {"type": "Polygon", "coordinates": [[[-51.96763096255779, -29.422261415978657], [-51.967580722441184, -29.42224351612143], [-51.96757832162584, -29.422230569716465], [-51.967572112363165, -29.422233344361572], [-51.96757202684522, -29.422224320254504], [-51.967576955594126, -29.42222320338587], [-51.96757407766475, -29.422207684141956], [-51.967509114115664, -29.42217227574157], [-51.967449297543084, -29.422180990181353], [-51.96744117235239, -29.422171122273053], [-51.96742720676398, -29.422171223697053], [-51.96742712125907, -29.422162199589522], [-51.96743378560373, -29.42216215119025], [-51.96742656737933, -29.422153384777356], [-51.967406505978204, -29.422162349303154], [-51.96740642047514, -29.422153325195563], [-51.967426398854954, -29.422153180107298], [-51.96737940407976, -29.422124365367146], [-51.9672977087322, -29.422136065156664], [-51.9673856341936, -29.4221354266906], [-51.967231190597005, -29.422154597632243], [-51.967231057765694, -29.422140575887823], [-51.96721264355635, -29.42213862722857], [-51.96722079747014, -29.42214564836618], [-51.96717956691242, -29.422145947726243], [-51.96719190826632, -29.422134962436647], [-51.9671692178186, -29.422130952086704], [-51.96714855851353, -29.42213714812961], [-51.96714846507833, -29.42212728421059], [-51.96710724248183, -29.42212842335884], [-51.96712686889714, -29.422122537101753], [-51.96706415792666, -29.42209096186241], [-51.96766111995401, -29.425149856348433], [-51.96746168860485, -29.425173830420825], [-51.96766817073441, -29.42584253689155], [-51.968104827720495, -29.425600320987694], [-51.96763096255779, -29.422261415978657]], [[-51.96707623409402, -29.42211962374509], [-51.9670761486203, -29.42211059963655], [-51.96709676389274, -29.422110449974276], [-51.96707623409402, -29.42211962374509]], [[-51.96746860834612, -29.4221889724749], [-51.96746852283748, -29.4221799483675], [-51.96747883047952, -29.422179873506238], [-51.96746860834612, -29.4221889724749]], [[-51.96748930914247, -29.42219784685886], [-51.96748922363197, -29.422188822751522], [-51.967499531274846, -29.422188747888644], [-51.96748930914247, -29.42219784685886]], [[-51.967561719198976, -29.422224395123088], [-51.96756163368199, -29.422215371015987], [-51.96757194132732, -29.42221529614744], [-51.967561719198976, -29.422224395123088]], [[-51.96754101839121, -29.42221552075068], [-51.96754093287609, -29.422206496643515], [-51.96756154816503, -29.422206346908872], [-51.96754101839121, -29.42221552075068]], [[-51.96751000994236, -29.422206721239498], [-51.96750983891768, -29.422188673024973], [-51.967540847361, -29.422197472536343], [-51.96751000994236, -29.422206721239498]]]}}, {"id": "1492", "type": "Feature", "properties": {"id": 8347, "codigo": "0030", "numero": "1160", "fl_rural": 0, "Destinação": "NÃO ATRIBUÍDO"}, "geometry": {"type": "Polygon", "coordinates": [[[-51.961167203054465, -29.42795040703835], [-51.96122382090429, -29.428036846886165], [-51.961208720744246, -29.427945417046903], [-51.961167203054465, -29.42795040703835]]]}}, {"id": "1493", "type": "Feature", "properties": {"id": 6957, "codigo": "2809", "numero": "480", "fl_rural": 0, "Destinação": "NÃO ATRIBUÍDO"}, "geometry": {"type": "Polygon", "coordinates": [[[-51.962578563456155, -29.427592877473774], [-51.962543468235005, -29.427367496857038], [-51.96243194383794, -29.42729877505513], [-51.962364134893235, -29.427295468295927], [-51.962238589528305, -29.427242279285213], [-51.9621736705076, -29.42720090031497], [-51.962102469643014, -29.426753154234007], [-51.9617987195526, -29.426534828080207], [-51.961731455199605, -29.426525957092604], [-51.96191994932185, -29.42759172283777], [-51.961952302020904, -29.42751741454478], [-51.962578563456155, -29.427592877473774]]]}}, {"id": "1494", "type": "Feature", "properties": {"id": 6968, "codigo": "2958", "numero": "634", "fl_rural": 0, "Destinação": "NÃO ATRIBUÍDO"}, "geometry": {"type": "Polygon", "coordinates": [[[-51.96336767028874, -29.427479886617174], [-51.96363381272045, -29.427509962209225], [-51.96359687388785, -29.427283926326123], [-51.963338127949186, -29.427290777271725], [-51.96336767028874, -29.427479886617174]]]}}, {"id": "1495", "type": "Feature", "properties": {"id": 7183, "codigo": "0310", "numero": "0", "fl_rural": 0, "Destinação": "ÁREA VERDE"}, "geometry": {"type": "Polygon", "coordinates": [[[-51.96282797462068, -29.427418896207584], [-51.96254682286346, -29.427387122697468], [-51.96257855190153, -29.427592876081473], [-51.962860884992025, -29.427626896509313], [-51.96282797462068, -29.427418896207584]]]}}, {"id": "1496", "type": "Feature", "properties": {"id": 7184, "codigo": "0351", "numero": "0", "fl_rural": 0, "Destinação": "ÁREA VERDE"}, "geometry": {"type": "Polygon", "coordinates": [[[-51.96298695314395, -29.427436862465655], [-51.96301878397374, -29.42764592293977], [-51.96366949205035, -29.427724331627598], [-51.96363381272045, -29.427509962209225], [-51.96298695314395, -29.427436862465655]]]}}, {"id": "1497", "type": "Feature", "properties": {"id": 6965, "codigo": "2889", "numero": "0", "fl_rural": 0, "Destinação": "NÃO ATRIBUÍDO"}, "geometry": {"type": "Polygon", "coordinates": [[[-51.96248968703273, -29.427031474096413], [-51.96254682286346, -29.427387122697468], [-51.96282797462068, -29.427418896207584], [-51.962802404481884, -29.427256245709817], [-51.96248968703273, -29.427031474096413]]]}}, {"id": "1498", "type": "Feature", "properties": {"id": 6967, "codigo": "2927", "numero": "0", "fl_rural": 0, "Destinação": "NÃO ATRIBUÍDO"}, "geometry": {"type": "Polygon", "coordinates": [[[-51.96308722565715, -29.42744819415217], [-51.96336767028874, -29.427479886617174], [-51.963338127949186, -29.427290777271725], [-51.96306376952589, -29.427298041596888], [-51.96308722565715, -29.42744819415217]]]}}, {"id": "1499", "type": "Feature", "properties": {"id": 6966, "codigo": "2896", "numero": "584", "fl_rural": 0, "Destinação": "NÃO AFETADO"}, "geometry": {"type": "Polygon", "coordinates": [[[-51.96298695314395, -29.427436862465655], [-51.96308722565715, -29.42744819415217], [-51.96306376952589, -29.427298041596888], [-51.962963273597026, -29.427300702477858], [-51.96298695314395, -29.427436862465655]]]}}, {"id": "1500", "type": "Feature", "properties": {"id": 30997, "codigo": "2870", "numero": null, "fl_rural": 0, "Destinação": "NÃO ATRIBUÍDO"}, "geometry": {"type": "Polygon", "coordinates": [[[-51.962364134893235, -29.427295468295927], [-51.96243194383794, -29.42729877505513], [-51.962543468235005, -29.427367496857038], [-51.96248968703273, -29.427031474096413], [-51.96230068642499, -29.426895626315453], [-51.962364134893235, -29.427295468295927]]]}}, {"id": "1501", "type": "Feature", "properties": {"id": 6961, "codigo": "2854", "numero": "502", "fl_rural": 0, "Destinação": "NÃO ATRIBUÍDO"}, "geometry": {"type": "Polygon", "coordinates": [[[-51.962364134893235, -29.427295468295927], [-51.96230068642499, -29.426895626315453], [-51.96210246968427, -29.42675315426365], [-51.9621736705076, -29.42720090031497], [-51.962238589528305, -29.427242279285213], [-51.962364134893235, -29.427295468295927]]]}}, {"id": "1502", "type": "Feature", "properties": {"id": 8361, "codigo": "0105", "numero": "247", "fl_rural": 0, "Destinação": "NÃO ATRIBUÍDO"}, "geometry": {"type": "Polygon", "coordinates": [[[-51.963074715482705, -29.424419696193198], [-51.96302388057851, -29.424425909811], [-51.96307600115656, -29.42442789219747], [-51.963074715482705, -29.424419696193198]]]}}, {"id": "1503", "type": "Feature", "properties": {"id": 8361, "codigo": "0105", "numero": "247", "fl_rural": 0, "Destinação": "NÃO ATRIBUÍDO"}, "geometry": {"type": "Polygon", "coordinates": [[[-51.96287779308413, -29.42444376627931], [-51.96288342150011, -29.424479058374096], [-51.96294735469472, -29.424435263671324], [-51.96287779308413, -29.42444376627931]]]}}, {"id": "1504", "type": "Feature", "properties": {"id": 8362, "codigo": "0121", "numero": "0", "fl_rural": 0, "Destinação": "NÃO ATRIBUÍDO"}, "geometry": {"type": "Polygon", "coordinates": [[[-51.96287779308413, -29.42444376627931], [-51.96294735469472, -29.424435263671324], [-51.962964317049995, -29.424423644334734], [-51.96302388057851, -29.424425909811], [-51.963074715482705, -29.424419696193198], [-51.963052678038984, -29.424279209952523], [-51.96285552592455, -29.42430414397599], [-51.96287779308413, -29.42444376627931]]]}}, {"id": "1505", "type": "Feature", "properties": {"id": 8363, "codigo": "0137", "numero": "0", "fl_rural": 0, "Destinação": "NÃO ATRIBUÍDO"}, "geometry": {"type": "Polygon", "coordinates": [[[-51.96285552592455, -29.42430414397599], [-51.963052678038984, -29.424279209952523], [-51.96303064614322, -29.42413875840948], [-51.96283300298908, -29.424162916570108], [-51.96285552592455, -29.42430414397599]]]}}, {"id": "1506", "type": "Feature", "properties": {"id": 7011, "codigo": "0951", "numero": null, "fl_rural": 0, "Destinação": "NÃO ATRIBUÍDO"}, "geometry": {"type": "Polygon", "coordinates": [[[-51.965524136679775, -29.421854034466257], [-51.965517220368845, -29.421860190655238], [-51.965517135033814, -29.421851166542176], [-51.96552369924467, -29.42185111896483], [-51.96552061359062, -29.421830553105778], [-51.96544967376322, -29.421827235175606], [-51.965350418377355, -29.421791933442574], [-51.96529498866, -29.42176244520097], [-51.96524836835734, -29.421780916423906], [-51.96524853985704, -29.42178993991322], [-51.96523823224758, -29.421790014601044], [-51.96523814707975, -29.421781005541362], [-51.965226631248576, -29.4217730404312], [-51.96521753172021, -29.421781139860315], [-51.96521744641192, -29.421772115746364], [-51.965225212992884, -29.421772059471817], [-51.96519244208609, -29.421749392946186], [-51.96515961939279, -29.421703646409235], [-51.965113977984316, -29.42169094816892], [-51.96509307096087, -29.421701829321414], [-51.96504299490476, -29.421683031961752], [-51.965014751812255, -29.421658711490597], [-51.96502089403719, -29.42169864432895], [-51.965020834240676, -29.421692317600975], [-51.96503114184095, -29.421692242930206], [-51.96502126204035, -29.42170103685135], [-51.96563049941307, -29.42566191060236], [-51.96602108949233, -29.42516622090327], [-51.965524136679775, -29.421854034466257]], [[-51.96525893277849, -29.421798889338454], [-51.965248625168144, -29.42179896402709], [-51.96524853985704, -29.42178993991322], [-51.96525893277849, -29.421798889338454]], [[-51.96505192762813, -29.4217101418153], [-51.96505184233473, -29.421701117700813], [-51.9650621499358, -29.42170104302762], [-51.96505192762813, -29.4217101418153]], [[-51.965072628127295, -29.421719016582514], [-51.96507254283203, -29.421709992468106], [-51.96508285043393, -29.421709917793294], [-51.965072628127295, -29.421719016582514]], [[-51.96519674588994, -29.421763241002264], [-51.965186438283, -29.421763315685993], [-51.965186352977526, -29.421754291571933], [-51.96519674588994, -29.421763241002264]], [[-51.96517604537146, -29.421754366254852], [-51.96517596006696, -29.42174534214076], [-51.9651862676721, -29.42174526745787], [-51.965186352977526, -29.421754291571933], [-51.96517604537146, -29.421754366254852]], [[-51.96516565246176, -29.421745416822837], [-51.965165567158195, -29.4217363927087], [-51.96517587476247, -29.421736318026635], [-51.96516565246176, -29.421745416822837]], [[-51.96513464434511, -29.421736616750074], [-51.96513455904432, -29.421727592635843], [-51.96516548185466, -29.42172736859454], [-51.96513464434511, -29.421736616750074]], [[-51.96509332863, -29.42172789134643], [-51.96509315803579, -29.421709843117686], [-51.965134473743554, -29.421718568521595], [-51.96509332863, -29.42172789134643]], [[-51.96526932570173, -29.421807838762806], [-51.965269240388785, -29.421798814649037], [-51.965279547999046, -29.421798739958806], [-51.96526932570173, -29.421807838762806]], [[-51.965372401811734, -29.421807091824437], [-51.965393187681144, -29.421824990654052], [-51.96532103439234, -29.42182551353083], [-51.965372401811734, -29.421807091824437]], [[-51.965290026238854, -29.421816713495232], [-51.96528985560928, -29.421798665267794], [-51.96532086375722, -29.421807465303587], [-51.965290026238854, -29.421816713495232]], [[-51.96545520401468, -29.421842590669353], [-51.96543458878633, -29.421842740076368], [-51.96543450345866, -29.421833715963093], [-51.96545520401468, -29.421842590669353]], [[-51.96540358061857, -29.421833940067565], [-51.96540340996879, -29.421815891840797], [-51.96543441813102, -29.421824691849775], [-51.96543450345866, -29.421833715963093], [-51.96540358061857, -29.421833940067565]], [[-51.96547590457424, -29.4218514653723], [-51.96547581924288, -29.421842441259127], [-51.965506742084884, -29.421842217137833], [-51.96547590457424, -29.4218514653723]]]}}, {"id": "1507", "type": "Feature", "properties": {"id": 7010, "codigo": "0904", "numero": "0", "fl_rural": 0, "Destinação": "NÃO ATRIBUÍDO"}, "geometry": {"type": "Polygon", "coordinates": [[[-51.965630501108535, -29.425661908450685], [-51.965014751812255, -29.421658711490597], [-51.96497358140793, -29.421655944117557], [-51.964903408399046, -29.42164112427393], [-51.96477774085945, -29.421589918887896], [-51.96474338499136, -29.421567175479186], [-51.964685597300296, -29.421566061120068], [-51.964642849961514, -29.421581698823474], [-51.964561145539285, -29.42155086777142], [-51.964494474143464, -29.42153602235573], [-51.96442678267437, -29.42150585623274], [-51.96436799664849, -29.42149172004521], [-51.96428190120133, -29.421459387845935], [-51.96418271056782, -29.421437319569186], [-51.96417322485534, -29.421445762613633], [-51.96417313964051, -29.421436738496446], [-51.96418121335756, -29.42143668006018], [-51.96414666314955, -29.421414382265123], [-51.96409843210759, -29.42140553449751], [-51.96403890844315, -29.421405965270946], [-51.96396871402262, -29.421388845852817], [-51.96397054006424, -29.42140023877289], [-51.9639769548795, -29.421402059361114], [-51.96397111267712, -29.421403811381982], [-51.96440512298386, -29.424111660252425], [-51.965046593777785, -29.424417599638854], [-51.965244763128226, -29.425751823487566], [-51.96548278613717, -29.425849370430864], [-51.965630501108535, -29.425661908450685]], [[-51.96416291727735, -29.421445837217444], [-51.96415260969931, -29.421445911820477], [-51.964152524486295, -29.42143688770322], [-51.96416291727735, -29.421445837217444]], [[-51.964111294177414, -29.421437186107216], [-51.96411120896807, -29.421428161989855], [-51.964142046485065, -29.421418914070856], [-51.964152524486295, -29.42143688770322], [-51.964111294177414, -29.421437186107216]], [[-51.96401844077899, -29.42142883335194], [-51.964018355577906, -29.42141980923431], [-51.96409042340034, -29.421410262952133], [-51.96401844077899, -29.42142883335194]], [[-51.96397712527427, -29.421420107596607], [-51.96397704007686, -29.42141108347886], [-51.96399757002774, -29.42140191018166], [-51.96397712527427, -29.421420107596607]], [[-51.9641939252279, -29.42145463752075], [-51.96419384001122, -29.421445613403613], [-51.96420414758911, -29.42144553879741], [-51.9641939252279, -29.42145463752075]], [[-51.96422493318362, -29.421463437816694], [-51.96422484796416, -29.421454413699653], [-51.96423515554284, -29.421454339091028], [-51.96422493318362, -29.421463437816694]], [[-51.96433865747522, -29.4214987135444], [-51.96430773472659, -29.421498937392233], [-51.96430764949968, -29.42148991327545], [-51.96433865747522, -29.4214987135444]], [[-51.964287034335555, -29.421490062503295], [-51.964286949110516, -29.42148103838647], [-51.96430756427282, -29.421480889158705], [-51.96430764949968, -29.42148991327545], [-51.964287034335555, -29.421490062503295]], [[-51.964266333948046, -29.42148118761107], [-51.96426624872487, -29.42147216349419], [-51.96428686388551, -29.421472014269636], [-51.964266333948046, -29.42148118761107]], [[-51.964245633564076, -29.42147231271553], [-51.96424554834275, -29.421463288598574], [-51.964266163501726, -29.42146313937728], [-51.964245633564076, -29.42147231271553]], [[-51.96439036585731, -29.421516388681802], [-51.96436975068834, -29.421516537922574], [-51.964369665455905, -29.421507513806002], [-51.96439036585731, -29.421516388681802]], [[-51.9643490502886, -29.421507663043524], [-51.964348965058015, -29.42149863892688], [-51.9643695802235, -29.421498489689416], [-51.964369665455905, -29.421507513806002], [-51.9643490502886, -29.421507663043524]], [[-51.96444215949574, -29.421543087915], [-51.96444207425681, -29.42153406379868], [-51.96445238184287, -29.421533989173078], [-51.96444215949574, -29.421543087915]], [[-51.964462859910434, -29.421551962779223], [-51.96446277466964, -29.421542938662935], [-51.96448338984337, -29.42154278940766], [-51.964462859910434, -29.421551962779223]], [[-51.96449386791726, -29.421560763011183], [-51.9644937826737, -29.421551738895023], [-51.96451439784903, -29.421551589634912], [-51.96449386791726, -29.421560763011183]], [[-51.964669267436264, -29.421577542429528], [-51.9646797455462, -29.421595516017515], [-51.96461789999616, -29.421595963865638], [-51.964669267436264, -29.421577542429528]], [[-51.96458689196871, -29.42158716366306], [-51.96458680671683, -29.421578139547155], [-51.96461772948691, -29.421577915634025], [-51.96458689196871, -29.42158716366306]], [[-51.96455588394641, -29.421578363453143], [-51.96455579869731, -29.421569339337143], [-51.964586721465004, -29.42156911543125], [-51.96455588394641, -29.421578363453143]], [[-51.96452487592926, -29.42156956323583], [-51.964524705436645, -29.421551515003653], [-51.964555713448235, -29.42156031522112], [-51.96452487592926, -29.42156956323583]], [[-51.96470044599119, -29.421604390843992], [-51.964700360729225, -29.421595366728425], [-51.96475189868614, -29.421594993491755], [-51.96470044599119, -29.421604390843992]], [[-51.964762376812295, -29.421612967072818], [-51.96476229154482, -29.421603942957407], [-51.964772599136964, -29.421603868306878], [-51.964762376812295, -29.421612967072818]], [[-51.9648037777266, -29.421630716696246], [-51.96479347013184, -29.42163079134928], [-51.96479338486156, -29.42162176723399], [-51.9648037777266, -29.421630716696246]], [[-51.96478307726768, -29.421621841886182], [-51.964782991998355, -29.42161281777087], [-51.96479329959132, -29.42161274311869], [-51.96479338486156, -29.42162176723399], [-51.96478307726768, -29.421621841886182]], [[-51.96481417059345, -29.42163966615763], [-51.96481408532131, -29.421630642042427], [-51.964824392915986, -29.421630567387798], [-51.96481417059345, -29.42163966615763]], [[-51.964896801916005, -29.421657117128106], [-51.96486587912449, -29.421657341106567], [-51.96486579384771, -29.421648316991515], [-51.964896801916005, -29.421657117128106]], [[-51.96483487105858, -29.4216485409627], [-51.964834700510615, -29.4216304927324], [-51.96486570857099, -29.421639292876428], [-51.96486579384771, -29.421648316991515], [-51.96483487105858, -29.4216485409627]], [[-51.96497951855226, -29.421683592161315], [-51.96496921095272, -29.421683666828073], [-51.96496912566671, -29.421674642713317], [-51.96497951855226, -29.421683592161315]], [[-51.964938202870556, -29.42167486670869], [-51.96493811758733, -29.421665842593853], [-51.96496904038076, -29.421665618598567], [-51.96496912566671, -29.421674642713317], [-51.964938202870556, -29.42167486670869]], [[-51.96490719479354, -29.421666066581952], [-51.96490702423268, -29.421648018352073], [-51.96493803230414, -29.42165681847899], [-51.96490719479354, -29.421666066581952]], [[-51.96500021904002, -29.421692466940083], [-51.96500013375125, -29.42168344282545], [-51.9650104413507, -29.421683368156305], [-51.96500021904002, -29.421692466940083]]]}}, {"id": "1508", "type": "Feature", "properties": {"id": 6889, "codigo": "0735", "numero": "444", "fl_rural": 0, "Destinação": "NÃO ATRIBUÍDO"}, "geometry": {"type": "Polygon", "coordinates": [[[-51.96191994932185, -29.42759172283777], [-51.961731579884045, -29.426525973536297], [-51.961659062479974, -29.42651640976341], [-51.96170306062427, -29.426792703725432], [-51.96145166819557, -29.42682253637602], [-51.96146435197862, -29.426904451013808], [-51.9610456059407, -29.42695544611014], [-51.96122382097195, -29.428036846989492], [-51.96123574172898, -29.428055046699054], [-51.96170003822301, -29.428096818821746], [-51.96191994932185, -29.42759172283777]]]}}, {"id": "1509", "type": "Feature", "properties": {"id": 30930, "codigo": "0720", "numero": null, "fl_rural": 0, "Destinação": "NÃO ATRIBUÍDO"}, "geometry": {"type": "Polygon", "coordinates": [[[-51.96170306062427, -29.426792703725432], [-51.961659062479974, -29.42651640976341], [-51.96140099970776, -29.426482375812938], [-51.96145166819557, -29.42682253637602], [-51.96170306062427, -29.426792703725432]]]}}, {"id": "1510", "type": "Feature", "properties": {"id": 6956, "codigo": "2755", "numero": "426", "fl_rural": 0, "Destinação": "NÃO ATRIBUÍDO"}, "geometry": {"type": "Polygon", "coordinates": [[[-51.96146435197862, -29.426904451013808], [-51.96140100418018, -29.426482376402777], [-51.96134456828421, -29.42647493349859], [-51.96125403128149, -29.426346155030757], [-51.96108685036475, -29.426304861572493], [-51.96093991818958, -29.426256880815682], [-51.9610456059407, -29.42695544611014], [-51.96146435197862, -29.426904451013808]]]}}, {"id": "1511", "type": "Feature", "properties": {"id": 7002, "codigo": "0547", "numero": "145", "fl_rural": 0, "Destinação": "NÃO ATRIBUÍDO"}, "geometry": {"type": "Polygon", "coordinates": [[[-51.96176711551261, -29.42090362198664], [-51.96159106001658, -29.42090489303862], [-51.96161150510582, -29.42088669598117], [-51.961765593576494, -29.420894282874073], [-51.96176028653693, -29.420861717091825], [-51.961537743509105, -29.420864996221933], [-51.961466362683694, -29.42087074838985], [-51.96147264627078, -29.420908427997094], [-51.96157052993704, -29.420914065968226], [-51.961473703014484, -29.42091476477379], [-51.962072544918954, -29.42450572762511], [-51.96236168669991, -29.424552111049067], [-51.96176711551261, -29.42090362198664]]]}}, {"id": "1512", "type": "Feature", "properties": {"id": 6996, "codigo": "0455", "numero": "455", "fl_rural": 0, "Destinação": "NÃO ATRIBUÍDO"}, "geometry": {"type": "Polygon", "coordinates": [[[-51.96086103405017, -29.421063843238745], [-51.96059097795951, -29.4210774566755], [-51.96122672479339, -29.425022717605962], [-51.96147492981302, -29.42483679252734], [-51.96086103405017, -29.421063843238745]]]}}, {"id": "1513", "type": "Feature", "properties": {"id": 6995, "codigo": "0450", "numero": "421", "fl_rural": 0, "Destinação": "NÃO ATRIBUÍDO"}, "geometry": {"type": "Polygon", "coordinates": [[[-51.96107114146536, -29.425609982480395], [-51.96110496134442, -29.42511392800475], [-51.96122672479339, -29.425022717605962], [-51.96059097795951, -29.4210774566755], [-51.96033875789418, -29.42107510645014], [-51.96107114146536, -29.425609982480395]]]}}, {"id": "1514", "type": "Feature", "properties": {"id": 6998, "codigo": "0521", "numero": "519", "fl_rural": 0, "Destinação": "NÃO ATRIBUÍDO"}, "geometry": {"type": "Polygon", "coordinates": [[[-51.961473703014484, -29.42091476477379], [-51.96127161148668, -29.420916223280148], [-51.96129205663652, -29.420898026270425], [-51.96147264627078, -29.420908427997094], [-51.961466362683694, -29.42087074838985], [-51.961308500955795, -29.42087101477351], [-51.96125576460357, -29.42088186925074], [-51.96113266730018, -29.42088353104152], [-51.9617574685927, -29.42462514876242], [-51.96194434668513, -29.424485162375053], [-51.962072544918954, -29.42450572762511], [-51.961473703014484, -29.42091476477379]], [[-51.96125108137473, -29.42092539616121], [-51.96115831356426, -29.420926065521353], [-51.96117875873675, -29.420907868528534], [-51.96125108137473, -29.42092539616121]]]}}, {"id": "1515", "type": "Feature", "properties": {"id": 6997, "codigo": "0484", "numero": "0", "fl_rural": 0, "Destinação": "NÃO ATRIBUÍDO"}, "geometry": {"type": "Polygon", "coordinates": [[[-51.96113266730018, -29.42088353104152], [-51.9610754022309, -29.42089102599318], [-51.96083404560377, -29.420895385469983], [-51.96083906773785, -29.420926267601025], [-51.96113778343966, -29.420935238385237], [-51.96084087486537, -29.420937379998257], [-51.961474999220876, -29.4248367405354], [-51.9617574685927, -29.42462514876242], [-51.96113266730018, -29.42088353104152]]]}}, {"id": "1516", "type": "Feature", "properties": {"id": 30928, "codigo": "0784", "numero": "236", "fl_rural": 0, "Destinação": "NÃO ATRIBUÍDO"}, "geometry": {"type": "Polygon", "coordinates": [[[-51.96393499151513, -29.423785929393006], [-51.963501111140495, -29.423837023031933], [-51.963551077693175, -29.424168804394995], [-51.963190343460774, -29.424211283294937], [-51.963223727328234, -29.42443351090651], [-51.963562429669835, -29.424446393321926], [-51.96378519913196, -29.424020619346145], [-51.96396130618086, -29.42395206604427], [-51.96393499151513, -29.423785929393006]]]}}, {"id": "1517", "type": "Feature", "properties": {"id": 7007, "codigo": "0805", "numero": "771", "fl_rural": 0, "Destinação": "NÃO ATRIBUÍDO"}, "geometry": {"type": "Polygon", "coordinates": [[[-51.96397111267712, -29.421403811381982], [-51.96394611735147, -29.421411307242145], [-51.963945946962234, -29.42139325900645], [-51.96397054006424, -29.42140023877289], [-51.96396871402262, -29.421388845852817], [-51.963613033283636, -29.42126802767587], [-51.963591692242424, -29.421232927369985], [-51.96356168451531, -29.421207086585014], [-51.9635229522476, -29.42118437459932], [-51.96353363823412, -29.42125184611066], [-51.96355289659154, -29.42125170681422], [-51.963534890408766, -29.421259752363987], [-51.96396130618086, -29.42395206604427], [-51.964021427318244, -29.423928662651253], [-51.96440512298386, -29.424111660252425], [-51.96397111267712, -29.421403811381982]], [[-51.96359438232149, -29.421278480941634], [-51.96358407475862, -29.42127855550029], [-51.96358398959645, -29.42126953138131], [-51.96359438232149, -29.421278480941634]], [[-51.96355306691032, -29.421269755052393], [-51.963552981750915, -29.421260730933312], [-51.96357351171202, -29.421251557701073], [-51.96358398959645, -29.42126953138131], [-51.96355306691032, -29.421269755052393]], [[-51.96360477504836, -29.421287430501106], [-51.96360468988433, -29.4212784063822], [-51.96361499744712, -29.421278331821963], [-51.96360477504836, -29.421287430501106]], [[-51.96362547534164, -29.421296305498625], [-51.963625390175736, -29.421287281379783], [-51.96363569773936, -29.421287206817922], [-51.96362547534164, -29.421296305498625]], [[-51.96364617563843, -29.421305180492823], [-51.963646090470675, -29.42129615637405], [-51.96365639803513, -29.421296081810564], [-51.96364617563843, -29.421305180492823]], [[-51.96379099263396, -29.421358281241226], [-51.963780685063625, -29.421358355815272], [-51.96378059988379, -29.42134933169693], [-51.96379099263396, -29.421358281241226]], [[-51.96375998474483, -29.421349480842572], [-51.96375989956687, -29.421340456724135], [-51.963780514704005, -29.421340307578543], [-51.96378059988379, -29.42134933169693], [-51.96375998474483, -29.421349480842572]], [[-51.96373928442958, -29.421340605866522], [-51.96373919925347, -29.421331581748053], [-51.963759814388936, -29.42133143260571], [-51.96373928442958, -29.421340605866522]], [[-51.96370827654997, -29.421331805455573], [-51.96370819137664, -29.42132278133698], [-51.96373911407739, -29.42132255762954], [-51.96370827654997, -29.421331805455573]], [[-51.96368757624261, -29.421322930471298], [-51.96368749107112, -29.421313906352665], [-51.963708106203335, -29.421313757218403], [-51.96368757624261, -29.421322930471298]], [[-51.96366687593875, -29.42131405548371], [-51.96366679076913, -29.421305031365023], [-51.963687405899684, -29.421304882234], [-51.96366687593875, -29.42131405548371]], [[-51.9638737087595, -29.42138475697443], [-51.96387362357137, -29.42137573285638], [-51.96388393114316, -29.421375658275096], [-51.9638737087595, -29.42138475697443]], [[-51.96389440909489, -29.421393631929035], [-51.963894323904896, -29.421384607811053], [-51.96391493905012, -29.421384458644443], [-51.96389440909489, -29.421393631929035]], [[-51.96392541700819, -29.421402432295793], [-51.96392533181542, -29.421393408177885], [-51.96393563938885, -29.42139333359258], [-51.96392541700819, -29.421402432295793]]]}}, {"id": "1518", "type": "Feature", "properties": {"id": 30501, "codigo": "0873", "numero": null, "fl_rural": 0, "Destinação": "NÃO ATRIBUÍDO"}, "geometry": {"type": "Polygon", "coordinates": [[[-51.96397054006424, -29.42140023877289], [-51.9639769548795, -29.421402059361114], [-51.96397111267712, -29.421403811381982], [-51.96440512298386, -29.424111660252425], [-51.96491627717961, -29.424355447190976], [-51.96447391603646, -29.421547022580317], [-51.964462859910434, -29.421551962779223], [-51.96446277466964, -29.421542938662935], [-51.964473260811246, -29.421542862742555], [-51.96447050056423, -29.421525338722198], [-51.96442678267437, -29.42150585623274], [-51.96436799664849, -29.42149172004521], [-51.96428190120133, -29.421459387845935], [-51.96418271056782, -29.421437319569186], [-51.96417322485534, -29.421445762613633], [-51.96417313964051, -29.421436738496446], [-51.96418121335756, -29.42143668006018], [-51.96414666314955, -29.421414382265123], [-51.96409843210759, -29.42140553449751], [-51.96403890844315, -29.421405965270946], [-51.96396871402262, -29.421388845852817], [-51.96397054006424, -29.42140023877289]], [[-51.96416291727735, -29.421445837217444], [-51.96415260969931, -29.421445911820477], [-51.964152524486295, -29.42143688770322], [-51.96416291727735, -29.421445837217444]], [[-51.964111294177414, -29.421437186107216], [-51.96411120896807, -29.421428161989855], [-51.964142046485065, -29.421418914070856], [-51.964152524486295, -29.42143688770322], [-51.964111294177414, -29.421437186107216]], [[-51.96401844077899, -29.42142883335194], [-51.964018355577906, -29.42141980923431], [-51.96409042340034, -29.421410262952133], [-51.96401844077899, -29.42142883335194]], [[-51.96397712527427, -29.421420107596607], [-51.96397704007686, -29.42141108347886], [-51.96399757002774, -29.42140191018166], [-51.96397712527427, -29.421420107596607]], [[-51.9641939252279, -29.42145463752075], [-51.96419384001122, -29.421445613403613], [-51.96420414758911, -29.42144553879741], [-51.9641939252279, -29.42145463752075]], [[-51.96422493318362, -29.421463437816694], [-51.96422484796416, -29.421454413699653], [-51.96423515554284, -29.421454339091028], [-51.96422493318362, -29.421463437816694]], [[-51.96433865747522, -29.4214987135444], [-51.96430773472659, -29.421498937392233], [-51.96430764949968, -29.42148991327545], [-51.96433865747522, -29.4214987135444]], [[-51.964287034335555, -29.421490062503295], [-51.964286949110516, -29.42148103838647], [-51.96430756427282, -29.421480889158705], [-51.96430764949968, -29.42148991327545], [-51.964287034335555, -29.421490062503295]], [[-51.964266333948046, -29.42148118761107], [-51.96426624872487, -29.42147216349419], [-51.96428686388551, -29.421472014269636], [-51.964266333948046, -29.42148118761107]], [[-51.964245633564076, -29.42147231271553], [-51.96424554834275, -29.421463288598574], [-51.964266163501726, -29.42146313937728], [-51.964245633564076, -29.42147231271553]], [[-51.96439036585731, -29.421516388681802], [-51.96436975068834, -29.421516537922574], [-51.964369665455905, -29.421507513806002], [-51.96439036585731, -29.421516388681802]], [[-51.9643490502886, -29.421507663043524], [-51.964348965058015, -29.42149863892688], [-51.9643695802235, -29.421498489689416], [-51.964369665455905, -29.421507513806002], [-51.9643490502886, -29.421507663043524]], [[-51.96444215949574, -29.421543087915], [-51.96444207425681, -29.42153406379868], [-51.96445238184287, -29.421533989173078], [-51.96444215949574, -29.421543087915]]]}}, {"id": "1519", "type": "Feature", "properties": {"id": 30929, "codigo": "0740", "numero": "0", "fl_rural": 0, "Destinação": "ÁREA DE RECREAÇÃO PÚBLICA E INSTITUCIONAL"}, "geometry": {"type": "Polygon", "coordinates": [[[-51.963190343460774, -29.424211283294937], [-51.96331804599907, -29.424196245517667], [-51.9633015561466, -29.424088919020967], [-51.96317384868938, -29.424103924146618], [-51.963190343460774, -29.424211283294937]]]}}, {"id": "1520", "type": "Feature", "properties": {"id": 8364, "codigo": "0153", "numero": "0", "fl_rural": 0, "Destinação": "NÃO ATRIBUÍDO"}, "geometry": {"type": "Polygon", "coordinates": [[[-51.96283300298908, -29.424162916570108], [-51.96303064614322, -29.42413875840948], [-51.96300744840502, -29.423990874034654], [-51.96280994161575, -29.42401831283481], [-51.96283300298908, -29.424162916570108]]]}}, {"id": "1521", "type": "Feature", "properties": {"id": 7003, "codigo": "0563", "numero": "553", "fl_rural": 0, "Destinação": "NÃO ATRIBUÍDO"}, "geometry": {"type": "Polygon", "coordinates": [[[-51.96263069234794, -29.424595264283333], [-51.962046248583135, -29.420910631276183], [-51.96194160107145, -29.420911386993016], [-51.96204405934523, -29.420896828459156], [-51.9620406428304, -29.420875287844957], [-51.96198440567918, -29.42086788124571], [-51.96176028653693, -29.420861717091825], [-51.961765593576494, -29.420894282874073], [-51.961931208525776, -29.420902437299095], [-51.96176711551261, -29.42090362198664], [-51.96236168669991, -29.424552111049067], [-51.96263069234794, -29.424595264283333]]]}}, {"id": "1522", "type": "Feature", "properties": {"id": 8365, "codigo": "0043", "numero": "0", "fl_rural": 0, "Destinação": "ÁREA VERDE"}, "geometry": {"type": "Polygon", "coordinates": [[[-51.96278671390023, -29.423893654952874], [-51.96298849098804, -29.423870021281733], [-51.96292727462848, -29.42347976788587], [-51.962727047699865, -29.423503219953638], [-51.96278671390023, -29.423893654952874]]]}}, {"id": "1523", "type": "Feature", "properties": {"id": 8366, "codigo": "0094", "numero": "0", "fl_rural": 0, "Destinação": "ÁREA VERDE"}, "geometry": {"type": "Polygon", "coordinates": [[[-51.962727047699865, -29.423503219953638], [-51.96292727462848, -29.42347976788587], [-51.962856662615245, -29.42302961290068], [-51.96265822381004, -29.423052855459705], [-51.962727047699865, -29.423503219953638]]]}}, {"id": "1524", "type": "Feature", "properties": {"id": 35131, "codigo": "0650", "numero": null, "fl_rural": 0, "Destinação": "NÃO ATRIBUÍDO"}, "geometry": {"type": "Polygon", "coordinates": [[[-51.96205326066227, -29.420954841384916], [-51.96263069234794, -29.424595264283333], [-51.962698013998796, -29.424606063859454], [-51.96288342150011, -29.424479058374096], [-51.96278671390023, -29.423893654952874], [-51.962330232024605, -29.420954030683514], [-51.96205326066227, -29.420954841384916]]]}}, {"id": "1525", "type": "Feature", "properties": {"id": 7006, "codigo": "0715", "numero": "681", "fl_rural": 0, "Destinação": "NÃO ATRIBUÍDO"}, "geometry": {"type": "Polygon", "coordinates": [[[-51.96331804599907, -29.424196245517667], [-51.963551077693175, -29.424168804394995], [-51.963501111140495, -29.423837023031933], [-51.96393499151513, -29.423785929393006], [-51.963553514018, -29.421377342168157], [-51.96264047776823, -29.42110044758071], [-51.963084529802664, -29.423990754005573], [-51.96315543008774, -29.423982405201798], [-51.96317384868938, -29.424103924146618], [-51.9633015561466, -29.424088919020967], [-51.96331804599907, -29.424196245517667]]]}}, {"id": "1526", "type": "Feature", "properties": {"id": 8367, "codigo": "0231", "numero": "0", "fl_rural": 0, "Destinação": "NÃO ATRIBUÍDO"}, "geometry": {"type": "Polygon", "coordinates": [[[-51.96233211918568, -29.42091885777645], [-51.96234367979501, -29.420917507726614], [-51.9623323066406, -29.420920084463678], [-51.96265822381004, -29.423052855459705], [-51.96298777508724, -29.423014255883995], [-51.96263773567196, -29.421012008675614], [-51.96263322647322, -29.421014687834635], [-51.96263645281972, -29.421004670681114], [-51.962632228427296, -29.42098050689395], [-51.962460430018986, -29.420918557830245], [-51.96236756336906, -29.42090264516042], [-51.96232963012084, -29.420902569572657], [-51.96233211918568, -29.42091885777645]], [[-51.962426480270246, -29.420953008499552], [-51.96241617273668, -29.420953082967102], [-51.96241608767884, -29.42094405884457], [-51.962426480270246, -29.420953008499552]], [[-51.96236455001499, -29.420944431170184], [-51.962364464961745, -29.420935407047494], [-51.9624056100324, -29.420926085066142], [-51.96241608767884, -29.42094405884457], [-51.96236455001499, -29.420944431170184]], [[-51.962436787803775, -29.420952934031234], [-51.962436702744114, -29.420943909908747], [-51.96244701027668, -29.420943835439633], [-51.962436787803775, -29.420952934031234]], [[-51.96245748793221, -29.420961809214557], [-51.9624574028707, -29.420952785092144], [-51.96246771040411, -29.420952710621428], [-51.96245748793221, -29.420961809214557]], [[-51.96247818806421, -29.42097068439459], [-51.96247810300082, -29.420961660272248], [-51.962488410535066, -29.420961585799898], [-51.96247818806421, -29.42097068439459]], [[-51.96249888819972, -29.420979559571286], [-51.96249880313447, -29.42097053544903], [-51.962509110669544, -29.420970460975063], [-51.96249888819972, -29.420979559571286]], [[-51.962560733415046, -29.42097911271534], [-51.9625608184858, -29.42098813683744], [-51.96251958833875, -29.42098843474471], [-51.962560733415046, -29.42097911271534]], [[-51.96257121109415, -29.420997086480668], [-51.96257112602246, -29.420988062358614], [-51.96259174109567, -29.4209879133986], [-51.96257121109415, -29.420997086480668]], [[-51.96260221878109, -29.42100588716133], [-51.962602048632206, -29.420987838917387], [-51.96263305631878, -29.42099663959088], [-51.96260221878109, -29.42100588716133]]]}}, {"id": "1527", "type": "Feature", "properties": {"id": 36109, "codigo": "1857", "numero": null, "fl_rural": 0, "Destinação": "NÃO ATRIBUÍDO"}, "geometry": {"type": "Polygon", "coordinates": [[[-51.988942110837556, -29.410969882276305], [-51.988904359252686, -29.410967277822735], [-51.98890432355482, -29.410963590453946], [-51.98819496134343, -29.41084547714456], [-51.987591145516845, -29.411003011164713], [-51.987813966037955, -29.412158539533394], [-51.98808944574383, -29.411966041998802], [-51.98874784177957, -29.411834811807307], [-51.98911117103566, -29.41190267969763], [-51.988942110837556, -29.410969882276305]]]}}, {"id": "1528", "type": "Feature", "properties": {"id": 22815, "codigo": "0933", "numero": "0", "fl_rural": 0, "Destinação": "NÃO ATRIBUÍDO"}, "geometry": {"type": "Polygon", "coordinates": [[[-51.9906026362229, -29.412274147941186], [-51.989874291252214, -29.41235843503496], [-51.99012274617722, -29.413829556721694], [-51.99084690583967, -29.413892234414327], [-51.9906026362229, -29.412274147941186]]]}}, {"id": "1529", "type": "Feature", "properties": {"id": 22816, "codigo": "0952", "numero": "0", "fl_rural": 0, "Destinação": "ÁREA VERDE"}, "geometry": {"type": "Polygon", "coordinates": [[[-51.989874291252214, -29.41235843503496], [-51.9906026362229, -29.412274147941186], [-51.99057697023952, -29.412104128191945], [-51.98984574273038, -29.412188685448257], [-51.989874291252214, -29.41235843503496]]]}}, {"id": "1530", "type": "Feature", "properties": {"id": 22398, "codigo": "0950", "numero": "0", "fl_rural": 0, "Destinação": "NÃO ATRIBUÍDO"}, "geometry": {"type": "Polygon", "coordinates": [[[-51.99120992192488, -29.412203867192652], [-51.9906756770046, -29.412265695080624], [-51.99092220759292, -29.413898751955138], [-51.99122779490323, -29.41392520124319], [-51.9914674960518, -29.413893765062724], [-51.99120992192488, -29.412203867192652]]]}}, {"id": "1531", "type": "Feature", "properties": {"id": 22399, "codigo": "0968", "numero": "0", "fl_rural": 0, "Destinação": "ÁREA VERDE"}, "geometry": {"type": "Polygon", "coordinates": [[[-51.99118418803573, -29.41203502805063], [-51.99065018567279, -29.412096833157815], [-51.9906756770046, -29.412265695080624], [-51.99120992192488, -29.412203867192652], [-51.99118418803573, -29.41203502805063]]]}}, {"id": "1532", "type": "Feature", "properties": {"id": 32203, "codigo": "0210", "numero": null, "fl_rural": 0, "Destinação": "NÃO ATRIBUÍDO"}, "geometry": {"type": "Polygon", "coordinates": [[[-51.984715192856875, -29.414227498475466], [-51.983059973839886, -29.414381213906683], [-51.98336819920335, -29.414471125068623], [-51.983945571118475, -29.414841616788237], [-51.98412371960262, -29.41492092906603], [-51.98424511321018, -29.414987720663504], [-51.98437869800441, -29.415163435294396], [-51.98569880986945, -29.414962243045576], [-51.98552354000607, -29.414169363987277], [-51.984715192856875, -29.414227498475466]]]}}, {"id": "1533", "type": "Feature", "properties": {"id": 36451, "codigo": "0050", "numero": "0", "fl_rural": 0, "Destinação": "NÃO AFETADO"}, "geometry": {"type": "Polygon", "coordinates": [[[-51.991620446743575, -29.413950309993574], [-51.99163618394382, -29.414065951812237], [-51.99175916559202, -29.414122756146703], [-51.99205090418455, -29.413913153059383], [-51.991620446743575, -29.413950309993574]]]}}, {"id": "1534", "type": "Feature", "properties": {"id": 32111, "codigo": "0019", "numero": "0", "fl_rural": 0, "Destinação": "NÃO AFETADO"}, "geometry": {"type": "Polygon", "coordinates": [[[-51.991620446743575, -29.413950309993574], [-51.99205090418455, -29.413913153059383], [-51.99239380015689, -29.413666795339562], [-51.99273716031381, -29.413692696359288], [-51.99246265734986, -29.411708932665558], [-51.99157911844533, -29.41191904626375], [-51.991829044591434, -29.413810199464567], [-51.9914674960518, -29.413893765062724], [-51.991481165754095, -29.41399435003078], [-51.99163618394382, -29.414065951812237], [-51.991620446743575, -29.413950309993574]]]}}, {"id": "1535", "type": "Feature", "properties": {"id": 36902, "codigo": "2226", "numero": "1501", "fl_rural": 0, "Destinação": "NÃO ATRIBUÍDO"}, "geometry": {"type": "Polygon", "coordinates": [[[-52.00159242284493, -29.41980969762931], [-52.00174780615869, -29.42084141413151], [-52.001978676529326, -29.420914078385028], [-52.002244366098594, -29.420677438006482], [-52.00231063954184, -29.421128173426446], [-52.00265415199738, -29.42146852619914], [-52.00272346834134, -29.421179214702462], [-52.00225878047882, -29.42004560183839], [-52.00229049741069, -29.42001123169207], [-52.0021958567344, -29.42002086012156], [-52.0021601631749, -29.41975193922121], [-52.00159242284493, -29.41980969762931]]]}}, {"id": "1536", "type": "Feature", "properties": {"id": 36902, "codigo": "2226", "numero": "1501", "fl_rural": 0, "Destinação": "NÃO ATRIBUÍDO"}, "geometry": {"type": "Polygon", "coordinates": [[[-52.00231374627668, -29.419736314194093], [-52.00234272284175, -29.41995463745038], [-52.002568069730984, -29.419710439632375], [-52.00231374627668, -29.419736314194093]]]}}, {"id": "1537", "type": "Feature", "properties": {"id": 36906, "codigo": "2241", "numero": null, "fl_rural": 0, "Destinação": "NÃO ATRIBUÍDO"}, "geometry": {"type": "Polygon", "coordinates": [[[-52.0023137447423, -29.419736314350033], [-52.0021601631749, -29.41975193922121], [-52.0021958567344, -29.42002086012156], [-52.00229049741069, -29.42001123169207], [-52.00234272284175, -29.41995463745038], [-52.0023137447423, -29.419736314350033]]]}}, {"id": "1538", "type": "Feature", "properties": {"id": 22375, "codigo": "0307", "numero": "0", "fl_rural": 0, "Destinação": "NÃO ATRIBUÍDO"}, "geometry": {"type": "Polygon", "coordinates": [[[-52.00171791569528, -29.419588267852838], [-52.00153235446091, -29.41836383552431], [-52.001100273812796, -29.41842649092023], [-52.00171791569528, -29.419588267852838]]]}}, {"id": "1539", "type": "Feature", "properties": {"id": 22374, "codigo": "0301", "numero": "0", "fl_rural": 0, "Destinação": "NÃO ATRIBUÍDO"}, "geometry": {"type": "Polygon", "coordinates": [[[-52.001707105150665, -29.41958931929475], [-52.001075240373865, -29.418400788653614], [-52.0009346440542, -29.418306767207895], [-52.00113724950226, -29.4196447424614], [-52.001707105150665, -29.41958931929475]]]}}, {"id": "1540", "type": "Feature", "properties": {"id": 22376, "codigo": "0372", "numero": "0", "fl_rural": 0, "Destinação": "NÃO ATRIBUÍDO"}, "geometry": {"type": "Polygon", "coordinates": [[[-52.00140907236897, -29.417585753893437], [-52.00138933250107, -29.417579376636045], [-52.00089883843588, -29.41801624756845], [-52.000888100879884, -29.418002277669995], [-52.00093273075373, -29.418294132041275], [-52.001083514149045, -29.418394965933683], [-52.00109575887247, -29.418417998324777], [-52.0015309980813, -29.418354884930697], [-52.00140907236897, -29.417585753893437]]]}}, {"id": "1541", "type": "Feature", "properties": {"id": 22376, "codigo": "0372", "numero": "0", "fl_rural": 0, "Destinação": "NÃO ATRIBUÍDO"}, "geometry": {"type": "Polygon", "coordinates": [[[-52.00057172548737, -29.412303607386246], [-52.00006081605045, -29.412592298368036], [-52.00029559342446, -29.414127610861122], [-52.000303627549386, -29.41407692844826], [-52.000764600528, -29.413784676550037], [-52.00079596852825, -29.413718175973262], [-52.00057172548737, -29.412303607386246]]]}}, {"id": "1542", "type": "Feature", "properties": {"id": 22377, "codigo": "0397", "numero": "0", "fl_rural": 0, "Destinação": "NÃO ATRIBUÍDO"}, "geometry": {"type": "Polygon", "coordinates": [[[-51.99994489168576, -29.408348938690885], [-51.99991771694234, -29.40834914261644], [-51.99991754028936, -29.408331094540326], [-51.999943217340075, -29.408338375311104], [-51.99977342611859, -29.407267169304887], [-51.99971157910374, -29.407255881803678], [-51.9995866681379, -29.407206102393292], [-51.99923003371227, -29.40715242558988], [-51.99912061624386, -29.407151367639067], [-51.99903494167085, -29.40716515871718], [-51.99892535890129, -29.407147196409195], [-51.99884595421698, -29.407144034837188], [-51.998842343575966, -29.407213562230098], [-51.998862200169135, -29.407269764990712], [-51.998881648776766, -29.407297941790855], [-51.99896504077028, -29.407342075112606], [-51.999139866959, -29.407395795195484], [-51.99920119953293, -29.407436604727824], [-51.99929311213225, -29.40797479077512], [-51.999306123389985, -29.40799274260279], [-51.99929610979338, -29.407992817699032], [-52.000059304263246, -29.412582412061447], [-52.000570162916226, -29.412293749804682], [-51.99994489168576, -29.408348938690885]], [[-51.99931651777388, -29.408001689352204], [-51.999316429501725, -29.407992665312012], [-51.99932673561341, -29.407992588020463], [-51.99931651777388, -29.408001689352204]], [[-51.999399231512136, -29.408028143116994], [-51.999388925397085, -29.408028220414245], [-51.99938883711844, -29.408019196374298], [-51.999399231512136, -29.408028143116994]], [[-51.99935791877577, -29.40801942826119], [-51.999357830499896, -29.40801040422113], [-51.99938874883983, -29.408010172334333], [-51.99938883711844, -29.408019196374298], [-51.99935791877577, -29.40801942826119]], [[-51.99933721827307, -29.40801055880834], [-51.99933712999905, -29.40800153476822], [-51.999357742224056, -29.408001380181076], [-51.99933721827307, -29.40801055880834]], [[-51.99944063253847, -29.408045881999612], [-51.999440544255194, -29.40803685795982], [-51.99947146260234, -29.40803662605365], [-51.99944063253847, -29.408045881999612]], [[-51.99948194529186, -29.408054596829324], [-51.999481857004895, -29.408045572789675], [-51.99949216312141, -29.4080454954852], [-51.99948194529186, -29.408054596829324]], [[-51.99953374075332, -29.408081282417314], [-51.99952343463334, -29.408081359725095], [-51.99952334634261, -29.40807233568557], [-51.99953374075332, -29.408081282417314]], [[-51.9995130402235, -29.40807241299253], [-51.999512951933724, -29.40806338895296], [-51.99952325805194, -29.40806331164606], [-51.99952334634261, -29.40807233568557], [-51.9995130402235, -29.40807241299253]], [[-51.999502645815475, -29.408063466259105], [-51.999502557526654, -29.408054442219527], [-51.99951286364399, -29.408054364913433], [-51.999502645815475, -29.408063466259105]], [[-51.99956563035368, -29.408180314921726], [-51.999586419206686, -29.40819820837672], [-51.999555412517736, -29.408189416271473], [-51.99956563035368, -29.408180314921726]], [[-51.999544841507955, -29.408162421463253], [-51.999544311751144, -29.408108277227022], [-51.99956501229091, -29.408117146646667], [-51.999544841507955, -29.408162421463253]], [[-51.99953400562846, -29.40810835453568], [-51.999533917336706, -29.408099330496245], [-51.99954422345848, -29.408099253187597], [-51.99953400562846, -29.40810835453568]], [[-51.99964852090228, -29.408224816604136], [-51.99964843259999, -29.40821579256518], [-51.999658738733146, -29.408215715247415], [-51.99964852090228, -29.408224816604136]], [[-51.999669221474505, -29.408233686006657], [-51.99966913317036, -29.408224661967754], [-51.99967943930434, -29.40822458464838], [-51.999669221474505, -29.408233686006657]], [[-51.99968992205026, -29.408242555405867], [-51.99968983374426, -29.40823353136702], [-51.999700139879074, -29.40823345404602], [-51.99968992205026, -29.408242555405867]], [[-51.99971062262954, -29.408251424801747], [-51.99971053432168, -29.408242400763005], [-51.999720840457314, -29.408242323440355], [-51.99971062262954, -29.408251424801747]], [[-51.99979333666651, -29.408277878313683], [-51.99978303052752, -29.408277955642006], [-51.99978294221315, -29.40826893160349], [-51.99979333666651, -29.408277878313683]], [[-51.99976232993686, -29.408269086257683], [-51.99976224162437, -29.408260062219078], [-51.999782853898836, -29.408259907564958], [-51.99978294221315, -29.40826893160349], [-51.99976232993686, -29.408269086257683]], [[-51.99973132321233, -29.408260294194328], [-51.99973114659291, -29.40824224611693], [-51.999762153311906, -29.40825103818048], [-51.99973132321233, -29.408260294194328]], [[-51.999855526782994, -29.408313510480184], [-51.999845220640594, -29.408313587813403], [-51.99984513232061, -29.40830456377511], [-51.999855526782994, -29.408313510480184]], [[-51.99983482617909, -29.4083046411075], [-51.99983473786005, -29.408295617069157], [-51.99984504400068, -29.408295539736773], [-51.99984513232061, -29.40830456377511], [-51.99983482617909, -29.4083046411075]], [[-51.999865921247185, -29.408322457184422], [-51.99986583292535, -29.40831343314618], [-51.99987613906767, -29.408313355811373], [-51.999865921247185, -29.408322457184422]], [[-51.99990732247093, -29.40834019591649], [-51.99989701632601, -29.408340273253778], [-51.99989692800136, -29.40833124921564], [-51.99990732247093, -29.40834019591649]], [[-51.99988662185731, -29.40833132655211], [-51.99988653353361, -29.408322302513945], [-51.99989683967676, -29.408322225177518], [-51.99989692800136, -29.40833124921564], [-51.99988662185731, -29.40833132655211]]]}}, {"id": "1544", "type": "Feature", "properties": {"id": 22366, "codigo": "0015", "numero": "0", "fl_rural": 0, "Destinação": "NÃO ATRIBUÍDO"}, "geometry": {"type": "Polygon", "coordinates": [[[-52.002701410580734, -29.419492608978793], [-52.00263504591153, -29.418699139529704], [-52.00239438617269, -29.418723230602417], [-52.00251517390707, -29.419510723690095], [-52.002701410580734, -29.419492608978793]]]}}, {"id": "1545", "type": "Feature", "properties": {"id": 22369, "codigo": "0110", "numero": "0", "fl_rural": 0, "Destinação": "NÃO ATRIBUÍDO"}, "geometry": {"type": "Polygon", "coordinates": [[[-52.003511123558255, -29.419065737758213], [-52.00350475391322, -29.41897548594746], [-52.00318541240552, -29.418764693875325], [-52.00328045397046, -29.419377250817238], [-52.00336777065946, -29.419426174828114], [-52.003653305119606, -29.41939310467982], [-52.003511123558255, -29.419065737758213]]]}}, {"id": "1546", "type": "Feature", "properties": {"id": 22368, "codigo": "0097", "numero": "00", "fl_rural": 0, "Destinação": "ÁREA DE PRESERVAÇÃO PERMANENTE"}, "geometry": {"type": "Polygon", "coordinates": [[[-52.00318541240552, -29.418764693875325], [-52.00293391797199, -29.41859868549432], [-52.00282288061597, -29.418573452588944], [-52.00293687959635, -29.419310777739092], [-52.00301354424884, -29.419227699863406], [-52.00328045397046, -29.419377250817238], [-52.00318541240552, -29.418764693875325]]]}}, {"id": "1547", "type": "Feature", "properties": {"id": 22367, "codigo": "0050", "numero": "0", "fl_rural": 0, "Destinação": "NÃO ATRIBUÍDO"}, "geometry": {"type": "Polygon", "coordinates": [[[-52.00277408775936, -29.419487187591123], [-52.00293687959635, -29.419310777739092], [-52.00282288061597, -29.418573452588944], [-52.00235464752082, -29.41846414583925], [-52.00239438617269, -29.418723230602417], [-52.00263504591153, -29.418699139529704], [-52.002701410580734, -29.419492608978793], [-52.00277408775936, -29.419487187591123]]]}}, {"id": "1548", "type": "Feature", "properties": {"id": 35287, "codigo": "0146", "numero": "0", "fl_rural": 0, "Destinação": "NÃO ATRIBUÍDO"}, "geometry": {"type": "Polygon", "coordinates": [[[-52.00340324304567, -29.418048181024812], [-52.003371658949455, -29.417907399467676], [-52.00307328771019, -29.4180408340907], [-52.00318427842944, -29.418757842392353], [-52.00350438353212, -29.418969138429865], [-52.00349829221312, -29.41888283020196], [-52.0035165662874, -29.418779651527775], [-52.00340324304567, -29.418048181024812]]]}}, {"id": "1549", "type": "Feature", "properties": {"id": 35287, "codigo": "0146", "numero": "0", "fl_rural": 0, "Destinação": "NÃO ATRIBUÍDO"}, "geometry": {"type": "Polygon", "coordinates": [[[-52.00275830028178, -29.413885252038007], [-52.00177598508246, -29.40754467633681], [-52.0014439595331, -29.407515252880575], [-52.002248082127394, -29.41270994464873], [-52.00249001262973, -29.413149001594594], [-52.002591807518, -29.414068754023972], [-52.00275830028178, -29.413885252038007]], [[-52.00168798439221, -29.408092179705204], [-52.00168789591027, -29.4080831556717], [-52.00169820202361, -29.408083078196512], [-52.00168798439221, -29.408092179705204]], [[-52.00169811354081, -29.40807405416299], [-52.00170841965319, -29.408073976687078], [-52.00170850813692, -29.40808300072055], [-52.00169811354081, -29.40807405416299]], [[-52.00171881425019, -29.408082923243754], [-52.001718725765556, -29.408073899210322], [-52.001729031877865, -29.40807382173279], [-52.00171881425019, -29.408082923243754]], [[-52.00174964410236, -29.408073666775323], [-52.00174955561504, -29.408064642741948], [-52.00177016783756, -29.40806448778135], [-52.00174964410236, -29.408073666775323]], [[-52.001780473948756, -29.40806441029986], [-52.00178038545875, -29.40805538626656], [-52.001800997679204, -29.40805523130123], [-52.001780473948756, -29.40806441029986]], [[-52.00180090918742, -29.408046207267983], [-52.00181121529667, -29.40804612978416], [-52.00181130378939, -29.408055153817376], [-52.00180090918742, -29.408046207267983]], [[-52.0018216098995, -29.408055076332737], [-52.001821521405894, -29.408046052299532], [-52.00183182751508, -29.408045974814122], [-52.0018216098995, -29.408055076332737]]]}}, {"id": "1550", "type": "Feature", "properties": {"id": 22370, "codigo": "0114", "numero": "0", "fl_rural": 0, "Destinação": "NÃO ATRIBUÍDO"}, "geometry": {"type": "Polygon", "coordinates": [[[-52.00225322566899, -29.407979632984826], [-52.00217130942459, -29.407980249122243], [-52.00219174457536, -29.40796204603226], [-52.00225168972334, -29.407969660166618], [-52.00219844305932, -29.40762393224424], [-52.001988827591454, -29.40759191409086], [-52.00191167814804, -29.407600007710176], [-52.001832236237085, -29.40759309149416], [-52.00177598508246, -29.40754467633681], [-52.00185235964557, -29.40803765323402], [-52.00186265734516, -29.408036718319977], [-52.001853481142135, -29.40804489218732], [-52.00275830028178, -29.413885252038007], [-52.00297929763617, -29.413641677167252], [-52.00312053360907, -29.413611019996758], [-52.00225322566899, -29.407979632984826]], [[-52.00190379327653, -29.408027384327866], [-52.001903704775756, -29.40801836029487], [-52.00192431698797, -29.408018205310665], [-52.00190379327653, -29.408027384327866]], [[-52.001955235305985, -29.40801797282837], [-52.00195514680071, -29.40800894879548], [-52.00197575901069, -29.408008793803354], [-52.001955235305985, -29.40801797282837]], [[-52.0020374186147, -29.407990280742506], [-52.00203759563967, -29.408008328807856], [-52.00199637122051, -29.40800863880804], [-52.0020374186147, -29.407990280742506]], [[-52.002099343749244, -29.407998839751166], [-52.002047813230945, -29.407999227273162], [-52.002068248408015, -29.40798102420155], [-52.002099343749244, -29.407998839751166]], [[-52.00216091479979, -29.407971302601403], [-52.002161091846475, -29.4079893506661], [-52.00211986743652, -29.407989660704324], [-52.00216091479979, -29.407971302601403]]]}}, {"id": "1551", "type": "Feature", "properties": {"id": 22370, "codigo": "0114", "numero": "0", "fl_rural": 0, "Destinação": "NÃO ATRIBUÍDO"}, "geometry": {"type": "Polygon", "coordinates": [[[-52.0035165662874, -29.418779651527775], [-52.003557035587114, -29.418556115027258], [-52.003577824491536, -29.41847929096382], [-52.003468679255306, -29.418339853498814], [-52.00340324304567, -29.418048181024812], [-52.0035165662874, -29.418779651527775]]]}}, {"id": "1552", "type": "Feature", "properties": {"id": 22372, "codigo": "0179", "numero": "0", "fl_rural": 0, "Destinação": "ÁREA DE PRESERVAÇÃO PERMANENTE"}, "geometry": {"type": "Polygon", "coordinates": [[[-52.00318427842944, -29.418757842392353], [-52.00307328771019, -29.4180408340907], [-52.002961147547964, -29.418090984300584], [-52.00271026459285, -29.417841249153827], [-52.00282213771141, -29.418568623026633], [-52.00293637808567, -29.418594206343506], [-52.00318427842944, -29.418757842392353]]]}}, {"id": "1553", "type": "Feature", "properties": {"id": 22372, "codigo": "0179", "numero": "0", "fl_rural": 0, "Destinação": "ÁREA DE PRESERVAÇÃO PERMANENTE"}, "geometry": {"type": "Polygon", "coordinates": [[[-52.0014439595331, -29.407515252880575], [-52.00143247511745, -29.4075172144329], [-52.001112930233425, -29.407455740158174], [-52.0017944205144, -29.411886636796552], [-52.002248082127394, -29.41270994464873], [-52.0014439595331, -29.407515252880575]], [[-52.0013082502123, -29.40825747834758], [-52.0013081617633, -29.40824845431323], [-52.00131846789451, -29.408248376867032], [-52.0013082502123, -29.40825747834758]], [[-52.00149296439743, -29.408174867888587], [-52.00149287593241, -29.408165843854633], [-52.00150318205471, -29.408165766394337], [-52.00149296439743, -29.408174867888587]]]}}, {"id": "1554", "type": "Feature", "properties": {"id": 22373, "codigo": "0207", "numero": "0", "fl_rural": 0, "Destinação": "NÃO ATRIBUÍDO"}, "geometry": {"type": "Polygon", "coordinates": [[[-52.000812399017455, -29.40840786977706], [-52.00082518805515, -29.408396477955172], [-52.00084597716788, -29.408414371206796], [-52.00081343357492, -29.408414615639746], [-52.001422947839586, -29.412388971513213], [-52.001431039534715, -29.412371817012147], [-52.00160850484997, -29.41154923591893], [-52.0017944205144, -29.411886636796552], [-52.001112930233425, -29.407455740158174], [-52.00094486133195, -29.407451367631523], [-52.00083727586484, -29.407418364785002], [-52.00077292334825, -29.407418848112922], [-52.00070400476213, -29.407391189862032], [-52.000659123533225, -29.40740843242775], [-52.000812399017455, -29.40840786977706]], [[-52.00089741950124, -29.408404960109298], [-52.0008665010561, -29.408405192348948], [-52.000886936528275, -29.40838698945268], [-52.00089741950124, -29.408404960109298]], [[-52.00091794338274, -29.408395781243666], [-52.000917854967724, -29.408386757208433], [-52.00092816111412, -29.408386679792095], [-52.00091794338274, -29.408395781243666]], [[-52.00093846726046, -29.408386602374947], [-52.00093837884368, -29.408377578339746], [-52.000948684989076, -29.408377500921844], [-52.00093846726046, -29.408386602374947]], [[-52.00097960342506, -29.408377268663326], [-52.00097951500466, -29.408368244628235], [-52.000989821148984, -29.40836816720716], [-52.00097960342506, -29.408377268663326]], [[-52.00102073958177, -29.408367934939157], [-52.001020651157766, -29.408358910904166], [-52.001030957301026, -29.408358833479937], [-52.00102073958177, -29.408367934939157]], [[-52.00108239958732, -29.408349422312003], [-52.00108231115793, -29.408340398277165], [-52.00109261729914, -29.408340320848207], [-52.00108239958732, -29.408349422312003]], [[-52.0011029234403, -29.40834024341845], [-52.001102835009156, -29.408331219383683], [-52.00111314114935, -29.40833114195315], [-52.0011029234403, -29.40834024341845]], [[-52.00112344728953, -29.408331064521832], [-52.00112335885659, -29.408322040487075], [-52.001143971134994, -29.408321885622115], [-52.00112344728953, -29.408331064521832]], [[-52.00114388270026, -29.408312861587397], [-52.0011541888385, -29.408312784153747], [-52.00115427727413, -29.408321808188422], [-52.00114388270026, -29.408312861587397]], [[-52.001164583413235, -29.40832173075395], [-52.00116449497669, -29.408312706719308], [-52.001174801114836, -29.40831262928407], [-52.001164583413235, -29.40832173075395]]]}}, {"id": "1555", "type": "Feature", "properties": {"id": 22373, "codigo": "0207", "numero": "0", "fl_rural": 0, "Destinação": "NÃO ATRIBUÍDO"}, "geometry": {"type": "Polygon", "coordinates": [[[-52.0023531550799, -29.41845441546338], [-52.00282213771141, -29.418568623026633], [-52.00271026459285, -29.417841249153827], [-52.00243025803022, -29.417562523642246], [-52.00223608994957, -29.417691088802652], [-52.0023531550799, -29.41845441546338]]]}}, {"id": "1556", "type": "Feature", "properties": {"id": 36154, "codigo": "0740", "numero": null, "fl_rural": 0, "Destinação": "NÃO ATRIBUÍDO"}, "geometry": {"type": "Polygon", "coordinates": [[[-51.99842695050184, -29.41840519096005], [-51.99845899861476, -29.418694801082715], [-51.99871964733209, -29.418409686037798], [-51.998665637062835, -29.41803800927889], [-51.998427137885606, -29.418086335706686], [-51.99821694379883, -29.41656601543254], [-51.9980047301992, -29.41720768797558], [-51.99794708553219, -29.41726566082787], [-51.99809965430193, -29.418463328528468], [-51.99842695050184, -29.41840519096005]]]}}, {"id": "1557", "type": "Feature", "properties": {"id": 36154, "codigo": "0740", "numero": null, "fl_rural": 0, "Destinação": "NÃO ATRIBUÍDO"}, "geometry": {"type": "Polygon", "coordinates": [[[-51.997941719864905, -29.4145753384678], [-51.99791713993151, -29.414573133504113], [-51.99756981989676, -29.41430411852251], [-51.99768052921221, -29.415173188722708], [-51.99806624513244, -29.415476021697216], [-51.997941719864905, -29.4145753384678]]]}}, {"id": "1558", "type": "Feature", "properties": {"id": 36154, "codigo": "0740", "numero": null, "fl_rural": 0, "Destinação": "NÃO ATRIBUÍDO"}, "geometry": {"type": "Polygon", "coordinates": [[[-51.997499313666914, -29.411375442968776], [-51.99718589279883, -29.411290283611667], [-51.997233542912134, -29.41166433789368], [-51.99741562142404, -29.411770207862325], [-51.99755739683658, -29.411795554789098], [-51.997499313666914, -29.411375442968776]]]}}, {"id": "1559", "type": "Feature", "properties": {"id": 22379, "codigo": "0540", "numero": "0", "fl_rural": 0, "Destinação": "NÃO ATRIBUÍDO"}, "geometry": {"type": "Polygon", "coordinates": [[[-51.99701427614097, -29.420036719560326], [-51.9971426147629, -29.419998655042793], [-51.99712872052146, -29.419897075817122], [-51.99701427614097, -29.420036719560326]]]}}, {"id": "1560", "type": "Feature", "properties": {"id": 36679, "codigo": "0565", "numero": null, "fl_rural": 0, "Destinação": "NÃO ATRIBUÍDO"}, "geometry": {"type": "Polygon", "coordinates": [[[-51.997125817277386, -29.419875850359922], [-51.997124485844374, -29.419867158449076], [-51.99688006607371, -29.419873223530473], [-51.9968474326536, -29.420086204405596], [-51.99698745923916, -29.42004467330342], [-51.997125817277386, -29.419875850359922]]]}}, {"id": "1561", "type": "Feature", "properties": {"id": 22378, "codigo": "0531", "numero": "0", "fl_rural": 0, "Destinação": "NÃO ATRIBUÍDO"}, "geometry": {"type": "Polygon", "coordinates": [[[-51.99716670159268, -29.419850731492915], [-51.99712872052146, -29.419897075817122], [-51.9971426147629, -29.419998655042793], [-51.99718353242923, -29.4199865190918], [-51.99716670159268, -29.419850731492915]]]}}, {"id": "1562", "type": "Feature", "properties": {"id": 36907, "codigo": "0594", "numero": "0", "fl_rural": 0, "Destinação": "ÁREA INSTITUCIONAL"}, "geometry": {"type": "Polygon", "coordinates": [[[-51.996911898308035, -29.41966547156617], [-51.99694574572491, -29.419618704338472], [-51.99691924993897, -29.41961749140397], [-51.996911898308035, -29.41966547156617]]]}}, {"id": "1563", "type": "Feature", "properties": {"id": 22381, "codigo": "0607", "numero": "0", "fl_rural": 0, "Destinação": "NÃO ATRIBUÍDO"}, "geometry": {"type": "Polygon", "coordinates": [[[-51.996945745723565, -29.419618704338763], [-51.99691189831381, -29.419665471528518], [-51.99688006607371, -29.419873223530473], [-51.997124485844374, -29.419867158449076], [-51.99689640838215, -29.4183781872676], [-51.996842940032465, -29.418570089963282], [-51.99695402923122, -29.419390505569293], [-51.99691924993883, -29.41961749140496], [-51.996945745723565, -29.419618704338763]]]}}, {"id": "1564", "type": "Feature", "properties": {"id": 22382, "codigo": "0687", "numero": "0", "fl_rural": 0, "Destinação": "NÃO ATRIBUÍDO"}, "geometry": {"type": "Polygon", "coordinates": [[[-51.99575080042958, -29.41513357460755], [-51.996530807030965, -29.415694906350854], [-51.99624676302226, -29.413840398385087], [-51.99555403858937, -29.41383217506116], [-51.99575080042958, -29.41513357460755]]]}}, {"id": "1565", "type": "Feature", "properties": {"id": 22382, "codigo": "0687", "numero": "0", "fl_rural": 0, "Destinação": "NÃO ATRIBUÍDO"}, "geometry": {"type": "Polygon", "coordinates": [[[-51.997125817277386, -29.419875850359922], [-51.99716403497977, -29.419829217370374], [-51.99692569168278, -29.418273086878987], [-51.99689640838623, -29.41837818725301], [-51.997125817277386, -29.419875850359922]]]}}, {"id": "1566", "type": "Feature", "properties": {"id": 22382, "codigo": "0687", "numero": "0", "fl_rural": 0, "Destinação": "NÃO ATRIBUÍDO"}, "geometry": {"type": "Polygon", "coordinates": [[[-51.9955708959991, -29.409427699155874], [-51.99550140868842, -29.40958223701833], [-51.995455915172144, -29.409630307755542], [-51.99543819233807, -29.409676299199848], [-51.995378877264, -29.4097319603338], [-51.995342729357404, -29.409751884276837], [-51.99530188469253, -29.40983829211039], [-51.99532493148127, -29.40989988928137], [-51.99532236336553, -29.409965421418214], [-51.99526409859513, -29.410019202932908], [-51.995133582543524, -29.41007708952981], [-51.9950621822391, -29.410120256734423], [-51.99499019025812, -29.410102674904376], [-51.995154802678485, -29.411191481970988], [-51.99533821074389, -29.411190112481425], [-51.99562264186645, -29.411819716624528], [-51.995936907401685, -29.411817367801778], [-51.9955708959991, -29.409427699155874]], [[-51.99511359960672, -29.41035249265611], [-51.995113511697355, -29.41034346860753], [-51.995123818059405, -29.410343391635443], [-51.99511359960672, -29.41035249265611]]]}}, {"id": "1567", "type": "Feature", "properties": {"id": 22397, "codigo": "0742", "numero": "44", "fl_rural": 0, "Destinação": "NÃO ATRIBUÍDO"}, "geometry": {"type": "Polygon", "coordinates": [[[-51.9914674960518, -29.413893765062724], [-51.99122779490323, -29.41392520124319], [-51.99135536275736, -29.413936242535826], [-51.991481165754095, -29.41399435003078], [-51.9914674960518, -29.413893765062724]]]}}, {"id": "1568", "type": "Feature", "properties": {"id": 32573, "codigo": "0283", "numero": null, "fl_rural": 0, "Destinação": "NÃO ATRIBUÍDO"}, "geometry": {"type": "Polygon", "coordinates": [[[-51.99307073023951, -29.411564215397], [-51.9926660159617, -29.411660462567973], [-51.9929494581796, -29.413708710830086], [-51.99337191849026, -29.413740578688415], [-51.99307073023951, -29.411564215397]]]}}, {"id": "1569", "type": "Feature", "properties": {"id": 36115, "codigo": "0280", "numero": null, "fl_rural": 0, "Destinação": "NÃO ATRIBUÍDO"}, "geometry": {"type": "Polygon", "coordinates": [[[-51.99266602815128, -29.411660550197325], [-51.992462609606996, -29.411708835103102], [-51.99273712549092, -29.413692693732457], [-51.99294945822215, -29.413708710833294], [-51.99266602815128, -29.411660550197325]]]}}, {"id": "1570", "type": "Feature", "properties": {"id": 39655, "codigo": "1050", "numero": null, "fl_rural": 0, "Destinação": null}, "geometry": {"type": "Polygon", "coordinates": [[[-52.018455530073744, -29.41459432202852], [-52.0185417939018, -29.414585073214095], [-52.01859344916035, -29.414515933182827], [-52.01851239316314, -29.41362311087683], [-52.01819833675324, -29.413138179262084], [-52.01805121952216, -29.411821701762232], [-52.01825359447935, -29.41135358067602], [-52.01780705931484, -29.408160713730094], [-52.01700304973067, -29.40824691092517], [-52.01702613262664, -29.408246734750744], [-52.016954079889075, -29.40825630935163], [-52.016954038637024, -29.40825216536354], [-52.01657356084824, -29.408292956069054], [-52.01685119870813, -29.408275143852112], [-52.01685128853006, -29.408284167843124], [-52.0165570433973, -29.40829472689116], [-52.0163293251954, -29.40831914036914], [-52.01717724793559, -29.414382459612927], [-52.018029458505524, -29.41480903318654], [-52.018430701449, -29.41473376931735], [-52.018468043317064, -29.41468378761175], [-52.018455530073744, -29.41459432202852]], [[-52.016861594615435, -29.40828408919478], [-52.0168615047926, -29.408275065203803], [-52.01688211696142, -29.408274907904776], [-52.016861594615435, -29.40828408919478]], [[-52.01688202713681, -29.40826588391384], [-52.01689233322024, -29.408265805263163], [-52.016892423045775, -29.408274829254072], [-52.01688202713681, -29.40826588391384]]]}}, {"id": "1571", "type": "Feature", "properties": {"id": 36143, "codigo": "0900", "numero": null, "fl_rural": 0, "Destinação": "NÃO ATRIBUÍDO"}, "geometry": {"type": "Polygon", "coordinates": [[[-52.02368710062054, -29.411649558815952], [-52.02325668889458, -29.4118540234765], [-52.02368088017615, -29.412013208977], [-52.02385256733108, -29.412688739346336], [-52.02437604133829, -29.412914742684414], [-52.024262678884554, -29.412040626053994], [-52.023764190945855, -29.41214389076266], [-52.02368710062054, -29.411649558815952]]]}}, {"id": "1572", "type": "Feature", "properties": {"id": 36143, "codigo": "0900", "numero": null, "fl_rural": 0, "Destinação": "NÃO ATRIBUÍDO"}, "geometry": {"type": "Polygon", "coordinates": [[[-52.024502516717234, -29.415099860828708], [-52.02463201875488, -29.414888536559314], [-52.024612905028725, -29.414741154199884], [-52.024403179541196, -29.415175312649435], [-52.02445380601666, -29.41518965648198], [-52.024502516717234, -29.415099860828708]]]}}, {"id": "1573", "type": "Feature", "properties": {"id": 36142, "codigo": "0950", "numero": null, "fl_rural": 0, "Destinação": "NÃO ATRIBUÍDO"}, "geometry": {"type": "Polygon", "coordinates": [[[-52.022547016935945, -29.410456072061674], [-52.023190513110414, -29.410392536199993], [-52.02339492091525, -29.410219497746716], [-52.02346685128691, -29.410234922781815], [-52.02321749565456, -29.40863293451564], [-52.022973209190624, -29.408415859211036], [-52.02252438501822, -29.407285893940767], [-52.02237287215263, -29.407199224362195], [-52.022023715573496, -29.407135319417456], [-52.022547016935945, -29.410456072061674]]]}}, {"id": "1574", "type": "Feature", "properties": {"id": 36149, "codigo": "0400", "numero": null, "fl_rural": 0, "Destinação": "NÃO ATRIBUÍDO"}, "geometry": {"type": "Polygon", "coordinates": [[[-52.02457145372878, -29.41534580505606], [-52.024468188298094, -29.41549067574264], [-52.02460323667723, -29.415341962746734], [-52.02457145372878, -29.41534580505606]]]}}, {"id": "1575", "type": "Feature", "properties": {"id": 36148, "codigo": "0750", "numero": null, "fl_rural": 0, "Destinação": "NÃO ATRIBUÍDO"}, "geometry": {"type": "Polygon", "coordinates": [[[-52.024656186758406, -29.415201237233486], [-52.024853037806636, -29.415006319401684], [-52.02490480829402, -29.414782294802713], [-52.0249758127361, -29.41452928886298], [-52.02492115316919, -29.41458261685877], [-52.02479792067096, -29.414657127759135], [-52.02456355327537, -29.415025813887507], [-52.02447200697382, -29.415194813299237], [-52.02454298305028, -29.41521492271723], [-52.024656186758406, -29.415201237233486]]]}}, {"id": "1576", "type": "Feature", "properties": {"id": 36150, "codigo": "0800", "numero": null, "fl_rural": 0, "Destinação": "NÃO ATRIBUÍDO"}, "geometry": {"type": "Polygon", "coordinates": [[[-52.02463201875488, -29.414888536559314], [-52.024791747861194, -29.41464814345363], [-52.02491789242425, -29.414573848137326], [-52.02498163940288, -29.414513162236958], [-52.02466572298447, -29.41463181430971], [-52.02461290484174, -29.414741154586956], [-52.02463201875488, -29.414888536559314]]]}}, {"id": "1577", "type": "Feature", "properties": {"id": 36152, "codigo": "1100", "numero": null, "fl_rural": 0, "Destinação": "NÃO ATRIBUÍDO"}, "geometry": {"type": "Polygon", "coordinates": [[[-52.02519488003722, -29.411922984961866], [-52.02484656467696, -29.411974337925876], [-52.024854318062616, -29.413121232662398], [-52.025125882736276, -29.413238477304734], [-52.02513833224046, -29.41321956858514], [-52.02519488003722, -29.411922984961866]]]}}, {"id": "1578", "type": "Feature", "properties": {"id": 36151, "codigo": "1150", "numero": null, "fl_rural": 0, "Destinação": "NÃO ATRIBUÍDO"}, "geometry": {"type": "Polygon", "coordinates": [[[-52.02426519761808, -29.412060048156818], [-52.0243760389222, -29.412914741641295], [-52.024854318062616, -29.413121232662398], [-52.02484656467696, -29.411974337925876], [-52.02426519761808, -29.412060048156818]]]}}, {"id": "1579", "type": "Feature", "properties": {"id": 36141, "codigo": "2000", "numero": null, "fl_rural": 0, "Destinação": "NÃO ATRIBUÍDO"}, "geometry": {"type": "Polygon", "coordinates": [[[-52.00888202902758, -29.412434780822238], [-52.00850762303525, -29.41243572103789], [-52.00856926380297, -29.412820560075556], [-52.00895021169287, -29.412863487242245], [-52.00888202902758, -29.412434780822238]]]}}, {"id": "1580", "type": "Feature", "properties": {"id": 36140, "codigo": "1500", "numero": null, "fl_rural": 0, "Destinação": "NÃO ATRIBUÍDO"}, "geometry": {"type": "Polygon", "coordinates": [[[-52.01222607849909, -29.413584981746357], [-52.01165151092797, -29.41297145767378], [-52.011438409345274, -29.412269150634987], [-52.01140897617598, -29.412230746358098], [-52.01169939487825, -29.414115360167603], [-52.01199482250903, -29.41433157663912], [-52.01234744551662, -29.41435694433905], [-52.01222607849909, -29.413584981746357]]]}}, {"id": "1581", "type": "Feature", "properties": {"id": 36140, "codigo": "1500", "numero": null, "fl_rural": 0, "Destinação": "NÃO ATRIBUÍDO"}, "geometry": {"type": "Polygon", "coordinates": [[[-52.011419319463585, -29.408453539865384], [-52.01141100986411, -29.408460942974408], [-52.01141092052206, -29.408451918968392], [-52.01141905492087, -29.408451857224716], [-52.01139199825563, -29.408279761593874], [-52.010817593100256, -29.408393084725255], [-52.01085069500962, -29.408607892914308], [-52.01086621412061, -29.408609472038687], [-52.01085095618816, -29.408609587779925], [-52.011293271703984, -29.411479905437734], [-52.011526550591746, -29.410761359952104], [-52.011700686064664, -29.410651741695155], [-52.01176578282057, -29.41065724196485], [-52.011419319463585, -29.408453539865384]], [[-52.01103102300386, -29.40859919695603], [-52.01088673709892, -29.408600291658107], [-52.01090717077543, -29.408582087267202], [-52.01103102300386, -29.40859919695603]], [[-52.01105154596453, -29.408590016550463], [-52.01105145665374, -29.408580992543612], [-52.0110617627876, -29.408580914343084], [-52.01105154596453, -29.408590016550463]], [[-52.01124602260141, -29.40845317050813], [-52.01124593327396, -29.40844414650166], [-52.01140052506122, -29.40844297318955], [-52.01124602260141, -29.40845317050813]]]}}, {"id": "1582", "type": "Feature", "properties": {"id": 9606, "codigo": "0846", "numero": "0", "fl_rural": 0, "Destinação": "NÃO ATRIBUÍDO"}, "geometry": {"type": "Polygon", "coordinates": [[[-52.04345608245154, -29.41331950503663], [-52.04343570440734, -29.41362879422578], [-52.04350520372637, -29.413658541933557], [-52.04345608245154, -29.41331950503663]]]}}, {"id": "1583", "type": "Feature", "properties": {"id": 9606, "codigo": "0846", "numero": "0", "fl_rural": 0, "Destinação": "NÃO ATRIBUÍDO"}, "geometry": {"type": "Polygon", "coordinates": [[[-52.0432321050079, -29.41177360424812], [-52.0428386371348, -29.41168414831935], [-52.04275545496257, -29.41162454987484], [-52.04266059673158, -29.411636310498455], [-52.042760822197444, -29.412328095633956], [-52.04283533272385, -29.412370046304744], [-52.042858893863496, -29.41265865013167], [-52.04337713228247, -29.412774587983158], [-52.0432321050079, -29.41177360424812]]]}}, {"id": "1585", "type": "Feature", "properties": {"id": 32118, "codigo": "1019", "numero": null, "fl_rural": 0, "Destinação": "NÃO ATRIBUÍDO"}, "geometry": {"type": "Polygon", "coordinates": [[[-52.03690269206993, -29.408948297550136], [-52.03670664744532, -29.409029025725758], [-52.03643525128523, -29.40928912602709], [-52.03630135770665, -29.409799699409955], [-52.03619432265129, -29.409934269462028], [-52.0366985274941, -29.40994518502874], [-52.037089342343386, -29.41023819343295], [-52.03690269206993, -29.408948297550136]]]}}, {"id": "1586", "type": "Feature", "properties": {"id": 10302, "codigo": "0932", "numero": "0", "fl_rural": 0, "Destinação": "NÃO ATRIBUÍDO"}, "geometry": {"type": "Polygon", "coordinates": [[[-52.03237010428477, -29.409775654353826], [-52.03164423419879, -29.410444631013203], [-52.03181346897185, -29.411568628008627], [-52.0318395564081, -29.41155319079963], [-52.03278194954663, -29.412510483536483], [-52.03237010428477, -29.409775654353826]]]}}, {"id": "1587", "type": "Feature", "properties": {"id": 10304, "codigo": "1025", "numero": "0", "fl_rural": 0, "Destinação": "NÃO ATRIBUÍDO"}, "geometry": {"type": "Polygon", "coordinates": [[[-52.033692895801, -29.412014562191825], [-52.03348985281601, -29.411666745331647], [-52.03341526061318, -29.41010568516138], [-52.03334729681801, -29.409638400994183], [-52.032679285884655, -29.409682738241592], [-52.03237010428477, -29.409775654353826], [-52.03278194954663, -29.412510483536483], [-52.0332767143944, -29.413013070806954], [-52.03372873948782, -29.412865170129944], [-52.033819107796305, -29.412882331081892], [-52.033692895801, -29.412014562191825]]]}}, {"id": "1588", "type": "Feature", "properties": {"id": 9740, "codigo": "0687", "numero": "0", "fl_rural": 0, "Destinação": "NÃO ATRIBUÍDO"}, "geometry": {"type": "Polygon", "coordinates": [[[-52.02598385177326, -29.413947666152623], [-52.025762492472005, -29.414391812815023], [-52.02580801012276, -29.41467346373119], [-52.02605712719831, -29.414621105895627], [-52.02646081146792, -29.41478946479865], [-52.02639117207788, -29.414013881026342], [-52.026431143979735, -29.413902646538173], [-52.02598385177326, -29.413947666152623]]]}}, {"id": "1589", "type": "Feature", "properties": {"id": 9728, "codigo": "0089", "numero": "0", "fl_rural": 0, "Destinação": "ÁREA VERDE"}, "geometry": {"type": "Polygon", "coordinates": [[[-52.02567212688062, -29.414702022802995], [-52.02580801012276, -29.41467346373119], [-52.025762492472005, -29.414391812815023], [-52.02567212688062, -29.414702022802995]]]}}, {"id": "1590", "type": "Feature", "properties": {"id": 9739, "codigo": "0577", "numero": "1751", "fl_rural": 0, "Destinação": "NÃO ATRIBUÍDO"}, "geometry": {"type": "Polygon", "coordinates": [[[-52.0264866740412, -29.41316648097621], [-52.02622666952562, -29.413527334521696], [-52.0261245109327, -29.413692957234133], [-52.02602116731389, -29.413872793984137], [-52.02598385177326, -29.413947666152623], [-52.026431143979735, -29.413902646538173], [-52.026511495920374, -29.413679041791433], [-52.02634350722338, -29.413373497678204], [-52.026517177075675, -29.413218740588338], [-52.0264866740412, -29.41316648097621]]]}}, {"id": "1591", "type": "Feature", "properties": {"id": 36144, "codigo": "2918", "numero": null, "fl_rural": 0, "Destinação": "NÃO ATRIBUÍDO"}, "geometry": {"type": "Polygon", "coordinates": [[[-52.02513833224046, -29.41321956858514], [-52.02532893388826, -29.412930076484894], [-52.02573088324467, -29.41302634561781], [-52.026037463396904, -29.412629587526286], [-52.02581884371317, -29.41244799858277], [-52.025690000806485, -29.41193458497953], [-52.026243283785746, -29.411605436881647], [-52.026471863146135, -29.41163698600874], [-52.026343749184825, -29.4104091815156], [-52.02492971368314, -29.409640504086333], [-52.02519488003722, -29.411922984961866], [-52.02513833224046, -29.41321956858514]]]}}, {"id": "1592", "type": "Feature", "properties": {"id": 32602, "codigo": "0100", "numero": null, "fl_rural": 0, "Destinação": "NÃO ATRIBUÍDO"}, "geometry": {"type": "Polygon", "coordinates": [[[-52.02715976982208, -29.405931176381994], [-52.02791975489473, -29.41073843277536], [-52.02800920333609, -29.410825778024687], [-52.02806047261387, -29.41078171890737], [-52.02728601578358, -29.405882963405844], [-52.02715976982208, -29.405931176381994]]]}}, {"id": "1593", "type": "Feature", "properties": {"id": 32601, "codigo": "0320", "numero": null, "fl_rural": 0, "Destinação": "NÃO ATRIBUÍDO"}, "geometry": {"type": "Polygon", "coordinates": [[[-52.02728601578358, -29.405882963405844], [-52.02806047261387, -29.41078171890737], [-52.02891759192518, -29.410045124998003], [-52.02867611993644, -29.40959222735591], [-52.028724015835, -29.40923087127901], [-52.02847730436686, -29.409295948390664], [-52.02838327719831, -29.409170328903695], [-52.02903687047842, -29.408569655502745], [-52.02915663427399, -29.408180670238792], [-52.02898015917092, -29.408055687914498], [-52.02933353441439, -29.40778624282892], [-52.028890483065574, -29.405270207990416], [-52.02728601578358, -29.405882963405844]]]}}, {"id": "1594", "type": "Feature", "properties": {"id": 31606, "codigo": "0700", "numero": null, "fl_rural": 0, "Destinação": "NÃO ATRIBUÍDO"}, "geometry": {"type": "Polygon", "coordinates": [[[-52.02896067038868, -29.40381464769194], [-52.0293168706303, -29.40618618863142], [-52.02958033192727, -29.406246120040795], [-52.02964847125601, -29.405848508482137], [-52.02997734706402, -29.405755720288212], [-52.03002032439907, -29.404907069960135], [-52.03006869989699, -29.40488667758004], [-52.02989153007429, -29.40370744821277], [-52.02896067038868, -29.40381464769194]]]}}, {"id": "1595", "type": "Feature", "properties": {"id": 31606, "codigo": "0700", "numero": null, "fl_rural": 0, "Destinação": "NÃO ATRIBUÍDO"}, "geometry": {"type": "Polygon", "coordinates": [[[-52.029494075063255, -29.40736599571274], [-52.02960116485349, -29.407352356711222], [-52.02963418862673, -29.40755699700176], [-52.029829100341715, -29.407408378770306], [-52.029887752133206, -29.407092062413575], [-52.030213992757915, -29.40673757885321], [-52.03004473148859, -29.40630570369814], [-52.029633225273635, -29.406381081257884], [-52.0295016134377, -29.406616739304276], [-52.02937834962896, -29.406595508854203], [-52.029494075063255, -29.40736599571274]]]}}]}