{"type": "FeatureCollection", "features": [{"id": "0", "type": "Feature", "properties": {"id": 801, "codigo": "0007", "Area_m2": null}, "geometry": {"type": "Polygon", "coordinates": [[[-51.976743509482006, -29.49386195212605], [-51.97557859059718, -29.49414919465687], [-51.97552771635516, -29.49418316196088], [-51.97545974046255, -29.49418366048722], [-51.97519127280159, -29.494261514508015], [-51.975080664902045, -29.494154907033966], [-51.97488518777946, -29.494265771402297], [-51.97530020990796, -29.494644690615914], [-51.97551970906097, -29.494610049541198], [-51.97554140380389, -29.494535021835045], [-51.97603418458854, -29.494287741906657], [-51.97634105707724, -29.49442073695024], [-51.9768564843591, -29.49429725569349], [-51.97687408656494, -29.494347535600227], [-51.976420202944965, -29.494455037868427], [-51.97691467533582, -29.494669336574233], [-51.97723339906135, -29.494558699822132], [-51.976743509482006, -29.49386195212605]]]}}, {"id": "1", "type": "Feature", "properties": {"id": 801, "codigo": "0007", "Area_m2": null}, "geometry": {"type": "Polygon", "coordinates": [[[-51.975502961603404, -29.494667967873255], [-51.97522701830928, -29.494731475141077], [-51.97478671121736, -29.494308732347495], [-51.974175281751506, -29.494648505444946], [-51.97421172685242, -29.494644038398462], [-51.97444064246635, -29.494849927865072], [-51.97437241090045, -29.495265560370672], [-51.974118044673176, -29.495471288326897], [-51.975355502947146, -29.49517792942339], [-51.975502961603404, -29.494667967873255]]]}}, {"id": "2", "type": "Feature", "properties": {"id": 802, "codigo": "0008", "Area_m2": null}, "geometry": {"type": "Polygon", "coordinates": [[[-51.97674350955588, -29.49386195223113], [-51.97653269004355, -29.493562113214953], [-51.97646918424711, -29.493053091299714], [-51.97630279860249, -29.49324683521053], [-51.976167659458284, -29.49338118741789], [-51.975923716205706, -29.49356087254919], [-51.97562765751242, -29.49381223809437], [-51.975080664902045, -29.494154907033966], [-51.97519127280159, -29.494261514508015], [-51.97545974046255, -29.49418366048722], [-51.97543488226219, -29.494183842794026], [-51.97581471703114, -29.493991539662012], [-51.97557859059718, -29.49414919465687], [-51.97674350955588, -29.49386195223113]]]}}, {"id": "3", "type": "Feature", "properties": {"id": 802, "codigo": "0008", "Area_m2": null}, "geometry": {"type": "Polygon", "coordinates": [[[-51.977026246955646, -29.492171462936668], [-51.976903939531624, -29.492339408378633], [-51.97695526158954, -29.492448981663497], [-51.97703795254338, -29.492466423543625], [-51.977026246955646, -29.492171462936668]]]}}, {"id": "4", "type": "Feature", "properties": {"id": 2346, "codigo": "0009", "Area_m2": null}, "geometry": {"type": "Polygon", "coordinates": [[[-51.97709518040245, -29.49155134382939], [-51.9768652707827, -29.49191132362419], [-51.9767491071419, -29.491988615052193], [-51.976037229676656, -29.49242211641778], [-51.9759521005513, -29.4925412283159], [-51.97579713306208, -29.492705018482077], [-51.975615843235026, -29.492951692634684], [-51.975707315715546, -29.493081164063415], [-51.975645794646255, -29.49313635337304], [-51.975481454064465, -29.49289663815224], [-51.97445713598669, -29.493393266107905], [-51.9747360427407, -29.493778999805137], [-51.97447066505178, -29.49394756889753], [-51.97420611523561, -29.49406094664092], [-51.97408280261204, -29.494127585032107], [-51.974002069741125, -29.494036000712033], [-51.97387797331388, -29.4941294763982], [-51.97372670977623, -29.494428385349824], [-51.97384751697144, -29.494536658874907], [-51.97376705558089, -29.494608390426624], [-51.973118730998664, -29.495289312483184], [-51.97305197740029, -29.495257181619998], [-51.972959983418214, -29.495396712880492], [-51.97306908601647, -29.49545402925809], [-51.972852443631076, -29.495739591329173], [-51.97292633783081, -29.495730567144395], [-51.97298342025019, -29.495645738034067], [-51.973820190353756, -29.494692028709864], [-51.973950840302486, -29.4946760150515], [-51.97422799455501, -29.49449402330252], [-51.97471048485828, -29.494221099365436], [-51.97572389216576, -29.49356706355007], [-51.97593588372065, -29.4934022077483], [-51.976242976546246, -29.493120766041734], [-51.97635458896528, -29.49298746304386], [-51.97632068165201, -29.492968044462256], [-51.97640008416257, -29.49264257519846], [-51.977021922252824, -29.49187091617756], [-51.97709518040245, -29.49155134382939]]]}}, {"id": "5", "type": "Feature", "properties": {"id": 2346, "codigo": "0009", "Area_m2": null}, "geometry": {"type": "Polygon", "coordinates": [[[-51.98270947581325, -29.488561481498508], [-51.98292768639051, -29.48825707537331], [-51.982989449143545, -29.488024414444624], [-51.9829924870684, -29.48790397739259], [-51.98297727899482, -29.487695176306662], [-51.98294059981931, -29.487533839299548], [-51.98287587381297, -29.487353633889157], [-51.98280499303537, -29.48722179940344], [-51.98261513411466, -29.486942165180288], [-51.98001527700049, -29.487448215385907], [-51.979982461723814, -29.487541595590855], [-51.97993012200598, -29.487819268523175], [-51.979935604725064, -29.487944203842936], [-51.980078526696374, -29.488768156682273], [-51.980080744624885, -29.48913056820396], [-51.979840428238, -29.48944624291727], [-51.979743015941544, -29.489489273193566], [-51.980115577964206, -29.48962810035115], [-51.980772397939326, -29.48928032366095], [-51.981156725834154, -29.4895572527376], [-51.98152891930216, -29.489505420984877], [-51.98270947581325, -29.488561481498508]]]}}, {"id": "6", "type": "Feature", "properties": {"id": 2346, "codigo": "0009", "Area_m2": null}, "geometry": {"type": "Polygon", "coordinates": [[[-51.98154376301164, -29.48540078538178], [-51.98137492768273, -29.485440415054295], [-51.98139289132995, -29.485170377175475], [-51.98075648195749, -29.484198465546122], [-51.97860598438073, -29.48487538516428], [-51.97905386173179, -29.485459359664087], [-51.9793514547994, -29.48593387237915], [-51.98155828825779, -29.48542296804635], [-51.98154376301164, -29.48540078538178]]]}}, {"id": "7", "type": "Feature", "properties": {"id": 2321, "codigo": "1840", "Area_m2": null}, "geometry": {"type": "Polygon", "coordinates": [[[-51.974107381290736, -29.476040875724895], [-51.97445746909359, -29.476215080835445], [-51.974541891336344, -29.476267699485387], [-51.974815124689535, -29.47646070259518], [-51.97508338743973, -29.476696069844955], [-51.97531809503182, -29.47666509704116], [-51.974479454993, -29.475874235958806], [-51.974107381290736, -29.476040875724895]]]}}, {"id": "8", "type": "Feature", "properties": {"id": 2320, "codigo": "0070", "Area_m2": null}, "geometry": {"type": "Polygon", "coordinates": [[[-51.978752582036876, -29.47627172391121], [-51.97851006519593, -29.475618770323226], [-51.97841177437089, -29.475627806911], [-51.97873036131286, -29.476278042837144], [-51.978752582036876, -29.47627172391121]]]}}, {"id": "9", "type": "Feature", "properties": {"id": 856, "codigo": "0072", "Area_m2": null}, "geometry": {"type": "Polygon", "coordinates": [[[-51.978286919295975, -29.4753729777119], [-51.97841177437929, -29.475627806928145], [-51.97865738956643, -29.475605225532437], [-51.97864130614036, -29.475525528440848], [-51.97854910610667, -29.475352741060792], [-51.978286919295975, -29.4753729777119]]]}}, {"id": "10", "type": "Feature", "properties": {"id": 871, "codigo": "0088", "Area_m2": null}, "geometry": {"type": "Polygon", "coordinates": [[[-51.97980092619224, -29.47605585704539], [-51.97879141533609, -29.47634865424182], [-51.979279623531994, -29.47671098456722], [-51.9798171207146, -29.47683337259014], [-51.97971987658878, -29.47637383201844], [-51.97980092619224, -29.47605585704539]]]}}, {"id": "11", "type": "Feature", "properties": {"id": 935, "codigo": "0183", "Area_m2": null}, "geometry": {"type": "Polygon", "coordinates": [[[-51.97295828775075, -29.475711832033408], [-51.973152696755086, -29.475602956185224], [-51.97305406438624, -29.475510687588926], [-51.97288778074887, -29.475315696200084], [-51.97223659160278, -29.47443179534746], [-51.97214625440506, -29.47494933822543], [-51.971626905676175, -29.474565071402782], [-51.971459661727046, -29.474331651490495], [-51.97152042049612, -29.47421388739713], [-51.97103141441416, -29.47376622398974], [-51.971021896767596, -29.473521187563513], [-51.97084594653221, -29.473706378546897], [-51.97113203094971, -29.473996698403585], [-51.97173063365047, -29.474839080342598], [-51.972415179723136, -29.47546791575935], [-51.97295828775075, -29.475711832033408]]]}}, {"id": "12", "type": "Feature", "properties": {"id": 935, "codigo": "0183", "Area_m2": null}, "geometry": {"type": "Polygon", "coordinates": [[[-51.971222833262374, -29.473309698091644], [-51.97112412944202, -29.473413585726302], [-51.97132507790412, -29.473412119120866], [-51.971222833262374, -29.473309698091644]]]}}, {"id": "13", "type": "Feature", "properties": {"id": 935, "codigo": "0183", "Area_m2": null}, "geometry": {"type": "Polygon", "coordinates": [[[-51.97156339310996, -29.47439406672672], [-51.97172779714761, -29.47432969367122], [-51.97168508246481, -29.47417658647591], [-51.97156339310996, -29.47439406672672]]]}}, {"id": "14", "type": "Feature", "properties": {"id": 76, "codigo": "0040", "Area_m2": null}, "geometry": {"type": "Polygon", "coordinates": [[[-51.969303749578714, -29.472827625989694], [-51.96941586231415, -29.472875577206256], [-51.9694047046563, -29.472894912242474], [-51.96979756343283, -29.473062939106995], [-51.96983747427742, -29.47299986648909], [-51.970040683738326, -29.47308826845439], [-51.970052671972915, -29.473067494023308], [-51.9703531706506, -29.473186877772886], [-51.97040297566846, -29.473256481214126], [-51.97086940344339, -29.472947599576074], [-51.97049282947045, -29.472558213126526], [-51.97021170690618, -29.472351574435613], [-51.96973465113401, -29.472192556895816], [-51.969576834422206, -29.47256345606709], [-51.9696068750657, -29.47254925812019], [-51.969577826052806, -29.47274801227766], [-51.969518483003014, -29.472700592962845], [-51.969455566637265, -29.47284845834834], [-51.96932416101106, -29.472792255412124], [-51.969303749578714, -29.472827625989694]], [[-51.96996197483783, -29.473015952478235], [-51.97010463527202, -29.472834419371754], [-51.97017699639858, -29.472851941141872], [-51.97022073936993, -29.473113337288687], [-51.96996197483783, -29.473015952478235]], [[-51.97049789515053, -29.4729759463714], [-51.97045578458118, -29.4728860069099], [-51.97070294687651, -29.472848105538535], [-51.97049789515053, -29.4729759463714]]]}}, {"id": "15", "type": "Feature", "properties": {"id": 75, "codigo": "0039", "Area_m2": null}, "geometry": {"type": "Polygon", "coordinates": [[[-51.96881203909967, -29.472469618210166], [-51.96934809201261, -29.47267924497824], [-51.9695824766232, -29.472141831990815], [-51.968315696366, -29.471692850918632], [-51.968238806679, -29.47186432037062], [-51.968311180578766, -29.47186379383874], [-51.96842616365159, -29.472025401015475], [-51.96897256385583, -29.47200337417421], [-51.969378535568474, -29.472397502485755], [-51.96897582487147, -29.472346287526165], [-51.96881203909967, -29.472469618210166]]]}}, {"id": "16", "type": "Feature", "properties": {"id": 58, "codigo": "0018", "Area_m2": null}, "geometry": {"type": "Polygon", "coordinates": [[[-51.97079821436347, -29.47175430312093], [-51.97004417951141, -29.47148991180135], [-51.96979743357606, -29.472045005282048], [-51.97029924156769, -29.47221642611615], [-51.97079821436347, -29.47175430312093]]]}}, {"id": "17", "type": "Feature", "properties": {"id": 48, "codigo": "0008", "Area_m2": null}, "geometry": {"type": "Polygon", "coordinates": [[[-51.9714190396735, -29.4716862250163], [-51.97140254957772, -29.4716604043785], [-51.97141157755674, -29.47162764566599], [-51.97154234314327, -29.471510274487038], [-51.97162262759726, -29.471411223710135], [-51.971634951968475, -29.471359173440334], [-51.97161541226597, -29.471291413582755], [-51.971582879191594, -29.4712762991746], [-51.97153294963997, -29.471276663703986], [-51.97135414307316, -29.47134823344936], [-51.971197219436036, -29.47137949209675], [-51.9711280198614, -29.471378520404496], [-51.971056775589716, -29.471369888756673], [-51.97091193450577, -29.47127733588214], [-51.97075751548346, -29.471258099557403], [-51.970783583843144, -29.471201324879924], [-51.97101950515559, -29.471036438942964], [-51.970346188314714, -29.470802520417333], [-51.970100671039496, -29.471357756398085], [-51.97125439997869, -29.47176864887884], [-51.971231680948684, -29.471824680920314], [-51.97091132515671, -29.47171334324845], [-51.970357147217975, -29.47223679776781], [-51.970444497849265, -29.472298810776802], [-51.970970518925306, -29.472880637617127], [-51.971198386402726, -29.472729735707908], [-51.971258588681366, -29.472630678478637], [-51.971339881512534, -29.47260595525539], [-51.971381521798875, -29.47257207920954], [-51.97137648625167, -29.47254693698798], [-51.971279757112406, -29.472461614693383], [-51.97126381182336, -29.472423962528488], [-51.9712526120587, -29.47238103014293], [-51.97127437045307, -29.472273860471816], [-51.97134794566217, -29.472158378273864], [-51.97148496267853, -29.47204578357196], [-51.97153764038511, -29.471982356976373], [-51.971578773763135, -29.47187485600395], [-51.97155159474818, -29.47178166348782], [-51.97151094094953, -29.47173668962969], [-51.9714190396735, -29.4716862250163]]]}}, {"id": "18", "type": "Feature", "properties": {"id": 74, "codigo": "0038", "Area_m2": null}, "geometry": {"type": "Polygon", "coordinates": [[[-51.9698906002746, -29.471435336179088], [-51.96863176425351, -29.470987989559646], [-51.968382577031825, -29.47154370153552], [-51.96964777074559, -29.47199212023124], [-51.9698906002746, -29.471435336179088]], [[-51.9686901753274, -29.47159029567876], [-51.96854451183189, -29.471455986008028], [-51.96878195945293, -29.47148133157822], [-51.9686901753274, -29.47159029567876]]]}}, {"id": "19", "type": "Feature", "properties": {"id": 73, "codigo": "0037", "Area_m2": null}, "geometry": {"type": "Polygon", "coordinates": [[[-51.97020241898773, -29.470751234481533], [-51.96894432727614, -29.470296283035577], [-51.968689972587825, -29.470862020175858], [-51.96995401001071, -29.47130421806191], [-51.97020241898773, -29.470751234481533]]]}}, {"id": "20", "type": "Feature", "properties": {"id": 72, "codigo": "0036", "Area_m2": null}, "geometry": {"type": "Polygon", "coordinates": [[[-51.97076179842326, -29.470689374254757], [-51.97065530560815, -29.47061104927783], [-51.97023478612796, -29.470363564575667], [-51.97021926368167, -29.470342689632684], [-51.970216915436495, -29.47030597755518], [-51.97022373477825, -29.470277147471048], [-51.970291546384836, -29.47023722205956], [-51.97044873030398, -29.470231994866342], [-51.97057636272529, -29.4702718742997], [-51.970795742452175, -29.470431182899297], [-51.97091927258396, -29.470460014784255], [-51.97106123415179, -29.47046539197811], [-51.971150110349726, -29.470423350281596], [-51.971162479217526, -29.470392943838522], [-51.97115764252872, -29.47023498540759], [-51.97117141951163, -29.470185401031316], [-51.97117090927319, -29.47013186370292], [-51.97115010723935, -29.47008918257779], [-51.97112002635744, -29.47007155510575], [-51.97105469823136, -29.47006489303782], [-51.970992418063, -29.470092712863178], [-51.970883787186025, -29.47010778308217], [-51.970696107704526, -29.47010320313263], [-51.97059944106944, -29.47008963064953], [-51.97048205212972, -29.470041704868944], [-51.97044766598301, -29.470000312592877], [-51.970432279997965, -29.469955212321356], [-51.970437253848765, -29.46990639414623], [-51.970483672196934, -29.469783506066726], [-51.97053397096507, -29.469693309213284], [-51.97056771964847, -29.469667779770866], [-51.97060505153699, -29.469661558530746], [-51.97071247963508, -29.469698699930635], [-51.97075670146257, -29.469702095427298], [-51.97082957344524, -29.46967999868495], [-51.97085651002977, -29.46965303169162], [-51.97092979296056, -29.469482950285855], [-51.970955476769014, -29.469375468247726], [-51.97094686746188, -29.469236366719908], [-51.970906089416545, -29.46903376059207], [-51.9709159316354, -29.468920020190744], [-51.970927534219555, -29.468863632389414], [-51.97101118652184, -29.468740323742704], [-51.970996473786535, -29.468629551112926], [-51.970973165865665, -29.468581727475147], [-51.97087500185277, -29.468621078591173], [-51.97061665262337, -29.468756861103035], [-51.970349569703295, -29.468930443971814], [-51.9703162753207, -29.469162700070516], [-51.9703387074626, -29.46937818136044], [-51.97033780973499, -29.4695171540762], [-51.97032027851666, -29.46960021376379], [-51.97027092844934, -29.469706867584456], [-51.97023040635159, -29.46975026354519], [-51.97018528179106, -29.469785267171773], [-51.97011075860411, -29.469813479250767], [-51.970017240020034, -29.46982639911072], [-51.969971572632055, -29.46981981475258], [-51.96990630602463, -29.469805560483437], [-51.969279476356085, -29.46957344350909], [-51.96899896520887, -29.470175254796498], [-51.97020102385593, -29.470610685831097], [-51.97030266303429, -29.47067318906495], [-51.97034199620078, -29.470750883095327], [-51.9710966206402, -29.47101304871653], [-51.971226570793796, -29.47095761560593], [-51.97124119465511, -29.470881392103937], [-51.97122537594354, -29.470832255477863], [-51.97119436441889, -29.47079964711756], [-51.971107100663154, -29.47077043416283], [-51.9708937456476, -29.470754081131652], [-51.97076179842326, -29.470689374254757]]]}}, {"id": "21", "type": "Feature", "properties": {"id": 67, "codigo": "0029", "Area_m2": null}, "geometry": {"type": "Polygon", "coordinates": [[[-51.96913185486786, -29.469515240124437], [-51.96747336126184, -29.468879361486508], [-51.967179870177496, -29.4695307621784], [-51.96886233296384, -29.47011713085468], [-51.96913185486786, -29.469515240124437]]]}}, {"id": "22", "type": "Feature", "properties": {"id": 71, "codigo": "0035", "Area_m2": null}, "geometry": {"type": "Polygon", "coordinates": [[[-51.970424817864846, -29.46864827272966], [-51.969878273456054, -29.468173992379434], [-51.96933195936378, -29.46943509498921], [-51.96999736749418, -29.469684491183976], [-51.97007106893545, -29.46967943693711], [-51.97014494750374, -29.469632953555045], [-51.97017898358471, -29.46958023351001], [-51.9701926218623, -29.469502768630296], [-51.970173265985245, -29.469124385700027], [-51.9701900440684, -29.468973154521336], [-51.970216452908716, -29.468896584916795], [-51.970252603641036, -29.468841766368907], [-51.970289689398086, -29.468808121156], [-51.970410798586954, -29.46874048844164], [-51.97043269362896, -29.468690357774932], [-51.970424817864846, -29.46864827272966]]]}}, {"id": "23", "type": "Feature", "properties": {"id": 848, "codigo": "0063", "Area_m2": null}, "geometry": {"type": "Polygon", "coordinates": [[[-51.97526072249511, -29.47513469583821], [-51.97505005657513, -29.475187698674432], [-51.97337234548207, -29.475624147855825], [-51.973576889924786, -29.475751246632917], [-51.97398293746189, -29.475963662122336], [-51.97439967328803, -29.475798999572955], [-51.974153008212916, -29.475566387487603], [-51.97526292662825, -29.475152147970697], [-51.97526072249511, -29.47513469583821]]]}}, {"id": "24", "type": "Feature", "properties": {"id": 854, "codigo": "0069", "Area_m2": null}, "geometry": {"type": "Polygon", "coordinates": [[[-51.9779156140746, -29.474967392418485], [-51.97783179413128, -29.474986048284766], [-51.97794628327269, -29.47506558233003], [-51.9779156140746, -29.474967392418485]]]}}, {"id": "25", "type": "Feature", "properties": {"id": 936, "codigo": "0184", "Area_m2": "260389,26"}, "geometry": {"type": "Polygon", "coordinates": [[[-51.97201247663936, -29.473899846924084], [-51.97306132120712, -29.475313732716618], [-51.97330637965239, -29.47556744470094], [-51.97433927624395, -29.475294895718008], [-51.97413252331271, -29.47478455302159], [-51.9740255965832, -29.47481772008815], [-51.97400180300551, -29.47475718137218], [-51.97532045603941, -29.474252074535656], [-51.97597186114497, -29.474048715257556], [-51.97617410642187, -29.47483699055378], [-51.97631157760281, -29.474802987972364], [-51.976309834053104, -29.47462104123281], [-51.976967884237354, -29.474538876011746], [-51.97700279602863, -29.474446046896677], [-51.97821707355835, -29.473976427592387], [-51.97882882024362, -29.47389495206229], [-51.97951677805475, -29.473536499831642], [-51.97973863014998, -29.473384341892544], [-51.979704074444484, -29.47331984623491], [-51.98004992514816, -29.47317561905991], [-51.98009865465679, -29.47326984966009], [-51.980348306269335, -29.473084233988363], [-51.98097581992903, -29.4729171659107], [-51.98298154139737, -29.473421744599307], [-51.98308580217291, -29.47337803068216], [-51.98261267145128, -29.47260727597962], [-51.98280182337904, -29.471901957112486], [-51.98276975072735, -29.471272667306664], [-51.9791272576409, -29.472568887149148], [-51.97885643151461, -29.472068737710735], [-51.97951305142526, -29.471819862924118], [-51.97822267279057, -29.470825665752812], [-51.97837502129404, -29.4705808802363], [-51.979087190674385, -29.470638814999386], [-51.979658635390905, -29.47176468074087], [-51.98215537062083, -29.470818317586197], [-51.981728135806804, -29.468913107400915], [-51.981160609061746, -29.469363395117917], [-51.980823689297665, -29.469696110691242], [-51.98066895900102, -29.469810888913546], [-51.980320677443686, -29.469922789406784], [-51.98023445383311, -29.46993066592446], [-51.98007676846415, -29.469915810015834], [-51.97990887315768, -29.46977190713935], [-51.97973188009153, -29.469595760158878], [-51.97960041372958, -29.469428893486562], [-51.97950620326799, -29.469281675912264], [-51.979314258015826, -29.468863177624055], [-51.97924457226174, -29.46876100044415], [-51.97911692454435, -29.46864462496151], [-51.97889239932217, -29.468504460497194], [-51.978794077129685, -29.46847037451232], [-51.9786757271502, -29.46844797393594], [-51.97850669231112, -29.46846615445684], [-51.97830347240119, -29.468529923664562], [-51.9780873768662, -29.46862530913367], [-51.977779544263726, -29.468707259611765], [-51.97747301683674, -29.468765399982754], [-51.977320121360485, -29.46881113194531], [-51.9772350270095, -29.468858986725774], [-51.977062932354094, -29.46913302959849], [-51.97693746141881, -29.469707721930956], [-51.976923104413174, -29.469897585536057], [-51.97693180745078, -29.470150640309562], [-51.97686895402147, -29.47038911219341], [-51.976919307525314, -29.471190917633322], [-51.97695437928306, -29.47141272919524], [-51.97696090242217, -29.471539858572605], [-51.976939595723245, -29.4716475040828], [-51.97696507037581, -29.471832137920902], [-51.97693139554588, -29.471920820935782], [-51.97688743545539, -29.471984312052154], [-51.97677894521824, -29.47208026145827], [-51.97664237748598, -29.47215277488239], [-51.97648244090484, -29.472155150228247], [-51.976362911433206, -29.47222996876973], [-51.9762736442446, -29.47235729766534], [-51.97620536112639, -29.472556639532048], [-51.97609466784882, -29.472716303329857], [-51.97600753613853, -29.472943180743627], [-51.976208260044295, -29.473337026227185], [-51.975987325944274, -29.473431797959627], [-51.975837520301354, -29.473164396787787], [-51.97568721180369, -29.473363100166928], [-51.97559070349066, -29.473459844825296], [-51.975421186660505, -29.473582470244743], [-51.97529444859843, -29.473647217830564], [-51.9750890809802, -29.47371611246497], [-51.97494535883474, -29.473742095967804], [-51.9745060110751, -29.4737409810295], [-51.97421490851913, -29.473711685940454], [-51.973999175843936, -29.47367486665224], [-51.97357856002095, -29.473563802996463], [-51.97227241402849, -29.47330011225377], [-51.97199065318305, -29.473287865043165], [-51.97174848877549, -29.473170164588115], [-51.971178570805854, -29.473053105703563], [-51.97158152954209, -29.47340242500379], [-51.971790769384945, -29.473625925364875], [-51.97201886466001, -29.473488274981847], [-51.97249506286257, -29.473674313385718], [-51.972486214286356, -29.473827797162926], [-51.97210420841903, -29.47378546513446], [-51.97201247663936, -29.473899846924084]], [[-51.976560538228505, -29.473185913230946], [-51.976208260201105, -29.47333702653484], [-51.976208260044295, -29.473337026227185], [-51.976560538228505, -29.473185913230946]], [[-51.97341988822346, -29.474398548087237], [-51.97302929066621, -29.47453677464615], [-51.972675119235866, -29.47416935327751], [-51.97285155837693, -29.47428538392245], [-51.97294308178317, -29.47414934497453], [-51.973366427033355, -29.474200396829083], [-51.97341988822346, -29.474398548087237]]]}}, {"id": "26", "type": "Feature", "properties": {"id": 937, "codigo": "0185", "Area_m2": "161726,29"}, "geometry": {"type": "Polygon", "coordinates": [[[-51.9725701339887, -29.470502707402822], [-51.97226217732209, -29.470528701941102], [-51.9722886110274, -29.47081871482489], [-51.97259618125987, -29.470788469896668], [-51.9725701339887, -29.470502707402822]]]}}, {"id": "27", "type": "Feature", "properties": {"id": 937, "codigo": "0185", "Area_m2": "161726,29"}, "geometry": {"type": "Polygon", "coordinates": [[[-51.972771957502395, -29.470485671124315], [-51.972808167122935, -29.47076762388646], [-51.97318039462752, -29.470731019419844], [-51.97314484247781, -29.470454194558734], [-51.972771957502395, -29.470485671124315]], [[-51.97289804410141, -29.470512738382602], [-51.97290861508828, -29.47053973507105], [-51.97284682616237, -29.47054921144719], [-51.97289804410141, -29.470512738382602]], [[-51.973001169203506, -29.47051198441294], [-51.97300134153755, -29.47053003246699], [-51.972960091489874, -29.47053033406467], [-51.973001169203506, -29.47051198441294]], [[-51.97299214918891, -29.470647420218135], [-51.97310567312447, -29.470655614790054], [-51.97310601783173, -29.47069171089621], [-51.97299214918891, -29.470647420218135]]]}}, {"id": "28", "type": "Feature", "properties": {"id": 937, "codigo": "0185", "Area_m2": "161726,29"}, "geometry": {"type": "Polygon", "coordinates": [[[-51.973430896255984, -29.470018433174683], [-51.973446437509, -29.470151776596587], [-51.97354870925182, -29.470139263130815], [-51.973450264477336, -29.47002136858438], [-51.973430896255984, -29.470018433174683]]]}}, {"id": "29", "type": "Feature", "properties": {"id": 937, "codigo": "0185", "Area_m2": "161726,29"}, "geometry": {"type": "Polygon", "coordinates": [[[-51.97256006621924, -29.470429802093822], [-51.97254165118232, -29.470178642576453], [-51.972171949720455, -29.470075836485158], [-51.97215846581187, -29.470035807030367], [-51.97190935527067, -29.470054406938814], [-51.971947840356805, -29.470468159072883], [-51.972254571528396, -29.470445256950068], [-51.97225574739265, -29.47045815777177], [-51.97256006621924, -29.470429802093822]]]}}, {"id": "30", "type": "Feature", "properties": {"id": 937, "codigo": "0185", "Area_m2": "161726,29"}, "geometry": {"type": "Polygon", "coordinates": [[[-51.97242206430498, -29.46888004861145], [-51.97238206055876, -29.468357165135693], [-51.97206066150999, -29.46834256053249], [-51.971750786504124, -29.468348180915598], [-51.97188046265607, -29.46974687119544], [-51.97205691797077, -29.469734343646234], [-51.97195967527654, -29.469445660879924], [-51.97242206430498, -29.46888004861145]]]}}, {"id": "31", "type": "Feature", "properties": {"id": 937, "codigo": "0185", "Area_m2": "161726,29"}, "geometry": {"type": "Polygon", "coordinates": [[[-51.97672758578281, -29.47183505984432], [-51.97665195519227, -29.471535872995418], [-51.976627479819236, -29.470489913143023], [-51.976663402858904, -29.469526471522975], [-51.976694283131835, -29.469137733648108], [-51.97704401817666, -29.468713965907153], [-51.977987839668096, -29.468348456498155], [-51.97877611500361, -29.468201388793055], [-51.979161815202616, -29.468306123223524], [-51.97909419060802, -29.467741147263446], [-51.97883509154611, -29.4680144962536], [-51.9777140873814, -29.468338599464666], [-51.97723773237546, -29.4681345311987], [-51.97664264828944, -29.468454762538684], [-51.97617986621851, -29.469667461640736], [-51.97560565394293, -29.470014609321147], [-51.97556932855561, -29.470529280887995], [-51.97510837458834, -29.4708575468398], [-51.974655054429455, -29.470905991038773], [-51.97421006201277, -29.470746805670853], [-51.97405633958642, -29.470593381448072], [-51.97407747767779, -29.470781613878497], [-51.97547262661641, -29.47148622573619], [-51.97599193469159, -29.47221666400269], [-51.97672758578281, -29.47183505984432]]]}}, {"id": "32", "type": "Feature", "properties": {"id": 937, "codigo": "0185", "Area_m2": "161726,29"}, "geometry": {"type": "Polygon", "coordinates": [[[-51.97908010723666, -29.467623485398956], [-51.97902966218029, -29.467202032163286], [-51.978951036861154, -29.467201424684607], [-51.97908010723666, -29.467623485398956]]]}}, {"id": "33", "type": "Feature", "properties": {"id": 937, "codigo": "0185", "Area_m2": "161726,29"}, "geometry": {"type": "Polygon", "coordinates": [[[-51.97335356240098, -29.470006712607034], [-51.97310943626063, -29.469969713327213], [-51.972732094623964, -29.470108564642377], [-51.97275730545244, -29.470408464438687], [-51.973188912349535, -29.470375572172628], [-51.973187672963775, -29.470364378438667], [-51.97339306146862, -29.470347005247977], [-51.97335356240098, -29.470006712607034]]]}}, {"id": "34", "type": "Feature", "properties": {"id": 937, "codigo": "0185", "Area_m2": "161726,29"}, "geometry": {"type": "Polygon", "coordinates": [[[-51.97273899586448, -29.468492365584186], [-51.97257293701179, -29.46839890063368], [-51.97259918929378, -29.46866338242656], [-51.97273899586448, -29.468492365584186]]]}}, {"id": "35", "type": "Feature", "properties": {"id": 64, "codigo": "0026", "Area_m2": null}, "geometry": {"type": "Polygon", "coordinates": [[[-51.96816047484863, -29.471637293700557], [-51.96689271929365, -29.471208546820264], [-51.966685085462906, -29.471664525308416], [-51.96709244027007, -29.471801367149585], [-51.967146031016604, -29.471796629591996], [-51.96724710692442, -29.47182647935777], [-51.96741459605769, -29.47190489403129], [-51.967791576746556, -29.472026030799952], [-51.96793992475135, -29.471866494785164], [-51.968070879092394, -29.471865542071075], [-51.968167200991864, -29.47165081623955], [-51.96816047484863, -29.471637293700557]], [[-51.96740255245911, -29.47175308180076], [-51.967403323540665, -29.471834298163394], [-51.9668856353292, -29.471621468675206], [-51.96696539610398, -29.471332099872022], [-51.96740255245911, -29.47175308180076]]]}}, {"id": "36", "type": "Feature", "properties": {"id": 2333, "codigo": "0025", "Area_m2": null}, "geometry": {"type": "Polygon", "coordinates": [[[-51.96653902625843, -29.471608388735234], [-51.96659401362229, -29.471636088354515], [-51.966792557632864, -29.471215750464765], [-51.96658948581703, -29.471183804142356], [-51.96647306273018, -29.471182220201978], [-51.96642987527042, -29.471196871064834], [-51.966395945445235, -29.471228540993167], [-51.96638206876063, -29.471279181605958], [-51.966431071476975, -29.47144240095331], [-51.96649142210728, -29.471557970836592], [-51.96653902625843, -29.471608388735234]]]}}, {"id": "37", "type": "Feature", "properties": {"id": 63, "codigo": "0024", "Area_m2": null}, "geometry": {"type": "Polygon", "coordinates": [[[-51.96617637228061, -29.4711506134387], [-51.965251438227966, -29.47052323506734], [-51.96494437803596, -29.471183431716963], [-51.96511764312355, -29.47115599547728], [-51.9651664233769, -29.47131424035451], [-51.96582266317299, -29.471563937095123], [-51.96583217764322, -29.47154296854332], [-51.965950931079746, -29.47158382139085], [-51.96598450402474, -29.471575890115425], [-51.96600903172098, -29.47154997425859], [-51.96618305658905, -29.471174884674397], [-51.96617637228061, -29.4711506134387]], [[-51.965334464170894, -29.471181496817938], [-51.96523133815696, -29.471182244862373], [-51.96523108171325, -29.471155172721573], [-51.965334464170894, -29.471181496817938]]]}}, {"id": "38", "type": "Feature", "properties": {"id": 65, "codigo": "0027", "Area_m2": null}, "geometry": {"type": "Polygon", "coordinates": [[[-51.96848739389667, -29.470931689958665], [-51.966790342733006, -29.470360437296485], [-51.96652862283649, -29.47091437044984], [-51.967979050266926, -29.471404142883134], [-51.96792472596279, -29.4713521995655], [-51.96804899167569, -29.471405443628214], [-51.9680339639359, -29.47142328402481], [-51.96821778188152, -29.471487357058027], [-51.96824791794887, -29.4714787050559], [-51.96848739389667, -29.470931689958665]]]}}, {"id": "39", "type": "Feature", "properties": {"id": 66, "codigo": "0028", "Area_m2": null}, "geometry": {"type": "Polygon", "coordinates": [[[-51.96685603206525, -29.47024582726742], [-51.9685467107047, -29.470812638094785], [-51.96879743971397, -29.470251334081016], [-51.96711650120903, -29.469671814008095], [-51.96685603206525, -29.47024582726742]]]}}, {"id": "40", "type": "Feature", "properties": {"id": 41, "codigo": "0001", "Area_m2": null}, "geometry": {"type": "Polygon", "coordinates": [[[-51.96478761309631, -29.47117079208282], [-51.96511898140755, -29.470432222848277], [-51.96492580543351, -29.47029610263104], [-51.96401604603791, -29.469267722588558], [-51.96387082103065, -29.46961521538134], [-51.96359799538401, -29.47020455010589], [-51.96402443379316, -29.470414427684805], [-51.964010376877, -29.47043549183611], [-51.963589476790645, -29.470222951091365], [-51.96340177311943, -29.470633506785266], [-51.96350310378699, -29.470672532303965], [-51.96358583124472, -29.470580492520313], [-51.96448532873623, -29.470817642409177], [-51.96443160552969, -29.471034163333147], [-51.96478761309631, -29.47117079208282]]]}}, {"id": "41", "type": "Feature", "properties": {"id": 62, "codigo": "0023", "Area_m2": null}, "geometry": {"type": "Polygon", "coordinates": [[[-51.966934101370704, -29.469599192046527], [-51.965854288355274, -29.469228660386214], [-51.965604292458565, -29.46976609702968], [-51.965312521085835, -29.47039333459964], [-51.966107228928905, -29.47093876632196], [-51.966269455236066, -29.470986389456833], [-51.966545403158236, -29.4704053978382], [-51.96560429250267, -29.469766097030615], [-51.965614455957514, -29.469744248148892], [-51.96655792578135, -29.470379032045578], [-51.966934101370704, -29.469599192046527]]]}}, {"id": "42", "type": "Feature", "properties": {"id": 42, "codigo": "0002", "Area_m2": null}, "geometry": {"type": "Polygon", "coordinates": [[[-51.96410710247186, -29.469092716053368], [-51.964111961064816, -29.469129221665366], [-51.96417715839187, -29.46921558822744], [-51.9647370282594, -29.469861699092224], [-51.96505741635396, -29.470218730634084], [-51.96517533438569, -29.470300659733184], [-51.965707874875285, -29.46917347281037], [-51.96523952461334, -29.469010409484333], [-51.96513914988346, -29.4690711410817], [-51.96472439088089, -29.468831055242795], [-51.964296266188875, -29.468681993008516], [-51.96410710247186, -29.469092716053368]]]}}, {"id": "43", "type": "Feature", "properties": {"id": 61, "codigo": "0022", "Area_m2": null}, "geometry": {"type": "Polygon", "coordinates": [[[-51.96591814220869, -29.46909510484341], [-51.96699334812766, -29.469466839880486], [-51.96729347645037, -29.46882350803135], [-51.966284534415, -29.468444728954722], [-51.966127171256844, -29.468856404615668], [-51.96603574320466, -29.468832939163168], [-51.96591814220869, -29.46909510484341]]]}}, {"id": "44", "type": "Feature", "properties": {"id": 40, "codigo": "0043", "Area_m2": null}, "geometry": {"type": "Polygon", "coordinates": [[[-51.96402844748581, -29.468591420868865], [-51.9638545833172, -29.468791218212445], [-51.96395008798645, -29.46891938319438], [-51.96396931705503, -29.46891138125021], [-51.96410932503967, -29.468620232499845], [-51.96402844748581, -29.468591420868865]]]}}, {"id": "45", "type": "Feature", "properties": {"id": 43, "codigo": "0003", "Area_m2": null}, "geometry": {"type": "Polygon", "coordinates": [[[-51.9654071425029, -29.468908992502215], [-51.965767571396526, -29.46902896195117], [-51.965874130316706, -29.468791460432573], [-51.965682627920756, -29.46874231041496], [-51.9654071425029, -29.468908992502215]]]}}, {"id": "46", "type": "Feature", "properties": {"id": 60, "codigo": "0021", "Area_m2": null}, "geometry": {"type": "Polygon", "coordinates": [[[-51.96633894576841, -29.468302384138173], [-51.96735265436573, -29.468682073244203], [-51.967690213298546, -29.467982650126867], [-51.96660234843242, -29.467589048319883], [-51.96655941257816, -29.467681168501368], [-51.96656995966857, -29.46769803175259], [-51.96633894576841, -29.468302384138173]]]}}, {"id": "47", "type": "Feature", "properties": {"id": 69, "codigo": "0031", "Area_m2": null}, "geometry": {"type": "Polygon", "coordinates": [[[-51.96802220469489, -29.46724040209688], [-51.96755938300293, -29.467093639542536], [-51.967559382999106, -29.467093639543283], [-51.96755938299374, -29.467093639548096], [-51.96728897745029, -29.467670869538242], [-51.96769379549549, -29.467771296421663], [-51.967908303228114, -29.46776934194172], [-51.96828120658486, -29.467705498939296], [-51.96875565293709, -29.467554227623534], [-51.96802220469489, -29.46724040209688]]]}}, {"id": "48", "type": "Feature", "properties": {"id": 59, "codigo": "0020", "Area_m2": null}, "geometry": {"type": "Polygon", "coordinates": [[[-51.967188859979636, -29.467646032277347], [-51.9674620846781, -29.46706278563362], [-51.96693627373545, -29.466877861024095], [-51.96666441563011, -29.467458184273887], [-51.967188859979636, -29.467646032277347]]]}}, {"id": "49", "type": "Feature", "properties": {"id": 45, "codigo": "0005", "Area_m2": null}, "geometry": {"type": "Polygon", "coordinates": [[[-51.96651851617052, -29.467405666368258], [-51.96677646415552, -29.46685256368164], [-51.96677627855411, -29.466831715147766], [-51.966759215454836, -29.46681716434474], [-51.966330790432494, -29.46666862862084], [-51.96610920608621, -29.46696135432733], [-51.966349808125635, -29.467346041712734], [-51.96651851617052, -29.467405666368258]], [[-51.96648266926677, -29.46719328417232], [-51.9665651668187, -29.467192685040917], [-51.96653482931739, -29.46725607806285], [-51.96648266926677, -29.46719328417232]]]}}, {"id": "50", "type": "Feature", "properties": {"id": 46, "codigo": "0006", "Area_m2": null}, "geometry": {"type": "Polygon", "coordinates": [[[-51.966248964255065, -29.466489287033415], [-51.96684873040412, -29.466692737026918], [-51.967103749382375, -29.466140517824304], [-51.966146637255875, -29.46581155115582], [-51.96619166405772, -29.465868770418187], [-51.966248964255065, -29.466489287033415]]]}}, {"id": "51", "type": "Feature", "properties": {"id": 68, "codigo": "0030", "Area_m2": null}, "geometry": {"type": "Polygon", "coordinates": [[[-51.9692190700688, -29.469391010846667], [-51.9698081860763, -29.468101042191563], [-51.969250884458354, -29.46775295316832], [-51.96892799974278, -29.467613019015353], [-51.968345043773965, -29.467791526314986], [-51.968047204716115, -29.46785822174424], [-51.96790552325195, -29.467874701765787], [-51.96769194639062, -29.468312505999453], [-51.96750212430739, -29.46874367454694], [-51.9692190700688, -29.469391010846667]]]}}, {"id": "52", "type": "Feature", "properties": {"id": 70, "codigo": "0033", "Area_m2": null}, "geometry": {"type": "Polygon", "coordinates": [[[-51.97131464606768, -29.467192835002436], [-51.97068791822734, -29.46730371459423], [-51.97065482900036, -29.46719170453812], [-51.9718599136632, -29.467033065456683], [-51.97210912773652, -29.46696004292679], [-51.97202712978518, -29.466314269314285], [-51.967556040708125, -29.465535183636288], [-51.966991296731756, -29.46675865950051], [-51.96798929321399, -29.467105308915116], [-51.969104161303235, -29.46757062502933], [-51.969316473254864, -29.467672363879384], [-51.96977681976815, -29.467962055566314], [-51.97014758126246, -29.468235552174118], [-51.970486872039594, -29.468506945866068], [-51.970558682890804, -29.468542613147978], [-51.97060733193583, -29.468549433402686], [-51.970670741427675, -29.468541172350314], [-51.97117324981413, -29.468351697982232], [-51.97161555584271, -29.468216145398955], [-51.97199649115022, -29.468208849391235], [-51.97241569379189, -29.46823933849802], [-51.97155266205935, -29.46786029249562], [-51.97127826533492, -29.467203494966828], [-51.97131464606768, -29.467192835002436]]]}}, {"id": "53", "type": "Feature", "properties": {"id": 70, "codigo": "0033", "Area_m2": null}, "geometry": {"type": "Polygon", "coordinates": [[[-51.972406911717535, -29.466872788867008], [-51.972604919266814, -29.466814770425312], [-51.972444949797776, -29.466249115845706], [-51.97215792961202, -29.46627816160639], [-51.97222896017962, -29.4668883047919], [-51.972406911717535, -29.466872788867008]]]}}, {"id": "54", "type": "Feature", "properties": {"id": 70, "codigo": "0033", "Area_m2": null}, "geometry": {"type": "Polygon", "coordinates": [[[-51.967642579007, -29.46534770209441], [-51.9720556523967, -29.46611241416977], [-51.972213924858636, -29.46613647624164], [-51.97240888315191, -29.46612158361396], [-51.97238078775097, -29.46602223783062], [-51.97193332459751, -29.46560134711424], [-51.97224060146852, -29.464299550945555], [-51.97282356634868, -29.463953255570814], [-51.97279882193578, -29.463743649956466], [-51.97233079673778, -29.463790695822173], [-51.972314275537094, -29.46366518620431], [-51.972783986058744, -29.46361797791646], [-51.97272522591313, -29.46312022672373], [-51.97139018227945, -29.463256654528028], [-51.971385222775105, -29.46327698451182], [-51.9706772330491, -29.46365216123854], [-51.97016172773722, -29.46366494453558], [-51.96998814421996, -29.463846703113028], [-51.970095814680015, -29.464324225860732], [-51.969777433883905, -29.464461916144494], [-51.969446337013686, -29.46434700754259], [-51.969308371670905, -29.46387190538792], [-51.96889571425935, -29.46406858432851], [-51.96879841202076, -29.464021603107792], [-51.96852464280665, -29.464145008659425], [-51.968336734126666, -29.464054278616594], [-51.96857719995051, -29.46391479316148], [-51.96835147372343, -29.46380580301272], [-51.967642579007, -29.46534770209441]]]}}, {"id": "55", "type": "Feature", "properties": {"id": 206, "codigo": "0015", "Area_m2": null}, "geometry": {"type": "Polygon", "coordinates": [[[-51.97285262245342, -29.463257011374772], [-51.97292698254848, -29.463891823822728], [-51.973194264477, -29.463733051830186], [-51.973689145758456, -29.463720407665665], [-51.973713566592195, -29.46359936070436], [-51.97369313168255, -29.463430036527768], [-51.9735196748221, -29.463252364750605], [-51.97362859456776, -29.46318815613845], [-51.97285262245342, -29.463257011374772]]]}}, {"id": "56", "type": "Feature", "properties": {"id": 57, "codigo": "0017", "Area_m2": null}, "geometry": {"type": "Polygon", "coordinates": [[[-51.96879841202076, -29.464021603107792], [-51.96857719995051, -29.46391479316148], [-51.968336734126666, -29.464054278616594], [-51.96852464280665, -29.464145008659425], [-51.96879841202076, -29.464021603107792]]]}}, {"id": "57", "type": "Feature", "properties": {"id": 57, "codigo": "0017", "Area_m2": null}, "geometry": {"type": "Polygon", "coordinates": [[[-51.968389896701815, -29.463723095618032], [-51.96899445330159, -29.464021523989203], [-51.969308371670905, -29.46387190538792], [-51.96847447690586, -29.463541031952413], [-51.968389896701815, -29.463723095618032]]]}}, {"id": "58", "type": "Feature", "properties": {"id": 54, "codigo": "0014", "Area_m2": null}, "geometry": {"type": "Polygon", "coordinates": [[[-51.971420876913, -29.46313083118786], [-51.97271490220277, -29.462993695124325], [-51.97268913046451, -29.462768503716173], [-51.97256737514289, -29.462880290798076], [-51.97152416909641, -29.462707416211728], [-51.971420876913, -29.46313083118786]]]}}, {"id": "59", "type": "Feature", "properties": {"id": 205, "codigo": "0014", "Area_m2": null}, "geometry": {"type": "Polygon", "coordinates": [[[-51.97284247082206, -29.46312623757139], [-51.97362547696174, -29.463062777569778], [-51.97353139698026, -29.46225976396374], [-51.97321141436363, -29.462288979764125], [-51.97278756538469, -29.46267812776926], [-51.97284247082206, -29.46312623757139]]]}}, {"id": "60", "type": "Feature", "properties": {"id": 47, "codigo": "0007", "Area_m2": null}, "geometry": {"type": "Polygon", "coordinates": [[[-51.96599109088481, -29.465613885582226], [-51.967158893623434, -29.466019994221238], [-51.967416130585335, -29.4654695240792], [-51.96603291167322, -29.464987582846053], [-51.96614288807622, -29.465074953266765], [-51.965951578753646, -29.46556367426571], [-51.96599109088481, -29.465613885582226]]]}}, {"id": "61", "type": "Feature", "properties": {"id": 47, "codigo": "0007", "Area_m2": null}, "geometry": {"type": "Polygon", "coordinates": [[[-51.966093110015684, -29.46481956363668], [-51.96749403071785, -29.465302821641924], [-51.967737620525135, -29.464781547790423], [-51.96735400388014, -29.46464796260846], [-51.967295517343096, -29.464822914923417], [-51.966342026422794, -29.464324459588973], [-51.966093110015684, -29.46481956363668]]]}}, {"id": "62", "type": "Feature", "properties": {"id": 49, "codigo": "0009", "Area_m2": null}, "geometry": {"type": "Polygon", "coordinates": [[[-51.96780612712759, -29.463535674519743], [-51.96751727482737, -29.463386683563474], [-51.967017475134554, -29.463778073271857], [-51.96748604796577, -29.46425297566579], [-51.967398667832896, -29.46451435815309], [-51.96779401843098, -29.46465028790765], [-51.968207674078734, -29.463737200986838], [-51.96782777229236, -29.46354683919784], [-51.96771638420413, -29.463828238129125], [-51.96768995733085, -29.463809758957808], [-51.96780612712759, -29.463535674519743]]]}}, {"id": "63", "type": "Feature", "properties": {"id": 50, "codigo": "0010", "Area_m2": null}, "geometry": {"type": "Polygon", "coordinates": [[[-51.96753692392985, -29.463288261695332], [-51.9681485380174, -29.46359657219418], [-51.9682557739909, -29.463650614194687], [-51.96833251657094, -29.463485035819605], [-51.96825189620754, -29.46345323518615], [-51.967575717831615, -29.46283545002581], [-51.96753692392985, -29.463288261695332]]]}}, {"id": "64", "type": "Feature", "properties": {"id": 847, "codigo": "0061", "Area_m2": null}, "geometry": {"type": "Polygon", "coordinates": [[[-51.98877387984902, -29.47330958606481], [-51.98853086397657, -29.47338534758704], [-51.98877041345877, -29.47373486581301], [-51.98877387984902, -29.47330958606481]]]}}, {"id": "65", "type": "Feature", "properties": {"id": 855, "codigo": "0071", "Area_m2": "38862,42"}, "geometry": {"type": "Polygon", "coordinates": [[[-51.97932631282455, -29.474612248800874], [-51.97803073684867, -29.474938934055473], [-51.97810070480139, -29.475172856860187], [-51.97824005017711, -29.475277317843574], [-51.97846276777168, -29.475255630871114], [-51.97865064593909, -29.4752020398344], [-51.978778367201045, -29.47558921707715], [-51.97868686549416, -29.475599480601794], [-51.978645630483115, -29.475699764558026], [-51.978848155788874, -29.476239141047344], [-51.97982661546449, -29.475955072522112], [-51.97987889699051, -29.47574996088524], [-51.979626738223665, -29.474480683442916], [-51.97932631282455, -29.474612248800874]]]}}, {"id": "66", "type": "Feature", "properties": {"id": 1005, "codigo": "0265", "Area_m2": "12739,38"}, "geometry": {"type": "Polygon", "coordinates": [[[-51.9829815413824, -29.473421744595544], [-51.983136577960025, -29.47346074709627], [-51.983085802168, -29.47337803067415], [-51.9829815413824, -29.473421744595544]]]}}, {"id": "67", "type": "Feature", "properties": {"id": 887, "codigo": "0108", "Area_m2": "184016,15"}, "geometry": {"type": "Polygon", "coordinates": [[[-51.98212700082255, -29.468710348885832], [-51.98211790573234, -29.468689725198978], [-51.98170900831057, -29.468827808558448], [-51.98215537064196, -29.470818317589657], [-51.979658635390706, -29.471764680740474], [-51.97967588288471, -29.47179866191499], [-51.979614961496374, -29.471898381509053], [-51.979513051424256, -29.471819862923347], [-51.978856431493185, -29.47206873768176], [-51.9791272576409, -29.472568887149148], [-51.98276975069837, -29.47127266673789], [-51.98276366158256, -29.471153193657145], [-51.98304767833461, -29.470797988369792], [-51.98245694923848, -29.469458519443567], [-51.98307719686176, -29.469239633218475], [-51.982827062408596, -29.46869688059431], [-51.98212700082255, -29.468710348885832]]]}}, {"id": "68", "type": "Feature", "properties": {"id": 887, "codigo": "0108", "Area_m2": "184016,15"}, "geometry": {"type": "Polygon", "coordinates": [[[-51.98520973771513, -29.4693452781149], [-51.985053263895814, -29.46929229814283], [-51.984837227203705, -29.469197389690226], [-51.984612510504384, -29.46903899145535], [-51.98446816262657, -29.468849398414868], [-51.9843724904167, -29.468663685187522], [-51.98383178116804, -29.468672149140207], [-51.98389351496474, -29.468815052373643], [-51.9830762997127, -29.468812085830514], [-51.983738991053336, -29.470365452151736], [-51.98392096246621, -29.47031437485206], [-51.98526489705268, -29.470647367810553], [-51.98581326407273, -29.470507360601328], [-51.985327657681566, -29.469422220423926], [-51.98520973771513, -29.4693452781149]]]}}, {"id": "69", "type": "Feature", "properties": {"id": 887, "codigo": "0108", "Area_m2": "184016,15"}, "geometry": {"type": "Polygon", "coordinates": [[[-51.98667855117032, -29.472440938518933], [-51.98658445312321, -29.47272228257735], [-51.98685712801945, -29.473189541667672], [-51.987107247363284, -29.47339890668274], [-51.98667855117032, -29.472440938518933]]]}}, {"id": "70", "type": "Feature", "properties": {"id": 1001, "codigo": "0261", "Area_m2": "12954,23"}, "geometry": {"type": "Polygon", "coordinates": [[[-51.98307719686176, -29.469239633218475], [-51.98245694923848, -29.469458519443567], [-51.98304767833461, -29.470797988369792], [-51.98329355703719, -29.47049048039862], [-51.98359100119936, -29.470406991215516], [-51.98307719686176, -29.469239633218475]]]}}, {"id": "71", "type": "Feature", "properties": {"id": 938, "codigo": "0186", "Area_m2": "272482,69"}, "geometry": {"type": "Polygon", "coordinates": [[[-51.981299588399956, -29.467728894211916], [-51.981372596424244, -29.468068005738484], [-51.981107779563445, -29.4684128949245], [-51.98044034677634, -29.468715627128027], [-51.980379669912935, -29.467768485910746], [-51.98014742035116, -29.46721066823941], [-51.97902966318106, -29.467202032171024], [-51.979080108822494, -29.467623490584653], [-51.97911074763327, -29.467723679635043], [-51.97909419140782, -29.467741146419655], [-51.979161815202616, -29.468306123223524], [-51.97971379971194, -29.46886186988872], [-51.97999318307393, -29.469452693741413], [-51.98012537189889, -29.46966767023737], [-51.98030072805621, -29.469705642247025], [-51.9804077703725, -29.46965025529648], [-51.9806650569392, -29.46945814302345], [-51.9808134248795, -29.46931445593711], [-51.981098693615145, -29.469125693220715], [-51.98136473245829, -29.468972524226178], [-51.981523854775695, -29.468715934165175], [-51.98152110675447, -29.468606405228297], [-51.98154254223255, -29.4684340656975], [-51.98160723541488, -29.46816312083204], [-51.98149951042811, -29.468003941283424], [-51.98145778583857, -29.467879037865504], [-51.981299588399956, -29.467728894211916]]]}}, {"id": "72", "type": "Feature", "properties": {"id": 938, "codigo": "0186", "Area_m2": "272482,69"}, "geometry": {"type": "Polygon", "coordinates": [[[-51.98762911803782, -29.468595243687794], [-51.987491167853975, -29.468103729080966], [-51.987498662619906, -29.467957976521422], [-51.987245486662935, -29.46756412719], [-51.98685892871246, -29.467110145435928], [-51.986725384878, -29.46670539401316], [-51.986728286648635, -29.466369815602885], [-51.987403016895186, -29.46635054835781], [-51.98743861912932, -29.466211729329263], [-51.987239908839854, -29.464901941972947], [-51.98712786262079, -29.4649390133643], [-51.98661987141666, -29.464663016109963], [-51.986199878551815, -29.464954917551115], [-51.98617303799757, -29.46644418285422], [-51.98545468409054, -29.466810489686257], [-51.9850694533543, -29.46749921460852], [-51.984645695376756, -29.46740307942951], [-51.98442942802869, -29.46636684506451], [-51.983955683298525, -29.466433520972043], [-51.98350799749618, -29.465994622342592], [-51.98302176580205, -29.46583577096013], [-51.982988996434486, -29.465763507788303], [-51.98299076969534, -29.465899558053977], [-51.9832864188823, -29.465948382106212], [-51.983413767661744, -29.465986133174347], [-51.98351648867086, -29.46606599373218], [-51.98366427732432, -29.46623338138814], [-51.983852796298514, -29.46663090645396], [-51.98402038678465, -29.466818887101432], [-51.98415727474751, -29.46706175811322], [-51.984391698713196, -29.46731751265896], [-51.98467306451257, -29.46896745974103], [-51.985496323084995, -29.46907596172316], [-51.986183915418714, -29.46869004822917], [-51.98641270640393, -29.46872649145323], [-51.98724825975257, -29.469633526426612], [-51.98744517333869, -29.469624805959434], [-51.987627103449235, -29.46935572730053], [-51.987715455224645, -29.468982228400307], [-51.98762911803782, -29.468595243687794]], [[-51.98661120765735, -29.46802927235785], [-51.986643891636376, -29.468209522873142], [-51.986073575284564, -29.467888862740164], [-51.98612356455558, -29.46772604877732], [-51.98661120765735, -29.46802927235785]], [[-51.98750688997592, -29.468934117776595], [-51.987325027971664, -29.469323526607027], [-51.98724882005695, -29.46890895858586], [-51.98737081903019, -29.468727560704824], [-51.98725624739665, -29.468611090386016], [-51.987431993232676, -29.468654909705407], [-51.98750688997592, -29.468934117776595]]]}}, {"id": "73", "type": "Feature", "properties": {"id": 938, "codigo": "0186", "Area_m2": "272482,69"}, "geometry": {"type": "Polygon", "coordinates": [[[-51.98278920951688, -29.465564872532013], [-51.982627386475066, -29.46557696848928], [-51.982382160412904, -29.46581341972153], [-51.98155633075325, -29.46572926641037], [-51.9815410949889, -29.466288907142022], [-51.98129152200251, -29.46666361030449], [-51.982063582779844, -29.466497320390424], [-51.98227562504882, -29.466344596362667], [-51.98240101870185, -29.46620529694717], [-51.98252986577248, -29.466092892180132], [-51.98259145488222, -29.46605407622391], [-51.98282402169264, -29.465996912800083], [-51.98278920951688, -29.465564872532013]]]}}, {"id": "74", "type": "Feature", "properties": {"id": 938, "codigo": "0186", "Area_m2": "272482,69"}, "geometry": {"type": "Polygon", "coordinates": [[[-51.98126980396795, -29.467569918633785], [-51.981508540222286, -29.46776208774501], [-51.98145251003106, -29.4674703619716], [-51.981434334417855, -29.467210858017307], [-51.98143530906196, -29.46695727576847], [-51.981451249229615, -29.466804769511175], [-51.981575414707, -29.466717385098452], [-51.981237332577884, -29.466744969064823], [-51.98112429482479, -29.46691468135692], [-51.98126980396795, -29.467569918633785]]]}}, {"id": "76", "type": "Feature", "properties": {"id": 940, "codigo": "0188", "Area_m2": "125364,12"}, "geometry": {"type": "Polygon", "coordinates": [[[-51.98867737606942, -29.464916237973572], [-51.988583941128276, -29.465144797211032], [-51.98852009321934, -29.46515558071416], [-51.98869659380863, -29.46630247705977], [-51.98876926436918, -29.46630528451047], [-51.98891576561934, -29.466340196376947], [-51.98906758468917, -29.466430657362732], [-51.98912454369103, -29.466489303562543], [-51.989497899173585, -29.46697094879928], [-51.98964057774301, -29.467060928544864], [-51.989831824658104, -29.467107201123767], [-51.989933782928084, -29.467113326034656], [-51.99008366872847, -29.467100093848305], [-51.9901978300857, -29.46707128545103], [-51.99029368894199, -29.46703274353307], [-51.99039287929641, -29.466975811528258], [-51.99048870008356, -29.466898140461904], [-51.9905496016075, -29.46683098591228], [-51.990611883649215, -29.46666187216903], [-51.99062289354433, -29.46634895909618], [-51.99064532782689, -29.46620763395669], [-51.99082869409028, -29.465568798550013], [-51.99091839151742, -29.465333430934834], [-51.99102750567611, -29.4651591913726], [-51.99109067602056, -29.465081639641742], [-51.99135002952136, -29.464911194682404], [-51.99157548079591, -29.464785220556298], [-51.99170521651286, -29.464731066943894], [-51.99301016839702, -29.46394917169894], [-51.99281648481573, -29.46374078878121], [-51.992663971490835, -29.463697560580645], [-51.99261531272656, -29.463995736548178], [-51.99224461534961, -29.464052648525847], [-51.99168176859692, -29.464499050799308], [-51.990850018181426, -29.464866231215648], [-51.990642590483475, -29.465806337796106], [-51.990469216169444, -29.46600617023776], [-51.98991394578736, -29.4661727450115], [-51.98939799439322, -29.466140483120228], [-51.98970665383967, -29.46606599102321], [-51.98964101395419, -29.465678419622808], [-51.988844278066765, -29.465404577813963], [-51.988787934672004, -29.464903030274705], [-51.98867737606942, -29.464916237973572]], [[-51.9893463467092, -29.466131842427412], [-51.98934652190671, -29.466149890404825], [-51.98927442537166, -29.46615945097463], [-51.9893463467092, -29.466131842427412]]]}}, {"id": "77", "type": "Feature", "properties": {"id": 940, "codigo": "0188", "Area_m2": "125364,12"}, "geometry": {"type": "Polygon", "coordinates": [[[-51.99034529679287, -29.46598904313415], [-51.99036548234828, -29.465943769733297], [-51.990230988040885, -29.46589964729655], [-51.99034529679287, -29.46598904313415]]]}}, {"id": "78", "type": "Feature", "properties": {"id": 884, "codigo": "0101", "Area_m2": null}, "geometry": {"type": "Polygon", "coordinates": [[[-51.98873410737099, -29.473321985435412], [-51.9887738798491, -29.47330958605526], [-51.98877512148082, -29.473157254439542], [-51.98819698127115, -29.472033469966238], [-51.98814104780273, -29.471978357286787], [-51.98873410737099, -29.473321985435412]]]}}, {"id": "79", "type": "Feature", "properties": {"id": 1000, "codigo": "0260", "Area_m2": null}, "geometry": {"type": "Polygon", "coordinates": [[[-51.98819683275162, -29.469469415886632], [-51.987798765162076, -29.46855960432219], [-51.98776585097971, -29.468699911470473], [-51.98782650373266, -29.46895886954472], [-51.98779133475611, -29.46919297647634], [-51.98772637689566, -29.469417137245593], [-51.9876642621193, -29.469535085953098], [-51.98757110035125, -29.469646486989973], [-51.9874020495598, -29.469786693213035], [-51.98732995669649, -29.469807562597428], [-51.987266714092804, -29.469809161405013], [-51.98718392013154, -29.469792362203503], [-51.987754364861516, -29.47108893305886], [-51.9878750045121, -29.470736313141117], [-51.98773280736663, -29.469898077443908], [-51.988204902552816, -29.469659932053176], [-51.98819683275162, -29.469469415886632]]]}}, {"id": "80", "type": "Feature", "properties": {"id": 971, "codigo": "0221", "Area_m2": null}, "geometry": {"type": "Polygon", "coordinates": [[[-51.98817567826281, -29.46896998944279], [-51.988126368856285, -29.469308366985743], [-51.98819683274731, -29.46946941578507], [-51.98817567826281, -29.46896998944279]]]}}, {"id": "81", "type": "Feature", "properties": {"id": 939, "codigo": "0187", "Area_m2": null}, "geometry": {"type": "Polygon", "coordinates": [[[-51.98851052617358, -29.465588725144098], [-51.98768171932598, -29.465700897767913], [-51.98759887018252, -29.46511011883115], [-51.98742830657367, -29.465081178964418], [-51.98732317685395, -29.464874392081782], [-51.98723990882004, -29.4649019419795], [-51.9874544323554, -29.466315960258328], [-51.98863263784225, -29.466456933664166], [-51.98851052617358, -29.465588725144098]]]}}, {"id": "82", "type": "Feature", "properties": {"id": 939, "codigo": "0187", "Area_m2": null}, "geometry": {"type": "Polygon", "coordinates": [[[-51.98775184459068, -29.4651360743032], [-51.98781513334153, -29.465533433672228], [-51.98835396588012, -29.46544038541681], [-51.98840612391157, -29.465415281640233], [-51.98837703550866, -29.465179742245855], [-51.988192700638464, -29.465210875225573], [-51.98775184459068, -29.4651360743032]]]}}, {"id": "83", "type": "Feature", "properties": {"id": 943, "codigo": "0193", "Area_m2": null}, "geometry": {"type": "Polygon", "coordinates": [[[-51.98878793467402, -29.464903030292632], [-51.98876526604514, -29.464701242752472], [-51.98867737606161, -29.46491623799266], [-51.98878793467402, -29.464903030292632]]]}}, {"id": "84", "type": "Feature", "properties": {"id": 38, "codigo": "0041", "Area_m2": null}, "geometry": {"type": "Polygon", "coordinates": [[[-51.96077463374695, -29.47028582591307], [-51.96164018419233, -29.470451215264], [-51.962129394529114, -29.469354713370187], [-51.96134324532158, -29.46907654411057], [-51.96077463374695, -29.47028582591307]]]}}, {"id": "85", "type": "Feature", "properties": {"id": 36, "codigo": "0038", "Area_m2": null}, "geometry": {"type": "Polygon", "coordinates": [[[-51.962821445194145, -29.46835784687822], [-51.96186233539604, -29.47045531995174], [-51.963201298909915, -29.470575587009527], [-51.96388680290702, -29.46908876897769], [-51.96375414413819, -29.46890663866573], [-51.963561780657585, -29.469127694635638], [-51.963221386181054, -29.469121134135648], [-51.96323467549661, -29.468344916077555], [-51.96301734927878, -29.468265266814743], [-51.962821445194145, -29.46835784687822]]]}}, {"id": "86", "type": "Feature", "properties": {"id": 37, "codigo": "0039", "Area_m2": null}, "geometry": {"type": "Polygon", "coordinates": [[[-51.961697344508444, -29.468279389331336], [-51.961343245312094, -29.469076544114102], [-51.962129394533235, -29.469354713378475], [-51.96263520832364, -29.46824422675636], [-51.96261380520889, -29.468123791546255], [-51.962055151975626, -29.467938313022284], [-51.961697344508444, -29.468279389331336]]]}}, {"id": "87", "type": "Feature", "properties": {"id": 39, "codigo": "0042", "Area_m2": null}, "geometry": {"type": "Polygon", "coordinates": [[[-51.95706723628218, -29.469608894669978], [-51.95876065923908, -29.469739035201588], [-51.96060856965128, -29.47024106874899], [-51.961371284245224, -29.46859020294288], [-51.961196580314834, -29.46875673767797], [-51.9604743742248, -29.468725853227014], [-51.960296768013364, -29.46848346864239], [-51.96060316114108, -29.468165393717545], [-51.96131096504589, -29.46776319709159], [-51.96164078728412, -29.467742764917453], [-51.961132933095286, -29.46747569328201], [-51.96146829915777, -29.466949839578866], [-51.96186239925089, -29.466817901126173], [-51.96046551700177, -29.466264844302156], [-51.96026414758765, -29.466776329242236], [-51.96003692226152, -29.466692713209454], [-51.959973574077885, -29.46697424914213], [-51.95998920262931, -29.467457035452004], [-51.959943779884895, -29.467575663640815], [-51.95986030081722, -29.467653839816037], [-51.95969220987979, -29.46768996041122], [-51.95944603789857, -29.46777991207912], [-51.95886356359834, -29.467948049311754], [-51.95859450004137, -29.46808768168989], [-51.95841213564494, -29.46825577961224], [-51.95811733470158, -29.468486746022222], [-51.95767403744504, -29.468716841160358], [-51.95756019835158, -29.46884291653002], [-51.957567302590675, -29.468855098504026], [-51.957541423296746, -29.468855284711648], [-51.95746967366412, -29.4689025502188], [-51.957427689879715, -29.468941488106314], [-51.95744440175417, -29.468946229568477], [-51.95742240690279, -29.468946387806614], [-51.95736641075432, -29.468998321470085], [-51.95720998364032, -29.469082977608124], [-51.95726030439016, -29.46910999817203], [-51.95717223723236, -29.469101007727865], [-51.957019756318275, -29.46914268737855], [-51.9570441673905, -29.469156676092354], [-51.95699260528284, -29.469157046889524], [-51.9570038640604, -29.46914703142228], [-51.95697968727319, -29.46915260094681], [-51.95697206518245, -29.469166219274346], [-51.95693881095438, -29.469154855861273], [-51.95683794018521, -29.469160420328983], [-51.95670445648172, -29.469195860037313], [-51.956596952913785, -29.469252869769292], [-51.95654945277682, -29.469305318173472], [-51.95648296337078, -29.469417787218884], [-51.95648311665424, -29.469434118173115], [-51.95693369665071, -29.469473334320806], [-51.95684683763192, -29.46947395883931], [-51.95706723628218, -29.469608894669978]], [[-51.95758860574189, -29.468927142662285], [-51.95756815053858, -29.46894533920747], [-51.957567302590675, -29.468855098504026], [-51.95758860574189, -29.468927142662285]], [[-51.95700605332054, -29.469490863368208], [-51.95696480349877, -29.469491159998753], [-51.95696471875534, -29.469482135927613], [-51.95700605332054, -29.469490863368208]], [[-51.957157519264605, -29.469146836197254], [-51.95706470748217, -29.469147503696572], [-51.9570851628172, -29.4691293072264], [-51.957157519264605, -29.469146836197254]], [[-51.95709937394984, -29.469544340327204], [-51.95709962821664, -29.469571412539267], [-51.9570788337825, -29.469553512729522], [-51.95709937394984, -29.469544340327204]], [[-51.95706835181539, -29.46953553875256], [-51.95706826706264, -29.469526514681768], [-51.95707857952141, -29.469526440517214], [-51.95706835181539, -29.46953553875256]], [[-51.95719868418173, -29.46913751543911], [-51.9571780593436, -29.469137663784213], [-51.95717797458251, -29.469128639713173], [-51.95719868418173, -29.46913751543911]], [[-51.957242392104746, -29.46939891678982], [-51.957241798731765, -29.469335748295833], [-51.95745827515477, -29.46932516632951], [-51.957242392104746, -29.46939891678982]], [[-51.95727053203701, -29.469100899922722], [-51.95727044726786, -29.46909187585185], [-51.957291072096176, -29.469091727492614], [-51.95727053203701, -29.469100899922722]], [[-51.95729098732525, -29.46908270342181], [-51.95733223697774, -29.46908240669388], [-51.95733232175234, -29.4690914307646], [-51.95729098732525, -29.46908270342181]], [[-51.95756823533359, -29.46895436327773], [-51.95755792293418, -29.468954437478914], [-51.9575578381401, -29.4689454134086], [-51.95756823533359, -29.46895436327773]], [[-51.9575580077283, -29.468963461549208], [-51.957547695327946, -29.468963535749598], [-51.95754761053474, -29.46895451167927], [-51.9575580077283, -29.468963461549208]], [[-51.957537637304696, -29.468990682160157], [-51.95750678488481, -29.468999928824793], [-51.95750670009509, -29.468990904754413], [-51.957537637304696, -29.468990682160157]], [[-51.95750686967457, -29.469008952895162], [-51.95749655726946, -29.469009027091715], [-51.957496472480614, -29.46900000302131], [-51.95750686967457, -29.469008952895162]], [[-51.957496642058345, -29.469018051162074], [-51.95748632965229, -29.469018125357845], [-51.95748624486431, -29.469009101287433], [-51.957496642058345, -29.469018051162074]], [[-51.95748641444029, -29.469027149428246], [-51.957476102033276, -29.469027223623247], [-51.95747601724618, -29.469018199552824], [-51.95748641444029, -29.469027149428246]], [[-51.957476186820415, -29.46903624769365], [-51.95746587441245, -29.469036321887874], [-51.957465789626234, -29.469027297817448], [-51.957476186820415, -29.46903624769365]], [[-51.95742487912814, -29.46906369086835], [-51.95734254939079, -29.469082332509913], [-51.957424624780195, -29.4690366186568], [-51.95742487912814, -29.46906369086835]], [[-51.95749562459427, -29.468909762316713], [-51.957495539805855, -29.468900738246194], [-51.957505852200015, -29.46890066404998], [-51.95749562459427, -29.468909762316713]], [[-51.9574854817743, -29.468927884653244], [-51.95746485698033, -29.468928033041838], [-51.95747499980402, -29.468909910706806], [-51.9574854817743, -29.468927884653244]], [[-51.95746494176611, -29.468937057112413], [-51.957444316970154, -29.46893720549787], [-51.95744423218619, -29.468928181427238], [-51.95746494176611, -29.468937057112413]], [[-51.95750576741073, -29.46889163997946], [-51.95751607980392, -29.46889156578248], [-51.95751616459414, -29.46890058985295], [-51.95750576741073, -29.46889163997946]]]}}, {"id": "88", "type": "Feature", "properties": {"id": 32, "codigo": "0034", "Area_m2": null}, "geometry": {"type": "Polygon", "coordinates": [[[-51.96238291158468, -29.46674919079553], [-51.96293152058656, -29.466821939878294], [-51.96311509290974, -29.466604019321977], [-51.96305442870581, -29.466321326868766], [-51.96265020658049, -29.46617616761298], [-51.96238291158468, -29.46674919079553]]]}}, {"id": "89", "type": "Feature", "properties": {"id": 33, "codigo": "0035", "Area_m2": null}, "geometry": {"type": "Polygon", "coordinates": [[[-51.96222598138551, -29.466728380841623], [-51.962506160513094, -29.466119723693332], [-51.961627610816, -29.465813980093028], [-51.961217100878656, -29.466393977512546], [-51.96206550451857, -29.466749904707946], [-51.96215708559783, -29.466719244816957], [-51.96222598138551, -29.466728380841623]]]}}, {"id": "90", "type": "Feature", "properties": {"id": 29, "codigo": "0031", "Area_m2": null}, "geometry": {"type": "Polygon", "coordinates": [[[-51.962903965040596, -29.465620172977758], [-51.962707701476475, -29.466049998460615], [-51.96302088651619, -29.46616502177857], [-51.962903965040596, -29.465620172977758]]]}}, {"id": "91", "type": "Feature", "properties": {"id": 30, "codigo": "0032", "Area_m2": "12925,75"}, "geometry": {"type": "Polygon", "coordinates": [[[-51.961687200928516, -29.465696468483277], [-51.96256156079535, -29.46599937189061], [-51.96285059464544, -29.465371469344355], [-51.96270516066881, -29.464693753575233], [-51.96271894845534, -29.464639029089046], [-51.96215433346419, -29.46444477008957], [-51.9621306294059, -29.46477310967249], [-51.96208311422687, -29.465005219107383], [-51.96196392148473, -29.465252660354935], [-51.961687200928516, -29.465696468483277]]]}}, {"id": "92", "type": "Feature", "properties": {"id": 105, "codigo": "0034", "Area_m2": null}, "geometry": {"type": "Polygon", "coordinates": [[[-51.95998920262931, -29.467457035452004], [-51.959973574077885, -29.46697424914213], [-51.96003738798247, -29.466690643198227], [-51.96020042917289, -29.466353958894278], [-51.9602944965287, -29.46621480414075], [-51.95994392991473, -29.46612543791856], [-51.95965844720826, -29.466077709110042], [-51.95924767655363, -29.46604470866627], [-51.95924700954015, -29.46631956614875], [-51.95933189225611, -29.466775738355874], [-51.95928235936914, -29.46697283511938], [-51.959288042958406, -29.467049451611924], [-51.95918078994639, -29.46725223526556], [-51.958531764480355, -29.467477551575815], [-51.95811305734074, -29.467668937332423], [-51.957875535903, -29.467634548375845], [-51.9576052971657, -29.46741087608476], [-51.957337318935394, -29.466329842015142], [-51.9570494265549, -29.46642215942887], [-51.95664312421767, -29.467083882540432], [-51.95632977792935, -29.46666197436107], [-51.95602996309161, -29.46658290623912], [-51.95618295226945, -29.466401313449172], [-51.9568729339448, -29.46629708289995], [-51.956911555927235, -29.466017039977302], [-51.95649686979628, -29.46578537908998], [-51.956417959082465, -29.46584583715319], [-51.956544575544385, -29.46592693640407], [-51.95652141662706, -29.46595683639249], [-51.95638615786687, -29.4658702019043], [-51.95612825918605, -29.466067793004264], [-51.95589466994022, -29.466041625545184], [-51.95532382831868, -29.466677414552578], [-51.95489874430042, -29.46718630348945], [-51.95480653613386, -29.467328857750324], [-51.954809916959434, -29.46734973848518], [-51.955240324574184, -29.46705785992297], [-51.95598618987366, -29.467413491708232], [-51.9573189575104, -29.4687666383933], [-51.95639397661329, -29.46910720223817], [-51.955878101707874, -29.469083834562745], [-51.95505986853707, -29.46871067243963], [-51.954893179273675, -29.468531374888403], [-51.95500357090456, -29.468205694111482], [-51.95458980969082, -29.46807329233007], [-51.95454670088139, -29.467875058448353], [-51.95424206374352, -29.468382625528392], [-51.954207848220875, -29.468385476441785], [-51.95406825351439, -29.46874908120777], [-51.95421499757965, -29.46879625088152], [-51.95423555382429, -29.468788783051046], [-51.95424505341225, -29.468805912081898], [-51.95441145609931, -29.468850694456563], [-51.95441535371815, -29.46886065371558], [-51.95472184254748, -29.468956764329064], [-51.954979240044715, -29.469049572447112], [-51.954990978296955, -29.469062952928937], [-51.95500120780147, -29.46905403139677], [-51.95499113221744, -29.469063128383542], [-51.95505779649971, -29.469139119272015], [-51.955202217235886, -29.46920779085139], [-51.955320823948284, -29.469217140714477], [-51.95540113834663, -29.4692057373189], [-51.95539443327665, -29.4691956039223], [-51.95547116921828, -29.46922064421721], [-51.95546678950777, -29.46921313381786], [-51.95549772680331, -29.469212911696253], [-51.95552428090181, -29.469239795087514], [-51.9555598552477, -29.469239539657103], [-51.955559939865886, -29.469248563732265], [-51.95561167128708, -29.469266241639154], [-51.9555872587183, -29.4692621511195], [-51.95563898665577, -29.46927591131974], [-51.9556219837239, -29.46926616758806], [-51.95567354590745, -29.469265797320684], [-51.955679741925074, -29.469286752669564], [-51.95583869394921, -29.46932903565602], [-51.95614893399738, -29.46937067880591], [-51.95648311665424, -29.469434118173115], [-51.956492498078845, -29.469392054120743], [-51.956596952913785, -29.469252869769292], [-51.95670445648172, -29.469195860037313], [-51.95683783422303, -29.46914913508921], [-51.95683794018521, -29.469160420328983], [-51.95693881095438, -29.469154855861273], [-51.95692033359215, -29.469148541900257], [-51.956984449602416, -29.469152338236125], [-51.95717223723236, -29.469101007727865], [-51.957095136220964, -29.469093136776223], [-51.957177381255974, -29.46906547121542], [-51.95720998364032, -29.469082977608124], [-51.95736641075432, -29.468998321470085], [-51.95742240690279, -29.468946387806614], [-51.95741337977592, -29.468937428070067], [-51.957427689879715, -29.468941488106314], [-51.95752757243505, -29.46886440905109], [-51.95752605303299, -29.468855395302732], [-51.95753264356134, -29.46886106841578], [-51.957541423296746, -29.468855284711648], [-51.95753628063062, -29.468846297033753], [-51.95757980323299, -29.468830001695075], [-51.95767403744504, -29.468716841160358], [-51.95811733470158, -29.468486746022222], [-51.95841213564494, -29.46825577961224], [-51.95859450004137, -29.46808768168989], [-51.95886356359834, -29.467948049311754], [-51.95944603789857, -29.46777991207912], [-51.95969220987979, -29.46768996041122], [-51.95986030081722, -29.467653839816037], [-51.959943779884895, -29.467575663640815], [-51.95998920262931, -29.467457035452004]], [[-51.95501168935672, -29.469072005547204], [-51.955001376937695, -29.469072079550546], [-51.95500129236957, -29.469063055473665], [-51.95501168935672, -29.469072005547204]], [[-51.955373808415885, -29.469195751988075], [-51.95537372381434, -29.46918672791233], [-51.955394348673295, -29.46918657984661], [-51.95539443327665, -29.4691956039223], [-51.955373808415885, -29.469195751988075]], [[-51.955063420598535, -29.469089683671854], [-51.9550427957572, -29.46908983168589], [-51.95504271118535, -29.469080807609117], [-51.955063420598535, -29.469089683671854]], [[-51.95504271118535, -29.469080807609117], [-51.955032314194625, -29.4690718575381], [-51.955042626613526, -29.469071783532353], [-51.95504271118535, -29.469080807609117]], [[-51.955166883134524, -29.46912503985953], [-51.95514625828666, -29.469125187889723], [-51.95514617370552, -29.4691161638133], [-51.955166883134524, -29.46912503985953]], [[-51.95523923927967, -29.46914256988104], [-51.95518759256707, -29.469133915902454], [-51.95518750798224, -29.46912489182614], [-51.95523923927967, -29.46914256988104]], [[-51.95534270192687, -29.4691779259291], [-51.955311764640555, -29.469178148014425], [-51.955311680044574, -29.469169123938496], [-51.95534270192687, -29.4691779259291]], [[-51.9565189961735, -29.46924167394058], [-51.956518911470404, -29.469232649867934], [-51.95652922390111, -29.469232575746613], [-51.9565189961735, -29.46924167394058]], [[-51.9565290544932, -29.469214527601327], [-51.95653936692203, -29.469214453479278], [-51.95653953633175, -29.46923250162451], [-51.9565290544932, -29.469214527601327]], [[-51.956631755215014, -29.469168665982814], [-51.9566316705022, -29.469159641910366], [-51.956641982925156, -29.46915956778048], [-51.956631755215014, -29.469168665982814]], [[-51.95664189821146, -29.469150543708032], [-51.956652210633465, -29.4691504695774], [-51.95665229534808, -29.469159493649816], [-51.95664189821146, -29.469150543708032]], [[-51.95684823137626, -29.46915808501528], [-51.956848146644305, -29.46914906094339], [-51.95688931159346, -29.46913974028031], [-51.95684823137626, -29.46915808501528]], [[-51.95721854613844, -29.469056150451806], [-51.957228858549165, -29.469056076276704], [-51.957228943314504, -29.469065100347713], [-51.95721854613844, -29.469056150451806]], [[-51.9572700234227, -29.46904675549734], [-51.957249398603366, -29.46904690385311], [-51.95725954147708, -29.469028781533687], [-51.9572700234227, -29.46904675549734]], [[-51.95724948337049, -29.46905592792409], [-51.957239170959845, -29.469056002100782], [-51.95723908619363, -29.469046978029787], [-51.95724948337049, -29.46905592792409]], [[-51.95728008152294, -29.4690196091055], [-51.95729039392976, -29.469019534925717], [-51.957290478700436, -29.469028558996616], [-51.95728008152294, -29.4690196091055]]]}}, {"id": "93", "type": "Feature", "properties": {"id": 105, "codigo": "0034", "Area_m2": null}, "geometry": {"type": "Polygon", "coordinates": [[[-51.95890031696132, -29.467310286135866], [-51.959016454087454, -29.467255724204257], [-51.95914779669604, -29.467161133767224], [-51.958975636358176, -29.46727466333454], [-51.95889112021499, -29.46731329459843], [-51.95890031696132, -29.467310286135866]]]}}, {"id": "94", "type": "Feature", "properties": {"id": 105, "codigo": "0034", "Area_m2": null}, "geometry": {"type": "Polygon", "coordinates": [[[-51.95917733543104, -29.46627430995138], [-51.95915994967684, -29.466039940112875], [-51.95878174127003, -29.46601735528547], [-51.95917733543104, -29.46627430995138]]]}}, {"id": "98", "type": "Feature", "properties": {"id": 105, "codigo": "0034", "Area_m2": null}, "geometry": {"type": "Polygon", "coordinates": [[[-51.95514118348653, -29.46858374328149], [-51.95508979078868, -29.468602161489496], [-51.955141690960296, -29.468637887744347], [-51.95514118348653, -29.46858374328149]]]}}, {"id": "99", "type": "Feature", "properties": {"id": 105, "codigo": "0034", "Area_m2": null}, "geometry": {"type": "Polygon", "coordinates": [[[-51.95609183607541, -29.46658246176284], [-51.95612285722566, -29.466591263591223], [-51.956132576772546, -29.466528020965438], [-51.95609183607541, -29.46658246176284]]]}}, {"id": "100", "type": "Feature", "properties": {"id": 1308, "codigo": "0008", "Area_m2": null}, "geometry": {"type": "Polygon", "coordinates": [[[-51.953518280341044, -29.468537042898046], [-51.954423869104716, -29.466514949706884], [-51.95228565053015, -29.46607518832673], [-51.95199180235137, -29.465994975259104], [-51.95136472704795, -29.466422259250205], [-51.95032713989891, -29.46709560519286], [-51.950374275962474, -29.467153039453123], [-51.950403278632436, -29.46721501743627], [-51.950501698714135, -29.46730386098344], [-51.95089644007309, -29.467569680583708], [-51.95094543976114, -29.467642294287025], [-51.951015967381466, -29.467686563619303], [-51.95137257741294, -29.467825796685105], [-51.95156664469758, -29.46791781169311], [-51.95168030154332, -29.467940710286513], [-51.95168641442684, -29.467956331374506], [-51.9524067297746, -29.46817324804091], [-51.95251796054633, -29.468187408852188], [-51.95256985963024, -29.46822313613741], [-51.95255837964518, -29.468220858949582], [-51.95259055113099, -29.468230137010856], [-51.95260079665142, -29.468222914695943], [-51.952602541970506, -29.468233368667], [-51.9527663002962, -29.46827587805663], [-51.95285950154686, -29.46831694004868], [-51.95286976125306, -29.468311236071237], [-51.95287347667353, -29.46832338601708], [-51.95290093239048, -29.468336049851057], [-51.95291117940757, -29.468328988887418], [-51.952942363249555, -29.468355159660565], [-51.952952597576214, -29.468346741690336], [-51.95296307509603, -29.46836471291265], [-51.95303795186994, -29.468399249509556], [-51.95309634874679, -29.46841567635339], [-51.95308716452383, -29.468399926166764], [-51.953118101593994, -29.468399704603844], [-51.953099233720316, -29.46841648788668], [-51.95315966976493, -29.46843348834151], [-51.953180228947154, -29.468426333704155], [-51.953187107234214, -29.468441206408766], [-51.953518280341044, -29.468537042898046]], [[-51.953025121600774, -29.468382321105015], [-51.9529837877926, -29.46837359240854], [-51.95298370340551, -29.46836456832541], [-51.953025121600774, -29.468382321105015]], [[-51.95306653981017, -29.468400073871386], [-51.953056227453295, -29.46840014772249], [-51.95305614305971, -29.468391123639556], [-51.95306653981017, -29.468400073871386]], [[-51.95305614305971, -29.468391123639556], [-51.953045746311076, -29.468382173406894], [-51.953056058666164, -29.468382099556628], [-51.95305614305971, -29.468391123639556]], [[-51.95313897951015, -29.468426629139284], [-51.95313889510915, -29.46841760505661], [-51.9531595198259, -29.468417457340703], [-51.95313897951015, -29.468426629139284]]]}}, {"id": "107", "type": "Feature", "properties": {"id": 104, "codigo": "0033", "Area_m2": null}, "geometry": {"type": "Polygon", "coordinates": [[[-51.955498026693526, -29.465633025267987], [-51.95525326161634, -29.466316943616732], [-51.95526022455018, -29.466368713759785], [-51.95531894944283, -29.466406129417386], [-51.95535117084368, -29.4664054970683], [-51.955388162418195, -29.466388403550187], [-51.95571921661015, -29.46602197066845], [-51.955674018531454, -29.466016907426475], [-51.955678492082484, -29.465394171881517], [-51.95553685459327, -29.46547363999601], [-51.955498026693526, -29.465633025267987]]]}}, {"id": "108", "type": "Feature", "properties": {"id": 1307, "codigo": "0005", "Area_m2": null}, "geometry": {"type": "Polygon", "coordinates": [[[-51.95322270372782, -29.462900698305013], [-51.94942579281069, -29.464666828139872], [-51.949388549128905, -29.46470241558124], [-51.94938908677597, -29.464759826153124], [-51.94941735610646, -29.46478981662546], [-51.950120169213754, -29.46521957139044], [-51.95034447216751, -29.465339601144418], [-51.95044834488021, -29.465224056914614], [-51.95065525910206, -29.465294776673552], [-51.95059919836167, -29.465469056981593], [-51.95070158208236, -29.46551741150702], [-51.95146136394064, -29.465698326144253], [-51.9523485249767, -29.4659511935806], [-51.95446660757855, -29.466389869962374], [-51.95481120933344, -29.46554465787635], [-51.954669602027046, -29.46558190630881], [-51.9546007984035, -29.465943387371752], [-51.953071231193775, -29.465593361956852], [-51.953601126582896, -29.46491271447971], [-51.953151718805856, -29.46427518056154], [-51.95279917265045, -29.46407013690279], [-51.95322270372782, -29.462900698305013]], [[-51.95090901910883, -29.4648597785157], [-51.9508381820362, -29.465004679725606], [-51.950289373230405, -29.46476493261197], [-51.95053509384616, -29.46457365932081], [-51.95090901910883, -29.4648597785157]], [[-51.95119350688521, -29.465507523601087], [-51.95177733411866, -29.465079189159948], [-51.95194316934738, -29.465168250055108], [-51.951903859671454, -29.465376099151715], [-51.951493820576864, -29.465640747332966], [-51.95119350688521, -29.465507523601087]], [[-51.95205786612528, -29.46530280002576], [-51.95214027819437, -29.465293185780023], [-51.952140615402065, -29.46532928213807], [-51.95205786612528, -29.46530280002576]]]}}, {"id": "109", "type": "Feature", "properties": {"id": 25, "codigo": "0026", "Area_m2": null}, "geometry": {"type": "Polygon", "coordinates": [[[-51.96065243885409, -29.466180995552254], [-51.96107893432969, -29.46633343676753], [-51.96148387378353, -29.465763957578307], [-51.96091770327499, -29.465566919932236], [-51.96065243885409, -29.466180995552254]]]}}, {"id": "110", "type": "Feature", "properties": {"id": 25, "codigo": "0026", "Area_m2": null}, "geometry": {"type": "Polygon", "coordinates": [[[-51.961566815351645, -29.465654911403227], [-51.96189931261177, -29.465086869443343], [-51.961947801365596, -29.46497895599997], [-51.96196923140699, -29.464898128865368], [-51.962023671835475, -29.46439981453385], [-51.9614979561888, -29.464223633339586], [-51.9609731797115, -29.46543849354959], [-51.961566815351645, -29.465654911403227]]]}}, {"id": "111", "type": "Feature", "properties": {"id": 25, "codigo": "0026", "Area_m2": null}, "geometry": {"type": "Polygon", "coordinates": [[[-51.96228641036132, -29.46368971346845], [-51.961799384197505, -29.463525812413224], [-51.961548670720234, -29.464106227491524], [-51.96203542836569, -29.464268618276783], [-51.96228641036132, -29.46368971346845]]]}}, {"id": "112", "type": "Feature", "properties": {"id": 94, "codigo": "0021", "Area_m2": null}, "geometry": {"type": "Polygon", "coordinates": [[[-51.96124837864138, -29.464135030017427], [-51.96128414100794, -29.464036311802303], [-51.9612768301557, -29.464020560398538], [-51.96153770731574, -29.463433896874193], [-51.96093384514258, -29.463226356560142], [-51.960585158718686, -29.463791883413695], [-51.96127683011777, -29.464020560412784], [-51.96128414096576, -29.4640363117999], [-51.961248378620844, -29.464135029984106], [-51.96122565837948, -29.46413869916802], [-51.960515986708295, -29.4639040710047], [-51.96033528211357, -29.464197148338506], [-51.9603724476167, -29.46447596468989], [-51.96026199194457, -29.464792625551404], [-51.959432498597444, -29.465412286192315], [-51.958948766848984, -29.465515043977486], [-51.95890708854534, -29.465614159002044], [-51.95892216065485, -29.465890620698453], [-51.95999333690291, -29.46595789989177], [-51.96038277027763, -29.466084607617873], [-51.96122565839275, -29.464138699202568], [-51.96124837864138, -29.464135030017427]]]}}, {"id": "113", "type": "Feature", "properties": {"id": 24, "codigo": "0025", "Area_m2": null}, "geometry": {"type": "Polygon", "coordinates": [[[-51.963117568021225, -29.463976301999097], [-51.962388193959114, -29.46372396684084], [-51.96213799195157, -29.46430283452734], [-51.96275204083021, -29.464507683625577], [-51.96281450042561, -29.46425977804186], [-51.963117568021225, -29.463976301999097]]]}}, {"id": "114", "type": "Feature", "properties": {"id": 93, "codigo": "0020", "Area_m2": null}, "geometry": {"type": "Polygon", "coordinates": [[[-51.96030967163475, -29.46400501801166], [-51.960396702757095, -29.463862819839104], [-51.96028582759921, -29.463826139577872], [-51.96030967163475, -29.46400501801166]]]}}, {"id": "115", "type": "Feature", "properties": {"id": 20, "codigo": "0021", "Area_m2": null}, "geometry": {"type": "Polygon", "coordinates": [[[-51.963144411098696, -29.46319116091985], [-51.962698347642295, -29.46303770437102], [-51.96245054671593, -29.46359824203989], [-51.963208660056495, -29.463859050168555], [-51.96310365472986, -29.46321082311489], [-51.963144411098696, -29.46319116091985]]]}}, {"id": "116", "type": "Feature", "properties": {"id": 21, "codigo": "0022", "Area_m2": null}, "geometry": {"type": "Polygon", "coordinates": [[[-51.96168692208288, -29.462689742328017], [-51.961834871089096, -29.463117202556827], [-51.961864922726576, -29.463301747517484], [-51.96185110926956, -29.463406065278544], [-51.96233320534969, -29.4635710371148], [-51.96258587652297, -29.462999011297935], [-51.96168692208288, -29.462689742328017]]]}}, {"id": "117", "type": "Feature", "properties": {"id": 92, "codigo": "0019", "Area_m2": null}, "geometry": {"type": "Polygon", "coordinates": [[[-51.96046963382492, -29.463753688724854], [-51.960814150264135, -29.46319254614597], [-51.96017169580903, -29.462969920594336], [-51.96026725087046, -29.463686776585554], [-51.96046963382492, -29.463753688724854]]]}}, {"id": "118", "type": "Feature", "properties": {"id": 78, "codigo": "0002", "Area_m2": null}, "geometry": {"type": "Polygon", "coordinates": [[[-51.96156653631716, -29.463316866085993], [-51.961438355064665, -29.46284250137082], [-51.96127112455219, -29.462496787515157], [-51.960503354785814, -29.462041139833048], [-51.96013847631867, -29.46272070731008], [-51.96015351080174, -29.462833496304185], [-51.96156653631716, -29.463316866085993]]]}}, {"id": "119", "type": "Feature", "properties": {"id": 17, "codigo": "0017", "Area_m2": null}, "geometry": {"type": "Polygon", "coordinates": [[[-51.96217266952488, -29.461033342819814], [-51.96120382648071, -29.46153277679887], [-51.96118859596047, -29.461556562335485], [-51.961605959357854, -29.462506384768847], [-51.96332902507732, -29.46310209714512], [-51.96348348538834, -29.463027580478215], [-51.96341002354156, -29.462892742039028], [-51.963593417381034, -29.462656772754638], [-51.96400845456983, -29.46248505711874], [-51.96348959006727, -29.462052704422735], [-51.963472210511284, -29.462068472522798], [-51.96344750996854, -29.462047622282363], [-51.96343013245642, -29.462063388469307], [-51.96283376651659, -29.461561017123408], [-51.96217266952488, -29.461033342819814]]]}}, {"id": "120", "type": "Feature", "properties": {"id": 91, "codigo": "0018", "Area_m2": null}, "geometry": {"type": "Polygon", "coordinates": [[[-51.960119291660206, -29.462576783616704], [-51.960433410605944, -29.46198304557035], [-51.96024979104958, -29.461884628570076], [-51.9600395458295, -29.461978528792198], [-51.960119291660206, -29.462576783616704]]]}}, {"id": "121", "type": "Feature", "properties": {"id": 1398, "codigo": "0200", "Area_m2": null}, "geometry": {"type": "Polygon", "coordinates": [[[-51.94724686762585, -29.461087313428777], [-51.9463878923889, -29.461480965760767], [-51.94656015682697, -29.461739606288752], [-51.947006843782226, -29.46235862104481], [-51.94909302342554, -29.46140463876638], [-51.94868625372302, -29.46094087156801], [-51.948233298079394, -29.46102532153731], [-51.94797366123613, -29.460828627456493], [-51.94724686762585, -29.461087313428777]]]}}, {"id": "122", "type": "Feature", "properties": {"id": 1306, "codigo": "0003", "Area_m2": null}, "geometry": {"type": "Polygon", "coordinates": [[[-51.94619158817614, -29.461185789869663], [-51.94757714479521, -29.460533566152925], [-51.94757863264593, -29.460488501497142], [-51.947191654392434, -29.45990464995095], [-51.947195300580105, -29.459766590175274], [-51.94577458969672, -29.460414788874772], [-51.94545891252951, -29.45994062872685], [-51.946043214633384, -29.459672856652826], [-51.9458510665488, -29.459400171107806], [-51.94519422768624, -29.459701135006082], [-51.94619158817614, -29.461185789869663]]]}}, {"id": "123", "type": "Feature", "properties": {"id": 1306, "codigo": "0003", "Area_m2": null}, "geometry": {"type": "Polygon", "coordinates": [[[-51.95241247341849, -29.46272429404265], [-51.952391687206116, -29.462736426403428], [-51.95233422442009, -29.463195276845028], [-51.95327443269208, -29.46275786617135], [-51.95339229829198, -29.462432419966284], [-51.95333854518805, -29.462198162921194], [-51.95350235107819, -29.462070643819523], [-51.95317009786714, -29.461829356812707], [-51.95322884573974, -29.46149502234142], [-51.952468590416935, -29.460697266749495], [-51.952209593035654, -29.46167378721358], [-51.95151421098076, -29.462301464318962], [-51.95130814451813, -29.46232098669905], [-51.95099601381757, -29.462025402190946], [-51.95011775129537, -29.461842155733233], [-51.949793379936374, -29.46133908756347], [-51.94910317129877, -29.461416208582705], [-51.94909302341917, -29.461404638759113], [-51.94700684378299, -29.46235862103576], [-51.94751356422341, -29.462897405590482], [-51.94923098604381, -29.464645531653233], [-51.949336628308885, -29.464581220649112], [-51.949849114800344, -29.464338691905805], [-51.94990111055369, -29.464136072303766], [-51.94979671194783, -29.463895960997522], [-51.9496223296142, -29.463807183679453], [-51.949502522720664, -29.463454987539333], [-51.94951624546427, -29.463447884219153], [-51.949635406142185, -29.46379818038517], [-51.94980922230461, -29.463886669416677], [-51.94991722278084, -29.464135064766783], [-51.949867159992934, -29.464330152104388], [-51.95036537872174, -29.46409437235303], [-51.95093353999997, -29.463854296536], [-51.9516609157824, -29.463499742647272], [-51.95142439196221, -29.463274321998313], [-51.95114400670216, -29.463095153402126], [-51.95101182014507, -29.462890765712835], [-51.95087845497881, -29.46261334761358], [-51.9505604904771, -29.462496354000542], [-51.950415545045765, -29.462387667609253], [-51.95042532947728, -29.46238312031803], [-51.95056597486978, -29.462488582380406], [-51.95088632911563, -29.46260645524095], [-51.951021091529064, -29.46288677986014], [-51.95115188509547, -29.46308901364327], [-51.951431297439484, -29.463267560517515], [-51.951670178335206, -29.46349522760423], [-51.95231773057077, -29.463202727244706], [-51.95237709766636, -29.462728670830156], [-51.95241207287554, -29.462708256595224], [-51.95241247341849, -29.46272429404265]]]}}, {"id": "124", "type": "Feature", "properties": {"id": 1359, "codigo": "0059", "Area_m2": "57194,97"}, "geometry": {"type": "Polygon", "coordinates": [[[-51.94757714479521, -29.460533566152925], [-51.94619158817614, -29.461185789869663], [-51.94631513039664, -29.46137169447864], [-51.94746162701982, -29.460846274093434], [-51.94757058586518, -29.460732225817804], [-51.94757714479521, -29.460533566152925]]]}}, {"id": "125", "type": "Feature", "properties": {"id": 1359, "codigo": "0059", "Area_m2": "57194,97"}, "geometry": {"type": "Polygon", "coordinates": [[[-51.94530639701337, -29.458966962332326], [-51.944848017957874, -29.459182110307594], [-51.94519422768624, -29.459701135006082], [-51.9458510665488, -29.459400171107806], [-51.946043214633384, -29.459672856652826], [-51.94545891252951, -29.45994062872685], [-51.94577458969672, -29.460414788874772], [-51.947195300580105, -29.459766590175274], [-51.94719928284684, -29.45961580505364], [-51.94665093052707, -29.459421162459247], [-51.94626613950145, -29.459071934865236], [-51.94563747680075, -29.459112501357946], [-51.94530639701337, -29.458966962332326]]]}}, {"id": "126", "type": "Feature", "properties": {"id": 1309, "codigo": "0009", "Area_m2": null}, "geometry": {"type": "Polygon", "coordinates": [[[-51.950534952857424, -29.465617883037456], [-51.949499485305516, -29.46499932610183], [-51.949235690646375, -29.464820250790673], [-51.949100968353456, -29.464712229514994], [-51.947271655446755, -29.46283281767165], [-51.94691009575533, -29.462418292380008], [-51.94643900501978, -29.4617963861347], [-51.94527395113289, -29.46004940806696], [-51.9448926884756, -29.459510963737063], [-51.944695271535316, -29.459604230035144], [-51.94459499962426, -29.45947338250337], [-51.94448957829271, -29.4593695277756], [-51.94441601135713, -29.459234681353905], [-51.944346567901604, -29.459111232806855], [-51.94425563954944, -29.45905386287111], [-51.944193801493064, -29.458994446408475], [-51.94453054534291, -29.45883295284234], [-51.94446158590736, -29.45861379970302], [-51.9444357963856, -29.458492357185683], [-51.94442505469823, -29.458359651276965], [-51.94446383889636, -29.458064976895688], [-51.9446000387407, -29.457426613486412], [-51.944713470910415, -29.45713007415523], [-51.944911319044, -29.45679694650249], [-51.944973275121114, -29.456666460750682], [-51.94503564884963, -29.45649684400482], [-51.94506776090455, -29.456353666631532], [-51.9450739283386, -29.45626711734774], [-51.94505228133216, -29.45619035401631], [-51.9448547196839, -29.4559489650827], [-51.944642571042465, -29.455611914660537], [-51.94448896669157, -29.45545802947633], [-51.94435602319142, -29.45547561459647], [-51.944043599510934, -29.45514391606552], [-51.94296452837391, -29.45553962699889], [-51.942756554449694, -29.455351580961285], [-51.942762943962705, -29.454927373929543], [-51.942586655485115, -29.45482032566], [-51.942023301325825, -29.45523042579497], [-51.94187602896315, -29.4549156026872], [-51.942491437412215, -29.454559282963643], [-51.94192224897384, -29.454337693540836], [-51.94111207995468, -29.453702668230076], [-51.9410969850384, -29.452948286208024], [-51.94094584744632, -29.453022919926294], [-51.94089585934929, -29.4529439898041], [-51.94109488447799, -29.452843308811435], [-51.940390894420375, -29.45319943268684], [-51.94062177166034, -29.453349500634815], [-51.94077937487071, -29.453480730293606], [-51.940919106255194, -29.453695480471733], [-51.94100916601763, -29.453915269053365], [-51.941028119387035, -29.45401006884423], [-51.94107911291806, -29.45409409394719], [-51.941151099413524, -29.454167422516658], [-51.94119026051846, -29.454275264615422], [-51.941249248165384, -29.454354838087184], [-51.94129428112878, -29.4544459373952], [-51.94142693182241, -29.45456278759709], [-51.94151174754375, -29.454611412737236], [-51.9415377661468, -29.45481867654249], [-51.94172634404397, -29.455224082630206], [-51.94178747609973, -29.45532146566204], [-51.94185650782313, -29.455400967776754], [-51.941974377421836, -29.455439689472737], [-51.94201184536754, -29.455472826981904], [-51.94201395405876, -29.455592358267264], [-51.942036132760045, -29.455709989518397], [-51.942145454063166, -29.45591051057334], [-51.942241989990144, -29.455923012602767], [-51.942420187381416, -29.456099549999237], [-51.94240651675919, -29.45611962649856], [-51.94236147683352, -29.45613664669508], [-51.94262939390904, -29.45665249032702], [-51.94261708526492, -29.456733446981733], [-51.94264981688055, -29.456797383377083], [-51.94271644344621, -29.456833830224607], [-51.9427644268848, -29.45691787591318], [-51.942790034238556, -29.457080312537357], [-51.942854631619596, -29.457223134650828], [-51.942910658037135, -29.457308002326204], [-51.943012460946925, -29.457346836949167], [-51.94309160345101, -29.457433298787777], [-51.94315569735953, -29.457521625307585], [-51.94321111418198, -29.457757687940262], [-51.94325976116236, -29.457804810072265], [-51.94343566990416, -29.457928383713305], [-51.9435161754605, -29.458053512383167], [-51.94354435002218, -29.45816758476797], [-51.9435292404764, -29.458271415700157], [-51.94354899806866, -29.458344233971797], [-51.943597368908165, -29.458361471420016], [-51.94370863883776, -29.45833782815031], [-51.94381401749512, -29.458437288797565], [-51.943836861544895, -29.458517996281376], [-51.94393000943071, -29.45859820523148], [-51.94399402342832, -29.458677741715913], [-51.94401993774801, -29.458764580527905], [-51.944171131185485, -29.458930521115665], [-51.94418571303827, -29.45898667466993], [-51.944193801444904, -29.458994446415854], [-51.94425563952274, -29.459053862898735], [-51.944346567868884, -29.45911123282964], [-51.94448957825746, -29.45936952779453], [-51.944594999591196, -29.459473382525086], [-51.94469527151149, -29.459604230068887], [-51.944710904366005, -29.459624629666674], [-51.9448137528476, -29.45977596928333], [-51.94484904135093, -29.45989878100343], [-51.94491408568824, -29.459980946719533], [-51.9450342962201, -29.46005480958934], [-51.94514991710174, -29.460175292826786], [-51.94532711189524, -29.46043686008246], [-51.94536037615906, -29.460557927907853], [-51.94534622562751, -29.46072438203226], [-51.94542931360272, -29.46081608847953], [-51.945464531352236, -29.460890554691684], [-51.94558303899029, -29.461045689938203], [-51.94587622332399, -29.46147766864651], [-51.94614777748237, -29.461748028227593], [-51.94618893202055, -29.461843837861686], [-51.946204702864485, -29.461965455216802], [-51.94628076069706, -29.462065846897048], [-51.946333836518335, -29.462161196392294], [-51.94642523794713, -29.462226241389207], [-51.94647690158936, -29.46232347782184], [-51.94665121357488, -29.46238605600355], [-51.94665908560173, -29.462410665507047], [-51.94660155673291, -29.462500455428827], [-51.94664801993389, -29.462565792425785], [-51.946713021253025, -29.46260728441151], [-51.94678895197048, -29.462703421436593], [-51.94692569893474, -29.463063619854637], [-51.94710358957986, -29.463283567364105], [-51.94718585104181, -29.463367553810386], [-51.94738589840395, -29.463687834363622], [-51.947482571748395, -29.463793275514305], [-51.94763624255271, -29.463812909772614], [-51.94766770700823, -29.463834243303236], [-51.94755815655086, -29.463974317907535], [-51.94771015029872, -29.46422114703737], [-51.947776352563785, -29.4642082386055], [-51.94779121115415, -29.46427778018082], [-51.9478661106919, -29.464385034283005], [-51.94803364865696, -29.464571225445432], [-51.94809064709089, -29.464587402135532], [-51.94810808593268, -29.464628734655594], [-51.94808891542339, -29.464706809876326], [-51.948249399615854, -29.46494943216685], [-51.9484131726939, -29.465138137111133], [-51.94852095509825, -29.46521530765471], [-51.948829877874964, -29.465525689395236], [-51.94894108977552, -29.465665849351176], [-51.94897299510971, -29.46573444004458], [-51.94906713865332, -29.46587306330133], [-51.94916506211946, -29.465908846948057], [-51.94923402494325, -29.465988781108518], [-51.94924604259341, -29.46605834267374], [-51.94947407648161, -29.466330330456927], [-51.94973892974194, -29.466587959766898], [-51.95026006885822, -29.46702029944787], [-51.951499051468936, -29.46624910183034], [-51.951902446845025, -29.46595887813387], [-51.95145567641376, -29.465817607970575], [-51.950534952857424, -29.465617883037456]], [[-51.94247501808876, -29.456129700291527], [-51.94247493467372, -29.456120676164286], [-51.94248524582014, -29.456120603160606], [-51.94247501808876, -29.456129700291527]], [[-51.94247510150382, -29.45613872441877], [-51.94246479035552, -29.45613879742172], [-51.94246470694138, -29.456129773294442], [-51.94247510150382, -29.45613872441877]], [[-51.94479106932451, -29.456799160695134], [-51.944567316044115, -29.457134663018877], [-51.94425906523907, -29.45725417126354], [-51.94390848252146, -29.457256657698913], [-51.94361659356934, -29.456915787985796], [-51.94327774248724, -29.457071609744286], [-51.943007563601604, -29.456847906114128], [-51.942849390415894, -29.456469988444198], [-51.943868108634234, -29.456237151173646], [-51.94442557960352, -29.456305394966492], [-51.94474739956699, -29.456537753928544], [-51.94479106932451, -29.456799160695134]], [[-51.950235998641205, -29.465676807925664], [-51.949925374325645, -29.46554365492343], [-51.950007618601134, -29.465515993800093], [-51.950317653941795, -29.465585977953186], [-51.950235998641205, -29.465676807925664]]]}}, {"id": "127", "type": "Feature", "properties": {"id": 1309, "codigo": "0009", "Area_m2": null}, "geometry": {"type": "Polygon", "coordinates": [[[-51.943058285003225, -29.45675729962516], [-51.94306934744121, -29.456838443697933], [-51.94312031920565, -29.456774909560753], [-51.943058285003225, -29.45675729962516]]]}}, {"id": "128", "type": "Feature", "properties": {"id": 1360, "codigo": "0060", "Area_m2": null}, "geometry": {"type": "Polygon", "coordinates": [[[-51.94489268845869, -29.459510963747377], [-51.944679463980584, -29.459181243873118], [-51.94453054532297, -29.458832952837803], [-51.944370574598786, -29.458909670828177], [-51.944856392145205, -29.459528111324804], [-51.94489268845869, -29.459510963747377]]]}}, {"id": "129", "type": "Feature", "properties": {"id": 14, "codigo": "0014", "Area_m2": null}, "geometry": {"type": "Polygon", "coordinates": [[[-51.96262451371227, -29.460684888822584], [-51.96248540694215, -29.460828618728453], [-51.96229250944572, -29.460961015329396], [-51.96295478242587, -29.461488060541086], [-51.96307856871418, -29.461372906972194], [-51.962693312130966, -29.461255435720904], [-51.9628466085261, -29.460854125924648], [-51.96262451371227, -29.460684888822584]]]}}, {"id": "130", "type": "Feature", "properties": {"id": 77, "codigo": "0001", "Area_m2": null}, "geometry": {"type": "Polygon", "coordinates": [[[-51.961435299955056, -29.46112069246352], [-51.96224522696203, -29.460684992519646], [-51.962409926065284, -29.460513780672546], [-51.96284299800724, -29.459878106059488], [-51.9627379849556, -29.459818900101425], [-51.96269228941769, -29.460055160104034], [-51.9609918117065, -29.461258706646753], [-51.960676233882054, -29.46169416965416], [-51.9606507256758, -29.461705562190136], [-51.96054039404819, -29.461936717296606], [-51.96118800726123, -29.462297247367143], [-51.960992846110905, -29.461855130429164], [-51.96097477278426, -29.46166267431595], [-51.96100792539705, -29.461489564578052], [-51.96113001864835, -29.461342998672695], [-51.961283057007144, -29.46121669421538], [-51.961435299955056, -29.46112069246352]]]}}, {"id": "131", "type": "Feature", "properties": {"id": 77, "codigo": "0001", "Area_m2": null}, "geometry": {"type": "Polygon", "coordinates": [[[-51.96048818973218, -29.46190765459961], [-51.96056410638936, -29.461748602308518], [-51.9605667476244, -29.46174306866793], [-51.960359119992184, -29.461835799816704], [-51.96048818973218, -29.46190765459961]]]}}, {"id": "132", "type": "Feature", "properties": {"id": 11, "codigo": "0011", "Area_m2": null}, "geometry": {"type": "Polygon", "coordinates": [[[-51.96304401447205, -29.4600304499558], [-51.96268311281573, -29.460617508449683], [-51.962880058546524, -29.460766558171546], [-51.9631345306309, -29.460100383730552], [-51.96304401447205, -29.4600304499558]]]}}, {"id": "133", "type": "Feature", "properties": {"id": 79, "codigo": "0005", "Area_m2": null}, "geometry": {"type": "Polygon", "coordinates": [[[-51.96276307231607, -29.45968919072227], [-51.963006156852565, -29.459837573858724], [-51.963275495207846, -29.460041613375584], [-51.963559434023225, -29.459979454106442], [-51.96379386942448, -29.45981369841514], [-51.96382365158155, -29.459740133428756], [-51.96217723201965, -29.45902104533248], [-51.96213734914249, -29.45916572861451], [-51.962770946192634, -29.459648480355753], [-51.96276307231607, -29.45968919072227]]]}}, {"id": "134", "type": "Feature", "properties": {"id": 1356, "codigo": "0056", "Area_m2": null}, "geometry": {"type": "Polygon", "coordinates": [[[-51.94464784332262, -29.45878574552936], [-51.94477291967454, -29.459073793622217], [-51.94514676777458, -29.458896791078264], [-51.944809132628706, -29.458748370389298], [-51.94478772846568, -29.458717716490163], [-51.94464784332262, -29.45878574552936]]]}}, {"id": "135", "type": "Feature", "properties": {"id": 1336, "codigo": "0036", "Area_m2": null}, "geometry": {"type": "Polygon", "coordinates": [[[-51.94477399264646, -29.455564988907962], [-51.945181255170844, -29.456153819675833], [-51.945202501883884, -29.456277137819228], [-51.94519733238362, -29.45643278035471], [-51.94514762883651, -29.45661895997212], [-51.94503373992384, -29.45685574929287], [-51.94483095445507, -29.45722160770495], [-51.945202764692745, -29.456715015614424], [-51.945695023721136, -29.456422728546944], [-51.946102864881645, -29.45592347129841], [-51.94562989261921, -29.45607122741741], [-51.94522717283206, -29.45601091462293], [-51.94477399264646, -29.455564988907962]]]}}, {"id": "136", "type": "Feature", "properties": {"id": 1336, "codigo": "0036", "Area_m2": null}, "geometry": {"type": "Polygon", "coordinates": [[[-51.944598350565514, -29.45823550089462], [-51.94458220575, -29.458475454226164], [-51.94459730835001, -29.45859880285601], [-51.94464784333393, -29.458785745538737], [-51.94478772847645, -29.458717716505603], [-51.944589666736185, -29.45843406305948], [-51.94462064577044, -29.45809983716624], [-51.944598350565514, -29.45823550089462]]]}}, {"id": "137", "type": "Feature", "properties": {"id": 212, "codigo": "0021", "Area_m2": null}, "geometry": {"type": "Polygon", "coordinates": [[[-51.97366434341817, -29.46224762537749], [-51.9737660920955, -29.463052706168142], [-51.97387169572038, -29.4630448470669], [-51.9741862314713, -29.462859427022842], [-51.97433210270912, -29.46283189991597], [-51.974236058182726, -29.46201398607091], [-51.97419961033667, -29.462101257155574], [-51.9739635631488, -29.46222030531865], [-51.97366434341817, -29.46224762537749]]]}}, {"id": "138", "type": "Feature", "properties": {"id": 220, "codigo": "0029", "Area_m2": null}, "geometry": {"type": "Polygon", "coordinates": [[[-51.97431448571137, -29.461826198417263], [-51.97443105469626, -29.46281322685905], [-51.97478327629638, -29.462746759735214], [-51.974577431670774, -29.461710430576947], [-51.97435083490439, -29.46173916354839], [-51.97431448571137, -29.461826198417263]]]}}, {"id": "139", "type": "Feature", "properties": {"id": 12, "codigo": "0012", "Area_m2": null}, "geometry": {"type": "Polygon", "coordinates": [[[-51.96448221601903, -29.462300798849547], [-51.96440878569004, -29.462408086883542], [-51.964622883636935, -29.462468822160403], [-51.96448221601903, -29.462300798849547]]]}}, {"id": "140", "type": "Feature", "properties": {"id": 12, "codigo": "0012", "Area_m2": null}, "geometry": {"type": "Polygon", "coordinates": [[[-51.964427900094485, -29.46256950661748], [-51.964355974086686, -29.462597101809507], [-51.96437693906131, -29.462633048625342], [-51.964427900094485, -29.46256950661748]]]}}, {"id": "141", "type": "Feature", "properties": {"id": 13, "codigo": "0013", "Area_m2": null}, "geometry": {"type": "Polygon", "coordinates": [[[-51.964538784340654, -29.461923720910328], [-51.963980232242264, -29.461638752210764], [-51.963965394000354, -29.46164331500824], [-51.963230719367296, -29.46141930028092], [-51.96307884602702, -29.461557367807956], [-51.96403830105642, -29.462361872527453], [-51.964156513943706, -29.46242379969355], [-51.964263246884656, -29.46237964048246], [-51.96450812821391, -29.462018619303546], [-51.964538784340654, -29.461923720910328]]]}}, {"id": "142", "type": "Feature", "properties": {"id": 10, "codigo": "0010", "Area_m2": null}, "geometry": {"type": "Polygon", "coordinates": [[[-51.96416718582285, -29.461581263504947], [-51.9644671453168, -29.46173341793274], [-51.96454794797405, -29.46177440483771], [-51.9643561264899, -29.461523163764937], [-51.96416718582285, -29.461581263504947]]]}}, {"id": "143", "type": "Feature", "properties": {"id": 1378, "codigo": "0083", "Area_m2": null}, "geometry": {"type": "Polygon", "coordinates": [[[-51.93914786491313, -29.450449715359106], [-51.93918978825206, -29.45058221266632], [-51.93919286894627, -29.45080427399698], [-51.939123923593854, -29.451077605354932], [-51.939088277879705, -29.451143122017843], [-51.939088602050525, -29.451403274242928], [-51.93922397582988, -29.4515953956537], [-51.939258251220224, -29.45171843261429], [-51.93931749036573, -29.45185307738095], [-51.9394265819585, -29.452002780246712], [-51.93951887843587, -29.45201572585257], [-51.93957968831487, -29.45198357053222], [-51.93968736053985, -29.451979184799555], [-51.939955864907446, -29.452119603723933], [-51.93999800872825, -29.45219726183532], [-51.94006900835634, -29.452259306273653], [-51.94013943194982, -29.452371210209268], [-51.9401590593828, -29.452478034087928], [-51.940094249954655, -29.452750430122066], [-51.940160440042355, -29.45296479402808], [-51.94022769888574, -29.45307037497387], [-51.94039089442794, -29.453199432719696], [-51.94109488447881, -29.452843308852746], [-51.94109294102174, -29.45274618283732], [-51.94146744261469, -29.451985458072976], [-51.94242709509551, -29.451184100755317], [-51.942469893333204, -29.45102355427461], [-51.9424756980146, -29.45089564880339], [-51.94245872172442, -29.450789116765964], [-51.942298174271286, -29.450340980081872], [-51.942265495066096, -29.45021967900507], [-51.94224115232351, -29.450033284799236], [-51.94211579814556, -29.449616393378847], [-51.94175909748462, -29.45007015340225], [-51.94113215329018, -29.45029118023903], [-51.94177390800691, -29.450557383863245], [-51.94162291534685, -29.45095553983805], [-51.94060624151688, -29.45140493837351], [-51.940125300172305, -29.451805423484622], [-51.9395477336725, -29.451791451403476], [-51.93930618183845, -29.45131484532222], [-51.93948515615071, -29.450301140870646], [-51.93914786491313, -29.450449715359106]], [[-51.94020837456402, -29.452987075888636], [-51.940208457767845, -29.45299610002601], [-51.94019814693059, -29.45299617284638], [-51.94020837456402, -29.452987075888636]], [[-51.9402561012005, -29.452571601448007], [-51.94025693326859, -29.452661842825687], [-51.94023631166192, -29.452661988471608], [-51.9402561012005, -29.452571601448007]], [[-51.94026616237222, -29.452544456210656], [-51.9402457072006, -29.45256265013325], [-51.9402448751458, -29.452472408753923], [-51.94026616237222, -29.452544456210656]], [[-51.94024712170248, -29.452716060475232], [-51.94024670567138, -29.452670939786763], [-51.94026749369577, -29.452688842414517], [-51.94024712170248, -29.452716060475232]], [[-51.940265163885925, -29.452436166555675], [-51.940265080678984, -29.45242714241768], [-51.94027539145851, -29.452427069593416], [-51.940265163885925, -29.452436166555675]], [[-51.94026533029993, -29.45245421483162], [-51.94025501951763, -29.45245428765516], [-51.94025485310544, -29.452436239379143], [-51.94026533029993, -29.45245421483162]], [[-51.940267826528185, -29.452724938965], [-51.94026799294461, -29.45274298724015], [-51.94025768213313, -29.452743060064535], [-51.940267826528185, -29.452724938965]], [[-51.94027838696524, -29.452751938552495], [-51.94027847017446, -29.452760962690004], [-51.94026815936118, -29.45276103551526], [-51.94027838696524, -29.452751938552495]], [[-51.94028886419786, -29.452769914001447], [-51.94028894740808, -29.45277893813891], [-51.94027863659303, -29.45277901096501], [-51.94028886419786, -29.452769914001447]], [[-51.940309818674415, -29.4528058648965], [-51.940300090336414, -29.452869106685775], [-51.94028977951227, -29.452869179512945], [-51.940309818674415, -29.4528058648965]], [[-51.94029551376015, -29.45237277911474], [-51.94029526413202, -29.452345706700687], [-51.94031588567438, -29.452345561047046], [-51.94029551376015, -29.45237277911474]], [[-51.940315719252176, -29.452327512771053], [-51.94031580246326, -29.452336536909055], [-51.940305491693, -29.452336609736243], [-51.940315719252176, -29.452327512771053]], [[-51.94047927672566, -29.452172937087266], [-51.94047919350065, -29.45216391294946], [-51.94048950425293, -29.45216384010921], [-51.94047927672566, -29.452172937087266]], [[-51.940479359950686, -29.452181961225033], [-51.94046904919655, -29.452182034064545], [-51.94046896597242, -29.452173009926724], [-51.940479359950686, -29.452181961225033]], [[-51.94070578030699, -29.452135237867783], [-51.940716091055705, -29.452135165010052], [-51.94071617430156, -29.452144189147266], [-51.94070578030699, -29.452135237867783]], [[-51.940613899173194, -29.452235159063175], [-51.9405610968928, -29.45210016124164], [-51.940622711653475, -29.452072651738344], [-51.940613899173194, -29.452235159063175]], [[-51.940622628416136, -29.45206362760078], [-51.94063293915784, -29.452063554749635], [-51.940633022396106, -29.452072578887172], [-51.940622628416136, -29.45206362760078]], [[-51.94078693426477, -29.451990268789288], [-51.940766812296516, -29.452044559337814], [-51.940725236353515, -29.45200875422945], [-51.94078693426477, -29.451990268789288]], [[-51.940746440562464, -29.45207177747171], [-51.940746274065916, -29.452053729197218], [-51.94075658480625, -29.45205365633651], [-51.940746440562464, -29.45207177747171]], [[-51.94074660705916, -29.45208982574614], [-51.94073629631514, -29.452089898606136], [-51.940736129820245, -29.452071850331652], [-51.94074660705916, -29.45208982574614]], [[-51.940736462810165, -29.4521079468806], [-51.94072615206427, -29.452108019739846], [-51.94072598557106, -29.452089971465337], [-51.940736462810165, -29.4521079468806]]]}}, {"id": "144", "type": "Feature", "properties": {"id": 1378, "codigo": "0083", "Area_m2": null}, "geometry": {"type": "Polygon", "coordinates": [[[-51.942405741647924, -29.450169791530058], [-51.94244466052085, -29.45033541369279], [-51.94257275037164, -29.450672235116187], [-51.94261304515295, -29.45084210496062], [-51.94261936431912, -29.450964238199596], [-51.94256760445162, -29.451207224881472], [-51.942646503250394, -29.451255136823168], [-51.94286052400827, -29.450982879537445], [-51.94359996658535, -29.45066177530898], [-51.942405741647924, -29.450169791530058]]]}}, {"id": "145", "type": "Feature", "properties": {"id": 1878, "codigo": "0145", "Area_m2": null}, "geometry": {"type": "Polygon", "coordinates": [[[-51.936880404250694, -29.44797731766923], [-51.93685856554729, -29.447936356900282], [-51.93699380281269, -29.447889423230063], [-51.937024378177874, -29.447621759426855], [-51.93664448094245, -29.44681320072309], [-51.93589304634851, -29.447012672447812], [-51.93612970565777, -29.447224622451284], [-51.93653357560984, -29.448071576623974], [-51.93677294482854, -29.44873523215902], [-51.93699038961741, -29.448948797546553], [-51.93705915646787, -29.448924178715743], [-51.93709225631897, -29.44897362167477], [-51.93711322482351, -29.449036986015052], [-51.93710900365934, -29.449107460366186], [-51.93714738317541, -29.449201831523805], [-51.93724263323411, -29.44924513882518], [-51.93769700741337, -29.449083374521905], [-51.937355608444946, -29.44888289078708], [-51.93694803020561, -29.448290127195985], [-51.936988029198126, -29.447939966784315], [-51.936880404250694, -29.44797731766923]]]}}, {"id": "146", "type": "Feature", "properties": {"id": 2042, "codigo": "0069", "Area_m2": "40971,03"}, "geometry": {"type": "Polygon", "coordinates": [[[-51.93729568151913, -29.449226275856333], [-51.937611509034646, -29.449527583584572], [-51.93812815323048, -29.44933656135507], [-51.93769700870329, -29.44908337527939], [-51.93729568151913, -29.449226275856333]]]}}, {"id": "147", "type": "Feature", "properties": {"id": 2042, "codigo": "0069", "Area_m2": "40971,03"}, "geometry": {"type": "Polygon", "coordinates": [[[-51.93591461517922, -29.447006992639608], [-51.93664449387382, -29.446813228245738], [-51.93657216878763, -29.446659294306517], [-51.93648778032186, -29.44614834079787], [-51.93579533013653, -29.446247823043855], [-51.93600015456015, -29.446356662276877], [-51.93607958114332, -29.446446757213646], [-51.93600706142792, -29.44656128921322], [-51.93609411133799, -29.44670617947706], [-51.93586220436236, -29.446962777843755], [-51.93591461517922, -29.447006992639608]]]}}, {"id": "148", "type": "Feature", "properties": {"id": 1392, "codigo": "0134", "Area_m2": null}, "geometry": {"type": "Polygon", "coordinates": [[[-51.93783755286952, -29.444799852200894], [-51.937884428735224, -29.444718763135413], [-51.937811660306494, -29.444727873128826], [-51.93783755286952, -29.444799852200894]]]}}, {"id": "149", "type": "Feature", "properties": {"id": 2059, "codigo": "0067", "Area_m2": "112091,14"}, "geometry": {"type": "Polygon", "coordinates": [[[-51.921950419115454, -29.44960687570813], [-51.92193695508834, -29.449631310579438], [-51.92161961379196, -29.449640631285884], [-51.92162115587951, -29.449811280536267], [-51.92166528010252, -29.450097924977847], [-51.92170396245137, -29.45014075850169], [-51.921746973234974, -29.450156467299824], [-51.92178892229717, -29.450157495378196], [-51.922622978775806, -29.44979226650225], [-51.921950419115454, -29.44960687570813]]]}}, {"id": "150", "type": "Feature", "properties": {"id": 2059, "codigo": "0067", "Area_m2": "112091,14"}, "geometry": {"type": "Polygon", "coordinates": [[[-51.92040821898139, -29.449181853268396], [-51.9201441467949, -29.450459890358253], [-51.92067636345282, -29.450325396109307], [-51.92079395027982, -29.449801666325826], [-51.92153892064375, -29.45008530398697], [-51.921529869921244, -29.45010971005413], [-51.921581846335215, -29.45009657531163], [-51.921538713491074, -29.44981637026829], [-51.921537147438485, -29.4496430534247], [-51.9212532244498, -29.44941471511507], [-51.92040821898139, -29.449181853268396]], [[-51.92018052693119, -29.45038349183516], [-51.92017021629932, -29.450383563098715], [-51.920170134877296, -29.450374538906345], [-51.92018052693119, -29.45038349183516]]]}}, {"id": "152", "type": "Feature", "properties": {"id": 2059, "codigo": "0067", "Area_m2": "112091,14"}, "geometry": {"type": "Polygon", "coordinates": [[[-51.93415321950001, -29.443611056255428], [-51.934160782620644, -29.443395383069298], [-51.93403940573722, -29.44316771020725], [-51.93360109874665, -29.442526089276754], [-51.93239964603228, -29.442450746905074], [-51.93201795929445, -29.44299632587581], [-51.93176679475309, -29.443175689029136], [-51.93148134329105, -29.443277819789287], [-51.9340519839563, -29.44399358131952], [-51.93415321950001, -29.443611056255428]]]}}, {"id": "153", "type": "Feature", "properties": {"id": 2059, "codigo": "0067", "Area_m2": "112091,14"}, "geometry": {"type": "Polygon", "coordinates": [[[-51.93252983087259, -29.44208306930501], [-51.932716967928535, -29.4415894774345], [-51.932643920726576, -29.44022928273658], [-51.93220363564703, -29.44034421138103], [-51.931236838385665, -29.440373437886677], [-51.9307729692068, -29.44022156735751], [-51.930085214884855, -29.439329241060843], [-51.929514710095916, -29.439396098482007], [-51.92923765235754, -29.439547713724043], [-51.92937238206875, -29.439562141032592], [-51.92945063202313, -29.440229426885534], [-51.92995445754342, -29.441209607592718], [-51.92988409933221, -29.441408643533997], [-51.92912869712457, -29.441107074896465], [-51.928679877763834, -29.440505547118992], [-51.92838389612001, -29.440548967107386], [-51.927780154971124, -29.441421332180873], [-51.930692854762036, -29.441708708524438], [-51.93039378039677, -29.442412911881213], [-51.932067363251626, -29.442676182414985], [-51.93252983087259, -29.44208306930501]]]}}, {"id": "154", "type": "Feature", "properties": {"id": 2059, "codigo": "0067", "Area_m2": "112091,14"}, "geometry": {"type": "Polygon", "coordinates": [[[-51.92516299651656, -29.446794567987915], [-51.9224268386271, -29.445989727462788], [-51.92238635973541, -29.446104467173537], [-51.92237998348617, -29.446171760614018], [-51.92224808099559, -29.44641819031253], [-51.9250003240084, -29.447212195289122], [-51.92516299651656, -29.446794567987915]]]}}, {"id": "155", "type": "Feature", "properties": {"id": 2059, "codigo": "0067", "Area_m2": "112091,14"}, "geometry": {"type": "Polygon", "coordinates": [[[-51.92159372148571, -29.445744652371634], [-51.92149305306875, -29.44620034066236], [-51.921872247572516, -29.446309742310838], [-51.921984652603754, -29.445859651411283], [-51.92159372148571, -29.445744652371634]]]}}, {"id": "156", "type": "Feature", "properties": {"id": 2059, "codigo": "0067", "Area_m2": "112091,14"}, "geometry": {"type": "Polygon", "coordinates": [[[-51.927011982816474, -29.44517086116632], [-51.926591901044866, -29.446305204397746], [-51.92744529805248, -29.44654328868632], [-51.92759940174663, -29.446406242742388], [-51.927642346833395, -29.446598262184455], [-51.9281503159639, -29.44673997755018], [-51.929039028101265, -29.445722047410843], [-51.927011982816474, -29.44517086116632]]]}}, {"id": "157", "type": "Feature", "properties": {"id": 1608, "codigo": "0015", "Area_m2": "44400,01"}, "geometry": {"type": "Polygon", "coordinates": [[[-51.94679305230453, -29.436767364151805], [-51.94665351424912, -29.43661589851201], [-51.946612737219446, -29.436722212142843], [-51.94679305230453, -29.436767364151805]]]}}, {"id": "158", "type": "Feature", "properties": {"id": 1985, "codigo": "0066", "Area_m2": "517387,66"}, "geometry": {"type": "Polygon", "coordinates": [[[-51.93240099555563, -29.43986620712271], [-51.93227438318701, -29.44009236579345], [-51.93190545492458, -29.440274213345397], [-51.93223277523701, -29.4402481451671], [-51.93252323817541, -29.44020067763013], [-51.932621025681804, -29.440165707491524], [-51.93240099555563, -29.43986620712271]]]}}, {"id": "159", "type": "Feature", "properties": {"id": 1985, "codigo": "0066", "Area_m2": "517387,66"}, "geometry": {"type": "Polygon", "coordinates": [[[-51.93002355266605, -29.43899387248272], [-51.93009662352992, -29.439279831113236], [-51.930214519252466, -29.439337711846406], [-51.93030276756587, -29.439417801952263], [-51.93079508068686, -29.44008546241037], [-51.93113710216559, -29.440266535761392], [-51.93134457601788, -29.440284320283812], [-51.931869449159215, -29.44027584314509], [-51.9310965405342, -29.439820839322984], [-51.930896213318725, -29.439334903111085], [-51.93092680808864, -29.438932797796596], [-51.93002355266605, -29.43899387248272]]]}}, {"id": "160", "type": "Feature", "properties": {"id": 1985, "codigo": "0066", "Area_m2": "517387,66"}, "geometry": {"type": "Polygon", "coordinates": [[[-51.933954479319695, -29.44083452036772], [-51.93393720083274, -29.44093881712423], [-51.93387853368689, -29.441027811912225], [-51.93388147620607, -29.441193742966224], [-51.93389953374958, -29.44127377360158], [-51.93396359695102, -29.441371222863598], [-51.93411101943121, -29.441470356351292], [-51.93431032956391, -29.441574686025653], [-51.93466029555082, -29.44181799969284], [-51.934641159077394, -29.44196852637164], [-51.93460561809169, -29.442071123232154], [-51.93438204049747, -29.442164579929855], [-51.934148786076975, -29.442184579798525], [-51.933979273220245, -29.442118833064384], [-51.933859055979134, -29.442132728814414], [-51.93381450253445, -29.442395568566003], [-51.93393257202256, -29.442858121824518], [-51.93409032990031, -29.44301426115199], [-51.934264119970535, -29.443044619919867], [-51.93432770766161, -29.44323324939323], [-51.93432912780019, -29.44335962196699], [-51.934254695531045, -29.44348298564226], [-51.93421479846011, -29.443652028491893], [-51.9349964776454, -29.44353401320491], [-51.93484308573473, -29.4425020145441], [-51.935068164176705, -29.442310914484253], [-51.93543033011113, -29.442452766661717], [-51.93632024134835, -29.441679408681594], [-51.936938077689106, -29.44159384013081], [-51.937183603704014, -29.441384543193564], [-51.937376170934044, -29.44102219797051], [-51.93727888342522, -29.44082236156733], [-51.933954479319695, -29.44083452036772]]]}}, {"id": "161", "type": "Feature", "properties": {"id": 1985, "codigo": "0066", "Area_m2": "517387,66"}, "geometry": {"type": "Polygon", "coordinates": [[[-51.93518430035853, -29.43997081187584], [-51.935805780096715, -29.43927913543606], [-51.93604263899419, -29.438971823133215], [-51.936614081883995, -29.43837158555739], [-51.936852424586284, -29.438195106731076], [-51.937103601203205, -29.438151860330656], [-51.93729937608581, -29.438296791915292], [-51.93724517251643, -29.438470558956737], [-51.93770503526628, -29.438874104939355], [-51.93775657291277, -29.43887109948307], [-51.93804045842028, -29.43909937430228], [-51.93854417986738, -29.439100724853475], [-51.939293196485536, -29.438707379658656], [-51.939334601813265, -29.438526666723934], [-51.939123077602666, -29.43723212854777], [-51.938259961994554, -29.437720708016062], [-51.93798288717922, -29.43786529721613], [-51.937816567457574, -29.437937973484598], [-51.93767713237647, -29.437984365097957], [-51.93727616926781, -29.43806439344228], [-51.93677338711686, -29.43810608182367], [-51.936244130596634, -29.438133829086624], [-51.936081868645225, -29.438209013344075], [-51.93506926559916, -29.43919703067694], [-51.93518430035853, -29.43997081187584]]]}}, {"id": "162", "type": "Feature", "properties": {"id": 1985, "codigo": "0066", "Area_m2": "517387,66"}, "geometry": {"type": "Polygon", "coordinates": [[[-51.93504478774649, -29.439032351413662], [-51.935672188261705, -29.438413195991565], [-51.93510633810318, -29.43860147481214], [-51.93502586302218, -29.438905056948794], [-51.93504478774649, -29.439032351413662]]]}}, {"id": "163", "type": "Feature", "properties": {"id": 1985, "codigo": "0066", "Area_m2": "517387,66"}, "geometry": {"type": "Polygon", "coordinates": [[[-51.93574524623849, -29.43833671802647], [-51.93598203511117, -29.43810370458021], [-51.93620017170264, -29.438002629206323], [-51.93676227812689, -29.437973156552648], [-51.93725154916706, -29.437932585639146], [-51.93765695731257, -29.4378516677331], [-51.937905070442795, -29.437751575836646], [-51.938239219304144, -29.437574467243895], [-51.93738847760342, -29.431577207707118], [-51.93674012242172, -29.43177866631142], [-51.93522987369722, -29.43231937790895], [-51.935234425761514, -29.432328370702912], [-51.9352257150657, -29.43232086681622], [-51.935006815138486, -29.432399239158077], [-51.93500528990513, -29.432389906368655], [-51.933636440975555, -29.43330475314599], [-51.933874475284355, -29.43486091477088], [-51.93419837882995, -29.434824962046207], [-51.93425944814637, -29.43522417963099], [-51.93480373673324, -29.434831252296345], [-51.93560891554926, -29.434942919914782], [-51.935802552718755, -29.434697891026502], [-51.936502488123836, -29.4345756491134], [-51.936845169996026, -29.43484398154856], [-51.937122850371765, -29.43476982986378], [-51.937427199786015, -29.435354296815948], [-51.93710050869989, -29.436827630502428], [-51.93656182336562, -29.43767072185281], [-51.936336426540194, -29.43782572760829], [-51.936025656975964, -29.437665466820512], [-51.93575951860907, -29.437874906478655], [-51.93574524623849, -29.43833671802647]], [[-51.93484442858039, -29.432520628689687], [-51.93484434592016, -29.432511604510644], [-51.93485465470324, -29.432511532150524], [-51.93484442858039, -29.432520628689687]], [[-51.934885498388404, -29.432502290886518], [-51.934885415724615, -29.432493266707574], [-51.93490603328679, -29.43249312198029], [-51.934885498388404, -29.432502290886518]], [[-51.93521389092683, -29.432337539658604], [-51.93521380823456, -29.432328515480286], [-51.935224116998064, -29.43232844309201], [-51.93521389092683, -29.432337539658604]]]}}, {"id": "164", "type": "Feature", "properties": {"id": 2411, "codigo": "0004", "Area_m2": "277176,88"}, "geometry": {"type": "Polygon", "coordinates": [[[-51.941222173312724, -29.43307536444317], [-51.94149393002108, -29.43315782224102], [-51.94164022488852, -29.43316485699231], [-51.941766910737485, -29.433130404493745], [-51.94189040730721, -29.433078251628007], [-51.94211076163998, -29.432959118621735], [-51.94285351536381, -29.43283913275843], [-51.94249937405947, -29.430093038448423], [-51.94087989319323, -29.43049081954872], [-51.941222173312724, -29.43307536444317]]]}}, {"id": "165", "type": "Feature", "properties": {"id": 2411, "codigo": "0004", "Area_m2": "277176,88"}, "geometry": {"type": "Polygon", "coordinates": [[[-51.942773806375875, -29.43850570424439], [-51.94287389117511, -29.438172584966797], [-51.94287648699954, -29.438100324742255], [-51.94279490348025, -29.4378342591562], [-51.94293927486616, -29.437338440164034], [-51.9427793420374, -29.43663698456109], [-51.942715960820465, -29.436428704471226], [-51.942628802839366, -29.436250387834512], [-51.942430666452196, -29.435774462387087], [-51.942389926177746, -29.435715301853595], [-51.941839420709364, -29.43617130277542], [-51.94179451853205, -29.43616930458134], [-51.94170830601177, -29.43621411744714], [-51.94164707419584, -29.43628357061962], [-51.94169169197833, -29.43662044067595], [-51.942192005144406, -29.436656334122215], [-51.942536292454676, -29.437096110250778], [-51.942773806375875, -29.43850570424439]]]}}, {"id": "166", "type": "Feature", "properties": {"id": 2411, "codigo": "0004", "Area_m2": "277176,88"}, "geometry": {"type": "Polygon", "coordinates": [[[-51.94572782772298, -29.438944239438975], [-51.94583545951888, -29.438884533671654], [-51.94590553805019, -29.438825395316446], [-51.946305968812396, -29.43833442787149], [-51.94631977263665, -29.438196122865584], [-51.94607844121947, -29.437445571169434], [-51.946114903506135, -29.43723227663535], [-51.946192050296645, -29.437062965995242], [-51.94629620293139, -29.436959145106577], [-51.94647297085029, -29.436640725350664], [-51.94649521188566, -29.436539680341376], [-51.94528158076646, -29.436291499342946], [-51.94506967701693, -29.43602240191285], [-51.94543324257541, -29.438943811289807], [-51.94561869661805, -29.43895636668482], [-51.94572782772298, -29.438944239438975]]]}}, {"id": "167", "type": "Feature", "properties": {"id": 2411, "codigo": "0004", "Area_m2": "277176,88"}, "geometry": {"type": "Polygon", "coordinates": [[[-51.945860770474326, -29.43169142596386], [-51.945362572272145, -29.431679280680573], [-51.945646449087526, -29.43116285486348], [-51.94569760831393, -29.43116389082251], [-51.945233602437455, -29.429663669171756], [-51.94430676383582, -29.429892058514906], [-51.94465650689547, -29.4327023980264], [-51.94483303772352, -29.432386968535752], [-51.94596948168064, -29.432042910532594], [-51.945860770474326, -29.43169142596386]]]}}, {"id": "168", "type": "Feature", "properties": {"id": 2411, "codigo": "0004", "Area_m2": "277176,88"}, "geometry": {"type": "Polygon", "coordinates": [[[-51.944847001602426, -29.434233106890805], [-51.94537215825005, -29.43382710188975], [-51.94493667835725, -29.433559450102745], [-51.94471942069043, -29.433207938076237], [-51.944847001602426, -29.434233106890805]]]}}, {"id": "169", "type": "Feature", "properties": {"id": 2411, "codigo": "0004", "Area_m2": "277176,88"}, "geometry": {"type": "Polygon", "coordinates": [[[-51.94313778598741, -29.435043312861424], [-51.942604166825404, -29.435432005240145], [-51.942392097287176, -29.435697478189606], [-51.94244187986687, -29.43576976939378], [-51.942640310235255, -29.436246400869827], [-51.942727685700426, -29.43642516241433], [-51.9427913974386, -29.43663452854148], [-51.942951994128286, -29.437338895440043], [-51.94280775024461, -29.43783438096735], [-51.94288808511019, -29.438122025242542], [-51.943215449881826, -29.436955930533237], [-51.94336897871588, -29.436835816029614], [-51.94313778598741, -29.435043312861424]]]}}, {"id": "171", "type": "Feature", "properties": {"id": 2411, "codigo": "0004", "Area_m2": "277176,88"}, "geometry": {"type": "Polygon", "coordinates": [[[-51.941832116165585, -29.435918428642207], [-51.942118652789105, -29.435720329371847], [-51.94242093528946, -29.435458028842508], [-51.942439393409686, -29.43533250750841], [-51.9425165227705, -29.435272150166742], [-51.94281027960077, -29.435120177958616], [-51.943085453679224, -29.434892267131676], [-51.943109069928376, -29.434820658863902], [-51.943027363331524, -29.434187129439746], [-51.942862738382914, -29.43401645297623], [-51.94272365807129, -29.43371055824862], [-51.942723847367255, -29.433603150685496], [-51.9426745611073, -29.43334661733499], [-51.942605067060576, -29.433249546269252], [-51.94243603332179, -29.43309134380635], [-51.94230464205588, -29.433019673919766], [-51.942112041842805, -29.432971154899157], [-51.941896361179516, -29.43308776131411], [-51.94177145870671, -29.433140508029307], [-51.941641768973234, -29.433175776851357], [-51.94147809727865, -29.433164128804826], [-51.94122371993178, -29.43308704255852], [-51.941624360110936, -29.43611207410806], [-51.941832116165585, -29.435918428642207]]]}}, {"id": "172", "type": "Feature", "properties": {"id": 846, "codigo": "0058", "Area_m2": "22783,26"}, "geometry": {"type": "Polygon", "coordinates": [[[-51.98955833389022, -29.492976973273635], [-51.99001515580067, -29.492505837934512], [-51.99011338807668, -29.491999728917055], [-51.98962860029934, -29.492003336580144], [-51.98966542144802, -29.492607711163586], [-51.9895231540933, -29.492781945220834], [-51.98955833389022, -29.492976973273635]]]}}, {"id": "173", "type": "Feature", "properties": {"id": 846, "codigo": "0058", "Area_m2": "22783,26"}, "geometry": {"type": "Polygon", "coordinates": [[[-51.99029659376181, -29.491745676157606], [-51.99021451574538, -29.491791410219328], [-51.99029703263371, -29.491790795914287], [-51.99029659376181, -29.491745676157606]]]}}, {"id": "175", "type": "Feature", "properties": {"id": 2200, "codigo": "0001", "Area_m2": "84261,6"}, "geometry": {"type": "Polygon", "coordinates": [[[-51.982001960866796, -29.489439545101725], [-51.9821147474997, -29.489423838407827], [-51.98274967408401, -29.49001477401584], [-51.98296967527012, -29.490365108562177], [-51.98299466039131, -29.49081615476226], [-51.98363099580507, -29.49155146924585], [-51.98399206417632, -29.49151608930953], [-51.98381064210161, -29.49110103415938], [-51.98330583414348, -29.4898424983773], [-51.983117497517604, -29.489869328936777], [-51.983029975326, -29.489774122941714], [-51.984276123060916, -29.489516530683932], [-51.9840499288217, -29.489003429089667], [-51.98348135980603, -29.488325114807054], [-51.98327052123738, -29.48832018213007], [-51.98319423749595, -29.488334159614997], [-51.98312322483267, -29.48838097000646], [-51.98299860242015, -29.488554834256952], [-51.9831673669356, -29.489098855515877], [-51.98287970805319, -29.489137119260377], [-51.98296506181369, -29.489031242391658], [-51.98282854910238, -29.48872824178552], [-51.98271698345691, -29.488824750807485], [-51.98196983707721, -29.48939329494888], [-51.982001960866796, -29.489439545101725]]]}}, {"id": "176", "type": "Feature", "properties": {"id": 2349, "codigo": "0190", "Area_m2": "19793,54"}, "geometry": {"type": "Polygon", "coordinates": [[[-51.9818473894843, -29.48587439336085], [-51.97972045895993, -29.486401435588228], [-51.97967414832861, -29.4867470065707], [-51.97976891230055, -29.487190714579985], [-51.979862465897966, -29.487479724796746], [-51.982584210461596, -29.486948184653382], [-51.98184738948625, -29.485874393362103], [-51.982092327494854, -29.485828559067198], [-51.9818473894843, -29.48587439336085]]]}}, {"id": "177", "type": "Feature", "properties": {"id": 2349, "codigo": "0190", "Area_m2": "19793,54"}, "geometry": {"type": "Polygon", "coordinates": [[[-51.98271469027237, -29.485674324577378], [-51.98262596837717, -29.4857470422754], [-51.98223153297366, -29.485794061043244], [-51.982092327494854, -29.485828559067198], [-51.982805434866194, -29.486867673868957], [-51.9833087321489, -29.486748866272304], [-51.98346176314729, -29.4872318619054], [-51.98407285608318, -29.48708760249622], [-51.98402795292764, -29.486729387721102], [-51.984366574177926, -29.486546390114896], [-51.984157588653865, -29.48626817310367], [-51.98445067740861, -29.485643305713705], [-51.98418303649318, -29.485699433715006], [-51.98374005375969, -29.485420218097936], [-51.98271469027237, -29.485674324577378]]]}}, {"id": "178", "type": "Feature", "properties": {"id": 2242, "codigo": "1841", "Area_m2": "219483,91"}, "geometry": {"type": "Polygon", "coordinates": [[[-51.982253971371954, -29.485791386268534], [-51.98214173145339, -29.485804765855224], [-51.981775457552374, -29.48548296124641], [-51.982039820672405, -29.485845284009066], [-51.982253971371954, -29.485791386268534]]]}}, {"id": "179", "type": "Feature", "properties": {"id": 2242, "codigo": "1841", "Area_m2": "219483,91"}, "geometry": {"type": "Polygon", "coordinates": [[[-51.9837368212107, -29.48541818059604], [-51.98371602928516, -29.48540507527639], [-51.98301485245414, -29.485428307482668], [-51.982712740517684, -29.48567592262342], [-51.9837368212107, -29.48541818059604]]]}}, {"id": "180", "type": "Feature", "properties": {"id": 2242, "codigo": "1841", "Area_m2": "219483,91"}, "geometry": {"type": "Polygon", "coordinates": [[[-51.98934918843797, -29.492968723642424], [-51.98941635706965, -29.49245400217199], [-51.989412519147606, -29.492059091664213], [-51.98877990800275, -29.491711836045223], [-51.988362878498855, -29.492319584058432], [-51.988757202234325, -29.492560317837416], [-51.98882382335061, -29.4930471512946], [-51.98876404336994, -29.49307865782857], [-51.98934918843797, -29.492968723642424]]]}}, {"id": "181", "type": "Feature", "properties": {"id": 2242, "codigo": "1841", "Area_m2": "219483,91"}, "geometry": {"type": "Polygon", "coordinates": [[[-51.98367779013012, -29.489699789958166], [-51.98419544723409, -29.491496160453362], [-51.98422871955251, -29.491492900205166], [-51.985120588793855, -29.49091774745803], [-51.98454561017927, -29.490127838339422], [-51.98428965774548, -29.48954723291692], [-51.98367779013012, -29.489699789958166]]]}}, {"id": "182", "type": "Feature", "properties": {"id": 2242, "codigo": "1841", "Area_m2": "219483,91"}, "geometry": {"type": "Polygon", "coordinates": [[[-51.97815671302164, -29.480363061750968], [-51.97803873021877, -29.480084214251246], [-51.97778365812395, -29.48016821927491], [-51.97782790144734, -29.480463494947376], [-51.97815671302164, -29.480363061750968]]]}}, {"id": "183", "type": "Feature", "properties": {"id": 2242, "codigo": "1841", "Area_m2": "219483,91"}, "geometry": {"type": "Polygon", "coordinates": [[[-51.977876101172896, -29.479630489711905], [-51.977922086600444, -29.479552167297623], [-51.977849075101126, -29.479596117848963], [-51.977876101172896, -29.479630489711905]]]}}, {"id": "184", "type": "Feature", "properties": {"id": 2242, "codigo": "1841", "Area_m2": "219483,91"}, "geometry": {"type": "Polygon", "coordinates": [[[-51.97680744327117, -29.478679966963078], [-51.97668506775427, -29.478692452583807], [-51.97673086769681, -29.478734739819306], [-51.97680744327117, -29.478679966963078]]]}}, {"id": "185", "type": "Feature", "properties": {"id": 2242, "codigo": "1841", "Area_m2": "219483,91"}, "geometry": {"type": "Polygon", "coordinates": [[[-51.97685206495832, -29.478713323612187], [-51.97691387963816, -29.478669107567786], [-51.97681972959993, -29.47867871342441], [-51.97685206495832, -29.478713323612187]]]}}, {"id": "187", "type": "Feature", "properties": {"id": 2350, "codigo": "1830", "Area_m2": "17009,1"}, "geometry": {"type": "Polygon", "coordinates": [[[-51.978243452605255, -29.48436853366077], [-51.978431622595004, -29.484592476516802], [-51.97995850604273, -29.484163825064606], [-51.979846311533265, -29.483918554212035], [-51.978243452605255, -29.48436853366077]]]}}, {"id": "188", "type": "Feature", "properties": {"id": 2350, "codigo": "1830", "Area_m2": "17009,1"}, "geometry": {"type": "Polygon", "coordinates": [[[-51.97726110800172, -29.482398900266972], [-51.97726140059983, -29.482429394826244], [-51.97725108689657, -29.48242947058466], [-51.977257526640614, -29.482400014477722], [-51.97713267743913, -29.482438856783602], [-51.9772706782392, -29.482634506259142], [-51.978130016138515, -29.482433384121677], [-51.97801282773723, -29.48227045434645], [-51.978033004369465, -29.482158752677286], [-51.97726110800172, -29.482398900266972]], [[-51.97724120611566, -29.48247466633941], [-51.97724163903901, -29.48251978633624], [-51.977231325326535, -29.482519862093337], [-51.97724120611566, -29.48247466633941]]]}}, {"id": "189", "type": "Feature", "properties": {"id": 2350, "codigo": "1830", "Area_m2": "17009,1"}, "geometry": {"type": "Polygon", "coordinates": [[[-51.98029334351174, -29.48376242429265], [-51.98016922517535, -29.483646226138983], [-51.97981434281296, -29.48374496418723], [-51.979877400608615, -29.483878289358756], [-51.98029334351174, -29.48376242429265]]]}}, {"id": "191", "type": "Feature", "properties": {"id": 2350, "codigo": "1830", "Area_m2": "17009,1"}, "geometry": {"type": "Polygon", "coordinates": [[[-51.97732975132643, -29.482754633079026], [-51.97765891322597, -29.48306650338768], [-51.97857224628922, -29.482838009396698], [-51.97864508394901, -29.482590691886223], [-51.978232361960025, -29.48257567791108], [-51.978219210242194, -29.48255739277018], [-51.97732975132643, -29.482754633079026]], [[-51.97744019764987, -29.482789066758485], [-51.97744045745998, -29.482816138753734], [-51.977419656773094, -29.482798242302376], [-51.97744019764987, -29.482789066758485]], [[-51.97740916983185, -29.482780270076862], [-51.97740908323133, -29.48277124607834], [-51.977419396968706, -29.48277117030688], [-51.97740916983185, -29.482780270076862]], [[-51.97744071727044, -29.482843210748857], [-51.97744063066691, -29.482834186750495], [-51.97745094441057, -29.482834110976462], [-51.97744071727044, -29.482843210748857]]]}}, {"id": "192", "type": "Feature", "properties": {"id": 830, "codigo": "0042", "Area_m2": "58525,15"}, "geometry": {"type": "Polygon", "coordinates": [[[-51.99208460449802, -29.467963038990984], [-51.99215891092655, -29.467960954873803], [-51.99216169371546, -29.467861319159866], [-51.99208460449802, -29.467963038990984]]]}}, {"id": "193", "type": "Feature", "properties": {"id": 941, "codigo": "0189", "Area_m2": null}, "geometry": {"type": "Polygon", "coordinates": [[[-51.996076075245995, -29.464491743714802], [-51.99605009501231, -29.464237935275097], [-51.99460403556379, -29.46446333274264], [-51.995374111109946, -29.464543684756805], [-51.996076075245995, -29.464491743714802]]]}}, {"id": "194", "type": "Feature", "properties": {"id": 941, "codigo": "0189", "Area_m2": null}, "geometry": {"type": "Polygon", "coordinates": [[[-51.995818767068016, -29.463670816982347], [-51.99565508528146, -29.46374741534924], [-51.99502183971548, -29.463318968538164], [-51.99388662421421, -29.463538377551465], [-51.99404039576693, -29.463637780462253], [-51.99421546501998, -29.463822144867297], [-51.99442707007997, -29.4641561513082], [-51.994871762751885, -29.46419523979185], [-51.99525561588555, -29.46416504858131], [-51.99599435207233, -29.464009416083815], [-51.995818767068016, -29.463670816982347]]]}}, {"id": "195", "type": "Feature", "properties": {"id": 2040, "codigo": "0003", "Area_m2": "401236,39"}, "geometry": {"type": "Polygon", "coordinates": [[[-51.99916463873207, -29.463927209854926], [-51.99940033356963, -29.46418830609044], [-51.999588712132024, -29.46398478482493], [-51.99912987915842, -29.463694301831204], [-51.99776625587968, -29.463451841770514], [-51.997569393866875, -29.46351482815598], [-51.99760024252329, -29.46376246680649], [-51.99832300267632, -29.463731931178398], [-51.998897745274306, -29.463778202736453], [-51.99916463873207, -29.463927209854926]]]}}, {"id": "196", "type": "Feature", "properties": {"id": 1961, "codigo": "0008", "Area_m2": "100650,22"}, "geometry": {"type": "Polygon", "coordinates": [[[-51.99940033356963, -29.46418830609044], [-51.99957352216942, -29.464316900218012], [-52.00029086055746, -29.464739860569637], [-52.00060513602857, -29.46478330472953], [-52.00082252613053, -29.464882925840083], [-52.001085827467016, -29.46513399454305], [-52.00141924262288, -29.465359705612354], [-52.00138420826132, -29.465121497138224], [-51.99958861538869, -29.4639847235776], [-51.99940033356963, -29.46418830609044]]]}}, {"id": "197", "type": "Feature", "properties": {"id": 2169, "codigo": "0102", "Area_m2": "41603,05"}, "geometry": {"type": "Polygon", "coordinates": [[[-51.996420533853005, -29.46395229472826], [-51.997317977302984, -29.46386530766285], [-51.997593952849286, -29.463801517783015], [-51.99755988603139, -29.463517870206505], [-51.99715971830679, -29.46364590465149], [-51.996436308477136, -29.463488879146336], [-51.99636839588599, -29.463536286694087], [-51.996420533853005, -29.46395229472826]]]}}, {"id": "198", "type": "Feature", "properties": {"id": 1924, "codigo": "0254", "Area_m2": null}, "geometry": {"type": "Polygon", "coordinates": [[[-52.00141934130725, -29.46535642335211], [-52.00176904309332, -29.465237782002184], [-52.00202369064306, -29.465188210723177], [-52.00253804953955, -29.465344315620033], [-52.002518336293804, -29.465202054509785], [-52.00233040318776, -29.465114177086516], [-52.00145433721344, -29.46516589514169], [-52.0013874552441, -29.465123552773562], [-52.00141934130725, -29.46535642335211]]]}}, {"id": "199", "type": "Feature", "properties": {"id": 1068, "codigo": "0066", "Area_m2": "640350,"}, "geometry": {"type": "Polygon", "coordinates": [[[-51.97609342633436, -29.427062702139857], [-51.97669238835376, -29.42753869287063], [-51.976863971941526, -29.42869589935402], [-51.97797859599427, -29.430022140202006], [-51.977984343754386, -29.42974357130437], [-51.97802006416693, -29.42963452983515], [-51.97787654246629, -29.429551627992392], [-51.9778311868865, -29.42945039190608], [-51.97775007905422, -29.429408593159913], [-51.97770488591478, -29.429295710263716], [-51.977757300010595, -29.429401842466405], [-51.9778394841634, -29.42944419590636], [-51.97788494667184, -29.429545670630198], [-51.97815022816836, -29.429691611211037], [-51.978256257642634, -29.42970438307896], [-51.97844792552615, -29.429881942348374], [-51.978387237435584, -29.42948008443121], [-51.97802963279953, -29.429196249371284], [-51.977542918950384, -29.427891240067822], [-51.977475193790255, -29.427278056996897], [-51.97796514018976, -29.42668508596464], [-51.97783384814983, -29.425815710355252], [-51.97776325094018, -29.42582949739089], [-51.977804660238874, -29.425906311121054], [-51.9777418937885, -29.425980609327443], [-51.97768061748119, -29.425937010762386], [-51.97756235359357, -29.42596484503919], [-51.97750090072219, -29.426043067094366], [-51.97764939979879, -29.42607248887865], [-51.97753510934756, -29.42637479854471], [-51.977470197931964, -29.42630515851268], [-51.97738726955187, -29.426366613080383], [-51.97739676014222, -29.426499372897513], [-51.9772849411084, -29.426550543930038], [-51.977282757432434, -29.426536268783536], [-51.97738070071742, -29.426491447556874], [-51.977371352145305, -29.426360673575985], [-51.977472224343316, -29.426285921553244], [-51.97752868450164, -29.426346494572748], [-51.97762888550661, -29.426082303375058], [-51.97747522680504, -29.42605185929889], [-51.977552840184856, -29.42595306685854], [-51.977684236007775, -29.425922141804854], [-51.97773908587216, -29.425961167972883], [-51.977786730992385, -29.425904769283747], [-51.97774739968654, -29.425831810065866], [-51.97703796401897, -29.425756089037723], [-51.97643613106915, -29.425345365428697], [-51.97654045471962, -29.424397005860225], [-51.97751785908921, -29.423723245157362], [-51.97740708775234, -29.42298972040512], [-51.977385528085485, -29.423002822741957], [-51.977313213193206, -29.42299245281392], [-51.97727377981779, -29.423035253935026], [-51.977170516927174, -29.423043641779078], [-51.97709524402479, -29.423093886675776], [-51.97710542956739, -29.42311135353226], [-51.977084814154225, -29.42311150474794], [-51.977094566194154, -29.42309406577067], [-51.97702305427008, -29.423120982456375], [-51.97702297769716, -29.42311298072236], [-51.976920063537634, -29.4231307625202], [-51.97683790052367, -29.423131495256897], [-51.97687900538832, -29.423149113052904], [-51.97681715912128, -29.423149566585817], [-51.97683741675227, -29.423131532046657], [-51.97664480539279, -29.423144511225328], [-51.9763950166096, -29.423194304395015], [-51.9763133981728, -29.423252675053067], [-51.976256179748866, -29.42325854461358], [-51.97620812443387, -29.423311219020828], [-51.976142059929764, -29.423314382005717], [-51.97614879711286, -29.423325935590217], [-51.97611787391923, -29.423326162192], [-51.97613048385497, -29.423314936236018], [-51.976073714984565, -29.4233176541718], [-51.97596727304548, -29.4233385708729], [-51.975994439939676, -29.423354140776276], [-51.97594290126681, -29.423354518382535], [-51.97595898557281, -29.4233401994261], [-51.97593253025347, -29.423347974066445], [-51.97593267979291, -29.42336361798452], [-51.975815335393634, -29.423380589724932], [-51.97561628922954, -29.42339839839996], [-51.97555126278019, -29.42338457281132], [-51.97555446812974, -29.42340372080299], [-51.97557234016723, -29.423411381063474], [-51.9755557707607, -29.42341150240885], [-51.97609342633436, -29.427062702139857]], [[-51.976056200074126, -29.42334466353966], [-51.97601496914051, -29.423344965645285], [-51.97603541206782, -29.423326766428342], [-51.976056200074126, -29.42334466353966]], [[-51.97607672926725, -29.4233354883993], [-51.97607664299384, -29.423326464316556], [-51.976097258456605, -29.423326313255863], [-51.97607672926725, -29.4233354883993]], [[-51.97609717218142, -29.423317289173163], [-51.97610747991183, -29.423317213641663], [-51.97610756618794, -29.423326237724332], [-51.97609717218142, -29.423317289173163]], [[-51.976261836994304, -29.42328900832645], [-51.97626175070469, -29.423279984244132], [-51.97627205843084, -29.42327990869998], [-51.976261836994304, -29.42328900832645]], [[-51.976292673883016, -29.423279757609272], [-51.976292587590706, -29.42327073352702], [-51.97630289531583, -29.4232706579805], [-51.976292673883016, -29.423279757609272]], [[-51.976313203040895, -29.423270582433187], [-51.97631311674682, -29.423261558350987], [-51.97633373219503, -29.423261407254024], [-51.976313203040895, -29.423270582433187]], [[-51.976333645899174, -29.42325238317184], [-51.9763439536223, -29.423252307622185], [-51.97634403991908, -29.423261331704325], [-51.976333645899174, -29.42325238317184]], [[-51.97645725226745, -29.423242452441507], [-51.97639540593611, -29.423242905779937], [-51.97641584877394, -29.423224706506385], [-51.97645725226745, -29.423242452441507]], [[-51.97647778140239, -29.423233277240534], [-51.9764776950939, -29.423224253158708], [-51.97649831053356, -29.423224102036446], [-51.97647778140239, -29.423233277240534]], [[-51.97649822422327, -29.423215077954687], [-51.97650853194215, -29.423215002392386], [-51.97650861825334, -29.42322402647413], [-51.97649822422327, -29.423215077954687]], [[-51.976539455098504, -29.4232147757007], [-51.97653936878462, -29.423205751619022], [-51.97654967650241, -29.423205676053556], [-51.976539455098504, -29.4232147757007]], [[-51.97658059965557, -29.42320544935238], [-51.97658051333808, -29.42319642527081], [-51.97659082105481, -29.42319634970219], [-51.97658059965557, -29.42320544935238]], [[-51.97665249470674, -29.423177848110885], [-51.97665266735434, -29.423195896273697], [-51.976611436488135, -29.423196198562533], [-51.97665249470674, -29.423177848110885]], [[-51.97666288874606, -29.423186796618104], [-51.97666280242137, -29.42317777253674], [-51.97668341785051, -29.42317762138604], [-51.97666288874606, -29.423186796618104]], [[-51.97669372556502, -29.4231775458095], [-51.976693639237645, -29.423168521728194], [-51.97670394695121, -29.423168446150868], [-51.97669372556502, -29.4231775458095]], [[-51.976755485518424, -29.42316806825235], [-51.97671425466473, -29.423168370572785], [-51.97673469742972, -29.423150171251727], [-51.976755485518424, -29.42316806825235]], [[-51.9767760146104, -29.42315889300626], [-51.976775928275806, -29.423149868925158], [-51.97679654369863, -29.42314971775709], [-51.9767760146104, -29.42315889300626]], [[-51.976796457362255, -29.423140693676018], [-51.97680676507269, -29.423140618090816], [-51.97680685140998, -29.423149642171843], [-51.976796457362255, -29.423140693676018]], [[-51.97712595861503, -29.423102178233155], [-51.9771258722497, -29.423093154152905], [-51.97714648765891, -29.42309300293095], [-51.97712595861503, -29.423102178233155]], [[-51.977156795363456, -29.423092927318784], [-51.97715670899544, -29.4230839032386], [-51.97717732440259, -29.423083752011937], [-51.977156795363456, -29.423092927318784]], [[-51.977187632106094, -29.42308367639738], [-51.97718754573539, -29.42307465231727], [-51.97720816114049, -29.423074501085857], [-51.977187632106094, -29.42308367639738]], [[-51.977208074768, -29.423065477005785], [-51.97721838246958, -29.423065401388918], [-51.97721846884298, -29.423074425468958], [-51.977208074768, -29.423065477005785]], [[-51.97724930557408, -29.42306517453351], [-51.97724921919797, -29.42305615045355], [-51.97725952689848, -29.42305607483349], [-51.97724930557408, -29.42306517453351]], [[-51.977280142299385, -29.423055923591033], [-51.97728005592059, -29.42304689951114], [-51.97729036362008, -29.423046823888733], [-51.977280142299385, -29.423055923591033]], [[-51.97730067131952, -29.423046748265524], [-51.977300584938945, -29.423037724185704], [-51.977310892637426, -29.423037648561714], [-51.97730067131952, -29.423046748265524]], [[-51.97740348914284, -29.423018919750927], [-51.97738287375017, -29.423019071012327], [-51.977393008669274, -29.423000947222757], [-51.97740348914284, -29.423018919750927]]]}}, {"id": "200", "type": "Feature", "properties": {"id": 1068, "codigo": "0066", "Area_m2": "640350,"}, "geometry": {"type": "Polygon", "coordinates": [[[-51.97845039555781, -29.4298981563043], [-51.978251629173734, -29.429712934950253], [-51.978146746767514, -29.429700301215917], [-51.9780247507468, -29.429636591950334], [-51.97798948496939, -29.429744245422107], [-51.97798362766131, -29.43002812715548], [-51.978027798315246, -29.430080683822798], [-51.978467515906765, -29.43001151056153], [-51.97845039555781, -29.4298981563043]]]}}, {"id": "201", "type": "Feature", "properties": {"id": 1068, "codigo": "0066", "Area_m2": "640350,"}, "geometry": {"type": "Polygon", "coordinates": [[[-51.97092487472294, -29.425866996984283], [-51.97069737034936, -29.42431836389617], [-51.9714218657633, -29.42413564038993], [-51.97126839500646, -29.423063793980976], [-51.97124978744969, -29.423063929657104], [-51.97126764739269, -29.423058572614032], [-51.971261038950026, -29.42301241896439], [-51.97124009455098, -29.422989690844606], [-51.971180199114286, -29.422990127534664], [-51.971092115857694, -29.42301008981512], [-51.971051042883765, -29.423000729167587], [-51.97102728186078, -29.422988482282], [-51.9710520154194, -29.422937241639215], [-51.970999712152185, -29.422907262743568], [-51.97093994798727, -29.42292149843232], [-51.970926090278276, -29.422956099689262], [-51.970881943768, -29.422955041393585], [-51.97080590580179, -29.42291557534384], [-51.970716049580496, -29.42291485019973], [-51.970679626516976, -29.422897175458523], [-51.97057832721603, -29.42291540341222], [-51.97047516436918, -29.422907130305667], [-51.97051074571163, -29.422897949118674], [-51.970454463181504, -29.422898256395978], [-51.97045020184057, -29.422882035845067], [-51.97043376199737, -29.422889382482968], [-51.97043359045113, -29.422871334285926], [-51.97044961507758, -29.42287820351465], [-51.9704522216248, -29.422853292047357], [-51.97041549696767, -29.422803879296858], [-51.970377642111, -29.422801395028298], [-51.97036542605297, -29.42284288430433], [-51.970268495684486, -29.422854487455783], [-51.970275004371636, -29.42284541532403], [-51.9702596242792, -29.42282295478701], [-51.970195065932494, -29.422830325028762], [-51.97018222029319, -29.422805578484798], [-51.970166653983554, -29.42280260024426], [-51.97018569106622, -29.42281899166573], [-51.97015476797124, -29.422819216879844], [-51.97016431211935, -29.422802152184612], [-51.970071847472504, -29.422802242206217], [-51.970054351978725, -29.422785809514632], [-51.96993115982594, -29.42276048640013], [-51.969892793810075, -29.422778258566215], [-51.96990695456724, -29.422775897834182], [-51.969907040293464, -29.422784921934248], [-51.969793741354835, -29.42279477154657], [-51.96980540766299, -29.422792826662757], [-51.96977288239851, -29.422769279142372], [-51.96976264683663, -29.422776948468645], [-51.969771235630084, -29.422767861217686], [-51.96976166561898, -29.42275962110647], [-51.96975225342878, -29.422767999407494], [-51.96976084224973, -29.422758912156986], [-51.96971469702813, -29.422706861981197], [-51.96968614215078, -29.422687749715717], [-51.96963835457333, -29.422714680182263], [-51.9696382254102, -29.422701079820932], [-51.969605520433234, -29.422663496463997], [-51.96954868583103, -29.42265425007264], [-51.96953171459042, -29.42269301385631], [-51.96949086462588, -29.422707111233187], [-51.9694179929654, -29.42266900130468], [-51.96938499773844, -29.422680281455477], [-51.969328609824544, -29.42266278611234], [-51.96930449152993, -29.422638753154292], [-51.96928729341273, -29.422654062027643], [-51.969297835486095, -29.422631235417022], [-51.96921724019983, -29.422609741677082], [-51.969111720151076, -29.422619240548343], [-51.96911158042197, -29.422604519575533], [-51.969091019134694, -29.422610366422283], [-51.96909596679194, -29.422601305702766], [-51.96907031812183, -29.42260149229292], [-51.96900804659376, -29.422557114739348], [-51.969008129458395, -29.422565845782202], [-51.96898751410567, -29.42256599574236], [-51.96898742846149, -29.42255697163952], [-51.96900757123129, -29.422556825117073], [-51.96898171973226, -29.422541074673756], [-51.96879149699347, -29.422549371997974], [-51.968793553472096, -29.422540332315588], [-51.96877079601779, -29.422540497821107], [-51.96869579707167, -29.42250715392211], [-51.96868807776784, -29.422514025184167], [-51.96868818175981, -29.422504569298905], [-51.96859522310837, -29.42250567565185], [-51.96859513749906, -29.422496651547885], [-51.96864959106171, -29.422496255590282], [-51.96860762586146, -29.422487214902613], [-51.968568108821955, -29.422485801363596], [-51.96857452215781, -29.422496801443813], [-51.96854359914563, -29.422497026281714], [-51.968556669160265, -29.4224853921627], [-51.96848407110795, -29.422480077779472], [-51.96845074451047, -29.422488676648], [-51.968465936240534, -29.42247762836873], [-51.96844035124466, -29.422479727480795], [-51.96822397684494, -29.4223907772656], [-51.96817019702888, -29.422403454230377], [-51.968052069459624, -29.422374252985637], [-51.96799609475251, -29.42237465975574], [-51.96802526929554, -29.4223680486253], [-51.9679856367173, -29.4223588735025], [-51.96795477855952, -29.422365935252035], [-51.96798150956671, -29.422357918048302], [-51.96794310343805, -29.42234902685417], [-51.96793407769035, -29.42235706094235], [-51.967938679854875, -29.42234800277448], [-51.96769631729996, -29.42228659051631], [-51.967580722441184, -29.42224351612143], [-51.96757407766475, -29.422207684141956], [-51.967509114115664, -29.42217227574157], [-51.967449297543084, -29.422180990181353], [-51.96742720676398, -29.422171223697053], [-51.96742656737933, -29.422153384777356], [-51.967406505978204, -29.422162349303154], [-51.96740642047514, -29.422153325195563], [-51.967426398854954, -29.422153180107298], [-51.96737940407976, -29.422124365367146], [-51.9672977087322, -29.422136065156664], [-51.9673856341936, -29.4221354266906], [-51.967231190597005, -29.422154597632243], [-51.967231057765694, -29.422140575887823], [-51.96717956691242, -29.422145947726243], [-51.96719190826632, -29.422134962436647], [-51.96710724248183, -29.42212842335884], [-51.96712686889714, -29.422122537101753], [-51.96695995400506, -29.422041298131372], [-51.9668593464324, -29.42207607446135], [-51.96686414466712, -29.422059436404982], [-51.96683127463741, -29.422035608067944], [-51.96669060697932, -29.42198130292303], [-51.96669389910225, -29.42199583740675], [-51.96670387752093, -29.42198695547755], [-51.96671435602846, -29.422004928895237], [-51.96669598855417, -29.422005062185256], [-51.9672816909411, -29.424590895700394], [-51.96766817073441, -29.42584253689155], [-51.96897052124318, -29.425120116282987], [-51.96952129815289, -29.42558539409482], [-51.96975416005196, -29.426224454129535], [-51.97085428836015, -29.425918624458948], [-51.97092487472294, -29.425866996984283]], [[-51.96978334794248, -29.422785822487977], [-51.969773040246295, -29.422785897528946], [-51.96977295453192, -29.422776873428514], [-51.96978334794248, -29.422785822487977]], [[-51.96941132835035, -29.4226892583443], [-51.969401020662794, -29.422689333356256], [-51.96940093498163, -29.42268030925471], [-51.96941132835035, -29.4226892583443]], [[-51.96921488262749, -29.422627514720507], [-51.9691839595816, -29.422627739707934], [-51.969183873919825, -29.422618715605726], [-51.96921488262749, -29.422627514720507]], [[-51.96901852278164, -29.422574794903667], [-51.96900821510443, -29.422574869884972], [-51.969008129458395, -29.422565845782202], [-51.96901852278164, -29.422574794903667]], [[-51.96678685120556, -29.422040501698692], [-51.9667765435755, -29.422040576506102], [-51.96677645812854, -29.42203155239665], [-51.96678685120556, -29.422040501698692]], [[-51.96677645812854, -29.42203155239665], [-51.966766065053314, -29.42202260309374], [-51.9667763726816, -29.4220225282872], [-51.96677645812854, -29.42203155239665]], [[-51.96679724428443, -29.422049450999886], [-51.96679715883561, -29.422040426890483], [-51.96680746646562, -29.42204035208151], [-51.96679724428443, -29.422049450999886]], [[-51.96681794499689, -29.422058325490347], [-51.96681785954622, -29.42204930138104], [-51.96682816717705, -29.422049226570426], [-51.96681794499689, -29.422058325490347]], [[-51.96683864571288, -29.422067199977498], [-51.96683856026034, -29.42205817586825], [-51.966848867892004, -29.42205810105602], [-51.96683864571288, -29.422067199977498]], [[-51.96690049150776, -29.422066751091947], [-51.966921106772396, -29.422066601457054], [-51.966890354789676, -29.422084874126377], [-51.96690049150776, -29.422066751091947]], [[-51.966983208961516, -29.422093224859733], [-51.966972901326706, -29.422093299682455], [-51.96697281586222, -29.42208427557361], [-51.966983208961516, -29.422093224859733]], [[-51.96697281586222, -29.42208427557361], [-51.96696242276474, -29.422075326286606], [-51.966972730397764, -29.422075251464747], [-51.96697281586222, -29.42208427557361]], [[-51.96693149986544, -29.4220755507474], [-51.96693141440467, -29.422066526638417], [-51.96696233730123, -29.42206630217769], [-51.96693149986544, -29.4220755507474]], [[-51.96700373876377, -29.422084051103166], [-51.96700365329659, -29.422075026994374], [-51.96701396092944, -29.422074952169332], [-51.96700373876377, -29.422084051103166]], [[-51.96705553334771, -29.422110749295648], [-51.96705544787586, -29.422101725187034], [-51.96706575551126, -29.422101650357916], [-51.96705553334771, -29.422110749295648]], [[-51.96707623409402, -29.42211962374509], [-51.9670761486203, -29.42211059963655], [-51.96709676389274, -29.422110449974276], [-51.96707623409402, -29.42211962374509]], [[-51.96746860834612, -29.4221889724749], [-51.96746852283748, -29.4221799483675], [-51.96747883047952, -29.422179873506238], [-51.96746860834612, -29.4221889724749]], [[-51.96748930914247, -29.42219784685886], [-51.96748922363197, -29.422188822751522], [-51.967499531274846, -29.422188747888644], [-51.96748930914247, -29.42219784685886]], [[-51.967561719198976, -29.422224395123088], [-51.96756163368199, -29.422215371015987], [-51.96757194132732, -29.42221529614744], [-51.967561719198976, -29.422224395123088]], [[-51.96754101839121, -29.42221552075068], [-51.96754093287609, -29.422206496643515], [-51.96756154816503, -29.422206346908872], [-51.96754101839121, -29.42221552075068]], [[-51.96751000994236, -29.422206721239498], [-51.96750983891768, -29.422188673024973], [-51.967540847361, -29.422197472536343], [-51.96751000994236, -29.422206721239498]], [[-51.96774819769511, -29.42232231253863], [-51.96774836876284, -29.422340360751537], [-51.96772775344798, -29.422340510515696], [-51.96774819769511, -29.42232231253863]], [[-51.96771718919713, -29.422313513076976], [-51.96771710366609, -29.422304488970415], [-51.96772741131995, -29.422304414089623], [-51.96771718919713, -29.422313513076976]], [[-51.96770679601219, -29.422304563850396], [-51.96770671048211, -29.42229553974378], [-51.96771701813508, -29.42229546486383], [-51.96770679601219, -29.422304563850396]], [[-51.968915274732176, -29.422557496474756], [-51.96892558240791, -29.422557421500667], [-51.96892566804662, -29.42256644560367], [-51.968915274732176, -29.422557496474756]], [[-51.968915446007834, -29.422575544680765], [-51.968894830652616, -29.4225756946266], [-51.968894745016584, -29.422566670523548], [-51.968915446007834, -29.422575544680765]], [[-51.96885351430929, -29.42256697040558], [-51.96887395839472, -29.422548772259887], [-51.968894745016584, -29.422566670523548], [-51.96885351430929, -29.42256697040558]], [[-51.9688225056488, -29.422558171205456], [-51.96882242001924, -29.422549147102178], [-51.968853343044636, -29.422548922199198], [-51.9688225056488, -29.422558171205456]], [[-51.96894619775926, -29.422557271550147], [-51.96894611211876, -29.422548247447192], [-51.96898734281735, -29.422547947536675], [-51.96894619775926, -29.422557271550147]], [[-51.969225275974814, -29.422636463825192], [-51.96922519030937, -29.422627439723087], [-51.96924580567303, -29.42262728972588], [-51.969225275974814, -29.422636463825192]], [[-51.969256284691205, -29.42264526293008], [-51.9692561133548, -29.422627214726088], [-51.96928712207078, -29.422636013823816], [-51.969256284691205, -29.42264526293008]], [[-51.969421721720906, -29.422698207433037], [-51.96942163603787, -29.422689183331535], [-51.96943194372535, -29.422689108318], [-51.969421721720906, -29.422698207433037]], [[-51.96944242278252, -29.422707081506502], [-51.96944233709764, -29.422698057405082], [-51.96945264478595, -29.422697982389927], [-51.96944242278252, -29.422707081506502]], [[-51.96949396122825, -29.42270670642253], [-51.96953519198412, -29.422706406341007], [-51.969525055679675, -29.422724529564952], [-51.96949396122825, -29.42270670642253]], [[-51.969463123847675, -29.422715955576667], [-51.96946303816094, -29.4227069314753], [-51.96948365353919, -29.42270678144092], [-51.969463123847675, -29.422715955576667]], [[-51.96956602935482, -29.422697157170422], [-51.96956594365905, -29.422688133069293], [-51.96959686671973, -29.42268790799278], [-51.96956602935482, -29.422697157170422]], [[-51.969607345805414, -29.422705881167623], [-51.96960726010597, -29.42269685706666], [-51.9696278754813, -29.42269670701001], [-51.969607345805414, -29.422705881167623]], [[-51.96972107321613, -29.42274115221884], [-51.9697107655243, -29.422741227254875], [-51.96971067981556, -29.422732203154233], [-51.96972107321613, -29.42274115221884]], [[-51.96969006443358, -29.422732353223868], [-51.96968997872671, -29.422723329123144], [-51.969710594106886, -29.42272317905357], [-51.96971067981556, -29.422732203154233], [-51.96969006443358, -29.422732353223868]], [[-51.969669363346384, -29.422723479189543], [-51.96966927764138, -29.422714455088727], [-51.9696898930199, -29.422714305022417], [-51.969669363346384, -29.422723479189543]], [[-51.96998941612415, -29.42277529740145], [-51.97001020298368, -29.422793195484875], [-51.969968972198565, -29.42279349571422], [-51.96998941612415, -29.42277529740145]], [[-51.969917347989124, -29.422784846882916], [-51.969917262261994, -29.42277582278288], [-51.96994809961619, -29.42276657352423], [-51.969917347989124, -29.422784846882916]], [[-51.97002059641618, -29.422802144525296], [-51.970020510679866, -29.422793120425542], [-51.970030818376, -29.422793045365417], [-51.97002059641618, -29.422802144525296]], [[-51.97009309326586, -29.422837715485546], [-51.9700827855654, -29.42283779055059], [-51.97008269982348, -29.422828766451047], [-51.97009309326586, -29.422837715485546]], [[-51.97008269982348, -29.422828766451047], [-51.9700723063829, -29.422819817415732], [-51.970082614081576, -29.422819742351525], [-51.97008269982348, -29.422828766451047]], [[-51.97006199868417, -29.422819892479122], [-51.970061912944146, -29.422810868379518], [-51.97007222064196, -29.42281079331615], [-51.97006199868417, -29.422819892479122]], [[-51.97004129754843, -29.42281101850386], [-51.97004121181024, -29.422801994404182], [-51.970061827204155, -29.422801844279896], [-51.97004129754843, -29.42281101850386]], [[-51.97024779452464, -29.42284561351324], [-51.9702477087681, -29.422836589414167], [-51.97025801646793, -29.42283651433637], [-51.97024779452464, -29.42284561351324]], [[-51.970320034192, -29.422854112050537], [-51.970320119955005, -29.422863136149388], [-51.97028919684788, -29.422863361395017], [-51.970320034192, -29.422854112050537]], [[-51.970350957296034, -29.422853886797814], [-51.970351043061775, -29.422862910896594], [-51.970330513421246, -29.422872085164737], [-51.970350957296034, -29.422853886797814]], [[-51.97042328274832, -29.422871409377386], [-51.97042319697618, -29.422862385278833], [-51.970433504678084, -29.422862310187387], [-51.97042328274832, -29.422871409377386]], [[-51.97074350792177, -29.42294127395233], [-51.97072289250387, -29.42294142418277], [-51.97072280670501, -29.422932400085084], [-51.97074350792177, -29.42294127395233]], [[-51.97072280670501, -29.422932400085084], [-51.97071241319899, -29.42292345110136], [-51.97072272090618, -29.422923375987395], [-51.97072280670501, -29.422932400085084]], [[-51.97090860288989, -29.422958120188436], [-51.97090877452069, -29.42297616838272], [-51.970888159096766, -29.422976318638877], [-51.97090860288989, -29.422958120188436]], [[-51.97085715014972, -29.422967519919876], [-51.970857064338894, -29.422958495822577], [-51.97088798746961, -29.42295827044448], [-51.97085715014972, -29.422967519919876]], [[-51.97083644891822, -29.42295864607065], [-51.97083636310926, -29.422949621973327], [-51.970856978528104, -29.4229494717253], [-51.97083644891822, -29.42295864607065]], [[-51.97075390143229, -29.422950222933505], [-51.97075372982905, -29.422932174738357], [-51.970815576076085, -29.422931724023325], [-51.97075390143229, -29.422950222933505]], [[-51.97103281036671, -29.423011363165834], [-51.9710225026516, -29.42301143830399], [-51.97102241682601, -29.423002414207225], [-51.97103281036671, -29.423011363165834]], [[-51.97102241682601, -29.423002414207225], [-51.97101202328712, -29.422993465247732], [-51.97102233100047, -29.422993390110438], [-51.97102241682601, -29.423002414207225]], [[-51.97100171557375, -29.422993540384233], [-51.97100162975007, -29.422984516287393], [-51.97101193746253, -29.42298444115092], [-51.97100171557375, -29.422993540384233]], [[-51.97098101432503, -29.422984666557955], [-51.97098092850319, -29.422975642461044], [-51.971001543926405, -29.42297549219054], [-51.97098101432503, -29.422984666557955]], [[-51.97096031307982, -29.422975792728355], [-51.970960227259845, -29.42296676863137], [-51.97098084268139, -29.422966618364104], [-51.97096031307982, -29.422975792728355]], [[-51.970918996416266, -29.422967069156325], [-51.97091891059997, -29.42295804505923], [-51.97096014143991, -29.42295774453437], [-51.970918996416266, -29.422967069156325]], [[-51.97104320390923, -29.423020312123583], [-51.971043118081795, -29.423011288026878], [-51.97105342579683, -29.423011212887133], [-51.97104320390923, -29.423020312123583]], [[-51.971146281066964, -29.42301956068991], [-51.971167068174914, -29.423037458586318], [-51.97112583730533, -29.423037759175955], [-51.971146281066964, -29.42301956068991]], [[-51.97106390517042, -29.423029185939864], [-51.971063733511826, -29.423011137746574], [-51.97110496437143, -29.423010837176413], [-51.97106390517042, -29.423029185939864]], [[-51.97123939388498, -29.42305498071604], [-51.97123930804006, -29.423045956619916], [-51.971249615758005, -29.423045881464905], [-51.97123939388498, -29.42305498071604]], [[-51.97122900032209, -29.423046031774128], [-51.97122891447813, -29.423037007677962], [-51.971239222195194, -29.423036932523765], [-51.97122900032209, -29.423046031774128]], [[-51.971218606761035, -29.423037082831325], [-51.971218520918015, -29.423028058735117], [-51.9712288286342, -29.42302798358177], [-51.971218606761035, -29.423037082831325]], [[-51.97119790548551, -29.423028209039465], [-51.97119781964436, -29.42301918494318], [-51.97121843507503, -29.42301903463889], [-51.97119790548551, -29.423028209039465]]]}}, {"id": "202", "type": "Feature", "properties": {"id": 1068, "codigo": "0066", "Area_m2": "640350,"}, "geometry": {"type": "Polygon", "coordinates": [[[-51.96986195148468, -29.42277617043215], [-51.96982806017905, -29.42278905027425], [-51.96988499794757, -29.42277955821017], [-51.96986195148468, -29.42277617043215]]]}}, {"id": "203", "type": "Feature", "properties": {"id": 1068, "codigo": "0066", "Area_m2": "640350,"}, "geometry": {"type": "Polygon", "coordinates": [[[-51.97449878378899, -29.42633682248649], [-51.974522345489675, -29.42628424413029], [-51.97464048940118, -29.426195717080894], [-51.974854653469635, -29.425719336580755], [-51.97486813080301, -29.425601071953217], [-51.974986950881984, -29.425522665740434], [-51.97461877827228, -29.42499122625572], [-51.9744470057742, -29.42466459105851], [-51.9744796456789, -29.424597860429458], [-51.97481592371962, -29.424408137337547], [-51.975080899725825, -29.424133172147602], [-51.97511359303946, -29.423880518853917], [-51.975094663710394, -29.423751593822473], [-51.97499306473076, -29.423644945098957], [-51.97498703945576, -29.4236503089601], [-51.97498368211801, -29.423635096144988], [-51.97497664551097, -29.42364136032038], [-51.97496528466278, -29.423615784286532], [-51.97495594380226, -29.423632487123776], [-51.97494546368754, -29.423614514396114], [-51.97496394603193, -29.423614379122103], [-51.97484737388933, -29.423492013028962], [-51.97483654007126, -29.42351059631828], [-51.97437442764203, -29.423544781045276], [-51.974150711115584, -29.423540916625164], [-51.9740326546726, -29.423514958343265], [-51.97401681775513, -29.423522036041074], [-51.97402427085381, -29.423512956825668], [-51.97396510679224, -29.423504364707835], [-51.97378927243421, -29.42344247720347], [-51.973773680365866, -29.423405475027227], [-51.973757543135896, -29.423396526586437], [-51.9735550096513, -29.423373804024013], [-51.97353550079051, -29.423304638210045], [-51.9734822961594, -29.423259921495575], [-51.973437008438154, -29.423254751793117], [-51.973414495681446, -29.423265917618853], [-51.9734047580172, -29.423298992804217], [-51.9734212608102, -29.423316474382986], [-51.97340515656669, -29.4233407950059], [-51.97329450848614, -29.423306141961046], [-51.97329902715309, -29.423338977774698], [-51.97333478504393, -29.423346526965705], [-51.97330111615054, -29.423354157900004], [-51.973801879651276, -29.42699305785677], [-51.97407268975172, -29.426793516266013], [-51.97423334182685, -29.42659790126252], [-51.974237617963986, -29.42662628061322], [-51.97449878378899, -29.42633682248649]], [[-51.973345092785785, -29.423346451647863], [-51.97340693923609, -29.42334599972405], [-51.97339680356776, -29.42336412322655], [-51.973345092785785, -29.423346451647863]], [[-51.97341733301613, -29.42335494849055], [-51.97341724697767, -29.423345924400646], [-51.97345847794362, -29.42334562309897], [-51.97341733301613, -29.42335494849055]], [[-51.97346895777104, -29.423363595951063], [-51.973468871728, -29.423354571861335], [-51.97347917947026, -29.423354496533083], [-51.97346895777104, -29.423363595951063]], [[-51.97353114842386, -29.423399240327672], [-51.973520840677246, -29.42339931566002], [-51.9735207546295, -29.42339029157047], [-51.97353114842386, -29.423399240327672]], [[-51.973500139137975, -29.423390442232755], [-51.97350005309208, -29.423381418143126], [-51.973520668581784, -29.42338126748092], [-51.9735207546295, -29.42339029157047], [-51.973500139137975, -29.423390442232755]], [[-51.97348974534717, -29.42338149347305], [-51.97348965930223, -29.42337246938339], [-51.97349996704624, -29.42337239405352], [-51.97348974534717, -29.42338149347305]], [[-51.97354145617044, -29.423399164994517], [-51.97354137012088, -29.423390140905006], [-51.973551677866496, -29.423390065571088], [-51.97354145617044, -29.423399164994517]], [[-51.97358277320961, -29.42340788774328], [-51.973582687156345, -29.423398863653897], [-51.97367545687235, -29.423398185590923], [-51.97358277320961, -29.42340788774328]], [[-51.97375817704579, -29.423424655080677], [-51.97370646617449, -29.423406983644583], [-51.97373738941483, -29.423406757601978], [-51.97375817704579, -29.423424655080677]], [[-51.973768570863996, -29.423433603818715], [-51.97376848479423, -29.423424579729883], [-51.973778792542625, -29.423424504378307], [-51.973768570863996, -29.423433603818715]], [[-51.97403751936391, -29.423530909386216], [-51.97403743327005, -29.423521885298236], [-51.9740580487848, -29.423521734552228], [-51.97403751936391, -29.423530909386216]], [[-51.974903801777835, -29.423569695732702], [-51.97489349401821, -29.423569771171657], [-51.97489340784856, -29.423560747086043], [-51.974903801777835, -29.423569695732702]], [[-51.97489340784856, -29.423560747086043], [-51.974883013921115, -29.42355179843852], [-51.97489332167893, -29.423551723000397], [-51.97489340784856, -29.423560747086043]], [[-51.974862312238486, -29.423542925226613], [-51.9748621399049, -29.423524877055108], [-51.974882841583806, -29.423533750267147], [-51.974862312238486, -29.423542925226613]], [[-51.97485183214969, -29.423524952490748], [-51.97485174598387, -29.42351592840495], [-51.97486205373818, -29.42351585296935], [-51.97485183214969, -29.423524952490748]], [[-51.97484143822953, -29.42351600383977], [-51.974841352064665, -29.423506979753913], [-51.97485165981809, -29.423506904319147], [-51.97484143822953, -29.42351600383977]], [[-51.97493515592352, -29.423614589838394], [-51.974935069750025, -29.423605565752947], [-51.974945377513116, -29.423605490310685], [-51.97493515592352, -29.423614589838394]], [[-51.97492476198689, -29.423605641194424], [-51.97492467581434, -29.423596617108913], [-51.97493498357656, -29.423596541667493], [-51.97492476198689, -29.423605641194424]], [[-51.974914368052076, -29.423596692549566], [-51.97491428188048, -29.423587668464023], [-51.97492458964183, -29.42358759302342], [-51.974914368052076, -29.423596692549566]], [[-51.974903974119094, -29.42358774390384], [-51.97490388794843, -29.42357871981827], [-51.97491419570891, -29.42357864437849], [-51.974903974119094, -29.42358774390384]]]}}, {"id": "204", "type": "Feature", "properties": {"id": 1094, "codigo": "0093", "Area_m2": null}, "geometry": {"type": "Polygon", "coordinates": [[[-51.97307110348694, -29.428122412061107], [-51.97315175370535, -29.42807448298314], [-51.97320448610642, -29.42801022484197], [-51.97399698612966, -29.427926241810173], [-51.97422574747219, -29.42813213714391], [-51.97461758515587, -29.42916757653054], [-51.974237362504454, -29.42662479068459], [-51.97407394695328, -29.426802930587357], [-51.97379932432328, -29.427009064810907], [-51.973564037322525, -29.42539769680559], [-51.97341878042236, -29.425432818792522], [-51.97345928769866, -29.42559277173363], [-51.97331561585867, -29.425831389685204], [-51.97335846738656, -29.42612487037834], [-51.97315456579222, -29.426133795963832], [-51.973247695673365, -29.426773696550676], [-51.97283299724856, -29.426819950862726], [-51.97286470540395, -29.427023020755495], [-51.972669670416245, -29.427424048825362], [-51.9726812795527, -29.427505011942877], [-51.97262732822117, -29.427511112223403], [-51.97241983072978, -29.42793776550984], [-51.971865077615355, -29.428140358169884], [-51.97200710467066, -29.4281272011263], [-51.97202098161241, -29.428223196346508], [-51.97265254445586, -29.428558771542626], [-51.9730881663394, -29.428241405302693], [-51.97307110348694, -29.428122412061107]]]}}, {"id": "205", "type": "Feature", "properties": {"id": 1096, "codigo": "0095", "Area_m2": null}, "geometry": {"type": "Polygon", "coordinates": [[[-51.97281385129269, -29.426697333600448], [-51.97322945552702, -29.426648368159235], [-51.973154565796996, -29.42613379595586], [-51.97313243246654, -29.426135630556598], [-51.97280981094191, -29.426671457809498], [-51.97281385129269, -29.426697333600448]]]}}, {"id": "206", "type": "Feature", "properties": {"id": 1099, "codigo": "0098", "Area_m2": null}, "geometry": {"type": "Polygon", "coordinates": [[[-51.97091022372385, -29.425765903402187], [-51.97114093814397, -29.425708966334266], [-51.97093736200203, -29.424898225651486], [-51.971180459453656, -29.4244452174645], [-51.9717171685172, -29.424472612008433], [-51.97174296075743, -29.424389597796655], [-51.97183882451527, -29.424341565488632], [-51.97194540597126, -29.42436694518568], [-51.972000271469454, -29.42445086983318], [-51.971992471363535, -29.424475975244857], [-51.97223895433917, -29.424420113063395], [-51.972080823734856, -29.423317215002704], [-51.97128066156588, -29.423168433992046], [-51.9714218657633, -29.42413564038993], [-51.97069737034936, -29.42431836389617], [-51.97091022372385, -29.425765903402187]]]}}, {"id": "207", "type": "Feature", "properties": {"id": 1901, "codigo": "0106", "Area_m2": null}, "geometry": {"type": "Polygon", "coordinates": [[[-51.9735244452145, -29.4251265434852], [-51.97328879854083, -29.423512645234773], [-51.97288836599122, -29.423446120236004], [-51.97206369585375, -29.423197753682444], [-51.97223895432911, -29.424420113065665], [-51.97285917813898, -29.424279547353507], [-51.97321291350751, -29.424619902657202], [-51.97335088777985, -29.425164727999025], [-51.9735244452145, -29.4251265434852]]]}}, {"id": "208", "type": "Feature", "properties": {"id": 1942, "codigo": "0134", "Area_m2": "88028,85"}, "geometry": {"type": "Polygon", "coordinates": [[[-51.975725077191434, -29.428163996640674], [-51.97511519968381, -29.424047183505262], [-51.97512357329661, -29.423949000596316], [-51.97511359303946, -29.423880518853917], [-51.97508089971579, -29.42413317214409], [-51.97481592371273, -29.424408137330747], [-51.97447964567172, -29.424597860422995], [-51.974447005773, -29.424664591053922], [-51.97461877826326, -29.42499122626013], [-51.97479838216772, -29.425274336088595], [-51.97498695086724, -29.425522665737297], [-51.97486813080333, -29.425601071950425], [-51.97485465345952, -29.425719336578595], [-51.974640489392534, -29.426195717075455], [-51.974522345487976, -29.426284244131917], [-51.97449878377996, -29.426336822481954], [-51.97423761795369, -29.426626280612567], [-51.9746176441781, -29.42916773249805], [-51.97462762719725, -29.42919411283779], [-51.97491893232798, -29.429471746865577], [-51.97523957417466, -29.42850375564712], [-51.97563745605233, -29.42806765573865], [-51.975725077191434, -29.428163996640674]]]}}, {"id": "209", "type": "Feature", "properties": {"id": 1955, "codigo": "0154", "Area_m2": "46731,41"}, "geometry": {"type": "Polygon", "coordinates": [[[-51.976864095759375, -29.42869604667929], [-51.976701366798196, -29.427598782142535], [-51.976103081376955, -29.427120352848842], [-51.97629562592739, -29.42843110550013], [-51.97677645387879, -29.428591765561603], [-51.976864095759375, -29.42869604667929]]]}}, {"id": "210", "type": "Feature", "properties": {"id": 1955, "codigo": "0154", "Area_m2": "46731,41"}, "geometry": {"type": "Polygon", "coordinates": [[[-51.97557640585918, -29.423534771552465], [-51.975070175997395, -29.423582602015745], [-51.97512357329661, -29.423949000596316], [-51.97511519968381, -29.424047183505262], [-51.97572508109454, -29.42816400093218], [-51.97582498801826, -29.428273850259057], [-51.9762952167267, -29.42843096877304], [-51.97557640585918, -29.423534771552465]]]}}, {"id": "211", "type": "Feature", "properties": {"id": 2068, "codigo": "0074", "Area_m2": "164951,54"}, "geometry": {"type": "Polygon", "coordinates": [[[-51.94659731015486, -29.436718349071825], [-51.946425139624054, -29.437011342717337], [-51.94633743661838, -29.437118089443505], [-51.946255889420335, -29.437258357145723], [-51.94623747216564, -29.43738086935501], [-51.946762819668194, -29.43703905498303], [-51.946843283637975, -29.436821889213352], [-51.94679305225013, -29.436767364092752], [-51.94659731015486, -29.436718349071825]]]}}, {"id": "212", "type": "Feature", "properties": {"id": 2068, "codigo": "0074", "Area_m2": "164951,54"}, "geometry": {"type": "Polygon", "coordinates": [[[-51.946227898968, -29.43744455059384], [-51.94633363837783, -29.43778246968307], [-51.94623424649621, -29.437402326618592], [-51.946227898968, -29.43744455059384]]]}}, {"id": "213", "type": "Feature", "properties": {"id": 2068, "codigo": "0074", "Area_m2": "164951,54"}, "geometry": {"type": "Polygon", "coordinates": [[[-51.94637942432097, -29.437928791137228], [-51.946463522674804, -29.43817938827314], [-51.946450978625855, -29.43837048140933], [-51.94596166751611, -29.438974266719633], [-51.94580646084325, -29.439057240409088], [-51.9456366863387, -29.439087712909448], [-51.945505911773786, -29.43907801357736], [-51.945526444884294, -29.4392429864608], [-51.94572547818933, -29.439690673730457], [-51.94609921338565, -29.439967785701185], [-51.94663421902465, -29.43984666194835], [-51.9462547917958, -29.4389559099596], [-51.94645846853303, -29.438683720443017], [-51.94690361394872, -29.438879100050443], [-51.94698583780575, -29.43885144114895], [-51.94679842657816, -29.43865422959682], [-51.946868833529464, -29.43846420955413], [-51.94637942432097, -29.437928791137228]]]}}, {"id": "214", "type": "Feature", "properties": {"id": 2068, "codigo": "0074", "Area_m2": "164951,54"}, "geometry": {"type": "Polygon", "coordinates": [[[-51.947671780444416, -29.432770106029217], [-51.94746882238243, -29.43098783296049], [-51.947232719062875, -29.431016211496566], [-51.947003920439116, -29.4308012446455], [-51.94742394519287, -29.43059378083552], [-51.94728702053435, -29.429391489578485], [-51.94576092593023, -29.429609699808765], [-51.94619654859722, -29.431003444354644], [-51.94644734105218, -29.430814225668904], [-51.94675743543085, -29.43090226919641], [-51.94679589530651, -29.431714222826503], [-51.94641581029126, -29.431704956955695], [-51.94647372499798, -29.431890251047903], [-51.94681718236977, -29.431786269450953], [-51.947433436189264, -29.43264826235221], [-51.947671780444416, -29.432770106029217]]]}}, {"id": "215", "type": "Feature", "properties": {"id": 2127, "codigo": "0061", "Area_m2": "52052,35"}, "geometry": {"type": "Polygon", "coordinates": [[[-51.94575492110608, -29.429590487150136], [-51.945233602437455, -29.429663669171756], [-51.94569741089942, -29.431163886824915], [-51.94597640838328, -29.431169536440493], [-51.94619654859722, -29.431003444354644], [-51.94575492110608, -29.429590487150136]]]}}, {"id": "216", "type": "Feature", "properties": {"id": 2127, "codigo": "0061", "Area_m2": "52052,35"}, "geometry": {"type": "Polygon", "coordinates": [[[-51.94596919718416, -29.43204299666381], [-51.94647372499798, -29.431890251047903], [-51.94641581029126, -29.431704956955695], [-51.945860503298164, -29.43169141945053], [-51.94596919718416, -29.43204299666381]]]}}, {"id": "217", "type": "Feature", "properties": {"id": 2128, "codigo": "0099", "Area_m2": null}, "geometry": {"type": "Polygon", "coordinates": [[[-51.94844199344015, -29.432352399245215], [-51.94831893550077, -29.431955525134136], [-51.94759852365649, -29.432126698008606], [-51.947671780444416, -29.432770106029217], [-51.9482517688642, -29.433066601204363], [-51.948456519131845, -29.432911722640856], [-51.94830817129773, -29.432479591458527], [-51.94844199344015, -29.432352399245215]]]}}, {"id": "218", "type": "Feature", "properties": {"id": 2131, "codigo": "0103", "Area_m2": null}, "geometry": {"type": "Polygon", "coordinates": [[[-51.948460997122844, -29.43129716566988], [-51.94852985498778, -29.431905408761672], [-51.94845822205297, -29.431922429490385], [-51.948542063623044, -29.432192826788974], [-51.94863248994971, -29.4321713404739], [-51.94875781300153, -29.432052226282075], [-51.94897856295507, -29.431400872186536], [-51.949061593833235, -29.431361857994823], [-51.949044679380854, -29.431219590454003], [-51.94902869566915, -29.431203749326258], [-51.94902237067831, -29.431148253787182], [-51.94905451605723, -29.431100102539684], [-51.94911285330417, -29.431077687578938], [-51.94917509948821, -29.43108957070197], [-51.94921747904481, -29.431131213053774], [-51.949223804036215, -29.43118670849184], [-51.94919165871313, -29.43123485986866], [-51.94919907738988, -29.431297257812876], [-51.94936861202122, -29.43121759760988], [-51.94949868268818, -29.431194595899782], [-51.94947050651924, -29.43095761352534], [-51.94880894654752, -29.43070755973092], [-51.948460997122844, -29.43129716566988]]]}}, {"id": "219", "type": "Feature", "properties": {"id": 430, "codigo": "0060", "Area_m2": "367098,45"}, "geometry": {"type": "Polygon", "coordinates": [[[-51.96120868039889, -29.427945172226412], [-51.96123574172898, -29.428055046699054], [-51.96170003822301, -29.428096818821746], [-51.961952302020904, -29.42751741454478], [-51.96257855478775, -29.427592876429255], [-51.96254682286346, -29.427387122697468], [-51.96282797462068, -29.427418896207584], [-51.962802404481884, -29.427256245709817], [-51.9617987195526, -29.426534828080207], [-51.96134456828421, -29.42647493349859], [-51.96125403128149, -29.426346155030757], [-51.96093991818958, -29.426256880815682], [-51.960549011759106, -29.426112121052856], [-51.96041969435942, -29.426113053536362], [-51.9601959253759, -29.426169581756234], [-51.96048425609275, -29.427985413275643], [-51.96114160792607, -29.42791133033355], [-51.96116707161205, -29.427950206362013], [-51.96120868039889, -29.427945172226412]]]}}, {"id": "220", "type": "Feature", "properties": {"id": 430, "codigo": "0060", "Area_m2": "367098,45"}, "geometry": {"type": "Polygon", "coordinates": [[[-51.96363381272045, -29.427509962209225], [-51.96359687388785, -29.427283926326123], [-51.962963273597026, -29.427300702477858], [-51.96298695314395, -29.427436862465655], [-51.96363381272045, -29.427509962209225]]]}}, {"id": "221", "type": "Feature", "properties": {"id": 449, "codigo": "0079", "Area_m2": null}, "geometry": {"type": "Polygon", "coordinates": [[[-51.96363381269621, -29.42750996218827], [-51.962986953146576, -29.42743686244776], [-51.96282797462331, -29.42741889618968], [-51.96254682284301, -29.42738712269528], [-51.962578551880334, -29.42759287607893], [-51.96286088501325, -29.427626896511864], [-51.96282797464481, -29.42741889622852], [-51.96298695312561, -29.427436862481773], [-51.963018783952556, -29.42764592293721], [-51.96378937585557, -29.427738777324844], [-51.9643955995526, -29.427526820699004], [-51.96380564690115, -29.427278398538668], [-51.96359687386711, -29.427283926326673], [-51.96363381269621, -29.42750996218827]]]}}, {"id": "222", "type": "Feature", "properties": {"id": 1605, "codigo": "0012", "Area_m2": null}, "geometry": {"type": "Polygon", "coordinates": [[[-51.95655630635452, -29.424622747629186], [-51.95609536503668, -29.4249407279414], [-51.95613075778539, -29.425185220883467], [-51.955535654890156, -29.425029553288002], [-51.95545879865387, -29.425225334741352], [-51.95512694695682, -29.425304624700125], [-51.95505350367688, -29.425127217242224], [-51.954998510092324, -29.425146553739353], [-51.95495093494529, -29.425140139633527], [-51.95495085053276, -29.425131115496924], [-51.954970816200614, -29.42513315513874], [-51.95479642196989, -29.42505423854071], [-51.95472492710959, -29.425044332830254], [-51.95466659958016, -29.425054221980528], [-51.954550201280504, -29.425101464536628], [-51.954356481237525, -29.425209876042384], [-51.954329719982255, -29.425240375297058], [-51.95427245631379, -29.425248362451498], [-51.954111908133484, -29.4253177044767], [-51.95389778366959, -29.425442362340895], [-51.953845911178085, -29.425448416412703], [-51.95383208686474, -29.42547408737593], [-51.953774946892636, -29.425495333036512], [-51.953711705529514, -29.425558295101407], [-51.95353640945167, -29.425670361925842], [-51.95346943606513, -29.42568125959666], [-51.95342424867125, -29.42570810216107], [-51.95339858642078, -29.425740487569637], [-51.95334892151909, -29.42575126120292], [-51.953293119580884, -29.425799963257408], [-51.95322705978943, -29.42579285911188], [-51.95318622797009, -29.425844591533604], [-51.95355471408015, -29.42921840842628], [-51.95372141397117, -29.429255205565752], [-51.95377126951733, -29.42907435380432], [-51.954130375714634, -29.428891287058285], [-51.954677140749894, -29.428932492860074], [-51.95502044068361, -29.429263947018917], [-51.95559542969268, -29.429016155096292], [-51.95663632096525, -29.42898160891034], [-51.95675841418111, -29.428809261985737], [-51.95640480199725, -29.42847788639751], [-51.954882642013736, -29.427757803852632], [-51.954237963240764, -29.427166791174738], [-51.953827765020364, -29.426294329334866], [-51.95486348068459, -29.425709325289226], [-51.955792133197484, -29.425801937102168], [-51.95677579510807, -29.42626416155272], [-51.95682114040619, -29.42598385301742], [-51.95655630635452, -29.424622747629186]], [[-51.9533385650296, -29.425792445932178], [-51.95332825698004, -29.425792519707606], [-51.95332817270869, -29.425783495567625], [-51.9533385650296, -29.425792445932178]], [[-51.9533693206281, -29.425774176321365], [-51.95335901258048, -29.425774250099128], [-51.953358928306486, -29.42576522595917], [-51.9533693206281, -29.425774176321365]], [[-51.95363598107985, -29.425627871591], [-51.95363589678188, -29.425618847451602], [-51.95364620481297, -29.42561877365278], [-51.95363598107985, -29.425627871591]], [[-51.95364612051413, -29.425609749513377], [-51.95365642854427, -29.425609675713783], [-51.95365651284403, -29.425618699853146], [-51.95364612051413, -29.425609749513377]], [[-51.95391269580832, -29.42545442010503], [-51.95390238779461, -29.425454493924097], [-51.953902303473676, -29.425445469785178], [-51.95391269580832, -29.42545442010503]], [[-51.95393322751194, -29.42544524832564], [-51.95392291949922, -29.425445322146278], [-51.95392283517651, -29.425436298007376], [-51.95393322751194, -29.42544524832564]], [[-51.954220417922414, -29.425289770674226], [-51.95421010992625, -29.42528984451675], [-51.9542100255787, -29.425280820378376], [-51.954220417922414, -29.425289770674226]], [[-51.95442573417224, -29.42519805227809], [-51.95441542618596, -29.425198126136273], [-51.954415341820564, -29.425189101998345], [-51.95442573417224, -29.42519805227809]], [[-51.954579594543425, -29.425115727071553], [-51.95456928656593, -29.42511580094145], [-51.954569202187216, -29.42510677680383], [-51.954579594543425, -29.425115727071553]], [[-51.95460012611688, -29.425106555191785], [-51.95458981814036, -29.425106629063254], [-51.954589733759875, -29.425097604925657], [-51.95460012611688, -29.425106555191785]], [[-51.95467211317586, -29.42508798979434], [-51.954641189252484, -29.425088211422953], [-51.95464110486751, -29.425079187285462], [-51.95467211317586, -29.42508798979434]], [[-51.95479580886592, -29.42508710320806], [-51.954764884943934, -29.4250873248654], [-51.95476480054803, -29.425078300728245], [-51.95479580886592, -29.42508710320806]], [[-51.95469264473506, -29.425078817900562], [-51.95469256034558, -29.42506979376321], [-51.954744015813624, -29.425060400221266], [-51.95476480054803, -29.425078300728245], [-51.95469264473506, -29.425078817900562]], [[-51.95482681718898, -29.425095905680536], [-51.95480620123943, -29.425096053457732], [-51.95480611683985, -29.42508702932067], [-51.95482681718898, -29.425095905680536]], [[-51.95490953421194, -29.42512238695011], [-51.95489922623476, -29.42512246084555], [-51.95489914182687, -29.4251134367088], [-51.95490953421194, -29.42512238695011]], [[-51.954868217897825, -29.425113658390305], [-51.9548681334927, -29.42510463425344], [-51.95489905741901, -29.42510441257202], [-51.95489914182687, -29.4251134367088], [-51.954868217897825, -29.425113658390305]], [[-51.95483720956605, -29.42510485592769], [-51.95483704076138, -29.42508680765378], [-51.954868049087615, -29.42509561011659], [-51.95483720956605, -29.42510485592769]]]}}, {"id": "223", "type": "Feature", "properties": {"id": 1605, "codigo": "0012", "Area_m2": null}, "geometry": {"type": "Polygon", "coordinates": [[[-51.953768467293045, -29.431175508520077], [-51.953904565069536, -29.43120323706579], [-51.953763578950756, -29.431130751414344], [-51.953768467293045, -29.431175508520077]]]}}, {"id": "224", "type": "Feature", "properties": {"id": 1606, "codigo": "0013", "Area_m2": null}, "geometry": {"type": "Polygon", "coordinates": [[[-51.95894716158199, -29.421794422035678], [-51.9588562891068, -29.421673658995473], [-51.95889314093774, -29.42154683133991], [-51.958823618031495, -29.421228189774904], [-51.958653814206436, -29.421288890220627], [-51.958055448602636, -29.421384437591634], [-51.95771167216965, -29.421456991514567], [-51.957751426954985, -29.42147403803873], [-51.95768958135257, -29.42147448266895], [-51.95770847706862, -29.421457665839778], [-51.95753811367022, -29.421493620988795], [-51.9575763670085, -29.421493346019034], [-51.95753522122554, -29.42150266652309], [-51.9575351422775, -29.421494248100434], [-51.9574495759328, -29.42151230685426], [-51.95746323724196, -29.421521233408676], [-51.95744003390184, -29.421514320697355], [-51.957269994257864, -29.42157071340037], [-51.95718533906128, -29.421615123800485], [-51.957206477677126, -29.421622350780773], [-51.957171739439104, -29.42162260038371], [-51.95707719916153, -29.421695237250994], [-51.956996108854675, -29.421787696225202], [-51.95694213208301, -29.421881999794632], [-51.95691062259641, -29.421973743810653], [-51.9568960691307, -29.422106290519856], [-51.95692139866573, -29.42229915856064], [-51.95691620687135, -29.42242477821766], [-51.956881560778264, -29.422557252384777], [-51.95683501218117, -29.4226539218096], [-51.95672099137308, -29.422830295827158], [-51.956651335061274, -29.423026900399016], [-51.95658991675586, -29.423954623656414], [-51.95659101604758, -29.424027268538566], [-51.956871256510176, -29.42567405305394], [-51.95692195746136, -29.42536063777267], [-51.95746514965228, -29.42502281908466], [-51.957847136801256, -29.425083245987413], [-51.95796903182198, -29.425173415507693], [-51.958913290802705, -29.423219379028204], [-51.95899352250054, -29.423016297408395], [-51.95904290924537, -29.422831271599225], [-51.959070994660415, -29.422648905573165], [-51.9590729680508, -29.422329676668486], [-51.959035249924874, -29.422091334544298], [-51.95894716158199, -29.421794422035678]], [[-51.95731935380264, -29.42156739119997], [-51.95730904619161, -29.421567465273785], [-51.95730896158298, -29.421558441138558], [-51.95731935380264, -29.42156739119997]], [[-51.9573397998019, -29.42154919477967], [-51.95733988441322, -29.421558218914818], [-51.957329576803176, -29.421558292990195], [-51.9573397998019, -29.42154919477967]], [[-51.95739125323114, -29.421539800255896], [-51.95739116861534, -29.421530776120864], [-51.95740147622242, -29.421530702040783], [-51.95739125323114, -29.421539800255896]], [[-51.95742209143647, -29.42153055387822], [-51.957422006817964, -29.421521529743256], [-51.95744262203005, -29.421521381577563], [-51.95742209143647, -29.42153055387822]], [[-51.95747354484786, -29.421521159323053], [-51.95747346022485, -29.421512135188188], [-51.95749407543471, -29.421511987014586], [-51.95747354484786, -29.421521159323053]], [[-51.95749399080991, -29.421502962879767], [-51.95750429841388, -29.42150288879179], [-51.957504383039584, -29.421511912926572], [-51.95749399080991, -29.421502962879767]], [[-51.95760728981662, -29.421493123733647], [-51.957607205181894, -29.42148409959912], [-51.95761751278361, -29.421484025502423], [-51.95760728981662, -29.421493123733647]], [[-51.957679189111, -29.42146553263682], [-51.9576793583931, -29.421483580905548], [-51.95763812798692, -29.42148387730666], [-51.957679189111, -29.42146553263682]], [[-51.95784411070039, -29.421464346905644], [-51.95777195750625, -29.421464865688133], [-51.95779240340278, -29.421446669200385], [-51.95784411070039, -29.421464346905644]], [[-51.957864641240995, -29.42145517454099], [-51.95786455658364, -29.421446150407082], [-51.95788517177783, -29.421446002173262], [-51.957864641240995, -29.42145517454099]], [[-51.95788508711869, -29.4214369780394], [-51.957895394714825, -29.42143690392131], [-51.957895479374855, -29.42144592805515], [-51.95788508711869, -29.4214369780394]], [[-51.95794701735944, -29.421445557452643], [-51.95790578697186, -29.42144585393624], [-51.95792623284022, -29.421427657428517], [-51.95794701735944, -29.421445557452643]], [[-51.957998470673914, -29.42143616269662], [-51.9579675478866, -29.4214363850724], [-51.95798799374183, -29.42141818855546], [-51.957998470673914, -29.42143616269662]], [[-51.95807036981665, -29.42140857139171], [-51.95807028514128, -29.42139954725827], [-51.95808059273307, -29.421399473125955], [-51.95807036981665, -29.42140857139171]], [[-51.95811151550819, -29.421399250724182], [-51.95811143082922, -29.42139022659086], [-51.958142353601275, -29.421390004182012], [-51.95811151550819, -29.421399250724182]], [[-51.958276182889136, -29.421370992061544], [-51.95827635227611, -29.421389040327366], [-51.958162968782446, -29.421389855905442], [-51.958276182889136, -29.421370992061544]], [[-51.9582865751718, -29.421379942046222], [-51.95828649047741, -29.421370917913354], [-51.958307105653866, -29.42137076961459], [-51.9582865751718, -29.421379942046222]], [[-51.958317413242035, -29.42137069546399], [-51.958317328544965, -29.421361671331173], [-51.95833794371934, -29.42136152302767], [-51.958317413242035, -29.42137069546399]], [[-51.95833785902051, -29.42135249889486], [-51.958348166606726, -29.421352424741965], [-51.95834825130649, -29.421361448874713], [-51.95833785902051, -29.42135249889486]], [[-51.95847194234915, -29.421360558977145], [-51.9583585588936, -29.42136137472097], [-51.95837900466272, -29.421343178145726], [-51.95847194234915, -29.421360558977145]], [[-51.958492472809866, -29.42135138651734], [-51.95849238809738, -29.421342362384948], [-51.95851300326683, -29.421342214054455], [-51.958492472809866, -29.42135138651734]], [[-51.95851291855257, -29.421333189922102], [-51.958533533720036, -29.42133304158846], [-51.958533618436114, -29.421342065720772], [-51.95851291855257, -29.421333189922102]], [[-51.95854392602069, -29.421341991552705], [-51.9585438413037, -29.42133296742045], [-51.958564456470924, -29.421332819082036], [-51.95854392602069, -29.421341991552705]], [[-51.95856437175216, -29.421323794949807], [-51.9585746793348, -29.42132372077943], [-51.95857476405448, -29.421332744911627], [-51.95856437175216, -29.421323794949807]], [[-51.95860560208252, -29.42132349826351], [-51.958605517360134, -29.421314474131385], [-51.95861582494172, -29.421314399957826], [-51.95860560208252, -29.42132349826351]], [[-51.9586263019717, -29.421332374047633], [-51.95862621724746, -29.42132334991556], [-51.95863652482987, -29.421323275740406], [-51.9586263019717, -29.421332374047633]], [[-51.95872929306986, -29.421322608128033], [-51.958729377803195, -29.421331632259836], [-51.9586470018644, -29.421341249828433], [-51.95872929306986, -29.421322608128033]], [[-51.95876021581583, -29.421322385576232], [-51.95876013107979, -29.421313361444515], [-51.9587704386608, -29.421313287259032], [-51.95876021581583, -29.421322385576232]], [[-51.95880136140357, -29.42131306469772], [-51.95880127666393, -29.42130404056611], [-51.95882189182376, -29.421303892187986], [-51.95880136140357, -29.42131306469772]]]}}, {"id": "225", "type": "Feature", "properties": {"id": 532, "codigo": "0165", "Area_m2": null}, "geometry": {"type": "Polygon", "coordinates": [[[-51.961167203054465, -29.42795040703835], [-51.96122382091087, -29.42803684689622], [-51.9612087207434, -29.42794541695666], [-51.961167203054465, -29.42795040703835]]]}}, {"id": "226", "type": "Feature", "properties": {"id": 547, "codigo": "0180", "Area_m2": null}, "geometry": {"type": "Polygon", "coordinates": [[[-51.960195925385605, -29.426169581753182], [-51.95967488215069, -29.426264664086045], [-51.9597461453207, -29.426712900558655], [-51.95990372579744, -29.426728992528023], [-51.9600730690929, -29.42719705812138], [-51.95993214911067, -29.42755906306139], [-51.960029421112715, -29.428036672756157], [-51.96048425611892, -29.427985413272687], [-51.960195925385605, -29.426169581753182]]]}}, {"id": "227", "type": "Feature", "properties": {"id": 550, "codigo": "0183", "Area_m2": null}, "geometry": {"type": "Polygon", "coordinates": [[[-51.95958718820266, -29.426629577272728], [-51.95953460445664, -29.426298827302457], [-51.95938461665243, -29.426335355126664], [-51.9592217157115, -29.42639096574759], [-51.95936448058917, -29.426389937646043], [-51.95958718820266, -29.426629577272728]]]}}, {"id": "228", "type": "Feature", "properties": {"id": 431, "codigo": "0061", "Area_m2": null}, "geometry": {"type": "Polygon", "coordinates": [[[-51.96593086330783, -29.42188607684828], [-51.96544967376322, -29.421827235175606], [-51.96529498866, -29.42176244520097], [-51.96523823224758, -29.421790014601044], [-51.965226631248576, -29.4217730404312], [-51.96521753172021, -29.421781139860315], [-51.965225212992884, -29.421772059471817], [-51.96519244208609, -29.421749392946186], [-51.96515961939279, -29.421703646409235], [-51.965113977984316, -29.42169094816892], [-51.96509307096087, -29.421701829321414], [-51.96504299490476, -29.421683031961752], [-51.965014751812255, -29.421658711490597], [-51.964903408399046, -29.42164112427393], [-51.96474338499136, -29.421567175479186], [-51.964685597300296, -29.421566061120068], [-51.964642849961514, -29.421581698823474], [-51.96428190120133, -29.421459387845935], [-51.96418271056782, -29.421437319569186], [-51.96417322485534, -29.421445762613633], [-51.96418121335756, -29.42143668006018], [-51.96414666314955, -29.421414382265123], [-51.96396871402262, -29.421388845852817], [-51.963613033283636, -29.42126802767587], [-51.963591692242424, -29.421232927369985], [-51.9635229522476, -29.42118437459932], [-51.96353363823412, -29.42125184611066], [-51.96355289659154, -29.42125170681422], [-51.963534890408766, -29.421259752363987], [-51.963553514018, -29.421377342168157], [-51.96264047776823, -29.42110044758071], [-51.963084529802664, -29.423990754005573], [-51.96315543008774, -29.423982405201798], [-51.963223727328234, -29.42443351090651], [-51.963562429669835, -29.424446393321926], [-51.96378519913196, -29.424020619346145], [-51.964021427318244, -29.423928662651253], [-51.965046593777785, -29.424417599638854], [-51.965244763128226, -29.425751823487566], [-51.96548278613717, -29.425849370430864], [-51.96649123368626, -29.424569570741436], [-51.96639839261036, -29.42394562526201], [-51.96594067943669, -29.421929318614136], [-51.96593020793983, -29.42192939454652], [-51.96594011636472, -29.421926838183524], [-51.96593086330783, -29.42188607684828]], [[-51.96525893277849, -29.421798889338454], [-51.965248625168144, -29.42179896402709], [-51.96524853985704, -29.42178993991322], [-51.96525893277849, -29.421798889338454]], [[-51.96359438232149, -29.421278480941634], [-51.96358407475862, -29.42127855550029], [-51.96358398959645, -29.42126953138131], [-51.96359438232149, -29.421278480941634]], [[-51.96355306691032, -29.421269755052393], [-51.96357351171202, -29.421251557701073], [-51.96358398959645, -29.42126953138131], [-51.96355306691032, -29.421269755052393]], [[-51.96360477504836, -29.421287430501106], [-51.96360468988433, -29.4212784063822], [-51.96361499744712, -29.421278331821963], [-51.96360477504836, -29.421287430501106]], [[-51.96362547534164, -29.421296305498625], [-51.963625390175736, -29.421287281379783], [-51.96363569773936, -29.421287206817922], [-51.96362547534164, -29.421296305498625]], [[-51.96364617563843, -29.421305180492823], [-51.963646090470675, -29.42129615637405], [-51.96365639803513, -29.421296081810564], [-51.96364617563843, -29.421305180492823]], [[-51.96379099263396, -29.421358281241226], [-51.963780685063625, -29.421358355815272], [-51.96378059988379, -29.42134933169693], [-51.96379099263396, -29.421358281241226]], [[-51.96375998474483, -29.421349480842572], [-51.96375989956687, -29.421340456724135], [-51.963780514704005, -29.421340307578543], [-51.96378059988379, -29.42134933169693], [-51.96375998474483, -29.421349480842572]], [[-51.96373928442958, -29.421340605866522], [-51.96373919925347, -29.421331581748053], [-51.963759814388936, -29.42133143260571], [-51.96373928442958, -29.421340605866522]], [[-51.96370827654997, -29.421331805455573], [-51.96370819137664, -29.42132278133698], [-51.96373911407739, -29.42132255762954], [-51.96370827654997, -29.421331805455573]], [[-51.96368757624261, -29.421322930471298], [-51.96368749107112, -29.421313906352665], [-51.963708106203335, -29.421313757218403], [-51.96368757624261, -29.421322930471298]], [[-51.96366687593875, -29.42131405548371], [-51.96366679076913, -29.421305031365023], [-51.963687405899684, -29.421304882234], [-51.96366687593875, -29.42131405548371]], [[-51.9638737087595, -29.42138475697443], [-51.96387362357137, -29.42137573285638], [-51.96388393114316, -29.421375658275096], [-51.9638737087595, -29.42138475697443]], [[-51.96389440909489, -29.421393631929035], [-51.963894323904896, -29.421384607811053], [-51.96391493905012, -29.421384458644443], [-51.96389440909489, -29.421393631929035]], [[-51.96392541700819, -29.421402432295793], [-51.96392533181542, -29.421393408177885], [-51.96393563938885, -29.42139333359258], [-51.96392541700819, -29.421402432295793]], [[-51.96416291727735, -29.421445837217444], [-51.96415260969931, -29.421445911820477], [-51.964152524486295, -29.42143688770322], [-51.96416291727735, -29.421445837217444]], [[-51.964111294177414, -29.421437186107216], [-51.96411120896807, -29.421428161989855], [-51.964142046485065, -29.421418914070856], [-51.964152524486295, -29.42143688770322], [-51.964111294177414, -29.421437186107216]], [[-51.96401844077899, -29.42142883335194], [-51.964018355577906, -29.42141980923431], [-51.96409042340034, -29.421410262952133], [-51.96401844077899, -29.42142883335194]], [[-51.96397712527427, -29.421420107596607], [-51.96397704007686, -29.42141108347886], [-51.96399757002774, -29.42140191018166], [-51.96397712527427, -29.421420107596607]], [[-51.96394611735147, -29.421411307242145], [-51.963945946962234, -29.42139325900645], [-51.9639769548795, -29.421402059361114], [-51.96394611735147, -29.421411307242145]], [[-51.9641939252279, -29.42145463752075], [-51.96419384001122, -29.421445613403613], [-51.96420414758911, -29.42144553879741], [-51.9641939252279, -29.42145463752075]], [[-51.96422493318362, -29.421463437816694], [-51.96422484796416, -29.421454413699653], [-51.96423515554284, -29.421454339091028], [-51.96422493318362, -29.421463437816694]], [[-51.96433865747522, -29.4214987135444], [-51.96430773472659, -29.421498937392233], [-51.96430764949968, -29.42148991327545], [-51.96433865747522, -29.4214987135444]], [[-51.964287034335555, -29.421490062503295], [-51.964286949110516, -29.42148103838647], [-51.96430756427282, -29.421480889158705], [-51.96430764949968, -29.42148991327545], [-51.964287034335555, -29.421490062503295]], [[-51.964266333948046, -29.42148118761107], [-51.96426624872487, -29.42147216349419], [-51.96428686388551, -29.421472014269636], [-51.964266333948046, -29.42148118761107]], [[-51.964245633564076, -29.42147231271553], [-51.96424554834275, -29.421463288598574], [-51.964266163501726, -29.42146313937728], [-51.964245633564076, -29.42147231271553]], [[-51.96439036585731, -29.421516388681802], [-51.96436975068834, -29.421516537922574], [-51.964369665455905, -29.421507513806002], [-51.96439036585731, -29.421516388681802]], [[-51.9643490502886, -29.421507663043524], [-51.964348965058015, -29.42149863892688], [-51.9643695802235, -29.421498489689416], [-51.964369665455905, -29.421507513806002], [-51.9643490502886, -29.421507663043524]], [[-51.96444215949574, -29.421543087915], [-51.96444207425681, -29.42153406379868], [-51.96445238184287, -29.421533989173078], [-51.96444215949574, -29.421543087915]], [[-51.964462859910434, -29.421551962779223], [-51.96446277466964, -29.421542938662935], [-51.96448338984337, -29.42154278940766], [-51.964462859910434, -29.421551962779223]], [[-51.96449386791726, -29.421560763011183], [-51.9644937826737, -29.421551738895023], [-51.96451439784903, -29.421551589634912], [-51.96449386791726, -29.421560763011183]], [[-51.964669267436264, -29.421577542429528], [-51.9646797455462, -29.421595516017515], [-51.96461789999616, -29.421595963865638], [-51.964669267436264, -29.421577542429528]], [[-51.96458689196871, -29.42158716366306], [-51.96458680671683, -29.421578139547155], [-51.96461772948691, -29.421577915634025], [-51.96458689196871, -29.42158716366306]], [[-51.96455588394641, -29.421578363453143], [-51.96455579869731, -29.421569339337143], [-51.964586721465004, -29.42156911543125], [-51.96455588394641, -29.421578363453143]], [[-51.96452487592926, -29.42156956323583], [-51.964524705436645, -29.421551515003653], [-51.964555713448235, -29.42156031522112], [-51.96452487592926, -29.42156956323583]], [[-51.96470044599119, -29.421604390843992], [-51.964700360729225, -29.421595366728425], [-51.96475189868614, -29.421594993491755], [-51.96470044599119, -29.421604390843992]], [[-51.964762376812295, -29.421612967072818], [-51.96476229154482, -29.421603942957407], [-51.964772599136964, -29.421603868306878], [-51.964762376812295, -29.421612967072818]], [[-51.9648037777266, -29.421630716696246], [-51.96479347013184, -29.42163079134928], [-51.96479338486156, -29.42162176723399], [-51.9648037777266, -29.421630716696246]], [[-51.96479338486156, -29.42162176723399], [-51.964782991998355, -29.42161281777087], [-51.96479329959132, -29.42161274311869], [-51.96479338486156, -29.42162176723399]], [[-51.96481417059345, -29.42163966615763], [-51.96481408532131, -29.421630642042427], [-51.964824392915986, -29.421630567387798], [-51.96481417059345, -29.42163966615763]], [[-51.964896801916005, -29.421657117128106], [-51.96486587912449, -29.421657341106567], [-51.96486579384771, -29.421648316991515], [-51.964896801916005, -29.421657117128106]], [[-51.96483487105858, -29.4216485409627], [-51.964834700510615, -29.4216304927324], [-51.96486570857099, -29.421639292876428], [-51.96486579384771, -29.421648316991515], [-51.96483487105858, -29.4216485409627]], [[-51.96497951855226, -29.421683592161315], [-51.96496921095272, -29.421683666828073], [-51.96496912566671, -29.421674642713317], [-51.96497951855226, -29.421683592161315]], [[-51.964938202870556, -29.42167486670869], [-51.96493811758733, -29.421665842593853], [-51.96496904038076, -29.421665618598567], [-51.96496912566671, -29.421674642713317], [-51.964938202870556, -29.42167486670869]], [[-51.96490719479354, -29.421666066581952], [-51.96490702423268, -29.421648018352073], [-51.96493803230414, -29.42165681847899], [-51.96490719479354, -29.421666066581952]], [[-51.96500021904002, -29.421692466940083], [-51.96500013375125, -29.42168344282545], [-51.9650104413507, -29.421683368156305], [-51.96500021904002, -29.421692466940083]], [[-51.965020919531305, -29.421701341715547], [-51.965020834240676, -29.421692317600975], [-51.96503114184095, -29.421692242930206], [-51.965020919531305, -29.421701341715547]], [[-51.96505192762813, -29.4217101418153], [-51.96505184233473, -29.421701117700813], [-51.9650621499358, -29.42170104302762], [-51.96505192762813, -29.4217101418153]], [[-51.965072628127295, -29.421719016582514], [-51.96507254283203, -29.421709992468106], [-51.96508285043393, -29.421709917793294], [-51.965072628127295, -29.421719016582514]], [[-51.96519674588994, -29.421763241002264], [-51.965186438283, -29.421763315685993], [-51.965186352977526, -29.421754291571933], [-51.96519674588994, -29.421763241002264]], [[-51.965186352977526, -29.421754291571933], [-51.96517596006696, -29.42174534214076], [-51.9651862676721, -29.42174526745787], [-51.965186352977526, -29.421754291571933]], [[-51.96516565246176, -29.421745416822837], [-51.965165567158195, -29.4217363927087], [-51.96517587476247, -29.421736318026635], [-51.96516565246176, -29.421745416822837]], [[-51.96513464434511, -29.421736616750074], [-51.96513455904432, -29.421727592635843], [-51.96516548185466, -29.42172736859454], [-51.96513464434511, -29.421736616750074]], [[-51.96509332863, -29.42172789134643], [-51.96509315803579, -29.421709843117686], [-51.965134473743554, -29.421718568521595], [-51.96509332863, -29.42172789134643]], [[-51.96526932570173, -29.421807838762806], [-51.965269240388785, -29.421798814649037], [-51.965279547999046, -29.421798739958806], [-51.96526932570173, -29.421807838762806]], [[-51.965372401811734, -29.421807091824437], [-51.965393187681144, -29.421824990654052], [-51.96532103439234, -29.42182551353083], [-51.965372401811734, -29.421807091824437]], [[-51.965290026238854, -29.421816713495232], [-51.96528985560928, -29.421798665267794], [-51.96532086375722, -29.421807465303587], [-51.965290026238854, -29.421816713495232]], [[-51.96545520401468, -29.421842590669353], [-51.96543458878633, -29.421842740076368], [-51.96543450345866, -29.421833715963093], [-51.96545520401468, -29.421842590669353]], [[-51.96540358061857, -29.421833940067565], [-51.96540340996879, -29.421815891840797], [-51.96543441813102, -29.421824691849775], [-51.96543450345866, -29.421833715963093], [-51.96540358061857, -29.421833940067565]], [[-51.96547590457424, -29.4218514653723], [-51.96547581924288, -29.421842441259127], [-51.965506742084884, -29.421842217137833], [-51.96547590457424, -29.4218514653723]], [[-51.965517220368845, -29.421860190655238], [-51.965517135033814, -29.421851166542176], [-51.9655274426486, -29.421851091832657], [-51.965517220368845, -29.421860190655238]], [[-51.965537835600216, -29.421860041235334], [-51.96553775026336, -29.42185101712235], [-51.96558928833655, -29.421850643558784], [-51.965537835600216, -29.421860041235334]], [[-51.96559976663577, -29.421868617069315], [-51.9655996812934, -29.42185959295652], [-51.9656099889088, -29.4218595182406], [-51.96559976663577, -29.421868617069315]], [[-51.96566152698518, -29.42185914464899], [-51.965682312914794, -29.421877043431937], [-51.96562046721255, -29.421877491749356], [-51.96566152698518, -29.42185914464899]], [[-51.96574407326049, -29.421867570973397], [-51.965764859205954, -29.421885469743074], [-51.96569270588233, -29.421885992822133], [-51.96574407326049, -29.421867570973397]], [[-51.965899199706236, -29.42192059465478], [-51.96589911433724, -29.42191157054282], [-51.96593003719632, -29.4219113463228], [-51.965899199706236, -29.42192059465478]], [[-51.96585788385793, -29.42191186949172], [-51.965857798492614, -29.421902845379638], [-51.96587832836342, -29.421893671794827], [-51.96585788385793, -29.42191186949172]], [[-51.96582687563544, -29.421903069582847], [-51.9658267902729, -29.421894045470708], [-51.96585771312733, -29.421893821267577], [-51.96582687563544, -29.421903069582847]], [[-51.96577525218142, -29.421894419126623], [-51.96577508146553, -29.421876370902], [-51.96580600431508, -29.421876146711], [-51.96577525218142, -29.421894419126623]]]}}, {"id": "230", "type": "Feature", "properties": {"id": 431, "codigo": "0061", "Area_m2": null}, "geometry": {"type": "Polygon", "coordinates": [[[-51.962330232024605, -29.420954030683514], [-51.96205326066227, -29.420954841384916], [-51.962046246172335, -29.420910631293598], [-51.96194160107145, -29.420911386993016], [-51.962044056247976, -29.42089682889925], [-51.96204063839222, -29.420875287245284], [-51.96198440567918, -29.42086788124571], [-51.961537743509105, -29.420864996221933], [-51.96083404560377, -29.420895385469983], [-51.960838992837964, -29.420926265351692], [-51.96113778343966, -29.420935238385237], [-51.96084077362107, -29.42093738072854], [-51.96086103405017, -29.421063843238745], [-51.96059097730625, -29.42107745298006], [-51.96033875789418, -29.42107510645014], [-51.96036891717793, -29.4209615927903], [-51.960354665244864, -29.42096796044934], [-51.96035458036915, -29.420958936321373], [-51.96036965183906, -29.420958827669114], [-51.96039048564421, -29.42088041329125], [-51.960360167135185, -29.420846433243106], [-51.96016501508114, -29.420902923191385], [-51.96013538650868, -29.420940981717067], [-51.960015959057635, -29.420953872946402], [-51.95995687884998, -29.420925422684956], [-51.95975492837098, -29.420948621830274], [-51.959673732019674, -29.420977039089593], [-51.959621926421335, -29.421014377081274], [-51.95942735442245, -29.421070892915406], [-51.95937319974042, -29.421095383503484], [-51.959401980395214, -29.42127361439961], [-51.95898623854057, -29.421375978517883], [-51.959166040005876, -29.42209083464222], [-51.95920418029699, -29.42230046598696], [-51.959217897764184, -29.422545809351675], [-51.959175867678155, -29.422878958904], [-51.95909222447277, -29.423158430094134], [-51.95902425308712, -29.42330934290675], [-51.95861590671045, -29.424134457846932], [-51.958109251646114, -29.425221135477848], [-51.958112507121676, -29.425241895038976], [-51.958081690622286, -29.425233563048476], [-51.95807359943126, -29.42525076740536], [-51.95858417095802, -29.425628452969303], [-51.9590330425743, -29.426325531789328], [-51.95925759641341, -29.42622829911058], [-51.959571061058824, -29.426157102157873], [-51.959954851734494, -29.42608323371334], [-51.96046007438926, -29.426006135517753], [-51.96061646248029, -29.4260115080161], [-51.96069169261306, -29.42603213223962], [-51.96102148699615, -29.426171665976486], [-51.961157094760644, -29.426208273984802], [-51.961041555697, -29.4260439329624], [-51.96110496134442, -29.42511392800475], [-51.96194434668513, -29.424485162375053], [-51.962698013998796, -29.424606063859454], [-51.96288342150011, -29.424479058374096], [-51.96232531240366, -29.420921669099624], [-51.962330232024605, -29.420954030683514]], [[-51.959296125240606, -29.42130950274114], [-51.95929604045726, -29.42130047861083], [-51.959306348035334, -29.421300404383885], [-51.959296125240606, -29.42130950274114]], [[-51.95944980615644, -29.421209123823317], [-51.95944972135984, -29.42120009969326], [-51.95946002892733, -29.42120002545466], [-51.95944980615644, -29.421209123823317]], [[-51.959470336494775, -29.421199951215275], [-51.9594702516964, -29.421190927085274], [-51.9594805592629, -29.421190852845104], [-51.959470336494775, -29.421199951215275]], [[-51.95979856691654, -29.42102611667804], [-51.959798736570214, -29.421044164936728], [-51.95971627616331, -29.421044759029986], [-51.95979856691654, -29.42102611667804]], [[-51.959808959293134, -29.421035066542178], [-51.95980887446541, -29.42102604241285], [-51.959819182014236, -29.421025968146854], [-51.959808959293134, -29.421035066542178]], [[-51.95982948956304, -29.421025893880095], [-51.959829404733526, -29.421016869750794], [-51.959839712281365, -29.421016795483236], [-51.95982948956304, -29.421025893880095]], [[-51.959850019829176, -29.421016721214894], [-51.959849934997884, -29.42100769708564], [-51.95986024254472, -29.42100762281654], [-51.959850019829176, -29.421016721214894]], [[-51.96010762365757, -29.42100584011845], [-51.95988085763832, -29.421007474275893], [-51.95990130306018, -29.42098927747383], [-51.96010762365757, -29.42100584011845]], [[-51.96021061425154, -29.420996073063723], [-51.960128153893464, -29.420996667411007], [-51.96014859926802, -29.42097847057201], [-51.96021061425154, -29.420996073063723]], [[-51.960251674696245, -29.42097772761452], [-51.96025158982961, -29.4209687034863], [-51.960323742620695, -29.4209681833688], [-51.960251674696245, -29.42097772761452]], [[-51.96038912798332, -29.424631755377952], [-51.96033640001467, -29.42450578923776], [-51.96041886320164, -29.424505194697335], [-51.96038912798332, -29.424631755377952]], [[-51.96125108137473, -29.42092539616121], [-51.96115831356426, -29.420926065521353], [-51.96117875873675, -29.420907868528534], [-51.96125108137473, -29.42092539616121]], [[-51.96157052993704, -29.420914065968226], [-51.96127161148668, -29.420916223280148], [-51.96129205663652, -29.420898026270425], [-51.96157052993704, -29.420914065968226]], [[-51.961931208525776, -29.420902437299095], [-51.96159106001658, -29.42090489303862], [-51.96161150510582, -29.42088669598117], [-51.961931208525776, -29.420902437299095]]]}}, {"id": "231", "type": "Feature", "properties": {"id": 534, "codigo": "0167", "Area_m2": null}, "geometry": {"type": "Polygon", "coordinates": [[[-51.963076001167025, -29.424427892197876], [-51.9630074484139, -29.423990874030068], [-51.962809941610395, -29.424018312827087], [-51.96288342149073, -29.42447905838051], [-51.962964317049995, -29.424423644334734], [-51.963076001167025, -29.424427892197876]]]}}, {"id": "232", "type": "Feature", "properties": {"id": 535, "codigo": "0168", "Area_m2": null}, "geometry": {"type": "Polygon", "coordinates": [[[-51.96233230663056, -29.42092008446594], [-51.96278671389131, -29.423893654957357], [-51.96298849099321, -29.42387002128957], [-51.96285666262686, -29.423029612908447], [-51.96298777509744, -29.423014255882663], [-51.9626322284375, -29.42098050689261], [-51.96246043002096, -29.4209185578214], [-51.96232963011892, -29.42090256956382], [-51.96233211917546, -29.420918857777647], [-51.96234367979501, -29.420917507726614], [-51.96233230663056, -29.42092008446594]], [[-51.962426480270246, -29.420953008499552], [-51.96241617273668, -29.420953082967102], [-51.96241608767884, -29.42094405884457], [-51.962426480270246, -29.420953008499552]], [[-51.96236455001499, -29.420944431170184], [-51.962364464961745, -29.420935407047494], [-51.9624056100324, -29.420926085066142], [-51.96241608767884, -29.42094405884457], [-51.96236455001499, -29.420944431170184]], [[-51.962436787803775, -29.420952934031234], [-51.962436702744114, -29.420943909908747], [-51.96244701027668, -29.420943835439633], [-51.962436787803775, -29.420952934031234]], [[-51.96245748793221, -29.420961809214557], [-51.9624574028707, -29.420952785092144], [-51.96246771040411, -29.420952710621428], [-51.96245748793221, -29.420961809214557]], [[-51.96247818806421, -29.42097068439459], [-51.96247810300082, -29.420961660272248], [-51.962488410535066, -29.420961585799898], [-51.96247818806421, -29.42097068439459]], [[-51.96249888819972, -29.420979559571286], [-51.96249880313447, -29.42097053544903], [-51.962509110669544, -29.420970460975063], [-51.96249888819972, -29.420979559571286]], [[-51.962560733415046, -29.42097911271534], [-51.9625608184858, -29.42098813683744], [-51.96251958833875, -29.42098843474471], [-51.962560733415046, -29.42097911271534]], [[-51.96257121109415, -29.420997086480668], [-51.96257112602246, -29.420988062358614], [-51.96259174109567, -29.4209879133986], [-51.96257121109415, -29.420997086480668]], [[-51.96260221878109, -29.42100588716133], [-51.962602048632206, -29.420987838917387], [-51.96263305631878, -29.42099663959088], [-51.96260221878109, -29.42100588716133]]]}}, {"id": "233", "type": "Feature", "properties": {"id": 2167, "codigo": "0070", "Area_m2": "105744,75"}, "geometry": {"type": "Polygon", "coordinates": [[[-51.98035689315214, -29.422335546436614], [-51.97968799018984, -29.422521658603497], [-51.97976367724144, -29.42304022933187], [-51.98005221929405, -29.42296335983589], [-51.98042647209065, -29.422809003495253], [-51.98035689315214, -29.422335546436614]]]}}, {"id": "234", "type": "Feature", "properties": {"id": 2158, "codigo": "0079", "Area_m2": null}, "geometry": {"type": "Polygon", "coordinates": [[[-51.98552354001557, -29.414169363983795], [-51.98471519285579, -29.414227498466428], [-51.983059973829604, -29.414381213907472], [-51.98336819919855, -29.414471125076766], [-51.98394557111238, -29.414841616795513], [-51.98424511320283, -29.414987720670144], [-51.984378698006175, -29.415163435303327], [-51.98569880987662, -29.414962243052027], [-51.98552354001557, -29.414169363983795]]]}}, {"id": "235", "type": "Feature", "properties": {"id": 2111, "codigo": "0058", "Area_m2": "283360,7"}, "geometry": {"type": "Polygon", "coordinates": [[[-51.988942110837556, -29.410969882276305], [-51.98819496134343, -29.41084547714456], [-51.987591145516845, -29.411003011164713], [-51.987813966037955, -29.412158539533394], [-51.98808944574383, -29.411966041998802], [-51.98874784177957, -29.411834811807307], [-51.98911117103566, -29.41190267969763], [-51.988942110837556, -29.410969882276305]]]}}, {"id": "236", "type": "Feature", "properties": {"id": 1516, "codigo": "0099", "Area_m2": "63605,38"}, "geometry": {"type": "Polygon", "coordinates": [[[-51.99084690583967, -29.413892234414327], [-51.99057697023952, -29.412104128191945], [-51.98984574273038, -29.412188685448257], [-51.99012274617722, -29.413829556721694], [-51.99084690583967, -29.413892234414327]]]}}, {"id": "237", "type": "Feature", "properties": {"id": 2138, "codigo": "0405", "Area_m2": null}, "geometry": {"type": "Polygon", "coordinates": [[[-51.99307074232635, -29.411564303027045], [-51.99246261264464, -29.41170892496656], [-51.992737157035464, -29.413692696111987], [-51.99337191845963, -29.413740578686106], [-51.99307074232635, -29.411564303027045]]]}}, {"id": "238", "type": "Feature", "properties": {"id": 2150, "codigo": "0410", "Area_m2": null}, "geometry": {"type": "Polygon", "coordinates": [[[-51.99157911844533, -29.41191904626375], [-51.991829044591434, -29.413810199464567], [-51.9914674960518, -29.413893765062724], [-51.991481165754095, -29.41399435003078], [-51.99175916559202, -29.414122756146703], [-51.99239380015689, -29.413666795339562], [-51.99273716031381, -29.413692696359288], [-51.99246265734986, -29.411708932665558], [-51.99157911844533, -29.41191904626375]]]}}, {"id": "239", "type": "Feature", "properties": {"id": 2188, "codigo": "0022", "Area_m2": "107600,99"}, "geometry": {"type": "Polygon", "coordinates": [[[-52.00368966452679, -29.419563617599998], [-52.00353673806392, -29.419485746693734], [-52.00348098420752, -29.41948960898855], [-52.00368966452679, -29.419563617599998]]]}}, {"id": "240", "type": "Feature", "properties": {"id": 2188, "codigo": "0022", "Area_m2": "107600,99"}, "geometry": {"type": "Polygon", "coordinates": [[[-52.00256806973104, -29.419710439632293], [-52.00159242284493, -29.41980969762931], [-52.00174780615869, -29.42084141413151], [-52.001978676529326, -29.420914078385028], [-52.002244366098594, -29.420677438006482], [-52.00231063954184, -29.421128173426446], [-52.00265415199738, -29.42146852619914], [-52.00272346834134, -29.421179214702462], [-52.00225878047882, -29.42004560183839], [-52.00256806973104, -29.419710439632293]]]}}, {"id": "241", "type": "Feature", "properties": {"id": 1482, "codigo": "0061", "Area_m2": "138384,35"}, "geometry": {"type": "Polygon", "coordinates": [[[-51.991481165754095, -29.41399435003078], [-51.99118418803573, -29.41203502805063], [-51.99065018567279, -29.412096833157815], [-51.99092220759292, -29.413898751955138], [-51.99135536275736, -29.413936242535826], [-51.991481165754095, -29.41399435003078]]]}}, {"id": "242", "type": "Feature", "properties": {"id": 1481, "codigo": "0060", "Area_m2": "395855,67"}, "geometry": {"type": "Polygon", "coordinates": [[[-51.997233542912134, -29.41166433789368], [-51.99741562142404, -29.411770207862325], [-51.99755739683658, -29.411795554789098], [-51.997499313666914, -29.411375442968776], [-51.99718589279883, -29.411290283611667], [-51.997233542912134, -29.41166433789368]]]}}, {"id": "243", "type": "Feature", "properties": {"id": 1481, "codigo": "0060", "Area_m2": "395855,67"}, "geometry": {"type": "Polygon", "coordinates": [[[-51.99768052921221, -29.415173188722708], [-51.99806624513244, -29.415476021697216], [-51.997941719864905, -29.4145753384678], [-51.99791713993151, -29.414573133504113], [-51.99756981989676, -29.41430411852251], [-51.99768052921221, -29.415173188722708]]]}}, {"id": "244", "type": "Feature", "properties": {"id": 1481, "codigo": "0060", "Area_m2": "395855,67"}, "geometry": {"type": "Polygon", "coordinates": [[[-51.99809965430193, -29.418463328528468], [-51.99842695050184, -29.41840519096005], [-51.99845899861476, -29.418694801082715], [-51.998719647294536, -29.418409686078892], [-51.998665637062835, -29.41803800927889], [-51.998427137885606, -29.418086335706686], [-51.99821694379883, -29.41656601543254], [-51.9980047301992, -29.41720768797558], [-51.99794708553219, -29.41726566082787], [-51.99809965430193, -29.418463328528468]]]}}, {"id": "245", "type": "Feature", "properties": {"id": 1481, "codigo": "0060", "Area_m2": "395855,67"}, "geometry": {"type": "Polygon", "coordinates": [[[-51.9955708959991, -29.409427699155874], [-51.99543819233807, -29.409676299199848], [-51.995342729357404, -29.409751884276837], [-51.99530188469253, -29.40983829211039], [-51.99532493148127, -29.40989988928137], [-51.99532236336553, -29.409965421418214], [-51.99526409859513, -29.410019202932908], [-51.9950621822391, -29.410120256734423], [-51.99499019025812, -29.410102674904376], [-51.99515480889811, -29.41119148192455], [-51.99533821074389, -29.411190112481425], [-51.99562264186645, -29.411819716624528], [-51.99593689525094, -29.411817367892603], [-51.9955708959991, -29.409427699155874]], [[-51.99511359960672, -29.41035249265611], [-51.995113511697355, -29.41034346860753], [-51.995123818059405, -29.410343391635443], [-51.99511359960672, -29.41035249265611]]]}}, {"id": "246", "type": "Feature", "properties": {"id": 1481, "codigo": "0060", "Area_m2": "395855,67"}, "geometry": {"type": "Polygon", "coordinates": [[[-51.995750823280126, -29.41513359105194], [-51.99653079997608, -29.415694901273778], [-51.99624675391269, -29.413840398276967], [-51.99555405995591, -29.41383217531481], [-51.995750823280126, -29.41513359105194]]]}}, {"id": "247", "type": "Feature", "properties": {"id": 1481, "codigo": "0060", "Area_m2": "395855,67"}, "geometry": {"type": "Polygon", "coordinates": [[[-51.99718353242923, -29.4199865190918], [-51.99716403497977, -29.419829217370374], [-51.996925690158186, -29.41827309235094], [-51.996842940032465, -29.418570089963282], [-51.99695402923122, -29.419390505569293], [-51.9968474326536, -29.420086204405596], [-51.99718353242923, -29.4199865190918]]]}}, {"id": "248", "type": "Feature", "properties": {"id": 1481, "codigo": "0060", "Area_m2": "395855,67"}, "geometry": {"type": "Polygon", "coordinates": [[[-52.000812399017455, -29.40840786977706], [-52.00082518805515, -29.408396477955172], [-52.00084597716788, -29.408414371206796], [-52.00081343357492, -29.408414615639746], [-52.001422947839586, -29.412388971513213], [-52.00160850484997, -29.41154923591893], [-52.00249001262973, -29.413149001594594], [-52.002591807518, -29.414068754023972], [-52.00297929763617, -29.413641677167252], [-52.00333100948285, -29.413565333373047], [-52.002479077606615, -29.407959884621793], [-52.002428784854445, -29.40796026301208], [-52.00244921995422, -29.407942059883727], [-52.00247670256813, -29.407944257601816], [-52.00243277793592, -29.407655247081546], [-52.00234344877526, -29.407658747314766], [-52.002257368788676, -29.407631218968657], [-52.001988827591454, -29.40759191409086], [-52.00191167814804, -29.407600007710176], [-52.001832236237085, -29.40759309149416], [-52.00177598508246, -29.40754467633681], [-52.00143247511745, -29.4075172144329], [-52.001112930233425, -29.407455740158174], [-52.00094486133195, -29.407451367631523], [-52.00083727586484, -29.407418364785002], [-52.00077292334825, -29.407418848112922], [-52.00070400476213, -29.407391189862032], [-52.000659123533225, -29.40740843242775], [-52.000812399017455, -29.40840786977706]], [[-52.00089741950124, -29.408404960109298], [-52.0008665010561, -29.408405192348948], [-52.000886936528275, -29.40838698945268], [-52.00089741950124, -29.408404960109298]], [[-52.00091794338274, -29.408395781243666], [-52.000917854967724, -29.408386757208433], [-52.00092816111412, -29.408386679792095], [-52.00091794338274, -29.408395781243666]], [[-52.00093846726046, -29.408386602374947], [-52.00093837884368, -29.408377578339746], [-52.000948684989076, -29.408377500921844], [-52.00093846726046, -29.408386602374947]], [[-52.00097960342506, -29.408377268663326], [-52.00097951500466, -29.408368244628235], [-52.000989821148984, -29.40836816720716], [-52.00097960342506, -29.408377268663326]], [[-52.00102073958177, -29.408367934939157], [-52.001020651157766, -29.408358910904166], [-52.001030957301026, -29.408358833479937], [-52.00102073958177, -29.408367934939157]], [[-52.00108239958732, -29.408349422312003], [-52.00108231115793, -29.408340398277165], [-52.00109261729914, -29.408340320848207], [-52.00108239958732, -29.408349422312003]], [[-52.0011029234403, -29.40834024341845], [-52.001102835009156, -29.408331219383683], [-52.00111314114935, -29.40833114195315], [-52.0011029234403, -29.40834024341845]], [[-52.00112344728953, -29.408331064521832], [-52.00112335885659, -29.408322040487075], [-52.001143971134994, -29.408321885622115], [-52.00112344728953, -29.408331064521832]], [[-52.00114388270026, -29.408312861587397], [-52.0011541888385, -29.408312784153747], [-52.00115427727413, -29.408321808188422], [-52.00114388270026, -29.408312861587397]], [[-52.001164583413235, -29.40832173075395], [-52.00116449497669, -29.408312706719308], [-52.001174801114836, -29.40831262928407], [-52.001164583413235, -29.40832173075395]], [[-52.0013082502123, -29.40825747834758], [-52.0013081617633, -29.40824845431323], [-52.00131846789451, -29.408248376867032], [-52.0013082502123, -29.40825747834758]], [[-52.00149296439743, -29.408174867888587], [-52.00149287593241, -29.408165843854633], [-52.00150318205471, -29.408165766394337], [-52.00149296439743, -29.408174867888587]], [[-52.00168798439221, -29.408092179705204], [-52.00168789591027, -29.4080831556717], [-52.00169820202361, -29.408083078196512], [-52.00168798439221, -29.408092179705204]], [[-52.00169811354081, -29.40807405416299], [-52.00170841965319, -29.408073976687078], [-52.00170850813692, -29.40808300072055], [-52.00169811354081, -29.40807405416299]], [[-52.00171881425019, -29.408082923243754], [-52.001718725765556, -29.408073899210322], [-52.001729031877865, -29.40807382173279], [-52.00171881425019, -29.408082923243754]], [[-52.00174964410236, -29.408073666775323], [-52.00174955561504, -29.408064642741948], [-52.00177016783756, -29.40806448778135], [-52.00174964410236, -29.408073666775323]], [[-52.001780473948756, -29.40806441029986], [-52.00178038545875, -29.40805538626656], [-52.001800997679204, -29.40805523130123], [-52.001780473948756, -29.40806441029986]], [[-52.00180090918742, -29.408046207267983], [-52.00181121529667, -29.40804612978416], [-52.00181130378939, -29.408055153817376], [-52.00180090918742, -29.408046207267983]], [[-52.0018216098995, -29.408055076332737], [-52.001821521405894, -29.408046052299532], [-52.00183182751508, -29.408045974814122], [-52.0018216098995, -29.408055076332737]], [[-52.00185243973331, -29.408045819840876], [-52.00185235123701, -29.408036795807742], [-52.00186265734516, -29.408036718319977], [-52.00185243973331, -29.408045819840876]], [[-52.00190379327653, -29.408027384327866], [-52.001903704775756, -29.40801836029487], [-52.00192431698797, -29.408018205310665], [-52.00190379327653, -29.408027384327866]], [[-52.001955235305985, -29.40801797282837], [-52.00195514680071, -29.40800894879548], [-52.00197575901069, -29.408008793803354], [-52.001955235305985, -29.40801797282837]], [[-52.0020374186147, -29.407990280742506], [-52.00203759563967, -29.408008328807856], [-52.00199637122051, -29.40800863880804], [-52.0020374186147, -29.407990280742506]], [[-52.002099343749244, -29.407998839751166], [-52.002047813230945, -29.407999227273162], [-52.002068248408015, -29.40798102420155], [-52.002099343749244, -29.407998839751166]], [[-52.00216091479979, -29.407971302601403], [-52.002161091846475, -29.4079893506661], [-52.00211986743652, -29.407989660704324], [-52.00216091479979, -29.407971302601403]], [[-52.00232590094189, -29.407979086353855], [-52.00217130942459, -29.407980249122243], [-52.00219174457536, -29.40796204603226], [-52.00232590094189, -29.407979086353855]], [[-52.00240826120224, -29.40796944210573], [-52.00234642460379, -29.40796990727267], [-52.002366859720524, -29.40795170415659], [-52.00240826120224, -29.40796944210573]]]}}, {"id": "249", "type": "Feature", "properties": {"id": 1481, "codigo": "0060", "Area_m2": "395855,67"}, "geometry": {"type": "Polygon", "coordinates": [[[-52.00223608994957, -29.417691088802652], [-52.00251517390707, -29.419510723690095], [-52.00277408775936, -29.419487187591123], [-52.00301354424884, -29.419227699863406], [-52.00336777012968, -29.41942617453129], [-52.003653305119606, -29.41939310467982], [-52.003511123558255, -29.419065737758213], [-52.00349829221312, -29.41888283020196], [-52.003577824491536, -29.41847929096382], [-52.003468679255306, -29.418339853498814], [-52.003371658949455, -29.417907399467676], [-52.002961147547964, -29.418090984300584], [-52.00243025803022, -29.417562523642246], [-52.00223608994957, -29.417691088802652]]]}}, {"id": "250", "type": "Feature", "properties": {"id": 1481, "codigo": "0060", "Area_m2": "395855,67"}, "geometry": {"type": "Polygon", "coordinates": [[[-51.99971157910374, -29.407255881803678], [-51.9995866681379, -29.407206102393292], [-51.99923003371227, -29.40715242558988], [-51.99912061624386, -29.407151367639067], [-51.99903494167085, -29.40716515871718], [-51.99884595421698, -29.407144034837188], [-51.998842343575966, -29.407213562230098], [-51.998881648776766, -29.407297941790855], [-51.99896504077028, -29.407342075112606], [-51.999139866959, -29.407395795195484], [-51.99920119953293, -29.407436604727824], [-51.99929311213225, -29.40797479077512], [-51.999306123389985, -29.40799274260279], [-51.99929610979338, -29.407992817699032], [-52.000059304263246, -29.412582412061447], [-52.00029559342446, -29.414127610861122], [-52.000303627549386, -29.41407692844826], [-52.000764600528, -29.413784676550037], [-52.00079596852825, -29.413718175973262], [-51.99994489168576, -29.408348938690885], [-51.99991771694234, -29.40834914261644], [-51.99991754028936, -29.408331094540326], [-51.999943217340075, -29.408338375311104], [-51.99977342611859, -29.407267169304887], [-51.99971157910374, -29.407255881803678]], [[-51.99931651777388, -29.408001689352204], [-51.999316429501725, -29.407992665312012], [-51.99932673561341, -29.407992588020463], [-51.99931651777388, -29.408001689352204]], [[-51.999399231512136, -29.408028143116994], [-51.999388925397085, -29.408028220414245], [-51.99938883711844, -29.408019196374298], [-51.999399231512136, -29.408028143116994]], [[-51.99935791877577, -29.40801942826119], [-51.999357830499896, -29.40801040422113], [-51.99938874883983, -29.408010172334333], [-51.99938883711844, -29.408019196374298], [-51.99935791877577, -29.40801942826119]], [[-51.99933721827307, -29.40801055880834], [-51.99933712999905, -29.40800153476822], [-51.999357742224056, -29.408001380181076], [-51.99933721827307, -29.40801055880834]], [[-51.99944063253847, -29.408045881999612], [-51.999440544255194, -29.40803685795982], [-51.99947146260234, -29.40803662605365], [-51.99944063253847, -29.408045881999612]], [[-51.99948194529186, -29.408054596829324], [-51.999481857004895, -29.408045572789675], [-51.99949216312141, -29.4080454954852], [-51.99948194529186, -29.408054596829324]], [[-51.99953374075332, -29.408081282417314], [-51.99952343463334, -29.408081359725095], [-51.99952334634261, -29.40807233568557], [-51.99953374075332, -29.408081282417314]], [[-51.99952334634261, -29.40807233568557], [-51.999512951933724, -29.40806338895296], [-51.99952325805194, -29.40806331164606], [-51.99952334634261, -29.40807233568557]], [[-51.999502645815475, -29.408063466259105], [-51.999502557526654, -29.408054442219527], [-51.99951286364399, -29.408054364913433], [-51.999502645815475, -29.408063466259105]], [[-51.99956563035368, -29.408180314921726], [-51.999586419206686, -29.40819820837672], [-51.999555412517736, -29.408189416271473], [-51.99956563035368, -29.408180314921726]], [[-51.999544841507955, -29.408162421463253], [-51.999544311751144, -29.408108277227022], [-51.99956501229091, -29.408117146646667], [-51.999544841507955, -29.408162421463253]], [[-51.99953400562846, -29.40810835453568], [-51.999533917336706, -29.408099330496245], [-51.99954422345848, -29.408099253187597], [-51.99953400562846, -29.40810835453568]], [[-51.99964852090228, -29.408224816604136], [-51.99964843259999, -29.40821579256518], [-51.999658738733146, -29.408215715247415], [-51.99964852090228, -29.408224816604136]], [[-51.999669221474505, -29.408233686006657], [-51.99966913317036, -29.408224661967754], [-51.99967943930434, -29.40822458464838], [-51.999669221474505, -29.408233686006657]], [[-51.99968992205026, -29.408242555405867], [-51.99968983374426, -29.40823353136702], [-51.999700139879074, -29.40823345404602], [-51.99968992205026, -29.408242555405867]], [[-51.99971062262954, -29.408251424801747], [-51.99971053432168, -29.408242400763005], [-51.999720840457314, -29.408242323440355], [-51.99971062262954, -29.408251424801747]], [[-51.99979333666651, -29.408277878313683], [-51.99978303052752, -29.408277955642006], [-51.99978294221315, -29.40826893160349], [-51.99979333666651, -29.408277878313683]], [[-51.99976232993686, -29.408269086257683], [-51.99976224162437, -29.408260062219078], [-51.999782853898836, -29.408259907564958], [-51.99978294221315, -29.40826893160349], [-51.99976232993686, -29.408269086257683]], [[-51.99973132321233, -29.408260294194328], [-51.99973114659291, -29.40824224611693], [-51.999762153311906, -29.40825103818048], [-51.99973132321233, -29.408260294194328]], [[-51.999855526782994, -29.408313510480184], [-51.999845220640594, -29.408313587813403], [-51.99984513232061, -29.40830456377511], [-51.999855526782994, -29.408313510480184]], [[-51.99984513232061, -29.40830456377511], [-51.99983473786005, -29.408295617069157], [-51.99984504400068, -29.408295539736773], [-51.99984513232061, -29.40830456377511]], [[-51.999865921247185, -29.408322457184422], [-51.99986583292535, -29.40831343314618], [-51.99987613906767, -29.408313355811373], [-51.999865921247185, -29.408322457184422]], [[-51.99990732247093, -29.40834019591649], [-51.99989701632601, -29.408340273253778], [-51.99989692800136, -29.40833124921564], [-51.99990732247093, -29.40834019591649]], [[-51.99989692800136, -29.40833124921564], [-51.99988653353361, -29.408322302513945], [-51.99989683967676, -29.408322225177518], [-51.99989692800136, -29.40833124921564]]]}}, {"id": "252", "type": "Feature", "properties": {"id": 1481, "codigo": "0060", "Area_m2": "395855,67"}, "geometry": {"type": "Polygon", "coordinates": [[[-52.000888100879884, -29.418002277669995], [-52.00113724950226, -29.4196447424614], [-52.00171791569528, -29.419588267852838], [-52.00140907236897, -29.417585753893437], [-52.00138933250107, -29.417579376636045], [-52.00089883843588, -29.41801624756845], [-52.000888100879884, -29.418002277669995]]]}}, {"id": "253", "type": "Feature", "properties": {"id": 2362, "codigo": "0451", "Area_m2": "166294,59"}, "geometry": {"type": "Polygon", "coordinates": [[[-52.00888202902758, -29.412434780822238], [-52.00850762303525, -29.41243572103789], [-52.00856926380297, -29.412820560075556], [-52.00895021169287, -29.412863487242245], [-52.00888202902758, -29.412434780822238]]]}}, {"id": "254", "type": "Feature", "properties": {"id": 2362, "codigo": "0451", "Area_m2": "166294,59"}, "geometry": {"type": "Polygon", "coordinates": [[[-52.024853037806636, -29.415006319401684], [-52.02490480829402, -29.414782294802713], [-52.0249758127361, -29.41452928886298], [-52.02492115316919, -29.41458261685877], [-52.02479792067096, -29.414657127759135], [-52.02456355327537, -29.415025813887507], [-52.02447200697382, -29.415194813299237], [-52.02454298305028, -29.41521492271723], [-52.024656186758406, -29.415201237233486], [-52.024853037806636, -29.415006319401684]]]}}, {"id": "255", "type": "Feature", "properties": {"id": 2362, "codigo": "0451", "Area_m2": "166294,59"}, "geometry": {"type": "Polygon", "coordinates": [[[-52.02457145372878, -29.41534580505606], [-52.024468188298094, -29.41549067574264], [-52.02460323667723, -29.415341962746734], [-52.02457145372878, -29.41534580505606]]]}}, {"id": "256", "type": "Feature", "properties": {"id": 2362, "codigo": "0451", "Area_m2": "166294,59"}, "geometry": {"type": "Polygon", "coordinates": [[[-52.01222607849909, -29.413584981746357], [-52.01165151092797, -29.41297145767378], [-52.011438409345274, -29.412269150634987], [-52.01140897617598, -29.412230746358098], [-52.01169939487825, -29.414115360167603], [-52.01199482250903, -29.41433157663912], [-52.01234744551662, -29.41435694433905], [-52.01222607849909, -29.413584981746357]]]}}, {"id": "257", "type": "Feature", "properties": {"id": 2362, "codigo": "0451", "Area_m2": "166294,59"}, "geometry": {"type": "Polygon", "coordinates": [[[-52.011419319463585, -29.408453539865384], [-52.01141100986411, -29.408460942974408], [-52.01141905492087, -29.408451857224716], [-52.01139199825563, -29.408279761593874], [-52.010817593100256, -29.408393084725255], [-52.01085069500962, -29.408607892914308], [-52.01086621412061, -29.408609472038687], [-52.01085095618816, -29.408609587779925], [-52.011293271703984, -29.411479905437734], [-52.011526550591746, -29.410761359952104], [-52.011700686064664, -29.410651741695155], [-52.01176578282057, -29.41065724196485], [-52.011419319463585, -29.408453539865384]], [[-52.01103102300386, -29.40859919695603], [-52.01088673709892, -29.408600291658107], [-52.01090717077543, -29.408582087267202], [-52.01103102300386, -29.40859919695603]], [[-52.01105154596453, -29.408590016550463], [-52.01105145665374, -29.408580992543612], [-52.0110617627876, -29.408580914343084], [-52.01105154596453, -29.408590016550463]], [[-52.01124602260141, -29.40845317050813], [-52.01124593327396, -29.40844414650166], [-52.01140052506122, -29.40844297318955], [-52.01124602260141, -29.40845317050813]]]}}, {"id": "258", "type": "Feature", "properties": {"id": 2362, "codigo": "0451", "Area_m2": "166294,59"}, "geometry": {"type": "Polygon", "coordinates": [[[-52.018455530073744, -29.41459432202852], [-52.0185417939018, -29.414585073214095], [-52.01859344916035, -29.414515933182827], [-52.01851239316314, -29.41362311087683], [-52.01819833675324, -29.413138179262084], [-52.01805121952216, -29.411821701762232], [-52.01825359447935, -29.41135358067602], [-52.01780705931484, -29.408160713730094], [-52.01657356084824, -29.408292956069054], [-52.01685119870813, -29.408275143852112], [-52.01685128853006, -29.408284167843124], [-52.0165570433973, -29.40829472689116], [-52.0163293251954, -29.40831914036914], [-52.01717724793559, -29.414382459612927], [-52.018029458505524, -29.41480903318654], [-52.018430701449, -29.41473376931735], [-52.018468043317064, -29.41468378761175], [-52.018455530073744, -29.41459432202852]], [[-52.016861594615435, -29.40828408919478], [-52.0168615047926, -29.408275065203803], [-52.01688211696142, -29.408274907904776], [-52.016861594615435, -29.40828408919478]], [[-52.01688202713681, -29.40826588391384], [-52.01689233322024, -29.408265805263163], [-52.016892423045775, -29.408274829254072], [-52.01688202713681, -29.40826588391384]]]}}, {"id": "259", "type": "Feature", "properties": {"id": 2362, "codigo": "0451", "Area_m2": "166294,59"}, "geometry": {"type": "Polygon", "coordinates": [[[-52.02573088324467, -29.41302634561781], [-52.026037463396904, -29.412629587526286], [-52.02581884371317, -29.41244799858277], [-52.025690000806485, -29.41193458497953], [-52.026243283785746, -29.411605436881647], [-52.026471863146135, -29.41163698600874], [-52.026343749184825, -29.4104091815156], [-52.02492971368314, -29.409640504086333], [-52.02519488003722, -29.411922984961866], [-52.02426519761808, -29.412060048156818], [-52.024262678884554, -29.412040626053994], [-52.023764190945855, -29.41214389076266], [-52.02368710062054, -29.411649558815952], [-52.02325668889458, -29.4118540234765], [-52.02368088017615, -29.412013208977], [-52.02385256733108, -29.412688739346336], [-52.025125882736276, -29.413238477304734], [-52.02532893388826, -29.412930076484894], [-52.02573088324467, -29.41302634561781]]]}}, {"id": "260", "type": "Feature", "properties": {"id": 2362, "codigo": "0451", "Area_m2": "166294,59"}, "geometry": {"type": "Polygon", "coordinates": [[[-52.02321749565456, -29.40863293451564], [-52.022973209190624, -29.408415859211036], [-52.02252438501822, -29.407285893940767], [-52.02237287215263, -29.407199224362195], [-52.022023715573496, -29.407135319417456], [-52.022547016935945, -29.410456072061674], [-52.023190513110414, -29.410392536199993], [-52.02339492091525, -29.410219497746716], [-52.02346685128691, -29.410234922781815], [-52.02321749565456, -29.40863293451564]]]}}, {"id": "261", "type": "Feature", "properties": {"id": 2362, "codigo": "0451", "Area_m2": "166294,59"}, "geometry": {"type": "Polygon", "coordinates": [[[-52.02445380601666, -29.41518965648198], [-52.024791747861194, -29.41464814345363], [-52.02491789242425, -29.414573848137326], [-52.02498163940288, -29.414513162236958], [-52.02466572298447, -29.41463181430971], [-52.024403179541196, -29.415175312649435], [-52.02445380601666, -29.41518965648198]]]}}, {"id": "262", "type": "Feature", "properties": {"id": 615, "codigo": "0067", "Area_m2": null}, "geometry": {"type": "Polygon", "coordinates": [[[-52.03690269206993, -29.408948297550136], [-52.03670664744532, -29.409029025725758], [-52.03643525128523, -29.40928912602709], [-52.03630135770665, -29.409799699409955], [-52.03619432265129, -29.409934269462028], [-52.0366985274941, -29.40994518502874], [-52.037089342343386, -29.41023819343295], [-52.03690269206993, -29.408948297550136]]]}}, {"id": "263", "type": "Feature", "properties": {"id": 615, "codigo": "0067", "Area_m2": null}, "geometry": {"type": "Polygon", "coordinates": [[[-52.04345608245154, -29.41331950503663], [-52.04343570440734, -29.41362879422578], [-52.04350520372637, -29.413658541933557], [-52.04345608245154, -29.41331950503663]]]}}, {"id": "264", "type": "Feature", "properties": {"id": 615, "codigo": "0067", "Area_m2": null}, "geometry": {"type": "Polygon", "coordinates": [[[-52.0432321050079, -29.41177360424812], [-52.0428386371348, -29.41168414831935], [-52.04275545496257, -29.41162454987484], [-52.04266059673158, -29.411636310498455], [-52.042760822197444, -29.412328095633956], [-52.04283533272385, -29.412370046304744], [-52.042858893863496, -29.41265865013167], [-52.04337713228247, -29.412774587983158], [-52.0432321050079, -29.41177360424812]]]}}, {"id": "266", "type": "Feature", "properties": {"id": 2112, "codigo": "0450", "Area_m2": "207405,9"}, "geometry": {"type": "Polygon", "coordinates": [[[-52.029891531085745, -29.40370744630977], [-52.028960669973735, -29.40381464742441], [-52.02931687026114, -29.40618618854745], [-52.02958033192727, -29.406246120040795], [-52.02964847125601, -29.405848508482137], [-52.02997734706402, -29.405755720288212], [-52.03002032439907, -29.404907069960135], [-52.03006870080425, -29.40488667719758], [-52.029891531085745, -29.40370744630977]]]}}, {"id": "267", "type": "Feature", "properties": {"id": 2112, "codigo": "0450", "Area_m2": "207405,9"}, "geometry": {"type": "Polygon", "coordinates": [[[-52.029494074756805, -29.407365995985856], [-52.02960114966314, -29.40735237325347], [-52.029634174670264, -29.407557007643437], [-52.029829100341715, -29.407408378770306], [-52.029887752133206, -29.407092062413575], [-52.030213992757915, -29.40673757885321], [-52.03004473148859, -29.40630570369814], [-52.029633225273635, -29.406381081257884], [-52.0295016134377, -29.406616739304276], [-52.02937834926618, -29.406595508791717], [-52.029494074756805, -29.407365995985856]]]}}, {"id": "268", "type": "Feature", "properties": {"id": 2112, "codigo": "0450", "Area_m2": "207405,9"}, "geometry": {"type": "Polygon", "coordinates": [[[-52.02889085141834, -29.405269777828565], [-52.02715933577674, -29.40593078345469], [-52.02791974551193, -29.410738442684632], [-52.02800920872859, -29.41082583249199], [-52.0289176130692, -29.41004516465511], [-52.02867611993644, -29.40959222735591], [-52.028724015835, -29.40923087127901], [-52.02847730436686, -29.409295948390664], [-52.02838327719831, -29.409170328903695], [-52.02903687047842, -29.408569655502745], [-52.02915663427399, -29.408180670238792], [-52.02898015917092, -29.408055687914498], [-52.029333689643394, -29.40778612446835], [-52.02889085141834, -29.405269777828565]]]}}, {"id": "269", "type": "Feature", "properties": {"id": 623, "codigo": "0076", "Area_m2": null}, "geometry": {"type": "Polygon", "coordinates": [[[-52.025762492462555, -29.414391812811402], [-52.02567212686928, -29.414702022805386], [-52.02605712719831, -29.414621105895627], [-52.02646081146792, -29.41478946479865], [-52.02639117207788, -29.414013881026342], [-52.026511495920374, -29.413679041791433], [-52.02634350722338, -29.413373497678204], [-52.026517177075675, -29.413218740588338], [-52.02648667403586, -29.413166480967057], [-52.02622666951682, -29.41352733451699], [-52.02612451092349, -29.413692957230058], [-52.02602116730445, -29.413872793980516], [-52.025762492462555, -29.414391812811402]]]}}, {"id": "270", "type": "Feature", "properties": {"id": 663, "codigo": "0118", "Area_m2": "171910,54"}, "geometry": {"type": "Polygon", "coordinates": [[[-52.032679285884655, -29.409682738241592], [-52.03237034239629, -29.409775227989332], [-52.03164423419879, -29.410444631013203], [-52.03181346897185, -29.411568628008627], [-52.0318395564081, -29.41155319079963], [-52.0332767143944, -29.413013070806954], [-52.03372873948782, -29.412865170129944], [-52.033819107796305, -29.412882331081892], [-52.033692895801, -29.412014562191825], [-52.03348985281601, -29.411666745331647], [-52.03341526061318, -29.41010568516138], [-52.03334729681801, -29.409638400994183], [-52.032679285884655, -29.409682738241592]]]}}]}