{"type": "FeatureCollection", "features": [{"id": "0", "type": "Feature", "properties": {"id": 909, "codigo": "0130", "Area_m2": null}, "geometry": {"type": "Polygon", "coordinates": [[[-51.98318449417391, -29.49134609902929], [-51.98310281603148, -29.491375221396023], [-51.983302584273886, -29.491725365042182], [-51.98352386504601, -29.49176113993264], [-51.98318449417391, -29.49134609902929]]]}}, {"id": "1", "type": "Feature", "properties": {"id": 801, "codigo": "0007", "Area_m2": null}, "geometry": {"type": "Polygon", "coordinates": [[[-51.977026811066274, -29.49379335281752], [-51.97573596658198, -29.49410355655973], [-51.97519127280159, -29.494261514508015], [-51.975080664902045, -29.494154907033966], [-51.97488518777946, -29.494265771402297], [-51.97530020990796, -29.494644690615914], [-51.97580835946404, -29.49454835546062], [-51.9768564843591, -29.49429725569349], [-51.97687408656494, -29.494347535600227], [-51.97522701830928, -29.494731475141077], [-51.97478671121736, -29.494308732347495], [-51.97415897494357, -29.49465760548371], [-51.97403407270021, -29.494765044881948], [-51.973737689635385, -29.495060019540603], [-51.973571647052474, -29.495263177669298], [-51.97347712726223, -29.495390790263166], [-51.97332641287394, -29.495636845093976], [-51.97334365813622, -29.49565745874211], [-51.976018086400614, -29.495026314120384], [-51.975812879126195, -29.49487596606388], [-51.97647121926549, -29.494681617517205], [-51.97668930497685, -29.494833434825644], [-51.97752308365972, -29.494646817354347], [-51.97737434256462, -29.494196679440496], [-51.977026811066274, -29.49379335281752]]]}}, {"id": "2", "type": "Feature", "properties": {"id": 802, "codigo": "0008", "Area_m2": null}, "geometry": {"type": "Polygon", "coordinates": [[[-51.97573596658198, -29.49410355655973], [-51.977026811066274, -29.49379335281752], [-51.9769570703415, -29.493712415431602], [-51.9769968574898, -29.493558704635895], [-51.9776813648056, -29.492867803884202], [-51.97865961855985, -29.492689142137895], [-51.978417176130634, -29.49214944845845], [-51.97853566164573, -29.49159807497667], [-51.9776648524236, -29.491662136389746], [-51.97726970974015, -29.49192641246277], [-51.977141872552494, -29.492037741257256], [-51.97700893287864, -29.492191486768046], [-51.97687139849346, -29.492385254357554], [-51.9765936728673, -29.49288202406654], [-51.976463848769974, -29.49306042309686], [-51.97630279860249, -29.49324683521053], [-51.976167659458284, -29.49338118741789], [-51.975923716205706, -29.49356087254919], [-51.97562765751242, -29.49381223809437], [-51.975080664902045, -29.494154907033966], [-51.97519127280159, -29.494261514508015], [-51.97573596658198, -29.49410355655973]]]}}, {"id": "3", "type": "Feature", "properties": {"id": 2346, "codigo": "0009", "Area_m2": null}, "geometry": {"type": "Polygon", "coordinates": [[[-51.977131190619836, -29.49149220255354], [-51.97690583738585, -29.491862310782384], [-51.9768652707827, -29.49191132362419], [-51.976037229676656, -29.49242211641778], [-51.9759521005513, -29.4925412283159], [-51.97579713306208, -29.492705018482077], [-51.975615843235026, -29.492951692634684], [-51.975707315715546, -29.493081164063415], [-51.975645794646255, -29.49313635337304], [-51.975481454064465, -29.49289663815224], [-51.97546808622412, -29.49290311938436], [-51.975474264838745, -29.49291108209612], [-51.975413516513264, -29.492929576833994], [-51.975422950367296, -29.492938532279595], [-51.97540123817886, -29.492935529832618], [-51.97445713598669, -29.493393266107905], [-51.9747360427407, -29.493778999805137], [-51.97447066505178, -29.49394756889753], [-51.97420611523561, -29.49406094664092], [-51.97408280261204, -29.494127585032107], [-51.974002069741125, -29.494036000712033], [-51.97387797331388, -29.4941294763982], [-51.97372670977623, -29.494428385349824], [-51.97384751697144, -29.494536658874907], [-51.97376705558089, -29.494608390426624], [-51.973118730998664, -29.495289312483184], [-51.97305197740029, -29.495257181619998], [-51.972959983418214, -29.495396712880492], [-51.97306908601647, -29.49545402925809], [-51.972852443631076, -29.495739591329173], [-51.97313094159959, -29.49570558030886], [-51.97339913493387, -29.495238991843348], [-51.973917914161824, -29.494703088689583], [-51.973978045822626, -29.49465364521434], [-51.97422799455501, -29.49449402330252], [-51.97471048485828, -29.494221099365436], [-51.97572389216576, -29.49356706355007], [-51.97593588372065, -29.4934022077483], [-51.976242976546246, -29.493120766041734], [-51.976309612697456, -29.4930522773238], [-51.97642706119648, -29.49288302495442], [-51.976858625520364, -29.492136051705096], [-51.97703654661872, -29.49193168271746], [-51.97722473541685, -29.49178227057774], [-51.977385117241354, -29.491682715215276], [-51.97730900025389, -29.491688314790533], [-51.97726531636297, -29.49143594628439], [-51.97738668638662, -29.491318631825894], [-51.977131190619836, -29.49149220255354]]]}}, {"id": "4", "type": "Feature", "properties": {"id": 2346, "codigo": "0009", "Area_m2": null}, "geometry": {"type": "Polygon", "coordinates": [[[-51.981484646233994, -29.48954082047386], [-51.98270947581325, -29.488561481498508], [-51.98292768639051, -29.48825707537331], [-51.982989449143545, -29.488024414444624], [-51.9829924870684, -29.48790397739259], [-51.98297727899482, -29.487695176306662], [-51.98294059981931, -29.487533839299548], [-51.98287587381297, -29.487353633889157], [-51.98280499303537, -29.48722179940344], [-51.98261513411466, -29.486942165180288], [-51.98001527700049, -29.487448215385907], [-51.979982461723814, -29.487541595590855], [-51.97993012200598, -29.487819268523175], [-51.979935604725064, -29.487944203842936], [-51.980078526696374, -29.488768156682273], [-51.980080744624885, -29.48913056820396], [-51.979840428238, -29.48944624291727], [-51.979073192015335, -29.48979855180562], [-51.97880120541432, -29.490008757644866], [-51.979507460965166, -29.489677702691225], [-51.979952718443236, -29.489854915753757], [-51.98034935927756, -29.490339322712018], [-51.980596774411566, -29.49021919297385], [-51.981484646233994, -29.48954082047386]], [[-51.98034657889051, -29.49005055533509], [-51.980316330564776, -29.490122975224814], [-51.980180331235104, -29.489925435746983], [-51.98034657889051, -29.49005055533509]]]}}, {"id": "5", "type": "Feature", "properties": {"id": 2346, "codigo": "0009", "Area_m2": null}, "geometry": {"type": "Polygon", "coordinates": [[[-51.98075648195749, -29.484198465546122], [-51.97860598438073, -29.48487538516428], [-51.97905386173179, -29.485459359664087], [-51.9793514547994, -29.48593387237915], [-51.98155828825779, -29.48542296804635], [-51.98075648195749, -29.484198465546122]]]}}, {"id": "6", "type": "Feature", "properties": {"id": 2321, "codigo": "1840", "Area_m2": null}, "geometry": {"type": "Polygon", "coordinates": [[[-51.97469263545795, -29.47578487791785], [-51.974107381290736, -29.476040875724895], [-51.97445746909359, -29.476215080835445], [-51.974541891336344, -29.476267699485387], [-51.974815124689535, -29.47646070259518], [-51.97508338743973, -29.476696069844955], [-51.97558140829616, -29.4766303493366], [-51.975576001763976, -29.476611845694173], [-51.9750152067753, -29.47620984710727], [-51.97469263545795, -29.47578487791785]]]}}, {"id": "7", "type": "Feature", "properties": {"id": 2320, "codigo": "0070", "Area_m2": null}, "geometry": {"type": "Polygon", "coordinates": [[[-51.978476253339274, -29.47635030339737], [-51.978752582036876, -29.47627172391121], [-51.97851006519593, -29.475618770323226], [-51.97821173055773, -29.475646198315616], [-51.97832026951009, -29.475938432475033], [-51.978287901696994, -29.475947636886257], [-51.97808149784568, -29.47539190553903], [-51.97795995331189, -29.475403079636262], [-51.978476253339274, -29.47635030339737]]]}}, {"id": "8", "type": "Feature", "properties": {"id": 856, "codigo": "0072", "Area_m2": null}, "geometry": {"type": "Polygon", "coordinates": [[[-51.97819599012625, -29.47537999599736], [-51.97825886338479, -29.475641865171756], [-51.97865738956643, -29.475605225532437], [-51.97864130614036, -29.475525528440848], [-51.97854910610667, -29.475352741060792], [-51.97819599012625, -29.47537999599736]]]}}, {"id": "9", "type": "Feature", "properties": {"id": 871, "codigo": "0088", "Area_m2": null}, "geometry": {"type": "Polygon", "coordinates": [[[-51.98001652967606, -29.475993308842572], [-51.97852408380006, -29.47642487432018], [-51.97959222765535, -29.477042595174527], [-51.980189956195474, -29.47699307007541], [-51.980291698267564, -29.476847926325124], [-51.98003836678094, -29.476245141638984], [-51.98001652967606, -29.475993308842572]]]}}, {"id": "10", "type": "Feature", "properties": {"id": 935, "codigo": "0183", "Area_m2": null}, "geometry": {"type": "Polygon", "coordinates": [[[-51.97295828775075, -29.475711832033408], [-51.9731526967542, -29.475602956183696], [-51.97305406438624, -29.475510687588926], [-51.97288778074887, -29.475315696200084], [-51.971905152814216, -29.473976213426646], [-51.9717758667729, -29.473819462199227], [-51.97122283324971, -29.473309698089565], [-51.97084594653221, -29.473706378546897], [-51.97113203094971, -29.473996698403585], [-51.97173063365178, -29.474839080344], [-51.972415179723136, -29.47546791575935], [-51.97295828775075, -29.475711832033408]]]}}, {"id": "11", "type": "Feature", "properties": {"id": 76, "codigo": "0040", "Area_m2": null}, "geometry": {"type": "Polygon", "coordinates": [[[-51.969303749578714, -29.472827625989694], [-51.96941586231415, -29.472875577206256], [-51.9694047046563, -29.472894912242474], [-51.96979756343283, -29.473062939106995], [-51.96983747427742, -29.47299986648909], [-51.970040683738326, -29.47308826845439], [-51.970052671972915, -29.473067494023308], [-51.9703531706506, -29.473186877772886], [-51.97040297566846, -29.473256481214126], [-51.97086940344339, -29.472947599576074], [-51.97049282947045, -29.472558213126526], [-51.97021170690618, -29.472351574435613], [-51.96973465113401, -29.472192556895816], [-51.969455566637265, -29.47284845834834], [-51.96932416101106, -29.472792255412124], [-51.969303749578714, -29.472827625989694]]]}}, {"id": "12", "type": "Feature", "properties": {"id": 75, "codigo": "0039", "Area_m2": null}, "geometry": {"type": "Polygon", "coordinates": [[[-51.96809340036404, -29.472188585862707], [-51.96934809200508, -29.472679244980984], [-51.969582476625035, -29.47214183199577], [-51.96831569637176, -29.471692850917055], [-51.96809340036404, -29.472188585862707]]]}}, {"id": "13", "type": "Feature", "properties": {"id": 58, "codigo": "0018", "Area_m2": null}, "geometry": {"type": "Polygon", "coordinates": [[[-51.97079821436347, -29.47175430312093], [-51.97004417951141, -29.47148991180135], [-51.96979743357606, -29.472045005282048], [-51.97029924156769, -29.47221642611615], [-51.97079821436347, -29.47175430312093]]]}}, {"id": "14", "type": "Feature", "properties": {"id": 48, "codigo": "0008", "Area_m2": null}, "geometry": {"type": "Polygon", "coordinates": [[[-51.9714190396735, -29.4716862250163], [-51.97140254957772, -29.4716604043785], [-51.97141157755674, -29.47162764566599], [-51.97154234314327, -29.471510274487038], [-51.97162262759726, -29.471411223710135], [-51.971634951968475, -29.471359173440334], [-51.97161541226597, -29.471291413582755], [-51.971582879191594, -29.4712762991746], [-51.97153294963997, -29.471276663703986], [-51.97135414307316, -29.47134823344936], [-51.971197219436036, -29.47137949209675], [-51.9711280198614, -29.471378520404496], [-51.971056775589716, -29.471369888756673], [-51.97091193450577, -29.47127733588214], [-51.97075751548346, -29.471258099557403], [-51.970783583843144, -29.471201324879924], [-51.97101950515559, -29.471036438942964], [-51.970346188314714, -29.470802520417333], [-51.970100671039496, -29.471357756398085], [-51.97125439997869, -29.47176864887884], [-51.971231680948684, -29.471824680920314], [-51.97091132515671, -29.47171334324845], [-51.970357147217975, -29.47223679776781], [-51.970444497849265, -29.472298810776802], [-51.970970518925306, -29.472880637617127], [-51.971198386402726, -29.472729735707908], [-51.971258588681366, -29.472630678478637], [-51.971339881512534, -29.47260595525539], [-51.971381521798875, -29.47257207920954], [-51.97137648625167, -29.47254693698798], [-51.971279757112406, -29.472461614693383], [-51.97126381182336, -29.472423962528488], [-51.9712526120587, -29.47238103014293], [-51.97127437045307, -29.472273860471816], [-51.97134794566217, -29.472158378273864], [-51.97148496267853, -29.47204578357196], [-51.97153764038511, -29.471982356976373], [-51.971578773763135, -29.47187485600395], [-51.97155159474818, -29.47178166348782], [-51.97151094094953, -29.47173668962969], [-51.9714190396735, -29.4716862250163]]]}}, {"id": "15", "type": "Feature", "properties": {"id": 74, "codigo": "0038", "Area_m2": null}, "geometry": {"type": "Polygon", "coordinates": [[[-51.9698906002746, -29.471435336179088], [-51.96863176425351, -29.470987989559646], [-51.968382577031825, -29.47154370153552], [-51.96964777074559, -29.47199212023124], [-51.9698906002746, -29.471435336179088]]]}}, {"id": "16", "type": "Feature", "properties": {"id": 73, "codigo": "0037", "Area_m2": null}, "geometry": {"type": "Polygon", "coordinates": [[[-51.97020241898773, -29.470751234481533], [-51.96894432727614, -29.470296283035577], [-51.968689972587825, -29.470862020175858], [-51.96995401001071, -29.47130421806191], [-51.97020241898773, -29.470751234481533]]]}}, {"id": "17", "type": "Feature", "properties": {"id": 72, "codigo": "0036", "Area_m2": null}, "geometry": {"type": "Polygon", "coordinates": [[[-51.97076179842326, -29.470689374254757], [-51.97065530560815, -29.47061104927783], [-51.97023478612796, -29.470363564575667], [-51.97021926368167, -29.470342689632684], [-51.970216915436495, -29.47030597755518], [-51.97022373477825, -29.470277147471048], [-51.970291546384836, -29.47023722205956], [-51.97044873030398, -29.470231994866342], [-51.97057636272529, -29.4702718742997], [-51.970795742452175, -29.470431182899297], [-51.97091927258396, -29.470460014784255], [-51.97106123415179, -29.47046539197811], [-51.971150110349726, -29.470423350281596], [-51.971162479217526, -29.470392943838522], [-51.97115764252872, -29.47023498540759], [-51.97117141951163, -29.470185401031316], [-51.97117090927319, -29.47013186370292], [-51.97115010723935, -29.47008918257779], [-51.97112002635744, -29.47007155510575], [-51.97105469823136, -29.47006489303782], [-51.970992418063, -29.470092712863178], [-51.970883787186025, -29.47010778308217], [-51.970696107704526, -29.47010320313263], [-51.97059944106944, -29.47008963064953], [-51.97048205212972, -29.470041704868944], [-51.97044766598301, -29.470000312592877], [-51.970432279997965, -29.469955212321356], [-51.970437253848765, -29.46990639414623], [-51.970483672196934, -29.469783506066726], [-51.97053397096507, -29.469693309213284], [-51.97056771964847, -29.469667779770866], [-51.97060505153699, -29.469661558530746], [-51.97071247963508, -29.469698699930635], [-51.97075670146257, -29.469702095427298], [-51.97082957344524, -29.46967999868495], [-51.97085651002977, -29.46965303169162], [-51.97092979296056, -29.469482950285855], [-51.970955476769014, -29.469375468247726], [-51.97094686746188, -29.469236366719908], [-51.970906089416545, -29.46903376059207], [-51.9709159316354, -29.468920020190744], [-51.970927534219555, -29.468863632389414], [-51.97101118652184, -29.468740323742704], [-51.970996473786535, -29.468629551112926], [-51.970973165865665, -29.468581727475147], [-51.97087500185277, -29.468621078591173], [-51.97061665262337, -29.468756861103035], [-51.970349569703295, -29.468930443971814], [-51.9703162753207, -29.469162700070516], [-51.9703387074626, -29.46937818136044], [-51.97033780973499, -29.4695171540762], [-51.97032027851666, -29.46960021376379], [-51.97027092844934, -29.469706867584456], [-51.97023040635159, -29.46975026354519], [-51.97018528179106, -29.469785267171773], [-51.97011075860411, -29.469813479250767], [-51.970017240020034, -29.46982639911072], [-51.969971572632055, -29.46981981475258], [-51.96990630602463, -29.469805560483437], [-51.969279476356085, -29.46957344350909], [-51.96899896520887, -29.470175254796498], [-51.97020102385593, -29.470610685831097], [-51.97030266303429, -29.47067318906495], [-51.97034199620078, -29.470750883095327], [-51.9710966206402, -29.47101304871653], [-51.971226570793796, -29.47095761560593], [-51.97124119465511, -29.470881392103937], [-51.97122537594354, -29.470832255477863], [-51.97119436441889, -29.47079964711756], [-51.971107100663154, -29.47077043416283], [-51.9708937456476, -29.470754081131652], [-51.97076179842326, -29.470689374254757]]]}}, {"id": "18", "type": "Feature", "properties": {"id": 67, "codigo": "0029", "Area_m2": null}, "geometry": {"type": "Polygon", "coordinates": [[[-51.96913185486786, -29.469515240124437], [-51.96747336126184, -29.468879361486508], [-51.967179870177496, -29.4695307621784], [-51.96886233296384, -29.47011713085468], [-51.96913185486786, -29.469515240124437]]]}}, {"id": "19", "type": "Feature", "properties": {"id": 71, "codigo": "0035", "Area_m2": null}, "geometry": {"type": "Polygon", "coordinates": [[[-51.970424817864846, -29.46864827272966], [-51.969878273456054, -29.468173992379434], [-51.96933195936378, -29.46943509498921], [-51.96999736749418, -29.469684491183976], [-51.97007106893545, -29.46967943693711], [-51.97014494750374, -29.469632953555045], [-51.97017898358471, -29.46958023351001], [-51.9701926218623, -29.469502768630296], [-51.970173265985245, -29.469124385700027], [-51.9701900440684, -29.468973154521336], [-51.970216452908716, -29.468896584916795], [-51.970252603641036, -29.468841766368907], [-51.970289689398086, -29.468808121156], [-51.970410798586954, -29.46874048844164], [-51.97043269362896, -29.468690357774932], [-51.970424817864846, -29.46864827272966]]]}}, {"id": "20", "type": "Feature", "properties": {"id": 848, "codigo": "0063", "Area_m2": null}, "geometry": {"type": "Polygon", "coordinates": [[[-51.97581271166441, -29.474997836856733], [-51.97505005657513, -29.475187698674432], [-51.97337234548207, -29.475624147855825], [-51.973576889924786, -29.475751246632917], [-51.97398293746189, -29.475963662122336], [-51.97463766748247, -29.475712460766278], [-51.9745451618334, -29.475590589885076], [-51.97552031890122, -29.475105137976147], [-51.97582919635055, -29.475050229172997], [-51.97581271166441, -29.474997836856733]]]}}, {"id": "21", "type": "Feature", "properties": {"id": 854, "codigo": "0069", "Area_m2": null}, "geometry": {"type": "Polygon", "coordinates": [[[-51.977915614071456, -29.474967392414083], [-51.97743412392035, -29.475074557399374], [-51.97787915718506, -29.47531504084933], [-51.978020480040804, -29.475303129288587], [-51.977915614071456, -29.474967392414083]]]}}, {"id": "22", "type": "Feature", "properties": {"id": 852, "codigo": "0067", "Area_m2": null}, "geometry": {"type": "Polygon", "coordinates": [[[-51.97681366407696, -29.474766274731092], [-51.976484131618335, -29.47485090520844], [-51.97651074724982, -29.474929070622064], [-51.97685487639997, -29.47486789516298], [-51.97681366407696, -29.474766274731092]]]}}, {"id": "23", "type": "Feature", "properties": {"id": 936, "codigo": "0184", "Area_m2": "260389,26"}, "geometry": {"type": "Polygon", "coordinates": [[[-51.97211191829627, -29.474022708098758], [-51.97306132120712, -29.475313732716618], [-51.97330637965239, -29.47556744470094], [-51.97433927624395, -29.475294895718008], [-51.97413252331271, -29.47478455302159], [-51.9740255965832, -29.47481772008815], [-51.97400180300551, -29.47475718137218], [-51.97532045603941, -29.474252074535656], [-51.97597186114497, -29.474048715257556], [-51.97617410642187, -29.47483699055378], [-51.97692568151601, -29.474651091430417], [-51.97700279602863, -29.474446046896677], [-51.97821707355835, -29.473976427592387], [-51.97882882024362, -29.47389495206229], [-51.97951677805475, -29.473536499831642], [-51.97973863014998, -29.473384341892544], [-51.979704074444484, -29.47331984623491], [-51.98004992514816, -29.47317561905991], [-51.980253391454625, -29.47357682136778], [-51.980885611588214, -29.473188570169096], [-51.982153820576116, -29.473412892063656], [-51.982217025226404, -29.473386382980287], [-51.98231238918402, -29.473440939815156], [-51.98275080395681, -29.47351848699655], [-51.98323798492308, -29.473314224288025], [-51.982779328293894, -29.47277751342373], [-51.98273520525096, -29.472480026142456], [-51.982974550936596, -29.47130085745583], [-51.98292650881266, -29.471216883273026], [-51.9791272576409, -29.472568887149148], [-51.97885643151461, -29.472068737710735], [-51.98215537062083, -29.470818317586197], [-51.981728135806804, -29.468913107400915], [-51.981160609061746, -29.469363395117917], [-51.980823689297665, -29.469696110691242], [-51.98066895900102, -29.469810888913546], [-51.980320677443686, -29.469922789406784], [-51.98023445383311, -29.46993066592446], [-51.98007676846415, -29.469915810015834], [-51.97990887315768, -29.46977190713935], [-51.97973188009153, -29.469595760158878], [-51.97960041372958, -29.469428893486562], [-51.97950620326799, -29.469281675912264], [-51.979314258015826, -29.468863177624055], [-51.97924457226174, -29.46876100044415], [-51.97911692454435, -29.46864462496151], [-51.97889239932217, -29.468504460497194], [-51.978794077129685, -29.46847037451232], [-51.9786757271502, -29.46844797393594], [-51.97850669231112, -29.46846615445684], [-51.97830347240119, -29.468529923664562], [-51.9780873768662, -29.46862530913367], [-51.977779544263726, -29.468707259611765], [-51.97747301683674, -29.468765399982754], [-51.977320121360485, -29.46881113194531], [-51.9772350270095, -29.468858986725774], [-51.977062932354094, -29.46913302959849], [-51.97693746141881, -29.469707721930956], [-51.976923104413174, -29.469897585536057], [-51.97693180745078, -29.470150640309562], [-51.97686895402147, -29.47038911219341], [-51.976919307525314, -29.471190917633322], [-51.97695437928306, -29.47141272919524], [-51.97696090242217, -29.471539858572605], [-51.976939595723245, -29.4716475040828], [-51.97696507037581, -29.471832137920902], [-51.97693139554588, -29.471920820935782], [-51.97688743545539, -29.471984312052154], [-51.97677894521824, -29.47208026145827], [-51.97664237748598, -29.47215277488239], [-51.97648244090484, -29.472155150228247], [-51.976362911433206, -29.47222996876973], [-51.9762736442446, -29.47235729766534], [-51.97620536112639, -29.472556639532048], [-51.97609466784882, -29.472716303329857], [-51.97600753613853, -29.472943180743627], [-51.976208260044295, -29.473337026227185], [-51.975987325944274, -29.473431797959627], [-51.975837520301354, -29.473164396787787], [-51.97568721180369, -29.473363100166928], [-51.97559070349066, -29.473459844825296], [-51.975421186660505, -29.473582470244743], [-51.97529444859843, -29.473647217830564], [-51.9750890809802, -29.47371611246497], [-51.97494535883474, -29.473742095967804], [-51.9745060110751, -29.4737409810295], [-51.97421490851913, -29.473711685940454], [-51.973999175843936, -29.47367486665224], [-51.97357856002095, -29.473563802996463], [-51.97227241402849, -29.47330011225377], [-51.97199065318305, -29.473287865043165], [-51.97174848877549, -29.473170164588115], [-51.971178570805854, -29.473053105703563], [-51.97158152954209, -29.47340242500379], [-51.971724069380684, -29.473543516459628], [-51.97211191829627, -29.474022708098758]], [[-51.976560538228505, -29.473185913230946], [-51.976208260201105, -29.47333702653484], [-51.976208260044295, -29.473337026227185], [-51.976560538228505, -29.473185913230946]]]}}, {"id": "24", "type": "Feature", "properties": {"id": 937, "codigo": "0185", "Area_m2": "161726,29"}, "geometry": {"type": "Polygon", "coordinates": [[[-51.9725701339887, -29.470502707402822], [-51.97226217732209, -29.470528701941102], [-51.9722886110274, -29.47081871482489], [-51.97259618125987, -29.470788469896668], [-51.9725701339887, -29.470502707402822]]]}}, {"id": "25", "type": "Feature", "properties": {"id": 937, "codigo": "0185", "Area_m2": "161726,29"}, "geometry": {"type": "Polygon", "coordinates": [[[-51.972771957502395, -29.470485671124315], [-51.972808167122935, -29.47076762388646], [-51.97318039462752, -29.470731019419844], [-51.97314484247781, -29.470454194558734], [-51.972771957502395, -29.470485671124315]]]}}, {"id": "26", "type": "Feature", "properties": {"id": 937, "codigo": "0185", "Area_m2": "161726,29"}, "geometry": {"type": "Polygon", "coordinates": [[[-51.97340593418019, -29.469804258602093], [-51.973446437509, -29.470151776596587], [-51.973600153747576, -29.470132968636165], [-51.97360325195442, -29.470158338016084], [-51.97384816649493, -29.470123038022724], [-51.973838404403786, -29.470071819633965], [-51.97370833462349, -29.47004655454658], [-51.97347921908592, -29.469813589665954], [-51.97340593418019, -29.469804258602093]]]}}, {"id": "27", "type": "Feature", "properties": {"id": 937, "codigo": "0185", "Area_m2": "161726,29"}, "geometry": {"type": "Polygon", "coordinates": [[[-51.97256006621924, -29.470429802093822], [-51.97250801073662, -29.46984106057657], [-51.97223063894954, -29.46974149534931], [-51.972369329930075, -29.469144854526405], [-51.972437383147614, -29.469082345789875], [-51.97238206055876, -29.468357165135693], [-51.97206066150999, -29.46834256053249], [-51.971750786504124, -29.468348180915598], [-51.97188046265607, -29.46974687119544], [-51.972188833259935, -29.46972497824242], [-51.97221685454116, -29.47003144741952], [-51.97190935527067, -29.470054406938814], [-51.971947840356805, -29.470468159072883], [-51.972254571528396, -29.470445256950068], [-51.97225574739265, -29.47045815777177], [-51.97256006621924, -29.470429802093822]]]}}, {"id": "28", "type": "Feature", "properties": {"id": 937, "codigo": "0185", "Area_m2": "161726,29"}, "geometry": {"type": "Polygon", "coordinates": [[[-51.97672758578281, -29.47183505984432], [-51.97665195519227, -29.471535872995418], [-51.976627479819236, -29.470489913143023], [-51.976663402858904, -29.469526471522975], [-51.976694283131835, -29.469137733648108], [-51.97704401817666, -29.468713965907153], [-51.977987839668096, -29.468348456498155], [-51.97877611500361, -29.468201388793055], [-51.979161815202616, -29.468306123223524], [-51.97901637559703, -29.467091025440503], [-51.97876437804785, -29.46709450173912], [-51.97898587419148, -29.46760727779972], [-51.97873110249631, -29.467925014534913], [-51.977734019305984, -29.46826625580249], [-51.97726789031771, -29.468053087854436], [-51.97698009897464, -29.468154472080695], [-51.97653900654329, -29.46840137516001], [-51.97626930628574, -29.469314844034976], [-51.975984103186825, -29.469686946797566], [-51.975521858504344, -29.469879853793056], [-51.975503825229524, -29.47015072561082], [-51.97437993880282, -29.47017700866322], [-51.97400132346472, -29.470103465449828], [-51.97407747767779, -29.470781613878497], [-51.97547262661641, -29.47148622573619], [-51.97599193469159, -29.47221666400269], [-51.97672758578281, -29.47183505984432]]]}}, {"id": "29", "type": "Feature", "properties": {"id": 937, "codigo": "0185", "Area_m2": "161726,29"}, "geometry": {"type": "Polygon", "coordinates": [[[-51.97332878208831, -29.469793225085777], [-51.97297322028712, -29.46974509286485], [-51.97294392001902, -29.46991677558664], [-51.97274806960522, -29.46992723197874], [-51.972715879810714, -29.469915677147444], [-51.97275730545244, -29.470408464438687], [-51.973188912349535, -29.470375572172628], [-51.973187672963775, -29.470364378438667], [-51.97339306146862, -29.470347005247977], [-51.97332878208831, -29.469793225085777]]]}}, {"id": "30", "type": "Feature", "properties": {"id": 937, "codigo": "0185", "Area_m2": "161726,29"}, "geometry": {"type": "Polygon", "coordinates": [[[-51.97292169026643, -29.468637496491365], [-51.97275331737031, -29.468501651322466], [-51.97257293701179, -29.46839890063368], [-51.972623781110975, -29.468911134176366], [-51.97292169026643, -29.468637496491365]]]}}, {"id": "31", "type": "Feature", "properties": {"id": 64, "codigo": "0026", "Area_m2": null}, "geometry": {"type": "Polygon", "coordinates": [[[-51.96816047484863, -29.471637293700557], [-51.96689271929365, -29.471208546820264], [-51.966685085462906, -29.471664525308416], [-51.96709244027007, -29.471801367149585], [-51.967146031016604, -29.471796629591996], [-51.96724710692442, -29.47182647935777], [-51.96741459605769, -29.47190489403129], [-51.96797276906413, -29.472084254078293], [-51.968167200991864, -29.47165081623955], [-51.96816047484863, -29.471637293700557]]]}}, {"id": "32", "type": "Feature", "properties": {"id": 2333, "codigo": "0025", "Area_m2": null}, "geometry": {"type": "Polygon", "coordinates": [[[-51.96653902625843, -29.471608388735234], [-51.96659401362229, -29.471636088354515], [-51.966792557632864, -29.471215750464765], [-51.96658948581703, -29.471183804142356], [-51.96647306273018, -29.471182220201978], [-51.96642987527042, -29.471196871064834], [-51.966395945445235, -29.471228540993167], [-51.96638206876063, -29.471279181605958], [-51.966431071476975, -29.47144240095331], [-51.96649142210728, -29.471557970836592], [-51.96653902625843, -29.471608388735234]]]}}, {"id": "33", "type": "Feature", "properties": {"id": 63, "codigo": "0024", "Area_m2": null}, "geometry": {"type": "Polygon", "coordinates": [[[-51.96617637228061, -29.4711506134387], [-51.96525143822586, -29.470523235067436], [-51.96492577230854, -29.47122343487889], [-51.96582266317299, -29.471563937095123], [-51.96583217764322, -29.47154296854332], [-51.9659509310816, -29.47158382139075], [-51.96598450402474, -29.471575890115425], [-51.96600903172098, -29.47154997425859], [-51.96618305658905, -29.471174884674397], [-51.96617637228061, -29.4711506134387]]]}}, {"id": "34", "type": "Feature", "properties": {"id": 65, "codigo": "0027", "Area_m2": null}, "geometry": {"type": "Polygon", "coordinates": [[[-51.96848739389667, -29.470931689958665], [-51.966790342733006, -29.470360437296485], [-51.96652862283649, -29.47091437044984], [-51.96821778188152, -29.471487357058027], [-51.96824791794887, -29.4714787050559], [-51.96848739389667, -29.470931689958665]]]}}, {"id": "35", "type": "Feature", "properties": {"id": 66, "codigo": "0028", "Area_m2": null}, "geometry": {"type": "Polygon", "coordinates": [[[-51.96685603206525, -29.47024582726742], [-51.9685467107047, -29.470812638094785], [-51.96879743971397, -29.470251334081016], [-51.96711650120903, -29.469671814008095], [-51.96685603206525, -29.47024582726742]]]}}, {"id": "36", "type": "Feature", "properties": {"id": 41, "codigo": "0001", "Area_m2": null}, "geometry": {"type": "Polygon", "coordinates": [[[-51.96340177311943, -29.470633506785266], [-51.96478761309631, -29.47117079208282], [-51.96511898140755, -29.470432222848277], [-51.96492580543351, -29.47029610263104], [-51.96401604603791, -29.469267722588558], [-51.96387082103065, -29.46961521538134], [-51.96359799538401, -29.47020455010589], [-51.96402443379316, -29.470414427684805], [-51.964010376877, -29.47043549183611], [-51.963589476790645, -29.470222951091365], [-51.96340177311943, -29.470633506785266]]]}}, {"id": "37", "type": "Feature", "properties": {"id": 62, "codigo": "0023", "Area_m2": null}, "geometry": {"type": "Polygon", "coordinates": [[[-51.966934101370704, -29.469599192046527], [-51.965854288355274, -29.469228660386214], [-51.965604292458565, -29.46976609702968], [-51.965312521085835, -29.47039333459964], [-51.966107228928905, -29.47093876632196], [-51.966269455236066, -29.470986389456833], [-51.966545403158236, -29.4704053978382], [-51.96560429250267, -29.469766097030615], [-51.965614455957514, -29.469744248148892], [-51.96655792578135, -29.470379032045578], [-51.966934101370704, -29.469599192046527]]]}}, {"id": "38", "type": "Feature", "properties": {"id": 42, "codigo": "0002", "Area_m2": null}, "geometry": {"type": "Polygon", "coordinates": [[[-51.96410710247186, -29.469092716053368], [-51.964111961064816, -29.469129221665366], [-51.96417715839187, -29.46921558822744], [-51.9647370282594, -29.469861699092224], [-51.96505741635396, -29.470218730634084], [-51.96517533438569, -29.470300659733184], [-51.965707874875285, -29.46917347281037], [-51.964296266188875, -29.468681993008516], [-51.96410710247186, -29.469092716053368]]]}}, {"id": "39", "type": "Feature", "properties": {"id": 61, "codigo": "0022", "Area_m2": null}, "geometry": {"type": "Polygon", "coordinates": [[[-51.96591814220869, -29.46909510484341], [-51.96699334812766, -29.469466839880486], [-51.96729347645037, -29.46882350803135], [-51.96622064310767, -29.4684207424475], [-51.96591814220869, -29.46909510484341]]]}}, {"id": "40", "type": "Feature", "properties": {"id": 40, "codigo": "0043", "Area_m2": null}, "geometry": {"type": "Polygon", "coordinates": [[[-51.96370273318619, -29.468475389199106], [-51.963665116968016, -29.468487253241015], [-51.963660979468834, -29.468518585649214], [-51.96394175284757, -29.468913670662058], [-51.9639612430714, -29.468918852784068], [-51.9641093250391, -29.46862023249454], [-51.96370273318619, -29.468475389199106]]]}}, {"id": "41", "type": "Feature", "properties": {"id": 43, "codigo": "0003", "Area_m2": null}, "geometry": {"type": "Polygon", "coordinates": [[[-51.96607883256694, -29.468362713362396], [-51.964702430483484, -29.467837734288175], [-51.9646766753215, -29.467847893699695], [-51.964357382990045, -29.46855957062334], [-51.96576757139461, -29.46902896195174], [-51.96607883256694, -29.468362713362396]]]}}, {"id": "42", "type": "Feature", "properties": {"id": 60, "codigo": "0021", "Area_m2": null}, "geometry": {"type": "Polygon", "coordinates": [[[-51.966280137929274, -29.468280357097296], [-51.96735265436573, -29.468682073244203], [-51.967690213298546, -29.467982650126867], [-51.96660234843242, -29.467589048319883], [-51.966280137929274, -29.468280357097296]]]}}, {"id": "43", "type": "Feature", "properties": {"id": 34, "codigo": "0036", "Area_m2": null}, "geometry": {"type": "Polygon", "coordinates": [[[-51.96293839266968, -29.468059426598554], [-51.96416482885081, -29.468481000982027], [-51.96450179796192, -29.467754695265853], [-51.96440117108749, -29.467718836378502], [-51.96407567575549, -29.46785149405019], [-51.96397502847871, -29.468113938626253], [-51.963314359116914, -29.468046525088067], [-51.96302450640534, -29.46793130208438], [-51.96302118241031, -29.467879276522527], [-51.96293839266968, -29.468059426598554]]]}}, {"id": "44", "type": "Feature", "properties": {"id": 44, "codigo": "0004", "Area_m2": null}, "geometry": {"type": "Polygon", "coordinates": [[[-51.964750952843225, -29.46770793554956], [-51.966141371651446, -29.46822953039514], [-51.96646292145242, -29.46753676112928], [-51.965145067442855, -29.46706933003972], [-51.96504597488281, -29.467076397775717], [-51.96486768071243, -29.467460691381827], [-51.964887269015, -29.46752072410793], [-51.9648279184511, -29.46754491280389], [-51.964750952843225, -29.46770793554956]], [[-51.96543578346268, -29.467724313598914], [-51.96514652764742, -29.467672263608122], [-51.96516433186962, -29.467374320317127], [-51.96548443801434, -29.467417121808598], [-51.96543578346268, -29.467724313598914]]]}}, {"id": "45", "type": "Feature", "properties": {"id": 69, "codigo": "0031", "Area_m2": null}, "geometry": {"type": "Polygon", "coordinates": [[[-51.96802220469489, -29.46724040209688], [-51.96755938300293, -29.467093639542536], [-51.967559382999106, -29.467093639543283], [-51.96755938299374, -29.467093639548096], [-51.96728897745029, -29.467670869538242], [-51.96769379549549, -29.467771296421663], [-51.967908303228114, -29.46776934194172], [-51.96828120658486, -29.467705498939296], [-51.96875565293709, -29.467554227623534], [-51.96802220469489, -29.46724040209688]]]}}, {"id": "46", "type": "Feature", "properties": {"id": 59, "codigo": "0020", "Area_m2": null}, "geometry": {"type": "Polygon", "coordinates": [[[-51.967188859979636, -29.467646032277347], [-51.9674620846781, -29.46706278563362], [-51.96693627373545, -29.466877861024095], [-51.96666441563011, -29.467458184273887], [-51.967188859979636, -29.467646032277347]]]}}, {"id": "48", "type": "Feature", "properties": {"id": 31, "codigo": "0033", "Area_m2": null}, "geometry": {"type": "Polygon", "coordinates": [[[-51.96372315152147, -29.466561769857307], [-51.96364114818519, -29.466533179499546], [-51.96354573569476, -29.466739866129483], [-51.963724277372144, -29.466680831513614], [-51.96372315152147, -29.466561769857307]]]}}, {"id": "49", "type": "Feature", "properties": {"id": 31, "codigo": "0033", "Area_m2": null}, "geometry": {"type": "Polygon", "coordinates": [[[-51.96480863502325, -29.467093325943402], [-51.96474919500417, -29.467097565478262], [-51.96477292606806, -29.467170294621255], [-51.96480863502325, -29.467093325943402]]]}}, {"id": "50", "type": "Feature", "properties": {"id": 31, "codigo": "0033", "Area_m2": null}, "geometry": {"type": "Polygon", "coordinates": [[[-51.964645048124325, -29.466990024326286], [-51.96464470646542, -29.466953928109536], [-51.964592803947255, -29.466918205608433], [-51.964645048124325, -29.466990024326286]]]}}, {"id": "51", "type": "Feature", "properties": {"id": 31, "codigo": "0033", "Area_m2": null}, "geometry": {"type": "Polygon", "coordinates": [[[-51.96456212365262, -29.466945501991752], [-51.9645827480024, -29.466945352512447], [-51.96458223554829, -29.466891208185874], [-51.96456212365262, -29.466945501991752]]]}}, {"id": "52", "type": "Feature", "properties": {"id": 45, "codigo": "0005", "Area_m2": null}, "geometry": {"type": "Polygon", "coordinates": [[[-51.96522187852124, -29.466947405981553], [-51.96651851617447, -29.467405666368972], [-51.96677875677388, -29.46684212316851], [-51.966759215454836, -29.46681716434474], [-51.96566553252193, -29.46643797946221], [-51.9653230021576, -29.46670534376188], [-51.96522187852124, -29.466947405981553]]]}}, {"id": "53", "type": "Feature", "properties": {"id": 46, "codigo": "0006", "Area_m2": null}, "geometry": {"type": "Polygon", "coordinates": [[[-51.96569958629311, -29.465657893209382], [-51.965633333103234, -29.4658005000202], [-51.96585256327433, -29.465997577183543], [-51.965906518303655, -29.466249876445755], [-51.96579645540667, -29.46633578675455], [-51.96684873040741, -29.466692737024896], [-51.96710374938007, -29.46614051782144], [-51.96569958629311, -29.465657893209382]]]}}, {"id": "54", "type": "Feature", "properties": {"id": 68, "codigo": "0030", "Area_m2": null}, "geometry": {"type": "Polygon", "coordinates": [[[-51.9692190700688, -29.469391010846667], [-51.9698081860763, -29.468101042191563], [-51.969250884458354, -29.46775295316832], [-51.96892799974278, -29.467613019015353], [-51.968345043773965, -29.467791526314986], [-51.968047204716115, -29.46785822174424], [-51.96790552325195, -29.467874701765787], [-51.96769194639062, -29.468312505999453], [-51.96750212430739, -29.46874367454694], [-51.9692190700688, -29.469391010846667]]]}}, {"id": "55", "type": "Feature", "properties": {"id": 70, "codigo": "0033", "Area_m2": null}, "geometry": {"type": "Polygon", "coordinates": [[[-51.97268736454473, -29.466985082824568], [-51.97190293494348, -29.467088755243477], [-51.97068791822734, -29.46730371459423], [-51.97065482900036, -29.46719170453812], [-51.972114150216434, -29.466999597390473], [-51.97202712978518, -29.466314269314285], [-51.967556040708125, -29.465535183636288], [-51.966991296731756, -29.46675865950051], [-51.96798929321399, -29.467105308915116], [-51.969104161303235, -29.46757062502933], [-51.969316473254864, -29.467672363879384], [-51.96977681976815, -29.467962055566314], [-51.97014758126246, -29.468235552174118], [-51.97049965145202, -29.468516282814175], [-51.970542970301004, -29.468537798557357], [-51.97060733193583, -29.468549433402686], [-51.970670741427675, -29.468541172350314], [-51.97117324981413, -29.468351697982232], [-51.97161555584271, -29.468216145398955], [-51.97199649115022, -29.468208849391235], [-51.97237435609473, -29.468233178638794], [-51.972611960907095, -29.46827607715523], [-51.97276218603982, -29.468348911719016], [-51.97299144269902, -29.468532660725163], [-51.972886904296836, -29.46826567980699], [-51.97251316472987, -29.468006696302236], [-51.97183049031327, -29.467795091337827], [-51.97179636973453, -29.467461427981288], [-51.97197863287304, -29.467108135109747], [-51.97263818097748, -29.467058193224155], [-51.97268736454473, -29.466985082824568]]]}}, {"id": "56", "type": "Feature", "properties": {"id": 70, "codigo": "0033", "Area_m2": null}, "geometry": {"type": "Polygon", "coordinates": [[[-51.97222896017962, -29.4668883047919], [-51.97278509093398, -29.466839814480565], [-51.97279070999963, -29.46683146185066], [-51.97260027740938, -29.466233397060538], [-51.97215792961202, -29.46627816160639], [-51.97222896017962, -29.4668883047919]]]}}, {"id": "57", "type": "Feature", "properties": {"id": 70, "codigo": "0033", "Area_m2": null}, "geometry": {"type": "Polygon", "coordinates": [[[-51.967642579007, -29.46534770209441], [-51.972213924858636, -29.46613647624164], [-51.972560974993165, -29.466109965502557], [-51.972535554721134, -29.466030131637773], [-51.972211749026776, -29.465599313538153], [-51.972355840042475, -29.46448822707185], [-51.97275447314693, -29.46411530283992], [-51.97284075611794, -29.464098865650506], [-51.97279882193578, -29.463743649956466], [-51.97233079673778, -29.463790695822173], [-51.972314275537094, -29.46366518620431], [-51.972783986058744, -29.46361797791646], [-51.97272522591313, -29.46312022672373], [-51.971065070782764, -29.46329097314655], [-51.97105550360824, -29.463306464517327], [-51.97072339968197, -29.46333381686874], [-51.970743862200614, -29.46342602776723], [-51.970704548739356, -29.46347659950383], [-51.97061793941379, -29.463504244864577], [-51.97043722963868, -29.463515411843435], [-51.970362798342144, -29.463533803061758], [-51.96996804370718, -29.463666313047785], [-51.96985274939339, -29.463720439491897], [-51.969775646222885, -29.463732996283994], [-51.96975028493154, -29.46377623904117], [-51.9696216113432, -29.463733481672556], [-51.969479031320645, -29.46394025509132], [-51.9693278156612, -29.463862638065855], [-51.96889571425935, -29.46406858432851], [-51.96879841202076, -29.464021603107792], [-51.96852464280665, -29.464145008659425], [-51.968336734126666, -29.464054278616594], [-51.96857719995051, -29.46391479316148], [-51.96835147372343, -29.46380580301272], [-51.967642579007, -29.46534770209441]]]}}, {"id": "58", "type": "Feature", "properties": {"id": 206, "codigo": "0015", "Area_m2": null}, "geometry": {"type": "Polygon", "coordinates": [[[-51.97285262245342, -29.463257011374772], [-51.97294915757823, -29.464078214816208], [-51.97344416134823, -29.463983914971898], [-51.97376556010475, -29.464030176345275], [-51.97366356589933, -29.463185052900847], [-51.97285262245342, -29.463257011374772]]]}}, {"id": "59", "type": "Feature", "properties": {"id": 57, "codigo": "0017", "Area_m2": null}, "geometry": {"type": "Polygon", "coordinates": [[[-51.96879841202076, -29.464021603107792], [-51.96857719995051, -29.46391479316148], [-51.968336734126666, -29.464054278616594], [-51.96852464280665, -29.464145008659425], [-51.96879841202076, -29.464021603107792]]]}}, {"id": "60", "type": "Feature", "properties": {"id": 57, "codigo": "0017", "Area_m2": null}, "geometry": {"type": "Polygon", "coordinates": [[[-51.96855043123877, -29.463377535723], [-51.968389896701815, -29.463723095618032], [-51.96899445330159, -29.464021523989203], [-51.9693278156612, -29.463862638065855], [-51.969479031320645, -29.46394025509132], [-51.9696216113432, -29.463733481672556], [-51.96855043123877, -29.463377535723]]]}}, {"id": "61", "type": "Feature", "properties": {"id": 55, "codigo": "0015", "Area_m2": null}, "geometry": {"type": "Polygon", "coordinates": [[[-51.96999626027829, -29.46339370466563], [-51.969852749390164, -29.4637204395005], [-51.96996804371143, -29.463666313056066], [-51.9703627983454, -29.4635338030703], [-51.970437229640446, -29.463515411852367], [-51.97061793941451, -29.4635042448736], [-51.97070454874289, -29.463476599512283], [-51.97074386221092, -29.463426027767255], [-51.97072339969227, -29.463333816867895], [-51.96999626027829, -29.46339370466563]]]}}, {"id": "62", "type": "Feature", "properties": {"id": 54, "codigo": "0014", "Area_m2": null}, "geometry": {"type": "Polygon", "coordinates": [[[-51.971148594026815, -29.463155730548152], [-51.9727149022046, -29.462993695123682], [-51.97266725684258, -29.462577281827414], [-51.97249372935074, -29.462727409565574], [-51.97189358430105, -29.46251520117443], [-51.97149220185071, -29.462599353512484], [-51.971148594026815, -29.463155730548152]]]}}, {"id": "63", "type": "Feature", "properties": {"id": 205, "codigo": "0014", "Area_m2": null}, "geometry": {"type": "Polygon", "coordinates": [[[-51.97284247082206, -29.46312623757139], [-51.97362547696174, -29.463062777569778], [-51.97352544367114, -29.46221126831962], [-51.973041173942384, -29.462265885619292], [-51.97304022317354, -29.462254609085036], [-51.972763953156985, -29.46249362477218], [-51.97284247082206, -29.46312623757139]]]}}, {"id": "64", "type": "Feature", "properties": {"id": 205, "codigo": "0014", "Area_m2": null}, "geometry": {"type": "Polygon", "coordinates": [[[-51.97349721554895, -29.462123363767855], [-51.973230142239125, -29.462090300136374], [-51.973150822371366, -29.462158923915858], [-51.97349721554895, -29.462123363767855]]]}}, {"id": "65", "type": "Feature", "properties": {"id": 26, "codigo": "0027", "Area_m2": null}, "geometry": {"type": "Polygon", "coordinates": [[[-51.96550660389851, -29.4655881560025], [-51.96539432605492, -29.465549161501862], [-51.96538450247079, -29.465576813495005], [-51.96547441064678, -29.465657636532242], [-51.96550660389851, -29.4655881560025]]]}}, {"id": "66", "type": "Feature", "properties": {"id": 47, "codigo": "0007", "Area_m2": null}, "geometry": {"type": "Polygon", "coordinates": [[[-51.96601651194466, -29.4649818687702], [-51.96575670470206, -29.46553237512012], [-51.967158893623434, -29.466019994221238], [-51.967416130585335, -29.4654695240792], [-51.96601651194466, -29.4649818687702]]]}}, {"id": "67", "type": "Feature", "properties": {"id": 47, "codigo": "0007", "Area_m2": null}, "geometry": {"type": "Polygon", "coordinates": [[[-51.966093110015684, -29.46481956363668], [-51.96749403071785, -29.465302821641924], [-51.967737620525135, -29.464781547790423], [-51.96634063419883, -29.46429507649954], [-51.966093110015684, -29.46481956363668]]]}}, {"id": "68", "type": "Feature", "properties": {"id": 22, "codigo": "0023", "Area_m2": null}, "geometry": {"type": "Polygon", "coordinates": [[[-51.96556539719165, -29.465461266002645], [-51.96582084431643, -29.464909945751746], [-51.964955881156335, -29.464602801449313], [-51.96484298019783, -29.465021210518273], [-51.965464861686854, -29.465350613722805], [-51.96544091100123, -29.465418031498857], [-51.96556539719165, -29.465461266002645]]]}}, {"id": "69", "type": "Feature", "properties": {"id": 18, "codigo": "0019", "Area_m2": null}, "geometry": {"type": "Polygon", "coordinates": [[[-51.96610147886156, -29.46432608995243], [-51.965847568041966, -29.46438219679109], [-51.9656810384996, -29.464220961018892], [-51.96508209403512, -29.464135058625835], [-51.964989852998706, -29.46447690236815], [-51.96590227699081, -29.464779512290043], [-51.96610147886156, -29.46432608995243]]]}}, {"id": "70", "type": "Feature", "properties": {"id": 49, "codigo": "0009", "Area_m2": null}, "geometry": {"type": "Polygon", "coordinates": [[[-51.96780612712759, -29.463535674519743], [-51.96724161166791, -29.463244644113292], [-51.96722114312718, -29.463505853121056], [-51.966925610172154, -29.463878012111824], [-51.96707220227005, -29.464111588570564], [-51.96655781972444, -29.46422525201564], [-51.96779401843668, -29.46465028790596], [-51.968207674078734, -29.463737200986838], [-51.96782777229236, -29.46354683919784], [-51.96771638420413, -29.463828238129125], [-51.96768995733085, -29.463809758957808], [-51.96780612712759, -29.463535674519743]]]}}, {"id": "71", "type": "Feature", "properties": {"id": 16, "codigo": "0016", "Area_m2": null}, "geometry": {"type": "Polygon", "coordinates": [[[-51.96419201000134, -29.462775246318426], [-51.96406145720749, -29.463077543399578], [-51.96424156157924, -29.46279183272618], [-51.96419201000134, -29.462775246318426]]]}}, {"id": "72", "type": "Feature", "properties": {"id": 50, "codigo": "0010", "Area_m2": null}, "geometry": {"type": "Polygon", "coordinates": [[[-51.967253808203644, -29.463143776731435], [-51.968255773980765, -29.46365061419872], [-51.96840477377094, -29.463329134725377], [-51.96820884889311, -29.46326403020524], [-51.96752201771286, -29.46261022352322], [-51.967257937466755, -29.463036302650508], [-51.967253808203644, -29.463143776731435]]]}}, {"id": "73", "type": "Feature", "properties": {"id": 836, "codigo": "0048", "Area_m2": "26264,15"}, "geometry": {"type": "Polygon", "coordinates": [[[-51.978573144953444, -29.4817374504291], [-51.97853930871255, -29.481757642454305], [-51.9785488382764, -29.481785302164884], [-51.978573144953444, -29.4817374504291]]]}}, {"id": "74", "type": "Feature", "properties": {"id": 847, "codigo": "0061", "Area_m2": null}, "geometry": {"type": "Polygon", "coordinates": [[[-51.98911182414668, -29.47320422937608], [-51.98851825411997, -29.473389278773325], [-51.988785508212366, -29.47406516981513], [-51.989000010233006, -29.47401292310429], [-51.98914587899406, -29.474165257575713], [-51.98913773147317, -29.473326027532995], [-51.989158320312804, -29.473321863065607], [-51.98911182414668, -29.47320422937608]]]}}, {"id": "75", "type": "Feature", "properties": {"id": 847, "codigo": "0061", "Area_m2": null}, "geometry": {"type": "Polygon", "coordinates": [[[-51.98929967535166, -29.47329327143741], [-51.9895082891536, -29.47325107550074], [-51.98925778872494, -29.47318734112618], [-51.98929967535166, -29.47329327143741]]]}}, {"id": "76", "type": "Feature", "properties": {"id": 855, "codigo": "0071", "Area_m2": "38862,42"}, "geometry": {"type": "Polygon", "coordinates": [[[-51.97932631282455, -29.474612248800874], [-51.97803073684867, -29.474938934055473], [-51.97813500925285, -29.47528754613127], [-51.97846276777168, -29.475255630871114], [-51.97865064593909, -29.4752020398344], [-51.978778367201045, -29.47558921707715], [-51.97868686549416, -29.475599480601794], [-51.978645630483115, -29.475699764558026], [-51.978848155788874, -29.476239141047344], [-51.9800086319059, -29.475902229115896], [-51.97987590397537, -29.47437156623308], [-51.97932631282455, -29.474612248800874]]]}}, {"id": "77", "type": "Feature", "properties": {"id": 1005, "codigo": "0265", "Area_m2": "12739,38"}, "geometry": {"type": "Polygon", "coordinates": [[[-51.98275080393996, -29.473518486993573], [-51.983530379884606, -29.473656379055946], [-51.98323798491676, -29.473314224280642], [-51.98275080393996, -29.473518486993573]]]}}, {"id": "78", "type": "Feature", "properties": {"id": 887, "codigo": "0108", "Area_m2": "184016,15"}, "geometry": {"type": "Polygon", "coordinates": [[[-51.98212700082255, -29.468710348885832], [-51.98211790573234, -29.468689725198978], [-51.98170900831057, -29.468827808558448], [-51.98215537064196, -29.470818317589657], [-51.978856431493185, -29.47206873768176], [-51.9791272576409, -29.472568887149148], [-51.98292650881272, -29.471216883273026], [-51.98287440687098, -29.47110279633503], [-51.982957563308894, -29.470944363598413], [-51.98306493237695, -29.470837111639195], [-51.98245694923848, -29.469458519443567], [-51.98307719686176, -29.469239633218475], [-51.982827062408596, -29.46869688059431], [-51.98212700082255, -29.468710348885832]]]}}, {"id": "79", "type": "Feature", "properties": {"id": 887, "codigo": "0108", "Area_m2": "184016,15"}, "geometry": {"type": "Polygon", "coordinates": [[[-51.98520973771513, -29.4693452781149], [-51.985053263895814, -29.46929229814283], [-51.984837227203705, -29.469197389690226], [-51.984612510504384, -29.46903899145535], [-51.98446816262657, -29.468849398414868], [-51.9843724904167, -29.468663685187522], [-51.98383178116804, -29.468672149140207], [-51.98389351496474, -29.468815052373643], [-51.9830762997127, -29.468812085830514], [-51.98384098300588, -29.470604524030907], [-51.98391308973007, -29.470567123033252], [-51.985958730850534, -29.47083242190189], [-51.985327657681566, -29.469422220423926], [-51.98520973771513, -29.4693452781149]]]}}, {"id": "80", "type": "Feature", "properties": {"id": 887, "codigo": "0108", "Area_m2": "184016,15"}, "geometry": {"type": "Polygon", "coordinates": [[[-51.98642673649259, -29.471878231295477], [-51.98609363594352, -29.473159103113993], [-51.9861788454947, -29.473438235332033], [-51.98728511341948, -29.47379636768675], [-51.98642673649259, -29.471878231295477]]]}}, {"id": "81", "type": "Feature", "properties": {"id": 1001, "codigo": "0261", "Area_m2": "12954,23"}, "geometry": {"type": "Polygon", "coordinates": [[[-51.98370824783053, -29.47067337236702], [-51.98307719686176, -29.469239633218475], [-51.98245694923848, -29.469458519443567], [-51.98306493237695, -29.470837111639195], [-51.982957563308894, -29.470944363598413], [-51.982902980140764, -29.471039194850096], [-51.98287440687098, -29.47110279633503], [-51.98290310828467, -29.471165643479424], [-51.98300962615707, -29.471128054668252], [-51.983030568933295, -29.471024877266657], [-51.98370824783053, -29.47067337236702]]]}}, {"id": "82", "type": "Feature", "properties": {"id": 938, "codigo": "0186", "Area_m2": "272482,69"}, "geometry": {"type": "Polygon", "coordinates": [[[-51.98114659531318, -29.467583689958087], [-51.98123871111659, -29.46808704225815], [-51.98094252260806, -29.46838703918399], [-51.98056148954558, -29.468443995113745], [-51.980565984298686, -29.467839310470854], [-51.98016674281433, -29.467075156159357], [-51.97901637644591, -29.467091025428793], [-51.979161815202616, -29.468306123223524], [-51.97971379971194, -29.46886186988872], [-51.97999318307393, -29.469452693741413], [-51.98012537189889, -29.46966767023737], [-51.98030072805621, -29.469705642247025], [-51.9804077703725, -29.46965025529648], [-51.9806650569392, -29.46945814302345], [-51.9808134248795, -29.46931445593711], [-51.981098693615145, -29.469125693220715], [-51.98136473245829, -29.468972524226178], [-51.981523854775695, -29.468715934165175], [-51.98152110675447, -29.468606405228297], [-51.98154254223255, -29.4684340656975], [-51.98160723541488, -29.46816312083204], [-51.98149951042811, -29.468003941283424], [-51.98145778583857, -29.467879037865504], [-51.98114659531318, -29.467583689958087]]]}}, {"id": "83", "type": "Feature", "properties": {"id": 938, "codigo": "0186", "Area_m2": "272482,69"}, "geometry": {"type": "Polygon", "coordinates": [[[-51.98762911803782, -29.468595243687794], [-51.987491167853975, -29.468103729080966], [-51.987498662619906, -29.467957976521422], [-51.987245486662935, -29.46756412719], [-51.98685892871246, -29.467110145435928], [-51.986725384878, -29.46670539401316], [-51.986728286648635, -29.466369815602885], [-51.987403016895186, -29.46635054835781], [-51.98743861912932, -29.466211729329263], [-51.98715290152547, -29.46431328455643], [-51.9870186264659, -29.46430809835133], [-51.986135387812396, -29.464684656022822], [-51.98602412932175, -29.465976004665723], [-51.9859022183525, -29.466166425363177], [-51.98561668563609, -29.466243696680998], [-51.98564244113285, -29.46642798086099], [-51.98549863628817, -29.466439188417016], [-51.985487510779286, -29.46635960379889], [-51.985482479071564, -29.466485396663124], [-51.984972544700156, -29.46707577358111], [-51.98470294718419, -29.466924349641097], [-51.98442768475185, -29.466186365026058], [-51.98398600961305, -29.4663701242271], [-51.98368365022712, -29.46602942276777], [-51.98301084453931, -29.465772679081297], [-51.98297522421836, -29.465649405431687], [-51.98299076969534, -29.465899558053977], [-51.9832864188823, -29.465948382106212], [-51.983413767661744, -29.465986133174347], [-51.98351648867086, -29.46606599373218], [-51.98366427732432, -29.46623338138814], [-51.983852796298514, -29.46663090645396], [-51.98402038678465, -29.466818887101432], [-51.98415727474751, -29.46706175811322], [-51.984391698713196, -29.46731751265896], [-51.98467306451257, -29.46896745974103], [-51.985496323084995, -29.46907596172316], [-51.986183915418714, -29.46869004822917], [-51.98641270640393, -29.46872649145323], [-51.98724825975257, -29.469633526426612], [-51.98744517333869, -29.469624805959434], [-51.987627103449235, -29.46935572730053], [-51.987715455224645, -29.468982228400307], [-51.98762911803782, -29.468595243687794]]]}}, {"id": "84", "type": "Feature", "properties": {"id": 938, "codigo": "0186", "Area_m2": "272482,69"}, "geometry": {"type": "Polygon", "coordinates": [[[-51.98282402169264, -29.465996912800083], [-51.98277781477362, -29.465422843508033], [-51.982533447729885, -29.465460341569447], [-51.98225798149197, -29.46576921302398], [-51.98145155968984, -29.46555857069104], [-51.98146882369134, -29.466280415482164], [-51.98117200333169, -29.466689352298356], [-51.982063582779844, -29.466497320390424], [-51.98227562504882, -29.466344596362667], [-51.98240101870185, -29.46620529694717], [-51.98252986577248, -29.466092892180132], [-51.98259145488222, -29.46605407622391], [-51.98282402169264, -29.465996912800083]]]}}, {"id": "85", "type": "Feature", "properties": {"id": 938, "codigo": "0186", "Area_m2": "272482,69"}, "geometry": {"type": "Polygon", "coordinates": [[[-51.98112235437928, -29.46745122919256], [-51.981508540222286, -29.46776208774501], [-51.98145251003106, -29.4674703619716], [-51.981434334417855, -29.467210858017307], [-51.98143530906196, -29.46695727576847], [-51.981451249229615, -29.466804769511175], [-51.981575414707, -29.466717385098452], [-51.981124981277276, -29.46675413575608], [-51.98102099988408, -29.466897393516195], [-51.98112235437928, -29.46745122919256]]]}}, {"id": "89", "type": "Feature", "properties": {"id": 975, "codigo": "0225", "Area_m2": null}, "geometry": {"type": "Polygon", "coordinates": [[[-51.989001265816206, -29.467939199583125], [-51.98875864659927, -29.46796176963026], [-51.98937557253648, -29.468013633243366], [-51.989001265816206, -29.467939199583125]]]}}, {"id": "90", "type": "Feature", "properties": {"id": 940, "codigo": "0188", "Area_m2": "125364,12"}, "geometry": {"type": "Polygon", "coordinates": [[[-51.98895647145059, -29.46488551288821], [-51.98848676448678, -29.464939009075344], [-51.98869659380863, -29.46630247705977], [-51.98876926436918, -29.46630528451047], [-51.98891576561934, -29.466340196376947], [-51.98906758468917, -29.466430657362732], [-51.98912454369103, -29.466489303562543], [-51.989497899173585, -29.46697094879928], [-51.98964057774301, -29.467060928544864], [-51.989831824658104, -29.467107201123767], [-51.989933782928084, -29.467113326034656], [-51.99008366872847, -29.467100093848305], [-51.9901978300857, -29.46707128545103], [-51.99029368894199, -29.46703274353307], [-51.99039287929641, -29.466975811528258], [-51.99048870008356, -29.466898140461904], [-51.9905496016075, -29.46683098591228], [-51.990611883649215, -29.46666187216903], [-51.99062289354433, -29.46634895909618], [-51.99064532782689, -29.46620763395669], [-51.99082869409028, -29.465568798550013], [-51.99091839151742, -29.465333430934834], [-51.99102750567611, -29.4651591913726], [-51.99109067602056, -29.465081639641742], [-51.99135002952136, -29.464911194682404], [-51.99157548079591, -29.464785220556298], [-51.99170521651286, -29.464731066943894], [-51.99301016839702, -29.46394917169894], [-51.992671195972086, -29.46358447345088], [-51.99264211762879, -29.46357137863254], [-51.99249069255113, -29.463906419524253], [-51.99082702584046, -29.46462273711831], [-51.990669930137486, -29.465436124104357], [-51.989702009485555, -29.465587719650628], [-51.98898899554028, -29.465439601066713], [-51.98895647145059, -29.46488551288821]]]}}, {"id": "91", "type": "Feature", "properties": {"id": 884, "codigo": "0101", "Area_m2": null}, "geometry": {"type": "Polygon", "coordinates": [[[-51.98796742587424, -29.471584366431568], [-51.98873410737099, -29.473321985435412], [-51.989111824145816, -29.473204229285813], [-51.989087284743626, -29.473143960104192], [-51.988784558470776, -29.473066938001825], [-51.98820484337478, -29.4717807218318], [-51.98802711614411, -29.47156590506699], [-51.98796742587424, -29.471584366431568]]]}}, {"id": "92", "type": "Feature", "properties": {"id": 885, "codigo": "0102", "Area_m2": null}, "geometry": {"type": "Polygon", "coordinates": [[[-51.988072141874746, -29.47008582917454], [-51.98802124793082, -29.470101277597976], [-51.98809541797434, -29.47028489786805], [-51.988072141874746, -29.47008582917454]]]}}, {"id": "93", "type": "Feature", "properties": {"id": 1000, "codigo": "0260", "Area_m2": null}, "geometry": {"type": "Polygon", "coordinates": [[[-51.987931395930254, -29.471450209196526], [-51.98788826649741, -29.4713980791701], [-51.98791301801147, -29.471455966076903], [-51.987931395930254, -29.471450209196526]]]}}, {"id": "94", "type": "Feature", "properties": {"id": 1000, "codigo": "0260", "Area_m2": null}, "geometry": {"type": "Polygon", "coordinates": [[[-51.98806190828652, -29.470593635332627], [-51.98782879731781, -29.470016416594248], [-51.9880559633855, -29.46994746274841], [-51.98804147944697, -29.469823588956373], [-51.988277526772826, -29.469704515928548], [-51.98827506555557, -29.469648220346482], [-51.987798765162076, -29.46855960432219], [-51.98776585097971, -29.468699911470473], [-51.98782650373266, -29.46895886954472], [-51.98779133475611, -29.46919297647634], [-51.98772637689566, -29.469417137245593], [-51.9876642621193, -29.469535085953098], [-51.98757110035125, -29.469646486989973], [-51.9874020495598, -29.469786693213035], [-51.98732995669649, -29.469807562597428], [-51.987266714092804, -29.469809161405013], [-51.98718392013154, -29.469792362203503], [-51.98787394996038, -29.471364596772098], [-51.98806190828652, -29.470593635332627]]]}}, {"id": "95", "type": "Feature", "properties": {"id": 971, "codigo": "0221", "Area_m2": null}, "geometry": {"type": "Polygon", "coordinates": [[[-51.988229320063716, -29.468601880740927], [-51.988126368856285, -29.469308366985743], [-51.98827506555305, -29.469648220288736], [-51.98825446577172, -29.469177040152477], [-51.98824412487226, -29.469153067499217], [-51.98825228992786, -29.469127271935008], [-51.988229320063716, -29.468601880740927]]]}}, {"id": "96", "type": "Feature", "properties": {"id": 939, "codigo": "0187", "Area_m2": null}, "geometry": {"type": "Polygon", "coordinates": [[[-51.98851052617358, -29.465588725144098], [-51.98768171932598, -29.465700897767913], [-51.9875203654941, -29.464582224552295], [-51.987410651160864, -29.46432323981157], [-51.98715290150458, -29.46431328455564], [-51.987454432351036, -29.46631596025511], [-51.98863263784225, -29.466456933664166], [-51.98851052617358, -29.465588725144098]]]}}, {"id": "97", "type": "Feature", "properties": {"id": 939, "codigo": "0187", "Area_m2": null}, "geometry": {"type": "Polygon", "coordinates": [[[-51.98768509676233, -29.464698823920045], [-51.987815133334564, -29.46553343366831], [-51.98835396588012, -29.46544038541681], [-51.98840194937598, -29.46542106080565], [-51.98840998102576, -29.465398390803273], [-51.98832169978194, -29.464805479824093], [-51.98815852773473, -29.46487721716158], [-51.98768509676233, -29.464698823920045]]]}}, {"id": "98", "type": "Feature", "properties": {"id": 943, "codigo": "0193", "Area_m2": null}, "geometry": {"type": "Polygon", "coordinates": [[[-51.98895647145165, -29.46488551290621], [-51.98895193046471, -29.464808151565354], [-51.98878492681013, -29.46460182561842], [-51.9884570575313, -29.46474597082904], [-51.988486764494446, -29.46493900908468], [-51.98895647145165, -29.46488551290621]]]}}, {"id": "99", "type": "Feature", "properties": {"id": 942, "codigo": "0192", "Area_m2": null}, "geometry": {"type": "Polygon", "coordinates": [[[-51.989009086706865, -29.4642544979381], [-51.98899938219784, -29.464191075108907], [-51.988865503945036, -29.46427203668975], [-51.989009086706865, -29.4642544979381]]]}}, {"id": "100", "type": "Feature", "properties": {"id": 38, "codigo": "0041", "Area_m2": null}, "geometry": {"type": "Polygon", "coordinates": [[[-51.96077463374695, -29.47028582591307], [-51.96164018419233, -29.470451215264], [-51.962129394529114, -29.469354713370187], [-51.96134324532158, -29.46907654411057], [-51.96077463374695, -29.47028582591307]]]}}, {"id": "101", "type": "Feature", "properties": {"id": 36, "codigo": "0038", "Area_m2": null}, "geometry": {"type": "Polygon", "coordinates": [[[-51.96334937597418, -29.46835091804056], [-51.96292220807339, -29.46818532652751], [-51.962895802924464, -29.468195061087272], [-51.961862335401015, -29.470455319957576], [-51.96320129891675, -29.470575587004152], [-51.9638868029072, -29.469088768979397], [-51.96334937597418, -29.46835091804056]]]}}, {"id": "102", "type": "Feature", "properties": {"id": 37, "codigo": "0039", "Area_m2": null}, "geometry": {"type": "Polygon", "coordinates": [[[-51.96189277805082, -29.467839420274256], [-51.961343245311504, -29.469076544112472], [-51.96212939453133, -29.46935471337904], [-51.962692379846665, -29.468118708390154], [-51.96189277805082, -29.467839420274256]]]}}, {"id": "103", "type": "Feature", "properties": {"id": 39, "codigo": "0042", "Area_m2": null}, "geometry": {"type": "Polygon", "coordinates": [[[-51.95706723628218, -29.469608894669978], [-51.95876065923908, -29.469739035201588], [-51.96060856965128, -29.47024106874899], [-51.96199499263878, -29.46724016992567], [-51.96197657742283, -29.467262030299434], [-51.96196600967245, -29.46723503265548], [-51.96200102999744, -29.467227101700043], [-51.96212505868225, -29.46695863415847], [-51.96210593788608, -29.466914523765148], [-51.96046551700177, -29.466264844302156], [-51.96026414758765, -29.466776329242236], [-51.96003692226152, -29.466692713209454], [-51.959973574077885, -29.46697424914213], [-51.95998920262931, -29.467457035452004], [-51.959943779884895, -29.467575663640815], [-51.95986030081722, -29.467653839816037], [-51.95969220987979, -29.46768996041122], [-51.95944603789857, -29.46777991207912], [-51.95886356359834, -29.467948049311754], [-51.95859450004137, -29.46808768168989], [-51.95841213564494, -29.46825577961224], [-51.95811733470158, -29.468486746022222], [-51.95767403744504, -29.468716841160358], [-51.95756019835158, -29.46884291653002], [-51.957567302590675, -29.468855098504026], [-51.957541423296746, -29.468855284711648], [-51.95746967366412, -29.4689025502188], [-51.957427689879715, -29.468941488106314], [-51.95744440175417, -29.468946229568477], [-51.95742240690279, -29.468946387806614], [-51.95736641075432, -29.468998321470085], [-51.957194535105394, -29.469091338136387], [-51.95726030439016, -29.46910999817203], [-51.9571757490978, -29.469100047782646], [-51.95697968727319, -29.46915260094681], [-51.95697206518245, -29.469166219274346], [-51.95693881095438, -29.469154855861273], [-51.95683794018521, -29.469160420328983], [-51.95670445648172, -29.469195860037313], [-51.956596952913785, -29.469252869769292], [-51.95654945277682, -29.469305318173472], [-51.95648296337078, -29.469417787218884], [-51.956483044380946, -29.469426418113976], [-51.9565103777935, -29.469422229512176], [-51.95651962087243, -29.469438079309384], [-51.95662267358777, -29.469449261650382], [-51.956706483775655, -29.469438869219015], [-51.95672727812211, -29.469456769089245], [-51.956694060216584, -29.46945700787518], [-51.9568218225902, -29.469470871480816], [-51.9569336119101, -29.46946431024957], [-51.95693369665071, -29.469473334320806], [-51.95684683763192, -29.46947395883931], [-51.95706723628218, -29.469608894669978]], [[-51.95758860574189, -29.468927142662285], [-51.95756815053858, -29.46894533920747], [-51.957567302590675, -29.468855098504026], [-51.95758860574189, -29.468927142662285]], [[-51.95700596857346, -29.469481839297163], [-51.95700605332054, -29.469490863368208], [-51.95696480349877, -29.469491159998753], [-51.95700596857346, -29.469481839297163]], [[-51.95705431031153, -29.46913855378781], [-51.95705439506171, -29.469147577859175], [-51.95699260528284, -29.469157046889524], [-51.95705431031153, -29.46913855378781]], [[-51.957167662164295, -29.469128713884498], [-51.95716774692447, -29.469137737955577], [-51.95706470748217, -29.469147503696572], [-51.957167662164295, -29.469128713884498]], [[-51.95709937394984, -29.469544340327204], [-51.95709962821664, -29.469571412539267], [-51.9570788337825, -29.469553512729522], [-51.95709937394984, -29.469544340327204]], [[-51.95706835181539, -29.46953553875256], [-51.95706826706264, -29.469526514681768], [-51.95707857952141, -29.469526440517214], [-51.95706835181539, -29.46953553875256]], [[-51.957219224254985, -29.469128343019857], [-51.95719859941882, -29.46912849136811], [-51.95719851465595, -29.4691194672971], [-51.957219224254985, -29.469128343019857]], [[-51.95719868418173, -29.46913751543911], [-51.9571780593436, -29.469137663784213], [-51.95717797458251, -29.469128639713173], [-51.95719868418173, -29.46913751543911]], [[-51.957291072096176, -29.469091727492614], [-51.95729098732525, -29.46908270342181], [-51.95733223697774, -29.46908240669388], [-51.957291072096176, -29.469091727492614]], [[-51.95729115686715, -29.469100751563438], [-51.95727053203701, -29.469100899922722], [-51.95727044726786, -29.46909187585185], [-51.95729115686715, -29.469100751563438]], [[-51.95756823533359, -29.46895436327773], [-51.95755792293418, -29.468954437478914], [-51.9575578381401, -29.4689454134086], [-51.95756823533359, -29.46895436327773]], [[-51.9575580077283, -29.468963461549208], [-51.957547695327946, -29.468963535749598], [-51.95754761053474, -29.46895451167927], [-51.9575580077283, -29.468963461549208]], [[-51.957537637304696, -29.468990682160157], [-51.95750678488481, -29.468999928824793], [-51.95750670009509, -29.468990904754413], [-51.957537637304696, -29.468990682160157]], [[-51.95750686967457, -29.469008952895162], [-51.95749655726946, -29.469009027091715], [-51.957496472480614, -29.46900000302131], [-51.95750686967457, -29.469008952895162]], [[-51.957496642058345, -29.469018051162074], [-51.95748632965229, -29.469018125357845], [-51.95748624486431, -29.469009101287433], [-51.957496642058345, -29.469018051162074]], [[-51.95748641444029, -29.469027149428246], [-51.957476102033276, -29.469027223623247], [-51.95747601724618, -29.469018199552824], [-51.95748641444029, -29.469027149428246]], [[-51.957476186820415, -29.46903624769365], [-51.95746587441245, -29.469036321887874], [-51.957465789626234, -29.469027297817448], [-51.957476186820415, -29.46903624769365]], [[-51.95742487912814, -29.46906369086835], [-51.95734254939079, -29.469082332509913], [-51.957424624780195, -29.4690366186568], [-51.95742487912814, -29.46906369086835]], [[-51.957505852200015, -29.46890066404998], [-51.95750576741073, -29.46889163997946], [-51.95751607980392, -29.46889156578248], [-51.957505852200015, -29.46890066404998]], [[-51.95750593698936, -29.468909688120473], [-51.95749562459427, -29.468909762316713], [-51.957495539805855, -29.468900738246194], [-51.95750593698936, -29.468909688120473]], [[-51.9574854817743, -29.468927884653244], [-51.95746485698033, -29.468928033041838], [-51.95747499980402, -29.468909910706806], [-51.9574854817743, -29.468927884653244]], [[-51.95746494176611, -29.468937057112413], [-51.957444316970154, -29.46893720549787], [-51.95744423218619, -29.468928181427238], [-51.95746494176611, -29.468937057112413]], [[-51.96090630236965, -29.468596389755394], [-51.9607205098625, -29.468579681770244], [-51.96079014396559, -29.468308438763046], [-51.961038235437876, -29.468369820172764], [-51.96090630236965, -29.468596389755394]]]}}, {"id": "104", "type": "Feature", "properties": {"id": 35, "codigo": "0037", "Area_m2": null}, "geometry": {"type": "Polygon", "coordinates": [[[-51.96203149623064, -29.467682219499423], [-51.962768224321614, -29.46794148809937], [-51.962870256967456, -29.467719465006045], [-51.96246500129857, -29.467655584682365], [-51.9622039573373, -29.467314534603833], [-51.962356765936875, -29.467114886840214], [-51.96248796878947, -29.46710362554764], [-51.96232392855819, -29.46704589670217], [-51.96203149623064, -29.467682219499423]]]}}, {"id": "105", "type": "Feature", "properties": {"id": 32, "codigo": "0034", "Area_m2": null}, "geometry": {"type": "Polygon", "coordinates": [[[-51.96233747130242, -29.466846604578645], [-51.9629672242169, -29.467062490500005], [-51.96316052033646, -29.467045899670495], [-51.963334160576046, -29.46680982321762], [-51.96349350475425, -29.466479000561858], [-51.962650206582275, -29.466176167612062], [-51.96233747130242, -29.466846604578645]]]}}, {"id": "106", "type": "Feature", "properties": {"id": 33, "codigo": "0035", "Area_m2": null}, "geometry": {"type": "Polygon", "coordinates": [[[-51.962195639886204, -29.46679429388282], [-51.96250616051407, -29.466119723694877], [-51.96162761081778, -29.465813980092125], [-51.96121710087779, -29.466393977511103], [-51.96199962876536, -29.466727434487932], [-51.962195639886204, -29.46679429388282]]]}}, {"id": "107", "type": "Feature", "properties": {"id": 29, "codigo": "0031", "Area_m2": null}, "geometry": {"type": "Polygon", "coordinates": [[[-51.963287767245774, -29.465618387760014], [-51.96295814368283, -29.46550151897254], [-51.96270770147706, -29.46604999846233], [-51.96354624401128, -29.466357967236522], [-51.96356463316041, -29.46631747091557], [-51.963160172270015, -29.46591781769098], [-51.963287767245774, -29.465618387760014]]]}}, {"id": "108", "type": "Feature", "properties": {"id": 27, "codigo": "0028", "Area_m2": null}, "geometry": {"type": "Polygon", "coordinates": [[[-51.963013668773876, -29.465379915803677], [-51.9633420245409, -29.465491060974312], [-51.96342248567479, -29.46530224106488], [-51.96313624207232, -29.465108754268734], [-51.963013668773876, -29.465379915803677]]]}}, {"id": "109", "type": "Feature", "properties": {"id": 30, "codigo": "0032", "Area_m2": "12925,75"}, "geometry": {"type": "Polygon", "coordinates": [[[-51.961687200928516, -29.465696468483277], [-51.96256156079535, -29.46599937189061], [-51.963010614243586, -29.46502383594784], [-51.9629865674935, -29.46500758151075], [-51.96299814237481, -29.464735087345215], [-51.96215433346419, -29.46444477008957], [-51.9621306294059, -29.46477310967249], [-51.96208311422687, -29.465005219107383], [-51.96196392148473, -29.465252660354935], [-51.961687200928516, -29.465696468483277]]]}}, {"id": "110", "type": "Feature", "properties": {"id": 105, "codigo": "0034", "Area_m2": null}, "geometry": {"type": "Polygon", "coordinates": [[[-51.95998920262931, -29.467457035452004], [-51.959973574077885, -29.46697424914213], [-51.96003738798247, -29.466690643198227], [-51.96020042917289, -29.466353958894278], [-51.9602944965287, -29.46621480414075], [-51.95994392991473, -29.46612543791856], [-51.95965844720826, -29.466077709110042], [-51.95924767655363, -29.46604470866627], [-51.95925774703036, -29.46664105580607], [-51.959288042958406, -29.467049451611924], [-51.95918078994639, -29.46725223526556], [-51.95825851278743, -29.46757648042326], [-51.95825079929401, -29.467522756533228], [-51.95890031696132, -29.467310286135866], [-51.959016454087454, -29.467255724204257], [-51.95918732492736, -29.467132666290322], [-51.959235604219515, -29.467059794091536], [-51.95915994967684, -29.466039940112875], [-51.95844799336588, -29.465994831421895], [-51.95909063600961, -29.46634429247401], [-51.95910723245311, -29.467011999287894], [-51.95792548561148, -29.46746271990065], [-51.95772709359989, -29.467202431958267], [-51.95760534963097, -29.46631888905133], [-51.95712955079246, -29.46616889205758], [-51.95688855943611, -29.46576451412959], [-51.95631311466905, -29.465575565720556], [-51.95619733252846, -29.465704523393608], [-51.956544575544385, -29.46592693640407], [-51.95652141662706, -29.46595683639249], [-51.956171833138896, -29.465732924442154], [-51.95532382831868, -29.466677414552578], [-51.95489874430042, -29.46718630348945], [-51.95454953114841, -29.46772962679777], [-51.95444231117213, -29.467913822993125], [-51.954292188953566, -29.468228846449207], [-51.954274752000856, -29.468236863736944], [-51.95406825351439, -29.46874908120777], [-51.9541818270849, -29.468785588498598], [-51.954194219757596, -29.468780054737127], [-51.95419272072687, -29.468789090170265], [-51.95421499757965, -29.46879625088152], [-51.95423555382429, -29.468788783051046], [-51.95424505341225, -29.468805912081898], [-51.95444247781227, -29.4688594966614], [-51.95443426903857, -29.468866798634494], [-51.954959789003574, -29.469036279247895], [-51.954990978296955, -29.469062952928937], [-51.95500120780147, -29.46905403139677], [-51.95499113221744, -29.469063128383542], [-51.95505779649971, -29.469139119272015], [-51.955202217235886, -29.46920779085139], [-51.955320823948284, -29.469217140714477], [-51.95540113834663, -29.4692057373189], [-51.95539443327665, -29.4691956039223], [-51.95547116921828, -29.46922064421721], [-51.95546678950777, -29.46921313381786], [-51.95549772680331, -29.469212911696253], [-51.95552428090181, -29.469239795087514], [-51.9555598552477, -29.469239539657103], [-51.955559939865886, -29.469248563732265], [-51.95561167128708, -29.469266241639154], [-51.9555872587183, -29.4692621511195], [-51.95566764401202, -29.469283534491638], [-51.9556219837239, -29.46926616758806], [-51.95567354590745, -29.469265797320684], [-51.95570600523339, -29.46929373899839], [-51.95583869394921, -29.46932903565602], [-51.956483044380946, -29.469426418113976], [-51.956492498078845, -29.469392054120743], [-51.956596952913785, -29.469252869769292], [-51.95670445648172, -29.469195860037313], [-51.95683783422303, -29.46914913508921], [-51.95683794018521, -29.469160420328983], [-51.95693881095438, -29.469154855861273], [-51.95692033359215, -29.469148541900257], [-51.956984449602416, -29.469152338236125], [-51.9571757490978, -29.469100047782646], [-51.95711576105059, -29.469092988444167], [-51.95713621636561, -29.46907479196643], [-51.957194535105394, -29.469091338136387], [-51.95736641075432, -29.468998321470085], [-51.95742240690279, -29.468946387806614], [-51.95741337977592, -29.468937428070067], [-51.957427689879715, -29.468941488106314], [-51.95752757243505, -29.46886440905109], [-51.95752605303299, -29.468855395302732], [-51.95753264356134, -29.46886106841578], [-51.957541423296746, -29.468855284711648], [-51.95753628063062, -29.468846297033753], [-51.95757980323299, -29.468830001695075], [-51.95767403744504, -29.468716841160358], [-51.95811733470158, -29.468486746022222], [-51.95841213564494, -29.46825577961224], [-51.95859450004137, -29.46808768168989], [-51.95886356359834, -29.467948049311754], [-51.95944603789857, -29.46777991207912], [-51.95969220987979, -29.46768996041122], [-51.95986030081722, -29.467653839816037], [-51.959943779884895, -29.467575663640815], [-51.95998920262931, -29.467457035452004]], [[-51.95501168935672, -29.469072005547204], [-51.955001376937695, -29.469072079550546], [-51.95500129236957, -29.469063055473665], [-51.95501168935672, -29.469072005547204]], [[-51.955373808415885, -29.469195751988075], [-51.95537372381434, -29.46918672791233], [-51.955394348673295, -29.46918657984661], [-51.95539443327665, -29.4691956039223], [-51.955373808415885, -29.469195751988075]], [[-51.955063420598535, -29.469089683671854], [-51.9550427957572, -29.46908983168589], [-51.95504271118535, -29.469080807609117], [-51.955063420598535, -29.469089683671854]], [[-51.95504271118535, -29.469080807609117], [-51.955032314194625, -29.4690718575381], [-51.955042626613526, -29.469071783532353], [-51.95504271118535, -29.469080807609117]], [[-51.95516679855156, -29.469116015783147], [-51.955166883134524, -29.46912503985953], [-51.95514625828666, -29.469125187889723], [-51.95516679855156, -29.469116015783147]], [[-51.955228757677204, -29.469124595749758], [-51.95523923927967, -29.46914256988104], [-51.95520830200314, -29.46914279194205], [-51.955228757677204, -29.469124595749758]], [[-51.955342617328164, -29.469168901853248], [-51.95534270192687, -29.4691779259291], [-51.955311764640555, -29.469178148014425], [-51.955342617328164, -29.469168901853248]], [[-51.95652922390111, -29.469232575746613], [-51.9565290544932, -29.469214527601327], [-51.95653936692203, -29.469214453479278], [-51.95652922390111, -29.469232575746613]], [[-51.95652930860509, -29.46924159981925], [-51.9565189961735, -29.46924167394058], [-51.956518911470404, -29.469232649867934], [-51.95652930860509, -29.46924159981925]], [[-51.956641982925156, -29.46915956778048], [-51.95664189821146, -29.469150543708032], [-51.956652210633465, -29.4691504695774], [-51.956641982925156, -29.46915956778048]], [[-51.95664206763889, -29.469168591852917], [-51.956631755215014, -29.469168665982814], [-51.9566316705022, -29.469159641910366], [-51.95664206763889, -29.469168591852917]], [[-51.95684823137626, -29.46915808501528], [-51.956848146644305, -29.46914906094339], [-51.95688931159346, -29.46913974028031], [-51.95684823137626, -29.46915808501528]], [[-51.957218630902894, -29.469065174522868], [-51.95721854613844, -29.469056150451806], [-51.957228858549165, -29.469056076276704], [-51.957218630902894, -29.469065174522868]], [[-51.9572801662927, -29.469028633176446], [-51.95728008152294, -29.4690196091055], [-51.95729039392976, -29.469019534925717], [-51.9572801662927, -29.469028633176446]], [[-51.9572700234227, -29.46904675549734], [-51.957249398603366, -29.46904690385311], [-51.95725954147708, -29.469028781533687], [-51.9572700234227, -29.46904675549734]], [[-51.95724948337049, -29.46905592792409], [-51.957239170959845, -29.469056002100782], [-51.95723908619363, -29.469046978029787], [-51.95724948337049, -29.46905592792409]]]}}, {"id": "114", "type": "Feature", "properties": {"id": 1308, "codigo": "0008", "Area_m2": null}, "geometry": {"type": "Polygon", "coordinates": [[[-51.953522719020356, -29.468527131959217], [-51.954423869104716, -29.466514949706884], [-51.95228565053015, -29.46607518832673], [-51.95199180235137, -29.465994975259104], [-51.95136472704795, -29.466422259250205], [-51.95032713989891, -29.46709560519286], [-51.950374275962474, -29.467153039453123], [-51.950403278632436, -29.46721501743627], [-51.950501698714135, -29.46730386098344], [-51.95089644007309, -29.467569680583708], [-51.95094543976114, -29.467642294287025], [-51.951015967381466, -29.467686563619303], [-51.951421566948845, -29.467843288646545], [-51.95156664469758, -29.46791781169311], [-51.95168030154332, -29.467940710286513], [-51.95168641442684, -29.467956331374506], [-51.9524067297746, -29.46817324804091], [-51.95251796054633, -29.468187408852188], [-51.95256985963024, -29.46822313613741], [-51.95255837964518, -29.468220858949582], [-51.95259055113099, -29.468230137010856], [-51.95260079665142, -29.468222914695943], [-51.952602541970506, -29.468233368667], [-51.95265498839214, -29.46824750352392], [-51.95266283940909, -29.468240519959796], [-51.952669134783164, -29.468251316123634], [-51.95272488218746, -29.468258125194165], [-51.9528216171812, -29.468299466044346], [-51.952828343112714, -29.468293483241816], [-51.95290093239048, -29.468336049851057], [-51.95291117940757, -29.468328988887418], [-51.952942363249555, -29.468355159660565], [-51.952952597576214, -29.468346741690336], [-51.95296307509603, -29.46836471291265], [-51.95299676133131, -29.468380250547003], [-51.95301464046589, -29.468364346786753], [-51.953025121600774, -29.468382321105015], [-51.95300161533128, -29.468382489434067], [-51.95303795186994, -29.468399249509556], [-51.95309634874679, -29.46841567635339], [-51.95308716452383, -29.468399926166764], [-51.953118101593994, -29.468399704603844], [-51.953099233720316, -29.46841648788668], [-51.95315966976493, -29.46843348834151], [-51.953180228947154, -29.468426333704155], [-51.953187107234214, -29.468441206408766], [-51.95328369019251, -29.46846169138946], [-51.95349939631733, -29.468537546237133], [-51.953522719020356, -29.468527131959217]], [[-51.95306653981017, -29.468400073871386], [-51.953056227453295, -29.46840014772249], [-51.95305614305971, -29.468391123639556], [-51.95306653981017, -29.468400073871386]], [[-51.95305614305971, -29.468391123639556], [-51.953045746311076, -29.468382173406894], [-51.953056058666164, -29.468382099556628], [-51.95305614305971, -29.468391123639556]], [[-51.95313897951015, -29.468426629139284], [-51.95313889510915, -29.46841760505661], [-51.9531595198259, -29.468417457340703], [-51.95313897951015, -29.468426629139284]]]}}, {"id": "121", "type": "Feature", "properties": {"id": 99, "codigo": "0028", "Area_m2": null}, "geometry": {"type": "Polygon", "coordinates": [[[-51.958449206643955, -29.46586041048968], [-51.95877004790422, -29.46588090456708], [-51.9587299435065, -29.465379364468454], [-51.9584530247848, -29.46543739283631], [-51.958449206643955, -29.46586041048968]]]}}, {"id": "122", "type": "Feature", "properties": {"id": 104, "codigo": "0033", "Area_m2": null}, "geometry": {"type": "Polygon", "coordinates": [[[-51.95569138760257, -29.464738014560172], [-51.955498026693526, -29.465633025267987], [-51.95525326161634, -29.466316943616732], [-51.95526022455018, -29.466368713759785], [-51.95531894944481, -29.46640612941773], [-51.95535117084368, -29.4664054970683], [-51.955388162418195, -29.466388403550187], [-51.95618961112125, -29.46550297101715], [-51.95569138760257, -29.464738014560172]]]}}, {"id": "123", "type": "Feature", "properties": {"id": 1307, "codigo": "0005", "Area_m2": null}, "geometry": {"type": "Polygon", "coordinates": [[[-51.9535901061813, -29.462729617386632], [-51.94942579281069, -29.464666828139872], [-51.9493848807522, -29.464711709933322], [-51.94939432805528, -29.464768523951474], [-51.950120169213754, -29.46521957139044], [-51.95049011932973, -29.465417540345662], [-51.95070158208236, -29.46551741150702], [-51.95146136394064, -29.465698326144253], [-51.9523485249767, -29.4659511935806], [-51.95446660758044, -29.466389869961464], [-51.95484062754398, -29.465471013706406], [-51.95374650792756, -29.46501996904042], [-51.95438466965748, -29.46488904874383], [-51.95444375301101, -29.464590810275972], [-51.953772630615255, -29.464505374447505], [-51.95325154674224, -29.463922502592972], [-51.95317615665903, -29.4635801041848], [-51.9535901061813, -29.462729617386632]]]}}, {"id": "124", "type": "Feature", "properties": {"id": 1307, "codigo": "0005", "Area_m2": null}, "geometry": {"type": "Polygon", "coordinates": [[[-51.95499836678205, -29.465026053367552], [-51.95502755897413, -29.46490248649648], [-51.954993246559106, -29.464902732724834], [-51.95485452264697, -29.465431817563367], [-51.95499836678205, -29.465026053367552]]]}}, {"id": "125", "type": "Feature", "properties": {"id": 25, "codigo": "0026", "Area_m2": null}, "geometry": {"type": "Polygon", "coordinates": [[[-51.96065243885409, -29.466180995552254], [-51.96107893432969, -29.46633343676753], [-51.96148387378353, -29.465763957578307], [-51.96091770327499, -29.465566919932236], [-51.96065243885409, -29.466180995552254]]]}}, {"id": "126", "type": "Feature", "properties": {"id": 25, "codigo": "0026", "Area_m2": null}, "geometry": {"type": "Polygon", "coordinates": [[[-51.961566815351645, -29.465654911403227], [-51.96189931261177, -29.465086869443343], [-51.961947801365596, -29.46497895599997], [-51.96196923140699, -29.464898128865368], [-51.962023671835475, -29.46439981453385], [-51.9614979561888, -29.464223633339586], [-51.9609731797115, -29.46543849354959], [-51.961566815351645, -29.465654911403227]]]}}, {"id": "127", "type": "Feature", "properties": {"id": 25, "codigo": "0026", "Area_m2": null}, "geometry": {"type": "Polygon", "coordinates": [[[-51.96228641036132, -29.46368971346845], [-51.961799384197505, -29.463525812413224], [-51.961548670720234, -29.464106227491524], [-51.96203542836569, -29.464268618276783], [-51.96228641036132, -29.46368971346845]]]}}, {"id": "128", "type": "Feature", "properties": {"id": 94, "codigo": "0021", "Area_m2": null}, "geometry": {"type": "Polygon", "coordinates": [[[-51.96124837864138, -29.464135030017427], [-51.96128414100794, -29.464036311802303], [-51.9612768301557, -29.464020560398538], [-51.96153770731574, -29.463433896874193], [-51.96093384514258, -29.463226356560142], [-51.960585158718686, -29.463791883413695], [-51.96127683011777, -29.464020560412784], [-51.96128414096576, -29.4640363117999], [-51.961248378620844, -29.464135029984106], [-51.96122565837948, -29.46413869916802], [-51.960515986708295, -29.4639040710047], [-51.960193206216445, -29.46443120156403], [-51.96025961142393, -29.464539951620473], [-51.95952343789029, -29.465213087577848], [-51.958892431877246, -29.465345315001176], [-51.95892216065485, -29.465890620698453], [-51.95999333690291, -29.46595789989177], [-51.96038277027763, -29.466084607617873], [-51.96122565839275, -29.464138699202568], [-51.96124837864138, -29.464135030017427]]]}}, {"id": "129", "type": "Feature", "properties": {"id": 24, "codigo": "0025", "Area_m2": null}, "geometry": {"type": "Polygon", "coordinates": [[[-51.96334572148799, -29.46405523303105], [-51.962388193959114, -29.46372396684084], [-51.96213799195157, -29.46430283452734], [-51.96300422825964, -29.464591814333374], [-51.96301187611645, -29.4644117696049], [-51.96334572148799, -29.46405523303105]]]}}, {"id": "130", "type": "Feature", "properties": {"id": 93, "codigo": "0020", "Area_m2": null}, "geometry": {"type": "Polygon", "coordinates": [[[-51.96018262371637, -29.464212597899976], [-51.960396702757095, -29.463862819839104], [-51.96013899064696, -29.463777562267474], [-51.96013920950398, -29.463800796236644], [-51.960274028965294, -29.463881045742703], [-51.96018262371637, -29.464212597899976]]]}}, {"id": "131", "type": "Feature", "properties": {"id": 20, "codigo": "0021", "Area_m2": null}, "geometry": {"type": "Polygon", "coordinates": [[[-51.96352732848771, -29.463322892040285], [-51.96269834764406, -29.46303770437011], [-51.96245054671495, -29.463598242038266], [-51.96342705736883, -29.4639341826795], [-51.96352732848771, -29.463322892040285]]]}}, {"id": "132", "type": "Feature", "properties": {"id": 21, "codigo": "0022", "Area_m2": null}, "geometry": {"type": "Polygon", "coordinates": [[[-51.96168692208288, -29.462689742328017], [-51.961834871089096, -29.463117202556827], [-51.961864922726576, -29.463301747517484], [-51.96185110926956, -29.463406065278544], [-51.96233320534969, -29.4635710371148], [-51.96258587652297, -29.462999011297935], [-51.96168692208288, -29.462689742328017]]]}}, {"id": "133", "type": "Feature", "properties": {"id": 92, "codigo": "0019", "Area_m2": null}, "geometry": {"type": "Polygon", "coordinates": [[[-51.96046963382492, -29.463753688724854], [-51.960814150263495, -29.463192546144438], [-51.95998013256397, -29.462903538633014], [-51.959886115818584, -29.463206992621934], [-51.960135724338286, -29.4634308093374], [-51.96013773210567, -29.463643954907933], [-51.96046963382492, -29.463753688724854]]]}}, {"id": "134", "type": "Feature", "properties": {"id": 78, "codigo": "0002", "Area_m2": null}, "geometry": {"type": "Polygon", "coordinates": [[[-51.96156653631716, -29.463316866085993], [-51.961438355064665, -29.46284250137082], [-51.96127112455219, -29.462496787515157], [-51.960503354785814, -29.462041139833048], [-51.96008963508269, -29.462811671112796], [-51.96156653631716, -29.463316866085993]]]}}, {"id": "135", "type": "Feature", "properties": {"id": 17, "codigo": "0017", "Area_m2": null}, "geometry": {"type": "Polygon", "coordinates": [[[-51.96217266952488, -29.461033342819814], [-51.96120382648071, -29.46153277679887], [-51.96118859596047, -29.461556562335485], [-51.96160595935597, -29.46250638476795], [-51.96355095986145, -29.463178826254243], [-51.963605520592395, -29.462846203416625], [-51.96391597388388, -29.46300372588089], [-51.964014899615854, -29.46277582720531], [-51.96400049319349, -29.46274963317705], [-51.96408694789944, -29.462550463024577], [-51.96348959006727, -29.462052704422735], [-51.963472210511284, -29.462068472522798], [-51.96344750996854, -29.462047622282363], [-51.96343013245642, -29.462063388469307], [-51.96283376651659, -29.461561017123408], [-51.96217266952488, -29.461033342819814]]]}}, {"id": "136", "type": "Feature", "properties": {"id": 91, "codigo": "0018", "Area_m2": null}, "geometry": {"type": "Polygon", "coordinates": [[[-51.96015389732118, -29.461833230973713], [-51.959956967356426, -29.461970099710047], [-51.96009628898255, -29.462528625330016], [-51.9600277755841, -29.462749763213075], [-51.96043341060621, -29.461983045568534], [-51.96015389732118, -29.461833230973713]]]}}, {"id": "138", "type": "Feature", "properties": {"id": 1398, "codigo": "0200", "Area_m2": null}, "geometry": {"type": "Polygon", "coordinates": [[[-51.94811174894008, -29.460690946948333], [-51.94638789238867, -29.461480965751996], [-51.94656015682697, -29.461739606288752], [-51.94700684377855, -29.462358621043915], [-51.94950677788684, -29.46121542847022], [-51.94928752067499, -29.46127952340221], [-51.94869522162988, -29.4607964123991], [-51.948232458667604, -29.46093508048093], [-51.94811174894008, -29.460690946948333]]]}}, {"id": "139", "type": "Feature", "properties": {"id": 1306, "codigo": "0003", "Area_m2": null}, "geometry": {"type": "Polygon", "coordinates": [[[-51.94619158817614, -29.461185789869663], [-51.94789514194509, -29.460383871974887], [-51.94751298882107, -29.46008285705283], [-51.947415995506525, -29.459665898214688], [-51.94577458969672, -29.460414788874772], [-51.94545891252951, -29.45994062872685], [-51.946043214633384, -29.459672856652826], [-51.9458510665488, -29.459400171107806], [-51.94519422768624, -29.459701135006082], [-51.94619158817614, -29.461185789869663]]]}}, {"id": "140", "type": "Feature", "properties": {"id": 1306, "codigo": "0003", "Area_m2": null}, "geometry": {"type": "Polygon", "coordinates": [[[-51.95241247341849, -29.46272429404265], [-51.952391687206116, -29.462736426403428], [-51.95233422442009, -29.463195276845028], [-51.95362472445747, -29.46259690471237], [-51.953638682813825, -29.46231333385518], [-51.95407668198568, -29.461732614501944], [-51.952917231319056, -29.46103504638251], [-51.95289673576513, -29.460991772677726], [-51.95290340682047, -29.460955028604584], [-51.95295766279305, -29.460912028887297], [-51.95302377515379, -29.460915402886513], [-51.95308770696266, -29.46073795851597], [-51.95263079282235, -29.460398290919347], [-51.9524777395214, -29.45986381552252], [-51.9524603962002, -29.45987551637392], [-51.952231002609906, -29.460653843177678], [-51.9520155550865, -29.46077270540391], [-51.951488954661265, -29.46180528649198], [-51.95122144005353, -29.461870371471143], [-51.950404712085394, -29.461650588313677], [-51.94969889362477, -29.461159267739852], [-51.94950677782519, -29.46121542848826], [-51.94700684378299, -29.46235862103576], [-51.94751356422341, -29.462897405590482], [-51.94923098604381, -29.464645531653233], [-51.949336628308885, -29.464581220649112], [-51.949849114800344, -29.464338691905805], [-51.94990111055369, -29.464136072303766], [-51.94979671194783, -29.463895960997522], [-51.9496223296142, -29.463807183679453], [-51.949502522720664, -29.463454987539333], [-51.94951624546427, -29.463447884219153], [-51.949635406142185, -29.46379818038517], [-51.94980922230461, -29.463886669416677], [-51.94991722278084, -29.464135064766783], [-51.949867159992934, -29.464330152104388], [-51.95036537872174, -29.46409437235303], [-51.95093353999997, -29.463854296536], [-51.9516609157824, -29.463499742647272], [-51.95142439196221, -29.463274321998313], [-51.95114400670216, -29.463095153402126], [-51.95101182014507, -29.462890765712835], [-51.95087845497881, -29.46261334761358], [-51.9505604904771, -29.462496354000542], [-51.950415545045765, -29.462387667609253], [-51.95042532947728, -29.46238312031803], [-51.95056597486978, -29.462488582380406], [-51.95088632911563, -29.46260645524095], [-51.951021091529064, -29.46288677986014], [-51.95115188509547, -29.46308901364327], [-51.951431297439484, -29.463267560517515], [-51.951670178335206, -29.46349522760423], [-51.95231773057077, -29.463202727244706], [-51.95237709766636, -29.462728670830156], [-51.95241207287554, -29.462708256595224], [-51.95241247341849, -29.46272429404265]]]}}, {"id": "141", "type": "Feature", "properties": {"id": 1359, "codigo": "0059", "Area_m2": "57194,97"}, "geometry": {"type": "Polygon", "coordinates": [[[-51.94789514194509, -29.460383871974887], [-51.94619158817614, -29.461185789869663], [-51.94631513039664, -29.46137169447864], [-51.948054260005144, -29.46057467647817], [-51.9480012392669, -29.46046744286585], [-51.94789514194509, -29.460383871974887]]]}}, {"id": "142", "type": "Feature", "properties": {"id": 1359, "codigo": "0059", "Area_m2": "57194,97"}, "geometry": {"type": "Polygon", "coordinates": [[[-51.94553846609438, -29.45885803559879], [-51.944848017957874, -29.459182110307594], [-51.94519422768624, -29.459701135006082], [-51.9458510665488, -29.459400171107806], [-51.946043214633384, -29.459672856652826], [-51.94545891252951, -29.45994062872685], [-51.94577458969672, -29.460414788874772], [-51.947415995506525, -29.459665898214688], [-51.94734112792757, -29.45934405439603], [-51.94657690689313, -29.459223145310204], [-51.946275026995096, -29.45891845163264], [-51.94553846609438, -29.45885803559879]]]}}, {"id": "143", "type": "Feature", "properties": {"id": 1309, "codigo": "0009", "Area_m2": null}, "geometry": {"type": "Polygon", "coordinates": [[[-51.950534952857424, -29.465617883037456], [-51.949499485305516, -29.46499932610183], [-51.949235690646375, -29.464820250790673], [-51.949100968353456, -29.464712229514994], [-51.947271655446755, -29.46283281767165], [-51.94691009575533, -29.462418292380008], [-51.94643900501978, -29.4617963861347], [-51.94527395113289, -29.46004940806696], [-51.9448926884756, -29.459510963737063], [-51.944695271535316, -29.459604230035144], [-51.94459499962426, -29.45947338250337], [-51.94448957829271, -29.4593695277756], [-51.94441601135713, -29.459234681353905], [-51.944346567901604, -29.459111232806855], [-51.94425563954944, -29.45905386287111], [-51.944193801493064, -29.458994446408475], [-51.94453054534291, -29.45883295284234], [-51.94446158590736, -29.45861379970302], [-51.9444357963856, -29.458492357185683], [-51.94442505469823, -29.458359651276965], [-51.94446383889636, -29.458064976895688], [-51.9446000387407, -29.457426613486412], [-51.944713470910415, -29.45713007415523], [-51.944911319044, -29.45679694650249], [-51.944973275121114, -29.456666460750682], [-51.94503564884963, -29.45649684400482], [-51.94506776090455, -29.456353666631532], [-51.9450739283386, -29.45626711734774], [-51.94505228133216, -29.45619035401631], [-51.9448547196839, -29.4559489650827], [-51.944642571042465, -29.455611914660537], [-51.94454945649149, -29.455509125523747], [-51.94439592702864, -29.455387629562235], [-51.94402427983215, -29.45505123049248], [-51.94389725368202, -29.454964935375756], [-51.94299337516686, -29.45531380470453], [-51.94291543964182, -29.454691651170997], [-51.94249310564313, -29.454739765547696], [-51.94202255097922, -29.455149208627738], [-51.94193806184751, -29.45493321320816], [-51.94221604264859, -29.45488612237507], [-51.942686511903936, -29.454467654510502], [-51.942315400042716, -29.454479306697856], [-51.941547804376555, -29.453988378296778], [-51.9415150384791, -29.45379006615231], [-51.941163801065755, -29.453720352026377], [-51.94117582187417, -29.452909355446053], [-51.94094584744632, -29.453022919926294], [-51.94089585934929, -29.4529439898041], [-51.9412318736866, -29.452774010005385], [-51.940390894420375, -29.45319943268684], [-51.94062177166034, -29.453349500634815], [-51.94077937487071, -29.453480730293606], [-51.940919106255194, -29.453695480471733], [-51.94100916601763, -29.453915269053365], [-51.941028119387035, -29.45401006884423], [-51.94107911291806, -29.45409409394719], [-51.941151099413524, -29.454167422516658], [-51.94119026051846, -29.454275264615422], [-51.941249248165384, -29.454354838087184], [-51.94129428112878, -29.4544459373952], [-51.94142693182241, -29.45456278759709], [-51.94151174754375, -29.454611412737236], [-51.9415377661468, -29.45481867654249], [-51.94172634404397, -29.455224082630206], [-51.94178747609973, -29.45532146566204], [-51.94185650782313, -29.455400967776754], [-51.941974377421836, -29.455439689472737], [-51.94201184536754, -29.455472826981904], [-51.94201395405876, -29.455592358267264], [-51.942036132760045, -29.455709989518397], [-51.942145454063166, -29.45591051057334], [-51.942241989990144, -29.455923012602767], [-51.942420187381416, -29.456099549999237], [-51.94240651675919, -29.45611962649856], [-51.94236147683352, -29.45613664669508], [-51.94262939390904, -29.45665249032702], [-51.94261708526492, -29.456733446981733], [-51.94264981688055, -29.456797383377083], [-51.94271644344621, -29.456833830224607], [-51.9427644268848, -29.45691787591318], [-51.942790034238556, -29.457080312537357], [-51.942854631619596, -29.457223134650828], [-51.942910658037135, -29.457308002326204], [-51.943012460946925, -29.457346836949167], [-51.94309160345101, -29.457433298787777], [-51.94315569735953, -29.457521625307585], [-51.94321111418198, -29.457757687940262], [-51.94325976116236, -29.457804810072265], [-51.94343566990416, -29.457928383713305], [-51.9435161754605, -29.458053512383167], [-51.94354435002218, -29.45816758476797], [-51.9435292404764, -29.458271415700157], [-51.94354899806866, -29.458344233971797], [-51.943597368908165, -29.458361471420016], [-51.94370863883776, -29.45833782815031], [-51.94381401749512, -29.458437288797565], [-51.943836861544895, -29.458517996281376], [-51.94393000943071, -29.45859820523148], [-51.94399402342832, -29.458677741715913], [-51.94401993774801, -29.458764580527905], [-51.944171131185485, -29.458930521115665], [-51.94418571303827, -29.45898667466993], [-51.944193801444904, -29.458994446415854], [-51.94425563952274, -29.459053862898735], [-51.944346567868884, -29.45911123282964], [-51.94448957825746, -29.45936952779453], [-51.944594999591196, -29.459473382525086], [-51.94469527151149, -29.459604230068887], [-51.944710904366005, -29.459624629666674], [-51.9448137528476, -29.45977596928333], [-51.94484904135093, -29.45989878100343], [-51.94491408568824, -29.459980946719533], [-51.9450342962201, -29.46005480958934], [-51.94514991710174, -29.460175292826786], [-51.94532711189524, -29.46043686008246], [-51.94536037615906, -29.460557927907853], [-51.94534622562751, -29.46072438203226], [-51.94542931360272, -29.46081608847953], [-51.945464531352236, -29.460890554691684], [-51.94558303899029, -29.461045689938203], [-51.94587622332399, -29.46147766864651], [-51.94614777748237, -29.461748028227593], [-51.94618893202055, -29.461843837861686], [-51.946204702864485, -29.461965455216802], [-51.94628076069706, -29.462065846897048], [-51.946333836518335, -29.462161196392294], [-51.94642523794713, -29.462226241389207], [-51.94647690158936, -29.46232347782184], [-51.94665121357488, -29.46238605600355], [-51.94665908560173, -29.462410665507047], [-51.94660155673291, -29.462500455428827], [-51.94664801993389, -29.462565792425785], [-51.946713021253025, -29.46260728441151], [-51.94678895197048, -29.462703421436593], [-51.94692569893474, -29.463063619854637], [-51.94710358957986, -29.463283567364105], [-51.94718585104181, -29.463367553810386], [-51.94738589840395, -29.463687834363622], [-51.947482571748395, -29.463793275514305], [-51.94763624255271, -29.463812909772614], [-51.94766770700823, -29.463834243303236], [-51.94755815655086, -29.463974317907535], [-51.94771015029872, -29.46422114703737], [-51.947776352563785, -29.4642082386055], [-51.94779121115415, -29.46427778018082], [-51.9478661106919, -29.464385034283005], [-51.94803364865696, -29.464571225445432], [-51.94809064709089, -29.464587402135532], [-51.94810808593268, -29.464628734655594], [-51.94808891542339, -29.464706809876326], [-51.948249399615854, -29.46494943216685], [-51.9484131726939, -29.465138137111133], [-51.94852095509825, -29.46521530765471], [-51.948829877874964, -29.465525689395236], [-51.94894108977552, -29.465665849351176], [-51.94897299510971, -29.46573444004458], [-51.94906713865332, -29.46587306330133], [-51.94916506211946, -29.465908846948057], [-51.94923402494325, -29.465988781108518], [-51.94924604259341, -29.46605834267374], [-51.94947407648161, -29.466330330456927], [-51.94973892974194, -29.466587959766898], [-51.95026006885822, -29.46702029944787], [-51.951499051468936, -29.46624910183034], [-51.951902446845025, -29.46595887813387], [-51.95145567641376, -29.465817607970575], [-51.950534952857424, -29.465617883037456]], [[-51.94246479035552, -29.45613879742172], [-51.94246470694138, -29.456129773294442], [-51.94247501808876, -29.456129700291527], [-51.94246479035552, -29.45613879742172]], [[-51.94247493467372, -29.456120676164286], [-51.94248524582014, -29.456120603160606], [-51.942485329236085, -29.4561296272878], [-51.94247493467372, -29.456120676164286]], [[-51.943428402987394, -29.45663735569933], [-51.94361275174734, -29.45650067830531], [-51.94464478939775, -29.456592630417003], [-51.94465694000487, -29.456791087901724], [-51.944318843229055, -29.457028129358367], [-51.94382114729845, -29.456733843500196], [-51.94353310164593, -29.45680808322638], [-51.943428402987394, -29.45663735569933]]]}}, {"id": "144", "type": "Feature", "properties": {"id": 1360, "codigo": "0060", "Area_m2": null}, "geometry": {"type": "Polygon", "coordinates": [[[-51.94489268845869, -29.459510963747377], [-51.944679463980584, -29.459181243873118], [-51.94453054532297, -29.458832952837803], [-51.944370574598786, -29.458909670828177], [-51.944856392145205, -29.459528111324804], [-51.94489268845869, -29.459510963747377]]]}}, {"id": "145", "type": "Feature", "properties": {"id": 14, "codigo": "0014", "Area_m2": null}, "geometry": {"type": "Polygon", "coordinates": [[[-51.96296541435592, -29.46094465629661], [-51.96262451370436, -29.460684888820467], [-51.96248540694215, -29.460828618728453], [-51.96229250944481, -29.46096101532588], [-51.96295478242388, -29.46148806054127], [-51.96327450552543, -29.461190634050908], [-51.96327126653324, -29.461180383604926], [-51.96290789528836, -29.46104631580917], [-51.96296541435592, -29.46094465629661]]]}}, {"id": "146", "type": "Feature", "properties": {"id": 77, "codigo": "0001", "Area_m2": null}, "geometry": {"type": "Polygon", "coordinates": [[[-51.961435299955056, -29.46112069246352], [-51.96224522696203, -29.460684992519646], [-51.962409926065284, -29.460513780672546], [-51.96284299800724, -29.459878106059488], [-51.96247813324755, -29.459672396574167], [-51.962107600784975, -29.46038427628701], [-51.96091801420181, -29.46108777040459], [-51.96070487257132, -29.461450296429803], [-51.96024269311427, -29.461771516810487], [-51.96048818973218, -29.46190765459961], [-51.96067901779604, -29.461507851694115], [-51.96073188433463, -29.461535526507234], [-51.96054039404819, -29.461936717296606], [-51.96118800726123, -29.462297247367143], [-51.960992846110905, -29.461855130429164], [-51.96097477278426, -29.46166267431595], [-51.96100792539705, -29.461489564578052], [-51.96113001864835, -29.461342998672695], [-51.961283057007144, -29.46121669421538], [-51.961435299955056, -29.46112069246352]]]}}, {"id": "147", "type": "Feature", "properties": {"id": 11, "codigo": "0011", "Area_m2": null}, "geometry": {"type": "Polygon", "coordinates": [[[-51.963349244153264, -29.460266273427045], [-51.96304401445871, -29.460030449955536], [-51.96268311281616, -29.460617508447978], [-51.96301037918174, -29.460865185219102], [-51.963349244153264, -29.460266273427045]]]}}, {"id": "148", "type": "Feature", "properties": {"id": 79, "codigo": "0005", "Area_m2": null}, "geometry": {"type": "Polygon", "coordinates": [[[-51.96222085463261, -29.45936210947247], [-51.963006156852565, -29.459837573858724], [-51.963363890549815, -29.460108578003965], [-51.96369422018765, -29.4598904502927], [-51.96397763842126, -29.459672155780275], [-51.96404260238429, -29.45958518223075], [-51.96298450300489, -29.45933107152298], [-51.96254793048678, -29.45896421709827], [-51.961834657712195, -29.458779854622815], [-51.961708282517534, -29.45850100239926], [-51.96177441756535, -29.457859771655464], [-51.96206057833315, -29.457586963076636], [-51.961820780811394, -29.457308930595293], [-51.96133462238502, -29.457149998048127], [-51.96158583588405, -29.457545269942077], [-51.96157500125517, -29.458583187475146], [-51.96222085463261, -29.45936210947247]]]}}, {"id": "149", "type": "Feature", "properties": {"id": 79, "codigo": "0005", "Area_m2": null}, "geometry": {"type": "Polygon", "coordinates": [[[-51.961054859132354, -29.457007623114766], [-51.96106534043933, -29.457025596824398], [-51.96107548149301, -29.4570074742244], [-51.961054859132354, -29.457007623114766]]]}}, {"id": "151", "type": "Feature", "properties": {"id": 1356, "codigo": "0056", "Area_m2": null}, "geometry": {"type": "Polygon", "coordinates": [[[-51.944772919660835, -29.45907379361905], [-51.9450450072083, -29.458944970916384], [-51.94540599708568, -29.45877405518378], [-51.94508731335595, -29.458572021575], [-51.94464784332365, -29.458785745525827], [-51.944772919660835, -29.45907379361905]]]}}, {"id": "152", "type": "Feature", "properties": {"id": 1336, "codigo": "0036", "Area_m2": null}, "geometry": {"type": "Polygon", "coordinates": [[[-51.94462919771251, -29.455217584550265], [-51.94448742380157, -29.455283351154954], [-51.944709147364435, -29.455484979961504], [-51.944780786590194, -29.455573371573003], [-51.945181255170844, -29.456153819675833], [-51.945202501883884, -29.456277137819228], [-51.94519733238362, -29.45643278035471], [-51.94514762883651, -29.45661895997212], [-51.94503373992384, -29.45685574929287], [-51.94477370069508, -29.45733662965098], [-51.94471102218553, -29.457549907194327], [-51.944580595376934, -29.458380944700604], [-51.94459730834979, -29.45859880285494], [-51.94464784333393, -29.458785745538737], [-51.945087313374415, -29.45857202158671], [-51.94495106665845, -29.458485646246082], [-51.94486288854673, -29.45787259178389], [-51.945022516282286, -29.457293877014532], [-51.94534166321053, -29.45723746262074], [-51.945668944782746, -29.456946347157444], [-51.94565670848222, -29.45673886569603], [-51.94602623701558, -29.456555745792603], [-51.94601374887218, -29.456321192014038], [-51.94643248550624, -29.455885029337825], [-51.94522499773171, -29.455776287492682], [-51.944839305753526, -29.45532778982729], [-51.94462919771251, -29.455217584550265]]]}}, {"id": "153", "type": "Feature", "properties": {"id": 1331, "codigo": "0031", "Area_m2": null}, "geometry": {"type": "Polygon", "coordinates": [[[-51.94448742380373, -29.455283351157643], [-51.94462919773323, -29.455217584561137], [-51.94408040007913, -29.454929730763563], [-51.94448742380373, -29.455283351157643]]]}}, {"id": "154", "type": "Feature", "properties": {"id": 244, "codigo": "0053", "Area_m2": null}, "geometry": {"type": "Polygon", "coordinates": [[[-51.97433403658729, -29.46312743743925], [-51.9737922653105, -29.46317449601948], [-51.973888461945194, -29.464047866544174], [-51.9739811534783, -29.464061208343214], [-51.9739437508974, -29.463384632196988], [-51.97433403658729, -29.46312743743925]]]}}, {"id": "155", "type": "Feature", "properties": {"id": 212, "codigo": "0021", "Area_m2": null}, "geometry": {"type": "Polygon", "coordinates": [[[-51.97365279350042, -29.462142624292444], [-51.973766092091566, -29.463052706167716], [-51.97435238214259, -29.463004606477366], [-51.974179345049656, -29.461531006646346], [-51.9741224270572, -29.4615783913804], [-51.97410464956467, -29.46187633550104], [-51.97384961751885, -29.462166991073282], [-51.97365279350042, -29.462142624292444]]]}}, {"id": "156", "type": "Feature", "properties": {"id": 220, "codigo": "0029", "Area_m2": null}, "geometry": {"type": "Polygon", "coordinates": [[[-51.97427517025777, -29.46149341663935], [-51.97445222871177, -29.462992496481135], [-51.97455353802723, -29.462982787965448], [-51.97496854197493, -29.462709304098233], [-51.974942296574774, -29.46179205985708], [-51.97490251162792, -29.461433297635548], [-51.97427517025777, -29.46149341663935]]]}}, {"id": "157", "type": "Feature", "properties": {"id": 227, "codigo": "0036", "Area_m2": null}, "geometry": {"type": "Polygon", "coordinates": [[[-51.975011884723635, -29.461215709916484], [-51.97504803195252, -29.46150979748984], [-51.975264251983155, -29.461281240545873], [-51.975554714171444, -29.461169053924362], [-51.975011884723635, -29.461215709916484]]]}}, {"id": "158", "type": "Feature", "properties": {"id": 219, "codigo": "0028", "Area_m2": null}, "geometry": {"type": "Polygon", "coordinates": [[[-51.97489008813572, -29.46131685998116], [-51.97482160134407, -29.46078915142836], [-51.9748194013, -29.460789370427204], [-51.974806832261244, -29.460896530683772], [-51.97445693025891, -29.460971290141803], [-51.97443958510778, -29.461314354487353], [-51.974371304744764, -29.461371198495815], [-51.97489008813572, -29.46131685998116]]]}}, {"id": "159", "type": "Feature", "properties": {"id": 12, "codigo": "0012", "Area_m2": null}, "geometry": {"type": "Polygon", "coordinates": [[[-51.96493631027589, -29.46212289212962], [-51.964690803514465, -29.461996033477295], [-51.96424685081313, -29.462644686809686], [-51.96449132542548, -29.462729127285108], [-51.96495431096987, -29.462619839295854], [-51.96477653453357, -29.462359412351073], [-51.96493631027589, -29.46212289212962]]]}}, {"id": "160", "type": "Feature", "properties": {"id": 13, "codigo": "0013", "Area_m2": null}, "geometry": {"type": "Polygon", "coordinates": [[[-51.96456383029713, -29.461936499090257], [-51.9633455291529, -29.461314926958238], [-51.96307884602702, -29.461557367807956], [-51.96403830105642, -29.462361872527453], [-51.96421316375004, -29.46245347633833], [-51.96456383029713, -29.461936499090257]]]}}, {"id": "161", "type": "Feature", "properties": {"id": 9, "codigo": "0009", "Area_m2": null}, "geometry": {"type": "Polygon", "coordinates": [[[-51.96492328134404, -29.461639232440188], [-51.96475896329038, -29.461887432636985], [-51.96500929315193, -29.46201485366423], [-51.96528502728984, -29.461606677188787], [-51.964986587911675, -29.46167201397177], [-51.96492328134404, -29.461639232440188]]]}}, {"id": "162", "type": "Feature", "properties": {"id": 10, "codigo": "0010", "Area_m2": null}, "geometry": {"type": "Polygon", "coordinates": [[[-51.9636586850854, -29.46132332378541], [-51.964632434917995, -29.461817260585253], [-51.964796591689854, -29.46157362975387], [-51.96428189637888, -29.461307109213916], [-51.96396343128135, -29.461435761550746], [-51.9636586850854, -29.46132332378541]]]}}, {"id": "163", "type": "Feature", "properties": {"id": 4, "codigo": "0004", "Area_m2": null}, "geometry": {"type": "Polygon", "coordinates": [[[-51.96399998478764, -29.459774834901147], [-51.963829332964835, -29.459927704345784], [-51.96343855998662, -29.460169932995527], [-51.96347114984201, -29.460194891030806], [-51.9640430080985, -29.460036359443862], [-51.964224773808745, -29.459628932100088], [-51.96413204634871, -29.459606662887065], [-51.96399998478764, -29.459774834901147]]]}}, {"id": "164", "type": "Feature", "properties": {"id": 226, "codigo": "0035", "Area_m2": null}, "geometry": {"type": "Polygon", "coordinates": [[[-51.97570933554618, -29.46102803117338], [-51.975666093443344, -29.460673226936326], [-51.97560056099473, -29.460863641288768], [-51.97495662672076, -29.460755833086278], [-51.974994254625976, -29.461091125042625], [-51.97570933554618, -29.46102803117338]]]}}, {"id": "165", "type": "Feature", "properties": {"id": 235, "codigo": "0044", "Area_m2": null}, "geometry": {"type": "Polygon", "coordinates": [[[-51.97580856028748, -29.46060711495471], [-51.97583478675966, -29.46082617501526], [-51.97587646694858, -29.460599903394122], [-51.97580856028748, -29.46060711495471]]]}}, {"id": "166", "type": "Feature", "properties": {"id": 1378, "codigo": "0083", "Area_m2": null}, "geometry": {"type": "Polygon", "coordinates": [[[-51.93914786491313, -29.450449715359106], [-51.93918978825206, -29.45058221266632], [-51.93919286894627, -29.45080427399698], [-51.939123923593854, -29.451077605354932], [-51.939088277879705, -29.451143122017843], [-51.939088602050525, -29.451403274242928], [-51.93922397582988, -29.4515953956537], [-51.939258251220224, -29.45171843261429], [-51.93931749036573, -29.45185307738095], [-51.9394265819585, -29.452002780246712], [-51.93951887843587, -29.45201572585257], [-51.93957968831487, -29.45198357053222], [-51.93968736053985, -29.451979184799555], [-51.939955864907446, -29.452119603723933], [-51.93999800872825, -29.45219726183532], [-51.94006900835634, -29.452259306273653], [-51.94013943194982, -29.452371210209268], [-51.9401590593828, -29.452478034087928], [-51.940094249954655, -29.452750430122066], [-51.940160440042355, -29.45296479402808], [-51.94022769888574, -29.45307037497387], [-51.94039089443929, -29.453199432718737], [-51.941231873648675, -29.452774010066275], [-51.941836962032156, -29.451802349887313], [-51.94230558480565, -29.451517816397967], [-51.94242357833041, -29.451196914448996], [-51.94247737727267, -29.450960424782235], [-51.94245872172442, -29.450789116765964], [-51.942298174271286, -29.450340980081872], [-51.94225112989735, -29.45013049806943], [-51.94224290666932, -29.449828244006444], [-51.942288160772854, -29.449293016237423], [-51.94215303863852, -29.449182942943356], [-51.941643098641514, -29.449791207358984], [-51.9405441183522, -29.4502592368961], [-51.94081419085016, -29.450473922115364], [-51.94142368127223, -29.450595959793382], [-51.94143674092067, -29.450893683412623], [-51.94008330860592, -29.451724497470472], [-51.939599037821615, -29.451764015137243], [-51.93936621714325, -29.451115877701724], [-51.93961866212189, -29.45053651359122], [-51.93960288364139, -29.45024928271437], [-51.93914786491313, -29.450449715359106]], [[-51.94023631166192, -29.452661988471608], [-51.9402457904063, -29.4525716742711], [-51.9402561012005, -29.452571601448007], [-51.94023631166192, -29.452661988471608]], [[-51.940265413506985, -29.45246323896958], [-51.940256017993896, -29.452562577310175], [-51.9402457072006, -29.45256265013325], [-51.940265413506985, -29.45246323896958]], [[-51.94026749369577, -29.452688842414517], [-51.94026774332002, -29.4527159148274], [-51.94024670567138, -29.452670939786763], [-51.94026749369577, -29.452688842414517]], [[-51.94025501951763, -29.45245428765516], [-51.94025485310544, -29.452436239379143], [-51.940265163885925, -29.452436166555675], [-51.94025501951763, -29.45245428765516]], [[-51.940265080678984, -29.45242714241768], [-51.94027539145851, -29.452427069593416], [-51.940275474666365, -29.452436093731375], [-51.940265080678984, -29.45242714241768]], [[-51.94025768213313, -29.452743060064535], [-51.94025751571852, -29.45272501178933], [-51.940267826528185, -29.452724938965], [-51.94025768213313, -29.452743060064535]], [[-51.94026815936118, -29.45276103551526], [-51.940268076152876, -29.452752011377715], [-51.94027838696524, -29.452751938552495], [-51.94026815936118, -29.45276103551526]], [[-51.94027863659303, -29.45277901096501], [-51.94027855338372, -29.452769986827523], [-51.94028886419786, -29.452769914001447], [-51.94027863659303, -29.45277901096501]], [[-51.94028977951227, -29.452869179512945], [-51.94028911382861, -29.452796986413826], [-51.940309818674415, -29.4528058648965], [-51.94028977951227, -29.452869179512945]], [[-51.940305824534086, -29.452372706288237], [-51.94029551376015, -29.45237277911474], [-51.94029526413202, -29.452345706700687], [-51.940305824534086, -29.452372706288237]], [[-51.940305491693, -29.452336609736243], [-51.94030540848283, -29.45232758559823], [-51.940315719252176, -29.452327512771053], [-51.940305491693, -29.452336609736243]], [[-51.94046904919655, -29.452182034064545], [-51.94046896597242, -29.452173009926724], [-51.94047927672566, -29.452172937087266], [-51.94046904919655, -29.452182034064545]], [[-51.94047919350065, -29.45216391294946], [-51.94048950425293, -29.45216384010921], [-51.940489587478844, -29.45217286424698], [-51.94047919350065, -29.45216391294946]], [[-51.940612567383795, -29.45209077286384], [-51.940581551916345, -29.452081967272658], [-51.940622711653475, -29.452072651738344], [-51.940612567383795, -29.45209077286384]], [[-51.940622628416136, -29.45206362760078], [-51.94063293915784, -29.452063554749635], [-51.940633022396106, -29.452072578887172], [-51.940622628416136, -29.45206362760078]], [[-51.94066528648489, -29.452216746526492], [-51.940644664970634, -29.452216892233654], [-51.94063377154217, -29.452153796124446], [-51.94066528648489, -29.452216746526492]], [[-51.94070578030699, -29.452135237867783], [-51.940716091055705, -29.452135165010052], [-51.94071617430156, -29.452144189147266], [-51.94070578030699, -29.452135237867783]], [[-51.94078693426477, -29.451990268789288], [-51.940766812296516, -29.452044559337814], [-51.940725236353515, -29.45200875422945], [-51.94078693426477, -29.451990268789288]], [[-51.94073629631514, -29.452089898606136], [-51.940736129820245, -29.452071850331652], [-51.940746440562464, -29.45207177747171], [-51.94073629631514, -29.452089898606136]], [[-51.940736462810165, -29.4521079468806], [-51.94072615206427, -29.452108019739846], [-51.94072598557106, -29.452089971465337], [-51.940736462810165, -29.4521079468806]], [[-51.940746274065916, -29.452053729197218], [-51.94075658480625, -29.45205365633651], [-51.94075675130463, -29.452071704610972], [-51.940746274065916, -29.452053729197218]]]}}, {"id": "167", "type": "Feature", "properties": {"id": 1378, "codigo": "0083", "Area_m2": null}, "geometry": {"type": "Polygon", "coordinates": [[[-51.942424217991814, -29.449403851270837], [-51.9423829328798, -29.44998456373066], [-51.94240907902379, -29.45018833367077], [-51.94244466052085, -29.45033541369279], [-51.94257275037164, -29.450672235116187], [-51.94261878091107, -29.450901119348043], [-51.94260414051831, -29.45107073349879], [-51.94249888464247, -29.45140045061854], [-51.942964881880876, -29.45111751127422], [-51.94371722440415, -29.451076081433737], [-51.94399268786178, -29.4507582631997], [-51.94414918484786, -29.45095569733887], [-51.94453981823166, -29.45082658034563], [-51.9448665804618, -29.45048132221445], [-51.94415640427199, -29.45062173140332], [-51.94428810229968, -29.45036810511634], [-51.94338657580683, -29.449887161291784], [-51.94268512715166, -29.449856030978186], [-51.94253744402175, -29.449496087543984], [-51.942424217991814, -29.449403851270837]], [[-51.94412597377036, -29.45067609554548], [-51.94407442081465, -29.450676461130115], [-51.944094624298195, -29.450631194246395], [-51.94412597377036, -29.45067609554548]]]}}, {"id": "168", "type": "Feature", "properties": {"id": 1878, "codigo": "0145", "Area_m2": null}, "geometry": {"type": "Polygon", "coordinates": [[[-51.936880404250694, -29.44797731766923], [-51.93685856554729, -29.447936356900282], [-51.937051067090835, -29.44786954984134], [-51.937199736249056, -29.447629549907195], [-51.93681593840851, -29.446767687025226], [-51.93589304634851, -29.447012672447812], [-51.93612970565777, -29.447224622451284], [-51.93653357560984, -29.448071576623974], [-51.93677294482854, -29.44873523215902], [-51.93699038961741, -29.448948797546553], [-51.93705915646787, -29.448924178715743], [-51.93709225631897, -29.44897362167477], [-51.93711322482351, -29.449036986015052], [-51.93710900365934, -29.449107460366186], [-51.93714738317541, -29.449201831523805], [-51.93724263323411, -29.44924513882518], [-51.937789421332425, -29.44905047372359], [-51.93739643545876, -29.448837479666825], [-51.937041486806876, -29.448361667359308], [-51.9369863701046, -29.4479739916275], [-51.93701276456948, -29.447931382454843], [-51.936880404250694, -29.44797731766923]]]}}, {"id": "169", "type": "Feature", "properties": {"id": 2042, "codigo": "0069", "Area_m2": "40971,03"}, "geometry": {"type": "Polygon", "coordinates": [[[-51.93729568151913, -29.449226275856333], [-51.937611509034646, -29.449527583584572], [-51.938240575910974, -29.44929499458389], [-51.93778941708934, -29.449050471423874], [-51.93729568151913, -29.449226275856333]]]}}, {"id": "170", "type": "Feature", "properties": {"id": 2042, "codigo": "0069", "Area_m2": "40971,03"}, "geometry": {"type": "Polygon", "coordinates": [[[-51.93591461517922, -29.447006992639608], [-51.93681595710366, -29.44676772900735], [-51.93674702792778, -29.44661294049135], [-51.936734499518515, -29.446112895389188], [-51.93579533013653, -29.446247823043855], [-51.93600015456015, -29.446356662276877], [-51.93607958114332, -29.446446757213646], [-51.93600706142792, -29.44656128921322], [-51.93609411133799, -29.44670617947706], [-51.93586220436236, -29.446962777843755], [-51.93591461517922, -29.447006992639608]]]}}, {"id": "171", "type": "Feature", "properties": {"id": 1392, "codigo": "0134", "Area_m2": null}, "geometry": {"type": "Polygon", "coordinates": [[[-51.938105942101714, -29.444642297041103], [-51.93781019571778, -29.44472380169966], [-51.93790486130194, -29.444986963786], [-51.938105942101714, -29.444642297041103]]]}}, {"id": "172", "type": "Feature", "properties": {"id": 2059, "codigo": "0067", "Area_m2": "112091,14"}, "geometry": {"type": "Polygon", "coordinates": [[[-51.92161848192339, -29.449515377357454], [-51.92162115587951, -29.449811280536267], [-51.92166528010252, -29.450097924977847], [-51.92170396245137, -29.45014075850169], [-51.921746973234974, -29.450156467299824], [-51.92178892229717, -29.450157495378196], [-51.922622978775806, -29.44979226650225], [-51.92161848192339, -29.449515377357454]]]}}, {"id": "173", "type": "Feature", "properties": {"id": 2059, "codigo": "0067", "Area_m2": "112091,14"}, "geometry": {"type": "Polygon", "coordinates": [[[-51.92040821898139, -29.449181853268396], [-51.9201441467949, -29.450459890358253], [-51.921581846335215, -29.45009657531163], [-51.921538713491074, -29.44981637026829], [-51.921535787815074, -29.449492582335466], [-51.92040821898139, -29.449181853268396]], [[-51.92017021629932, -29.450383563098715], [-51.920170134877296, -29.450374538906345], [-51.920180445508244, -29.4503744676428], [-51.92017021629932, -29.450383563098715]]]}}, {"id": "175", "type": "Feature", "properties": {"id": 2059, "codigo": "0067", "Area_m2": "112091,14"}, "geometry": {"type": "Polygon", "coordinates": [[[-51.93415321950001, -29.443611056255428], [-51.934160782620644, -29.443395383069298], [-51.93403940573722, -29.44316771020725], [-51.93360109874665, -29.442526089276754], [-51.93239964603228, -29.442450746905074], [-51.93201795929445, -29.44299632587581], [-51.93176679475309, -29.443175689029136], [-51.93148134329105, -29.443277819789287], [-51.9340519839563, -29.44399358131952], [-51.93415321950001, -29.443611056255428]]]}}, {"id": "176", "type": "Feature", "properties": {"id": 2059, "codigo": "0067", "Area_m2": "112091,14"}, "geometry": {"type": "Polygon", "coordinates": [[[-51.93252983087259, -29.44208306930501], [-51.932716967928535, -29.4415894774345], [-51.932643920726576, -29.44022928273658], [-51.93220363564703, -29.44034421138103], [-51.931236838385665, -29.440373437886677], [-51.9307729692068, -29.44022156735751], [-51.930085214884855, -29.439329241060843], [-51.929514710095916, -29.439396098482007], [-51.929239317763134, -29.439547173708885], [-51.929030307702185, -29.439614946147515], [-51.927780154971124, -29.441421332180873], [-51.930692854762036, -29.441708708524438], [-51.93039378039677, -29.442412911881213], [-51.932067363251626, -29.442676182414985], [-51.93252983087259, -29.44208306930501]]]}}, {"id": "177", "type": "Feature", "properties": {"id": 2059, "codigo": "0067", "Area_m2": "112091,14"}, "geometry": {"type": "Polygon", "coordinates": [[[-51.92516299651656, -29.446794567987915], [-51.9224268386271, -29.445989727462788], [-51.92234394383973, -29.44622469743182], [-51.92224808099559, -29.44641819031253], [-51.9250003240084, -29.447212195289122], [-51.92516299651656, -29.446794567987915]]]}}, {"id": "178", "type": "Feature", "properties": {"id": 2059, "codigo": "0067", "Area_m2": "112091,14"}, "geometry": {"type": "Polygon", "coordinates": [[[-51.92220850866093, -29.446180780717217], [-51.92229010084207, -29.445949504207448], [-51.92159372148571, -29.445744652371634], [-51.92149305306875, -29.44620034066236], [-51.92211055364754, -29.44637849614876], [-51.92220850866093, -29.446180780717217]]]}}, {"id": "179", "type": "Feature", "properties": {"id": 2059, "codigo": "0067", "Area_m2": "112091,14"}, "geometry": {"type": "Polygon", "coordinates": [[[-51.927011982816474, -29.44517086116632], [-51.926591901044866, -29.446305204397746], [-51.9281503159639, -29.44673997755018], [-51.929039028101265, -29.445722047410843], [-51.927011982816474, -29.44517086116632]]]}}, {"id": "180", "type": "Feature", "properties": {"id": 1919, "codigo": "0098", "Area_m2": null}, "geometry": {"type": "Polygon", "coordinates": [[[-51.947061782400645, -29.440858542496184], [-51.94688140256605, -29.44087689824559], [-51.94700501877078, -29.44091796863298], [-51.947061782400645, -29.440858542496184]]]}}, {"id": "181", "type": "Feature", "properties": {"id": 1919, "codigo": "0098", "Area_m2": null}, "geometry": {"type": "Polygon", "coordinates": [[[-51.946338980655284, -29.440932094847227], [-51.94627497186519, -29.4409386082229], [-51.94631477795566, -29.44097702409943], [-51.946338980655284, -29.440932094847227]]]}}, {"id": "182", "type": "Feature", "properties": {"id": 1608, "codigo": "0015", "Area_m2": "44400,01"}, "geometry": {"type": "Polygon", "coordinates": [[[-51.946612737219446, -29.436722212142843], [-51.947193202697285, -29.436867564218414], [-51.947116349703215, -29.436245705656876], [-51.9467360892468, -29.4363804391666], [-51.94669944446607, -29.43637816023522], [-51.946670300534564, -29.436572133407775], [-51.946612737219446, -29.436722212142843]]]}}, {"id": "183", "type": "Feature", "properties": {"id": 1985, "codigo": "0066", "Area_m2": "517387,66"}, "geometry": {"type": "Polygon", "coordinates": [[[-51.932621025681804, -29.440165707491524], [-51.93167621373633, -29.438879638225792], [-51.93002355266605, -29.43899387248272], [-51.93009662352992, -29.439279831113236], [-51.930214519252466, -29.439337711846406], [-51.93030276756587, -29.439417801952263], [-51.93079508068686, -29.44008546241037], [-51.93113710216559, -29.440266535761392], [-51.93134457601788, -29.440284320283812], [-51.931946095475865, -29.44027237375226], [-51.93223277523701, -29.4402481451671], [-51.93252323817541, -29.44020067763013], [-51.932621025681804, -29.440165707491524]], [[-51.93211578253038, -29.43966028791672], [-51.93197318038342, -29.439850805848945], [-51.93168393660907, -29.439789656601253], [-51.93138141804019, -29.439403708403493], [-51.93146175197209, -29.439168502879582], [-51.93179206691264, -29.439211315754577], [-51.93211578253038, -29.43966028791672]]]}}, {"id": "184", "type": "Feature", "properties": {"id": 1985, "codigo": "0066", "Area_m2": "517387,66"}, "geometry": {"type": "Polygon", "coordinates": [[[-51.933954479319695, -29.44083452036772], [-51.93393720083274, -29.44093881712423], [-51.93387853368689, -29.441027811912225], [-51.93388147620607, -29.441193742966224], [-51.93389953374958, -29.44127377360158], [-51.93396359695102, -29.441371222863598], [-51.93411101943121, -29.441470356351292], [-51.93431032956391, -29.441574686025653], [-51.93466029555082, -29.44181799969284], [-51.934641159077394, -29.44196852637164], [-51.93460561809169, -29.442071123232154], [-51.93438204049747, -29.442164579929855], [-51.934148786076975, -29.442184579798525], [-51.933979273220245, -29.442118833064384], [-51.933859055979134, -29.442132728814414], [-51.93381450253445, -29.442395568566003], [-51.93393257202256, -29.442858121824518], [-51.93409032990031, -29.44301426115199], [-51.934264119970535, -29.443044619919867], [-51.93432770766161, -29.44323324939323], [-51.93432912780019, -29.44335962196699], [-51.934254695531045, -29.44348298564226], [-51.93421479846011, -29.443652028491893], [-51.93513593498058, -29.443512958406796], [-51.935217299144234, -29.44283330235949], [-51.935515704766466, -29.442768032944972], [-51.935677930491245, -29.44246907650559], [-51.93737990204771, -29.44142828520089], [-51.93758153432566, -29.440930504712785], [-51.93755515814999, -29.440821351109772], [-51.933954479319695, -29.44083452036772]]]}}, {"id": "185", "type": "Feature", "properties": {"id": 1985, "codigo": "0066", "Area_m2": "517387,66"}, "geometry": {"type": "Polygon", "coordinates": [[[-51.93518430035853, -29.43997081187584], [-51.935805780096715, -29.43927913543606], [-51.93604263899419, -29.438971823133215], [-51.936614081883995, -29.43837158555739], [-51.936852424586284, -29.438195106731076], [-51.937103601203205, -29.438151860330656], [-51.93729937608581, -29.438296791915292], [-51.93724517251643, -29.438470558956737], [-51.93770503526628, -29.438874104939355], [-51.93775657291277, -29.43887109948307], [-51.93842139545121, -29.439405688419665], [-51.93872159896924, -29.439334117662725], [-51.93939177210062, -29.438876551587278], [-51.939123077602666, -29.43723212854777], [-51.938259961994554, -29.437720708016062], [-51.93798288717922, -29.43786529721613], [-51.937816567457574, -29.437937973484598], [-51.93767713237647, -29.437984365097957], [-51.93727616926781, -29.43806439344228], [-51.93677338711686, -29.43810608182367], [-51.936244130596634, -29.438133829086624], [-51.936081868645225, -29.438209013344075], [-51.93506926559916, -29.43919703067694], [-51.93518430035853, -29.43997081187584]]]}}, {"id": "186", "type": "Feature", "properties": {"id": 1985, "codigo": "0066", "Area_m2": "517387,66"}, "geometry": {"type": "Polygon", "coordinates": [[[-51.93504478774649, -29.439032351413662], [-51.93598203511117, -29.43810370458021], [-51.93620017170264, -29.438002629206323], [-51.93676227812689, -29.437973156552648], [-51.93725154916706, -29.437932585639146], [-51.93765695731257, -29.4378516677331], [-51.937905070442795, -29.437751575836646], [-51.938239219304144, -29.437574467243895], [-51.93738847760342, -29.431577207707118], [-51.93674012242172, -29.43177866631142], [-51.93522987369722, -29.43231937790895], [-51.935234425761514, -29.432328370702912], [-51.9352257150657, -29.43232086681622], [-51.935006815138486, -29.432399239158077], [-51.93500544495701, -29.432389802742378], [-51.933636440975555, -29.43330475314599], [-51.933874475284355, -29.43486091477088], [-51.93419837882995, -29.434824962046207], [-51.9343072310412, -29.435536542253992], [-51.934777686785864, -29.435363895744665], [-51.93612010088647, -29.435598134723246], [-51.93641658023431, -29.4353253077641], [-51.93660620183158, -29.43576618720537], [-51.936536605540205, -29.436046443981155], [-51.93633133367062, -29.436147159666586], [-51.93645111106046, -29.43684122335756], [-51.93627866965676, -29.43714927739022], [-51.93529493732939, -29.437805972217806], [-51.93532958774468, -29.438211842660145], [-51.934932624905926, -29.4382779040286], [-51.93504478774649, -29.439032351413662]], [[-51.93484442858039, -29.432520628689687], [-51.93484434592016, -29.432511604510644], [-51.93485465470324, -29.432511532150524], [-51.93484442858039, -29.432520628689687]], [[-51.934885498388404, -29.432502290886518], [-51.934885415724615, -29.432493266707574], [-51.93490603328679, -29.43249312198029], [-51.934885498388404, -29.432502290886518]], [[-51.93521389092683, -29.432337539658604], [-51.93521380823456, -29.432328515480286], [-51.935224116998064, -29.43232844309201], [-51.93521389092683, -29.432337539658604]]]}}, {"id": "187", "type": "Feature", "properties": {"id": 2067, "codigo": "0073", "Area_m2": null}, "geometry": {"type": "Polygon", "coordinates": [[[-51.948162461602415, -29.436927203098875], [-51.94819353470309, -29.436785207901178], [-51.94814488533403, -29.436777822332317], [-51.948162461602415, -29.436927203098875]]]}}, {"id": "188", "type": "Feature", "properties": {"id": 2411, "codigo": "0004", "Area_m2": "277176,88"}, "geometry": {"type": "Polygon", "coordinates": [[[-51.941222173312724, -29.43307536444317], [-51.94149393002108, -29.43315782224102], [-51.94164022488852, -29.43316485699231], [-51.941766910737485, -29.433130404493745], [-51.94189040730721, -29.433078251628007], [-51.94211076163998, -29.432959118621735], [-51.94285351536381, -29.43283913275843], [-51.94249937405947, -29.430093038448423], [-51.94087989319323, -29.43049081954872], [-51.941222173312724, -29.43307536444317]]]}}, {"id": "189", "type": "Feature", "properties": {"id": 2411, "codigo": "0004", "Area_m2": "277176,88"}, "geometry": {"type": "Polygon", "coordinates": [[[-51.94230231700099, -29.439265542811185], [-51.9422595282158, -29.439240613652707], [-51.942278610722646, -29.439336069737074], [-51.94230231700099, -29.439265542811185]]]}}, {"id": "190", "type": "Feature", "properties": {"id": 2411, "codigo": "0004", "Area_m2": "277176,88"}, "geometry": {"type": "Polygon", "coordinates": [[[-51.942533676897696, -29.438834662537836], [-51.9426309073761, -29.43874485861098], [-51.94267931272753, -29.438613135590277], [-51.94277207695482, -29.438509203360812], [-51.942839477567084, -29.438372832528056], [-51.942872574519285, -29.438209236846767], [-51.94287648699954, -29.438100324742255], [-51.94279490348025, -29.4378342591562], [-51.94293927486616, -29.437338440164034], [-51.9427793420374, -29.43663698456109], [-51.942715960820465, -29.436428704471226], [-51.942628802839366, -29.436250387834512], [-51.942430666452196, -29.435774462387087], [-51.942389926177746, -29.435715301853595], [-51.941839420709364, -29.43617130277542], [-51.94179451853205, -29.43616930458134], [-51.94170830601177, -29.43621411744714], [-51.94164707419584, -29.43628357061962], [-51.941712908115065, -29.436780625265435], [-51.94187358668856, -29.43678493297894], [-51.94238182078356, -29.437115252947464], [-51.94263110440051, -29.438431100962752], [-51.94256202332749, -29.43876550535216], [-51.94241550358472, -29.43886905535184], [-51.942533676897696, -29.438834662537836]]]}}, {"id": "191", "type": "Feature", "properties": {"id": 2411, "codigo": "0004", "Area_m2": "277176,88"}, "geometry": {"type": "Polygon", "coordinates": [[[-51.94572782772298, -29.438944239438975], [-51.94583545951888, -29.438884533671654], [-51.94590553805019, -29.438825395316446], [-51.946305968812396, -29.43833442787149], [-51.94631977263665, -29.438196122865584], [-51.94607844121947, -29.437445571169434], [-51.946114903506135, -29.43723227663535], [-51.946192050296645, -29.437062965995242], [-51.94629620293139, -29.436959145106577], [-51.94647297085029, -29.436640725350664], [-51.946533041924596, -29.436367811695334], [-51.9456941969917, -29.436315644101217], [-51.945058529222244, -29.43593282447307], [-51.94543324257541, -29.438943811289807], [-51.94561869661805, -29.43895636668482], [-51.94572782772298, -29.438944239438975]]]}}, {"id": "192", "type": "Feature", "properties": {"id": 2411, "codigo": "0004", "Area_m2": "277176,88"}, "geometry": {"type": "Polygon", "coordinates": [[[-51.945233602437455, -29.429663669171756], [-51.94430676383582, -29.429892058514906], [-51.944894524189046, -29.43461497180325], [-51.94519052657712, -29.434252554011078], [-51.94561143662988, -29.434060046474887], [-51.94570103904991, -29.433716470012175], [-51.94508863702624, -29.43326958002601], [-51.94499956517249, -29.43255725721575], [-51.94569746668159, -29.432218387869998], [-51.94602567314608, -29.43222458851843], [-51.945233602437455, -29.429663669171756]]]}}, {"id": "193", "type": "Feature", "properties": {"id": 2411, "codigo": "0004", "Area_m2": "277176,88"}, "geometry": {"type": "Polygon", "coordinates": [[[-51.94313778598741, -29.435043312861424], [-51.942604166825404, -29.435432005240145], [-51.942392097287176, -29.435697478189606], [-51.94244187986687, -29.43576976939378], [-51.942640310235255, -29.436246400869827], [-51.942727685700426, -29.43642516241433], [-51.9427913974386, -29.43663452854148], [-51.942951994128286, -29.437338895440043], [-51.94280775024461, -29.43783438096735], [-51.94288890994183, -29.438099064243787], [-51.942884911956355, -29.438210356942154], [-51.94285140708706, -29.438375969023603], [-51.942787660003184, -29.438514274827234], [-51.94273234187788, -29.438560977036254], [-51.94269059418824, -29.438617800955296], [-51.942641822916656, -29.43875051977973], [-51.94254052315593, -29.43884408217943], [-51.94237378223334, -29.43889854111151], [-51.94221875369981, -29.439008104534796], [-51.94225273237434, -29.43920661893596], [-51.94230545614614, -29.43925620375533], [-51.942378954703834, -29.439037543227776], [-51.94300257487062, -29.43846456992123], [-51.94337117256752, -29.437072149140597], [-51.943397697638886, -29.437058482031233], [-51.94313778598741, -29.435043312861424]]]}}, {"id": "195", "type": "Feature", "properties": {"id": 2411, "codigo": "0004", "Area_m2": "277176,88"}, "geometry": {"type": "Polygon", "coordinates": [[[-51.941832116165585, -29.435918428642207], [-51.942118652789105, -29.435720329371847], [-51.94242093528946, -29.435458028842508], [-51.942439393409686, -29.43533250750841], [-51.9425165227705, -29.435272150166742], [-51.94281027960077, -29.435120177958616], [-51.943085453679224, -29.434892267131676], [-51.943109069928376, -29.434820658863902], [-51.943027363331524, -29.434187129439746], [-51.942862738382914, -29.43401645297623], [-51.94272365807129, -29.43371055824862], [-51.942723847367255, -29.433603150685496], [-51.9426745611073, -29.43334661733499], [-51.942605067060576, -29.433249546269252], [-51.94243603332179, -29.43309134380635], [-51.94230464205588, -29.433019673919766], [-51.942112041842805, -29.432971154899157], [-51.941896361179516, -29.43308776131411], [-51.94177145870671, -29.433140508029307], [-51.941641768973234, -29.433175776851357], [-51.94147809727865, -29.433164128804826], [-51.94122371993178, -29.43308704255852], [-51.941624360110936, -29.43611207410806], [-51.941832116165585, -29.435918428642207]]]}}, {"id": "196", "type": "Feature", "properties": {"id": 1604, "codigo": "0011", "Area_m2": null}, "geometry": {"type": "Polygon", "coordinates": [[[-51.95443718281804, -29.431577720916124], [-51.954261964743935, -29.431587325950105], [-51.95415483728447, -29.43161453187637], [-51.95405302665456, -29.431668742157346], [-51.95395620148562, -29.431770874895616], [-51.953992432184094, -29.431780190738053], [-51.95444017690806, -29.43225529369668], [-51.95450769595432, -29.43175844948217], [-51.95420790143756, -29.43167035036614], [-51.95443718281804, -29.431577720916124]]]}}, {"id": "197", "type": "Feature", "properties": {"id": 2327, "codigo": "0145", "Area_m2": "5383,61"}, "geometry": {"type": "Polygon", "coordinates": [[[-51.98974646575317, -29.493123147846596], [-51.98961455699857, -29.493275726231477], [-51.989856163875984, -29.493317580300175], [-51.98982663438661, -29.49327433228661], [-51.989839161688174, -29.493100049661184], [-51.98974646575317, -29.493123147846596]]]}}, {"id": "198", "type": "Feature", "properties": {"id": 846, "codigo": "0058", "Area_m2": "22783,26"}, "geometry": {"type": "Polygon", "coordinates": [[[-51.989841121681415, -29.491174335571905], [-51.9899989276004, -29.491797741541028], [-51.98956051562732, -29.491956514081835], [-51.98943635522425, -29.49230075385834], [-51.98958635957241, -29.493132340646124], [-51.98970534101652, -29.49304149408348], [-51.98978480367763, -29.49299825803369], [-51.989847746556435, -29.492980615050918], [-51.98985389359482, -29.49289509607609], [-51.99041619943018, -29.49237650794996], [-51.990487469522826, -29.491816670204017], [-51.99040279584158, -29.491659471172145], [-51.99035185365952, -29.49148923502312], [-51.9902911606412, -29.491196665641713], [-51.989841121681415, -29.491174335571905]]]}}, {"id": "199", "type": "Feature", "properties": {"id": 845, "codigo": "0057", "Area_m2": null}, "geometry": {"type": "Polygon", "coordinates": [[[-51.99115244967943, -29.491457908541616], [-51.991108815941374, -29.49133159570063], [-51.99094441673136, -29.49137764591621], [-51.99083316148037, -29.491080644324438], [-51.990416996254794, -29.491197216124217], [-51.99061083448574, -29.491714681372546], [-51.99074003398268, -29.491733349447255], [-51.99115244967943, -29.491457908541616]]]}}, {"id": "200", "type": "Feature", "properties": {"id": 817, "codigo": "0029", "Area_m2": "79235,63"}, "geometry": {"type": "Polygon", "coordinates": [[[-51.9913757705455, -29.491078122172322], [-51.99142032272915, -29.491279003626026], [-51.99147793991802, -29.491240522717554], [-51.9914861454069, -29.491023871060822], [-51.99138815194806, -29.49105901404757], [-51.9913757705455, -29.491078122172322]]]}}, {"id": "201", "type": "Feature", "properties": {"id": 2373, "codigo": "0011", "Area_m2": null}, "geometry": {"type": "Polygon", "coordinates": [[[-51.983095741038326, -29.491207629551475], [-51.98288937269545, -29.490935793282496], [-51.982845440233454, -29.490874663332974], [-51.98285138934619, -29.49093453345044], [-51.98302362859681, -29.491236425675673], [-51.983095741038326, -29.491207629551475]]]}}, {"id": "204", "type": "Feature", "properties": {"id": 2200, "codigo": "0001", "Area_m2": "84261,6"}, "geometry": {"type": "Polygon", "coordinates": [[[-51.981890399778855, -29.489454749407113], [-51.98145957829299, -29.489787021439053], [-51.98141549670826, -29.489821671231653], [-51.98163275477294, -29.48971618393183], [-51.982123309209136, -29.48979673264378], [-51.981890399778855, -29.489454749407113]]]}}, {"id": "205", "type": "Feature", "properties": {"id": 2200, "codigo": "0001", "Area_m2": "84261,6"}, "geometry": {"type": "Polygon", "coordinates": [[[-51.98242833102643, -29.490053410567437], [-51.98280568870459, -29.490474615660276], [-51.98282255696826, -29.490644372895208], [-51.98294204812477, -29.490828082950948], [-51.9830728508445, -29.491013354440494], [-51.98365644504825, -29.491765882838884], [-51.98404438710446, -29.491635793049205], [-51.98381064210161, -29.49110103415938], [-51.98330583414348, -29.4898424983773], [-51.983117497517604, -29.489869328936777], [-51.983029975326, -29.489774122941714], [-51.98446706867406, -29.4894770601539], [-51.98427667000585, -29.488983702343994], [-51.98383928227053, -29.488553756289015], [-51.983885577444845, -29.488334571687073], [-51.98327052123738, -29.48832018213007], [-51.98319423749595, -29.488334159614997], [-51.98312322483267, -29.48838097000646], [-51.98299860242015, -29.488554834256952], [-51.9831673669356, -29.489098855515877], [-51.98287970805319, -29.489137119260377], [-51.98296506181369, -29.489031242391658], [-51.98282854910238, -29.48872824178552], [-51.98271698345691, -29.488824750807485], [-51.98196983707721, -29.48939329494888], [-51.98242833102643, -29.490053410567437]]]}}, {"id": "206", "type": "Feature", "properties": {"id": 2349, "codigo": "0190", "Area_m2": "19793,54"}, "geometry": {"type": "Polygon", "coordinates": [[[-51.98425566765163, -29.487537210119264], [-51.98428521296631, -29.487615506031506], [-51.98433455735251, -29.48750862459267], [-51.98425566765163, -29.487537210119264]]]}}, {"id": "207", "type": "Feature", "properties": {"id": 2349, "codigo": "0190", "Area_m2": "19793,54"}, "geometry": {"type": "Polygon", "coordinates": [[[-51.98402401739754, -29.48775990437957], [-51.98404434143427, -29.487914233674132], [-51.98420327051677, -29.487792995865437], [-51.98424407339014, -29.48770461560274], [-51.98402401739754, -29.48775990437957]]]}}, {"id": "208", "type": "Feature", "properties": {"id": 2349, "codigo": "0190", "Area_m2": "19793,54"}, "geometry": {"type": "Polygon", "coordinates": [[[-51.9818473894843, -29.48587439336085], [-51.97972045895993, -29.486401435588228], [-51.97967414832861, -29.4867470065707], [-51.97976891230055, -29.487190714579985], [-51.979862465897966, -29.487479724796746], [-51.982584210461596, -29.486948184653382], [-51.98184738948625, -29.485874393362103], [-51.982092327494854, -29.485828559067198], [-51.9818473894843, -29.48587439336085]]]}}, {"id": "209", "type": "Feature", "properties": {"id": 2349, "codigo": "0190", "Area_m2": "19793,54"}, "geometry": {"type": "Polygon", "coordinates": [[[-51.982092327494854, -29.485828559067198], [-51.982805434866194, -29.486867673868957], [-51.9833087321489, -29.486748866272304], [-51.98346176314729, -29.4872318619054], [-51.98449454743782, -29.486988054715333], [-51.98431613762422, -29.48666408337132], [-51.98492274990544, -29.48646105195394], [-51.984375841504644, -29.486438026099698], [-51.9844130851141, -29.486022617969947], [-51.98462688801481, -29.48573224784731], [-51.98453249152546, -29.48557050329596], [-51.984038916404124, -29.485346153695062], [-51.982092327494854, -29.485828559067198]]]}}, {"id": "210", "type": "Feature", "properties": {"id": 2242, "codigo": "1841", "Area_m2": "219483,91"}, "geometry": {"type": "Polygon", "coordinates": [[[-51.984033245618065, -29.48534357609637], [-51.983848716199184, -29.48525970010728], [-51.983426976272206, -29.485380138477755], [-51.9837347395148, -29.485206395226943], [-51.98370144413232, -29.484962976608525], [-51.9833220066406, -29.485191397312395], [-51.98341666228921, -29.485380214720994], [-51.983157505919216, -29.48524676084898], [-51.98260368598268, -29.48557573900778], [-51.98200582167808, -29.485616252048008], [-51.981438911082066, -29.484837330457566], [-51.981377422836445, -29.484881727067464], [-51.98182236643672, -29.485553817347082], [-51.982039820672405, -29.485845284009066], [-51.984033245618065, -29.48534357609637]]]}}, {"id": "211", "type": "Feature", "properties": {"id": 2242, "codigo": "1841", "Area_m2": "219483,91"}, "geometry": {"type": "Polygon", "coordinates": [[[-51.98749765129299, -29.491858634332793], [-51.98832582472468, -29.492753040495305], [-51.988400918864095, -29.49305029450487], [-51.988378908593404, -29.493151014398894], [-51.98934918843797, -29.492968723642424], [-51.98943635522425, -29.49230075385834], [-51.98956051562732, -29.491956514081835], [-51.9899989276004, -29.491797741541028], [-51.98983577950106, -29.49115323135092], [-51.989552328244294, -29.491122668260836], [-51.98939182160705, -29.491070183410184], [-51.98910029070829, -29.490930072451196], [-51.98913443164642, -29.491041379309774], [-51.98773358001658, -29.49125033013811], [-51.98745692471391, -29.4914419009646], [-51.98746803389484, -29.491748039700717], [-51.98749765129299, -29.491858634332793]]]}}, {"id": "212", "type": "Feature", "properties": {"id": 2242, "codigo": "1841", "Area_m2": "219483,91"}, "geometry": {"type": "Polygon", "coordinates": [[[-51.98367779013012, -29.489699789958166], [-51.98421882826538, -29.49157729716414], [-51.98455852492505, -29.49146338565002], [-51.98514270222216, -29.491071002110104], [-51.98524261679021, -29.4907363514176], [-51.98473161956051, -29.490162559938028], [-51.98447620042887, -29.489500722202603], [-51.98367779013012, -29.489699789958166]]]}}, {"id": "213", "type": "Feature", "properties": {"id": 2242, "codigo": "1841", "Area_m2": "219483,91"}, "geometry": {"type": "Polygon", "coordinates": [[[-51.97815671302164, -29.480363061750968], [-51.97803873021877, -29.480084214251246], [-51.97778365812395, -29.48016821927491], [-51.97782790144734, -29.480463494947376], [-51.97815671302164, -29.480363061750968]]]}}, {"id": "214", "type": "Feature", "properties": {"id": 2242, "codigo": "1841", "Area_m2": "219483,91"}, "geometry": {"type": "Polygon", "coordinates": [[[-51.97796599170815, -29.479744812843435], [-51.97809897105895, -29.47966476353297], [-51.97798205435673, -29.47951606865597], [-51.977849075101126, -29.479596117848963], [-51.97796599170815, -29.479744812843435]]]}}, {"id": "215", "type": "Feature", "properties": {"id": 2242, "codigo": "1841", "Area_m2": "219483,91"}, "geometry": {"type": "Polygon", "coordinates": [[[-51.9768155100197, -29.47867419699189], [-51.97685206495832, -29.478713323612187], [-51.977022146150695, -29.478591664524497], [-51.977080245878014, -29.47865384966574], [-51.97746967616258, -29.4785089469789], [-51.97756482389392, -29.478496939012828], [-51.97706852041067, -29.478450945983305], [-51.97675019249339, -29.478597677469175], [-51.976358869908644, -29.478354082230123], [-51.976330841961314, -29.478365394760075], [-51.97673086769681, -29.478734739819306], [-51.9768155100197, -29.47867419699189]]]}}, {"id": "216", "type": "Feature", "properties": {"id": 2242, "codigo": "1841", "Area_m2": "219483,91"}, "geometry": {"type": "Polygon", "coordinates": [[[-51.98401821167449, -29.484653796794245], [-51.98394636306602, -29.484690426702084], [-51.984070478791224, -29.484725607168713], [-51.98401821167449, -29.484653796794245]]]}}, {"id": "217", "type": "Feature", "properties": {"id": 2350, "codigo": "1830", "Area_m2": "17009,1"}, "geometry": {"type": "Polygon", "coordinates": [[[-51.978243452605255, -29.48436853366077], [-51.978431622595004, -29.484592476516802], [-51.97995850604273, -29.484163825064606], [-51.979846311533265, -29.483918554212035], [-51.978243452605255, -29.48436853366077]]]}}, {"id": "218", "type": "Feature", "properties": {"id": 2350, "codigo": "1830", "Area_m2": "17009,1"}, "geometry": {"type": "Polygon", "coordinates": [[[-51.97842671204973, -29.482036262996626], [-51.97726110800172, -29.482398900266972], [-51.97726140059983, -29.482429394826244], [-51.97725460771133, -29.482400922596828], [-51.97713267743913, -29.482438856783602], [-51.9772706782392, -29.482634506259142], [-51.97853888703073, -29.482337688618397], [-51.97868600351133, -29.482286530085304], [-51.97842671204973, -29.482036262996626]], [[-51.97723089240774, -29.482474742096354], [-51.97724120611566, -29.48247466633941], [-51.97724163903901, -29.48251978633624], [-51.97723089240774, -29.482474742096354]]]}}, {"id": "219", "type": "Feature", "properties": {"id": 2350, "codigo": "1830", "Area_m2": "17009,1"}, "geometry": {"type": "Polygon", "coordinates": [[[-51.98047534024701, -29.48371201138848], [-51.98036462280769, -29.483598834741738], [-51.98000875584771, -29.48368514608681], [-51.97981434281296, -29.48374496418723], [-51.979877400608615, -29.483878289358756], [-51.98047534024701, -29.48371201138848]]]}}, {"id": "220", "type": "Feature", "properties": {"id": 2350, "codigo": "1830", "Area_m2": "17009,1"}, "geometry": {"type": "Polygon", "coordinates": [[[-51.97928327045863, -29.482558098813364], [-51.97917264964767, -29.482465543023643], [-51.978849970610085, -29.48244479047765], [-51.97879602380174, -29.482392721232557], [-51.97859325054971, -29.482474448156925], [-51.97732975132643, -29.482754633079026], [-51.97765891322597, -29.48306650338768], [-51.97891550710192, -29.482752133787674], [-51.97928326677931, -29.482558100754577], [-51.98036462280769, -29.483598834741738], [-51.97928327045863, -29.482558098813364]], [[-51.97744019764987, -29.482789066758485], [-51.97744045745998, -29.482816138753734], [-51.977419656773094, -29.482798242302376], [-51.97744019764987, -29.482789066758485]], [[-51.97740916983185, -29.482780270076862], [-51.97740908323133, -29.48277124607834], [-51.977419396968706, -29.48277117030688], [-51.97740916983185, -29.482780270076862]], [[-51.97744063066691, -29.482834186750495], [-51.97745094441057, -29.482834110976462], [-51.977451031015, -29.482843134974797], [-51.97744063066691, -29.482834186750495]]]}}, {"id": "221", "type": "Feature", "properties": {"id": 837, "codigo": "0049", "Area_m2": null}, "geometry": {"type": "Polygon", "coordinates": [[[-51.978318575206764, -29.48148705748686], [-51.97844965967665, -29.481673174040903], [-51.97852138008743, -29.481651120974565], [-51.97839951250533, -29.48146293149633], [-51.978318575206764, -29.48148705748686]]]}}, {"id": "222", "type": "Feature", "properties": {"id": 830, "codigo": "0042", "Area_m2": "58525,15"}, "geometry": {"type": "Polygon", "coordinates": [[[-51.99237412496638, -29.46747109769526], [-51.99217325519529, -29.467846063695944], [-51.99198292028701, -29.46808577241965], [-51.99168089795436, -29.468396953052135], [-51.991866005370284, -29.46859486256528], [-51.99219670047184, -29.46866459451472], [-51.99237098546769, -29.467499117338328], [-51.99238083478959, -29.467491676973776], [-51.99237412496638, -29.46747109769526]]]}}, {"id": "223", "type": "Feature", "properties": {"id": 941, "codigo": "0189", "Area_m2": null}, "geometry": {"type": "Polygon", "coordinates": [[[-51.99609317694996, -29.46473030874436], [-51.99605009501231, -29.464237935275097], [-51.99437121813126, -29.464499620342984], [-51.99448764519715, -29.46458641006401], [-51.99603406857734, -29.464538747416054], [-51.99609317694996, -29.46473030874436]]]}}, {"id": "224", "type": "Feature", "properties": {"id": 941, "codigo": "0189", "Area_m2": null}, "geometry": {"type": "Polygon", "coordinates": [[[-51.99599435207233, -29.464009416083815], [-51.99566100993482, -29.463364226701497], [-51.99545466727696, -29.46328865811793], [-51.99505885806909, -29.46288550926596], [-51.99424960535587, -29.463442059784228], [-51.99384314166882, -29.463510269026152], [-51.99404039576693, -29.463637780462253], [-51.99421546501998, -29.463822144867297], [-51.99442707007997, -29.4641561513082], [-51.994871762751885, -29.46419523979185], [-51.99525561588555, -29.46416504858131], [-51.99599435207233, -29.464009416083815]]]}}, {"id": "225", "type": "Feature", "properties": {"id": 2040, "codigo": "0003", "Area_m2": "401236,39"}, "geometry": {"type": "Polygon", "coordinates": [[[-52.008500899497584, -29.46253757290812], [-52.00844879709808, -29.462584387277793], [-52.00866313036253, -29.463107991989414], [-52.00900386141407, -29.463150532414534], [-52.00889860123849, -29.462934739568126], [-52.008500899497584, -29.46253757290812]]]}}, {"id": "226", "type": "Feature", "properties": {"id": 2040, "codigo": "0003", "Area_m2": "401236,39"}, "geometry": {"type": "Polygon", "coordinates": [[[-51.99916463873207, -29.463927209854926], [-51.99940033356963, -29.46418830609044], [-51.99965995325187, -29.463907816592105], [-51.9991394832425, -29.463622032699814], [-51.9979204015678, -29.463396538320584], [-51.99755989272078, -29.46343872134947], [-51.99760024252329, -29.46376246680649], [-51.99832300267632, -29.463731931178398], [-51.998897745274306, -29.463778202736453], [-51.99916463873207, -29.463927209854926]]]}}, {"id": "227", "type": "Feature", "properties": {"id": 2040, "codigo": "0003", "Area_m2": "401236,39"}, "geometry": {"type": "Polygon", "coordinates": [[[-52.007649304246094, -29.462848046638815], [-52.00770705381977, -29.46236619083778], [-52.008343591991434, -29.46249833260969], [-52.008405721735016, -29.462442523200817], [-52.00825285329966, -29.462289860439654], [-52.007533007931144, -29.461879458883825], [-52.007649304246094, -29.462848046638815]]]}}, {"id": "228", "type": "Feature", "properties": {"id": 2040, "codigo": "0003", "Area_m2": "401236,39"}, "geometry": {"type": "Polygon", "coordinates": [[[-52.005474066980796, -29.462161979125707], [-52.00587427358056, -29.462430409139483], [-52.006253149221095, -29.46234682701183], [-52.00687628820479, -29.46212181875055], [-52.00681391558724, -29.46154740911306], [-52.00637817330358, -29.461464758633817], [-52.006277285422556, -29.461691136956013], [-52.006040387777375, -29.461720001630447], [-52.00588411217183, -29.46155873955273], [-52.00555654757552, -29.461804879476396], [-52.005235455298326, -29.460616054579155], [-52.00492664677966, -29.46067253418822], [-52.00493989387139, -29.460970246786374], [-52.004643707859245, -29.461261270695072], [-52.004527169263675, -29.460946288401917], [-52.00458772463822, -29.46014455047738], [-52.004478816515494, -29.460127219270348], [-52.00439704589879, -29.46039823723477], [-52.00434388742145, -29.461097789189925], [-52.00451379854168, -29.46145924058423], [-52.005142118083256, -29.461550770941546], [-52.005474066980796, -29.462161979125707]], [[-52.005442675729874, -29.46176061660592], [-52.005453165271064, -29.461778586612386], [-52.005412008175185, -29.461787922134814], [-52.005442675729874, -29.46176061660592]]]}}, {"id": "229", "type": "Feature", "properties": {"id": 2040, "codigo": "0003", "Area_m2": "401236,39"}, "geometry": {"type": "Polygon", "coordinates": [[[-52.00472921950491, -29.45939286802828], [-52.00483333187611, -29.459091331628695], [-52.004625832661404, -29.45944745584107], [-52.004317471782535, -29.45954905375174], [-52.004367524157885, -29.459758656687956], [-52.00454581536642, -29.459786390650866], [-52.00460120417512, -29.45960953981564], [-52.00472921950491, -29.45939286802828]]]}}, {"id": "230", "type": "Feature", "properties": {"id": 2040, "codigo": "0003", "Area_m2": "401236,39"}, "geometry": {"type": "Polygon", "coordinates": [[[-52.00498830115003, -29.45903268776772], [-52.00487934539377, -29.459012360111828], [-52.00484588235762, -29.459069791641895], [-52.00498830115003, -29.45903268776772]]]}}, {"id": "231", "type": "Feature", "properties": {"id": 2040, "codigo": "0003", "Area_m2": "401236,39"}, "geometry": {"type": "Polygon", "coordinates": [[[-52.00555846237134, -29.45929169723032], [-52.005616307536386, -29.459257656399167], [-52.00579665897652, -29.45927538108319], [-52.00594090355909, -29.45925803101912], [-52.005976281957544, -29.459241296412138], [-52.00598799280055, -29.459172620026504], [-52.00590211752886, -29.459203176648145], [-52.00550761152052, -29.459129574457126], [-52.00555846237134, -29.45929169723032]]]}}, {"id": "233", "type": "Feature", "properties": {"id": 1961, "codigo": "0008", "Area_m2": "100650,22"}, "geometry": {"type": "Polygon", "coordinates": [[[-51.99965983780544, -29.46390775320183], [-51.99940033356963, -29.46418830609044], [-51.99957352216942, -29.464316900218012], [-52.00029086055746, -29.464739860569637], [-52.00060513602857, -29.46478330472953], [-52.00082252613053, -29.464882925840083], [-52.001085827467016, -29.46513399454305], [-52.00141924262288, -29.465359705612354], [-52.00134150356007, -29.464831135867907], [-51.99965983780544, -29.46390775320183]]]}}, {"id": "234", "type": "Feature", "properties": {"id": 2169, "codigo": "0102", "Area_m2": "41603,05"}, "geometry": {"type": "Polygon", "coordinates": [[[-51.996420533853005, -29.46395229472826], [-51.997317977302984, -29.46386530766285], [-51.997593952849286, -29.463801517783015], [-51.99755051187482, -29.463439818999355], [-51.99709634717729, -29.463492960670425], [-51.99649491463523, -29.463154528931938], [-51.99632874516186, -29.463219914178186], [-51.996420533853005, -29.46395229472826]]]}}, {"id": "235", "type": "Feature", "properties": {"id": 1924, "codigo": "0254", "Area_m2": null}, "geometry": {"type": "Polygon", "coordinates": [[[-52.00141934130725, -29.46535642335211], [-52.00176904309332, -29.465237782002184], [-52.00202369064306, -29.465188210723177], [-52.002538049532056, -29.465344315627945], [-52.00249487496057, -29.46503274512243], [-52.001555327796616, -29.464948544213232], [-52.001415297157656, -29.464871655054743], [-52.001353846259406, -29.464878098786286], [-52.00141934130725, -29.46535642335211]]]}}, {"id": "236", "type": "Feature", "properties": {"id": 1923, "codigo": "0253", "Area_m2": null}, "geometry": {"type": "Polygon", "coordinates": [[[-52.00134789649558, -29.464834646152774], [-52.001353846263825, -29.464878098803766], [-52.001415297185346, -29.464871655069942], [-52.00134789649558, -29.464834646152774]]]}}, {"id": "237", "type": "Feature", "properties": {"id": 2450, "codigo": "0389", "Area_m2": "47202,5"}, "geometry": {"type": "Polygon", "coordinates": [[[-52.007533007931144, -29.461879458883825], [-52.00701873369016, -29.461586258485728], [-52.00681391558724, -29.46154740911306], [-52.00687628820479, -29.46212181875055], [-52.006253149221095, -29.46234682701183], [-52.00587430749818, -29.462430433085206], [-52.005854299691606, -29.462575846863018], [-52.00572354137558, -29.462773521192055], [-52.00601146114227, -29.463588818491424], [-52.00609891309415, -29.463470335663654], [-52.006542048576776, -29.463439911297073], [-52.006817968395175, -29.46318513502285], [-52.00761178792759, -29.463161078485612], [-52.007649304246094, -29.462848046638815], [-52.007533007931144, -29.461879458883825]], [[-52.00633118198677, -29.462972225608524], [-52.005814976461295, -29.46291295525025], [-52.00591542123979, -29.462641457527198], [-52.00633118198677, -29.462972225608524]]]}}, {"id": "238", "type": "Feature", "properties": {"id": 1068, "codigo": "0066", "Area_m2": "640350,"}, "geometry": {"type": "Polygon", "coordinates": [[[-51.97609342633436, -29.427062702139857], [-51.97669238835376, -29.42753869287063], [-51.97691719411579, -29.42905484382727], [-51.97730995131208, -29.42940007559003], [-51.97789370255822, -29.43007264373797], [-51.978075776979296, -29.430784258315686], [-51.97816482852949, -29.43066517152049], [-51.97813824020577, -29.43053665251077], [-51.97801907729551, -29.43043461277394], [-51.977977905950304, -29.43005558362759], [-51.977984343754386, -29.42974357130437], [-51.97802006416693, -29.42963452983515], [-51.97787654246629, -29.429551627992392], [-51.9778311868865, -29.42945039190608], [-51.97775007905422, -29.429408593159913], [-51.97770488591478, -29.429295710263716], [-51.977757300010595, -29.429401842466405], [-51.9778394841634, -29.42944419590636], [-51.97788494667184, -29.429545670630198], [-51.97815022816836, -29.429691611211037], [-51.978256257642634, -29.42970438307896], [-51.97844792552615, -29.429881942348374], [-51.97834686970461, -29.429212781701057], [-51.977728120582626, -29.427853781884757], [-51.97778469686973, -29.427302859447654], [-51.97802203394086, -29.427061818929896], [-51.97781553164762, -29.425694424097003], [-51.97774271405241, -29.42579140172146], [-51.977804660238874, -29.425906311121054], [-51.9777418937885, -29.425980609327443], [-51.97768061748119, -29.425937010762386], [-51.97756235359357, -29.42596484503919], [-51.97750090072219, -29.426043067094366], [-51.97764939979879, -29.42607248887865], [-51.97753510934756, -29.42637479854471], [-51.977470197931964, -29.42630515851268], [-51.97738726955187, -29.426366613080383], [-51.97739676014222, -29.426499372897513], [-51.9772849411084, -29.426550543930038], [-51.977282757432434, -29.426536268783536], [-51.97738070071742, -29.426491447556874], [-51.977371352145305, -29.426360673575985], [-51.977472224343316, -29.426285921553244], [-51.97752868450164, -29.426346494572748], [-51.97762888550661, -29.426082303375058], [-51.97747522680504, -29.42605185929889], [-51.977552840184856, -29.42595306685854], [-51.977684236007775, -29.425922141804854], [-51.97773908587216, -29.425961167972883], [-51.977786730992385, -29.425904769283747], [-51.977725028522755, -29.425790311758615], [-51.97781243323345, -29.425673907054733], [-51.97780137439311, -29.42560067571764], [-51.977469862022886, -29.425644623822542], [-51.976703792000045, -29.42530730423228], [-51.97674876989467, -29.4246210963261], [-51.97715693836931, -29.424184916543158], [-51.977554713391825, -29.423967293337647], [-51.97740708775234, -29.42298972040512], [-51.977385528085485, -29.423002822741957], [-51.977313213193206, -29.42299245281392], [-51.97727377981779, -29.423035253935026], [-51.977170516927174, -29.423043641779078], [-51.97709524402479, -29.423093886675776], [-51.97710542956739, -29.42311135353226], [-51.977084814154225, -29.42311150474794], [-51.977094566194154, -29.42309406577067], [-51.97702305427008, -29.423120982456375], [-51.97702297769716, -29.42311298072236], [-51.976920063537634, -29.4231307625202], [-51.97683790052367, -29.423131495256897], [-51.97687900538832, -29.423149113052904], [-51.97681715912128, -29.423149566585817], [-51.97683741675227, -29.423131532046657], [-51.97664480539279, -29.423144511225328], [-51.9763950166096, -29.423194304395015], [-51.9763133981728, -29.423252675053067], [-51.976256179748866, -29.42325854461358], [-51.97620812443387, -29.423311219020828], [-51.976142059929764, -29.423314382005717], [-51.97614879711286, -29.423325935590217], [-51.97611787391923, -29.423326162192], [-51.97613048385497, -29.423314936236018], [-51.976073714984565, -29.4233176541718], [-51.97596727304548, -29.4233385708729], [-51.975994439939676, -29.423354140776276], [-51.97594290126681, -29.423354518382535], [-51.97595898557281, -29.4233401994261], [-51.97593253025347, -29.423347974066445], [-51.97593267979291, -29.42336361798452], [-51.975815335393634, -29.423380589724932], [-51.97561628922954, -29.42339839839996], [-51.97555126278019, -29.42338457281132], [-51.97555446812974, -29.42340372080299], [-51.97557234016723, -29.423411381063474], [-51.9755557707607, -29.42341150240885], [-51.97609342633436, -29.427062702139857]], [[-51.976056200074126, -29.42334466353966], [-51.97601496914051, -29.423344965645285], [-51.97603541206782, -29.423326766428342], [-51.976056200074126, -29.42334466353966]], [[-51.97607672926725, -29.4233354883993], [-51.97607664299384, -29.423326464316556], [-51.976097258456605, -29.423326313255863], [-51.97607672926725, -29.4233354883993]], [[-51.97609717218142, -29.423317289173163], [-51.97610747991183, -29.423317213641663], [-51.97610756618794, -29.423326237724332], [-51.97609717218142, -29.423317289173163]], [[-51.976261836994304, -29.42328900832645], [-51.97626175070469, -29.423279984244132], [-51.97627205843084, -29.42327990869998], [-51.976261836994304, -29.42328900832645]], [[-51.976292673883016, -29.423279757609272], [-51.976292587590706, -29.42327073352702], [-51.97630289531583, -29.4232706579805], [-51.976292673883016, -29.423279757609272]], [[-51.976313203040895, -29.423270582433187], [-51.97631311674682, -29.423261558350987], [-51.97633373219503, -29.423261407254024], [-51.976313203040895, -29.423270582433187]], [[-51.976333645899174, -29.42325238317184], [-51.9763439536223, -29.423252307622185], [-51.97634403991908, -29.423261331704325], [-51.976333645899174, -29.42325238317184]], [[-51.97645725226745, -29.423242452441507], [-51.97639540593611, -29.423242905779937], [-51.97641584877394, -29.423224706506385], [-51.97645725226745, -29.423242452441507]], [[-51.97647778140239, -29.423233277240534], [-51.9764776950939, -29.423224253158708], [-51.97649831053356, -29.423224102036446], [-51.97647778140239, -29.423233277240534]], [[-51.97649822422327, -29.423215077954687], [-51.97650853194215, -29.423215002392386], [-51.97650861825334, -29.42322402647413], [-51.97649822422327, -29.423215077954687]], [[-51.976539455098504, -29.4232147757007], [-51.97653936878462, -29.423205751619022], [-51.97654967650241, -29.423205676053556], [-51.976539455098504, -29.4232147757007]], [[-51.97658059965557, -29.42320544935238], [-51.97658051333808, -29.42319642527081], [-51.97659082105481, -29.42319634970219], [-51.97658059965557, -29.42320544935238]], [[-51.97665249470674, -29.423177848110885], [-51.97665266735434, -29.423195896273697], [-51.976611436488135, -29.423196198562533], [-51.97665249470674, -29.423177848110885]], [[-51.97666288874606, -29.423186796618104], [-51.97666280242137, -29.42317777253674], [-51.97668341785051, -29.42317762138604], [-51.97666288874606, -29.423186796618104]], [[-51.97669372556502, -29.4231775458095], [-51.976693639237645, -29.423168521728194], [-51.97670394695121, -29.423168446150868], [-51.97669372556502, -29.4231775458095]], [[-51.976755485518424, -29.42316806825235], [-51.97671425466473, -29.423168370572785], [-51.97673469742972, -29.423150171251727], [-51.976755485518424, -29.42316806825235]], [[-51.9767760146104, -29.42315889300626], [-51.976775928275806, -29.423149868925158], [-51.97679654369863, -29.42314971775709], [-51.9767760146104, -29.42315889300626]], [[-51.976796457362255, -29.423140693676018], [-51.97680676507269, -29.423140618090816], [-51.97680685140998, -29.423149642171843], [-51.976796457362255, -29.423140693676018]], [[-51.97712595861503, -29.423102178233155], [-51.9771258722497, -29.423093154152905], [-51.97714648765891, -29.42309300293095], [-51.97712595861503, -29.423102178233155]], [[-51.977156795363456, -29.423092927318784], [-51.97715670899544, -29.4230839032386], [-51.97717732440259, -29.423083752011937], [-51.977156795363456, -29.423092927318784]], [[-51.977187632106094, -29.42308367639738], [-51.97718754573539, -29.42307465231727], [-51.97720816114049, -29.423074501085857], [-51.977187632106094, -29.42308367639738]], [[-51.977208074768, -29.423065477005785], [-51.97721838246958, -29.423065401388918], [-51.97721846884298, -29.423074425468958], [-51.977208074768, -29.423065477005785]], [[-51.97724930557408, -29.42306517453351], [-51.97724921919797, -29.42305615045355], [-51.97725952689848, -29.42305607483349], [-51.97724930557408, -29.42306517453351]], [[-51.977280142299385, -29.423055923591033], [-51.97728005592059, -29.42304689951114], [-51.97729036362008, -29.423046823888733], [-51.977280142299385, -29.423055923591033]], [[-51.97730067131952, -29.423046748265524], [-51.977300584938945, -29.423037724185704], [-51.977310892637426, -29.423037648561714], [-51.97730067131952, -29.423046748265524]], [[-51.97740348914284, -29.423018919750927], [-51.97738287375017, -29.423019071012327], [-51.977393008669274, -29.423000947222757], [-51.97740348914284, -29.423018919750927]]]}}, {"id": "239", "type": "Feature", "properties": {"id": 1068, "codigo": "0066", "Area_m2": "640350,"}, "geometry": {"type": "Polygon", "coordinates": [[[-51.97845039555781, -29.4298981563043], [-51.978251629173734, -29.429712934950253], [-51.978146746767514, -29.429700301215917], [-51.9780247507468, -29.429636591950334], [-51.97798948496939, -29.429744245422107], [-51.97798306473074, -29.43005541028691], [-51.97802402997519, -29.43043254178637], [-51.97814301930018, -29.430534432893243], [-51.97816893160579, -29.43065968456147], [-51.9782997091327, -29.430484798481114], [-51.978526578639084, -29.43040256638483], [-51.97845039555781, -29.4298981563043]]]}}, {"id": "240", "type": "Feature", "properties": {"id": 1068, "codigo": "0066", "Area_m2": "640350,"}, "geometry": {"type": "Polygon", "coordinates": [[[-51.971209392407886, -29.427813596920764], [-51.97025579233977, -29.428025744691627], [-51.970334040507474, -29.428665929530563], [-51.97090881536804, -29.428400024218387], [-51.9712900080643, -29.428364772382515], [-51.971209392407886, -29.427813596920764]]]}}, {"id": "241", "type": "Feature", "properties": {"id": 1068, "codigo": "0066", "Area_m2": "640350,"}, "geometry": {"type": "Polygon", "coordinates": [[[-51.97095536634627, -29.426076801141445], [-51.97069737034936, -29.42431836389617], [-51.9714218657633, -29.42413564038993], [-51.97126839500646, -29.423063793980976], [-51.97124978744969, -29.423063929657104], [-51.97126764739269, -29.423058572614032], [-51.971261038950026, -29.42301241896439], [-51.97124009455098, -29.422989690844606], [-51.971180199114286, -29.422990127534664], [-51.971092115857694, -29.42301008981512], [-51.971051042883765, -29.423000729167587], [-51.97102728186078, -29.422988482282], [-51.9710520154194, -29.422937241639215], [-51.970999712152185, -29.422907262743568], [-51.97093994798727, -29.42292149843232], [-51.970926090278276, -29.422956099689262], [-51.970881943768, -29.422955041393585], [-51.97080590580179, -29.42291557534384], [-51.970716049580496, -29.42291485019973], [-51.970679626516976, -29.422897175458523], [-51.97057832721603, -29.42291540341222], [-51.97047516436918, -29.422907130305667], [-51.97051074571163, -29.422897949118674], [-51.970454463181504, -29.422898256395978], [-51.97045020184057, -29.422882035845067], [-51.97043376199737, -29.422889382482968], [-51.97043359045113, -29.422871334285926], [-51.97044961507758, -29.42287820351465], [-51.9704522216248, -29.422853292047357], [-51.97041549696767, -29.422803879296858], [-51.970377642111, -29.422801395028298], [-51.97036542605297, -29.42284288430433], [-51.970268495684486, -29.422854487455783], [-51.970275004371636, -29.42284541532403], [-51.9702596242792, -29.42282295478701], [-51.970195065932494, -29.422830325028762], [-51.97018222029319, -29.422805578484798], [-51.970166653983554, -29.42280260024426], [-51.97018569106622, -29.42281899166573], [-51.97015476797124, -29.422819216879844], [-51.97016431211935, -29.422802152184612], [-51.970071847472504, -29.422802242206217], [-51.970054351978725, -29.422785809514632], [-51.96993115982594, -29.42276048640013], [-51.969892793810075, -29.422778258566215], [-51.96990695456724, -29.422775897834182], [-51.969907040293464, -29.422784921934248], [-51.969793741354835, -29.42279477154657], [-51.96980540766299, -29.422792826662757], [-51.96977288239851, -29.422769279142372], [-51.96976264683663, -29.422776948468645], [-51.969771235630084, -29.422767861217686], [-51.96976166561898, -29.42275962110647], [-51.96975225342878, -29.422767999407494], [-51.96976084224973, -29.422758912156986], [-51.96971469702813, -29.422706861981197], [-51.96968614215078, -29.422687749715717], [-51.96963835457333, -29.422714680182263], [-51.9696382254102, -29.422701079820932], [-51.969605520433234, -29.422663496463997], [-51.96954868583103, -29.42265425007264], [-51.96953171459042, -29.42269301385631], [-51.96949086462588, -29.422707111233187], [-51.9694179929654, -29.42266900130468], [-51.96938499773844, -29.422680281455477], [-51.969328609824544, -29.42266278611234], [-51.96930449152993, -29.422638753154292], [-51.96928729341273, -29.422654062027643], [-51.969297835486095, -29.422631235417022], [-51.96921724019983, -29.422609741677082], [-51.969111720151076, -29.422619240548343], [-51.96911158042197, -29.422604519575533], [-51.969091019134694, -29.422610366422283], [-51.96909596679194, -29.422601305702766], [-51.96907031812183, -29.42260149229292], [-51.96900804659376, -29.422557114739348], [-51.969008129458395, -29.422565845782202], [-51.96898751410567, -29.42256599574236], [-51.96898742846149, -29.42255697163952], [-51.96900757123129, -29.422556825117073], [-51.96898171973226, -29.422541074673756], [-51.96879149699347, -29.422549371997974], [-51.968793553472096, -29.422540332315588], [-51.96877079601779, -29.422540497821107], [-51.96869579707167, -29.42250715392211], [-51.96868807776784, -29.422514025184167], [-51.96868818175981, -29.422504569298905], [-51.96859522310837, -29.42250567565185], [-51.96859513749906, -29.422496651547885], [-51.96864959106171, -29.422496255590282], [-51.96860762586146, -29.422487214902613], [-51.968568108821955, -29.422485801363596], [-51.96857452215781, -29.422496801443813], [-51.96854359914563, -29.422497026281714], [-51.968556669160265, -29.4224853921627], [-51.96848407110795, -29.422480077779472], [-51.96845074451047, -29.422488676648], [-51.968465936240534, -29.42247762836873], [-51.96844035124466, -29.422479727480795], [-51.96822397684494, -29.4223907772656], [-51.96817019702888, -29.422403454230377], [-51.968052069459624, -29.422374252985637], [-51.96799609475251, -29.42237465975574], [-51.96802526929554, -29.4223680486253], [-51.9679856367173, -29.4223588735025], [-51.96795477855952, -29.422365935252035], [-51.96798150956671, -29.422357918048302], [-51.96794310343805, -29.42234902685417], [-51.96793407769035, -29.42235706094235], [-51.967938679854875, -29.42234800277448], [-51.96769631729996, -29.42228659051631], [-51.967580722441184, -29.42224351612143], [-51.96757407766475, -29.422207684141956], [-51.967509114115664, -29.42217227574157], [-51.967449297543084, -29.422180990181353], [-51.96742720676398, -29.422171223697053], [-51.96742656737933, -29.422153384777356], [-51.967406505978204, -29.422162349303154], [-51.96740642047514, -29.422153325195563], [-51.967426398854954, -29.422153180107298], [-51.96737940407976, -29.422124365367146], [-51.9672977087322, -29.422136065156664], [-51.9673856341936, -29.4221354266906], [-51.967231190597005, -29.422154597632243], [-51.967231057765694, -29.422140575887823], [-51.96717956691242, -29.422145947726243], [-51.96719190826632, -29.422134962436647], [-51.96710724248183, -29.42212842335884], [-51.96712686889714, -29.422122537101753], [-51.96695995400506, -29.422041298131372], [-51.9668593464324, -29.42207607446135], [-51.96686414466712, -29.422059436404982], [-51.96683127463741, -29.422035608067944], [-51.96669060697932, -29.42198130292303], [-51.96669389910225, -29.42199583740675], [-51.96670387752093, -29.42198695547755], [-51.96671435602846, -29.422004928895237], [-51.96669598855417, -29.422005062185256], [-51.96750690865688, -29.425585196276515], [-51.96765837595257, -29.425896756387253], [-51.96819336574297, -29.42578457212884], [-51.96835589701841, -29.425530698413827], [-51.96893322935379, -29.42553552477644], [-51.969327845718276, -29.425839494208446], [-51.96966370202059, -29.42646878010966], [-51.97095536634627, -29.426076801141445]], [[-51.96978334794248, -29.422785822487977], [-51.969773040246295, -29.422785897528946], [-51.96977295453192, -29.422776873428514], [-51.96978334794248, -29.422785822487977]], [[-51.96941132835035, -29.4226892583443], [-51.969401020662794, -29.422689333356256], [-51.96940093498163, -29.42268030925471], [-51.96941132835035, -29.4226892583443]], [[-51.96921488262749, -29.422627514720507], [-51.9691839595816, -29.422627739707934], [-51.969183873919825, -29.422618715605726], [-51.96921488262749, -29.422627514720507]], [[-51.96901852278164, -29.422574794903667], [-51.96900821510443, -29.422574869884972], [-51.969008129458395, -29.422565845782202], [-51.96901852278164, -29.422574794903667]], [[-51.96678685120556, -29.422040501698692], [-51.9667765435755, -29.422040576506102], [-51.96677645812854, -29.42203155239665], [-51.96678685120556, -29.422040501698692]], [[-51.96677645812854, -29.42203155239665], [-51.966766065053314, -29.42202260309374], [-51.9667763726816, -29.4220225282872], [-51.96677645812854, -29.42203155239665]], [[-51.96679724428443, -29.422049450999886], [-51.96679715883561, -29.422040426890483], [-51.96680746646562, -29.42204035208151], [-51.96679724428443, -29.422049450999886]], [[-51.96681794499689, -29.422058325490347], [-51.96681785954622, -29.42204930138104], [-51.96682816717705, -29.422049226570426], [-51.96681794499689, -29.422058325490347]], [[-51.96683864571288, -29.422067199977498], [-51.96683856026034, -29.42205817586825], [-51.966848867892004, -29.42205810105602], [-51.96683864571288, -29.422067199977498]], [[-51.96690049150776, -29.422066751091947], [-51.966921106772396, -29.422066601457054], [-51.966890354789676, -29.422084874126377], [-51.96690049150776, -29.422066751091947]], [[-51.966983208961516, -29.422093224859733], [-51.966972901326706, -29.422093299682455], [-51.96697281586222, -29.42208427557361], [-51.966983208961516, -29.422093224859733]], [[-51.96697281586222, -29.42208427557361], [-51.96696242276474, -29.422075326286606], [-51.966972730397764, -29.422075251464747], [-51.96697281586222, -29.42208427557361]], [[-51.96693149986544, -29.4220755507474], [-51.96693141440467, -29.422066526638417], [-51.96696233730123, -29.42206630217769], [-51.96693149986544, -29.4220755507474]], [[-51.96700373876377, -29.422084051103166], [-51.96700365329659, -29.422075026994374], [-51.96701396092944, -29.422074952169332], [-51.96700373876377, -29.422084051103166]], [[-51.96705553334771, -29.422110749295648], [-51.96705544787586, -29.422101725187034], [-51.96706575551126, -29.422101650357916], [-51.96705553334771, -29.422110749295648]], [[-51.96707623409402, -29.42211962374509], [-51.9670761486203, -29.42211059963655], [-51.96709676389274, -29.422110449974276], [-51.96707623409402, -29.42211962374509]], [[-51.96746860834612, -29.4221889724749], [-51.96746852283748, -29.4221799483675], [-51.96747883047952, -29.422179873506238], [-51.96746860834612, -29.4221889724749]], [[-51.96748930914247, -29.42219784685886], [-51.96748922363197, -29.422188822751522], [-51.967499531274846, -29.422188747888644], [-51.96748930914247, -29.42219784685886]], [[-51.967561719198976, -29.422224395123088], [-51.96756163368199, -29.422215371015987], [-51.96757194132732, -29.42221529614744], [-51.967561719198976, -29.422224395123088]], [[-51.96754101839121, -29.42221552075068], [-51.96754093287609, -29.422206496643515], [-51.96756154816503, -29.422206346908872], [-51.96754101839121, -29.42221552075068]], [[-51.96751000994236, -29.422206721239498], [-51.96750983891768, -29.422188673024973], [-51.967540847361, -29.422197472536343], [-51.96751000994236, -29.422206721239498]], [[-51.96774819769511, -29.42232231253863], [-51.96774836876284, -29.422340360751537], [-51.96772775344798, -29.422340510515696], [-51.96774819769511, -29.42232231253863]], [[-51.96771718919713, -29.422313513076976], [-51.96771710366609, -29.422304488970415], [-51.96772741131995, -29.422304414089623], [-51.96771718919713, -29.422313513076976]], [[-51.96770679601219, -29.422304563850396], [-51.96770671048211, -29.42229553974378], [-51.96771701813508, -29.42229546486383], [-51.96770679601219, -29.422304563850396]], [[-51.968915274732176, -29.422557496474756], [-51.96892558240791, -29.422557421500667], [-51.96892566804662, -29.42256644560367], [-51.968915274732176, -29.422557496474756]], [[-51.968915446007834, -29.422575544680765], [-51.968894830652616, -29.4225756946266], [-51.968894745016584, -29.422566670523548], [-51.968915446007834, -29.422575544680765]], [[-51.96885351430929, -29.42256697040558], [-51.96887395839472, -29.422548772259887], [-51.968894745016584, -29.422566670523548], [-51.96885351430929, -29.42256697040558]], [[-51.9688225056488, -29.422558171205456], [-51.96882242001924, -29.422549147102178], [-51.968853343044636, -29.422548922199198], [-51.9688225056488, -29.422558171205456]], [[-51.96894619775926, -29.422557271550147], [-51.96894611211876, -29.422548247447192], [-51.96898734281735, -29.422547947536675], [-51.96894619775926, -29.422557271550147]], [[-51.969225275974814, -29.422636463825192], [-51.96922519030937, -29.422627439723087], [-51.96924580567303, -29.42262728972588], [-51.969225275974814, -29.422636463825192]], [[-51.969256284691205, -29.42264526293008], [-51.9692561133548, -29.422627214726088], [-51.96928712207078, -29.422636013823816], [-51.969256284691205, -29.42264526293008]], [[-51.969421721720906, -29.422698207433037], [-51.96942163603787, -29.422689183331535], [-51.96943194372535, -29.422689108318], [-51.969421721720906, -29.422698207433037]], [[-51.96944242278252, -29.422707081506502], [-51.96944233709764, -29.422698057405082], [-51.96945264478595, -29.422697982389927], [-51.96944242278252, -29.422707081506502]], [[-51.96949396122825, -29.42270670642253], [-51.96953519198412, -29.422706406341007], [-51.969525055679675, -29.422724529564952], [-51.96949396122825, -29.42270670642253]], [[-51.969463123847675, -29.422715955576667], [-51.96946303816094, -29.4227069314753], [-51.96948365353919, -29.42270678144092], [-51.969463123847675, -29.422715955576667]], [[-51.96956602935482, -29.422697157170422], [-51.96956594365905, -29.422688133069293], [-51.96959686671973, -29.42268790799278], [-51.96956602935482, -29.422697157170422]], [[-51.969607345805414, -29.422705881167623], [-51.96960726010597, -29.42269685706666], [-51.9696278754813, -29.42269670701001], [-51.969607345805414, -29.422705881167623]], [[-51.96972107321613, -29.42274115221884], [-51.9697107655243, -29.422741227254875], [-51.96971067981556, -29.422732203154233], [-51.96972107321613, -29.42274115221884]], [[-51.96969006443358, -29.422732353223868], [-51.96968997872671, -29.422723329123144], [-51.969710594106886, -29.42272317905357], [-51.96971067981556, -29.422732203154233], [-51.96969006443358, -29.422732353223868]], [[-51.969669363346384, -29.422723479189543], [-51.96966927764138, -29.422714455088727], [-51.9696898930199, -29.422714305022417], [-51.969669363346384, -29.422723479189543]], [[-51.96998941612415, -29.42277529740145], [-51.97001020298368, -29.422793195484875], [-51.969968972198565, -29.42279349571422], [-51.96998941612415, -29.42277529740145]], [[-51.969917347989124, -29.422784846882916], [-51.969917262261994, -29.42277582278288], [-51.96994809961619, -29.42276657352423], [-51.969917347989124, -29.422784846882916]], [[-51.97002059641618, -29.422802144525296], [-51.970020510679866, -29.422793120425542], [-51.970030818376, -29.422793045365417], [-51.97002059641618, -29.422802144525296]], [[-51.97009309326586, -29.422837715485546], [-51.9700827855654, -29.42283779055059], [-51.97008269982348, -29.422828766451047], [-51.97009309326586, -29.422837715485546]], [[-51.97008269982348, -29.422828766451047], [-51.9700723063829, -29.422819817415732], [-51.970082614081576, -29.422819742351525], [-51.97008269982348, -29.422828766451047]], [[-51.97006199868417, -29.422819892479122], [-51.970061912944146, -29.422810868379518], [-51.97007222064196, -29.42281079331615], [-51.97006199868417, -29.422819892479122]], [[-51.97004129754843, -29.42281101850386], [-51.97004121181024, -29.422801994404182], [-51.970061827204155, -29.422801844279896], [-51.97004129754843, -29.42281101850386]], [[-51.97024779452464, -29.42284561351324], [-51.9702477087681, -29.422836589414167], [-51.97025801646793, -29.42283651433637], [-51.97024779452464, -29.42284561351324]], [[-51.970320034192, -29.422854112050537], [-51.970320119955005, -29.422863136149388], [-51.97028919684788, -29.422863361395017], [-51.970320034192, -29.422854112050537]], [[-51.970350957296034, -29.422853886797814], [-51.970351043061775, -29.422862910896594], [-51.970330513421246, -29.422872085164737], [-51.970350957296034, -29.422853886797814]], [[-51.97042328274832, -29.422871409377386], [-51.97042319697618, -29.422862385278833], [-51.970433504678084, -29.422862310187387], [-51.97042328274832, -29.422871409377386]], [[-51.97074350792177, -29.42294127395233], [-51.97072289250387, -29.42294142418277], [-51.97072280670501, -29.422932400085084], [-51.97074350792177, -29.42294127395233]], [[-51.97072280670501, -29.422932400085084], [-51.97071241319899, -29.42292345110136], [-51.97072272090618, -29.422923375987395], [-51.97072280670501, -29.422932400085084]], [[-51.97088807328317, -29.422967294541696], [-51.97085715014972, -29.422967519919876], [-51.970857064338894, -29.422958495822577], [-51.97088807328317, -29.422967294541696]], [[-51.97083644891822, -29.42295864607065], [-51.97083636310926, -29.422949621973327], [-51.970856978528104, -29.4229494717253], [-51.970857064338894, -29.422958495822577], [-51.97083644891822, -29.42295864607065]], [[-51.97075390143229, -29.422950222933505], [-51.97075372982905, -29.422932174738357], [-51.970815576076085, -29.422931724023325], [-51.97075390143229, -29.422950222933505]], [[-51.97089846680875, -29.422976243511187], [-51.970898295179765, -29.42295819531686], [-51.97090860288989, -29.422958120188436], [-51.97089846680875, -29.422976243511187]], [[-51.97103281036671, -29.423011363165834], [-51.9710225026516, -29.42301143830399], [-51.97102241682601, -29.423002414207225], [-51.97103281036671, -29.423011363165834]], [[-51.97102241682601, -29.423002414207225], [-51.97101202328712, -29.422993465247732], [-51.97102233100047, -29.422993390110438], [-51.97102241682601, -29.423002414207225]], [[-51.97100171557375, -29.422993540384233], [-51.97100162975007, -29.422984516287393], [-51.97101193746253, -29.42298444115092], [-51.97100171557375, -29.422993540384233]], [[-51.97098101432503, -29.422984666557955], [-51.97098092850319, -29.422975642461044], [-51.971001543926405, -29.42297549219054], [-51.97098101432503, -29.422984666557955]], [[-51.97096031307982, -29.422975792728355], [-51.970960227259845, -29.42296676863137], [-51.97098084268139, -29.422966618364104], [-51.97096031307982, -29.422975792728355]], [[-51.970918996416266, -29.422967069156325], [-51.97091891059997, -29.42295804505923], [-51.97096014143991, -29.42295774453437], [-51.970918996416266, -29.422967069156325]], [[-51.97104320390923, -29.423020312123583], [-51.971043118081795, -29.423011288026878], [-51.97105342579683, -29.423011212887133], [-51.97104320390923, -29.423020312123583]], [[-51.971146281066964, -29.42301956068991], [-51.971167068174914, -29.423037458586318], [-51.97112583730533, -29.423037759175955], [-51.971146281066964, -29.42301956068991]], [[-51.97106390517042, -29.423029185939864], [-51.971063733511826, -29.423011137746574], [-51.97110496437143, -29.423010837176413], [-51.97106390517042, -29.423029185939864]], [[-51.97123939388498, -29.42305498071604], [-51.97123930804006, -29.423045956619916], [-51.971249615758005, -29.423045881464905], [-51.97123939388498, -29.42305498071604]], [[-51.97122900032209, -29.423046031774128], [-51.97122891447813, -29.423037007677962], [-51.971239222195194, -29.423036932523765], [-51.97122900032209, -29.423046031774128]], [[-51.971218606761035, -29.423037082831325], [-51.971218520918015, -29.423028058735117], [-51.9712288286342, -29.42302798358177], [-51.971218606761035, -29.423037082831325]], [[-51.97119790548551, -29.423028209039465], [-51.97119781964436, -29.42301918494318], [-51.97121843507503, -29.42301903463889], [-51.97119790548551, -29.423028209039465]]]}}, {"id": "242", "type": "Feature", "properties": {"id": 1068, "codigo": "0066", "Area_m2": "640350,"}, "geometry": {"type": "Polygon", "coordinates": [[[-51.96986195148468, -29.42277617043215], [-51.96982806017905, -29.42278905027425], [-51.96988499794757, -29.42277955821017], [-51.96986195148468, -29.42277617043215]]]}}, {"id": "243", "type": "Feature", "properties": {"id": 1068, "codigo": "0066", "Area_m2": "640350,"}, "geometry": {"type": "Polygon", "coordinates": [[[-51.97449878378899, -29.42633682248649], [-51.974522345489675, -29.42628424413029], [-51.97464048940118, -29.426195717080894], [-51.974854653469635, -29.425719336580755], [-51.97486813080301, -29.425601071953217], [-51.974986950881984, -29.425522665740434], [-51.97461877827228, -29.42499122625572], [-51.9744470057742, -29.42466459105851], [-51.9744796456789, -29.424597860429458], [-51.97481592371962, -29.424408137337547], [-51.975080899725825, -29.424133172147602], [-51.97511359303946, -29.423880518853917], [-51.975094663710394, -29.423751593822473], [-51.97499306473076, -29.423644945098957], [-51.97498703945576, -29.4236503089601], [-51.97498368211801, -29.423635096144988], [-51.97497664551097, -29.42364136032038], [-51.97496528466278, -29.423615784286532], [-51.97495594380226, -29.423632487123776], [-51.97494546368754, -29.423614514396114], [-51.97496394603193, -29.423614379122103], [-51.97484737388933, -29.423492013028962], [-51.97483654007126, -29.42351059631828], [-51.97437442764203, -29.423544781045276], [-51.974150711115584, -29.423540916625164], [-51.9740326546726, -29.423514958343265], [-51.97401681775513, -29.423522036041074], [-51.97402427085381, -29.423512956825668], [-51.97396510679224, -29.423504364707835], [-51.97378927243421, -29.42344247720347], [-51.973773680365866, -29.423405475027227], [-51.973757543135896, -29.423396526586437], [-51.9735550096513, -29.423373804024013], [-51.97353550079051, -29.423304638210045], [-51.9734822961594, -29.423259921495575], [-51.973437008438154, -29.423254751793117], [-51.973414495681446, -29.423265917618853], [-51.9734047580172, -29.423298992804217], [-51.9734212608102, -29.423316474382986], [-51.97340515656669, -29.4233407950059], [-51.97329450848614, -29.423306141961046], [-51.97329902715309, -29.423338977774698], [-51.97333478504393, -29.423346526965705], [-51.97330111615054, -29.423354157900004], [-51.973801879651276, -29.42699305785677], [-51.97407268975172, -29.426793516266013], [-51.97423334182685, -29.42659790126252], [-51.974237617963986, -29.42662628061322], [-51.97449878378899, -29.42633682248649]], [[-51.973345092785785, -29.423346451647863], [-51.97340693923609, -29.42334599972405], [-51.97339680356776, -29.42336412322655], [-51.973345092785785, -29.423346451647863]], [[-51.97341733301613, -29.42335494849055], [-51.97341724697767, -29.423345924400646], [-51.97345847794362, -29.42334562309897], [-51.97341733301613, -29.42335494849055]], [[-51.97346895777104, -29.423363595951063], [-51.973468871728, -29.423354571861335], [-51.97347917947026, -29.423354496533083], [-51.97346895777104, -29.423363595951063]], [[-51.97353114842386, -29.423399240327672], [-51.973520840677246, -29.42339931566002], [-51.9735207546295, -29.42339029157047], [-51.97353114842386, -29.423399240327672]], [[-51.973500139137975, -29.423390442232755], [-51.97350005309208, -29.423381418143126], [-51.973520668581784, -29.42338126748092], [-51.9735207546295, -29.42339029157047], [-51.973500139137975, -29.423390442232755]], [[-51.97348974534717, -29.42338149347305], [-51.97348965930223, -29.42337246938339], [-51.97349996704624, -29.42337239405352], [-51.97348974534717, -29.42338149347305]], [[-51.97354145617044, -29.423399164994517], [-51.97354137012088, -29.423390140905006], [-51.973551677866496, -29.423390065571088], [-51.97354145617044, -29.423399164994517]], [[-51.97358277320961, -29.42340788774328], [-51.973582687156345, -29.423398863653897], [-51.97367545687235, -29.423398185590923], [-51.97358277320961, -29.42340788774328]], [[-51.97375817704579, -29.423424655080677], [-51.97370646617449, -29.423406983644583], [-51.97373738941483, -29.423406757601978], [-51.97375817704579, -29.423424655080677]], [[-51.973768570863996, -29.423433603818715], [-51.97376848479423, -29.423424579729883], [-51.973778792542625, -29.423424504378307], [-51.973768570863996, -29.423433603818715]], [[-51.97403751936391, -29.423530909386216], [-51.97403743327005, -29.423521885298236], [-51.9740580487848, -29.423521734552228], [-51.97403751936391, -29.423530909386216]], [[-51.974903801777835, -29.423569695732702], [-51.97489349401821, -29.423569771171657], [-51.97489340784856, -29.423560747086043], [-51.974903801777835, -29.423569695732702]], [[-51.97489340784856, -29.423560747086043], [-51.974883013921115, -29.42355179843852], [-51.97489332167893, -29.423551723000397], [-51.97489340784856, -29.423560747086043]], [[-51.974862312238486, -29.423542925226613], [-51.9748621399049, -29.423524877055108], [-51.974882841583806, -29.423533750267147], [-51.974862312238486, -29.423542925226613]], [[-51.97485183214969, -29.423524952490748], [-51.97485174598387, -29.42351592840495], [-51.97486205373818, -29.42351585296935], [-51.97485183214969, -29.423524952490748]], [[-51.97484143822953, -29.42351600383977], [-51.974841352064665, -29.423506979753913], [-51.97485165981809, -29.423506904319147], [-51.97484143822953, -29.42351600383977]], [[-51.97493515592352, -29.423614589838394], [-51.974935069750025, -29.423605565752947], [-51.974945377513116, -29.423605490310685], [-51.97493515592352, -29.423614589838394]], [[-51.97492476198689, -29.423605641194424], [-51.97492467581434, -29.423596617108913], [-51.97493498357656, -29.423596541667493], [-51.97492476198689, -29.423605641194424]], [[-51.974914368052076, -29.423596692549566], [-51.97491428188048, -29.423587668464023], [-51.97492458964183, -29.42358759302342], [-51.974914368052076, -29.423596692549566]], [[-51.974903974119094, -29.42358774390384], [-51.97490388794843, -29.42357871981827], [-51.97491419570891, -29.42357864437849], [-51.974903974119094, -29.42358774390384]]]}}, {"id": "244", "type": "Feature", "properties": {"id": 1092, "codigo": "0091", "Area_m2": null}, "geometry": {"type": "Polygon", "coordinates": [[[-51.97274522149939, -29.428851590727685], [-51.97256809163908, -29.428869894376234], [-51.97256809163007, -29.42886989438632], [-51.97264593371399, -29.4289468824583], [-51.97274522149939, -29.428851590727685]]]}}, {"id": "245", "type": "Feature", "properties": {"id": 1093, "codigo": "0092", "Area_m2": null}, "geometry": {"type": "Polygon", "coordinates": [[[-51.97205709915714, -29.428473042538805], [-51.97202522399106, -29.428252543459756], [-51.97143211998412, -29.42831960138512], [-51.97143666019214, -29.428351210326394], [-51.97165040865405, -29.428331443353496], [-51.97205709915714, -29.428473042538805]]]}}, {"id": "246", "type": "Feature", "properties": {"id": 1094, "codigo": "0093", "Area_m2": null}, "geometry": {"type": "Polygon", "coordinates": [[[-51.97200710467066, -29.4281272011263], [-51.972057099146205, -29.428473042535003], [-51.97220894500068, -29.428525911360612], [-51.972438662994186, -29.428747209149183], [-51.972852686590926, -29.428700395832823], [-51.972854057578694, -29.42870995688743], [-51.97289780367211, -29.42870514955932], [-51.97312359112497, -29.428488449417927], [-51.97307110348694, -29.428122412061107], [-51.97315175370535, -29.42807448298314], [-51.97320448610642, -29.42801022484197], [-51.9739338109798, -29.427930074483335], [-51.973985294846074, -29.428273932475076], [-51.974487989604, -29.429253978266928], [-51.97462799065903, -29.42923716461549], [-51.974237362504454, -29.42662479068459], [-51.97407394695328, -29.426802930587357], [-51.97379932432328, -29.427009064810907], [-51.973564037322525, -29.42539769680559], [-51.973262922839844, -29.425470503776697], [-51.97335846738656, -29.42612487037834], [-51.97315456579222, -29.426133795963832], [-51.973247695673365, -29.426773696550676], [-51.972586984544975, -29.42684739043732], [-51.9726812795527, -29.427505011942877], [-51.97238643050354, -29.4275383504775], [-51.972356434190054, -29.42777578348006], [-51.97187315196663, -29.427905656674685], [-51.97135537222238, -29.427785279522396], [-51.97141418293157, -29.428194237768913], [-51.97200710467066, -29.4281272011263]]]}}, {"id": "247", "type": "Feature", "properties": {"id": 1095, "codigo": "0094", "Area_m2": null}, "geometry": {"type": "Polygon", "coordinates": [[[-51.97240401728656, -29.427407554716538], [-51.972669953278256, -29.427378342183413], [-51.972593588744296, -29.426845568217672], [-51.972536141291705, -29.42685187870319], [-51.97245229482655, -29.42701700761377], [-51.97240401728656, -29.427407554716538]]]}}, {"id": "248", "type": "Feature", "properties": {"id": 1096, "codigo": "0095", "Area_m2": null}, "geometry": {"type": "Polygon", "coordinates": [[[-51.97260193647537, -29.426722300348477], [-51.97322945552595, -29.426648368160787], [-51.97315456579866, -29.426133795956712], [-51.97288960612619, -29.4261557579669], [-51.97260193647537, -29.426722300348477]]]}}, {"id": "249", "type": "Feature", "properties": {"id": 1097, "codigo": "0096", "Area_m2": null}, "geometry": {"type": "Polygon", "coordinates": [[[-51.97110085509453, -29.425995912843142], [-51.971105825502526, -29.42603114158142], [-51.97137003223491, -29.425950963256213], [-51.97136575324793, -29.425931202274736], [-51.97110085509453, -29.425995912843142]]]}}, {"id": "250", "type": "Feature", "properties": {"id": 1097, "codigo": "0096", "Area_m2": null}, "geometry": {"type": "Polygon", "coordinates": [[[-51.973195330910045, -29.426003814352335], [-51.97316968727539, -29.425828184567447], [-51.97314428285888, -29.425654192500176], [-51.97295742587541, -29.426022192392182], [-51.973195330910045, -29.426003814352335]]]}}, {"id": "251", "type": "Feature", "properties": {"id": 1099, "codigo": "0098", "Area_m2": null}, "geometry": {"type": "Polygon", "coordinates": [[[-51.97091022372385, -29.425765903402187], [-51.971310024324886, -29.42567383803854], [-51.971165166061276, -29.425004861601817], [-51.97134804685166, -29.424723761816445], [-51.97180976618401, -29.42464079578754], [-51.971800052799516, -29.42457426366721], [-51.97174292498612, -29.424527195789622], [-51.97171397040673, -29.424482905399667], [-51.97174296075743, -29.424389597796655], [-51.97183882451527, -29.424341565488632], [-51.97194540597126, -29.42436694518568], [-51.972000271469454, -29.42445086983318], [-51.97198182373793, -29.42451024568002], [-51.97194222994078, -29.424551577564674], [-51.97195153631002, -29.424615321211206], [-51.972259021182865, -29.424560069466125], [-51.972080823734856, -29.423317215002704], [-51.97128066156588, -29.423168433992046], [-51.9714218657633, -29.42413564038993], [-51.97069737034936, -29.42431836389617], [-51.97091022372385, -29.425765903402187]]]}}, {"id": "252", "type": "Feature", "properties": {"id": 1901, "codigo": "0106", "Area_m2": null}, "geometry": {"type": "Polygon", "coordinates": [[[-51.97225902117274, -29.42456006946795], [-51.97255209213405, -29.424507407748706], [-51.97281885012675, -29.42470682171427], [-51.972792224434784, -29.424524460886612], [-51.972945599824186, -29.42450729800265], [-51.97305805179287, -29.42522915472584], [-51.97352444521985, -29.42512654348226], [-51.97328879853791, -29.423512645231998], [-51.97288836599122, -29.423446120236004], [-51.97206369585226, -29.423197753683738], [-51.97225902117274, -29.42456006946795]]]}}, {"id": "253", "type": "Feature", "properties": {"id": 1898, "codigo": "0103", "Area_m2": null}, "geometry": {"type": "Polygon", "coordinates": [[[-51.97462799065903, -29.42923716461549], [-51.97448798402995, -29.42925396739987], [-51.974689149214456, -29.429646155878903], [-51.97462799065903, -29.42923716461549]]]}}, {"id": "254", "type": "Feature", "properties": {"id": 1900, "codigo": "0105", "Area_m2": null}, "geometry": {"type": "Polygon", "coordinates": [[[-51.973952110845964, -29.428055396534912], [-51.9732849503693, -29.428128715412786], [-51.973225311920736, -29.428183471460294], [-51.97325144820608, -29.428365738225608], [-51.973299728206506, -29.428319401359726], [-51.973969075151686, -29.42824231081405], [-51.97398351567836, -29.42827046383768], [-51.973952110845964, -29.428055396534912]]]}}, {"id": "255", "type": "Feature", "properties": {"id": 1942, "codigo": "0134", "Area_m2": "88028,85"}, "geometry": {"type": "Polygon", "coordinates": [[[-51.975762392540226, -29.428415877776718], [-51.97511519968381, -29.424047183505262], [-51.97512357329661, -29.423949000596316], [-51.97511359303946, -29.423880518853917], [-51.97508089971579, -29.42413317214409], [-51.97481592371273, -29.424408137330747], [-51.97447964567172, -29.424597860422995], [-51.974447005773, -29.424664591053922], [-51.97461877826326, -29.42499122626013], [-51.97479838216772, -29.425274336088595], [-51.97498695086724, -29.425522665737297], [-51.97486813080333, -29.425601071950425], [-51.97485465345952, -29.425719336578595], [-51.974640489392534, -29.426195717075455], [-51.974522345487976, -29.426284244131917], [-51.97449878377996, -29.426336822481954], [-51.97423761795369, -29.426626280612567], [-51.974689197433776, -29.429646249886545], [-51.974725400315734, -29.42971683045565], [-51.975232752688186, -29.429947758927955], [-51.975151282804354, -29.42897368695801], [-51.97543560351517, -29.428520369598736], [-51.9757335078408, -29.42840989107427], [-51.975762392540226, -29.428415877776718]]]}}, {"id": "256", "type": "Feature", "properties": {"id": 1955, "codigo": "0154", "Area_m2": "46731,41"}, "geometry": {"type": "Polygon", "coordinates": [[[-51.97691728359302, -29.429054922477345], [-51.976701366798196, -29.427598782142535], [-51.976103081376955, -29.427120352848842], [-51.97631006342327, -29.428529389175036], [-51.97691728359302, -29.429054922477345]]]}}, {"id": "257", "type": "Feature", "properties": {"id": 1955, "codigo": "0154", "Area_m2": "46731,41"}, "geometry": {"type": "Polygon", "coordinates": [[[-51.97557640585918, -29.423534771552465], [-51.975070175997395, -29.423582602015745], [-51.97512357329661, -29.423949000596316], [-51.97511519968381, -29.424047183505262], [-51.97576239519544, -29.428415878327044], [-51.9763097144876, -29.428529316853922], [-51.97557640585918, -29.423534771552465]]]}}, {"id": "258", "type": "Feature", "properties": {"id": 2068, "codigo": "0074", "Area_m2": "164951,54"}, "geometry": {"type": "Polygon", "coordinates": [[[-51.947193202697285, -29.436867564218414], [-51.94659731015486, -29.436718349071825], [-51.946425139624054, -29.437011342717337], [-51.94633743661838, -29.437118089443505], [-51.946255889420335, -29.437258357145723], [-51.946227898968, -29.43744455059384], [-51.946463522674804, -29.43817938827314], [-51.946450978625855, -29.43837048140933], [-51.94596166751611, -29.438974266719633], [-51.94580646084325, -29.439057240409088], [-51.9456366863387, -29.439087712909448], [-51.945505911773786, -29.43907801357736], [-51.94559592991484, -29.439801262609013], [-51.9457513570235, -29.440105848769903], [-51.94724331528429, -29.43995969679369], [-51.94722185984134, -29.43984248319409], [-51.947374407322165, -29.43961577967347], [-51.94723845735302, -29.439409177938682], [-51.947739764145716, -29.438990473311627], [-51.94730325044035, -29.43861454044626], [-51.94738337923912, -29.438361277844603], [-51.946689974321, -29.438077417563072], [-51.94659124662523, -29.437437363091696], [-51.946928939363794, -29.43716422018322], [-51.94815397503787, -29.436965984275684], [-51.94816246160916, -29.436927203068073], [-51.94814488534458, -29.436777822333926], [-51.94762569196484, -29.436699002432807], [-51.94717795818974, -29.43622387659872], [-51.947116349703215, -29.436245705656876], [-51.947193202697285, -29.436867564218414]], [[-51.94767924923437, -29.436915214987867], [-51.947679165424375, -29.43690619084814], [-51.947689474613256, -29.43690611748474], [-51.94767924923437, -29.436915214987867]]]}}, {"id": "259", "type": "Feature", "properties": {"id": 2068, "codigo": "0074", "Area_m2": "164951,54"}, "geometry": {"type": "Polygon", "coordinates": [[[-51.947697093393835, -29.432992350564096], [-51.94728702053435, -29.429391489578485], [-51.94576092593023, -29.429609699808765], [-51.94658150622209, -29.432235089608046], [-51.94673889847178, -29.432238063144883], [-51.94726966866333, -29.43277577365075], [-51.947697093393835, -29.432992350564096]]]}}, {"id": "260", "type": "Feature", "properties": {"id": 2129, "codigo": "0101", "Area_m2": null}, "geometry": {"type": "Polygon", "coordinates": [[[-51.94893951499997, -29.433473496009697], [-51.94920344226968, -29.43341078416117], [-51.949200765762946, -29.4331230141402], [-51.94901487255251, -29.43289452701893], [-51.94877748092276, -29.432950933704902], [-51.94893951499997, -29.433473496009697]]]}}, {"id": "261", "type": "Feature", "properties": {"id": 2127, "codigo": "0061", "Area_m2": "52052,35"}, "geometry": {"type": "Polygon", "coordinates": [[[-51.94575492110608, -29.429590487150136], [-51.945233602437455, -29.429663669171756], [-51.946025336296366, -29.43222458215451], [-51.94658150622209, -29.432235089608046], [-51.94575492110608, -29.429590487150136]]]}}, {"id": "262", "type": "Feature", "properties": {"id": 2128, "codigo": "0099", "Area_m2": null}, "geometry": {"type": "Polygon", "coordinates": [[[-51.948816262632555, -29.43355943571836], [-51.94831893550077, -29.431955525134136], [-51.94759852365649, -29.432126698008606], [-51.947697093393835, -29.432992350564096], [-51.948816262632555, -29.43355943571836]]]}}, {"id": "263", "type": "Feature", "properties": {"id": 2130, "codigo": "0102", "Area_m2": null}, "geometry": {"type": "Polygon", "coordinates": [[[-51.94858040527597, -29.432314683457474], [-51.94873981656843, -29.432828794144463], [-51.94892557890029, -29.43278477341636], [-51.94876276250571, -29.432584650726543], [-51.94885985739399, -29.43224828286595], [-51.94858040527597, -29.432314683457474]]]}}, {"id": "264", "type": "Feature", "properties": {"id": 2131, "codigo": "0103", "Area_m2": null}, "geometry": {"type": "Polygon", "coordinates": [[[-51.948460997122844, -29.43129716566988], [-51.94852985498778, -29.431905408761672], [-51.94845822205297, -29.431922429490385], [-51.948542063623044, -29.432192826788974], [-51.94890044594158, -29.432107671108106], [-51.94899247961926, -29.4317888369057], [-51.949105649738065, -29.431732411628875], [-51.949044679380854, -29.431219590454003], [-51.94902869566915, -29.431203749326258], [-51.94902237067831, -29.431148253787182], [-51.94905451605723, -29.431100102539684], [-51.94911285330417, -29.431077687578938], [-51.94917509948821, -29.43108957070197], [-51.94921747904481, -29.431131213053774], [-51.949223804036215, -29.43118670849184], [-51.94919165871313, -29.43123485986866], [-51.94924269070215, -29.431664084632185], [-51.949537053239325, -29.43151731896808], [-51.94947050651924, -29.43095761352534], [-51.94880894665061, -29.43070755973018], [-51.948460997122844, -29.43129716566988]]]}}, {"id": "265", "type": "Feature", "properties": {"id": 430, "codigo": "0060", "Area_m2": "367098,45"}, "geometry": {"type": "Polygon", "coordinates": [[[-51.964653194411426, -29.428270610470804], [-51.96564989053636, -29.42825776054932], [-51.965833304608566, -29.42803081261375], [-51.96547872758043, -29.42760019653524], [-51.96450980979545, -29.42739383272807], [-51.964653194411426, -29.428270610470804]]]}}, {"id": "266", "type": "Feature", "properties": {"id": 430, "codigo": "0060", "Area_m2": "367098,45"}, "geometry": {"type": "Polygon", "coordinates": [[[-51.96075916456993, -29.427999509913782], [-51.96120868039889, -29.427945172226412], [-51.96125496110796, -29.42822604951692], [-51.96200233402848, -29.428140696630525], [-51.96194480012125, -29.427815284774933], [-51.962202165553464, -29.427777326910416], [-51.962584335653084, -29.427855788128888], [-51.96264013946626, -29.427992199121185], [-51.96254682286346, -29.427387122697468], [-51.96282797462068, -29.427418896207584], [-51.962753613826756, -29.4269458905564], [-51.96193923991531, -29.42650536174957], [-51.96171880069684, -29.426454478009965], [-51.96171666437147, -29.426441584098658], [-51.96138771304199, -29.426393905704458], [-51.96138541452692, -29.426378606513076], [-51.96108685036475, -29.426304861572493], [-51.960549011759106, -29.426112121052856], [-51.96041969435942, -29.426113053536362], [-51.9601959253759, -29.426169581756234], [-51.960515175149276, -29.42818012944474], [-51.96077741058132, -29.428118923660428], [-51.96075916456993, -29.427999509913782]]]}}, {"id": "267", "type": "Feature", "properties": {"id": 430, "codigo": "0060", "Area_m2": "367098,45"}, "geometry": {"type": "Polygon", "coordinates": [[[-51.96363381272045, -29.427509962209225], [-51.963582561127446, -29.427196343768415], [-51.9629789502393, -29.42706778441812], [-51.96291693256557, -29.427034236472355], [-51.96298695314395, -29.427436862465655], [-51.96363381272045, -29.427509962209225]]]}}, {"id": "268", "type": "Feature", "properties": {"id": 449, "codigo": "0079", "Area_m2": null}, "geometry": {"type": "Polygon", "coordinates": [[[-51.96450980985033, -29.427393832739753], [-51.963582561105866, -29.427196343763825], [-51.96363381269621, -29.42750996218827], [-51.96254682285482, -29.4273871226811], [-51.962640126062944, -29.427992166357093], [-51.962726864513, -29.42820419627704], [-51.962821847125525, -29.428192295494956], [-51.9629385907933, -29.428118012990723], [-51.96282797464481, -29.42741889622852], [-51.96298695312561, -29.427436862481773], [-51.963077231411155, -29.428029797736915], [-51.963173011631895, -29.427968854006192], [-51.964052194807465, -29.428278358868276], [-51.964653194443876, -29.4282706104704], [-51.96450980985033, -29.427393832739753]]]}}, {"id": "269", "type": "Feature", "properties": {"id": 544, "codigo": "0177", "Area_m2": "39263,05"}, "geometry": {"type": "Polygon", "coordinates": [[[-51.95905751305369, -29.42882882608493], [-51.95902870768688, -29.429054651774088], [-51.95930338660005, -29.42866461028459], [-51.95905751305369, -29.42882882608493]]]}}, {"id": "270", "type": "Feature", "properties": {"id": 450, "codigo": "0080", "Area_m2": null}, "geometry": {"type": "Polygon", "coordinates": [[[-51.96272686449583, -29.428204196235065], [-51.96274261887727, -29.42824270741706], [-51.962821847197766, -29.428192295448998], [-51.96272686449583, -29.428204196235065]]]}}, {"id": "271", "type": "Feature", "properties": {"id": 531, "codigo": "0164", "Area_m2": null}, "geometry": {"type": "Polygon", "coordinates": [[[-51.96125496110796, -29.42822604951692], [-51.96125836950335, -29.428247493280594], [-51.961723885568034, -29.428439586312876], [-51.96201013638304, -29.428184826758223], [-51.96200233402848, -29.428140696630525], [-51.96125496110796, -29.42822604951692]]]}}, {"id": "272", "type": "Feature", "properties": {"id": 548, "codigo": "0181", "Area_m2": null}, "geometry": {"type": "Polygon", "coordinates": [[[-51.95949277048872, -29.427760574852563], [-51.959371558550345, -29.42823995689759], [-51.959452243094596, -29.428305778215286], [-51.959846053319104, -29.428257795307584], [-51.959761789523455, -29.42772779666866], [-51.95949277048872, -29.427760574852563]]]}}, {"id": "273", "type": "Feature", "properties": {"id": 1605, "codigo": "0012", "Area_m2": null}, "geometry": {"type": "Polygon", "coordinates": [[[-51.95655630635452, -29.424622747629186], [-51.95609536503668, -29.4249407279414], [-51.95613075778539, -29.425185220883467], [-51.955535654890156, -29.425029553288002], [-51.95545879865387, -29.425225334741352], [-51.95512694695682, -29.425304624700125], [-51.95505350367688, -29.425127217242224], [-51.954998510092324, -29.425146553739353], [-51.95495093494529, -29.425140139633527], [-51.95495085053276, -29.425131115496924], [-51.954966370431585, -29.425131004228188], [-51.95479642196989, -29.42505423854071], [-51.95472492710959, -29.425044332830254], [-51.95466659958016, -29.425054221980528], [-51.954550201280504, -29.425101464536628], [-51.954356481237525, -29.425209876042384], [-51.954329719982255, -29.425240375297058], [-51.95427245631379, -29.425248362451498], [-51.954111908133484, -29.4253177044767], [-51.95389778366959, -29.425442362340895], [-51.953845911178085, -29.425448416412703], [-51.95383208686474, -29.42547408737593], [-51.953774946892636, -29.425495333036512], [-51.953711705529514, -29.425558295101407], [-51.95353640945167, -29.425670361925842], [-51.95346943606513, -29.42568125959666], [-51.95342424867125, -29.42570810216107], [-51.95339858642078, -29.425740487569637], [-51.95334892151909, -29.42575126120292], [-51.953293119580884, -29.425799963257408], [-51.95322705978943, -29.42579285911188], [-51.95318622797009, -29.425844591533604], [-51.95357250232206, -29.429381275545047], [-51.95358841647021, -29.429364454685775], [-51.95377438944995, -29.42940824676746], [-51.95419425048632, -29.42910742317976], [-51.95448296954331, -29.42911437921168], [-51.954939408762804, -29.429417948530123], [-51.95582390385044, -29.429195010410247], [-51.956515834075674, -29.4293254141393], [-51.95715300830715, -29.429113267882407], [-51.956931456422915, -29.428573375775596], [-51.95549260216632, -29.42794294913957], [-51.95422461827915, -29.426841996127678], [-51.954115717029296, -29.426220069109238], [-51.95475161142791, -29.425872572523215], [-51.9558250851435, -29.426018294399476], [-51.956809425962284, -29.426552711579813], [-51.956900461190635, -29.426391519427483], [-51.95655630635452, -29.424622747629186]], [[-51.95332825698004, -29.425792519707606], [-51.95332817270869, -29.425783495567625], [-51.95333848075734, -29.42578342179223], [-51.95332825698004, -29.425792519707606]], [[-51.95335901258048, -29.425774250099128], [-51.953358928306486, -29.42576522595917], [-51.95336923635318, -29.425765152181462], [-51.95335901258048, -29.425774250099128]], [[-51.95363598107985, -29.425627871591], [-51.95363589678188, -29.425618847451602], [-51.95364620481297, -29.42561877365278], [-51.95363598107985, -29.425627871591]], [[-51.95364612051413, -29.425609749513377], [-51.95365642854427, -29.425609675713783], [-51.95365651284403, -29.425618699853146], [-51.95364612051413, -29.425609749513377]], [[-51.95390238779461, -29.425454493924097], [-51.953902303473676, -29.425445469785178], [-51.953912611486466, -29.425445395966126], [-51.95390238779461, -29.425454493924097]], [[-51.95392291949922, -29.425445322146278], [-51.95392283517651, -29.425436298007376], [-51.95393314318832, -29.42543622418676], [-51.95392291949922, -29.425445322146278]], [[-51.95421010992625, -29.42528984451675], [-51.9542100255787, -29.425280820378376], [-51.95422033357393, -29.42528074653589], [-51.95421010992625, -29.42528984451675]], [[-51.95441542618596, -29.425198126136273], [-51.954415341820564, -29.425189101998345], [-51.95442564980593, -29.425189028140178], [-51.95441542618596, -29.425198126136273]], [[-51.95456928656593, -29.42511580094145], [-51.954569202187216, -29.42510677680383], [-51.9545795101638, -29.425106702933952], [-51.95456928656593, -29.42511580094145]], [[-51.95458981814036, -29.425106629063254], [-51.954589733759875, -29.425097604925657], [-51.95460004173546, -29.425097531054224], [-51.95458981814036, -29.425106629063254]], [[-51.95464110486751, -29.425079187285462], [-51.95468225237306, -29.425069867641763], [-51.95467211317586, -29.42508798979434], [-51.95464110486751, -29.425079187285462]], [[-51.95479580886592, -29.42508710320806], [-51.954764884943934, -29.4250873248654], [-51.95476480054803, -29.425078300728245], [-51.95479580886592, -29.42508710320806]], [[-51.95469264473506, -29.425078817900562], [-51.95469256034558, -29.42506979376321], [-51.954744015813624, -29.425060400221266], [-51.95476480054803, -29.425078300728245], [-51.95469264473506, -29.425078817900562]], [[-51.95480620123943, -29.425096053457732], [-51.95480611683985, -29.42508702932067], [-51.95482673278758, -29.42508688154355], [-51.95480620123943, -29.425096053457732]], [[-51.95490953421194, -29.42512238695011], [-51.95489922623476, -29.42512246084555], [-51.95489914182687, -29.4251134367088], [-51.95490953421194, -29.42512238695011]], [[-51.954868217897825, -29.425113658390305], [-51.9548681334927, -29.42510463425344], [-51.95489905741901, -29.42510441257202], [-51.95489914182687, -29.4251134367088], [-51.954868217897825, -29.425113658390305]], [[-51.95483720956605, -29.42510485592769], [-51.95483704076138, -29.42508680765378], [-51.954868049087615, -29.42509561011659], [-51.95483720956605, -29.42510485592769]]]}}, {"id": "274", "type": "Feature", "properties": {"id": 1605, "codigo": "0012", "Area_m2": null}, "geometry": {"type": "Polygon", "coordinates": [[[-51.95382195857422, -29.43166526860355], [-51.954144865436646, -29.431503544663173], [-51.95428318433803, -29.43145600797292], [-51.95446896074896, -29.431443375977334], [-51.95439008156214, -29.431308055642297], [-51.9537425364565, -29.43093808873132], [-51.95382195857422, -29.43166526860355]]]}}, {"id": "275", "type": "Feature", "properties": {"id": 1606, "codigo": "0013", "Area_m2": null}, "geometry": {"type": "Polygon", "coordinates": [[[-51.95882361804156, -29.4212281897822], [-51.958653814206436, -29.421288890220627], [-51.958055448602636, -29.421384437591634], [-51.95771167216965, -29.421456991514567], [-51.957751426954985, -29.42147403803873], [-51.95768958135257, -29.42147448266895], [-51.95770847706862, -29.421457665839778], [-51.95753811367022, -29.421493620988795], [-51.9575763670085, -29.421493346019034], [-51.95753522122554, -29.42150266652309], [-51.9575351422775, -29.421494248100434], [-51.9574495759328, -29.42151230685426], [-51.95746323724196, -29.421521233408676], [-51.95744003390184, -29.421514320697355], [-51.957269994257864, -29.42157071340037], [-51.95718533906128, -29.421615123800485], [-51.957206477677126, -29.421622350780773], [-51.957171739439104, -29.42162260038371], [-51.95707719916153, -29.421695237250994], [-51.956996108854675, -29.421787696225202], [-51.95694213208234, -29.42188199979609], [-51.95691062259641, -29.421973743810653], [-51.9568960691307, -29.422106290519856], [-51.95692139866573, -29.42229915856064], [-51.95691620687135, -29.42242477821766], [-51.956881560778264, -29.422557252384777], [-51.95683501218117, -29.4226539218096], [-51.95672099137308, -29.422830295827158], [-51.956651335061274, -29.423026900399016], [-51.95658991675586, -29.423954623656414], [-51.95659101604758, -29.424027268538566], [-51.95697184229459, -29.426265127985484], [-51.95735700888003, -29.42558313012551], [-51.95757288469375, -29.425518405233838], [-51.957718575098085, -29.4256899640318], [-51.958913290802705, -29.423219379028204], [-51.95899352250054, -29.423016297408395], [-51.95904290924537, -29.422831271599225], [-51.959070994660415, -29.422648905573165], [-51.95907296805071, -29.42232967666752], [-51.959035249924874, -29.422091334544298], [-51.95895708470986, -29.421839902317647], [-51.95882361804156, -29.4212281897822]], [[-51.95730904619161, -29.421567465273785], [-51.95730896158298, -29.421558441138558], [-51.95731926919309, -29.421558367064772], [-51.95730904619161, -29.421567465273785]], [[-51.95739125323114, -29.421539800255896], [-51.95739116861534, -29.421530776120864], [-51.95740147622242, -29.421530702040783], [-51.95739125323114, -29.421539800255896]], [[-51.95742209143647, -29.42153055387822], [-51.957422006817964, -29.421521529743256], [-51.95744262203005, -29.421521381577563], [-51.95742209143647, -29.42153055387822]], [[-51.95747354484786, -29.421521159323053], [-51.95747346022485, -29.421512135188188], [-51.95749407543471, -29.421511987014586], [-51.95747354484786, -29.421521159323053]], [[-51.95749399080991, -29.421502962879767], [-51.95750429841388, -29.42150288879179], [-51.957504383039584, -29.421511912926572], [-51.95749399080991, -29.421502962879767]], [[-51.95760728981662, -29.421493123733647], [-51.957607205181894, -29.42148409959912], [-51.95761751278361, -29.421484025502423], [-51.95760728981662, -29.421493123733647]], [[-51.957679189111, -29.42146553263682], [-51.9576793583931, -29.421483580905548], [-51.95763812798692, -29.42148387730666], [-51.957679189111, -29.42146553263682]], [[-51.95784411070039, -29.421464346905644], [-51.95777195750625, -29.421464865688133], [-51.95779240340278, -29.421446669200385], [-51.95784411070039, -29.421464346905644]], [[-51.957864641240995, -29.42145517454099], [-51.95786455658364, -29.421446150407082], [-51.95788517177783, -29.421446002173262], [-51.957864641240995, -29.42145517454099]], [[-51.95788508711869, -29.4214369780394], [-51.957895394714825, -29.42143690392131], [-51.957895479374855, -29.42144592805515], [-51.95788508711869, -29.4214369780394]], [[-51.95794701735944, -29.421445557452643], [-51.95790578697186, -29.42144585393624], [-51.95792623284022, -29.421427657428517], [-51.95794701735944, -29.421445557452643]], [[-51.957998470673914, -29.42143616269662], [-51.9579675478866, -29.4214363850724], [-51.95798799374183, -29.42141818855546], [-51.957998470673914, -29.42143616269662]], [[-51.95807036981665, -29.42140857139171], [-51.95807028514128, -29.42139954725827], [-51.95808059273307, -29.421399473125955], [-51.95807036981665, -29.42140857139171]], [[-51.95811151550819, -29.421399250724182], [-51.95811143082922, -29.42139022659086], [-51.958142353601275, -29.421390004182012], [-51.95811151550819, -29.421399250724182]], [[-51.958276182889136, -29.421370992061544], [-51.95827635227611, -29.421389040327366], [-51.958162968782446, -29.421389855905442], [-51.958276182889136, -29.421370992061544]], [[-51.9582865751718, -29.421379942046222], [-51.95828649047741, -29.421370917913354], [-51.958307105653866, -29.42137076961459], [-51.9582865751718, -29.421379942046222]], [[-51.958317413242035, -29.42137069546399], [-51.958317328544965, -29.421361671331173], [-51.95833794371934, -29.42136152302767], [-51.958317413242035, -29.42137069546399]], [[-51.95833785902051, -29.42135249889486], [-51.958348166606726, -29.421352424741965], [-51.95834825130649, -29.421361448874713], [-51.95833785902051, -29.42135249889486]], [[-51.95847194234915, -29.421360558977145], [-51.9583585588936, -29.42136137472097], [-51.95837900466272, -29.421343178145726], [-51.95847194234915, -29.421360558977145]], [[-51.958492472809866, -29.42135138651734], [-51.95849238809738, -29.421342362384948], [-51.95851300326683, -29.421342214054455], [-51.958492472809866, -29.42135138651734]], [[-51.95851291855257, -29.421333189922102], [-51.958533533720036, -29.42133304158846], [-51.958533618436114, -29.421342065720772], [-51.95851291855257, -29.421333189922102]], [[-51.95854392602069, -29.421341991552705], [-51.9585438413037, -29.42133296742045], [-51.958564456470924, -29.421332819082036], [-51.95854392602069, -29.421341991552705]], [[-51.95856437175216, -29.421323794949807], [-51.9585746793348, -29.42132372077943], [-51.95857476405448, -29.421332744911627], [-51.95856437175216, -29.421323794949807]], [[-51.95860560208252, -29.42132349826351], [-51.958605517360134, -29.421314474131385], [-51.95861582494172, -29.421314399957826], [-51.95860560208252, -29.42132349826351]], [[-51.9586263019717, -29.421332374047633], [-51.95862621724746, -29.42132334991556], [-51.95863652482987, -29.421323275740406], [-51.9586263019717, -29.421332374047633]], [[-51.95872929306986, -29.421322608128033], [-51.958729377803195, -29.421331632259836], [-51.9586470018644, -29.421341249828433], [-51.95872929306986, -29.421322608128033]], [[-51.95876021581583, -29.421322385576232], [-51.95876013107979, -29.421313361444515], [-51.9587704386608, -29.421313287259032], [-51.95876021581583, -29.421322385576232]], [[-51.95880136140357, -29.42131306469772], [-51.95880127666393, -29.42130404056611], [-51.95882189182376, -29.421303892187986], [-51.95880136140357, -29.42131306469772]]]}}, {"id": "276", "type": "Feature", "properties": {"id": 532, "codigo": "0165", "Area_m2": null}, "geometry": {"type": "Polygon", "coordinates": [[[-51.96090678958045, -29.42798170601026], [-51.96092635981234, -29.428110491030523], [-51.960949492140905, -29.428120036477978], [-51.96123195455443, -29.428086095259943], [-51.9612087207434, -29.42794541695666], [-51.96090678958045, -29.42798170601026]]]}}, {"id": "277", "type": "Feature", "properties": {"id": 549, "codigo": "0182", "Area_m2": null}, "geometry": {"type": "Polygon", "coordinates": [[[-51.959526830322375, -29.427625871349544], [-51.959741427591794, -29.42759972406363], [-51.959661847999854, -29.427099181126984], [-51.95931743483857, -29.427141145423217], [-51.959600165645405, -29.42733583690573], [-51.959526830322375, -29.427625871349544]]]}}, {"id": "278", "type": "Feature", "properties": {"id": 547, "codigo": "0180", "Area_m2": null}, "geometry": {"type": "Polygon", "coordinates": [[[-51.960195925385605, -29.426169581753182], [-51.95967488215069, -29.426264664086045], [-51.95998899615836, -29.428240378391653], [-51.96051457313105, -29.428176338121286], [-51.960195925385605, -29.426169581753182]]]}}, {"id": "279", "type": "Feature", "properties": {"id": 550, "codigo": "0183", "Area_m2": null}, "geometry": {"type": "Polygon", "coordinates": [[[-51.95927788724109, -29.427018404175683], [-51.9596419533129, -29.42697404529415], [-51.95953460445484, -29.42629882730186], [-51.95925752941625, -29.42637595407531], [-51.95886439866423, -29.426538694715425], [-51.959243666573414, -29.426697648704376], [-51.95927788724109, -29.427018404175683]]]}}, {"id": "280", "type": "Feature", "properties": {"id": 537, "codigo": "0170", "Area_m2": null}, "geometry": {"type": "Polygon", "coordinates": [[[-51.96363743669379, -29.42464897032194], [-51.963272056697626, -29.424660948611386], [-51.963272056687785, -29.424660948621483], [-51.96327872814966, -29.42470966409522], [-51.96363918222797, -29.424665687681316], [-51.96363743669379, -29.42464897032194]]]}}, {"id": "281", "type": "Feature", "properties": {"id": 431, "codigo": "0061", "Area_m2": null}, "geometry": {"type": "Polygon", "coordinates": [[[-51.96593086330783, -29.42188607684828], [-51.96544967376322, -29.421827235175606], [-51.96529498866, -29.42176244520097], [-51.96523823224758, -29.421790014601044], [-51.965226631248576, -29.4217730404312], [-51.96521753172021, -29.421781139860315], [-51.965225212992884, -29.421772059471817], [-51.96519244208609, -29.421749392946186], [-51.96515961939279, -29.421703646409235], [-51.965113977984316, -29.42169094816892], [-51.96509307096087, -29.421701829321414], [-51.96504299490476, -29.421683031961752], [-51.965014751812255, -29.421658711490597], [-51.964903408399046, -29.42164112427393], [-51.96474338499136, -29.421567175479186], [-51.964685597300296, -29.421566061120068], [-51.964642849961514, -29.421581698823474], [-51.96428190120133, -29.421459387845935], [-51.96418271056782, -29.421437319569186], [-51.96417322485534, -29.421445762613633], [-51.96418121335756, -29.42143668006018], [-51.96414666314955, -29.421414382265123], [-51.96396871402262, -29.421388845852817], [-51.963613033283636, -29.42126802767587], [-51.963591692242424, -29.421232927369985], [-51.9635229522476, -29.42118437459932], [-51.96353363823412, -29.42125184611066], [-51.96355289659154, -29.42125170681422], [-51.963534890408766, -29.421259752363987], [-51.963553514018, -29.421377342168157], [-51.96264047776823, -29.42110044758071], [-51.963084529802664, -29.423990754005573], [-51.96315543008774, -29.423982405201798], [-51.96325796100553, -29.42466139547824], [-51.963637490083954, -29.42464936368543], [-51.96363927597678, -29.42466567624369], [-51.96366755283581, -29.424662226387163], [-51.963871580936186, -29.42443513193378], [-51.964211655748585, -29.424423645991084], [-51.96473983049265, -29.424681538871113], [-51.965152246990876, -29.425779568054633], [-51.96553569184145, -29.4259933825624], [-51.965686812410105, -29.425622273274797], [-51.966566293767734, -29.42487586680311], [-51.96657803538613, -29.42473698313393], [-51.96594067943669, -29.421929318614136], [-51.96593020793983, -29.42192939454652], [-51.96594011636472, -29.421926838183524], [-51.96593086330783, -29.42188607684828]], [[-51.96525893277849, -29.421798889338454], [-51.965248625168144, -29.42179896402709], [-51.96524853985704, -29.42178993991322], [-51.96525893277849, -29.421798889338454]], [[-51.96359438232149, -29.421278480941634], [-51.96358407475862, -29.42127855550029], [-51.96358398959645, -29.42126953138131], [-51.96359438232149, -29.421278480941634]], [[-51.96355306691032, -29.421269755052393], [-51.96357351171202, -29.421251557701073], [-51.96358398959645, -29.42126953138131], [-51.96355306691032, -29.421269755052393]], [[-51.96360477504836, -29.421287430501106], [-51.96360468988433, -29.4212784063822], [-51.96361499744712, -29.421278331821963], [-51.96360477504836, -29.421287430501106]], [[-51.96362547534164, -29.421296305498625], [-51.963625390175736, -29.421287281379783], [-51.96363569773936, -29.421287206817922], [-51.96362547534164, -29.421296305498625]], [[-51.96364617563843, -29.421305180492823], [-51.963646090470675, -29.42129615637405], [-51.96365639803513, -29.421296081810564], [-51.96364617563843, -29.421305180492823]], [[-51.96379099263396, -29.421358281241226], [-51.963780685063625, -29.421358355815272], [-51.96378059988379, -29.42134933169693], [-51.96379099263396, -29.421358281241226]], [[-51.96375998474483, -29.421349480842572], [-51.96375989956687, -29.421340456724135], [-51.963780514704005, -29.421340307578543], [-51.96378059988379, -29.42134933169693], [-51.96375998474483, -29.421349480842572]], [[-51.96373928442958, -29.421340605866522], [-51.96373919925347, -29.421331581748053], [-51.963759814388936, -29.42133143260571], [-51.96373928442958, -29.421340605866522]], [[-51.96370827654997, -29.421331805455573], [-51.96370819137664, -29.42132278133698], [-51.96373911407739, -29.42132255762954], [-51.96370827654997, -29.421331805455573]], [[-51.96368757624261, -29.421322930471298], [-51.96368749107112, -29.421313906352665], [-51.963708106203335, -29.421313757218403], [-51.96368757624261, -29.421322930471298]], [[-51.96366687593875, -29.42131405548371], [-51.96366679076913, -29.421305031365023], [-51.963687405899684, -29.421304882234], [-51.96366687593875, -29.42131405548371]], [[-51.9638737087595, -29.42138475697443], [-51.96387362357137, -29.42137573285638], [-51.96388393114316, -29.421375658275096], [-51.9638737087595, -29.42138475697443]], [[-51.96389440909489, -29.421393631929035], [-51.963894323904896, -29.421384607811053], [-51.96391493905012, -29.421384458644443], [-51.96389440909489, -29.421393631929035]], [[-51.96392541700819, -29.421402432295793], [-51.96392533181542, -29.421393408177885], [-51.96393563938885, -29.42139333359258], [-51.96392541700819, -29.421402432295793]], [[-51.96416291727735, -29.421445837217444], [-51.96415260969931, -29.421445911820477], [-51.964152524486295, -29.42143688770322], [-51.96416291727735, -29.421445837217444]], [[-51.964111294177414, -29.421437186107216], [-51.96411120896807, -29.421428161989855], [-51.964142046485065, -29.421418914070856], [-51.964152524486295, -29.42143688770322], [-51.964111294177414, -29.421437186107216]], [[-51.96401844077899, -29.42142883335194], [-51.964018355577906, -29.42141980923431], [-51.96409042340034, -29.421410262952133], [-51.96401844077899, -29.42142883335194]], [[-51.96397712527427, -29.421420107596607], [-51.96397704007686, -29.42141108347886], [-51.96399757002774, -29.42140191018166], [-51.96397712527427, -29.421420107596607]], [[-51.96394611735147, -29.421411307242145], [-51.963945946962234, -29.42139325900645], [-51.9639769548795, -29.421402059361114], [-51.96394611735147, -29.421411307242145]], [[-51.9641939252279, -29.42145463752075], [-51.96419384001122, -29.421445613403613], [-51.96420414758911, -29.42144553879741], [-51.9641939252279, -29.42145463752075]], [[-51.96422493318362, -29.421463437816694], [-51.96422484796416, -29.421454413699653], [-51.96423515554284, -29.421454339091028], [-51.96422493318362, -29.421463437816694]], [[-51.96433865747522, -29.4214987135444], [-51.96430773472659, -29.421498937392233], [-51.96430764949968, -29.42148991327545], [-51.96433865747522, -29.4214987135444]], [[-51.964287034335555, -29.421490062503295], [-51.964286949110516, -29.42148103838647], [-51.96430756427282, -29.421480889158705], [-51.96430764949968, -29.42148991327545], [-51.964287034335555, -29.421490062503295]], [[-51.964266333948046, -29.42148118761107], [-51.96426624872487, -29.42147216349419], [-51.96428686388551, -29.421472014269636], [-51.964266333948046, -29.42148118761107]], [[-51.964245633564076, -29.42147231271553], [-51.96424554834275, -29.421463288598574], [-51.964266163501726, -29.42146313937728], [-51.964245633564076, -29.42147231271553]], [[-51.96439036585731, -29.421516388681802], [-51.96436975068834, -29.421516537922574], [-51.964369665455905, -29.421507513806002], [-51.96439036585731, -29.421516388681802]], [[-51.9643490502886, -29.421507663043524], [-51.964348965058015, -29.42149863892688], [-51.9643695802235, -29.421498489689416], [-51.964369665455905, -29.421507513806002], [-51.9643490502886, -29.421507663043524]], [[-51.96444215949574, -29.421543087915], [-51.96444207425681, -29.42153406379868], [-51.96445238184287, -29.421533989173078], [-51.96444215949574, -29.421543087915]], [[-51.964462859910434, -29.421551962779223], [-51.96446277466964, -29.421542938662935], [-51.96448338984337, -29.42154278940766], [-51.964462859910434, -29.421551962779223]], [[-51.96449386791726, -29.421560763011183], [-51.9644937826737, -29.421551738895023], [-51.96451439784903, -29.421551589634912], [-51.96449386791726, -29.421560763011183]], [[-51.964669267436264, -29.421577542429528], [-51.9646797455462, -29.421595516017515], [-51.96461789999616, -29.421595963865638], [-51.964669267436264, -29.421577542429528]], [[-51.96458689196871, -29.42158716366306], [-51.96458680671683, -29.421578139547155], [-51.96461772948691, -29.421577915634025], [-51.96458689196871, -29.42158716366306]], [[-51.96455588394641, -29.421578363453143], [-51.96455579869731, -29.421569339337143], [-51.964586721465004, -29.42156911543125], [-51.96455588394641, -29.421578363453143]], [[-51.96452487592926, -29.42156956323583], [-51.964524705436645, -29.421551515003653], [-51.964555713448235, -29.42156031522112], [-51.96452487592926, -29.42156956323583]], [[-51.96470044599119, -29.421604390843992], [-51.964700360729225, -29.421595366728425], [-51.96475189868614, -29.421594993491755], [-51.96470044599119, -29.421604390843992]], [[-51.964762376812295, -29.421612967072818], [-51.96476229154482, -29.421603942957407], [-51.964772599136964, -29.421603868306878], [-51.964762376812295, -29.421612967072818]], [[-51.9648037777266, -29.421630716696246], [-51.96479347013184, -29.42163079134928], [-51.96479338486156, -29.42162176723399], [-51.9648037777266, -29.421630716696246]], [[-51.96479338486156, -29.42162176723399], [-51.964782991998355, -29.42161281777087], [-51.96479329959132, -29.42161274311869], [-51.96479338486156, -29.42162176723399]], [[-51.96481417059345, -29.42163966615763], [-51.96481408532131, -29.421630642042427], [-51.964824392915986, -29.421630567387798], [-51.96481417059345, -29.42163966615763]], [[-51.964896801916005, -29.421657117128106], [-51.96486587912449, -29.421657341106567], [-51.96486579384771, -29.421648316991515], [-51.964896801916005, -29.421657117128106]], [[-51.96483487105858, -29.4216485409627], [-51.964834700510615, -29.4216304927324], [-51.96486570857099, -29.421639292876428], [-51.96486579384771, -29.421648316991515], [-51.96483487105858, -29.4216485409627]], [[-51.96497951855226, -29.421683592161315], [-51.96496921095272, -29.421683666828073], [-51.96496912566671, -29.421674642713317], [-51.96497951855226, -29.421683592161315]], [[-51.964938202870556, -29.42167486670869], [-51.96493811758733, -29.421665842593853], [-51.96496904038076, -29.421665618598567], [-51.96496912566671, -29.421674642713317], [-51.964938202870556, -29.42167486670869]], [[-51.96490719479354, -29.421666066581952], [-51.96490702423268, -29.421648018352073], [-51.96493803230414, -29.42165681847899], [-51.96490719479354, -29.421666066581952]], [[-51.96500021904002, -29.421692466940083], [-51.96500013375125, -29.42168344282545], [-51.9650104413507, -29.421683368156305], [-51.96500021904002, -29.421692466940083]], [[-51.965020919531305, -29.421701341715547], [-51.965020834240676, -29.421692317600975], [-51.96503114184095, -29.421692242930206], [-51.965020919531305, -29.421701341715547]], [[-51.96505192762813, -29.4217101418153], [-51.96505184233473, -29.421701117700813], [-51.9650621499358, -29.42170104302762], [-51.96505192762813, -29.4217101418153]], [[-51.965072628127295, -29.421719016582514], [-51.96507254283203, -29.421709992468106], [-51.96508285043393, -29.421709917793294], [-51.965072628127295, -29.421719016582514]], [[-51.96519674588994, -29.421763241002264], [-51.965186438283, -29.421763315685993], [-51.965186352977526, -29.421754291571933], [-51.96519674588994, -29.421763241002264]], [[-51.965186352977526, -29.421754291571933], [-51.96517596006696, -29.42174534214076], [-51.9651862676721, -29.42174526745787], [-51.965186352977526, -29.421754291571933]], [[-51.96516565246176, -29.421745416822837], [-51.965165567158195, -29.4217363927087], [-51.96517587476247, -29.421736318026635], [-51.96516565246176, -29.421745416822837]], [[-51.96513464434511, -29.421736616750074], [-51.96513455904432, -29.421727592635843], [-51.96516548185466, -29.42172736859454], [-51.96513464434511, -29.421736616750074]], [[-51.96509332863, -29.42172789134643], [-51.96509315803579, -29.421709843117686], [-51.965134473743554, -29.421718568521595], [-51.96509332863, -29.42172789134643]], [[-51.96526932570173, -29.421807838762806], [-51.965269240388785, -29.421798814649037], [-51.965279547999046, -29.421798739958806], [-51.96526932570173, -29.421807838762806]], [[-51.965372401811734, -29.421807091824437], [-51.965393187681144, -29.421824990654052], [-51.96532103439234, -29.42182551353083], [-51.965372401811734, -29.421807091824437]], [[-51.965290026238854, -29.421816713495232], [-51.96528985560928, -29.421798665267794], [-51.96532086375722, -29.421807465303587], [-51.965290026238854, -29.421816713495232]], [[-51.96545520401468, -29.421842590669353], [-51.96543458878633, -29.421842740076368], [-51.96543450345866, -29.421833715963093], [-51.96545520401468, -29.421842590669353]], [[-51.96540358061857, -29.421833940067565], [-51.96540340996879, -29.421815891840797], [-51.96543441813102, -29.421824691849775], [-51.96543450345866, -29.421833715963093], [-51.96540358061857, -29.421833940067565]], [[-51.96547590457424, -29.4218514653723], [-51.96547581924288, -29.421842441259127], [-51.965506742084884, -29.421842217137833], [-51.96547590457424, -29.4218514653723]], [[-51.965517220368845, -29.421860190655238], [-51.965517135033814, -29.421851166542176], [-51.9655274426486, -29.421851091832657], [-51.965517220368845, -29.421860190655238]], [[-51.965537835600216, -29.421860041235334], [-51.96553775026336, -29.42185101712235], [-51.96558928833655, -29.421850643558784], [-51.965537835600216, -29.421860041235334]], [[-51.96559976663577, -29.421868617069315], [-51.9655996812934, -29.42185959295652], [-51.9656099889088, -29.4218595182406], [-51.96559976663577, -29.421868617069315]], [[-51.96566152698518, -29.42185914464899], [-51.965682312914794, -29.421877043431937], [-51.96562046721255, -29.421877491749356], [-51.96566152698518, -29.42185914464899]], [[-51.96574407326049, -29.421867570973397], [-51.965764859205954, -29.421885469743074], [-51.96569270588233, -29.421885992822133], [-51.96574407326049, -29.421867570973397]], [[-51.965899199706236, -29.42192059465478], [-51.96589911433724, -29.42191157054282], [-51.96593003719632, -29.4219113463228], [-51.965899199706236, -29.42192059465478]], [[-51.96585788385793, -29.42191186949172], [-51.965857798492614, -29.421902845379638], [-51.96587832836342, -29.421893671794827], [-51.96585788385793, -29.42191186949172]], [[-51.96582687563544, -29.421903069582847], [-51.9658267902729, -29.421894045470708], [-51.96585771312733, -29.421893821267577], [-51.96582687563544, -29.421903069582847]], [[-51.96577525218142, -29.421894419126623], [-51.96577508146553, -29.421876370902], [-51.96580600431508, -29.421876146711], [-51.96577525218142, -29.421894419126623]]]}}, {"id": "283", "type": "Feature", "properties": {"id": 431, "codigo": "0061", "Area_m2": null}, "geometry": {"type": "Polygon", "coordinates": [[[-51.962330232024605, -29.420954030683514], [-51.96205326066227, -29.420954841384916], [-51.962046246172335, -29.420910631293598], [-51.96194160107145, -29.420911386993016], [-51.962044056247976, -29.42089682889925], [-51.96204063839222, -29.420875287245284], [-51.96198440567918, -29.42086788124571], [-51.961537743509105, -29.420864996221933], [-51.96083404560377, -29.420895385469983], [-51.960838992837964, -29.420926265351692], [-51.96113778343966, -29.420935238385237], [-51.96084077362107, -29.42093738072854], [-51.96086103405017, -29.421063843238745], [-51.96059097730625, -29.42107745298006], [-51.96033875789418, -29.42107510645014], [-51.96036891717793, -29.4209615927903], [-51.960354665244864, -29.42096796044934], [-51.96035458036915, -29.420958936321373], [-51.96036965183906, -29.420958827669114], [-51.96039048564421, -29.42088041329125], [-51.960360167135185, -29.420846433243106], [-51.96016501508114, -29.420902923191385], [-51.96013538650868, -29.420940981717067], [-51.960015959057635, -29.420953872946402], [-51.95995687884998, -29.420925422684956], [-51.95975492837098, -29.420948621830274], [-51.959673732019674, -29.420977039089593], [-51.959621926421335, -29.421014377081274], [-51.95942735442245, -29.421070892915406], [-51.95937319974042, -29.421095383503484], [-51.959401980395214, -29.42127361439961], [-51.95898623854057, -29.421375978517883], [-51.959166040005876, -29.42209083464222], [-51.95920418029699, -29.42230046598696], [-51.959217897764184, -29.422545809351675], [-51.959175867678155, -29.422878958904], [-51.95909222447277, -29.423158430094134], [-51.95902425308712, -29.42330934290675], [-51.95861590671045, -29.424134457846932], [-51.958109251646114, -29.425221135477848], [-51.958112507121676, -29.425241895038976], [-51.958081690622286, -29.425233563048476], [-51.95783756812782, -29.425752640733112], [-51.95817303602902, -29.425757757367954], [-51.95835089874045, -29.426036244630133], [-51.95873365290137, -29.42617788601264], [-51.958767664274234, -29.42642716935969], [-51.95925759641341, -29.42622829911058], [-51.959954851734494, -29.42608323371334], [-51.96046007438926, -29.426006135517753], [-51.96061646248029, -29.4260115080161], [-51.96069169261306, -29.42603213223962], [-51.96102148699615, -29.426171665976486], [-51.96142919033637, -29.426279160192728], [-51.96155431811095, -29.426297141494917], [-51.96149723479772, -29.426266262750516], [-51.961277536204385, -29.42592490864178], [-51.96142799241339, -29.425481610879253], [-51.96193769501142, -29.424873273919363], [-51.96292704166581, -29.424752570837896], [-51.96232531240366, -29.420921669099624], [-51.962330232024605, -29.420954030683514]], [[-51.959296125240606, -29.42130950274114], [-51.95929604045726, -29.42130047861083], [-51.959306348035334, -29.421300404383885], [-51.959296125240606, -29.42130950274114]], [[-51.95944980615644, -29.421209123823317], [-51.95944972135984, -29.42120009969326], [-51.95946002892733, -29.42120002545466], [-51.95944980615644, -29.421209123823317]], [[-51.959470336494775, -29.421199951215275], [-51.9594702516964, -29.421190927085274], [-51.9594805592629, -29.421190852845104], [-51.959470336494775, -29.421199951215275]], [[-51.95979856691654, -29.42102611667804], [-51.959798736570214, -29.421044164936728], [-51.95971627616331, -29.421044759029986], [-51.95979856691654, -29.42102611667804]], [[-51.959808959293134, -29.421035066542178], [-51.95980887446541, -29.42102604241285], [-51.959819182014236, -29.421025968146854], [-51.959808959293134, -29.421035066542178]], [[-51.95982948956304, -29.421025893880095], [-51.959829404733526, -29.421016869750794], [-51.959839712281365, -29.421016795483236], [-51.95982948956304, -29.421025893880095]], [[-51.959850019829176, -29.421016721214894], [-51.959849934997884, -29.42100769708564], [-51.95986024254472, -29.42100762281654], [-51.959850019829176, -29.421016721214894]], [[-51.96010762365757, -29.42100584011845], [-51.95988085763832, -29.421007474275893], [-51.95990130306018, -29.42098927747383], [-51.96010762365757, -29.42100584011845]], [[-51.96021061425154, -29.420996073063723], [-51.960128153893464, -29.420996667411007], [-51.96014859926802, -29.42097847057201], [-51.96021061425154, -29.420996073063723]], [[-51.960251674696245, -29.42097772761452], [-51.96025158982961, -29.4209687034863], [-51.960323742620695, -29.4209681833688], [-51.960251674696245, -29.42097772761452]], [[-51.96125108137473, -29.42092539616121], [-51.96115831356426, -29.420926065521353], [-51.96117875873675, -29.420907868528534], [-51.96125108137473, -29.42092539616121]], [[-51.96157052993704, -29.420914065968226], [-51.96127161148668, -29.420916223280148], [-51.96129205663652, -29.420898026270425], [-51.96157052993704, -29.420914065968226]], [[-51.961931208525776, -29.420902437299095], [-51.96159106001658, -29.42090489303862], [-51.96161150510582, -29.42088669598117], [-51.961931208525776, -29.420902437299095]]]}}, {"id": "284", "type": "Feature", "properties": {"id": 534, "codigo": "0167", "Area_m2": null}, "geometry": {"type": "Polygon", "coordinates": [[[-51.963123178600206, -29.42472864157886], [-51.96300744841477, -29.42399087403167], [-51.9628099416122, -29.424018312826338], [-51.96292704165559, -29.424752570839143], [-51.963123178600206, -29.42472864157886]]]}}, {"id": "285", "type": "Feature", "properties": {"id": 535, "codigo": "0168", "Area_m2": null}, "geometry": {"type": "Polygon", "coordinates": [[[-51.96233230663056, -29.42092008446594], [-51.96278671389131, -29.423893654957357], [-51.96298849099321, -29.42387002128957], [-51.96285666262686, -29.423029612908447], [-51.96298777509744, -29.423014255882663], [-51.9626322284375, -29.42098050689261], [-51.96246043002096, -29.4209185578214], [-51.96232963011892, -29.42090256956382], [-51.96233211917546, -29.420918857777647], [-51.96234367979501, -29.420917507726614], [-51.96233230663056, -29.42092008446594]], [[-51.962426480270246, -29.420953008499552], [-51.96241617273668, -29.420953082967102], [-51.96241608767884, -29.42094405884457], [-51.962426480270246, -29.420953008499552]], [[-51.96236455001499, -29.420944431170184], [-51.962364464961745, -29.420935407047494], [-51.9624056100324, -29.420926085066142], [-51.96241608767884, -29.42094405884457], [-51.96236455001499, -29.420944431170184]], [[-51.962436787803775, -29.420952934031234], [-51.962436702744114, -29.420943909908747], [-51.96244701027668, -29.420943835439633], [-51.962436787803775, -29.420952934031234]], [[-51.96245748793221, -29.420961809214557], [-51.9624574028707, -29.420952785092144], [-51.96246771040411, -29.420952710621428], [-51.96245748793221, -29.420961809214557]], [[-51.96247818806421, -29.42097068439459], [-51.96247810300082, -29.420961660272248], [-51.962488410535066, -29.420961585799898], [-51.96247818806421, -29.42097068439459]], [[-51.96249888819972, -29.420979559571286], [-51.96249880313447, -29.42097053544903], [-51.962509110669544, -29.420970460975063], [-51.96249888819972, -29.420979559571286]], [[-51.962560733415046, -29.42097911271534], [-51.9625608184858, -29.42098813683744], [-51.96251958833875, -29.42098843474471], [-51.962560733415046, -29.42097911271534]], [[-51.96257121109415, -29.420997086480668], [-51.96257112602246, -29.420988062358614], [-51.96259174109567, -29.4209879133986], [-51.96257121109415, -29.420997086480668]], [[-51.96260221878109, -29.42100588716133], [-51.962602048632206, -29.420987838917387], [-51.96263305631878, -29.42099663959088], [-51.96260221878109, -29.42100588716133]]]}}, {"id": "286", "type": "Feature", "properties": {"id": 2167, "codigo": "0070", "Area_m2": "105744,75"}, "geometry": {"type": "Polygon", "coordinates": [[[-51.98035689315214, -29.422335546436614], [-51.97968799018984, -29.422521658603497], [-51.97977332965815, -29.42310636297901], [-51.98043552027213, -29.42287057277871], [-51.98035689315214, -29.422335546436614]]]}}, {"id": "287", "type": "Feature", "properties": {"id": 2158, "codigo": "0079", "Area_m2": null}, "geometry": {"type": "Polygon", "coordinates": [[[-51.98552354001557, -29.414169363983795], [-51.98471519285579, -29.414227498466428], [-51.983059973829604, -29.414381213907472], [-51.98336819919855, -29.414471125076766], [-51.98394557111238, -29.414841616795513], [-51.98424511320283, -29.414987720670144], [-51.984378698006175, -29.415163435303327], [-51.98569880987662, -29.414962243052027], [-51.98552354001557, -29.414169363983795]]]}}, {"id": "288", "type": "Feature", "properties": {"id": 2111, "codigo": "0058", "Area_m2": "283360,7"}, "geometry": {"type": "Polygon", "coordinates": [[[-51.9893883926445, -29.413432262679084], [-51.98929226653976, -29.413771083304358], [-51.989463255297885, -29.41384532081345], [-51.9893883926445, -29.413432262679084]]]}}, {"id": "289", "type": "Feature", "properties": {"id": 2111, "codigo": "0058", "Area_m2": "283360,7"}, "geometry": {"type": "Polygon", "coordinates": [[[-51.988942110837556, -29.410969882276305], [-51.98819496134343, -29.41084547714456], [-51.987591145516845, -29.411003011164713], [-51.98786730547345, -29.412435153332684], [-51.98848266646145, -29.41212557015701], [-51.989141955692666, -29.412072535459036], [-51.988942110837556, -29.410969882276305]]]}}, {"id": "290", "type": "Feature", "properties": {"id": 2111, "codigo": "0058", "Area_m2": "283360,7"}, "geometry": {"type": "Polygon", "coordinates": [[[-51.988233340435016, -29.414333379671557], [-51.98852240620294, -29.4141016870019], [-51.988260807885574, -29.413697515709682], [-51.988110941102484, -29.413698627089783], [-51.988233340435016, -29.414333379671557]]]}}, {"id": "291", "type": "Feature", "properties": {"id": 1516, "codigo": "0099", "Area_m2": "63605,38"}, "geometry": {"type": "Polygon", "coordinates": [[[-51.99087805831748, -29.414098587168827], [-51.99057697023952, -29.412104128191945], [-51.98984574273038, -29.412188685448257], [-51.990170987893414, -29.41411520630313], [-51.99087805831748, -29.414098587168827]]]}}, {"id": "292", "type": "Feature", "properties": {"id": 2138, "codigo": "0405", "Area_m2": null}, "geometry": {"type": "Polygon", "coordinates": [[[-51.99307074232635, -29.411564303027045], [-51.99246261264464, -29.41170892496656], [-51.99277478306178, -29.413964582637476], [-51.99340672532556, -29.41399209043201], [-51.99307074232635, -29.411564303027045]]]}}, {"id": "293", "type": "Feature", "properties": {"id": 2150, "codigo": "0410", "Area_m2": null}, "geometry": {"type": "Polygon", "coordinates": [[[-51.99157911844533, -29.41191904626375], [-51.991829044591434, -29.413810199464567], [-51.9914674960518, -29.413893765062724], [-51.99149870448581, -29.414123404250798], [-51.99165879092195, -29.414232074885344], [-51.99169026028742, -29.414457183122348], [-51.99236559808389, -29.41394677123766], [-51.99277478306178, -29.413964582637476], [-51.99246265734986, -29.411708932665558], [-51.99157911844533, -29.41191904626375]]]}}, {"id": "294", "type": "Feature", "properties": {"id": 2188, "codigo": "0022", "Area_m2": "107600,99"}, "geometry": {"type": "Polygon", "coordinates": [[[-52.00384196957409, -29.419725859675264], [-52.00375323205344, -29.419620114584756], [-52.00367020503954, -29.419546322568817], [-52.00353673806392, -29.419485746693734], [-52.00290813523009, -29.41954022870145], [-52.002923974998396, -29.419674229786246], [-52.00159242284493, -29.41980969762931], [-52.00178711350278, -29.421102407635672], [-52.002228977310885, -29.42121000996236], [-52.0028766359226, -29.422080529606966], [-52.00284635983447, -29.42109706749751], [-52.00261206471574, -29.42033173322876], [-52.00306853755575, -29.419579248394072], [-52.00360602327011, -29.41972861985976], [-52.00396633315773, -29.41998530687146], [-52.00384196957409, -29.419725859675264]]]}}, {"id": "295", "type": "Feature", "properties": {"id": 1482, "codigo": "0061", "Area_m2": "138384,35"}, "geometry": {"type": "Polygon", "coordinates": [[[-51.991527050681164, -29.41433198089879], [-51.99118418803573, -29.41203502805063], [-51.99065018567279, -29.412096833157815], [-51.990952114314354, -29.41409684654085], [-51.991212557267446, -29.414090725034047], [-51.991527050681164, -29.41433198089879]]]}}, {"id": "296", "type": "Feature", "properties": {"id": 1491, "codigo": "0070", "Area_m2": null}, "geometry": {"type": "Polygon", "coordinates": [[[-51.99745138941108, -29.420147108057996], [-51.997284799615784, -29.420162379474498], [-51.99731227699845, -29.42032860564639], [-51.99746431530978, -29.42022537880276], [-51.99745138941108, -29.420147108057996]]]}}, {"id": "297", "type": "Feature", "properties": {"id": 1481, "codigo": "0060", "Area_m2": "395855,67"}, "geometry": {"type": "Polygon", "coordinates": [[[-51.997249441334915, -29.411789140810384], [-51.99757328069384, -29.411910441704308], [-51.997499313666914, -29.411375442968776], [-51.99718589279883, -29.411290283611667], [-51.997249441334915, -29.411789140810384]]]}}, {"id": "298", "type": "Feature", "properties": {"id": 1481, "codigo": "0060", "Area_m2": "395855,67"}, "geometry": {"type": "Polygon", "coordinates": [[[-51.99772070960552, -29.415488605562846], [-51.99794815830449, -29.41563781515744], [-51.998086381031264, -29.416069965025244], [-51.99800859945977, -29.416548856445964], [-51.99787204158239, -29.416676564416196], [-51.99809965430193, -29.418463328528468], [-51.99842695050184, -29.41840519096005], [-51.99848671001424, -29.41894522149983], [-51.99871065834132, -29.41877269393795], [-51.99878534293062, -29.418861773078053], [-51.998665637062835, -29.41803800927889], [-51.998427137885606, -29.418086335706686], [-51.99792347357422, -29.414443364224], [-51.99752543121606, -29.413955666547455], [-51.99772070960552, -29.415488605562846]]]}}, {"id": "299", "type": "Feature", "properties": {"id": 1481, "codigo": "0060", "Area_m2": "395855,67"}, "geometry": {"type": "Polygon", "coordinates": [[[-51.9955708959991, -29.409427699155874], [-51.99543819233807, -29.409676299199848], [-51.995342729357404, -29.409751884276837], [-51.99530188469253, -29.40983829211039], [-51.99532493148127, -29.40989988928137], [-51.99532236336553, -29.409965421418214], [-51.99526409859513, -29.410019202932908], [-51.9950621822391, -29.410120256734423], [-51.99499019025812, -29.410102674904376], [-51.995207684938066, -29.41154121026331], [-51.9955623859904, -29.411982611511828], [-51.99596751615396, -29.41201728812999], [-51.9955708959991, -29.409427699155874]], [[-51.99511359960672, -29.41035249265611], [-51.995113511697355, -29.41034346860753], [-51.995123818059405, -29.410343391635443], [-51.99511359960672, -29.41035249265611]]]}}, {"id": "300", "type": "Feature", "properties": {"id": 1481, "codigo": "0060", "Area_m2": "395855,67"}, "geometry": {"type": "Polygon", "coordinates": [[[-51.99578765477584, -29.415377198890617], [-51.996290069407266, -29.415785595165108], [-51.996632787159065, -29.41636076347312], [-51.99622134137412, -29.413674482832203], [-51.99564111426834, -29.413714765836424], [-51.9955261295278, -29.413647440182803], [-51.99578765477584, -29.415377198890617]]]}}, {"id": "301", "type": "Feature", "properties": {"id": 1481, "codigo": "0060", "Area_m2": "395855,67"}, "geometry": {"type": "Polygon", "coordinates": [[[-51.99666049811738, -29.420122072609086], [-51.99677089338883, -29.419710497166967], [-51.99677339410902, -29.41952473842521], [-51.99651640780999, -29.42013653479534], [-51.99666049811738, -29.420122072609086]]]}}, {"id": "302", "type": "Feature", "properties": {"id": 1481, "codigo": "0060", "Area_m2": "395855,67"}, "geometry": {"type": "Polygon", "coordinates": [[[-51.996821046627154, -29.419524915665743], [-51.99681511214453, -29.419715710169143], [-51.996708117132044, -29.420117292976546], [-51.99719370064295, -29.420068554070898], [-51.9967119100992, -29.416877347747754], [-51.99670304761883, -29.416910593120647], [-51.99631358182145, -29.417139123639558], [-51.99665018862967, -29.417831507321342], [-51.99677451993072, -29.419522058229305], [-51.996821046627154, -29.419524915665743]]]}}, {"id": "303", "type": "Feature", "properties": {"id": 1481, "codigo": "0060", "Area_m2": "395855,67"}, "geometry": {"type": "Polygon", "coordinates": [[[-52.000812399017455, -29.40840786977706], [-52.00082518805515, -29.408396477955172], [-52.00084597716788, -29.408414371206796], [-52.00081343357492, -29.408414615639746], [-52.00143404338554, -29.412461320350264], [-52.001651146564676, -29.41169331046622], [-52.00248156598965, -29.413338583654184], [-52.002480470855076, -29.414277159655402], [-52.00303145133121, -29.41370445737324], [-52.003339595989125, -29.413621829933636], [-52.002479077606615, -29.407959884621793], [-52.002428784854445, -29.40796026301208], [-52.00244921995422, -29.407942059883727], [-52.00247670256813, -29.407944257601816], [-52.00243277793592, -29.407655247081546], [-52.00234344877526, -29.407658747314766], [-52.002257368788676, -29.407631218968657], [-52.001988827591454, -29.40759191409086], [-52.00191167814804, -29.407600007710176], [-52.001832236237085, -29.40759309149416], [-52.00177598508246, -29.40754467633681], [-52.00143247511745, -29.4075172144329], [-52.001112930233425, -29.407455740158174], [-52.00094486133195, -29.407451367631523], [-52.00083727586484, -29.407418364785002], [-52.00077292334825, -29.407418848112922], [-52.00070400476213, -29.407391189862032], [-52.000659123533225, -29.40740843242775], [-52.000812399017455, -29.40840786977706]], [[-52.00089741950124, -29.408404960109298], [-52.0008665010561, -29.408405192348948], [-52.000886936528275, -29.40838698945268], [-52.00089741950124, -29.408404960109298]], [[-52.00091794338274, -29.408395781243666], [-52.000917854967724, -29.408386757208433], [-52.00092816111412, -29.408386679792095], [-52.00091794338274, -29.408395781243666]], [[-52.00093846726046, -29.408386602374947], [-52.00093837884368, -29.408377578339746], [-52.000948684989076, -29.408377500921844], [-52.00093846726046, -29.408386602374947]], [[-52.00097960342506, -29.408377268663326], [-52.00097951500466, -29.408368244628235], [-52.000989821148984, -29.40836816720716], [-52.00097960342506, -29.408377268663326]], [[-52.00102073958177, -29.408367934939157], [-52.001020651157766, -29.408358910904166], [-52.001030957301026, -29.408358833479937], [-52.00102073958177, -29.408367934939157]], [[-52.00108239958732, -29.408349422312003], [-52.00108231115793, -29.408340398277165], [-52.00109261729914, -29.408340320848207], [-52.00108239958732, -29.408349422312003]], [[-52.0011029234403, -29.40834024341845], [-52.001102835009156, -29.408331219383683], [-52.00111314114935, -29.40833114195315], [-52.0011029234403, -29.40834024341845]], [[-52.00112344728953, -29.408331064521832], [-52.00112335885659, -29.408322040487075], [-52.001143971134994, -29.408321885622115], [-52.00112344728953, -29.408331064521832]], [[-52.00114388270026, -29.408312861587397], [-52.0011541888385, -29.408312784153747], [-52.00115427727413, -29.408321808188422], [-52.00114388270026, -29.408312861587397]], [[-52.001164583413235, -29.40832173075395], [-52.00116449497669, -29.408312706719308], [-52.001174801114836, -29.40831262928407], [-52.001164583413235, -29.40832173075395]], [[-52.0013082502123, -29.40825747834758], [-52.0013081617633, -29.40824845431323], [-52.00131846789451, -29.408248376867032], [-52.0013082502123, -29.40825747834758]], [[-52.00149296439743, -29.408174867888587], [-52.00149287593241, -29.408165843854633], [-52.00150318205471, -29.408165766394337], [-52.00149296439743, -29.408174867888587]], [[-52.00168798439221, -29.408092179705204], [-52.00168789591027, -29.4080831556717], [-52.00169820202361, -29.408083078196512], [-52.00168798439221, -29.408092179705204]], [[-52.00169811354081, -29.40807405416299], [-52.00170841965319, -29.408073976687078], [-52.00170850813692, -29.40808300072055], [-52.00169811354081, -29.40807405416299]], [[-52.00171881425019, -29.408082923243754], [-52.001718725765556, -29.408073899210322], [-52.001729031877865, -29.40807382173279], [-52.00171881425019, -29.408082923243754]], [[-52.00174964410236, -29.408073666775323], [-52.00174955561504, -29.408064642741948], [-52.00177016783756, -29.40806448778135], [-52.00174964410236, -29.408073666775323]], [[-52.001780473948756, -29.40806441029986], [-52.00178038545875, -29.40805538626656], [-52.001800997679204, -29.40805523130123], [-52.001780473948756, -29.40806441029986]], [[-52.00180090918742, -29.408046207267983], [-52.00181121529667, -29.40804612978416], [-52.00181130378939, -29.408055153817376], [-52.00180090918742, -29.408046207267983]], [[-52.0018216098995, -29.408055076332737], [-52.001821521405894, -29.408046052299532], [-52.00183182751508, -29.408045974814122], [-52.0018216098995, -29.408055076332737]], [[-52.00185243973331, -29.408045819840876], [-52.00185235123701, -29.408036795807742], [-52.00186265734516, -29.408036718319977], [-52.00185243973331, -29.408045819840876]], [[-52.00190379327653, -29.408027384327866], [-52.001903704775756, -29.40801836029487], [-52.00192431698797, -29.408018205310665], [-52.00190379327653, -29.408027384327866]], [[-52.001955235305985, -29.40801797282837], [-52.00195514680071, -29.40800894879548], [-52.00197575901069, -29.408008793803354], [-52.001955235305985, -29.40801797282837]], [[-52.0020374186147, -29.407990280742506], [-52.00203759563967, -29.408008328807856], [-52.00199637122051, -29.40800863880804], [-52.0020374186147, -29.407990280742506]], [[-52.002099343749244, -29.407998839751166], [-52.002047813230945, -29.407999227273162], [-52.002068248408015, -29.40798102420155], [-52.002099343749244, -29.407998839751166]], [[-52.00216091479979, -29.407971302601403], [-52.002161091846475, -29.4079893506661], [-52.00211986743652, -29.407989660704324], [-52.00216091479979, -29.407971302601403]], [[-52.00232590094189, -29.407979086353855], [-52.00217130942459, -29.407980249122243], [-52.00219174457536, -29.40796204603226], [-52.00232590094189, -29.407979086353855]], [[-52.00240826120224, -29.40796944210573], [-52.00234642460379, -29.40796990727267], [-52.002366859720524, -29.40795170415659], [-52.00240826120224, -29.40796944210573]]]}}, {"id": "304", "type": "Feature", "properties": {"id": 1481, "codigo": "0060", "Area_m2": "395855,67"}, "geometry": {"type": "Polygon", "coordinates": [[[-52.00219613136784, -29.417430537683103], [-52.00251517390707, -29.419510723690095], [-52.00296198748847, -29.419473171124146], [-52.003653305119606, -29.41939310467982], [-52.003511123558255, -29.419065737758213], [-52.00349829221312, -29.41888283020196], [-52.003557035587114, -29.418556115027258], [-52.00364835701076, -29.418218763677256], [-52.00348122400247, -29.417518512839376], [-52.00329844533935, -29.417799654657657], [-52.00294862470133, -29.4178654614818], [-52.002342664241105, -29.41703975094109], [-52.00219613136784, -29.417430537683103]]]}}, {"id": "305", "type": "Feature", "properties": {"id": 1481, "codigo": "0060", "Area_m2": "395855,67"}, "geometry": {"type": "Polygon", "coordinates": [[[-51.99971157910374, -29.407255881803678], [-51.9995866681379, -29.407206102393292], [-51.99923003371227, -29.40715242558988], [-51.99912061624386, -29.407151367639067], [-51.99903494167085, -29.40716515871718], [-51.99884595421698, -29.407144034837188], [-51.998842343575966, -29.407213562230098], [-51.998881648776766, -29.407297941790855], [-51.99896504077028, -29.407342075112606], [-51.999139866959, -29.407395795195484], [-51.99920119953293, -29.407436604727824], [-51.99929311213225, -29.40797479077512], [-51.999306123389985, -29.40799274260279], [-51.99929610979338, -29.407992817699032], [-52.000059304263246, -29.412582412061447], [-52.00034106962471, -29.414424999732898], [-52.00039877457902, -29.41431988075552], [-52.000787955035015, -29.414064266585516], [-52.00082096177995, -29.41387583825164], [-51.99994489168576, -29.408348938690885], [-51.99991771694234, -29.40834914261644], [-51.99991754028936, -29.408331094540326], [-51.999943217340075, -29.408338375311104], [-51.99977342611859, -29.407267169304887], [-51.99971157910374, -29.407255881803678]], [[-51.99931651777388, -29.408001689352204], [-51.999316429501725, -29.407992665312012], [-51.99932673561341, -29.407992588020463], [-51.99931651777388, -29.408001689352204]], [[-51.999399231512136, -29.408028143116994], [-51.999388925397085, -29.408028220414245], [-51.99938883711844, -29.408019196374298], [-51.999399231512136, -29.408028143116994]], [[-51.99935791877577, -29.40801942826119], [-51.999357830499896, -29.40801040422113], [-51.99938874883983, -29.408010172334333], [-51.99938883711844, -29.408019196374298], [-51.99935791877577, -29.40801942826119]], [[-51.99933721827307, -29.40801055880834], [-51.99933712999905, -29.40800153476822], [-51.999357742224056, -29.408001380181076], [-51.99933721827307, -29.40801055880834]], [[-51.99944063253847, -29.408045881999612], [-51.999440544255194, -29.40803685795982], [-51.99947146260234, -29.40803662605365], [-51.99944063253847, -29.408045881999612]], [[-51.99948194529186, -29.408054596829324], [-51.999481857004895, -29.408045572789675], [-51.99949216312141, -29.4080454954852], [-51.99948194529186, -29.408054596829324]], [[-51.99953374075332, -29.408081282417314], [-51.99952343463334, -29.408081359725095], [-51.99952334634261, -29.40807233568557], [-51.99953374075332, -29.408081282417314]], [[-51.99952334634261, -29.40807233568557], [-51.999512951933724, -29.40806338895296], [-51.99952325805194, -29.40806331164606], [-51.99952334634261, -29.40807233568557]], [[-51.999502645815475, -29.408063466259105], [-51.999502557526654, -29.408054442219527], [-51.99951286364399, -29.408054364913433], [-51.999502645815475, -29.408063466259105]], [[-51.99956563035368, -29.408180314921726], [-51.999586419206686, -29.40819820837672], [-51.999555412517736, -29.408189416271473], [-51.99956563035368, -29.408180314921726]], [[-51.999544841507955, -29.408162421463253], [-51.999544311751144, -29.408108277227022], [-51.99956501229091, -29.408117146646667], [-51.999544841507955, -29.408162421463253]], [[-51.99953400562846, -29.40810835453568], [-51.999533917336706, -29.408099330496245], [-51.99954422345848, -29.408099253187597], [-51.99953400562846, -29.40810835453568]], [[-51.99964852090228, -29.408224816604136], [-51.99964843259999, -29.40821579256518], [-51.999658738733146, -29.408215715247415], [-51.99964852090228, -29.408224816604136]], [[-51.999669221474505, -29.408233686006657], [-51.99966913317036, -29.408224661967754], [-51.99967943930434, -29.40822458464838], [-51.999669221474505, -29.408233686006657]], [[-51.99968992205026, -29.408242555405867], [-51.99968983374426, -29.40823353136702], [-51.999700139879074, -29.40823345404602], [-51.99968992205026, -29.408242555405867]], [[-51.99971062262954, -29.408251424801747], [-51.99971053432168, -29.408242400763005], [-51.999720840457314, -29.408242323440355], [-51.99971062262954, -29.408251424801747]], [[-51.99979333666651, -29.408277878313683], [-51.99978303052752, -29.408277955642006], [-51.99978294221315, -29.40826893160349], [-51.99979333666651, -29.408277878313683]], [[-51.99976232993686, -29.408269086257683], [-51.99976224162437, -29.408260062219078], [-51.999782853898836, -29.408259907564958], [-51.99978294221315, -29.40826893160349], [-51.99976232993686, -29.408269086257683]], [[-51.99973132321233, -29.408260294194328], [-51.99973114659291, -29.40824224611693], [-51.999762153311906, -29.40825103818048], [-51.99973132321233, -29.408260294194328]], [[-51.999855526782994, -29.408313510480184], [-51.999845220640594, -29.408313587813403], [-51.99984513232061, -29.40830456377511], [-51.999855526782994, -29.408313510480184]], [[-51.99984513232061, -29.40830456377511], [-51.99983473786005, -29.408295617069157], [-51.99984504400068, -29.408295539736773], [-51.99984513232061, -29.40830456377511]], [[-51.999865921247185, -29.408322457184422], [-51.99986583292535, -29.40831343314618], [-51.99987613906767, -29.408313355811373], [-51.999865921247185, -29.408322457184422]], [[-51.99990732247093, -29.40834019591649], [-51.99989701632601, -29.408340273253778], [-51.99989692800136, -29.40833124921564], [-51.99990732247093, -29.40834019591649]], [[-51.99989692800136, -29.40833124921564], [-51.99988653353361, -29.408322302513945], [-51.99989683967676, -29.408322225177518], [-51.99989692800136, -29.40833124921564]]]}}, {"id": "307", "type": "Feature", "properties": {"id": 1481, "codigo": "0060", "Area_m2": "395855,67"}, "geometry": {"type": "Polygon", "coordinates": [[[-52.00086257199257, -29.417835333049332], [-52.00113724950226, -29.4196447424614], [-52.00171791569528, -29.419588267852838], [-52.001386345819476, -29.417442390412155], [-52.00086257199257, -29.417835333049332]]]}}, {"id": "308", "type": "Feature", "properties": {"id": 616, "codigo": "0069", "Area_m2": null}, "geometry": {"type": "Polygon", "coordinates": [[[-52.05038405261905, -29.42515879442175], [-52.05035691022568, -29.425134938363275], [-52.049923338118845, -29.425075184358104], [-52.04987220044933, -29.424980723821047], [-52.04990815346689, -29.425246771548103], [-52.049935409138754, -29.42524655671207], [-52.049925287063935, -29.425264685708036], [-52.049908640043554, -29.42525037215311], [-52.0499317167487, -29.425421136816826], [-52.05000737733454, -29.42522794020272], [-52.05029636392228, -29.425261760254504], [-52.05041260529875, -29.42537003037903], [-52.05038405261905, -29.42515879442175]]]}}, {"id": "309", "type": "Feature", "properties": {"id": 618, "codigo": "0071", "Area_m2": null}, "geometry": {"type": "Polygon", "coordinates": [[[-52.045285480411884, -29.421698628525604], [-52.04488512594151, -29.42174734972543], [-52.0449525115004, -29.42224847381132], [-52.045049168604756, -29.422225637906], [-52.04532993259615, -29.422029511896362], [-52.045285480411884, -29.421698628525604]]]}}, {"id": "310", "type": "Feature", "properties": {"id": 624, "codigo": "0077", "Area_m2": "149067,9"}, "geometry": {"type": "Polygon", "coordinates": [[[-52.02433592791389, -29.41832379674501], [-52.024281975766066, -29.41850634199152], [-52.02480997513161, -29.41770811197675], [-52.025118571367685, -29.41867137544555], [-52.02484997148438, -29.41733302478475], [-52.02433592791389, -29.41832379674501]]]}}, {"id": "313", "type": "Feature", "properties": {"id": 617, "codigo": "0070", "Area_m2": "184592,27"}, "geometry": {"type": "Polygon", "coordinates": [[[-52.04917528449763, -29.425099804397682], [-52.04894290371839, -29.424965588885016], [-52.04888867668357, -29.424704302292056], [-52.04896796971411, -29.425398572615663], [-52.049213021743086, -29.42535203013301], [-52.04917528449763, -29.425099804397682]]]}}, {"id": "314", "type": "Feature", "properties": {"id": 617, "codigo": "0070", "Area_m2": "184592,27"}, "geometry": {"type": "Polygon", "coordinates": [[[-52.04905287512838, -29.42428165265422], [-52.04901878154377, -29.424324244211228], [-52.04901700167467, -29.424151025751218], [-52.04883830564404, -29.424174451305646], [-52.04888802768929, -29.42464113514968], [-52.049077739965846, -29.42444784263012], [-52.04905287512838, -29.42428165265422]]]}}, {"id": "315", "type": "Feature", "properties": {"id": 617, "codigo": "0070", "Area_m2": "184592,27"}, "geometry": {"type": "Polygon", "coordinates": [[[-52.04705030908952, -29.42215892122017], [-52.04688073502052, -29.42107011881215], [-52.046250001358025, -29.42070910149332], [-52.04651463653221, -29.4224969861474], [-52.04705030908952, -29.42215892122017]]]}}, {"id": "316", "type": "Feature", "properties": {"id": 617, "codigo": "0070", "Area_m2": "184592,27"}, "geometry": {"type": "Polygon", "coordinates": [[[-52.046503131549684, -29.418508117932806], [-52.0462854088999, -29.41703434636913], [-52.04598039484399, -29.417534552173493], [-52.045821904262795, -29.417691628959968], [-52.046013543544596, -29.419038973503586], [-52.046503131549684, -29.418508117932806]]]}}, {"id": "317", "type": "Feature", "properties": {"id": 617, "codigo": "0070", "Area_m2": "184592,27"}, "geometry": {"type": "Polygon", "coordinates": [[[-52.04618595845623, -29.416359542473945], [-52.045999901037845, -29.415097292344637], [-52.045758689494576, -29.415009398175783], [-52.045692427065866, -29.414929994458813], [-52.04543207373412, -29.414958476307085], [-52.045606948483325, -29.416185417778802], [-52.04618595845623, -29.416359542473945]]]}}, {"id": "318", "type": "Feature", "properties": {"id": 617, "codigo": "0070", "Area_m2": "184592,27"}, "geometry": {"type": "Polygon", "coordinates": [[[-52.04887612749342, -29.425489541918644], [-52.04874798511162, -29.4250573697736], [-52.048722809556544, -29.42561709361813], [-52.04877462633121, -29.425643759457273], [-52.04887612749342, -29.425489541918644]]]}}, {"id": "319", "type": "Feature", "properties": {"id": 2362, "codigo": "0451", "Area_m2": "166294,59"}, "geometry": {"type": "Polygon", "coordinates": [[[-52.00888202902758, -29.412434780822238], [-52.00850762303525, -29.41243572103789], [-52.008623845639654, -29.413161328406108], [-52.00890001052435, -29.413028419941057], [-52.008977963901636, -29.41303798247528], [-52.00888202902758, -29.412434780822238]]]}}, {"id": "320", "type": "Feature", "properties": {"id": 2362, "codigo": "0451", "Area_m2": "166294,59"}, "geometry": {"type": "Polygon", "coordinates": [[[-52.02481235652738, -29.415182357473523], [-52.02490480829402, -29.414782294802713], [-52.0249758127361, -29.41452928886298], [-52.02492115316919, -29.41458261685877], [-52.02479792067096, -29.414657127759135], [-52.02456355327537, -29.415025813887507], [-52.024458570152255, -29.415225127618218], [-52.02481235652738, -29.415182357473523]]]}}, {"id": "321", "type": "Feature", "properties": {"id": 2362, "codigo": "0451", "Area_m2": "166294,59"}, "geometry": {"type": "Polygon", "coordinates": [[[-52.0244621912014, -29.416453404831053], [-52.02459812886247, -29.41602940618983], [-52.02478027434898, -29.415320560279945], [-52.02442994807081, -29.415362911980917], [-52.02434653271901, -29.415724693374887], [-52.024179908693995, -29.416263631694694], [-52.02409418706634, -29.41638930053977], [-52.024196694018364, -29.41646735291958], [-52.02435055080445, -29.41673976786556], [-52.0244621912014, -29.416453404831053]]]}}, {"id": "322", "type": "Feature", "properties": {"id": 2362, "codigo": "0451", "Area_m2": "166294,59"}, "geometry": {"type": "Polygon", "coordinates": [[[-52.02420629668583, -29.417054778326094], [-52.02433107097942, -29.416766886829006], [-52.02418031176747, -29.416498439563316], [-52.02406828791471, -29.416413190875435], [-52.024064453323824, -29.416393348691585], [-52.02415709551371, -29.416276412256664], [-52.02432353108429, -29.415738083765042], [-52.02440944898132, -29.41536544895247], [-52.02369057914203, -29.415444413552425], [-52.02374743670072, -29.415568413306183], [-52.02362493093404, -29.415686675143167], [-52.02373803447439, -29.415658732121738], [-52.02407084731092, -29.41698279867651], [-52.02420629668583, -29.417054778326094]]]}}, {"id": "323", "type": "Feature", "properties": {"id": 2362, "codigo": "0451", "Area_m2": "166294,59"}, "geometry": {"type": "Polygon", "coordinates": [[[-52.01220651057131, -29.41346051870388], [-52.011650170236344, -29.41283609768411], [-52.011504478169456, -29.411654970875762], [-52.01181808797699, -29.410989932220986], [-52.011419319463585, -29.408453539865384], [-52.01141100986411, -29.408460942974408], [-52.01141905492087, -29.408451857224716], [-52.01139199825563, -29.408279761593874], [-52.010817593100256, -29.408393084725255], [-52.01085069500962, -29.408607892914308], [-52.01086621412061, -29.408609472038687], [-52.01085095618816, -29.408609587779925], [-52.011738378580795, -29.41436833707157], [-52.01190313499298, -29.41444056914852], [-52.012371928070564, -29.414512667172175], [-52.01220651057131, -29.41346051870388]], [[-52.01103102300386, -29.40859919695603], [-52.01088673709892, -29.408600291658107], [-52.01090717077543, -29.408582087267202], [-52.01103102300386, -29.40859919695603]], [[-52.01105154596453, -29.408590016550463], [-52.01105145665374, -29.408580992543612], [-52.0110617627876, -29.408580914343084], [-52.01105154596453, -29.408590016550463]], [[-52.01124602260141, -29.40845317050813], [-52.01124593327396, -29.40844414650166], [-52.01140052506122, -29.40844297318955], [-52.01124602260141, -29.40845317050813]]]}}, {"id": "324", "type": "Feature", "properties": {"id": 2362, "codigo": "0451", "Area_m2": "166294,59"}, "geometry": {"type": "Polygon", "coordinates": [[[-52.018455530073744, -29.41459432202852], [-52.018703112691156, -29.414567777348843], [-52.01780705931484, -29.408160713730094], [-52.01657356084824, -29.408292956069054], [-52.01685119870813, -29.408275143852112], [-52.01685128853006, -29.408284167843124], [-52.0165570433973, -29.40829472689116], [-52.0163293251954, -29.40831914036914], [-52.01720620200573, -29.414589504149237], [-52.01781535517298, -29.41504531032545], [-52.018372370298835, -29.41508617715043], [-52.01851279449321, -29.41500374383484], [-52.018455530073744, -29.41459432202852]], [[-52.016861594615435, -29.40828408919478], [-52.0168615047926, -29.408275065203803], [-52.01688211696142, -29.408274907904776], [-52.016861594615435, -29.40828408919478]], [[-52.01688202713681, -29.40826588391384], [-52.01689233322024, -29.408265805263163], [-52.016892423045775, -29.408274829254072], [-52.01688202713681, -29.40826588391384]]]}}, {"id": "325", "type": "Feature", "properties": {"id": 2362, "codigo": "0451", "Area_m2": "166294,59"}, "geometry": {"type": "Polygon", "coordinates": [[[-52.024997782266304, -29.41449779454075], [-52.02505809624723, -29.41431337122503], [-52.0246433894494, -29.41446051759278], [-52.02423836193399, -29.41518560448912], [-52.02390240129005, -29.415286530573983], [-52.0244381495673, -29.41522759621495], [-52.02454938884079, -29.415018577916953], [-52.024791747861194, -29.41464814345363], [-52.02491789242425, -29.414573848137326], [-52.024997782266304, -29.41449779454075]]]}}, {"id": "326", "type": "Feature", "properties": {"id": 2362, "codigo": "0451", "Area_m2": "166294,59"}, "geometry": {"type": "Polygon", "coordinates": [[[-52.02439503599629, -29.413061227426397], [-52.02512255417519, -29.413382003538473], [-52.025339783948496, -29.41298414093414], [-52.025525845155336, -29.413036856879824], [-52.0253112196094, -29.41321900185512], [-52.02560953607766, -29.4132087881275], [-52.025694987480954, -29.413077502748855], [-52.02558804682117, -29.41307247672268], [-52.02563903582809, -29.413017936277353], [-52.025708908003594, -29.413056115609322], [-52.02606061817614, -29.412599858105875], [-52.025901295524605, -29.412447363744125], [-52.02576305200869, -29.412024269185956], [-52.0263055754729, -29.411650080371995], [-52.026497627702796, -29.41188390553336], [-52.026343749184825, -29.4104091815156], [-52.02492971368314, -29.409640504086333], [-52.02519488003722, -29.411922984961866], [-52.02426519761808, -29.412060048156818], [-52.024262678884554, -29.412040626053994], [-52.023764190945855, -29.41214389076266], [-52.02365019291952, -29.411412803310764], [-52.022732189870496, -29.411631100395354], [-52.022797282892334, -29.41204389940271], [-52.022867303886414, -29.412082629905132], [-52.02295219560766, -29.41232564405033], [-52.02312514588526, -29.412098699530944], [-52.02343424895086, -29.412087300931702], [-52.023906270945325, -29.412904918496494], [-52.02440054864448, -29.41310373478988], [-52.02439503599629, -29.413061227426397]]]}}, {"id": "327", "type": "Feature", "properties": {"id": 2362, "codigo": "0451", "Area_m2": "166294,59"}, "geometry": {"type": "Polygon", "coordinates": [[[-52.02321749565456, -29.40863293451564], [-52.022973209190624, -29.408415859211036], [-52.02252438501822, -29.407285893940767], [-52.02237287215263, -29.407199224362195], [-52.022023715573496, -29.407135319417456], [-52.022556806150696, -29.41051819221473], [-52.02350056648496, -29.410451526478067], [-52.02321749565456, -29.40863293451564]]]}}, {"id": "328", "type": "Feature", "properties": {"id": 2362, "codigo": "0451", "Area_m2": "166294,59"}, "geometry": {"type": "Polygon", "coordinates": [[[-52.026125318310704, -29.412174898892566], [-52.02623705726538, -29.412011594453887], [-52.02607124786131, -29.411922624878343], [-52.02599042804857, -29.41208569109567], [-52.026125318310704, -29.412174898892566]]]}}, {"id": "329", "type": "Feature", "properties": {"id": 2332, "codigo": "0068", "Area_m2": "418048,07"}, "geometry": {"type": "Polygon", "coordinates": [[[-52.045055462678604, -29.414981892369305], [-52.04474328586052, -29.415077781982543], [-52.04464468619035, -29.4150889559614], [-52.044464897389446, -29.415088334108212], [-52.044505921856214, -29.415365201302894], [-52.04438224206624, -29.415366242546607], [-52.04441057246537, -29.4155583091953], [-52.04519222873739, -29.416060699807232], [-52.04560710011213, -29.416185463377868], [-52.04543314988852, -29.414966020755717], [-52.045055462678604, -29.414981892369305]]]}}, {"id": "330", "type": "Feature", "properties": {"id": 2332, "codigo": "0068", "Area_m2": "418048,07"}, "geometry": {"type": "Polygon", "coordinates": [[[-52.044865113924324, -29.41863988437402], [-52.04532994963306, -29.42202949999533], [-52.045663268889825, -29.421796661818863], [-52.04570579221201, -29.421922672640104], [-52.04589086263557, -29.421876096619695], [-52.04633135501894, -29.42261265578663], [-52.04651463653221, -29.4224969861474], [-52.04625000097392, -29.42070910127348], [-52.046156679341834, -29.420655686135817], [-52.0458125661339, -29.420270329532862], [-52.04556510090189, -29.420263247431937], [-52.04531467951073, -29.419967400262863], [-52.045374120535115, -29.419732293730277], [-52.0460135429641, -29.419038974133013], [-52.04582194485871, -29.417691588726193], [-52.044865113924324, -29.41863988437402]], [[-52.04641977505084, -29.422187804360828], [-52.04641996002278, -29.42220585213678], [-52.046254671826986, -29.4221710519911], [-52.04641977505084, -29.422187804360828]]]}}, {"id": "332", "type": "Feature", "properties": {"id": 2332, "codigo": "0068", "Area_m2": "418048,07"}, "geometry": {"type": "Polygon", "coordinates": [[[-52.05253505349781, -29.422347904858356], [-52.052384017008194, -29.42258991840871], [-52.05193548966729, -29.423050205886216], [-52.05190112576933, -29.42310016192788], [-52.05192297771816, -29.42328745022584], [-52.05253502807009, -29.422428413213495], [-52.05254870783815, -29.422392548965703], [-52.05253505349781, -29.422347904858356]]]}}, {"id": "333", "type": "Feature", "properties": {"id": 2332, "codigo": "0068", "Area_m2": "418048,07"}, "geometry": {"type": "Polygon", "coordinates": [[[-52.051964558229585, -29.42364382774036], [-52.052142013560356, -29.424174562583374], [-52.05245159611495, -29.425007088812585], [-52.05250850193586, -29.42520373876061], [-52.05251186498819, -29.42518110021721], [-52.05194524588726, -29.423478305857138], [-52.051964558229585, -29.42364382774036]]]}}, {"id": "334", "type": "Feature", "properties": {"id": 2332, "codigo": "0068", "Area_m2": "418048,07"}, "geometry": {"type": "Polygon", "coordinates": [[[-52.05235252235606, -29.42591873812506], [-52.05243776755205, -29.42596619090668], [-52.052472218838055, -29.42618976571029], [-52.052803014894906, -29.426424194142932], [-52.05258357362948, -29.426137141250788], [-52.052705684917896, -29.425982758022926], [-52.05240582972606, -29.425894881522325], [-52.052410675042836, -29.425862265046817], [-52.05235252235606, -29.42591873812506]]]}}, {"id": "335", "type": "Feature", "properties": {"id": 2332, "codigo": "0068", "Area_m2": "418048,07"}, "geometry": {"type": "Polygon", "coordinates": [[[-52.052920683902244, -29.420844714250958], [-52.05329584231827, -29.420222049941795], [-52.05335416576766, -29.420049788786038], [-52.05274867153113, -29.421154255578667], [-52.052701849316406, -29.42132750796251], [-52.052920683902244, -29.420844714250958]]]}}, {"id": "336", "type": "Feature", "properties": {"id": 615, "codigo": "0067", "Area_m2": null}, "geometry": {"type": "Polygon", "coordinates": [[[-52.03690269206993, -29.408948297550136], [-52.03670664744532, -29.409029025725758], [-52.03643525128523, -29.40928912602709], [-52.03630135770665, -29.409799699409955], [-52.03616813958528, -29.409967188177703], [-52.03617557615998, -29.410018583071928], [-52.03621477734728, -29.410012120472707], [-52.03680378755688, -29.41016095748917], [-52.03711603308228, -29.410422646815125], [-52.03690269206993, -29.408948297550136]]]}}, {"id": "337", "type": "Feature", "properties": {"id": 615, "codigo": "0067", "Area_m2": null}, "geometry": {"type": "Polygon", "coordinates": [[[-52.04335538698796, -29.41543618693449], [-52.04353466070994, -29.4152434277867], [-52.04391600861368, -29.415240440273926], [-52.0444111997179, -29.415558712346677], [-52.04433751108887, -29.415057533923548], [-52.043320840406906, -29.415138516829213], [-52.04335538698796, -29.41543618693449]]]}}, {"id": "338", "type": "Feature", "properties": {"id": 615, "codigo": "0067", "Area_m2": null}, "geometry": {"type": "Polygon", "coordinates": [[[-52.044595586958195, -29.418907007059712], [-52.044907710473886, -29.418935630617497], [-52.044864339531856, -29.418640651858613], [-52.044595586958195, -29.418907007059712]]]}}, {"id": "339", "type": "Feature", "properties": {"id": 615, "codigo": "0067", "Area_m2": null}, "geometry": {"type": "Polygon", "coordinates": [[[-52.04354671465178, -29.41394505191109], [-52.0435097863086, -29.413817731250965], [-52.04285279076015, -29.412962889237274], [-52.04315597698453, -29.41505556819392], [-52.043320840406906, -29.415138516829213], [-52.0431559770876, -29.415055568193115], [-52.043697877351725, -29.414988382584152], [-52.04354671465178, -29.41394505191109]]]}}, {"id": "340", "type": "Feature", "properties": {"id": 615, "codigo": "0067", "Area_m2": null}, "geometry": {"type": "Polygon", "coordinates": [[[-52.04320247941872, -29.411569127310898], [-52.04266059673158, -29.411636310498455], [-52.04280392285787, -29.412625588850545], [-52.04350268254831, -29.41364114066724], [-52.04320247941872, -29.411569127310898]]]}}, {"id": "341", "type": "Feature", "properties": {"id": 2112, "codigo": "0450", "Area_m2": "207405,9"}, "geometry": {"type": "Polygon", "coordinates": [[[-52.029891531085745, -29.40370744630977], [-52.028960669973735, -29.40381464742441], [-52.029494074756805, -29.407365995985856], [-52.02960114966314, -29.40735237325347], [-52.0297326790692, -29.40816737503887], [-52.030406794095356, -29.407137005612604], [-52.029891531085745, -29.40370744630977]]]}}, {"id": "342", "type": "Feature", "properties": {"id": 2112, "codigo": "0450", "Area_m2": "207405,9"}, "geometry": {"type": "Polygon", "coordinates": [[[-52.02889085141834, -29.405269777828565], [-52.02715933577674, -29.40593078345469], [-52.02791974551193, -29.410738442684632], [-52.02800920872859, -29.41082583249199], [-52.02942838530231, -29.409606173999137], [-52.02938742807306, -29.40960478333743], [-52.02926075348999, -29.409307948233618], [-52.029265331590665, -29.408739359461027], [-52.02944793128135, -29.40844915980713], [-52.02928103405047, -29.40825190663743], [-52.02941136721955, -29.40822751298605], [-52.02889085141834, -29.405269777828565]]]}}, {"id": "343", "type": "Feature", "properties": {"id": 2112, "codigo": "0450", "Area_m2": "207405,9"}, "geometry": {"type": "Polygon", "coordinates": [[[-52.03284977932962, -29.40659993907561], [-52.03301476579488, -29.406457679753903], [-52.0330650717601, -29.406354519697604], [-52.03271604147418, -29.406492594968736], [-52.03271631512395, -29.406519666814386], [-52.03284977932962, -29.40659993907561]]]}}, {"id": "345", "type": "Feature", "properties": {"id": 623, "codigo": "0076", "Area_m2": null}, "geometry": {"type": "Polygon", "coordinates": [[[-52.025762492462555, -29.414391812811402], [-52.02561794731597, -29.414888010678013], [-52.025657703517105, -29.414876871737693], [-52.02606030026937, -29.414936944364612], [-52.02661063864793, -29.415338814235454], [-52.026722107957134, -29.41514843753905], [-52.0266402207651, -29.4131546199431], [-52.02655818635995, -29.413076101388867], [-52.02633780315313, -29.41336806354348], [-52.02612451092349, -29.413692957230058], [-52.02602116730445, -29.413872793980516], [-52.025762492462555, -29.414391812811402]]]}}, {"id": "346", "type": "Feature", "properties": {"id": 663, "codigo": "0118", "Area_m2": "171910,54"}, "geometry": {"type": "Polygon", "coordinates": [[[-52.032679285884655, -29.409682738241592], [-52.03237034239629, -29.409775227989332], [-52.03164423419879, -29.410444631013203], [-52.03188719414945, -29.412058284339988], [-52.0328102752157, -29.41275497259476], [-52.03315732645499, -29.413438155003266], [-52.03371031838227, -29.413081904544278], [-52.03384865586514, -29.413085488435048], [-52.03334729681801, -29.409638400994183], [-52.032679285884655, -29.409682738241592]], [[-52.03308070816223, -29.412996541453257], [-52.03307058419793, -29.41301466924498], [-52.033018869111224, -29.412997020926927], [-52.03308070816223, -29.412996541453257]]]}}]}