{"type":"FeatureCollection","features":[{"type":"Feature","properties":{"nome":"Ponte do Rio Jacuí","detalhe":"via: motorway","osm_id":"way/5137075"},"geometry":{"type":"Point","coordinates":[-51.2705991,-29.9916255]}},{"type":"Feature","properties":{"nome":null,"detalhe":"via: primary_link","osm_id":"way/27026341"},"geometry":{"type":"Point","coordinates":[-51.2196255,-30.0222618]}},{"type":"Feature","properties":{"nome":"Rua Voluntários da Pátria","detalhe":"via: secondary","osm_id":"way/27100734"},"geometry":{"type":"Point","coordinates":[-51.2058578,-29.9982201]}},{"type":"Feature","properties":{"nome":"Elevada da Conceição","detalhe":"via: primary","osm_id":"way/27101636"},"geometry":{"type":"Point","coordinates":[-51.2192087,-30.0226366]}},{"type":"Feature","properties":{"nome":null,"detalhe":"via: primary_link","osm_id":"way/27101681"},"geometry":{"type":"Point","coordinates":[-51.2183327,-30.0213259]}},{"type":"Feature","properties":{"nome":"Avenida Fernando Ferrari","detalhe":"via: residential","osm_id":"way/29083910"},"geometry":{"type":"Point","coordinates":[-51.161276,-29.9738259]}},{"type":"Feature","properties":{"nome":"Ponte do Rio Jacuí","detalhe":"via: motorway","osm_id":"way/29207737"},"geometry":{"type":"Point","coordinates":[-51.2707089,-29.9913514]}},{"type":"Feature","properties":{"nome":"Travessia Régis Bitencourt","detalhe":"via: motorway","osm_id":"way/29208284"},"geometry":{"type":"Point","coordinates":[-51.2370698,-29.9884658]}},{"type":"Feature","properties":{"nome":"Travessia Régis Bitencourt","detalhe":"via: motorway","osm_id":"way/29208296"},"geometry":{"type":"Point","coordinates":[-51.2369443,-29.9882055]}},{"type":"Feature","properties":{"nome":"Travessia Régis Bitencourt","detalhe":"via: motorway","osm_id":"way/29208310"},"geometry":{"type":"Point","coordinates":[-51.2228813,-29.9927617]}},{"type":"Feature","properties":{"nome":"Travessia Régis Bitencourt","detalhe":"via: motorway","osm_id":"way/29208315"},"geometry":{"type":"Point","coordinates":[-51.2229756,-29.9930347]}},{"type":"Feature","properties":{"nome":"Ponte do Guaíba","detalhe":"via: motorway","osm_id":"way/29208969"},"geometry":{"type":"Point","coordinates":[-51.211323,-29.9966268]}},{"type":"Feature","properties":{"nome":null,"detalhe":"via: motorway_link","osm_id":"way/29209011"},"geometry":{"type":"Point","coordinates":[-51.2063714,-29.9963398]}},{"type":"Feature","properties":{"nome":null,"detalhe":"via: motorway_link","osm_id":"way/29209094"},"geometry":{"type":"Point","coordinates":[-51.2072225,-29.9983891]}},{"type":"Feature","properties":{"nome":null,"detalhe":"via: motorway_link","osm_id":"way/29209307"},"geometry":{"type":"Point","coordinates":[-51.2042246,-29.998951]}},{"type":"Feature","properties":{"nome":"Rua Voluntários da Pátria","detalhe":"via: secondary","osm_id":"way/29209338"},"geometry":{"type":"Point","coordinates":[-51.206018,-29.9981976]}},{"type":"Feature","properties":{"nome":"Avenida Presidente Castello Branco","detalhe":"via: motorway","osm_id":"way/29209529"},"geometry":{"type":"Point","coordinates":[-51.2066934,-29.998047]}},{"type":"Feature","properties":{"nome":"Avenida Presidente Castello Branco","detalhe":"via: motorway","osm_id":"way/29209536"},"geometry":{"type":"Point","coordinates":[-51.2064649,-29.9980806]}},{"type":"Feature","properties":{"nome":"Ponte Luís Carlos Prestes","detalhe":"via: motorway","osm_id":"way/29210837"},"geometry":{"type":"Point","coordinates":[-51.1762855,-29.9673366]}},{"type":"Feature","properties":{"nome":"Freeway","detalhe":"via: motorway","osm_id":"way/29210971"},"geometry":{"type":"Point","coordinates":[-51.176569,-29.9696276]}},{"type":"Feature","properties":{"nome":"Ponte Luís Carlos Prestes","detalhe":"via: motorway","osm_id":"way/29210981"},"geometry":{"type":"Point","coordinates":[-51.1764406,-29.9672909]}},{"type":"Feature","properties":{"nome":"Ponte Luís Carlos Prestes","detalhe":"via: motorway_link","osm_id":"way/29211028"},"geometry":{"type":"Point","coordinates":[-51.1765453,-29.967377]}},{"type":"Feature","properties":{"nome":"Freeway","detalhe":"via: motorway","osm_id":"way/29211197"},"geometry":{"type":"Point","coordinates":[-51.1771804,-29.9718541]}},{"type":"Feature","properties":{"nome":null,"detalhe":"via: motorway_link","osm_id":"way/29211237"},"geometry":{"type":"Point","coordinates":[-51.1780448,-29.9729518]}},{"type":"Feature","properties":{"nome":"Freeway","detalhe":"via: motorway","osm_id":"way/29211281"},"geometry":{"type":"Point","coordinates":[-51.1151337,-29.9684972]}},{"type":"Feature","properties":{"nome":"Freeway","detalhe":"via: motorway","osm_id":"way/29211287"},"geometry":{"type":"Point","coordinates":[-51.1151397,-29.9682922]}},{"type":"Feature","properties":{"nome":"Avenida Borges de Medeiros","detalhe":"via: secondary","osm_id":"way/29221871"},"geometry":{"type":"Point","coordinates":[-51.2284076,-30.0386962]}},{"type":"Feature","properties":{"nome":"Avenida Borges de Medeiros","detalhe":"via: secondary","osm_id":"way/29221873"},"geometry":{"type":"Point","coordinates":[-51.2282971,-30.0387071]}},{"type":"Feature","properties":{"nome":"Viaduto Tiradentes","detalhe":"via: secondary","osm_id":"way/29981640"},"geometry":{"type":"Point","coordinates":[-51.2040297,-30.0379396]}},{"type":"Feature","properties":{"nome":"Viaduto Tiradentes","detalhe":"via: secondary","osm_id":"way/29981689"},"geometry":{"type":"Point","coordinates":[-51.2040997,-30.037939]}},{"type":"Feature","properties":{"nome":"Viaduto Imperatriz Leopoldina","detalhe":"via: secondary","osm_id":"way/30048831"},"geometry":{"type":"Point","coordinates":[-51.2203288,-30.0358489]}},{"type":"Feature","properties":{"nome":null,"detalhe":"via: footway","osm_id":"way/30174482"},"geometry":{"type":"Point","coordinates":[-51.1243909,-30.0171746]}},{"type":"Feature","properties":{"nome":"Viaduto Leonel Brizola","detalhe":"via: secondary","osm_id":"way/32693539"},"geometry":{"type":"Point","coordinates":[-51.1897244,-29.9959586]}},{"type":"Feature","properties":{"nome":"Avenida Antônio de Carvalho","detalhe":"via: secondary","osm_id":"way/35774374"},"geometry":{"type":"Point","coordinates":[-51.1503203,-30.0642334]}},{"type":"Feature","properties":{"nome":null,"detalhe":"via: motorway_link","osm_id":"way/37006005"},"geometry":{"type":"Point","coordinates":[-51.1812812,-29.9714427]}},{"type":"Feature","properties":{"nome":"Elevada da Conceição","detalhe":"via: primary","osm_id":"way/38125768"},"geometry":{"type":"Point","coordinates":[-51.219568,-30.0271327]}},{"type":"Feature","properties":{"nome":"ERS-010A","detalhe":"via: primary","osm_id":"way/46767090"},"geometry":{"type":"Point","coordinates":[-51.11087,-29.9595297]}},{"type":"Feature","properties":{"nome":"ERS-010A","detalhe":"via: primary","osm_id":"way/46771500"},"geometry":{"type":"Point","coordinates":[-51.1109703,-29.9594747]}},{"type":"Feature","properties":{"nome":null,"detalhe":"via: motorway_link","osm_id":"way/51691425"},"geometry":{"type":"Point","coordinates":[-51.2065226,-29.998611]}},{"type":"Feature","properties":{"nome":null,"detalhe":"via: footway","osm_id":"way/51692168"},"geometry":{"type":"Point","coordinates":[-51.2040693,-29.9901782]}},{"type":"Feature","properties":{"nome":"Viaduto Augusto Severo","detalhe":"via: secondary","osm_id":"way/51780332"},"geometry":{"type":"Point","coordinates":[-51.1774405,-29.9363851]}},{"type":"Feature","properties":{"nome":null,"detalhe":"via: footway","osm_id":"way/51813967"},"geometry":{"type":"Point","coordinates":[-51.1788512,-29.9767432]}},{"type":"Feature","properties":{"nome":"Viaduto da Rio Branco","detalhe":"via: secondary","osm_id":"way/52007880"},"geometry":{"type":"Point","coordinates":[-51.1765111,-29.9624982]}},{"type":"Feature","properties":{"nome":null,"detalhe":"via: cycleway","osm_id":"way/52014571"},"geometry":{"type":"Point","coordinates":[-51.1763715,-29.9594532]}},{"type":"Feature","properties":{"nome":null,"detalhe":"via: footway","osm_id":"way/52032566"},"geometry":{"type":"Point","coordinates":[-51.1769039,-29.9474151]}},{"type":"Feature","properties":{"nome":null,"detalhe":"via: path","osm_id":"way/52032581"},"geometry":{"type":"Point","coordinates":[-51.1766035,-29.9540828]}},{"type":"Feature","properties":{"nome":null,"detalhe":"via: footway","osm_id":"way/52032748"},"geometry":{"type":"Point","coordinates":[-51.177868,-29.9391253]}},{"type":"Feature","properties":{"nome":"Freeway","detalhe":"via: motorway","osm_id":"way/60443694"},"geometry":{"type":"Point","coordinates":[-51.0991807,-29.9645719]}},{"type":"Feature","properties":{"nome":"Freeway","detalhe":"via: motorway","osm_id":"way/60443698"},"geometry":{"type":"Point","coordinates":[-51.0989439,-29.9646699]}},{"type":"Feature","properties":{"nome":"Freeway","detalhe":"via: motorway","osm_id":"way/60444385"},"geometry":{"type":"Point","coordinates":[-51.1390045,-29.9673277]}},{"type":"Feature","properties":{"nome":"Freeway","detalhe":"via: motorway","osm_id":"way/60444386"},"geometry":{"type":"Point","coordinates":[-51.1389957,-29.9675251]}},{"type":"Feature","properties":{"nome":null,"detalhe":"via: footway","osm_id":"way/60472373"},"geometry":{"type":"Point","coordinates":[-51.1719469,-29.9699425]}},{"type":"Feature","properties":{"nome":null,"detalhe":"via: footway","osm_id":"way/69294438"},"geometry":{"type":"Point","coordinates":[-51.1824893,-29.9880006]}},{"type":"Feature","properties":{"nome":"Rua Duque de Caxias","detalhe":"via: tertiary","osm_id":"way/69749640"},"geometry":{"type":"Point","coordinates":[-51.2279313,-30.0336324]}},{"type":"Feature","properties":{"nome":"Avenida Carlos Gomes","detalhe":"via: primary","osm_id":"way/70639077"},"geometry":{"type":"Point","coordinates":[-51.1808559,-30.0293963]}},{"type":"Feature","properties":{"nome":"Avenida Carlos Gomes","detalhe":"via: primary","osm_id":"way/70639080"},"geometry":{"type":"Point","coordinates":[-51.1809854,-30.0294313]}},{"type":"Feature","properties":{"nome":"Viaduto José Eduardo Utzig","detalhe":"via: primary","osm_id":"way/75457772"},"geometry":{"type":"Point","coordinates":[-51.1913677,-30.0064927]}},{"type":"Feature","properties":{"nome":"Viaduto José Eduardo Utzig","detalhe":"via: primary","osm_id":"way/75519179"},"geometry":{"type":"Point","coordinates":[-51.19025,-30.0074936]}},{"type":"Feature","properties":{"nome":"Avenida Baltazar de Oliveira Garcia","detalhe":"via: primary","osm_id":"way/81609110"},"geometry":{"type":"Point","coordinates":[-51.0931251,-30.011387]}},{"type":"Feature","properties":{"nome":"Avenida Juca Batista","detalhe":"via: secondary","osm_id":"way/89333941"},"geometry":{"type":"Point","coordinates":[-51.1806438,-30.1695151]}},{"type":"Feature","properties":{"nome":"Embarque / Via Elevada","detalhe":"via: unclassified","osm_id":"way/89384525"},"geometry":{"type":"Point","coordinates":[-51.177903,-29.9894442]}},{"type":"Feature","properties":{"nome":null,"detalhe":"via: footway","osm_id":"way/89522365"},"geometry":{"type":"Point","coordinates":[-51.1767004,-29.9391423]}},{"type":"Feature","properties":{"nome":null,"detalhe":"via: footway","osm_id":"way/89529740"},"geometry":{"type":"Point","coordinates":[-51.1817144,-29.9881471]}},{"type":"Feature","properties":{"nome":null,"detalhe":"via: footway","osm_id":"way/89529744"},"geometry":{"type":"Point","coordinates":[-51.1762408,-29.9896522]}},{"type":"Feature","properties":{"nome":null,"detalhe":"via: motorway_link","osm_id":"way/89529758"},"geometry":{"type":"Point","coordinates":[-51.1804297,-29.9875634]}},{"type":"Feature","properties":{"nome":null,"detalhe":"via: motorway_link","osm_id":"way/89529773"},"geometry":{"type":"Point","coordinates":[-51.1810287,-29.9870812]}},{"type":"Feature","properties":{"nome":null,"detalhe":"via: footway","osm_id":"way/89529779"},"geometry":{"type":"Point","coordinates":[-51.1817552,-29.9889282]}},{"type":"Feature","properties":{"nome":null,"detalhe":"via: footway","osm_id":"way/97409996"},"geometry":{"type":"Point","coordinates":[-51.1772945,-29.9392009]}},{"type":"Feature","properties":{"nome":"Viaduto Leonel Brizola","detalhe":"via: secondary","osm_id":"way/98396195"},"geometry":{"type":"Point","coordinates":[-51.1903831,-29.9962276]}},{"type":"Feature","properties":{"nome":"Viaduto Jayme Caetano Braun","detalhe":"via: busway","osm_id":"way/98508427"},"geometry":{"type":"Point","coordinates":[-51.1811546,-30.0289069]}},{"type":"Feature","properties":{"nome":"Viaduto Jorge Alberto Mendes Ribeiro","detalhe":"via: primary","osm_id":"way/99045271"},"geometry":{"type":"Point","coordinates":[-51.1738388,-30.038273]}},{"type":"Feature","properties":{"nome":"Viaduto Jorge Alberto Mendes Ribeiro","detalhe":"via: primary","osm_id":"way/99045301"},"geometry":{"type":"Point","coordinates":[-51.1736573,-30.0390006]}},{"type":"Feature","properties":{"nome":"Passarela CORPA dos Campeões","detalhe":"via: footway","osm_id":"way/99431432"},"geometry":{"type":"Point","coordinates":[-51.1995067,-30.0271063]}},{"type":"Feature","properties":{"nome":"Corredor de Transporte Coletivo Teresópolis","detalhe":"via: busway","osm_id":"way/100297582"},"geometry":{"type":"Point","coordinates":[-51.2079065,-30.077451]}},{"type":"Feature","properties":{"nome":"Avenida Érico Veríssimo","detalhe":"via: secondary","osm_id":"way/101566868"},"geometry":{"type":"Point","coordinates":[-51.2184217,-30.0481503]}},{"type":"Feature","properties":{"nome":"Rua Eduardo Nadruz","detalhe":"via: tertiary","osm_id":"way/107903071"},"geometry":{"type":"Point","coordinates":[-51.0880837,-29.9976687]}},{"type":"Feature","properties":{"nome":null,"detalhe":"via: service","osm_id":"way/108401166"},"geometry":{"type":"Point","coordinates":[-51.2209093,-30.0384503]}},{"type":"Feature","properties":{"nome":"Linha 1","detalhe":"ferrovia","osm_id":"way/109197382"},"geometry":{"type":"Point","coordinates":[-51.1958214,-29.9972512]}},{"type":"Feature","properties":{"nome":"Ponte de Pedra","detalhe":"via: pedestrian","osm_id":"way/112410804"},"geometry":{"type":"Point","coordinates":[-51.22895,-30.0380717]}},{"type":"Feature","properties":{"nome":"Rua Guarulhos","detalhe":"via: footway","osm_id":"way/129120142"},"geometry":{"type":"Point","coordinates":[-51.0603964,-29.9360142]}},{"type":"Feature","properties":{"nome":"Embarque / Via Elevada","detalhe":"via: unclassified","osm_id":"way/132022856"},"geometry":{"type":"Point","coordinates":[-51.1769478,-29.9898393]}},{"type":"Feature","properties":{"nome":"Viaduto Obirici","detalhe":"via: busway","osm_id":"way/169512330"},"geometry":{"type":"Point","coordinates":[-51.1705081,-30.0117176]}},{"type":"Feature","properties":{"nome":"Avenida Ernesto Neugebauer","detalhe":"via: secondary","osm_id":"way/177796046"},"geometry":{"type":"Point","coordinates":[-51.1769463,-29.9681796]}},{"type":"Feature","properties":{"nome":"Freeway","detalhe":"via: motorway","osm_id":"way/177796058"},"geometry":{"type":"Point","coordinates":[-51.069348,-29.9545479]}},{"type":"Feature","properties":{"nome":"Freeway","detalhe":"via: motorway","osm_id":"way/177796061"},"geometry":{"type":"Point","coordinates":[-51.0693347,-29.9547532]}},{"type":"Feature","properties":{"nome":"Rua Marcelo Gama","detalhe":"via: footway","osm_id":"way/177796070"},"geometry":{"type":"Point","coordinates":[-51.0662313,-29.991476]}},{"type":"Feature","properties":{"nome":null,"detalhe":"via: motorway_link","osm_id":"way/189615593"},"geometry":{"type":"Point","coordinates":[-51.1809826,-29.9865997]}},{"type":"Feature","properties":{"nome":null,"detalhe":"via: service","osm_id":"way/192147575"},"geometry":{"type":"Point","coordinates":[-51.259227,-30.1105125]}},{"type":"Feature","properties":{"nome":null,"detalhe":"via: service","osm_id":"way/192472866"},"geometry":{"type":"Point","coordinates":[-51.1876994,-30.0546127]}},{"type":"Feature","properties":{"nome":"Ciclovia Beira-Rio","detalhe":"via: cycleway","osm_id":"way/193079352"},"geometry":{"type":"Point","coordinates":[-51.2328044,-30.0473645]}},{"type":"Feature","properties":{"nome":"Rumo S/A","detalhe":"ferrovia","osm_id":"way/196523494"},"geometry":{"type":"Point","coordinates":[-51.1767342,-29.9677241]}},{"type":"Feature","properties":{"nome":null,"detalhe":"via: footway","osm_id":"way/201706094"},"geometry":{"type":"Point","coordinates":[-51.2514987,-29.985731]}},{"type":"Feature","properties":{"nome":null,"detalhe":"via: footway","osm_id":"way/203170654"},"geometry":{"type":"Point","coordinates":[-51.2279966,-30.0495997]}},{"type":"Feature","properties":{"nome":null,"detalhe":"via: footway","osm_id":"way/203188317"},"geometry":{"type":"Point","coordinates":[-51.2272148,-30.0487714]}},{"type":"Feature","properties":{"nome":null,"detalhe":"via: footway","osm_id":"way/203671226"},"geometry":{"type":"Point","coordinates":[-51.2273559,-30.0509775]}},{"type":"Feature","properties":{"nome":null,"detalhe":"via: footway","osm_id":"way/203685715"},"geometry":{"type":"Point","coordinates":[-51.2292018,-30.05143]}},{"type":"Feature","properties":{"nome":"Rua Papa João XXIII","detalhe":"via: residential","osm_id":"way/203949606"},"geometry":{"type":"Point","coordinates":[-51.0937572,-29.961835]}},{"type":"Feature","properties":{"nome":"Linha Piloto do Aeromóvel","detalhe":"ferrovia","osm_id":"way/205475281"},"geometry":{"type":"Point","coordinates":[-51.2370076,-30.0355662]}},{"type":"Feature","properties":{"nome":null,"detalhe":"ferrovia","osm_id":"way/205475282"},"geometry":{"type":"Point","coordinates":[-51.2402713,-30.0342267]}},{"type":"Feature","properties":{"nome":"Viaduto José Loureiro da Silva","detalhe":"via: tertiary","osm_id":"way/206611685"},"geometry":{"type":"Point","coordinates":[-51.2238507,-30.031435]}},{"type":"Feature","properties":{"nome":"Viaduto José Loureiro da Silva","detalhe":"via: tertiary","osm_id":"way/206611686"},"geometry":{"type":"Point","coordinates":[-51.2239194,-30.0313894]}},{"type":"Feature","properties":{"nome":"Avenida Beira-Rio","detalhe":"via: secondary","osm_id":"way/207300351"},"geometry":{"type":"Point","coordinates":[-51.2318572,-30.0475035]}},{"type":"Feature","properties":{"nome":"Avenida Presidente Castello Branco","detalhe":"via: primary","osm_id":"way/207947183"},"geometry":{"type":"Point","coordinates":[-51.2101679,-30.0076535]}},{"type":"Feature","properties":{"nome":"Avenida Presidente Castello Branco","detalhe":"via: primary","osm_id":"way/207947184"},"geometry":{"type":"Point","coordinates":[-51.2078817,-30.0023378]}},{"type":"Feature","properties":{"nome":"Avenida Presidente Castello Branco","detalhe":"via: primary","osm_id":"way/207947185"},"geometry":{"type":"Point","coordinates":[-51.2099537,-30.0077354]}},{"type":"Feature","properties":{"nome":"Ponte do Guaíba","detalhe":"via: motorway","osm_id":"way/207947198"},"geometry":{"type":"Point","coordinates":[-51.2087169,-29.9974785]}},{"type":"Feature","properties":{"nome":"Ponte do Guaíba","detalhe":"via: motorway","osm_id":"way/207947199"},"geometry":{"type":"Point","coordinates":[-51.208116,-29.9976611]}},{"type":"Feature","properties":{"nome":"Ponte do Guaíba","detalhe":"via: motorway","osm_id":"way/207947200"},"geometry":{"type":"Point","coordinates":[-51.211291,-29.9965536]}},{"type":"Feature","properties":{"nome":"Ponte do Guaíba","detalhe":"via: motorway","osm_id":"way/207947201"},"geometry":{"type":"Point","coordinates":[-51.2086841,-29.9974014]}},{"type":"Feature","properties":{"nome":"Ponte do Guaíba","detalhe":"via: motorway","osm_id":"way/207947209"},"geometry":{"type":"Point","coordinates":[-51.2075425,-29.9979666]}},{"type":"Feature","properties":{"nome":"Ponte do Guaíba","detalhe":"via: motorway","osm_id":"way/207947211"},"geometry":{"type":"Point","coordinates":[-51.2077286,-29.9975964]}},{"type":"Feature","properties":{"nome":null,"detalhe":"via: motorway_link","osm_id":"way/207953593"},"geometry":{"type":"Point","coordinates":[-51.2056467,-29.9977199]}},{"type":"Feature","properties":{"nome":null,"detalhe":"via: motorway_link","osm_id":"way/207953596"},"geometry":{"type":"Point","coordinates":[-51.2045945,-29.9982546]}},{"type":"Feature","properties":{"nome":null,"detalhe":"via: footway","osm_id":"way/208159462"},"geometry":{"type":"Point","coordinates":[-51.1779271,-30.052489]}},{"type":"Feature","properties":{"nome":null,"detalhe":"via: footway","osm_id":"way/208159471"},"geometry":{"type":"Point","coordinates":[-51.1793323,-30.0507257]}},{"type":"Feature","properties":{"nome":null,"detalhe":"via: footway","osm_id":"way/211061177"},"geometry":{"type":"Point","coordinates":[-51.231043,-30.0565142]}},{"type":"Feature","properties":{"nome":null,"detalhe":"via: footway","osm_id":"way/214434336"},"geometry":{"type":"Point","coordinates":[-51.2545976,-30.0958192]}},{"type":"Feature","properties":{"nome":null,"detalhe":"via: footway","osm_id":"way/217350260"},"geometry":{"type":"Point","coordinates":[-51.217518,-30.0370555]}},{"type":"Feature","properties":{"nome":"Elevada da Conceição","detalhe":"via: primary","osm_id":"way/217381147"},"geometry":{"type":"Point","coordinates":[-51.2192473,-30.0267398]}},{"type":"Feature","properties":{"nome":null,"detalhe":"via: footway","osm_id":"way/217449613"},"geometry":{"type":"Point","coordinates":[-51.2156527,-30.0359759]}},{"type":"Feature","properties":{"nome":"Aeromóvel","detalhe":"ferrovia","osm_id":"way/217857315"},"geometry":{"type":"Point","coordinates":[-51.1824452,-29.9869519]}},{"type":"Feature","properties":{"nome":"Aeromóvel","detalhe":"ferrovia","osm_id":"way/217857316"},"geometry":{"type":"Point","coordinates":[-51.1824008,-29.9869074]}},{"type":"Feature","properties":{"nome":"Olhos Atentos","detalhe":"via: footway","osm_id":"way/218276553"},"geometry":{"type":"Point","coordinates":[-51.2415354,-30.0357152]}},{"type":"Feature","properties":{"nome":"Rua Ramiro Barcelos","detalhe":"via: tertiary","osm_id":"way/218830717"},"geometry":{"type":"Point","coordinates":[-51.2084397,-30.0318759]}},{"type":"Feature","properties":{"nome":"Avenida dos Gaúchos","detalhe":"via: residential","osm_id":"way/223086602"},"geometry":{"type":"Point","coordinates":[-51.1369236,-29.9920881]}},{"type":"Feature","properties":{"nome":"Avenida Borges de Medeiros","detalhe":"via: secondary","osm_id":"way/229187718"},"geometry":{"type":"Point","coordinates":[-51.2292881,-30.0477035]}},{"type":"Feature","properties":{"nome":"Avenida Borges de Medeiros","detalhe":"via: secondary","osm_id":"way/229187720"},"geometry":{"type":"Point","coordinates":[-51.2294102,-30.0476932]}},{"type":"Feature","properties":{"nome":"Avenida Getúlio Vargas","detalhe":"via: secondary","osm_id":"way/229187738"},"geometry":{"type":"Point","coordinates":[-51.2216176,-30.0483072]}},{"type":"Feature","properties":{"nome":"Avenida João Pessoa","detalhe":"via: primary","osm_id":"way/229187760"},"geometry":{"type":"Point","coordinates":[-51.2119989,-30.046991]}},{"type":"Feature","properties":{"nome":"Avenida João Pessoa","detalhe":"via: primary","osm_id":"way/229187761"},"geometry":{"type":"Point","coordinates":[-51.2118409,-30.0468994]}},{"type":"Feature","properties":{"nome":null,"detalhe":"via: secondary","osm_id":"way/229187774"},"geometry":{"type":"Point","coordinates":[-51.2039645,-30.0433198]}},{"type":"Feature","properties":{"nome":"Avenida da Azenha","detalhe":"via: primary","osm_id":"way/229187790"},"geometry":{"type":"Point","coordinates":[-51.2136093,-30.0475534]}},{"type":"Feature","properties":{"nome":"Avenida da Azenha","detalhe":"via: primary","osm_id":"way/229187791"},"geometry":{"type":"Point","coordinates":[-51.2137379,-30.0475728]}},{"type":"Feature","properties":{"nome":null,"detalhe":"via: construction","osm_id":"way/229187804"},"geometry":{"type":"Point","coordinates":[-51.2070599,-30.0440793]}},{"type":"Feature","properties":{"nome":null,"detalhe":"via: secondary","osm_id":"way/229187851"},"geometry":{"type":"Point","coordinates":[-51.2046034,-30.0432898]}},{"type":"Feature","properties":{"nome":null,"detalhe":"via: footway","osm_id":"way/229187869"},"geometry":{"type":"Point","coordinates":[-51.2175663,-30.0480575]}},{"type":"Feature","properties":{"nome":null,"detalhe":"via: footway","osm_id":"way/229293542"},"geometry":{"type":"Point","coordinates":[-51.1925724,-30.0536376]}},{"type":"Feature","properties":{"nome":null,"detalhe":"via: footway","osm_id":"way/229293544"},"geometry":{"type":"Point","coordinates":[-51.1988944,-30.0450324]}},{"type":"Feature","properties":{"nome":null,"detalhe":"via: footway","osm_id":"way/229293545"},"geometry":{"type":"Point","coordinates":[-51.2002458,-30.0436003]}},{"type":"Feature","properties":{"nome":null,"detalhe":"via: tertiary","osm_id":"way/229354732"},"geometry":{"type":"Point","coordinates":[-51.1965245,-30.048438]}},{"type":"Feature","properties":{"nome":null,"detalhe":"via: tertiary","osm_id":"way/229354744"},"geometry":{"type":"Point","coordinates":[-51.195136,-30.0504278]}},{"type":"Feature","properties":{"nome":null,"detalhe":"via: footway","osm_id":"way/229354751"},"geometry":{"type":"Point","coordinates":[-51.1867033,-30.0566495]}},{"type":"Feature","properties":{"nome":"Corredor de Transporte Coletivo Doutor Salvador França","detalhe":"via: busway","osm_id":"way/229421138"},"geometry":{"type":"Point","coordinates":[-51.1840757,-30.0579326]}},{"type":"Feature","properties":{"nome":"Rua Guilherme Alves","detalhe":"via: secondary","osm_id":"way/229491235"},"geometry":{"type":"Point","coordinates":[-51.1886124,-30.0557152]}},{"type":"Feature","properties":{"nome":"Anel Viário UFRGS Campus do Vale","detalhe":"via: tertiary","osm_id":"way/230069217"},"geometry":{"type":"Point","coordinates":[-51.1242726,-30.074376]}},{"type":"Feature","properties":{"nome":"Anel Viário UFRGS Campus do Vale","detalhe":"via: tertiary","osm_id":"way/230069218"},"geometry":{"type":"Point","coordinates":[-51.1246421,-30.0742126]}},{"type":"Feature","properties":{"nome":"Alameda 3 de Outubro","detalhe":"via: tertiary","osm_id":"way/230069222"},"geometry":{"type":"Point","coordinates":[-51.1258851,-29.9984098]}},{"type":"Feature","properties":{"nome":"Alameda 3 de Outubro","detalhe":"via: tertiary","osm_id":"way/230069223"},"geometry":{"type":"Point","coordinates":[-51.125668,-29.9985888]}},{"type":"Feature","properties":{"nome":"Avenida Paulo VI","detalhe":"via: tertiary","osm_id":"way/230069246"},"geometry":{"type":"Point","coordinates":[-51.0583312,-29.9353961]}},{"type":"Feature","properties":{"nome":"Avenida Antônio de Carvalho","detalhe":"via: secondary","osm_id":"way/230069248"},"geometry":{"type":"Point","coordinates":[-51.150325,-30.0640689]}},{"type":"Feature","properties":{"nome":"Rua Curupaiti","detalhe":"via: tertiary","osm_id":"way/230069255"},"geometry":{"type":"Point","coordinates":[-51.2389774,-30.0846722]}},{"type":"Feature","properties":{"nome":"Avenida 10 de Maio","detalhe":"via: tertiary","osm_id":"way/230069257"},"geometry":{"type":"Point","coordinates":[-51.1273235,-30.023574]}},{"type":"Feature","properties":{"nome":"Avenida Gomes de Carvalho","detalhe":"via: tertiary","osm_id":"way/230069265"},"geometry":{"type":"Point","coordinates":[-51.1262961,-30.0198634]}},{"type":"Feature","properties":{"nome":"Avenida Sertório","detalhe":"via: primary","osm_id":"way/230069273"},"geometry":{"type":"Point","coordinates":[-51.1396527,-29.997768]}},{"type":"Feature","properties":{"nome":"Avenida Sertório","detalhe":"via: primary","osm_id":"way/230069274"},"geometry":{"type":"Point","coordinates":[-51.139654,-29.9979027]}},{"type":"Feature","properties":{"nome":"Avenida Wenceslau Fontoura","detalhe":"via: tertiary","osm_id":"way/230069278"},"geometry":{"type":"Point","coordinates":[-51.0674709,-29.9889453]}},{"type":"Feature","properties":{"nome":"Avenida da Serraria","detalhe":"via: secondary","osm_id":"way/230069279"},"geometry":{"type":"Point","coordinates":[-51.2150694,-30.1744835]}},{"type":"Feature","properties":{"nome":"Beco Duran","detalhe":"via: residential","osm_id":"way/230069281"},"geometry":{"type":"Point","coordinates":[-51.1277875,-30.0782151]}},{"type":"Feature","properties":{"nome":"Beco Paulino Gonçalves Barcello","detalhe":"via: secondary","osm_id":"way/230069284"},"geometry":{"type":"Point","coordinates":[-51.0888092,-29.9904174]}},{"type":"Feature","properties":{"nome":"Rua Ararás","detalhe":"via: residential","osm_id":"way/230069291"},"geometry":{"type":"Point","coordinates":[-51.1284801,-29.9970503]}},{"type":"Feature","properties":{"nome":"Rua Bento Rosa","detalhe":"via: tertiary","osm_id":"way/230069293"},"geometry":{"type":"Point","coordinates":[-51.1328474,-29.9951713]}},{"type":"Feature","properties":{"nome":"Rua Carlos Gomes","detalhe":"via: secondary","osm_id":"way/230069295"},"geometry":{"type":"Point","coordinates":[-51.0660877,-29.9895174]}},{"type":"Feature","properties":{"nome":"Rua Colorado","detalhe":"via: secondary","osm_id":"way/230069297"},"geometry":{"type":"Point","coordinates":[-51.0911784,-30.0607938]}},{"type":"Feature","properties":{"nome":"Rua Dona Cristina","detalhe":"via: tertiary","osm_id":"way/230069299"},"geometry":{"type":"Point","coordinates":[-51.2266635,-30.0881839]}},{"type":"Feature","properties":{"nome":"Rua Francisco Pinto da Fontoura","detalhe":"via: tertiary","osm_id":"way/230069301"},"geometry":{"type":"Point","coordinates":[-51.1341686,-29.9946088]}},{"type":"Feature","properties":{"nome":"Rua Fábio Luiz Silveira","detalhe":"via: residential","osm_id":"way/230069306"},"geometry":{"type":"Point","coordinates":[-51.1240176,-30.0140995]}},{"type":"Feature","properties":{"nome":"Rua Guaíba Querência","detalhe":"via: tertiary","osm_id":"way/230069307"},"geometry":{"type":"Point","coordinates":[-51.0962178,-30.0629019]}},{"type":"Feature","properties":{"nome":"Rua Itararé","detalhe":"via: secondary","osm_id":"way/230069309"},"geometry":{"type":"Point","coordinates":[-51.0689051,-29.9879276]}},{"type":"Feature","properties":{"nome":"Rua Jaraguá","detalhe":"via: tertiary","osm_id":"way/230069312"},"geometry":{"type":"Point","coordinates":[-51.0858844,-30.056388]}},{"type":"Feature","properties":{"nome":"Rua José Ferreira Jardim","detalhe":"via: secondary","osm_id":"way/230069314"},"geometry":{"type":"Point","coordinates":[-51.1095564,-29.9855447]}},{"type":"Feature","properties":{"nome":"Beco A","detalhe":"via: residential","osm_id":"way/230069316"},"geometry":{"type":"Point","coordinates":[-51.2424525,-30.0935105]}},{"type":"Feature","properties":{"nome":"Rua Valdemar Gonçalves Pires","detalhe":"via: residential","osm_id":"way/230069322"},"geometry":{"type":"Point","coordinates":[-51.2339243,-30.0913522]}},{"type":"Feature","properties":{"nome":"Rua Zeferino Dias","detalhe":"via: tertiary","osm_id":"way/230069325"},"geometry":{"type":"Point","coordinates":[-51.1300825,-29.9961903]}},{"type":"Feature","properties":{"nome":null,"detalhe":"via: service","osm_id":"way/230069326"},"geometry":{"type":"Point","coordinates":[-51.1212084,-30.0756592]}},{"type":"Feature","properties":{"nome":"Rua Ibicuí","detalhe":"via: service","osm_id":"way/230069333"},"geometry":{"type":"Point","coordinates":[-51.2430272,-30.0824207]}},{"type":"Feature","properties":{"nome":null,"detalhe":"via: residential","osm_id":"way/230069339"},"geometry":{"type":"Point","coordinates":[-51.1372961,-29.9887261]}},{"type":"Feature","properties":{"nome":null,"detalhe":"via: footway","osm_id":"way/230069340"},"geometry":{"type":"Point","coordinates":[-51.2375979,-30.0848617]}},{"type":"Feature","properties":{"nome":"Rua Bento Ribeiro","detalhe":"via: residential","osm_id":"way/230069350"},"geometry":{"type":"Point","coordinates":[-51.0863257,-30.0191598]}},{"type":"Feature","properties":{"nome":null,"detalhe":"via: service","osm_id":"way/230069352"},"geometry":{"type":"Point","coordinates":[-51.2303866,-30.0896523]}},{"type":"Feature","properties":{"nome":null,"detalhe":"via: footway","osm_id":"way/230069353"},"geometry":{"type":"Point","coordinates":[-51.2362074,-30.0850382]}},{"type":"Feature","properties":{"nome":"Rua Carlos Barbosa","detalhe":"via: residential","osm_id":"way/230069354"},"geometry":{"type":"Point","coordinates":[-51.0853171,-30.0190599]}},{"type":"Feature","properties":{"nome":null,"detalhe":"via: footway","osm_id":"way/230069356"},"geometry":{"type":"Point","coordinates":[-51.1054108,-30.0750997]}},{"type":"Feature","properties":{"nome":null,"detalhe":"via: footway","osm_id":"way/230069357"},"geometry":{"type":"Point","coordinates":[-51.2416244,-30.0833679]}},{"type":"Feature","properties":{"nome":null,"detalhe":"ferrovia","osm_id":"way/230069372"},"geometry":{"type":"Point","coordinates":[-51.1975053,-29.9972527]}},{"type":"Feature","properties":{"nome":"Viaduto Abdias do Nascimento","detalhe":"via: secondary","osm_id":"way/230273923"},"geometry":{"type":"Point","coordinates":[-51.2418857,-30.0741644]}},{"type":"Feature","properties":{"nome":"Avenida Beira-Rio","detalhe":"via: secondary","osm_id":"way/230525847"},"geometry":{"type":"Point","coordinates":[-51.2327265,-30.047422]}},{"type":"Feature","properties":{"nome":null,"detalhe":null,"osm_id":"way/231237501"},"geometry":{"type":"Point","coordinates":[-51.1808563,-30.0294725]}},{"type":"Feature","properties":{"nome":null,"detalhe":null,"osm_id":"way/231237504"},"geometry":{"type":"Point","coordinates":[-51.180933,-30.0294972]}},{"type":"Feature","properties":{"nome":null,"detalhe":"via: footway","osm_id":"way/232196306"},"geometry":{"type":"Point","coordinates":[-51.2463681,-30.0841113]}},{"type":"Feature","properties":{"nome":null,"detalhe":"via: service","osm_id":"way/236479492"},"geometry":{"type":"Point","coordinates":[-51.2190162,-30.0231051]}},{"type":"Feature","properties":{"nome":"Travessia Oscar Ferreira de Freitas","detalhe":"via: tertiary","osm_id":"way/236845428"},"geometry":{"type":"Point","coordinates":[-51.2628737,-30.0126956]}},{"type":"Feature","properties":{"nome":null,"detalhe":"ferrovia","osm_id":"way/236942907"},"geometry":{"type":"Point","coordinates":[-51.1768104,-29.9677387]}},{"type":"Feature","properties":{"nome":"BR-116","detalhe":"via: motorway_link","osm_id":"way/237141145"},"geometry":{"type":"Point","coordinates":[-51.1770291,-29.9690487]}},{"type":"Feature","properties":{"nome":"Avenida Economista Nilo Wulff","detalhe":"via: residential","osm_id":"way/243181682"},"geometry":{"type":"Point","coordinates":[-51.1531985,-30.1474183]}},{"type":"Feature","properties":{"nome":null,"detalhe":"via: footway","osm_id":"way/243615415"},"geometry":{"type":"Point","coordinates":[-51.1692789,-30.0225856]}},{"type":"Feature","properties":{"nome":null,"detalhe":"via: track","osm_id":"way/243615417"},"geometry":{"type":"Point","coordinates":[-51.1647419,-30.0228504]}},{"type":"Feature","properties":{"nome":null,"detalhe":"via: footway","osm_id":"way/244250720"},"geometry":{"type":"Point","coordinates":[-51.1247244,-30.0041536]}},{"type":"Feature","properties":{"nome":null,"detalhe":"via: footway","osm_id":"way/244335076"},"geometry":{"type":"Point","coordinates":[-51.2254463,-30.1545092]}},{"type":"Feature","properties":{"nome":null,"detalhe":"via: footway","osm_id":"way/244335089"},"geometry":{"type":"Point","coordinates":[-51.2260637,-30.156448]}},{"type":"Feature","properties":{"nome":null,"detalhe":"via: footway","osm_id":"way/244335098"},"geometry":{"type":"Point","coordinates":[-51.2310047,-30.137175]}},{"type":"Feature","properties":{"nome":null,"detalhe":"via: footway","osm_id":"way/244450988"},"geometry":{"type":"Point","coordinates":[-51.2179996,-30.0305028]}},{"type":"Feature","properties":{"nome":null,"detalhe":"via: footway","osm_id":"way/244840566"},"geometry":{"type":"Point","coordinates":[-51.2027399,-29.9974987]}},{"type":"Feature","properties":{"nome":"Viaduto Jorge Alberto Mendes Ribeiro","detalhe":"via: busway","osm_id":"way/245577984"},"geometry":{"type":"Point","coordinates":[-51.1737492,-30.0387624]}},{"type":"Feature","properties":{"nome":"Viaduto Jorge Alberto Mendes Ribeiro","detalhe":"via: busway","osm_id":"way/245577985"},"geometry":{"type":"Point","coordinates":[-51.1737756,-30.0385638]}},{"type":"Feature","properties":{"nome":null,"detalhe":"via: footway","osm_id":"way/246687570"},"geometry":{"type":"Point","coordinates":[-51.2293587,-30.0433028]}},{"type":"Feature","properties":{"nome":"Ponte Lupicínio Rodrigues","detalhe":"via: motorway","osm_id":"way/253812262"},"geometry":{"type":"Point","coordinates":[-51.1997595,-29.9712945]}},{"type":"Feature","properties":{"nome":"Ponte Lupicínio Rodrigues","detalhe":"via: motorway","osm_id":"way/254270751"},"geometry":{"type":"Point","coordinates":[-51.1999124,-29.9713511]}},{"type":"Feature","properties":{"nome":"Rodovia Doutor Fábio André Koff","detalhe":"via: motorway","osm_id":"way/254270755"},"geometry":{"type":"Point","coordinates":[-51.2029895,-29.95524]}},{"type":"Feature","properties":{"nome":"Viaduto José Alencar Gomes da Silva","detalhe":"via: motorway_link","osm_id":"way/254270763"},"geometry":{"type":"Point","coordinates":[-51.1994863,-29.9735261]}},{"type":"Feature","properties":{"nome":"Viaduto José Alencar Gomes da Silva","detalhe":"via: motorway_link","osm_id":"way/254276888"},"geometry":{"type":"Point","coordinates":[-51.1972056,-29.9738952]}},{"type":"Feature","properties":{"nome":"Viaduto José Alencar Gomes da Silva","detalhe":"via: motorway_link","osm_id":"way/254665207"},"geometry":{"type":"Point","coordinates":[-51.1986222,-29.972995]}},{"type":"Feature","properties":{"nome":"Viaduto José Alencar Gomes da Silva","detalhe":"via: motorway_link","osm_id":"way/254665208"},"geometry":{"type":"Point","coordinates":[-51.1997405,-29.9754992]}},{"type":"Feature","properties":{"nome":null,"detalhe":"via: cycleway","osm_id":"way/260232647"},"geometry":{"type":"Point","coordinates":[-51.204532,-30.0433047]}},{"type":"Feature","properties":{"nome":null,"detalhe":"via: cycleway","osm_id":"way/260232648"},"geometry":{"type":"Point","coordinates":[-51.2117998,-30.0468612]}},{"type":"Feature","properties":{"nome":null,"detalhe":"via: footway","osm_id":"way/260367768"},"geometry":{"type":"Point","coordinates":[-51.2422806,-30.0350126]}},{"type":"Feature","properties":{"nome":null,"detalhe":"via: footway","osm_id":"way/283538164"},"geometry":{"type":"Point","coordinates":[-51.1417917,-30.0224947]}},{"type":"Feature","properties":{"nome":"Viaduto Dom Pedro I","detalhe":"via: secondary","osm_id":"way/285605885"},"geometry":{"type":"Point","coordinates":[-51.2306156,-30.0590421]}},{"type":"Feature","properties":{"nome":null,"detalhe":"via: footway","osm_id":"way/285732180"},"geometry":{"type":"Point","coordinates":[-51.2369994,-30.0649153]}},{"type":"Feature","properties":{"nome":"Viaduto José Alencar Gomes da Silva","detalhe":"via: motorway_link","osm_id":"way/286337584"},"geometry":{"type":"Point","coordinates":[-51.1962149,-29.9754122]}},{"type":"Feature","properties":{"nome":"Rampa Sul","detalhe":"via: footway","osm_id":"way/286503818"},"geometry":{"type":"Point","coordinates":[-51.1941925,-29.9755321]}},{"type":"Feature","properties":{"nome":"Viaduto Júlio de Castilhos","detalhe":"via: secondary","osm_id":"way/287419949"},"geometry":{"type":"Point","coordinates":[-51.220421,-30.0231941]}},{"type":"Feature","properties":{"nome":null,"detalhe":"via: motorway_link","osm_id":"way/288127038"},"geometry":{"type":"Point","coordinates":[-51.1762639,-29.9707987]}},{"type":"Feature","properties":{"nome":"Rua Múcio Teixeira","detalhe":"via: tertiary","osm_id":"way/288143117"},"geometry":{"type":"Point","coordinates":[-51.2239696,-30.048132]}},{"type":"Feature","properties":{"nome":"Rua Santana","detalhe":"via: secondary","osm_id":"way/288143121"},"geometry":{"type":"Point","coordinates":[-51.2096523,-30.0455968]}},{"type":"Feature","properties":{"nome":null,"detalhe":"via: path","osm_id":"way/288519915"},"geometry":{"type":"Point","coordinates":[-51.1879844,-29.9829321]}},{"type":"Feature","properties":{"nome":null,"detalhe":"via: secondary","osm_id":"way/289366879"},"geometry":{"type":"Point","coordinates":[-51.1107729,-29.9595897]}},{"type":"Feature","properties":{"nome":null,"detalhe":"via: service","osm_id":"way/292643806"},"geometry":{"type":"Point","coordinates":[-51.181312,-30.0201513]}},{"type":"Feature","properties":{"nome":"Rua Jorge Tadeu","detalhe":"via: tertiary","osm_id":"way/293792954"},"geometry":{"type":"Point","coordinates":[-51.0587666,-29.9535909]}},{"type":"Feature","properties":{"nome":"Viaduto José Alencar Gomes da Silva","detalhe":"via: motorway_link","osm_id":"way/297988923"},"geometry":{"type":"Point","coordinates":[-51.1991125,-29.9726023]}},{"type":"Feature","properties":{"nome":"Viaduto José Alencar Gomes da Silva","detalhe":"via: motorway_link","osm_id":"way/297988924"},"geometry":{"type":"Point","coordinates":[-51.1991717,-29.9748881]}},{"type":"Feature","properties":{"nome":"Viaduto José Alencar Gomes da Silva","detalhe":"via: motorway_link","osm_id":"way/297988925"},"geometry":{"type":"Point","coordinates":[-51.1983051,-29.9729235]}},{"type":"Feature","properties":{"nome":"Viaduto José Alencar Gomes da Silva","detalhe":"via: motorway_link","osm_id":"way/297988926"},"geometry":{"type":"Point","coordinates":[-51.1988506,-29.9753228]}},{"type":"Feature","properties":{"nome":"Viaduto José Alencar Gomes da Silva","detalhe":"via: motorway_link","osm_id":"way/302660753"},"geometry":{"type":"Point","coordinates":[-51.1973867,-29.9741011]}},{"type":"Feature","properties":{"nome":null,"detalhe":null,"osm_id":"way/305882948"},"geometry":{"type":"Point","coordinates":[-51.2113499,-30.0093276]}},{"type":"Feature","properties":{"nome":"Rua Roberto Francisco Behrens","detalhe":"via: construction","osm_id":"way/306033776"},"geometry":{"type":"Point","coordinates":[-51.1958378,-29.9372682]}},{"type":"Feature","properties":{"nome":"Avenida das Indústrias","detalhe":"via: residential","osm_id":"way/306041991"},"geometry":{"type":"Point","coordinates":[-51.1554677,-29.9850724]}},{"type":"Feature","properties":{"nome":null,"detalhe":"via: living_street","osm_id":"way/306249197"},"geometry":{"type":"Point","coordinates":[-51.1562658,-30.1174548]}},{"type":"Feature","properties":{"nome":"Avenida Bento Gonçalves","detalhe":"via: primary","osm_id":"way/310115320"},"geometry":{"type":"Point","coordinates":[-51.117751,-30.0787019]}},{"type":"Feature","properties":{"nome":"Rodovia Doutor Fábio André Koff","detalhe":"via: motorway","osm_id":"way/317407458"},"geometry":{"type":"Point","coordinates":[-51.2041629,-29.949768]}},{"type":"Feature","properties":{"nome":"Estrada Caminho do Meio","detalhe":"via: primary","osm_id":"way/318749524"},"geometry":{"type":"Point","coordinates":[-51.0848669,-30.0461424]}},{"type":"Feature","properties":{"nome":null,"detalhe":"via: footway","osm_id":"way/318900963"},"geometry":{"type":"Point","coordinates":[-51.2158091,-30.035993]}},{"type":"Feature","properties":{"nome":"Rodovia Doutor Fábio André Koff","detalhe":"via: motorway","osm_id":"way/327072995"},"geometry":{"type":"Point","coordinates":[-51.2007439,-29.9695406]}},{"type":"Feature","properties":{"nome":null,"detalhe":"via: motorway_link","osm_id":"way/329338758"},"geometry":{"type":"Point","coordinates":[-51.2068499,-29.9975405]}},{"type":"Feature","properties":{"nome":null,"detalhe":"via: service","osm_id":"way/338426672"},"geometry":{"type":"Point","coordinates":[-51.2184374,-30.0215394]}},{"type":"Feature","properties":{"nome":null,"detalhe":"via: footway","osm_id":"way/338427520"},"geometry":{"type":"Point","coordinates":[-51.198844,-29.9747336]}},{"type":"Feature","properties":{"nome":null,"detalhe":"via: living_street","osm_id":"way/345808905"},"geometry":{"type":"Point","coordinates":[-51.1853428,-30.1136948]}},{"type":"Feature","properties":{"nome":null,"detalhe":"via: footway","osm_id":"way/348181898"},"geometry":{"type":"Point","coordinates":[-51.2083217,-30.0869247]}},{"type":"Feature","properties":{"nome":null,"detalhe":"via: footway","osm_id":"way/350448518"},"geometry":{"type":"Point","coordinates":[-51.1983837,-29.9747578]}},{"type":"Feature","properties":{"nome":"Avenida Bento Gonçalves","detalhe":"via: primary","osm_id":"way/356395769"},"geometry":{"type":"Point","coordinates":[-51.1175526,-30.0788289]}},{"type":"Feature","properties":{"nome":"Viaduto São Jorge","detalhe":"via: primary","osm_id":"way/356395875"},"geometry":{"type":"Point","coordinates":[-51.1856273,-30.0632019]}},{"type":"Feature","properties":{"nome":"Viaduto São Jorge","detalhe":"via: primary","osm_id":"way/356395878"},"geometry":{"type":"Point","coordinates":[-51.185767,-30.063127]}},{"type":"Feature","properties":{"nome":"Avenida Edgar Pires de Castro","detalhe":"via: primary","osm_id":"way/356395990"},"geometry":{"type":"Point","coordinates":[-51.1582301,-30.1620295]}},{"type":"Feature","properties":{"nome":null,"detalhe":"via: footway","osm_id":"way/356396824"},"geometry":{"type":"Point","coordinates":[-51.1594616,-29.9873239]}},{"type":"Feature","properties":{"nome":"Viaduto Jayme Caetano Braun","detalhe":"via: busway","osm_id":"way/356396844"},"geometry":{"type":"Point","coordinates":[-51.180667,-30.0299879]}},{"type":"Feature","properties":{"nome":"Viaduto Imperatriz Leopoldina","detalhe":"via: busway","osm_id":"way/356396905"},"geometry":{"type":"Point","coordinates":[-51.2215197,-30.0344718]}},{"type":"Feature","properties":{"nome":null,"detalhe":"via: footway","osm_id":"way/356397406"},"geometry":{"type":"Point","coordinates":[-51.1738709,-30.0385135]}},{"type":"Feature","properties":{"nome":"Viaduto Imperatriz Leopoldina","detalhe":"via: busway","osm_id":"way/356397418"},"geometry":{"type":"Point","coordinates":[-51.2207853,-30.0353936]}},{"type":"Feature","properties":{"nome":null,"detalhe":"via: footway","osm_id":"way/356397436"},"geometry":{"type":"Point","coordinates":[-51.1736377,-30.0388282]}},{"type":"Feature","properties":{"nome":null,"detalhe":"via: footway","osm_id":"way/356397519"},"geometry":{"type":"Point","coordinates":[-51.1737979,-30.0388034]}},{"type":"Feature","properties":{"nome":null,"detalhe":"via: footway","osm_id":"way/356397602"},"geometry":{"type":"Point","coordinates":[-51.1737107,-30.0385376]}},{"type":"Feature","properties":{"nome":null,"detalhe":"via: platform","osm_id":"way/356397710"},"geometry":{"type":"Point","coordinates":[-51.1855373,-30.0634251]}},{"type":"Feature","properties":{"nome":null,"detalhe":"via: platform","osm_id":"way/356397766"},"geometry":{"type":"Point","coordinates":[-51.1856251,-30.0633808]}},{"type":"Feature","properties":{"nome":null,"detalhe":null,"osm_id":"way/356397809"},"geometry":{"type":"Point","coordinates":[-51.1913024,-30.007216]}},{"type":"Feature","properties":{"nome":null,"detalhe":"via: footway","osm_id":"way/356398005"},"geometry":{"type":"Point","coordinates":[-51.1737247,-30.038831]}},{"type":"Feature","properties":{"nome":null,"detalhe":null,"osm_id":"way/356398051"},"geometry":{"type":"Point","coordinates":[-51.1737897,-30.0385293]}},{"type":"Feature","properties":{"nome":null,"detalhe":"via: footway","osm_id":"way/356398079"},"geometry":{"type":"Point","coordinates":[-51.1738036,-30.0384954]}},{"type":"Feature","properties":{"nome":null,"detalhe":null,"osm_id":"way/356398172"},"geometry":{"type":"Point","coordinates":[-51.1737221,-30.038799]}},{"type":"Feature","properties":{"nome":null,"detalhe":null,"osm_id":"way/356398305"},"geometry":{"type":"Point","coordinates":[-51.1903195,-30.0071843]}},{"type":"Feature","properties":{"nome":"Viaduto São Jorge","detalhe":"via: busway","osm_id":"way/356398376"},"geometry":{"type":"Point","coordinates":[-51.1855228,-30.062546]}},{"type":"Feature","properties":{"nome":"Linha 1","detalhe":"ferrovia","osm_id":"way/356398467"},"geometry":{"type":"Point","coordinates":[-51.1992401,-29.9973826]}},{"type":"Feature","properties":{"nome":null,"detalhe":"via: footway","osm_id":"way/357280606"},"geometry":{"type":"Point","coordinates":[-51.1855668,-30.0633817]}},{"type":"Feature","properties":{"nome":"Viaduto José Alencar Gomes da Silva","detalhe":"via: motorway_link","osm_id":"way/368653582"},"geometry":{"type":"Point","coordinates":[-51.1982117,-29.974857]}},{"type":"Feature","properties":{"nome":"Viaduto José Alencar Gomes da Silva","detalhe":"via: motorway_link","osm_id":"way/368653583"},"geometry":{"type":"Point","coordinates":[-51.1985552,-29.9751703]}},{"type":"Feature","properties":{"nome":"Rua Victorino José Goulart","detalhe":"via: residential","osm_id":"way/375614098"},"geometry":{"type":"Point","coordinates":[-51.0675451,-30.1238836]}},{"type":"Feature","properties":{"nome":"Estrada da Branquinha","detalhe":"via: secondary","osm_id":"way/375614099"},"geometry":{"type":"Point","coordinates":[-51.0572705,-30.1207576]}},{"type":"Feature","properties":{"nome":"Avenida Presidente Castello Branco","detalhe":"via: primary","osm_id":"way/407832897"},"geometry":{"type":"Point","coordinates":[-51.2172208,-30.0203903]}},{"type":"Feature","properties":{"nome":null,"detalhe":"via: path","osm_id":"way/419900182"},"geometry":{"type":"Point","coordinates":[-51.0932222,-30.0165901]}},{"type":"Feature","properties":{"nome":null,"detalhe":"via: footway","osm_id":"way/421290468"},"geometry":{"type":"Point","coordinates":[-51.1735552,-29.9656289]}},{"type":"Feature","properties":{"nome":null,"detalhe":"via: track","osm_id":"way/426611908"},"geometry":{"type":"Point","coordinates":[-51.1394181,-29.9648052]}},{"type":"Feature","properties":{"nome":null,"detalhe":"via: path","osm_id":"way/428118839"},"geometry":{"type":"Point","coordinates":[-51.1403053,-30.0576526]}},{"type":"Feature","properties":{"nome":"Beco Y","detalhe":"via: service","osm_id":"way/428118842"},"geometry":{"type":"Point","coordinates":[-51.1412857,-30.0568359]}},{"type":"Feature","properties":{"nome":null,"detalhe":"via: service","osm_id":"way/445095295"},"geometry":{"type":"Point","coordinates":[-51.1401314,-30.0636981]}},{"type":"Feature","properties":{"nome":null,"detalhe":"via: path","osm_id":"way/445095296"},"geometry":{"type":"Point","coordinates":[-51.1390464,-30.0648849]}},{"type":"Feature","properties":{"nome":"Beco Três","detalhe":"via: footway","osm_id":"way/445095297"},"geometry":{"type":"Point","coordinates":[-51.1557059,-30.0488773]}},{"type":"Feature","properties":{"nome":null,"detalhe":"via: path","osm_id":"way/445095299"},"geometry":{"type":"Point","coordinates":[-51.1399442,-30.0647364]}},{"type":"Feature","properties":{"nome":null,"detalhe":"via: service","osm_id":"way/445095300"},"geometry":{"type":"Point","coordinates":[-51.1444548,-30.063811]}},{"type":"Feature","properties":{"nome":"Rua Frei Germano","detalhe":"via: secondary","osm_id":"way/447918625"},"geometry":{"type":"Point","coordinates":[-51.167046,-30.055762]}},{"type":"Feature","properties":{"nome":"Viaduto José Alencar Gomes da Silva","detalhe":"via: motorway_link","osm_id":"way/447936256"},"geometry":{"type":"Point","coordinates":[-51.1979681,-29.9751412]}},{"type":"Feature","properties":{"nome":"Viaduto José Alencar Gomes da Silva","detalhe":"via: motorway_link","osm_id":"way/447936257"},"geometry":{"type":"Point","coordinates":[-51.19801,-29.9733202]}},{"type":"Feature","properties":{"nome":"Viaduto José Alencar Gomes da Silva","detalhe":"via: motorway_link","osm_id":"way/447936258"},"geometry":{"type":"Point","coordinates":[-51.1965687,-29.9723531]}},{"type":"Feature","properties":{"nome":"Viaduto José Alencar Gomes da Silva","detalhe":"via: motorway_link","osm_id":"way/447936259"},"geometry":{"type":"Point","coordinates":[-51.1959076,-29.9751812]}},{"type":"Feature","properties":{"nome":"Rodovia Doutor Fábio André Koff","detalhe":"via: motorway","osm_id":"way/448012755"},"geometry":{"type":"Point","coordinates":[-51.2016634,-29.9671955]}},{"type":"Feature","properties":{"nome":"Rodovia Doutor Fábio André Koff","detalhe":"via: motorway","osm_id":"way/448012756"},"geometry":{"type":"Point","coordinates":[-51.2024447,-29.9650271]}},{"type":"Feature","properties":{"nome":"Rodovia Doutor Fábio André Koff","detalhe":"via: motorway","osm_id":"way/448012757"},"geometry":{"type":"Point","coordinates":[-51.2027894,-29.9604755]}},{"type":"Feature","properties":{"nome":"Rodovia Doutor Fábio André Koff","detalhe":"via: motorway","osm_id":"way/448012758"},"geometry":{"type":"Point","coordinates":[-51.2027996,-29.962665]}},{"type":"Feature","properties":{"nome":null,"detalhe":"via: motorway_link","osm_id":"way/448012759"},"geometry":{"type":"Point","coordinates":[-51.2030564,-29.9617973]}},{"type":"Feature","properties":{"nome":null,"detalhe":"via: motorway_link","osm_id":"way/448012760"},"geometry":{"type":"Point","coordinates":[-51.2029319,-29.9640644]}},{"type":"Feature","properties":{"nome":"Rua José Albano Volkmer","detalhe":"via: tertiary","osm_id":"way/448498663"},"geometry":{"type":"Point","coordinates":[-51.1621182,-30.0557844]}},{"type":"Feature","properties":{"nome":null,"detalhe":"via: motorway_link","osm_id":"way/461980454"},"geometry":{"type":"Point","coordinates":[-51.2065212,-29.9963246]}},{"type":"Feature","properties":{"nome":"Avenida Severo Dullius","detalhe":"via: secondary","osm_id":"way/461982315"},"geometry":{"type":"Point","coordinates":[-51.1541131,-29.9872841]}},{"type":"Feature","properties":{"nome":"Rua Luiz Corrêa da Silva","detalhe":"via: tertiary","osm_id":"way/462338881"},"geometry":{"type":"Point","coordinates":[-51.0807251,-30.2372546]}},{"type":"Feature","properties":{"nome":"Rua Luiz Corrêa da Silva","detalhe":"via: tertiary","osm_id":"way/462338883"},"geometry":{"type":"Point","coordinates":[-51.0820982,-30.2391657]}},{"type":"Feature","properties":{"nome":"Estrada Otaviano José Pinto","detalhe":"via: secondary","osm_id":"way/462338886"},"geometry":{"type":"Point","coordinates":[-51.0795327,-30.2413495]}},{"type":"Feature","properties":{"nome":"Avenida Vicente Monteggia","detalhe":"via: secondary","osm_id":"way/462338948"},"geometry":{"type":"Point","coordinates":[-51.2128215,-30.1137325]}},{"type":"Feature","properties":{"nome":"Rua Ibicuí","detalhe":"via: tertiary","osm_id":"way/470020267"},"geometry":{"type":"Point","coordinates":[-51.2429501,-30.0824671]}},{"type":"Feature","properties":{"nome":"Ciclovia Érico Veríssimo","detalhe":"via: cycleway","osm_id":"way/470074119"},"geometry":{"type":"Point","coordinates":[-51.2183534,-30.0481401]}},{"type":"Feature","properties":{"nome":"Avenida Teresópolis","detalhe":"via: secondary","osm_id":"way/471664576"},"geometry":{"type":"Point","coordinates":[-51.2078844,-30.0770368]}},{"type":"Feature","properties":{"nome":"Avenida Teresópolis","detalhe":"via: secondary","osm_id":"way/471664577"},"geometry":{"type":"Point","coordinates":[-51.2077787,-30.0774426]}},{"type":"Feature","properties":{"nome":"Viaduto Imperatriz Leopoldina","detalhe":"via: primary","osm_id":"way/471664592"},"geometry":{"type":"Point","coordinates":[-51.2204921,-30.0358795]}},{"type":"Feature","properties":{"nome":"Viaduto Imperatriz Leopoldina","detalhe":"via: secondary","osm_id":"way/471664593"},"geometry":{"type":"Point","coordinates":[-51.2211155,-30.0348618]}},{"type":"Feature","properties":{"nome":"Avenida Joaquim Porto Villanova","detalhe":"via: tertiary","osm_id":"way/471814872"},"geometry":{"type":"Point","coordinates":[-51.1593835,-30.0559036]}},{"type":"Feature","properties":{"nome":"Rua Professor Cristiano Fischer","detalhe":"via: secondary","osm_id":"way/471814889"},"geometry":{"type":"Point","coordinates":[-51.1691603,-30.0557365]}},{"type":"Feature","properties":{"nome":"Corredor de Transporte Coletivo João Pessoa","detalhe":"via: busway","osm_id":"way/471814899"},"geometry":{"type":"Point","coordinates":[-51.2119617,-30.0469649]}},{"type":"Feature","properties":{"nome":null,"detalhe":"via: footway","osm_id":"way/473477213"},"geometry":{"type":"Point","coordinates":[-51.182924,-29.9880471]}},{"type":"Feature","properties":{"nome":null,"detalhe":"via: footway","osm_id":"way/473477219"},"geometry":{"type":"Point","coordinates":[-51.182985,-29.9882197]}},{"type":"Feature","properties":{"nome":"Travessia Paixão Côrtes","detalhe":"via: motorway","osm_id":"way/473690608"},"geometry":{"type":"Point","coordinates":[-51.222831,-29.9897656]}},{"type":"Feature","properties":{"nome":"Travessia Paixão Côrtes","detalhe":"via: motorway","osm_id":"way/473690611"},"geometry":{"type":"Point","coordinates":[-51.2234434,-29.9899191]}},{"type":"Feature","properties":{"nome":"BR-116;BR-290","detalhe":"via: motorway_link","osm_id":"way/473690614"},"geometry":{"type":"Point","coordinates":[-51.2040619,-29.9878959]}},{"type":"Feature","properties":{"nome":null,"detalhe":"via: proposed","osm_id":"way/473690615"},"geometry":{"type":"Point","coordinates":[-51.2021779,-29.9876254]}},{"type":"Feature","properties":{"nome":null,"detalhe":"via: construction","osm_id":"way/473690618"},"geometry":{"type":"Point","coordinates":[-51.2039906,-29.9866824]}},{"type":"Feature","properties":{"nome":null,"detalhe":"via: construction","osm_id":"way/473690619"},"geometry":{"type":"Point","coordinates":[-51.2031327,-29.9887032]}},{"type":"Feature","properties":{"nome":"Travessia Paixão Côrtes","detalhe":"via: motorway_link","osm_id":"way/473690621"},"geometry":{"type":"Point","coordinates":[-51.2058117,-29.9872395]}},{"type":"Feature","properties":{"nome":null,"detalhe":"via: construction","osm_id":"way/473690623"},"geometry":{"type":"Point","coordinates":[-51.2032209,-29.9864149]}},{"type":"Feature","properties":{"nome":null,"detalhe":"via: motorway_link","osm_id":"way/477278412"},"geometry":{"type":"Point","coordinates":[-51.2068781,-29.9974545]}},{"type":"Feature","properties":{"nome":null,"detalhe":"via: motorway_link","osm_id":"way/477278420"},"geometry":{"type":"Point","coordinates":[-51.207432,-29.9995751]}},{"type":"Feature","properties":{"nome":null,"detalhe":"via: footway","osm_id":"way/484610785"},"geometry":{"type":"Point","coordinates":[-51.2544715,-30.1048614]}},{"type":"Feature","properties":{"nome":null,"detalhe":"via: footway","osm_id":"way/484610788"},"geometry":{"type":"Point","coordinates":[-51.2546265,-30.1049228]}},{"type":"Feature","properties":{"nome":null,"detalhe":"via: footway","osm_id":"way/484610794"},"geometry":{"type":"Point","coordinates":[-51.2540867,-30.1047321]}},{"type":"Feature","properties":{"nome":null,"detalhe":"via: service","osm_id":"way/491958210"},"geometry":{"type":"Point","coordinates":[-51.2041021,-30.0096063]}},{"type":"Feature","properties":{"nome":"Avenida Severo Dullius","detalhe":"via: secondary","osm_id":"way/493720538"},"geometry":{"type":"Point","coordinates":[-51.1540831,-29.9869766]}},{"type":"Feature","properties":{"nome":null,"detalhe":"via: secondary_link","osm_id":"way/493720548"},"geometry":{"type":"Point","coordinates":[-51.1397535,-29.995845]}},{"type":"Feature","properties":{"nome":null,"detalhe":"via: motorway_link","osm_id":"way/495086997"},"geometry":{"type":"Point","coordinates":[-51.1815537,-29.9873994]}},{"type":"Feature","properties":{"nome":"Embarque / Via Elevada","detalhe":"via: unclassified","osm_id":"way/495087000"},"geometry":{"type":"Point","coordinates":[-51.175073,-29.9896211]}},{"type":"Feature","properties":{"nome":"Viaduto Imperatriz Leopoldina","detalhe":"via: busway","osm_id":"way/500726023"},"geometry":{"type":"Point","coordinates":[-51.2217907,-30.0341319]}},{"type":"Feature","properties":{"nome":null,"detalhe":"via: motorway_link","osm_id":"way/503875243"},"geometry":{"type":"Point","coordinates":[-51.2060483,-29.9979267]}},{"type":"Feature","properties":{"nome":"Rua Costa Gama","detalhe":"via: secondary","osm_id":"way/514527658"},"geometry":{"type":"Point","coordinates":[-51.0807867,-30.057494]}},{"type":"Feature","properties":{"nome":"Avenida Guilherme Schell","detalhe":"via: secondary","osm_id":"way/527547050"},"geometry":{"type":"Point","coordinates":[-51.1769731,-29.967347]}},{"type":"Feature","properties":{"nome":"Viaduto São Jorge","detalhe":"via: busway","osm_id":"way/541933577"},"geometry":{"type":"Point","coordinates":[-51.1864263,-30.0649918]}},{"type":"Feature","properties":{"nome":"Linha 1","detalhe":"ferrovia","osm_id":"way/550905433"},"geometry":{"type":"Point","coordinates":[-51.1958247,-29.9971853]}},{"type":"Feature","properties":{"nome":"Linha 1","detalhe":"ferrovia","osm_id":"way/550905436"},"geometry":{"type":"Point","coordinates":[-51.1992407,-29.9973186]}},{"type":"Feature","properties":{"nome":"Linha 1","detalhe":"ferrovia","osm_id":"way/550905439"},"geometry":{"type":"Point","coordinates":[-51.1980288,-29.997245]}},{"type":"Feature","properties":{"nome":"Aeromóvel","detalhe":"ferrovia","osm_id":"way/551648919"},"geometry":{"type":"Point","coordinates":[-51.1757972,-29.989692]}},{"type":"Feature","properties":{"nome":"Aeromóvel","detalhe":"ferrovia","osm_id":"way/551648920"},"geometry":{"type":"Point","coordinates":[-51.1792736,-29.9883959]}},{"type":"Feature","properties":{"nome":null,"detalhe":"via: footway","osm_id":"way/557344888"},"geometry":{"type":"Point","coordinates":[-51.1783068,-29.9900693]}},{"type":"Feature","properties":{"nome":null,"detalhe":"via: footway","osm_id":"way/557344889"},"geometry":{"type":"Point","coordinates":[-51.178287,-29.9904121]}},{"type":"Feature","properties":{"nome":null,"detalhe":"via: footway","osm_id":"way/557344890"},"geometry":{"type":"Point","coordinates":[-51.1779605,-29.9905617]}},{"type":"Feature","properties":{"nome":null,"detalhe":"via: footway","osm_id":"way/557344891"},"geometry":{"type":"Point","coordinates":[-51.1771406,-29.9905769]}},{"type":"Feature","properties":{"nome":null,"detalhe":"via: footway","osm_id":"way/557344892"},"geometry":{"type":"Point","coordinates":[-51.1763227,-29.9905913]}},{"type":"Feature","properties":{"nome":null,"detalhe":"via: footway","osm_id":"way/562233929"},"geometry":{"type":"Point","coordinates":[-51.1426909,-30.0266076]}},{"type":"Feature","properties":{"nome":"Avenida Professora Paula Soares","detalhe":"via: tertiary","osm_id":"way/562246712"},"geometry":{"type":"Point","coordinates":[-51.1383101,-30.0128884]}},{"type":"Feature","properties":{"nome":"Rua Biscaia","detalhe":"via: tertiary","osm_id":"way/562246716"},"geometry":{"type":"Point","coordinates":[-51.1420808,-30.0238233]}},{"type":"Feature","properties":{"nome":"Rua Elízio Abate Crivella","detalhe":"via: residential","osm_id":"way/562246719"},"geometry":{"type":"Point","coordinates":[-51.1412634,-30.0200639]}},{"type":"Feature","properties":{"nome":"Rua Fernando Strehlau","detalhe":"via: footway","osm_id":"way/562246728"},"geometry":{"type":"Point","coordinates":[-51.1414281,-30.0207657]}},{"type":"Feature","properties":{"nome":"Rua Heitor Manganelli","detalhe":"via: tertiary","osm_id":"way/562246739"},"geometry":{"type":"Point","coordinates":[-51.1415584,-30.0214292]}},{"type":"Feature","properties":{"nome":"Rua Leopoldo Bettiol","detalhe":"via: tertiary","osm_id":"way/562246742"},"geometry":{"type":"Point","coordinates":[-51.1427988,-30.0275142]}},{"type":"Feature","properties":{"nome":"Rua Nicolau Faillace","detalhe":"via: residential","osm_id":"way/562246745"},"geometry":{"type":"Point","coordinates":[-51.1393747,-30.0159237]}},{"type":"Feature","properties":{"nome":null,"detalhe":"via: tertiary_link","osm_id":"way/562246748"},"geometry":{"type":"Point","coordinates":[-51.1427896,-30.0271435]}},{"type":"Feature","properties":{"nome":null,"detalhe":"via: tertiary_link","osm_id":"way/562246749"},"geometry":{"type":"Point","coordinates":[-51.1383977,-30.0138983]}},{"type":"Feature","properties":{"nome":null,"detalhe":"via: footway","osm_id":"way/564848334"},"geometry":{"type":"Point","coordinates":[-51.1392704,-30.0118783]}},{"type":"Feature","properties":{"nome":"Trilha da FAUFRGS","detalhe":"via: footway","osm_id":"way/597104643"},"geometry":{"type":"Point","coordinates":[-51.1201153,-30.0705865]}},{"type":"Feature","properties":{"nome":"Trilha da FAUFRGS","detalhe":"via: footway","osm_id":"way/597104644"},"geometry":{"type":"Point","coordinates":[-51.1207044,-30.0704501]}},{"type":"Feature","properties":{"nome":"Olhos Atentos","detalhe":"via: footway","osm_id":"way/606792784"},"geometry":{"type":"Point","coordinates":[-51.2416644,-30.0357371]}},{"type":"Feature","properties":{"nome":null,"detalhe":"via: footway","osm_id":"way/606792908"},"geometry":{"type":"Point","coordinates":[-51.2411836,-30.0417808]}},{"type":"Feature","properties":{"nome":null,"detalhe":"via: footway","osm_id":"way/606792925"},"geometry":{"type":"Point","coordinates":[-51.2371952,-30.0429729]}},{"type":"Feature","properties":{"nome":null,"detalhe":"via: footway","osm_id":"way/606792933"},"geometry":{"type":"Point","coordinates":[-51.241392,-30.0415082]}},{"type":"Feature","properties":{"nome":"Passarela Metálica 2","detalhe":"via: footway","osm_id":"way/606792934"},"geometry":{"type":"Point","coordinates":[-51.2408385,-30.0420006]}},{"type":"Feature","properties":{"nome":null,"detalhe":"via: footway","osm_id":"way/606792935"},"geometry":{"type":"Point","coordinates":[-51.2417201,-30.0399316]}},{"type":"Feature","properties":{"nome":"Passarela Metálica","detalhe":"via: footway","osm_id":"way/606792942"},"geometry":{"type":"Point","coordinates":[-51.2420882,-30.037506]}},{"type":"Feature","properties":{"nome":null,"detalhe":"via: footway","osm_id":"way/606792943"},"geometry":{"type":"Point","coordinates":[-51.242071,-30.036321]}},{"type":"Feature","properties":{"nome":"Passarela Metálica 2","detalhe":"via: footway","osm_id":"way/606834461"},"geometry":{"type":"Point","coordinates":[-51.2411692,-30.0418153]}},{"type":"Feature","properties":{"nome":"Passarela Metálica","detalhe":"via: footway","osm_id":"way/606834466"},"geometry":{"type":"Point","coordinates":[-51.2419406,-30.0379002]}},{"type":"Feature","properties":{"nome":"Passarela Metálica","detalhe":"via: footway","osm_id":"way/606834467"},"geometry":{"type":"Point","coordinates":[-51.2420087,-30.0370657]}},{"type":"Feature","properties":{"nome":"Passarela Metálica","detalhe":"via: footway","osm_id":"way/606834468"},"geometry":{"type":"Point","coordinates":[-51.2418069,-30.0379917]}},{"type":"Feature","properties":{"nome":"Passarela Metálica","detalhe":"via: footway","osm_id":"way/606834470"},"geometry":{"type":"Point","coordinates":[-51.2419454,-30.0369239]}},{"type":"Feature","properties":{"nome":"Passarela Metálica 2","detalhe":"via: footway","osm_id":"way/606834481"},"geometry":{"type":"Point","coordinates":[-51.2404479,-30.0421867]}},{"type":"Feature","properties":{"nome":"Rua 31 de Outubro","detalhe":"via: residential","osm_id":"way/657702314"},"geometry":{"type":"Point","coordinates":[-51.0889045,-29.9423342]}},{"type":"Feature","properties":{"nome":"Rua Eroni Soares Machado","detalhe":"via: residential","osm_id":"way/669949564"},"geometry":{"type":"Point","coordinates":[-51.1744061,-30.1535964]}},{"type":"Feature","properties":{"nome":"Corredor de Transporte Coletivo da Azenha","detalhe":"via: busway","osm_id":"way/679623234"},"geometry":{"type":"Point","coordinates":[-51.2136654,-30.0475619]}},{"type":"Feature","properties":{"nome":"Rua Universal","detalhe":"via: tertiary","osm_id":"way/681008988"},"geometry":{"type":"Point","coordinates":[-51.1069622,-30.1104884]}},{"type":"Feature","properties":{"nome":"Rua Porto Rico","detalhe":"via: residential","osm_id":"way/681008991"},"geometry":{"type":"Point","coordinates":[-51.1082817,-30.1092149]}},{"type":"Feature","properties":{"nome":null,"detalhe":"via: footway","osm_id":"way/686374425"},"geometry":{"type":"Point","coordinates":[-51.1605132,-30.0131199]}},{"type":"Feature","properties":{"nome":"Avenida General Flores da Cunha","detalhe":"via: primary","osm_id":"way/698361817"},"geometry":{"type":"Point","coordinates":[-51.0885804,-29.9431663]}},{"type":"Feature","properties":{"nome":"Avenida General Flores da Cunha","detalhe":"via: primary","osm_id":"way/698361819"},"geometry":{"type":"Point","coordinates":[-51.0887472,-29.9431299]}},{"type":"Feature","properties":{"nome":"Rua Bororó","detalhe":"via: tertiary","osm_id":"way/698361821"},"geometry":{"type":"Point","coordinates":[-51.0888596,-29.9415138]}},{"type":"Feature","properties":{"nome":"Teodoro Luís de Castro","detalhe":"via: secondary","osm_id":"way/698785149"},"geometry":{"type":"Point","coordinates":[-51.0792535,-30.0544134]}},{"type":"Feature","properties":{"nome":"Rua Costa Gama","detalhe":"via: secondary","osm_id":"way/698785151"},"geometry":{"type":"Point","coordinates":[-51.0806666,-30.0574444]}},{"type":"Feature","properties":{"nome":"Avenida Ida Silveira de Souza","detalhe":"via: tertiary","osm_id":"way/698785154"},"geometry":{"type":"Point","coordinates":[-51.0802346,-30.0515228]}},{"type":"Feature","properties":{"nome":"Dario Gonçalves Molho","detalhe":"via: secondary","osm_id":"way/698785156"},"geometry":{"type":"Point","coordinates":[-51.0799335,-30.0579824]}},{"type":"Feature","properties":{"nome":null,"detalhe":"via: residential","osm_id":"way/741952301"},"geometry":{"type":"Point","coordinates":[-51.107236,-30.109954]}},{"type":"Feature","properties":{"nome":null,"detalhe":"via: footway","osm_id":"way/787060525"},"geometry":{"type":"Point","coordinates":[-51.2138676,-30.0350278]}},{"type":"Feature","properties":{"nome":"Rua Cachoeira","detalhe":"via: residential","osm_id":"way/788073155"},"geometry":{"type":"Point","coordinates":[-51.2223906,-30.0871963]}},{"type":"Feature","properties":{"nome":"Linha 1","detalhe":"ferrovia","osm_id":"way/790249942"},"geometry":{"type":"Point","coordinates":[-51.1767009,-29.9677326]}},{"type":"Feature","properties":{"nome":"Linha 1","detalhe":"ferrovia","osm_id":"way/790249943"},"geometry":{"type":"Point","coordinates":[-51.1766604,-29.9677301]}},{"type":"Feature","properties":{"nome":null,"detalhe":"via: service","osm_id":"way/806014186"},"geometry":{"type":"Point","coordinates":[-51.1553241,-29.9894686]}},{"type":"Feature","properties":{"nome":null,"detalhe":"via: service","osm_id":"way/835106451"},"geometry":{"type":"Point","coordinates":[-51.1738941,-30.1897364]}},{"type":"Feature","properties":{"nome":null,"detalhe":"via: footway","osm_id":"way/835108251"},"geometry":{"type":"Point","coordinates":[-51.1716915,-30.1907021]}},{"type":"Feature","properties":{"nome":null,"detalhe":"via: service","osm_id":"way/835118107"},"geometry":{"type":"Point","coordinates":[-51.1677094,-30.1853588]}},{"type":"Feature","properties":{"nome":null,"detalhe":"via: footway","osm_id":"way/837409292"},"geometry":{"type":"Point","coordinates":[-51.1743535,-30.1895784]}},{"type":"Feature","properties":{"nome":"Avenida Presidente Castello Branco","detalhe":"via: motorway_link","osm_id":"way/883302672"},"geometry":{"type":"Point","coordinates":[-51.2045339,-29.9894504]}},{"type":"Feature","properties":{"nome":"Travessia Régis Bitencourt","detalhe":"via: motorway","osm_id":"way/883353868"},"geometry":{"type":"Point","coordinates":[-51.2369093,-29.988117]}},{"type":"Feature","properties":{"nome":null,"detalhe":"via: proposed","osm_id":"way/883353874"},"geometry":{"type":"Point","coordinates":[-51.2015776,-29.9871905]}},{"type":"Feature","properties":{"nome":null,"detalhe":"via: proposed","osm_id":"way/883353876"},"geometry":{"type":"Point","coordinates":[-51.2015455,-29.9885978]}},{"type":"Feature","properties":{"nome":null,"detalhe":"via: construction","osm_id":"way/883368327"},"geometry":{"type":"Point","coordinates":[-51.2033477,-29.9899731]}},{"type":"Feature","properties":{"nome":"Travessia Paixão Côrtes","detalhe":"via: motorway","osm_id":"way/883800514"},"geometry":{"type":"Point","coordinates":[-51.2067945,-29.9875572]}},{"type":"Feature","properties":{"nome":"BR-116;BR-290","detalhe":"via: motorway_link","osm_id":"way/883852109"},"geometry":{"type":"Point","coordinates":[-51.2045275,-29.9863756]}},{"type":"Feature","properties":{"nome":"BR-116;BR-290","detalhe":"via: motorway_link","osm_id":"way/883852110"},"geometry":{"type":"Point","coordinates":[-51.2030314,-29.9848795]}},{"type":"Feature","properties":{"nome":"Viaduto José Alencar Gomes da Silva","detalhe":"via: motorway_link","osm_id":"way/883852111"},"geometry":{"type":"Point","coordinates":[-51.1976864,-29.9740072]}},{"type":"Feature","properties":{"nome":"Viaduto José Alencar Gomes da Silva","detalhe":"via: motorway_link","osm_id":"way/883852112"},"geometry":{"type":"Point","coordinates":[-51.1980126,-29.9749179]}},{"type":"Feature","properties":{"nome":"BR-116;BR-290","detalhe":"via: motorway_link","osm_id":"way/883852113"},"geometry":{"type":"Point","coordinates":[-51.202502,-29.9864856]}},{"type":"Feature","properties":{"nome":null,"detalhe":"via: construction","osm_id":"way/883852114"},"geometry":{"type":"Point","coordinates":[-51.2041945,-29.9883339]}},{"type":"Feature","properties":{"nome":null,"detalhe":"via: motorway_link","osm_id":"way/883852115"},"geometry":{"type":"Point","coordinates":[-51.2060854,-29.9987628]}},{"type":"Feature","properties":{"nome":null,"detalhe":"via: motorway_link","osm_id":"way/883852116"},"geometry":{"type":"Point","coordinates":[-51.2055588,-29.9986613]}},{"type":"Feature","properties":{"nome":"Travessia Paixão Côrtes","detalhe":"via: motorway","osm_id":"way/886494030"},"geometry":{"type":"Point","coordinates":[-51.2116088,-29.9880864]}},{"type":"Feature","properties":{"nome":"Travessia Paixão Côrtes","detalhe":"via: motorway","osm_id":"way/886494031"},"geometry":{"type":"Point","coordinates":[-51.2126556,-29.988315]}},{"type":"Feature","properties":{"nome":"Rua Antônio Nichele","detalhe":"via: residential","osm_id":"way/899898763"},"geometry":{"type":"Point","coordinates":[-51.2071867,-29.936643]}},{"type":"Feature","properties":{"nome":"Rua dos Pilares","detalhe":"via: tertiary","osm_id":"way/901463740"},"geometry":{"type":"Point","coordinates":[-51.2763546,-29.9936025]}},{"type":"Feature","properties":{"nome":null,"detalhe":"via: footway","osm_id":"way/903285379"},"geometry":{"type":"Point","coordinates":[-51.1754021,-30.0279669]}},{"type":"Feature","properties":{"nome":null,"detalhe":"via: service","osm_id":"way/904917599"},"geometry":{"type":"Point","coordinates":[-51.137136,-29.9901838]}},{"type":"Feature","properties":{"nome":"Rua do Schneider","detalhe":"via: tertiary","osm_id":"way/905050682"},"geometry":{"type":"Point","coordinates":[-51.1740726,-30.1641756]}},{"type":"Feature","properties":{"nome":"Rua Tenente Eugênio Duarte","detalhe":"via: tertiary","osm_id":"way/905280370"},"geometry":{"type":"Point","coordinates":[-51.0743304,-30.0326768]}},{"type":"Feature","properties":{"nome":"Rua dos Canários","detalhe":"via: tertiary","osm_id":"way/905280372"},"geometry":{"type":"Point","coordinates":[-51.0721602,-30.0347599]}},{"type":"Feature","properties":{"nome":"Rua Nilza da Silveira","detalhe":"via: residential","osm_id":"way/905304435"},"geometry":{"type":"Point","coordinates":[-51.1582362,-30.1468345]}},{"type":"Feature","properties":{"nome":null,"detalhe":"via: primary_link","osm_id":"way/907685382"},"geometry":{"type":"Point","coordinates":[-51.219594,-30.0254349]}},{"type":"Feature","properties":{"nome":"Rua Antônio Carlos Jobim","detalhe":"via: secondary","osm_id":"way/909892496"},"geometry":{"type":"Point","coordinates":[-51.0765655,-30.0305688]}},{"type":"Feature","properties":{"nome":"Rua Luiz Cézar Leal","detalhe":"via: footway","osm_id":"way/910307794"},"geometry":{"type":"Point","coordinates":[-51.0874732,-30.0037135]}},{"type":"Feature","properties":{"nome":"Rua Hermínio Machado","detalhe":"via: secondary","osm_id":"way/910322573"},"geometry":{"type":"Point","coordinates":[-51.0818741,-30.0284631]}},{"type":"Feature","properties":{"nome":"Rua Costa Gama","detalhe":"via: secondary","osm_id":"way/910360577"},"geometry":{"type":"Point","coordinates":[-51.0807452,-30.0574003]}},{"type":"Feature","properties":{"nome":"Dario Gonçalves Molho","detalhe":"via: secondary","osm_id":"way/910360579"},"geometry":{"type":"Point","coordinates":[-51.0798729,-30.057901]}},{"type":"Feature","properties":{"nome":"Dario Gonçalves Molho","detalhe":"via: secondary","osm_id":"way/910360580"},"geometry":{"type":"Point","coordinates":[-51.0799023,-30.0579408]}},{"type":"Feature","properties":{"nome":"Rua Jaraguá","detalhe":"via: tertiary","osm_id":"way/910399685"},"geometry":{"type":"Point","coordinates":[-51.085906,-30.0564992]}},{"type":"Feature","properties":{"nome":"Rua Jaraguá","detalhe":"via: tertiary","osm_id":"way/910399686"},"geometry":{"type":"Point","coordinates":[-51.0858944,-30.0564393]}},{"type":"Feature","properties":{"nome":"Rua José Feijó Cardoso","detalhe":"via: tertiary","osm_id":"way/910449766"},"geometry":{"type":"Point","coordinates":[-51.0823855,-30.060716]}},{"type":"Feature","properties":{"nome":"Avenida Paraíso","detalhe":"via: secondary","osm_id":"way/910498496"},"geometry":{"type":"Point","coordinates":[-51.0853572,-30.0478901]}},{"type":"Feature","properties":{"nome":null,"detalhe":"via: residential","osm_id":"way/910498638"},"geometry":{"type":"Point","coordinates":[-51.0816064,-30.0591101]}},{"type":"Feature","properties":{"nome":"Rua Osvaldo Godoy Gomes","detalhe":"via: residential","osm_id":"way/910498640"},"geometry":{"type":"Point","coordinates":[-51.081261,-30.0582562]}},{"type":"Feature","properties":{"nome":"Teodoro Luís de Castro","detalhe":"via: secondary","osm_id":"way/910498665"},"geometry":{"type":"Point","coordinates":[-51.0848407,-30.0478236]}},{"type":"Feature","properties":{"nome":"Avenida Paraíso","detalhe":"via: secondary","osm_id":"way/910498667"},"geometry":{"type":"Point","coordinates":[-51.0853704,-30.0479335]}},{"type":"Feature","properties":{"nome":null,"detalhe":"via: tertiary","osm_id":"way/910498669"},"geometry":{"type":"Point","coordinates":[-51.0790964,-30.0540012]}},{"type":"Feature","properties":{"nome":null,"detalhe":"via: secondary_link","osm_id":"way/912238834"},"geometry":{"type":"Point","coordinates":[-51.1757661,-30.0575289]}},{"type":"Feature","properties":{"nome":"Rua Ariano Vilar Suassuna","detalhe":"via: living_street","osm_id":"way/912617571"},"geometry":{"type":"Point","coordinates":[-51.1105016,-29.9955713]}},{"type":"Feature","properties":{"nome":"Rua 8017","detalhe":"via: living_street","osm_id":"way/913014953"},"geometry":{"type":"Point","coordinates":[-51.1370691,-30.1983334]}},{"type":"Feature","properties":{"nome":"Rua Marinheiros","detalhe":"via: residential","osm_id":"way/916094122"},"geometry":{"type":"Point","coordinates":[-51.252359,-30.0310722]}},{"type":"Feature","properties":{"nome":"Rua Picasso","detalhe":"via: residential","osm_id":"way/916149140"},"geometry":{"type":"Point","coordinates":[-51.2537388,-30.1196149]}},{"type":"Feature","properties":{"nome":"Rua São Tomé","detalhe":"via: residential","osm_id":"way/917374369"},"geometry":{"type":"Point","coordinates":[-51.0902433,-29.9382684]}},{"type":"Feature","properties":{"nome":"Avenida Bernardino Silveira Amorim","detalhe":"via: secondary","osm_id":"way/917403300"},"geometry":{"type":"Point","coordinates":[-51.1109491,-29.9859641]}},{"type":"Feature","properties":{"nome":"Avenida Caldéia","detalhe":"via: living_street","osm_id":"way/917674736"},"geometry":{"type":"Point","coordinates":[-51.1072209,-29.9846568]}},{"type":"Feature","properties":{"nome":"Rua Pagé","detalhe":"via: residential","osm_id":"way/920644394"},"geometry":{"type":"Point","coordinates":[-51.089254,-29.9404912]}},{"type":"Feature","properties":{"nome":null,"detalhe":"via: footway","osm_id":"way/923974023"},"geometry":{"type":"Point","coordinates":[-51.1271722,-29.9977264]}},{"type":"Feature","properties":{"nome":null,"detalhe":"via: footway","osm_id":"way/923974026"},"geometry":{"type":"Point","coordinates":[-51.1250749,-30.001359]}},{"type":"Feature","properties":{"nome":"Avenida General Raphael Zippin","detalhe":"via: tertiary","osm_id":"way/924431732"},"geometry":{"type":"Point","coordinates":[-51.1248322,-30.0036153]}},{"type":"Feature","properties":{"nome":"Avenida General Raphael Zippin","detalhe":"via: tertiary","osm_id":"way/924431734"},"geometry":{"type":"Point","coordinates":[-51.1248475,-30.0035143]}},{"type":"Feature","properties":{"nome":"Avenida Baltazar de Oliveira Garcia","detalhe":"via: primary","osm_id":"way/924513246"},"geometry":{"type":"Point","coordinates":[-51.0930718,-30.0115266]}},{"type":"Feature","properties":{"nome":null,"detalhe":"via: footway","osm_id":"way/924515230"},"geometry":{"type":"Point","coordinates":[-51.1390859,-30.0153269]}},{"type":"Feature","properties":{"nome":"Rua Lopes Teixeira","detalhe":"via: residential","osm_id":"way/924515231"},"geometry":{"type":"Point","coordinates":[-51.1381973,-30.0130581]}},{"type":"Feature","properties":{"nome":null,"detalhe":"via: footway","osm_id":"way/924518403"},"geometry":{"type":"Point","coordinates":[-51.1416562,-30.0218702]}},{"type":"Feature","properties":{"nome":null,"detalhe":"via: footway","osm_id":"way/924518406"},"geometry":{"type":"Point","coordinates":[-51.1404924,-30.018242]}},{"type":"Feature","properties":{"nome":null,"detalhe":"via: path","osm_id":"way/924543973"},"geometry":{"type":"Point","coordinates":[-51.0745545,-30.0274944]}},{"type":"Feature","properties":{"nome":null,"detalhe":"via: footway","osm_id":"way/924564811"},"geometry":{"type":"Point","coordinates":[-51.0753392,-30.031739]}},{"type":"Feature","properties":{"nome":null,"detalhe":"via: footway","osm_id":"way/924832311"},"geometry":{"type":"Point","coordinates":[-51.108344,-29.9851421]}},{"type":"Feature","properties":{"nome":"Rua Alameda","detalhe":"via: residential","osm_id":"way/924859143"},"geometry":{"type":"Point","coordinates":[-51.0849568,-30.0275957]}},{"type":"Feature","properties":{"nome":null,"detalhe":"via: footway","osm_id":"way/924859145"},"geometry":{"type":"Point","coordinates":[-51.0832836,-30.0280331]}},{"type":"Feature","properties":{"nome":null,"detalhe":"via: footway","osm_id":"way/924860740"},"geometry":{"type":"Point","coordinates":[-51.0861531,-30.027268]}},{"type":"Feature","properties":{"nome":null,"detalhe":"via: footway","osm_id":"way/924860742"},"geometry":{"type":"Point","coordinates":[-51.0786781,-30.0293218]}},{"type":"Feature","properties":{"nome":null,"detalhe":"via: footway","osm_id":"way/924860744"},"geometry":{"type":"Point","coordinates":[-51.0773955,-30.0298867]}},{"type":"Feature","properties":{"nome":"Viaduto Obirici","detalhe":"via: secondary","osm_id":"way/924937141"},"geometry":{"type":"Point","coordinates":[-51.170464,-30.0117933]}},{"type":"Feature","properties":{"nome":"Rua Doutor Salvador França","detalhe":"via: primary","osm_id":"way/925243223"},"geometry":{"type":"Point","coordinates":[-51.1845203,-30.057723]}},{"type":"Feature","properties":{"nome":"Rua Santa Flora","detalhe":"via: tertiary","osm_id":"way/925256425"},"geometry":{"type":"Point","coordinates":[-51.23115,-30.0955595]}},{"type":"Feature","properties":{"nome":"Rua Vicente da Fontoura","detalhe":"via: tertiary","osm_id":"way/925257085"},"geometry":{"type":"Point","coordinates":[-51.1978226,-30.046571]}},{"type":"Feature","properties":{"nome":null,"detalhe":"via: footway","osm_id":"way/925283244"},"geometry":{"type":"Point","coordinates":[-51.1425017,-30.0257438]}},{"type":"Feature","properties":{"nome":"Estrada Cristiano Kraemer","detalhe":"via: secondary","osm_id":"way/925333365"},"geometry":{"type":"Point","coordinates":[-51.2022681,-30.1245719]}},{"type":"Feature","properties":{"nome":"Estrada Cristiano Kraemer","detalhe":"via: secondary","osm_id":"way/925333368"},"geometry":{"type":"Point","coordinates":[-51.2024541,-30.1228877]}},{"type":"Feature","properties":{"nome":"Estrada das 3 Meninas","detalhe":"via: secondary","osm_id":"way/926751724"},"geometry":{"type":"Point","coordinates":[-51.1961278,-30.1212636]}},{"type":"Feature","properties":{"nome":"Estrada das 3 Meninas","detalhe":"via: secondary","osm_id":"way/926751725"},"geometry":{"type":"Point","coordinates":[-51.2017616,-30.1180828]}},{"type":"Feature","properties":{"nome":"Avenida Bento Gonçalves","detalhe":"via: primary","osm_id":"way/926786136"},"geometry":{"type":"Point","coordinates":[-51.1350295,-30.0750878]}},{"type":"Feature","properties":{"nome":"Avenida Bento Gonçalves","detalhe":"via: primary","osm_id":"way/926786138"},"geometry":{"type":"Point","coordinates":[-51.1348943,-30.0749506]}},{"type":"Feature","properties":{"nome":"Ciclovia Sertório","detalhe":"via: cycleway","osm_id":"way/926816169"},"geometry":{"type":"Point","coordinates":[-51.1396524,-29.9977156]}},{"type":"Feature","properties":{"nome":null,"detalhe":"via: footway","osm_id":"way/926858549"},"geometry":{"type":"Point","coordinates":[-51.1361042,-29.9934031]}},{"type":"Feature","properties":{"nome":"Ponte Corrego","detalhe":"via: footway","osm_id":"way/926886604"},"geometry":{"type":"Point","coordinates":[-51.1219595,-30.0163228]}},{"type":"Feature","properties":{"nome":"Ponte Corrego","detalhe":"via: footway","osm_id":"way/926886606"},"geometry":{"type":"Point","coordinates":[-51.1214073,-30.0164321]}},{"type":"Feature","properties":{"nome":"Rua Dona Firmina","detalhe":"via: residential","osm_id":"way/926894150"},"geometry":{"type":"Point","coordinates":[-51.1681576,-30.0778205]}},{"type":"Feature","properties":{"nome":null,"detalhe":"via: footway","osm_id":"way/926901969"},"geometry":{"type":"Point","coordinates":[-51.1400536,-30.010662]}},{"type":"Feature","properties":{"nome":"Rua Doutor Manoel José Lopes Fernandes","detalhe":"via: tertiary","osm_id":"way/927205961"},"geometry":{"type":"Point","coordinates":[-51.1745205,-30.0754053]}},{"type":"Feature","properties":{"nome":"Rua Maria Luiza Peres","detalhe":"via: tertiary","osm_id":"way/927245045"},"geometry":{"type":"Point","coordinates":[-51.1870383,-30.0732794]}},{"type":"Feature","properties":{"nome":"Rua Dezidério Severino","detalhe":"via: residential","osm_id":"way/927266776"},"geometry":{"type":"Point","coordinates":[-51.1208442,-30.0165373]}},{"type":"Feature","properties":{"nome":"Travessa Chateaubriand","detalhe":"via: residential","osm_id":"way/927266778"},"geometry":{"type":"Point","coordinates":[-51.1227994,-30.0161774]}},{"type":"Feature","properties":{"nome":"Estrada Afonso Lourenço Mariante","detalhe":"via: secondary","osm_id":"way/927292668"},"geometry":{"type":"Point","coordinates":[-51.1691111,-30.1150564]}},{"type":"Feature","properties":{"nome":"Estrada Afonso Lourenço Mariante","detalhe":"via: secondary","osm_id":"way/927292673"},"geometry":{"type":"Point","coordinates":[-51.1623235,-30.1124242]}},{"type":"Feature","properties":{"nome":"Estrada Afonso Lourenço Mariante","detalhe":"via: secondary","osm_id":"way/927292677"},"geometry":{"type":"Point","coordinates":[-51.1606568,-30.1113431]}},{"type":"Feature","properties":{"nome":null,"detalhe":"via: living_street","osm_id":"way/927359126"},"geometry":{"type":"Point","coordinates":[-51.1393791,-30.097855]}},{"type":"Feature","properties":{"nome":"Avenida Teresópolis","detalhe":"via: secondary","osm_id":"way/927559238"},"geometry":{"type":"Point","coordinates":[-51.2078391,-30.0771738]}},{"type":"Feature","properties":{"nome":"Avenida Teresópolis","detalhe":"via: secondary","osm_id":"way/927559239"},"geometry":{"type":"Point","coordinates":[-51.2077757,-30.0777293]}},{"type":"Feature","properties":{"nome":"Corredor de Transporte Coletivo Teresópolis","detalhe":"via: busway","osm_id":"way/927559240"},"geometry":{"type":"Point","coordinates":[-51.2079502,-30.0770458]}},{"type":"Feature","properties":{"nome":null,"detalhe":"via: footway","osm_id":"way/927782890"},"geometry":{"type":"Point","coordinates":[-51.1552096,-30.0574363]}},{"type":"Feature","properties":{"nome":null,"detalhe":"via: footway","osm_id":"way/927797666"},"geometry":{"type":"Point","coordinates":[-51.178758,-30.0587663]}},{"type":"Feature","properties":{"nome":"Passarela da PUCRS","detalhe":"via: footway","osm_id":"way/927931450"},"geometry":{"type":"Point","coordinates":[-51.1750165,-30.0571952]}},{"type":"Feature","properties":{"nome":"Avenida Baltazar de Oliveira Garcia","detalhe":"via: primary","osm_id":"way/928465689"},"geometry":{"type":"Point","coordinates":[-51.1250399,-30.0124181]}},{"type":"Feature","properties":{"nome":"Avenida Baltazar de Oliveira Garcia","detalhe":"via: primary","osm_id":"way/928465690"},"geometry":{"type":"Point","coordinates":[-51.1252274,-30.0121861]}},{"type":"Feature","properties":{"nome":"Avenida Professor Oscar Pereira","detalhe":"via: secondary","osm_id":"way/929882026"},"geometry":{"type":"Point","coordinates":[-51.1724513,-30.1043668]}},{"type":"Feature","properties":{"nome":null,"detalhe":"via: service","osm_id":"way/929882029"},"geometry":{"type":"Point","coordinates":[-51.1723994,-30.1046439]}},{"type":"Feature","properties":{"nome":"Avenida Professor Oscar Pereira","detalhe":"via: secondary","osm_id":"way/929882034"},"geometry":{"type":"Point","coordinates":[-51.1731786,-30.1072559]}},{"type":"Feature","properties":{"nome":null,"detalhe":"via: steps","osm_id":"way/929889586"},"geometry":{"type":"Point","coordinates":[-51.1719408,-29.9704222]}},{"type":"Feature","properties":{"nome":"Rua Senador Teotônio Vilella","detalhe":"via: secondary","osm_id":"way/929922495"},"geometry":{"type":"Point","coordinates":[-51.0619446,-29.9365393]}},{"type":"Feature","properties":{"nome":"Rua Vasco Alves","detalhe":"via: tertiary","osm_id":"way/929922500"},"geometry":{"type":"Point","coordinates":[-51.0656528,-29.9377803]}},{"type":"Feature","properties":{"nome":null,"detalhe":"via: steps","osm_id":"way/929928751"},"geometry":{"type":"Point","coordinates":[-51.1113399,-29.9602994]}},{"type":"Feature","properties":{"nome":null,"detalhe":"via: steps","osm_id":"way/930347578"},"geometry":{"type":"Point","coordinates":[-51.1787748,-29.9768102]}},{"type":"Feature","properties":{"nome":"Rua Curitiba","detalhe":"via: residential","osm_id":"way/930347581"},"geometry":{"type":"Point","coordinates":[-51.1970703,-29.9371743]}},{"type":"Feature","properties":{"nome":"Avenida Lourdes Monteiro","detalhe":"via: secondary","osm_id":"way/930377654"},"geometry":{"type":"Point","coordinates":[-51.0705142,-30.0363291]}},{"type":"Feature","properties":{"nome":"Avenida Lourdes Monteiro","detalhe":"via: secondary","osm_id":"way/930377655"},"geometry":{"type":"Point","coordinates":[-51.0705653,-30.0362851]}},{"type":"Feature","properties":{"nome":"Rua Doutor Salvador França","detalhe":"via: primary","osm_id":"way/930398519"},"geometry":{"type":"Point","coordinates":[-51.1838459,-30.0580376]}},{"type":"Feature","properties":{"nome":"Ciclovia Érico Veríssimo","detalhe":"via: cycleway","osm_id":"way/930398523"},"geometry":{"type":"Point","coordinates":[-51.2181438,-30.0481137]}},{"type":"Feature","properties":{"nome":"Avenida Praia de Belas","detalhe":"via: secondary","osm_id":"way/930398527"},"geometry":{"type":"Point","coordinates":[-51.2276778,-30.0478356]}},{"type":"Feature","properties":{"nome":"Avenida Praia de Belas","detalhe":"via: secondary","osm_id":"way/930398533"},"geometry":{"type":"Point","coordinates":[-51.2275919,-30.0478404]}},{"type":"Feature","properties":{"nome":null,"detalhe":"via: construction","osm_id":"way/930398536"},"geometry":{"type":"Point","coordinates":[-51.2069663,-30.0440263]}},{"type":"Feature","properties":{"nome":"Rua Barão do Amazonas","detalhe":"via: secondary","osm_id":"way/930398538"},"geometry":{"type":"Point","coordinates":[-51.1894772,-30.0552871]}},{"type":"Feature","properties":{"nome":"Avenida Getúlio Vargas","detalhe":"via: secondary","osm_id":"way/930398541"},"geometry":{"type":"Point","coordinates":[-51.2215218,-30.0483161]}},{"type":"Feature","properties":{"nome":"Viaduto Imperatriz Leopoldina","detalhe":"via: primary","osm_id":"way/930400414"},"geometry":{"type":"Point","coordinates":[-51.2212751,-30.0348962]}},{"type":"Feature","properties":{"nome":"Avenida Érico Veríssimo","detalhe":"via: secondary","osm_id":"way/930400415"},"geometry":{"type":"Point","coordinates":[-51.2180668,-30.0481049]}},{"type":"Feature","properties":{"nome":"Avenida Presidente Castello Branco","detalhe":"via: primary","osm_id":"way/930400422"},"geometry":{"type":"Point","coordinates":[-51.2081158,-30.0022996]}},{"type":"Feature","properties":{"nome":null,"detalhe":"via: footway","osm_id":"way/930753426"},"geometry":{"type":"Point","coordinates":[-51.1737149,-30.0385207]}},{"type":"Feature","properties":{"nome":null,"detalhe":"via: footway","osm_id":"way/930753427"},"geometry":{"type":"Point","coordinates":[-51.173875,-30.0384967]}},{"type":"Feature","properties":{"nome":null,"detalhe":"via: cycleway","osm_id":"way/930753429"},"geometry":{"type":"Point","coordinates":[-51.1671285,-30.0557548]}},{"type":"Feature","properties":{"nome":null,"detalhe":"via: footway","osm_id":"way/930753430"},"geometry":{"type":"Point","coordinates":[-51.1648708,-30.0557803]}},{"type":"Feature","properties":{"nome":"Rua Tangara","detalhe":"via: residential","osm_id":"way/933159009"},"geometry":{"type":"Point","coordinates":[-51.0975325,-30.1158097]}},{"type":"Feature","properties":{"nome":null,"detalhe":"via: service","osm_id":"way/942460289"},"geometry":{"type":"Point","coordinates":[-51.2372421,-30.0945488]}},{"type":"Feature","properties":{"nome":null,"detalhe":"via: proposed","osm_id":"way/977074329"},"geometry":{"type":"Point","coordinates":[-51.202338,-29.9864488]}},{"type":"Feature","properties":{"nome":null,"detalhe":"via: residential","osm_id":"way/993340559"},"geometry":{"type":"Point","coordinates":[-51.1674152,-30.1934388]}},{"type":"Feature","properties":{"nome":"Rua Bonanza","detalhe":"via: residential","osm_id":"way/1056714051"},"geometry":{"type":"Point","coordinates":[-51.0823649,-30.0686297]}},{"type":"Feature","properties":{"nome":"Rua Juvêncio Peixoto","detalhe":"via: unclassified","osm_id":"way/1058255870"},"geometry":{"type":"Point","coordinates":[-51.0714648,-30.1605134]}},{"type":"Feature","properties":{"nome":null,"detalhe":"via: footway","osm_id":"way/1058255872"},"geometry":{"type":"Point","coordinates":[-51.0668974,-30.1563699]}},{"type":"Feature","properties":{"nome":"Rua Primeiro Sargento Euclides Barrachini","detalhe":"via: unclassified","osm_id":"way/1058255874"},"geometry":{"type":"Point","coordinates":[-51.0677611,-30.1586393]}},{"type":"Feature","properties":{"nome":"Rua Cacique","detalhe":"via: footway","osm_id":"way/1058255885"},"geometry":{"type":"Point","coordinates":[-51.0725383,-30.1581333]}},{"type":"Feature","properties":{"nome":null,"detalhe":"via: cycleway","osm_id":"way/1092534740"},"geometry":{"type":"Point","coordinates":[-51.2135665,-30.047547]}},{"type":"Feature","properties":{"nome":"Corredor de Transporte Coletivo Teresópolis","detalhe":"via: busway","osm_id":"way/1118213541"},"geometry":{"type":"Point","coordinates":[-51.2078482,-30.0774658]}},{"type":"Feature","properties":{"nome":null,"detalhe":"via: footway","osm_id":"way/1123478637"},"geometry":{"type":"Point","coordinates":[-51.1704991,-30.0537388]}},{"type":"Feature","properties":{"nome":null,"detalhe":"via: footway","osm_id":"way/1123478638"},"geometry":{"type":"Point","coordinates":[-51.1710813,-30.0539024]}},{"type":"Feature","properties":{"nome":null,"detalhe":"via: service","osm_id":"way/1123740333"},"geometry":{"type":"Point","coordinates":[-51.2302083,-30.0986012]}},{"type":"Feature","properties":{"nome":"Beco da Fábrica","detalhe":"via: residential","osm_id":"way/1124001850"},"geometry":{"type":"Point","coordinates":[-51.1323967,-30.0428896]}},{"type":"Feature","properties":{"nome":"Rua Elvira Dendena","detalhe":"via: residential","osm_id":"way/1151614829"},"geometry":{"type":"Point","coordinates":[-51.1751738,-30.1611034]}},{"type":"Feature","properties":{"nome":"Rua Geraldo Tollens Linck","detalhe":"via: residential","osm_id":"way/1151614831"},"geometry":{"type":"Point","coordinates":[-51.1754559,-30.1586144]}},{"type":"Feature","properties":{"nome":null,"detalhe":"via: unclassified","osm_id":"way/1188367874"},"geometry":{"type":"Point","coordinates":[-51.1189585,-30.0745883]}},{"type":"Feature","properties":{"nome":"Rodovia Doutor Fábio André Koff","detalhe":"via: motorway","osm_id":"way/1209638646"},"geometry":{"type":"Point","coordinates":[-51.2027057,-29.9596558]}},{"type":"Feature","properties":{"nome":"Beco do Sabino","detalhe":"via: service","osm_id":"way/1212410455"},"geometry":{"type":"Point","coordinates":[-51.1602073,-30.1842639]}},{"type":"Feature","properties":{"nome":"Rua Dona Alzira","detalhe":"via: secondary","osm_id":"way/1212755797"},"geometry":{"type":"Point","coordinates":[-51.139829,-29.9898182]}},{"type":"Feature","properties":{"nome":"Estrada do Varejão","detalhe":"via: primary","osm_id":"way/1212921397"},"geometry":{"type":"Point","coordinates":[-51.1005736,-30.21888]}},{"type":"Feature","properties":{"nome":"Estrada Frederico Augusto Hanemann","detalhe":"via: living_street","osm_id":"way/1212921446"},"geometry":{"type":"Point","coordinates":[-51.1019685,-30.2060848]}},{"type":"Feature","properties":{"nome":null,"detalhe":"via: secondary_link","osm_id":"way/1238001937"},"geometry":{"type":"Point","coordinates":[-51.1725571,-30.0561321]}},{"type":"Feature","properties":{"nome":"Avenida Martinho Poeta","detalhe":"via: residential","osm_id":"way/1242079982"},"geometry":{"type":"Point","coordinates":[-51.2822226,-29.9831117]}},{"type":"Feature","properties":{"nome":"Avenida Engenheiro Irineu de Carvalho Braga","detalhe":"via: secondary","osm_id":"way/1252196416"},"geometry":{"type":"Point","coordinates":[-51.1952945,-29.9371225]}},{"type":"Feature","properties":{"nome":"Beco do Arthur","detalhe":"via: residential","osm_id":"way/1259823546"},"geometry":{"type":"Point","coordinates":[-51.1327162,-30.2135619]}},{"type":"Feature","properties":{"nome":"Passarela Setimo José Luizelli","detalhe":"via: footway","osm_id":"way/1282045361"},"geometry":{"type":"Point","coordinates":[-51.2202156,-30.0247713]}},{"type":"Feature","properties":{"nome":null,"detalhe":"via: residential","osm_id":"way/1286339077"},"geometry":{"type":"Point","coordinates":[-51.0797113,-30.0550314]}},{"type":"Feature","properties":{"nome":null,"detalhe":"via: path","osm_id":"way/1292687217"},"geometry":{"type":"Point","coordinates":[-51.0829898,-29.954454]}},{"type":"Feature","properties":{"nome":"Linha 1","detalhe":"ferrovia","osm_id":"way/1315736549"},"geometry":{"type":"Point","coordinates":[-51.1970264,-29.9972024]}},{"type":"Feature","properties":{"nome":null,"detalhe":"via: footway","osm_id":"way/1315819079"},"geometry":{"type":"Point","coordinates":[-51.2334779,-30.0544529]}},{"type":"Feature","properties":{"nome":null,"detalhe":"via: proposed","osm_id":"way/1321971625"},"geometry":{"type":"Point","coordinates":[-51.20254,-29.9886276]}},{"type":"Feature","properties":{"nome":null,"detalhe":"via: proposed","osm_id":"way/1321971626"},"geometry":{"type":"Point","coordinates":[-51.2025369,-29.9886687]}},{"type":"Feature","properties":{"nome":"Aeromóvel","detalhe":"ferrovia","osm_id":"way/1327251622"},"geometry":{"type":"Point","coordinates":[-51.1757981,-29.9894384]}},{"type":"Feature","properties":{"nome":"Aeromóvel","detalhe":"ferrovia","osm_id":"way/1327251623"},"geometry":{"type":"Point","coordinates":[-51.1826763,-29.9874405]}},{"type":"Feature","properties":{"nome":"Aeromóvel","detalhe":"ferrovia","osm_id":"way/1327251624"},"geometry":{"type":"Point","coordinates":[-51.1826252,-29.9873316]}},{"type":"Feature","properties":{"nome":null,"detalhe":"via: cycleway","osm_id":"way/1333609685"},"geometry":{"type":"Point","coordinates":[-51.1613263,-29.9737632]}},{"type":"Feature","properties":{"nome":"Corredor de Transporte Coletivo Sertório","detalhe":"via: busway","osm_id":"way/1333737309"},"geometry":{"type":"Point","coordinates":[-51.1396532,-29.9978148]}},{"type":"Feature","properties":{"nome":"Corredor de Transporte Coletivo Sertório","detalhe":"via: busway","osm_id":"way/1333737311"},"geometry":{"type":"Point","coordinates":[-51.1396536,-29.9978594]}},{"type":"Feature","properties":{"nome":"Ciclovia Severo Dullius","detalhe":"via: cycleway","osm_id":"way/1335845787"},"geometry":{"type":"Point","coordinates":[-51.1541073,-29.9872398]}},{"type":"Feature","properties":{"nome":"Passarela Setimo José Luizelli","detalhe":"via: footway","osm_id":"way/1355429037"},"geometry":{"type":"Point","coordinates":[-51.2194402,-30.0242052]}},{"type":"Feature","properties":{"nome":null,"detalhe":"via: residential","osm_id":"way/1383917995"},"geometry":{"type":"Point","coordinates":[-51.1119906,-30.2212983]}},{"type":"Feature","properties":{"nome":null,"detalhe":"via: footway","osm_id":"way/1392451539"},"geometry":{"type":"Point","coordinates":[-51.2176958,-29.9945753]}},{"type":"Feature","properties":{"nome":null,"detalhe":"via: footway","osm_id":"way/1392451540"},"geometry":{"type":"Point","coordinates":[-51.2174446,-29.9943893]}},{"type":"Feature","properties":{"nome":null,"detalhe":"via: footway","osm_id":"way/1392451541"},"geometry":{"type":"Point","coordinates":[-51.2179354,-29.9947479]}},{"type":"Feature","properties":{"nome":"Beco Passo da Taquara","detalhe":"via: tertiary","osm_id":"way/1410724497"},"geometry":{"type":"Point","coordinates":[-51.0933685,-30.1894717]}},{"type":"Feature","properties":{"nome":null,"detalhe":"via: unclassified","osm_id":"way/1410724500"},"geometry":{"type":"Point","coordinates":[-51.0674292,-30.1795362]}},{"type":"Feature","properties":{"nome":"Estrada São Caetano","detalhe":"via: primary","osm_id":"way/1410724502"},"geometry":{"type":"Point","coordinates":[-51.067514,-30.1783662]}},{"type":"Feature","properties":{"nome":null,"detalhe":"via: footway","osm_id":"way/1412991655"},"geometry":{"type":"Point","coordinates":[-51.1757736,-29.9883968]}},{"type":"Feature","properties":{"nome":"José Jorge Mengue","detalhe":"via: residential","osm_id":"way/1462503323"},"geometry":{"type":"Point","coordinates":[-51.0836728,-30.0657352]}},{"type":"Feature","properties":{"nome":"Avenida Presidente Castello Branco","detalhe":"via: motorway_link","osm_id":"way/1467468207"},"geometry":{"type":"Point","coordinates":[-51.2050911,-29.9877687]}},{"type":"Feature","properties":{"nome":"Avenida Senador Salgado Filho","detalhe":"via: primary","osm_id":"way/1467708797"},"geometry":{"type":"Point","coordinates":[-51.0762024,-30.0933278]}},{"type":"Feature","properties":{"nome":"Avenida Senador Salgado Filho","detalhe":"via: primary","osm_id":"way/1467708798"},"geometry":{"type":"Point","coordinates":[-51.0762184,-30.0932286]}},{"type":"Feature","properties":{"nome":null,"detalhe":"via: unclassified","osm_id":"way/1467709719"},"geometry":{"type":"Point","coordinates":[-51.1379924,-29.9780572]}},{"type":"Feature","properties":{"nome":null,"detalhe":"via: service","osm_id":"way/1467709721"},"geometry":{"type":"Point","coordinates":[-51.1379853,-29.9723788]}},{"type":"Feature","properties":{"nome":null,"detalhe":"via: footway","osm_id":"way/1467896946"},"geometry":{"type":"Point","coordinates":[-51.2017549,-29.9812726]}},{"type":"Feature","properties":{"nome":null,"detalhe":"via: footway","osm_id":"way/1467896948"},"geometry":{"type":"Point","coordinates":[-51.2009385,-29.9811372]}},{"type":"Feature","properties":{"nome":null,"detalhe":"via: footway","osm_id":"way/1467896950"},"geometry":{"type":"Point","coordinates":[-51.2013553,-29.9811966]}},{"type":"Feature","properties":{"nome":null,"detalhe":"via: footway","osm_id":"way/1482694495"},"geometry":{"type":"Point","coordinates":[-51.2210346,-30.0306467]}},{"type":"Feature","properties":{"nome":null,"detalhe":"via: footway","osm_id":"way/1482694496"},"geometry":{"type":"Point","coordinates":[-51.221852,-30.0314389]}},{"type":"Feature","properties":{"nome":null,"detalhe":"via: footway","osm_id":"way/1482694497"},"geometry":{"type":"Point","coordinates":[-51.2216988,-30.0307561]}},{"type":"Feature","properties":{"nome":null,"detalhe":"via: footway","osm_id":"way/1482694498"},"geometry":{"type":"Point","coordinates":[-51.2212477,-30.0309716]}},{"type":"Feature","properties":{"nome":null,"detalhe":"via: footway","osm_id":"way/1482694499"},"geometry":{"type":"Point","coordinates":[-51.2206339,-30.0305583]}},{"type":"Feature","properties":{"nome":null,"detalhe":"via: footway","osm_id":"way/1482694500"},"geometry":{"type":"Point","coordinates":[-51.2205139,-30.03038]}},{"type":"Feature","properties":{"nome":"Viaduto José Eduardo Utzig","detalhe":"via: primary","osm_id":"way/1485107201"},"geometry":{"type":"Point","coordinates":[-51.1906453,-30.0078121]}},{"type":"Feature","properties":{"nome":"Viaduto José Eduardo Utzig","detalhe":"via: primary","osm_id":"way/1485107202"},"geometry":{"type":"Point","coordinates":[-51.190284,-30.0060939]}}]}