{"type": "FeatureCollection", "features": [{"type": "Feature", "geometry": {"type": "Polygon", "coordinates": [[[-52.07767264014739, -29.440935964091132], [-52.07713365097692, -29.441205458676365], [-52.07767264014739, -29.441205458676365], [-52.07767264014739, -29.440935964091132]]]}, "properties": {"cultura": "Outras Lavouras Temporárias"}}, {"type": "Feature", "geometry": {"type": "Polygon", "coordinates": [[[-52.076594661806446, -29.440666469505896], [-52.076055672635974, -29.441205458676365], [-52.076594661806446, -29.441205458676365], [-52.076594661806446, -29.440666469505896]]]}, "properties": {"cultura": "Outras Lavouras Temporárias"}}, {"type": "Feature", "geometry": {"type": "Polygon", "coordinates": [[[-52.07794213473262, -29.44039697492066], [-52.07767264014739, -29.440935964091132], [-52.07794213473262, -29.440935964091132], [-52.07794213473262, -29.44039697492066]]]}, "properties": {"cultura": "Outras Lavouras Temporárias"}}, {"type": "Feature", "geometry": {"type": "Polygon", "coordinates": [[[-52.07363022136885, -29.440127480335423], [-52.07389971595409, -29.44039697492066], [-52.07389971595409, -29.440127480335423], [-52.07363022136885, -29.440127480335423]]]}, "properties": {"cultura": "Outras Lavouras Temporárias"}}, {"type": "Feature", "geometry": {"type": "Polygon", "coordinates": [[[-52.07443870512456, -29.440127480335423], [-52.07389971595409, -29.439857985750187], [-52.07389971595409, -29.440127480335423], [-52.07443870512456, -29.440127480335423]]]}, "properties": {"cultura": "Outras Lavouras Temporárias"}}, {"type": "Feature", "geometry": {"type": "Polygon", "coordinates": [[[-52.0717437592722, -29.43904950199448], [-52.0717437592722, -29.440127480335423], [-52.072282748442674, -29.440127480335423], [-52.0717437592722, -29.440666469505896], [-52.07282173761315, -29.440935964091132], [-52.072013253857435, -29.43958849116495], [-52.07389971595409, -29.439857985750187], [-52.07309123219838, -29.438780007409243], [-52.07363022136885, -29.43716303989783], [-52.0717437592722, -29.43904950199448]]]}, "properties": {"cultura": "Outras Lavouras Temporárias"}}, {"type": "Feature", "geometry": {"type": "Polygon", "coordinates": [[[-52.076594661806446, -29.439318996579715], [-52.07713365097692, -29.439318996579715], [-52.07713365097692, -29.43824101823877], [-52.076864156391686, -29.43824101823877], [-52.076594661806446, -29.439318996579715]]]}, "properties": {"cultura": "Outras Lavouras Temporárias"}}, {"type": "Feature", "geometry": {"type": "Polygon", "coordinates": [[[-52.06285043795942, -29.436624050727357], [-52.06311993254465, -29.436893545312593], [-52.06311993254465, -29.436624050727357], [-52.06285043795942, -29.436624050727357]]]}, "properties": {"cultura": "Outras Lavouras Temporárias"}}, {"type": "Feature", "geometry": {"type": "Polygon", "coordinates": [[[-52.06338942712989, -29.43635455614212], [-52.06311993254465, -29.436624050727357], [-52.06338942712989, -29.436624050727357], [-52.06338942712989, -29.43635455614212]]]}, "properties": {"cultura": "Outras Lavouras Temporárias"}}, {"type": "Feature", "geometry": {"type": "Polygon", "coordinates": [[[-52.0679708350789, -29.437432534483065], [-52.06904881341984, -29.43824101823877], [-52.06931830800508, -29.43635455614212], [-52.07066578093126, -29.437432534483065], [-52.06958780259031, -29.433929104875], [-52.06958780259031, -29.435546072386412], [-52.06850982424937, -29.435276577801176], [-52.0679708350789, -29.437432534483065]]]}, "properties": {"cultura": "Outras Lavouras Temporárias"}}, {"type": "Feature", "geometry": {"type": "Polygon", "coordinates": [[[-52.063658921715124, -29.436085061556884], [-52.064467405470836, -29.435276577801176], [-52.06285043795942, -29.434198599460235], [-52.06258094337418, -29.436624050727357], [-52.06285043795942, -29.436624050727357], [-52.06285043795942, -29.435007083215943], [-52.063658921715124, -29.436085061556884]]]}, "properties": {"cultura": "Outras Lavouras Temporárias"}}, {"type": "Feature", "geometry": {"type": "Polygon", "coordinates": [[[-52.07389971595409, -29.433659610289762], [-52.07336072678362, -29.432581631948818], [-52.07282173761315, -29.432581631948818], [-52.07309123219838, -29.435815566971648], [-52.07524718888027, -29.435007083215943], [-52.07578617805074, -29.435815566971648], [-52.074169210539324, -29.436085061556884], [-52.07740314556215, -29.43635455614212], [-52.07767264014739, -29.43716303989783], [-52.07713365097692, -29.434737588630707], [-52.076864156391686, -29.435815566971648], [-52.07524718888027, -29.434737588630707], [-52.076055672635974, -29.433659610289762], [-52.07578617805074, -29.432581631948818], [-52.07389971595409, -29.43231213736358], [-52.07389971595409, -29.433659610289762]]]}, "properties": {"cultura": "Outras Lavouras Temporárias"}}, {"type": "Feature", "geometry": {"type": "Polygon", "coordinates": [[[-52.06770134049366, -29.435007083215943], [-52.06850982424937, -29.43446809404547], [-52.06770134049366, -29.434198599460235], [-52.06770134049366, -29.435007083215943]]]}, "properties": {"cultura": "Outras Lavouras Temporárias"}}, {"type": "Feature", "geometry": {"type": "Polygon", "coordinates": [[[-52.070126791760785, -29.433929104875], [-52.06985729717555, -29.434198599460235], [-52.070126791760785, -29.434198599460235], [-52.070126791760785, -29.433929104875]]]}, "properties": {"cultura": "Outras Lavouras Temporárias"}}, {"type": "Feature", "geometry": {"type": "Polygon", "coordinates": [[[-52.07147426468696, -29.434198599460235], [-52.072013253857435, -29.433659610289762], [-52.0717437592722, -29.43312062111929], [-52.07147426468696, -29.43312062111929], [-52.07147426468696, -29.434198599460235]]]}, "properties": {"cultura": "Outras Lavouras Temporárias"}}, {"type": "Feature", "geometry": {"type": "Polygon", "coordinates": [[[-52.065545383811774, -29.433929104875], [-52.06581487839701, -29.43231213736358], [-52.065545383811774, -29.43231213736358], [-52.065545383811774, -29.433929104875]]]}, "properties": {"cultura": "Outras Lavouras Temporárias"}}, {"type": "Feature", "geometry": {"type": "Polygon", "coordinates": [[[-52.103274625744795, -29.432851126534054], [-52.103544120330035, -29.43312062111929], [-52.103544120330035, -29.432851126534054], [-52.103274625744795, -29.432851126534054]]]}, "properties": {"cultura": "Outras Lavouras Temporárias"}}, {"type": "Feature", "geometry": {"type": "Polygon", "coordinates": [[[-52.103274625744795, -29.43231213736358], [-52.10462209867097, -29.43312062111929], [-52.10381361491527, -29.433390115704526], [-52.10596957159716, -29.432851126534054], [-52.10570007701192, -29.431773148193113], [-52.10300513115956, -29.43204264277835], [-52.10219664740385, -29.432851126534054], [-52.10273563657432, -29.43312062111929], [-52.103274625744795, -29.432851126534054], [-52.103274625744795, -29.43231213736358]], [[-52.10435260408574, -29.43231213736358], [-52.105161087841445, -29.43231213736358], [-52.105161087841445, -29.432851126534054], [-52.10435260408574, -29.43231213736358]]]}, "properties": {"cultura": "Outras Lavouras Temporárias"}}, {"type": "Feature", "geometry": {"type": "Polygon", "coordinates": [[[-52.10219664740385, -29.43231213736358], [-52.10165765823338, -29.432581631948818], [-52.10219664740385, -29.432581631948818], [-52.10219664740385, -29.43231213736358]]]}, "properties": {"cultura": "Outras Lavouras Temporárias"}}, {"type": "Feature", "geometry": {"type": "Polygon", "coordinates": [[[-52.06473690005607, -29.43231213736358], [-52.06527588922654, -29.431773148193113], [-52.06473690005607, -29.431773148193113], [-52.06473690005607, -29.43231213736358]]]}, "properties": {"cultura": "Outras Lavouras Temporárias"}}, {"type": "Feature", "geometry": {"type": "Polygon", "coordinates": [[[-52.10057967989244, -29.43312062111929], [-52.10111866906291, -29.433659610289762], [-52.10165765823338, -29.431503653607876], [-52.10435260408574, -29.431773148193113], [-52.10462209867097, -29.43123415902264], [-52.10192715281862, -29.430695169852168], [-52.10057967989244, -29.43312062111929]]]}, "properties": {"cultura": "Outras Lavouras Temporárias"}}, {"type": "Feature", "geometry": {"type": "Polygon", "coordinates": [[[-52.07363022136885, -29.431773148193113], [-52.07389971595409, -29.43231213736358], [-52.07389971595409, -29.431773148193113], [-52.07363022136885, -29.431773148193113]]]}, "properties": {"cultura": "Outras Lavouras Temporárias"}}, {"type": "Feature", "geometry": {"type": "Polygon", "coordinates": [[[-52.076594661806446, -29.431503653607876], [-52.076594661806446, -29.43231213736358], [-52.07740314556215, -29.43231213736358], [-52.07740314556215, -29.431503653607876], [-52.076594661806446, -29.431503653607876]]]}, "properties": {"cultura": "Outras Lavouras Temporárias"}}, {"type": "Feature", "geometry": {"type": "Polygon", "coordinates": [[[-52.07632516722121, -29.430964664437404], [-52.07578617805074, -29.43204264277835], [-52.07632516722121, -29.43204264277835], [-52.07632516722121, -29.430964664437404]]]}, "properties": {"cultura": "Outras Lavouras Temporárias"}}, {"type": "Feature", "geometry": {"type": "Polygon", "coordinates": [[[-52.07363022136885, -29.430964664437404], [-52.07336072678362, -29.431773148193113], [-52.07363022136885, -29.431773148193113], [-52.07363022136885, -29.430964664437404]]]}, "properties": {"cultura": "Outras Lavouras Temporárias"}}, {"type": "Feature", "geometry": {"type": "Polygon", "coordinates": [[[-52.06770134049366, -29.430964664437404], [-52.0679708350789, -29.431773148193113], [-52.068240329664135, -29.430964664437404], [-52.06770134049366, -29.430964664437404]]]}, "properties": {"cultura": "Outras Lavouras Temporárias"}}, {"type": "Feature", "geometry": {"type": "Polygon", "coordinates": [[[-52.07443870512456, -29.431773148193113], [-52.0755166834655, -29.431503653607876], [-52.0755166834655, -29.43042567526693], [-52.07443870512456, -29.43042567526693], [-52.07443870512456, -29.431773148193113]]]}, "properties": {"cultura": "Outras Lavouras Temporárias"}}, {"type": "Feature", "geometry": {"type": "Polygon", "coordinates": [[[-52.12483419256367, -29.43042567526693], [-52.12483419256367, -29.431503653607876], [-52.12564267631937, -29.431773148193113], [-52.12564267631937, -29.430695169852168], [-52.12483419256367, -29.43042567526693]]]}, "properties": {"cultura": "Outras Lavouras Temporárias"}}, {"type": "Feature", "geometry": {"type": "Polygon", "coordinates": [[[-52.07309123219838, -29.430695169852168], [-52.07336072678362, -29.430964664437404], [-52.07336072678362, -29.430695169852168], [-52.07309123219838, -29.430695169852168]]]}, "properties": {"cultura": "Outras Lavouras Temporárias"}}, {"type": "Feature", "geometry": {"type": "Polygon", "coordinates": [[[-52.1251036871489, -29.430156180681696], [-52.12564267631937, -29.42988668609646], [-52.1251036871489, -29.42988668609646], [-52.1251036871489, -29.430156180681696]]]}, "properties": {"cultura": "Outras Lavouras Temporárias"}}, {"type": "Feature", "geometry": {"type": "Polygon", "coordinates": [[[-52.0679708350789, -29.43042567526693], [-52.068240329664135, -29.428269718585046], [-52.066084372982246, -29.42880870775552], [-52.066084372982246, -29.42988668609646], [-52.06770134049366, -29.429347696925987], [-52.0679708350789, -29.43042567526693]]]}, "properties": {"cultura": "Outras Lavouras Temporárias"}}, {"type": "Feature", "geometry": {"type": "Polygon", "coordinates": [[[-52.1213307629556, -29.429078202340754], [-52.121869752126074, -29.429078202340754], [-52.122408741296546, -29.429347696925987], [-52.122139246711306, -29.42880870775552], [-52.1213307629556, -29.429078202340754]]]}, "properties": {"cultura": "Outras Lavouras Temporárias"}}, {"type": "Feature", "geometry": {"type": "Polygon", "coordinates": [[[-52.08090657517022, -29.428269718585046], [-52.08198455351116, -29.429078202340754], [-52.0822540480964, -29.428269718585046], [-52.08090657517022, -29.428269718585046]]]}, "properties": {"cultura": "Outras Lavouras Temporárias"}}, {"type": "Feature", "geometry": {"type": "Polygon", "coordinates": [[[-52.06931830800508, -29.427730729414574], [-52.06904881341984, -29.42800022399981], [-52.06931830800508, -29.42800022399981], [-52.06931830800508, -29.427730729414574]]]}, "properties": {"cultura": "Outras Lavouras Temporárias"}}, {"type": "Feature", "geometry": {"type": "Polygon", "coordinates": [[[-52.0822540480964, -29.427461234829337], [-52.082793037266875, -29.42800022399981], [-52.08333202643735, -29.42800022399981], [-52.08333202643735, -29.4271917402441], [-52.0822540480964, -29.427461234829337]]]}, "properties": {"cultura": "Outras Lavouras Temporárias"}}, {"type": "Feature", "geometry": {"type": "Polygon", "coordinates": [[[-52.06958780259031, -29.42665275107363], [-52.06904881341984, -29.427461234829337], [-52.06958780259031, -29.427730729414574], [-52.06958780259031, -29.42665275107363]]]}, "properties": {"cultura": "Outras Lavouras Temporárias"}}, {"type": "Feature", "geometry": {"type": "Polygon", "coordinates": [[[-52.11621036583612, -29.427461234829337], [-52.115940871250885, -29.42665275107363], [-52.11513238749517, -29.426922245658865], [-52.11540188208041, -29.427730729414574], [-52.11621036583612, -29.427461234829337]]]}, "properties": {"cultura": "Outras Lavouras Temporárias"}}, {"type": "Feature", "geometry": {"type": "Polygon", "coordinates": [[[-52.11998329002942, -29.42665275107363], [-52.11863581710324, -29.4271917402441], [-52.11863581710324, -29.427730729414574], [-52.11998329002942, -29.427730729414574], [-52.11998329002942, -29.42665275107363]]]}, "properties": {"cultura": "Outras Lavouras Temporárias"}}, {"type": "Feature", "geometry": {"type": "Polygon", "coordinates": [[[-52.076055672635974, -29.426383256488393], [-52.07497769429503, -29.426922245658865], [-52.07524718888027, -29.42800022399981], [-52.076055672635974, -29.42800022399981], [-52.076055672635974, -29.426383256488393]]]}, "properties": {"cultura": "Outras Lavouras Temporárias"}}, {"type": "Feature", "geometry": {"type": "Polygon", "coordinates": [[[-52.103274625744795, -29.426383256488393], [-52.10300513115956, -29.42665275107363], [-52.103274625744795, -29.42665275107363], [-52.103274625744795, -29.426383256488393]]]}, "properties": {"cultura": "Outras Lavouras Temporárias"}}, {"type": "Feature", "geometry": {"type": "Polygon", "coordinates": [[[-52.078750618488336, -29.42611376190316], [-52.07955910224404, -29.42665275107363], [-52.07955910224404, -29.42611376190316], [-52.078750618488336, -29.42611376190316]]]}, "properties": {"cultura": "Outras Lavouras Temporárias"}}, {"type": "Feature", "geometry": {"type": "Polygon", "coordinates": [[[-52.11216794705758, -29.425844267317924], [-52.111628957887106, -29.42665275107363], [-52.11216794705758, -29.426922245658865], [-52.11216794705758, -29.425844267317924]]]}, "properties": {"cultura": "Outras Lavouras Temporárias"}}, {"type": "Feature", "geometry": {"type": "Polygon", "coordinates": [[[-52.08414051019305, -29.42611376190316], [-52.08333202643735, -29.425574772732688], [-52.08333202643735, -29.426922245658865], [-52.08387101560781, -29.426922245658865], [-52.08414051019305, -29.42611376190316]]]}, "properties": {"cultura": "Outras Lavouras Temporárias"}}, {"type": "Feature", "geometry": {"type": "Polygon", "coordinates": [[[-52.08494899394876, -29.425844267317924], [-52.085218488534, -29.42611376190316], [-52.085218488534, -29.425844267317924], [-52.08494899394876, -29.425844267317924]]]}, "properties": {"cultura": "Outras Lavouras Temporárias"}}, {"type": "Feature", "geometry": {"type": "Polygon", "coordinates": [[[-52.103274625744795, -29.425574772732688], [-52.10273563657432, -29.425574772732688], [-52.10219664740385, -29.42611376190316], [-52.10300513115956, -29.426383256488393], [-52.103274625744795, -29.425574772732688]]]}, "properties": {"cultura": "Outras Lavouras Temporárias"}}, {"type": "Feature", "geometry": {"type": "Polygon", "coordinates": [[[-52.098962712381024, -29.425574772732688], [-52.09815422862532, -29.42611376190316], [-52.098962712381024, -29.42611376190316], [-52.098962712381024, -29.425574772732688]]]}, "properties": {"cultura": "Outras Lavouras Temporárias"}}, {"type": "Feature", "geometry": {"type": "Polygon", "coordinates": [[[-52.125912170904606, -29.42530527814745], [-52.12483419256367, -29.42611376190316], [-52.125912170904606, -29.426383256488393], [-52.125912170904606, -29.42530527814745]]]}, "properties": {"cultura": "Outras Lavouras Temporárias"}}, {"type": "Feature", "geometry": {"type": "Polygon", "coordinates": [[[-52.085218488534, -29.425574772732688], [-52.0860269722897, -29.425844267317924], [-52.0860269722897, -29.425035783562215], [-52.08548798311923, -29.425035783562215], [-52.085218488534, -29.425574772732688]]]}, "properties": {"cultura": "Outras Lavouras Temporárias"}}, {"type": "Feature", "geometry": {"type": "Polygon", "coordinates": [[[-52.10192715281862, -29.425574772732688], [-52.101388163648146, -29.424496794391743], [-52.1003101853072, -29.42476628897698], [-52.10084917447767, -29.425844267317924], [-52.10192715281862, -29.425574772732688]]]}, "properties": {"cultura": "Outras Lavouras Temporárias"}}, {"type": "Feature", "geometry": {"type": "Polygon", "coordinates": [[[-52.10489159325621, -29.425035783562215], [-52.105161087841445, -29.42530527814745], [-52.105161087841445, -29.425035783562215], [-52.10489159325621, -29.425035783562215]]]}, "properties": {"cultura": "Outras Lavouras Temporárias"}}, {"type": "Feature", "geometry": {"type": "Polygon", "coordinates": [[[-52.08144556434069, -29.425035783562215], [-52.08117606975546, -29.424227299806507], [-52.08036758599975, -29.424227299806507], [-52.080637080584985, -29.425844267317924], [-52.08144556434069, -29.425035783562215]]]}, "properties": {"cultura": "Outras Lavouras Temporárias"}}, {"type": "Feature", "geometry": {"type": "Polygon", "coordinates": [[[-52.07902011307357, -29.424496794391743], [-52.07982859682928, -29.425035783562215], [-52.07982859682928, -29.424496794391743], [-52.07902011307357, -29.424496794391743]]]}, "properties": {"cultura": "Outras Lavouras Temporárias"}}, {"type": "Feature", "geometry": {"type": "Polygon", "coordinates": [[[-52.105161087841445, -29.425035783562215], [-52.10570007701192, -29.42395780522127], [-52.105161087841445, -29.42395780522127], [-52.105161087841445, -29.425035783562215]]]}, "properties": {"cultura": "Outras Lavouras Temporárias"}}, {"type": "Feature", "geometry": {"type": "Polygon", "coordinates": [[[-52.113784914568996, -29.424227299806507], [-52.11405440915423, -29.424496794391743], [-52.11405440915423, -29.424227299806507], [-52.113784914568996, -29.424227299806507]]]}, "properties": {"cultura": "Outras Lavouras Temporárias"}}, {"type": "Feature", "geometry": {"type": "Polygon", "coordinates": [[[-52.11324592539852, -29.424227299806507], [-52.113784914568996, -29.424227299806507], [-52.113784914568996, -29.42395780522127], [-52.11324592539852, -29.42395780522127], [-52.11324592539852, -29.424227299806507]]]}, "properties": {"cultura": "Outras Lavouras Temporárias"}}, {"type": "Feature", "geometry": {"type": "Polygon", "coordinates": [[[-52.11405440915423, -29.42395780522127], [-52.113784914568996, -29.423688310636035], [-52.113784914568996, -29.42395780522127], [-52.11405440915423, -29.42395780522127]]]}, "properties": {"cultura": "Outras Lavouras Temporárias"}}, {"type": "Feature", "geometry": {"type": "Polygon", "coordinates": [[[-52.063658921715124, -29.42395780522127], [-52.06338942712989, -29.423688310636035], [-52.06338942712989, -29.42395780522127], [-52.063658921715124, -29.42395780522127]]]}, "properties": {"cultura": "Outras Lavouras Temporárias"}}, {"type": "Feature", "geometry": {"type": "Polygon", "coordinates": [[[-52.064467405470836, -29.42395780522127], [-52.063928416300364, -29.423149321465562], [-52.063658921715124, -29.424227299806507], [-52.064467405470836, -29.42395780522127]]]}, "properties": {"cultura": "Outras Lavouras Temporárias"}}, {"type": "Feature", "geometry": {"type": "Polygon", "coordinates": [[[-52.06258094337418, -29.42395780522127], [-52.06338942712989, -29.4234188160508], [-52.06258094337418, -29.4234188160508], [-52.06258094337418, -29.42395780522127]]]}, "properties": {"cultura": "Outras Lavouras Temporárias"}}, {"type": "Feature", "geometry": {"type": "Polygon", "coordinates": [[[-52.10785603369381, -29.42395780522127], [-52.1070475499381, -29.42287982688033], [-52.107317044523334, -29.424227299806507], [-52.10785603369381, -29.42395780522127]]]}, "properties": {"cultura": "Outras Lavouras Temporárias"}}, {"type": "Feature", "geometry": {"type": "Polygon", "coordinates": [[[-52.115671376665645, -29.423688310636035], [-52.11432390373947, -29.42287982688033], [-52.11351541998376, -29.42287982688033], [-52.11540188208041, -29.424227299806507], [-52.115671376665645, -29.423688310636035]]]}, "properties": {"cultura": "Outras Lavouras Temporárias"}}, {"type": "Feature", "geometry": {"type": "Polygon", "coordinates": [[[-52.10866451744951, -29.423149321465562], [-52.10785603369381, -29.422610332295093], [-52.10785603369381, -29.4234188160508], [-52.10866451744951, -29.423149321465562]]]}, "properties": {"cultura": "Outras Lavouras Temporárias"}}, {"type": "Feature", "geometry": {"type": "Polygon", "coordinates": [[[-52.063658921715124, -29.422340837709857], [-52.06258094337418, -29.42287982688033], [-52.063658921715124, -29.423149321465562], [-52.063658921715124, -29.422340837709857]]]}, "properties": {"cultura": "Outras Lavouras Temporárias"}}, {"type": "Feature", "geometry": {"type": "Polygon", "coordinates": [[[-52.11243744164282, -29.42287982688033], [-52.11432390373947, -29.422610332295093], [-52.1145933983247, -29.42287982688033], [-52.11432390373947, -29.42207134312462], [-52.11270693622805, -29.42207134312462], [-52.11243744164282, -29.42287982688033]]]}, "properties": {"cultura": "Outras Lavouras Temporárias"}}, {"type": "Feature", "geometry": {"type": "Polygon", "coordinates": [[[-52.063658921715124, -29.42072387019844], [-52.06285043795942, -29.420993364783676], [-52.063658921715124, -29.420993364783676], [-52.063658921715124, -29.42072387019844]]]}, "properties": {"cultura": "Outras Lavouras Temporárias"}}, {"type": "Feature", "geometry": {"type": "Polygon", "coordinates": [[[-52.064197910885596, -29.42072387019844], [-52.063658921715124, -29.4196458918575], [-52.063658921715124, -29.42072387019844], [-52.064197910885596, -29.42072387019844]]]}, "properties": {"cultura": "Outras Lavouras Temporárias"}}, {"type": "Feature", "geometry": {"type": "Polygon", "coordinates": [[[-52.06338942712989, -29.418028924346082], [-52.063658921715124, -29.418567913516554], [-52.063658921715124, -29.418028924346082], [-52.06338942712989, -29.418028924346082]]]}, "properties": {"cultura": "Outras Lavouras Temporárias"}}, {"type": "Feature", "geometry": {"type": "Polygon", "coordinates": [[[-52.06285043795942, -29.418028924346082], [-52.06338942712989, -29.418028924346082], [-52.06338942712989, -29.417759429760846], [-52.06285043795942, -29.417759429760846], [-52.06285043795942, -29.418028924346082]]]}, "properties": {"cultura": "Outras Lavouras Temporárias"}}, {"type": "Feature", "geometry": {"type": "Polygon", "coordinates": [[[-52.06285043795942, -29.417759429760846], [-52.06258094337418, -29.41748993517561], [-52.06258094337418, -29.417759429760846], [-52.06285043795942, -29.417759429760846]]]}, "properties": {"cultura": "Outras Lavouras Temporárias"}}, {"type": "Feature", "geometry": {"type": "Polygon", "coordinates": [[[-52.06500639464131, -29.41641195683467], [-52.06527588922654, -29.41748993517561], [-52.066084372982246, -29.417220440590373], [-52.066084372982246, -29.41641195683467], [-52.06500639464131, -29.41641195683467]]]}, "properties": {"cultura": "Outras Lavouras Temporárias"}}, {"type": "Feature", "geometry": {"type": "Polygon", "coordinates": [[[-52.066353867567486, -29.414525494738015], [-52.06311993254465, -29.414525494738015], [-52.06258094337418, -29.41560347307896], [-52.06662336215272, -29.415064483908488], [-52.06716235132319, -29.41371701098231], [-52.066353867567486, -29.414525494738015]]]}, "properties": {"cultura": "Outras Lavouras Temporárias"}}, {"type": "Feature", "geometry": {"type": "Polygon", "coordinates": [[[-52.070126791760785, -29.41479498932325], [-52.070126791760785, -29.413447516397074], [-52.06904881341984, -29.41479498932325], [-52.070126791760785, -29.41479498932325]]]}, "properties": {"cultura": "Outras Lavouras Temporárias"}}, {"type": "Feature", "geometry": {"type": "Polygon", "coordinates": [[[-52.063928416300364, -29.413986505567546], [-52.06285043795942, -29.41371701098231], [-52.06285043795942, -29.413986505567546], [-52.063928416300364, -29.413986505567546]]]}, "properties": {"cultura": "Outras Lavouras Temporárias"}}, {"type": "Feature", "geometry": {"type": "Polygon", "coordinates": [[[-52.064197910885596, -29.413447516397074], [-52.06473690005607, -29.41425600015278], [-52.06500639464131, -29.413447516397074], [-52.064197910885596, -29.413447516397074]]]}, "properties": {"cultura": "Outras Lavouras Temporárias"}}, {"type": "Feature", "geometry": {"type": "Polygon", "coordinates": [[[-52.06716235132319, -29.413178021811838], [-52.06743184590843, -29.41371701098231], [-52.06743184590843, -29.413178021811838], [-52.06716235132319, -29.413178021811838]]]}, "properties": {"cultura": "Outras Lavouras Temporárias"}}, {"type": "Feature", "geometry": {"type": "Polygon", "coordinates": [[[-52.068240329664135, -29.413178021811838], [-52.0679708350789, -29.413447516397074], [-52.068240329664135, -29.413447516397074], [-52.068240329664135, -29.413178021811838]]]}, "properties": {"cultura": "Outras Lavouras Temporárias"}}, {"type": "Feature", "geometry": {"type": "Polygon", "coordinates": [[[-52.06958780259031, -29.413178021811838], [-52.070126791760785, -29.413447516397074], [-52.070126791760785, -29.413178021811838], [-52.06958780259031, -29.413178021811838]]]}, "properties": {"cultura": "Outras Lavouras Temporárias"}}, {"type": "Feature", "geometry": {"type": "Polygon", "coordinates": [[[-52.068240329664135, -29.4129085272266], [-52.06850982424937, -29.413178021811838], [-52.06850982424937, -29.4129085272266], [-52.068240329664135, -29.4129085272266]]]}, "properties": {"cultura": "Outras Lavouras Temporárias"}}, {"type": "Feature", "geometry": {"type": "Polygon", "coordinates": [[[-52.06743184590843, -29.4129085272266], [-52.0679708350789, -29.413178021811838], [-52.0679708350789, -29.4129085272266], [-52.06743184590843, -29.4129085272266]]]}, "properties": {"cultura": "Outras Lavouras Temporárias"}}, {"type": "Feature", "geometry": {"type": "Polygon", "coordinates": [[[-52.065545383811774, -29.4129085272266], [-52.066084372982246, -29.413178021811838], [-52.06689285673796, -29.413178021811838], [-52.06662336215272, -29.412639032641366], [-52.065545383811774, -29.4129085272266]]]}, "properties": {"cultura": "Outras Lavouras Temporárias"}}, {"type": "Feature", "geometry": {"type": "Polygon", "coordinates": [[[-52.06716235132319, -29.4129085272266], [-52.06743184590843, -29.4129085272266], [-52.06743184590843, -29.412639032641366], [-52.06716235132319, -29.412639032641366], [-52.06716235132319, -29.4129085272266]]]}, "properties": {"cultura": "Outras Lavouras Temporárias"}}, {"type": "Feature", "geometry": {"type": "Polygon", "coordinates": [[[-52.04856722494192, -29.443900404528726], [-52.04829773035668, -29.444169899113962], [-52.04856722494192, -29.444169899113962], [-52.04856722494192, -29.443900404528726]]]}, "properties": {"cultura": "Outras Lavouras Temporárias"}}, {"type": "Feature", "geometry": {"type": "Polygon", "coordinates": [[[-52.04856722494192, -29.44363090994349], [-52.04910621411239, -29.443900404528726], [-52.04910621411239, -29.44363090994349], [-52.04856722494192, -29.44363090994349]]]}, "properties": {"cultura": "Outras Lavouras Temporárias"}}, {"type": "Feature", "geometry": {"type": "Polygon", "coordinates": [[[-52.05287913830569, -29.443900404528726], [-52.053418127476164, -29.443361415358254], [-52.05287913830569, -29.443361415358254], [-52.05287913830569, -29.443900404528726]]]}, "properties": {"cultura": "Outras Lavouras Temporárias"}}, {"type": "Feature", "geometry": {"type": "Polygon", "coordinates": [[[-52.049375708697625, -29.443091920773018], [-52.04910621411239, -29.44363090994349], [-52.049375708697625, -29.44363090994349], [-52.049375708697625, -29.443091920773018]]]}, "properties": {"cultura": "Outras Lavouras Temporárias"}}, {"type": "Feature", "geometry": {"type": "Polygon", "coordinates": [[[-52.055843578743286, -29.44282242618778], [-52.056113073328525, -29.443091920773018], [-52.056113073328525, -29.44282242618778], [-52.055843578743286, -29.44282242618778]]]}, "properties": {"cultura": "Outras Lavouras Temporárias"}}, {"type": "Feature", "geometry": {"type": "Polygon", "coordinates": [[[-52.053418127476164, -29.443091920773018], [-52.05287913830569, -29.44228343701731], [-52.05287913830569, -29.443091920773018], [-52.053418127476164, -29.443091920773018]]]}, "properties": {"cultura": "Outras Lavouras Temporárias"}}, {"type": "Feature", "geometry": {"type": "Polygon", "coordinates": [[[-52.05476560040234, -29.443361415358254], [-52.055843578743286, -29.443361415358254], [-52.05557408415805, -29.443091920773018], [-52.05557408415805, -29.44282242618778], [-52.055843578743286, -29.44282242618778], [-52.055843578743286, -29.442552931602545], [-52.05503509498758, -29.442552931602545], [-52.055843578743286, -29.441744447846837], [-52.05449610581711, -29.4414749532616], [-52.05476560040234, -29.443361415358254]]]}, "properties": {"cultura": "Outras Lavouras Temporárias"}}, {"type": "Feature", "geometry": {"type": "Polygon", "coordinates": [[[-52.055843578743286, -29.4414749532616], [-52.056113073328525, -29.441744447846837], [-52.056113073328525, -29.4414749532616], [-52.055843578743286, -29.4414749532616]]]}, "properties": {"cultura": "Outras Lavouras Temporárias"}}, {"type": "Feature", "geometry": {"type": "Polygon", "coordinates": [[[-52.05018419245334, -29.440127480335423], [-52.049375708697625, -29.442552931602545], [-52.05045368703857, -29.442013942432073], [-52.05018419245334, -29.444169899113962], [-52.051531665379514, -29.444169899113962], [-52.05260964372046, -29.443361415358254], [-52.05180115996475, -29.442013942432073], [-52.05314863289093, -29.441205458676365], [-52.052070654549986, -29.43958849116495], [-52.052070654549986, -29.440935964091132], [-52.051531665379514, -29.440935964091132], [-52.051531665379514, -29.43958849116495], [-52.05045368703857, -29.439857985750187], [-52.051531665379514, -29.4377020290683], [-52.0499146978681, -29.438510512824006], [-52.05018419245334, -29.440127480335423]]]}, "properties": {"cultura": "Outras Lavouras Temporárias"}}, {"type": "Feature", "geometry": {"type": "Polygon", "coordinates": [[[-52.05638256791376, -29.440127480335423], [-52.055843578743286, -29.440666469505896], [-52.05665206249899, -29.440666469505896], [-52.05638256791376, -29.440127480335423]]]}, "properties": {"cultura": "Outras Lavouras Temporárias"}}, {"type": "Feature", "geometry": {"type": "Polygon", "coordinates": [[[-52.0499146978681, -29.439857985750187], [-52.049645203282864, -29.440127480335423], [-52.0499146978681, -29.440127480335423], [-52.0499146978681, -29.439857985750187]]]}, "properties": {"cultura": "Outras Lavouras Temporárias"}}, {"type": "Feature", "geometry": {"type": "Polygon", "coordinates": [[[-52.05180115996475, -29.437971523653538], [-52.051531665379514, -29.43824101823877], [-52.05180115996475, -29.43824101823877], [-52.05180115996475, -29.437971523653538]]]}, "properties": {"cultura": "Outras Lavouras Temporárias"}}, {"type": "Feature", "geometry": {"type": "Polygon", "coordinates": [[[-52.053957116646636, -29.438510512824006], [-52.05476560040234, -29.4377020290683], [-52.053957116646636, -29.437971523653538], [-52.053687622061396, -29.436893545312593], [-52.05314863289093, -29.4377020290683], [-52.053957116646636, -29.438510512824006]]]}, "properties": {"cultura": "Outras Lavouras Temporárias"}}, {"type": "Feature", "geometry": {"type": "Polygon", "coordinates": [[[-52.05234014913522, -29.436624050727357], [-52.05260964372046, -29.436893545312593], [-52.05260964372046, -29.436624050727357], [-52.05234014913522, -29.436624050727357]]]}, "properties": {"cultura": "Outras Lavouras Temporárias"}}, {"type": "Feature", "geometry": {"type": "Polygon", "coordinates": [[[-52.05314863289093, -29.43635455614212], [-52.05287913830569, -29.436893545312593], [-52.05314863289093, -29.436893545312593], [-52.05314863289093, -29.43635455614212]]]}, "properties": {"cultura": "Outras Lavouras Temporárias"}}, {"type": "Feature", "geometry": {"type": "Polygon", "coordinates": [[[-52.05099267620904, -29.436893545312593], [-52.05234014913522, -29.43716303989783], [-52.05180115996475, -29.435007083215943], [-52.0507231816238, -29.435546072386412], [-52.05099267620904, -29.436893545312593]]]}, "properties": {"cultura": "Outras Lavouras Temporárias"}}, {"type": "Feature", "geometry": {"type": "Polygon", "coordinates": [[[-52.05422661123187, -29.436085061556884], [-52.05530458957281, -29.4377020290683], [-52.05503509498758, -29.435815566971648], [-52.05314863289093, -29.434198599460235], [-52.05260964372046, -29.435815566971648], [-52.05422661123187, -29.436085061556884]]]}, "properties": {"cultura": "Outras Lavouras Temporárias"}}, {"type": "Feature", "geometry": {"type": "Polygon", "coordinates": [[[-52.06096397586277, -29.435546072386412], [-52.06069448127753, -29.43635455614212], [-52.06096397586277, -29.43635455614212], [-52.06096397586277, -29.435546072386412]]]}, "properties": {"cultura": "Outras Lavouras Temporárias"}}, {"type": "Feature", "geometry": {"type": "Polygon", "coordinates": [[[-52.04775874118621, -29.43635455614212], [-52.0469502574305, -29.435546072386412], [-52.0469502574305, -29.43635455614212], [-52.04775874118621, -29.43635455614212]]]}, "properties": {"cultura": "Outras Lavouras Temporárias"}}, {"type": "Feature", "geometry": {"type": "Polygon", "coordinates": [[[-52.05638256791376, -29.435546072386412], [-52.05719105166946, -29.436085061556884], [-52.05719105166946, -29.435546072386412], [-52.05638256791376, -29.435546072386412]]]}, "properties": {"cultura": "Outras Lavouras Temporárias"}}, {"type": "Feature", "geometry": {"type": "Polygon", "coordinates": [[[-52.06015549210706, -29.435815566971648], [-52.059616502936585, -29.435546072386412], [-52.05907751376612, -29.434198599460235], [-52.05880801918088, -29.435815566971648], [-52.06015549210706, -29.435815566971648]]]}, "properties": {"cultura": "Outras Lavouras Temporárias"}}, {"type": "Feature", "geometry": {"type": "Polygon", "coordinates": [[[-52.051262170794274, -29.434737588630707], [-52.05099267620904, -29.435007083215943], [-52.051262170794274, -29.435007083215943], [-52.051262170794274, -29.434737588630707]]]}, "properties": {"cultura": "Outras Lavouras Temporárias"}}, {"type": "Feature", "geometry": {"type": "Polygon", "coordinates": [[[-52.05260964372046, -29.434737588630707], [-52.05287913830569, -29.435007083215943], [-52.05287913830569, -29.434737588630707], [-52.05260964372046, -29.434737588630707]]]}, "properties": {"cultura": "Outras Lavouras Temporárias"}}, {"type": "Feature", "geometry": {"type": "Polygon", "coordinates": [[[-52.06096397586277, -29.433929104875], [-52.059885997521825, -29.433390115704526], [-52.0604249866923, -29.435546072386412], [-52.06096397586277, -29.435276577801176], [-52.06096397586277, -29.433929104875]]]}, "properties": {"cultura": "Outras Lavouras Temporárias"}}, {"type": "Feature", "geometry": {"type": "Polygon", "coordinates": [[[-52.052070654549986, -29.434737588630707], [-52.05260964372046, -29.434737588630707], [-52.05260964372046, -29.433659610289762], [-52.052070654549986, -29.433929104875], [-52.052070654549986, -29.434737588630707]]]}, "properties": {"cultura": "Outras Lavouras Temporárias"}}, {"type": "Feature", "geometry": {"type": "Polygon", "coordinates": [[[-52.056113073328525, -29.433659610289762], [-52.05530458957281, -29.434198599460235], [-52.056113073328525, -29.434198599460235], [-52.056113073328525, -29.433659610289762]]]}, "properties": {"cultura": "Outras Lavouras Temporárias"}}, {"type": "Feature", "geometry": {"type": "Polygon", "coordinates": [[[-52.05180115996475, -29.433659610289762], [-52.052070654549986, -29.433929104875], [-52.052070654549986, -29.433659610289762], [-52.05180115996475, -29.433659610289762]]]}, "properties": {"cultura": "Outras Lavouras Temporárias"}}, {"type": "Feature", "geometry": {"type": "Polygon", "coordinates": [[[-52.04829773035668, -29.432581631948818], [-52.04775874118621, -29.432851126534054], [-52.04775874118621, -29.434737588630707], [-52.04829773035668, -29.434737588630707], [-52.04829773035668, -29.432581631948818]]]}, "properties": {"cultura": "Outras Lavouras Temporárias"}}, {"type": "Feature", "geometry": {"type": "Polygon", "coordinates": [[[-52.04721975201574, -29.432851126534054], [-52.0469502574305, -29.433929104875], [-52.04721975201574, -29.433929104875], [-52.04721975201574, -29.432851126534054]]]}, "properties": {"cultura": "Outras Lavouras Temporárias"}}, {"type": "Feature", "geometry": {"type": "Polygon", "coordinates": [[[-52.05422661123187, -29.43312062111929], [-52.05476560040234, -29.433659610289762], [-52.05476560040234, -29.432851126534054], [-52.05422661123187, -29.43312062111929]]]}, "properties": {"cultura": "Outras Lavouras Temporárias"}}, {"type": "Feature", "geometry": {"type": "Polygon", "coordinates": [[[-52.053957116646636, -29.432581631948818], [-52.05287913830569, -29.43231213736358], [-52.05260964372046, -29.433659610289762], [-52.053957116646636, -29.433659610289762], [-52.053418127476164, -29.43312062111929], [-52.053957116646636, -29.432581631948818]]]}, "properties": {"cultura": "Outras Lavouras Temporárias"}}, {"type": "Feature", "geometry": {"type": "Polygon", "coordinates": [[[-52.05449610581711, -29.432581631948818], [-52.05422661123187, -29.432851126534054], [-52.05449610581711, -29.432851126534054], [-52.05449610581711, -29.432581631948818]]]}, "properties": {"cultura": "Outras Lavouras Temporárias"}}, {"type": "Feature", "geometry": {"type": "Polygon", "coordinates": [[[-52.0469502574305, -29.432581631948818], [-52.04668076284527, -29.432851126534054], [-52.0469502574305, -29.432851126534054], [-52.0469502574305, -29.432581631948818]]]}, "properties": {"cultura": "Outras Lavouras Temporárias"}}, {"type": "Feature", "geometry": {"type": "Polygon", "coordinates": [[[-52.04775874118621, -29.43204264277835], [-52.04721975201574, -29.43231213736358], [-52.04775874118621, -29.43231213736358], [-52.04775874118621, -29.43204264277835]]]}, "properties": {"cultura": "Outras Lavouras Temporárias"}}, {"type": "Feature", "geometry": {"type": "Polygon", "coordinates": [[[-52.04856722494192, -29.432851126534054], [-52.049375708697625, -29.432581631948818], [-52.049375708697625, -29.431503653607876], [-52.04829773035668, -29.42988668609646], [-52.04856722494192, -29.432851126534054]]]}, "properties": {"cultura": "Outras Lavouras Temporárias"}}, {"type": "Feature", "geometry": {"type": "Polygon", "coordinates": [[[-52.05018419245334, -29.431503653607876], [-52.049375708697625, -29.43123415902264], [-52.049375708697625, -29.431503653607876], [-52.05018419245334, -29.431503653607876]]]}, "properties": {"cultura": "Outras Lavouras Temporárias"}}, {"type": "Feature", "geometry": {"type": "Polygon", "coordinates": [[[-52.04641126826003, -29.43123415902264], [-52.04721975201574, -29.43204264277835], [-52.04721975201574, -29.43042567526693], [-52.04641126826003, -29.43123415902264]]]}, "properties": {"cultura": "Outras Lavouras Temporárias"}}, {"type": "Feature", "geometry": {"type": "Polygon", "coordinates": [[[-52.061772459618474, -29.431773148193113], [-52.061233470448, -29.430695169852168], [-52.06069448127753, -29.430695169852168], [-52.061233470448, -29.431773148193113], [-52.061772459618474, -29.431773148193113]]]}, "properties": {"cultura": "Outras Lavouras Temporárias"}}, {"type": "Feature", "geometry": {"type": "Polygon", "coordinates": [[[-52.05880801918088, -29.43042567526693], [-52.05907751376612, -29.430695169852168], [-52.05907751376612, -29.43042567526693], [-52.05880801918088, -29.43042567526693]]]}, "properties": {"cultura": "Outras Lavouras Temporárias"}}, {"type": "Feature", "geometry": {"type": "Polygon", "coordinates": [[[-52.059616502936585, -29.42988668609646], [-52.05907751376612, -29.429347696925987], [-52.05907751376612, -29.43042567526693], [-52.059616502936585, -29.42988668609646]]]}, "properties": {"cultura": "Outras Lavouras Temporárias"}}, {"type": "Feature", "geometry": {"type": "Polygon", "coordinates": [[[-52.049645203282864, -29.42800022399981], [-52.05045368703857, -29.428269718585046], [-52.05045368703857, -29.427730729414574], [-52.049645203282864, -29.42800022399981]]]}, "properties": {"cultura": "Outras Lavouras Temporárias"}}, {"type": "Feature", "geometry": {"type": "Polygon", "coordinates": [[[-52.05692155708423, -29.4271917402441], [-52.0574605462547, -29.42800022399981], [-52.0574605462547, -29.4271917402441], [-52.05692155708423, -29.4271917402441]]]}, "properties": {"cultura": "Outras Lavouras Temporárias"}}, {"type": "Feature", "geometry": {"type": "Polygon", "coordinates": [[[-52.053687622061396, -29.428269718585046], [-52.053957116646636, -29.427461234829337], [-52.05287913830569, -29.42665275107363], [-52.05287913830569, -29.42800022399981], [-52.053687622061396, -29.428269718585046]], [[-52.053418127476164, -29.427461234829337], [-52.05314863289093, -29.427730729414574], [-52.05314863289093, -29.427461234829337], [-52.053418127476164, -29.427461234829337]]]}, "properties": {"cultura": "Outras Lavouras Temporárias"}}, {"type": "Feature", "geometry": {"type": "Polygon", "coordinates": [[[-52.049645203282864, -29.42665275107363], [-52.05018419245334, -29.427730729414574], [-52.05018419245334, -29.42665275107363], [-52.049645203282864, -29.42665275107363]]]}, "properties": {"cultura": "Outras Lavouras Temporárias"}}, {"type": "Feature", "geometry": {"type": "Polygon", "coordinates": [[[-52.061233470448, -29.4271917402441], [-52.062041954203714, -29.426383256488393], [-52.061233470448, -29.426383256488393], [-52.061233470448, -29.4271917402441]]]}, "properties": {"cultura": "Outras Lavouras Temporárias"}}, {"type": "Feature", "geometry": {"type": "Polygon", "coordinates": [[[-52.05826903001041, -29.426922245658865], [-52.05880801918088, -29.426383256488393], [-52.05826903001041, -29.426383256488393], [-52.05826903001041, -29.426922245658865]]]}, "properties": {"cultura": "Outras Lavouras Temporárias"}}, {"type": "Feature", "geometry": {"type": "Polygon", "coordinates": [[[-52.05692155708423, -29.425035783562215], [-52.05719105166946, -29.42530527814745], [-52.05719105166946, -29.425035783562215], [-52.05692155708423, -29.425035783562215]]]}, "properties": {"cultura": "Outras Lavouras Temporárias"}}, {"type": "Feature", "geometry": {"type": "Polygon", "coordinates": [[[-52.05314863289093, -29.42530527814745], [-52.05476560040234, -29.42530527814745], [-52.05476560040234, -29.424496794391743], [-52.053418127476164, -29.425035783562215], [-52.05287913830569, -29.42395780522127], [-52.052070654549986, -29.42395780522127], [-52.05287913830569, -29.42611376190316], [-52.05314863289093, -29.42530527814745]]]}, "properties": {"cultura": "Outras Lavouras Temporárias"}}, {"type": "Feature", "geometry": {"type": "Polygon", "coordinates": [[[-52.053687622061396, -29.424496794391743], [-52.053418127476164, -29.42476628897698], [-52.053687622061396, -29.42476628897698], [-52.053687622061396, -29.424496794391743]]]}, "properties": {"cultura": "Outras Lavouras Temporárias"}}, {"type": "Feature", "geometry": {"type": "Polygon", "coordinates": [[[-52.05638256791376, -29.425035783562215], [-52.05692155708423, -29.425035783562215], [-52.05692155708423, -29.42395780522127], [-52.056113073328525, -29.42395780522127], [-52.05638256791376, -29.425035783562215]]]}, "properties": {"cultura": "Outras Lavouras Temporárias"}}, {"type": "Feature", "geometry": {"type": "Polygon", "coordinates": [[[-52.06231144878895, -29.42395780522127], [-52.06258094337418, -29.424227299806507], [-52.06258094337418, -29.42395780522127], [-52.06231144878895, -29.42395780522127]]]}, "properties": {"cultura": "Outras Lavouras Temporárias"}}, {"type": "Feature", "geometry": {"type": "Polygon", "coordinates": [[[-52.05099267620904, -29.42395780522127], [-52.05045368703857, -29.4234188160508], [-52.0499146978681, -29.4234188160508], [-52.0499146978681, -29.42395780522127], [-52.05099267620904, -29.42395780522127]]]}, "properties": {"cultura": "Outras Lavouras Temporárias"}}, {"type": "Feature", "geometry": {"type": "Polygon", "coordinates": [[[-52.05180115996475, -29.423688310636035], [-52.052070654549986, -29.42395780522127], [-52.052070654549986, -29.423688310636035], [-52.05180115996475, -29.423688310636035]]]}, "properties": {"cultura": "Outras Lavouras Temporárias"}}, {"type": "Feature", "geometry": {"type": "Polygon", "coordinates": [[[-52.05287913830569, -29.4234188160508], [-52.05314863289093, -29.42395780522127], [-52.05314863289093, -29.4234188160508], [-52.05287913830569, -29.4234188160508]]]}, "properties": {"cultura": "Outras Lavouras Temporárias"}}, {"type": "Feature", "geometry": {"type": "Polygon", "coordinates": [[[-52.04829773035668, -29.42476628897698], [-52.04883671952715, -29.422340837709857], [-52.04775874118621, -29.42207134312462], [-52.04829773035668, -29.42476628897698]]]}, "properties": {"cultura": "Outras Lavouras Temporárias"}}, {"type": "Feature", "geometry": {"type": "Polygon", "coordinates": [[[-52.056113073328525, -29.42287982688033], [-52.05638256791376, -29.423688310636035], [-52.05719105166946, -29.423688310636035], [-52.05692155708423, -29.42287982688033], [-52.056113073328525, -29.42287982688033]]]}, "properties": {"cultura": "Outras Lavouras Temporárias"}}, {"type": "Feature", "geometry": {"type": "Polygon", "coordinates": [[[-52.053418127476164, -29.423149321465562], [-52.05314863289093, -29.4234188160508], [-52.053418127476164, -29.4234188160508], [-52.053418127476164, -29.423149321465562]]]}, "properties": {"cultura": "Outras Lavouras Temporárias"}}, {"type": "Feature", "geometry": {"type": "Polygon", "coordinates": [[[-52.049645203282864, -29.42287982688033], [-52.0499146978681, -29.4234188160508], [-52.0499146978681, -29.42287982688033], [-52.049645203282864, -29.42287982688033]]]}, "properties": {"cultura": "Outras Lavouras Temporárias"}}, {"type": "Feature", "geometry": {"type": "Polygon", "coordinates": [[[-52.06231144878895, -29.42287982688033], [-52.06258094337418, -29.423149321465562], [-52.06258094337418, -29.42287982688033], [-52.06231144878895, -29.42287982688033]]]}, "properties": {"cultura": "Outras Lavouras Temporárias"}}, {"type": "Feature", "geometry": {"type": "Polygon", "coordinates": [[[-52.05476560040234, -29.4234188160508], [-52.05449610581711, -29.422610332295093], [-52.053957116646636, -29.422610332295093], [-52.053957116646636, -29.4234188160508], [-52.05476560040234, -29.4234188160508]]]}, "properties": {"cultura": "Outras Lavouras Temporárias"}}, {"type": "Feature", "geometry": {"type": "Polygon", "coordinates": [[[-52.061233470448, -29.422610332295093], [-52.062041954203714, -29.42395780522127], [-52.061772459618474, -29.422610332295093], [-52.059616502936585, -29.421262859368913], [-52.059616502936585, -29.422340837709857], [-52.061233470448, -29.422610332295093]]]}, "properties": {"cultura": "Outras Lavouras Temporárias"}}, {"type": "Feature", "geometry": {"type": "Polygon", "coordinates": [[[-52.0469502574305, -29.422340837709857], [-52.047489246600975, -29.422610332295093], [-52.047489246600975, -29.422340837709857], [-52.0469502574305, -29.422340837709857]]]}, "properties": {"cultura": "Outras Lavouras Temporárias"}}, {"type": "Feature", "geometry": {"type": "Polygon", "coordinates": [[[-52.05692155708423, -29.422340837709857], [-52.05638256791376, -29.421262859368913], [-52.056113073328525, -29.421262859368913], [-52.055843578743286, -29.42207134312462], [-52.05692155708423, -29.422340837709857]]]}, "properties": {"cultura": "Outras Lavouras Temporárias"}}, {"type": "Feature", "geometry": {"type": "Polygon", "coordinates": [[[-52.05934700835135, -29.420993364783676], [-52.059616502936585, -29.421262859368913], [-52.059616502936585, -29.420993364783676], [-52.05934700835135, -29.420993364783676]]]}, "properties": {"cultura": "Outras Lavouras Temporárias"}}, {"type": "Feature", "geometry": {"type": "Polygon", "coordinates": [[[-52.053687622061396, -29.420993364783676], [-52.05503509498758, -29.419915386442735], [-52.05449610581711, -29.418298418931318], [-52.053957116646636, -29.418298418931318], [-52.053687622061396, -29.420993364783676]]]}, "properties": {"cultura": "Outras Lavouras Temporárias"}}, {"type": "Feature", "geometry": {"type": "Polygon", "coordinates": [[[-52.051531665379514, -29.415064483908488], [-52.05045368703857, -29.415872967664196], [-52.05045368703857, -29.414525494738015], [-52.049645203282864, -29.414525494738015], [-52.049645203282864, -29.41560347307896], [-52.04910621411239, -29.414525494738015], [-52.047489246600975, -29.414525494738015], [-52.04829773035668, -29.415064483908488], [-52.04829773035668, -29.417220440590373], [-52.049375708697625, -29.41695094600514], [-52.04883671952715, -29.417759429760846], [-52.05045368703857, -29.418028924346082], [-52.0499146978681, -29.419106902687027], [-52.049375708697625, -29.419106902687027], [-52.0499146978681, -29.418028924346082], [-52.04829773035668, -29.418028924346082], [-52.04883671952715, -29.419915386442735], [-52.04802823577145, -29.420993364783676], [-52.04910621411239, -29.420993364783676], [-52.051262170794274, -29.419106902687027], [-52.05260964372046, -29.419915386442735], [-52.05287913830569, -29.418298418931318], [-52.05449610581711, -29.417759429760846], [-52.05422661123187, -29.416681451419905], [-52.052070654549986, -29.417220440590373], [-52.051531665379514, -29.415064483908488]], [[-52.04910621411239, -29.41560347307896], [-52.04883671952715, -29.416681451419905], [-52.04856722494192, -29.41560347307896], [-52.04910621411239, -29.41560347307896]], [[-52.052070654549986, -29.417220440590373], [-52.05180115996475, -29.41748993517561], [-52.05180115996475, -29.417220440590373], [-52.052070654549986, -29.417220440590373]]]}, "properties": {"cultura": "Outras Lavouras Temporárias"}}, {"type": "Feature", "geometry": {"type": "Polygon", "coordinates": [[[-52.059616502936585, -29.417759429760846], [-52.06015549210706, -29.418298418931318], [-52.06015549210706, -29.417220440590373], [-52.059616502936585, -29.417759429760846]]]}, "properties": {"cultura": "Outras Lavouras Temporárias"}}, {"type": "Feature", "geometry": {"type": "Polygon", "coordinates": [[[-52.05880801918088, -29.41695094600514], [-52.05934700835135, -29.418028924346082], [-52.05934700835135, -29.41695094600514], [-52.05880801918088, -29.41695094600514]]]}, "properties": {"cultura": "Outras Lavouras Temporárias"}}, {"type": "Feature", "geometry": {"type": "Polygon", "coordinates": [[[-52.06231144878895, -29.417220440590373], [-52.06258094337418, -29.41748993517561], [-52.06258094337418, -29.417220440590373], [-52.06231144878895, -29.417220440590373]]]}, "properties": {"cultura": "Outras Lavouras Temporárias"}}, {"type": "Feature", "geometry": {"type": "Polygon", "coordinates": [[[-52.061772459618474, -29.417220440590373], [-52.06231144878895, -29.417220440590373], [-52.06231144878895, -29.41695094600514], [-52.061772459618474, -29.41695094600514], [-52.061772459618474, -29.417220440590373]]]}, "properties": {"cultura": "Outras Lavouras Temporárias"}}, {"type": "Feature", "geometry": {"type": "Polygon", "coordinates": [[[-52.06258094337418, -29.41695094600514], [-52.06231144878895, -29.416681451419905], [-52.06231144878895, -29.41695094600514], [-52.06258094337418, -29.41695094600514]]]}, "properties": {"cultura": "Outras Lavouras Temporárias"}}, {"type": "Feature", "geometry": {"type": "Polygon", "coordinates": [[[-52.05314863289093, -29.41641195683467], [-52.05260964372046, -29.416681451419905], [-52.05314863289093, -29.416681451419905], [-52.05314863289093, -29.41641195683467]]]}, "properties": {"cultura": "Outras Lavouras Temporárias"}}, {"type": "Feature", "geometry": {"type": "Polygon", "coordinates": [[[-52.05853852459565, -29.415872967664196], [-52.05880801918088, -29.416142462249432], [-52.05880801918088, -29.415872967664196], [-52.05853852459565, -29.415872967664196]]]}, "properties": {"cultura": "Outras Lavouras Temporárias"}}, {"type": "Feature", "geometry": {"type": "Polygon", "coordinates": [[[-52.05260964372046, -29.41560347307896], [-52.05314863289093, -29.41641195683467], [-52.053957116646636, -29.415872967664196], [-52.053957116646636, -29.415333978493724], [-52.05260964372046, -29.41560347307896]]]}, "properties": {"cultura": "Outras Lavouras Temporárias"}}, {"type": "Feature", "geometry": {"type": "Polygon", "coordinates": [[[-52.05826903001041, -29.415872967664196], [-52.05853852459565, -29.415872967664196], [-52.05853852459565, -29.41560347307896], [-52.05826903001041, -29.41560347307896], [-52.05826903001041, -29.415872967664196]]]}, "properties": {"cultura": "Outras Lavouras Temporárias"}}, {"type": "Feature", "geometry": {"type": "Polygon", "coordinates": [[[-52.057999535425175, -29.41479498932325], [-52.05826903001041, -29.41560347307896], [-52.05826903001041, -29.41479498932325], [-52.057999535425175, -29.41479498932325]]]}, "properties": {"cultura": "Outras Lavouras Temporárias"}}, {"type": "Feature", "geometry": {"type": "Polygon", "coordinates": [[[-52.053957116646636, -29.415064483908488], [-52.05449610581711, -29.416142462249432], [-52.05530458957281, -29.41560347307896], [-52.05530458957281, -29.41425600015278], [-52.053957116646636, -29.415064483908488]]]}, "properties": {"cultura": "Outras Lavouras Temporárias"}}, {"type": "Feature", "geometry": {"type": "Polygon", "coordinates": [[[-52.04721975201574, -29.41560347307896], [-52.04775874118621, -29.415064483908488], [-52.04721975201574, -29.41479498932325], [-52.04721975201574, -29.41560347307896]]]}, "properties": {"cultura": "Outras Lavouras Temporárias"}}, {"type": "Feature", "geometry": {"type": "Polygon", "coordinates": [[[-52.06258094337418, -29.41479498932325], [-52.06231144878895, -29.415064483908488], [-52.06258094337418, -29.415064483908488], [-52.06258094337418, -29.41479498932325]]]}, "properties": {"cultura": "Outras Lavouras Temporárias"}}, {"type": "Feature", "geometry": {"type": "Polygon", "coordinates": [[[-52.05880801918088, -29.414525494738015], [-52.05880801918088, -29.41371701098231], [-52.057999535425175, -29.413447516397074], [-52.057999535425175, -29.413986505567546], [-52.05880801918088, -29.414525494738015]]]}, "properties": {"cultura": "Outras Lavouras Temporárias"}}, {"type": "Feature", "geometry": {"type": "Polygon", "coordinates": [[[-52.05880801918088, -29.413447516397074], [-52.05907751376612, -29.41371701098231], [-52.05907751376612, -29.413447516397074], [-52.05880801918088, -29.413447516397074]]]}, "properties": {"cultura": "Outras Lavouras Temporárias"}}, {"type": "Feature", "geometry": {"type": "Polygon", "coordinates": [[[-52.03967390362914, -29.47031087388184], [-52.039134914458664, -29.470580368467076], [-52.039134914458664, -29.471658346808017], [-52.03994339821437, -29.47138885222278], [-52.03967390362914, -29.47031087388184]]]}, "properties": {"cultura": "Outras Lavouras Temporárias"}}, {"type": "Feature", "geometry": {"type": "Polygon", "coordinates": [[[-52.03670946319154, -29.471119357637548], [-52.03751794694725, -29.47031087388184], [-52.03670946319154, -29.47031087388184], [-52.03670946319154, -29.471119357637548]]]}, "properties": {"cultura": "Outras Lavouras Temporárias"}}, {"type": "Feature", "geometry": {"type": "Polygon", "coordinates": [[[-52.036978957776775, -29.468693906370422], [-52.0364399686063, -29.46950239012613], [-52.036978957776775, -29.46950239012613], [-52.036978957776775, -29.468693906370422]]]}, "properties": {"cultura": "Outras Lavouras Temporárias"}}, {"type": "Feature", "geometry": {"type": "Polygon", "coordinates": [[[-52.04209935489626, -29.469232895540895], [-52.04182986031102, -29.470580368467076], [-52.04398581699291, -29.47031087388184], [-52.043446827822436, -29.46761592802948], [-52.04263834406673, -29.467885422614717], [-52.0431773332372, -29.46896340095566], [-52.04209935489626, -29.469232895540895]]]}, "properties": {"cultura": "Outras Lavouras Temporárias"}}, {"type": "Feature", "geometry": {"type": "Polygon", "coordinates": [[[-52.03967390362914, -29.46950239012613], [-52.03994339821437, -29.468154917199954], [-52.03967390362914, -29.468693906370422], [-52.039134914458664, -29.468154917199954], [-52.03967390362914, -29.46950239012613]]]}, "properties": {"cultura": "Outras Lavouras Temporárias"}}, {"type": "Feature", "geometry": {"type": "Polygon", "coordinates": [[[-52.043446827822436, -29.467346433444245], [-52.043716322407676, -29.46761592802948], [-52.043716322407676, -29.467346433444245], [-52.043446827822436, -29.467346433444245]]]}, "properties": {"cultura": "Outras Lavouras Temporárias"}}, {"type": "Feature", "geometry": {"type": "Polygon", "coordinates": [[[-52.04479430074861, -29.467346433444245], [-52.045602784504325, -29.46707693885901], [-52.045602784504325, -29.466807444273773], [-52.04479430074861, -29.466537949688536], [-52.04479430074861, -29.467346433444245]]]}, "properties": {"cultura": "Outras Lavouras Temporárias"}}, {"type": "Feature", "geometry": {"type": "Polygon", "coordinates": [[[-52.039134914458664, -29.4662684551033], [-52.03805693611772, -29.4662684551033], [-52.03778744153249, -29.467346433444245], [-52.039134914458664, -29.467346433444245], [-52.039134914458664, -29.4662684551033]]]}, "properties": {"cultura": "Outras Lavouras Temporárias"}}, {"type": "Feature", "geometry": {"type": "Polygon", "coordinates": [[[-52.045602784504325, -29.466537949688536], [-52.04587227908956, -29.466807444273773], [-52.04587227908956, -29.466537949688536], [-52.045602784504325, -29.466537949688536]]]}, "properties": {"cultura": "Outras Lavouras Temporárias"}}, {"type": "Feature", "geometry": {"type": "Polygon", "coordinates": [[[-52.03778744153249, -29.465729465932828], [-52.03805693611772, -29.4662684551033], [-52.03805693611772, -29.465729465932828], [-52.03778744153249, -29.465729465932828]]]}, "properties": {"cultura": "Outras Lavouras Temporárias"}}, {"type": "Feature", "geometry": {"type": "Polygon", "coordinates": [[[-52.03805693611772, -29.46519047676236], [-52.03967390362914, -29.466537949688536], [-52.0394044090439, -29.46519047676236], [-52.03805693611772, -29.46519047676236]]]}, "properties": {"cultura": "Outras Lavouras Temporárias"}}, {"type": "Feature", "geometry": {"type": "Polygon", "coordinates": [[[-52.04479430074861, -29.465998960518064], [-52.045602784504325, -29.46545997134759], [-52.045602784504325, -29.464920982177123], [-52.04479430074861, -29.464920982177123], [-52.04479430074861, -29.465998960518064]]]}, "properties": {"cultura": "Outras Lavouras Temporárias"}}, {"type": "Feature", "geometry": {"type": "Polygon", "coordinates": [[[-52.0431773332372, -29.467346433444245], [-52.043446827822436, -29.467346433444245], [-52.043446827822436, -29.46707693885901], [-52.043716322407676, -29.46707693885901], [-52.043716322407676, -29.465729465932828], [-52.04290783865196, -29.465729465932828], [-52.043446827822436, -29.464112498421414], [-52.04290783865196, -29.46438199300665], [-52.04263834406673, -29.463304014665706], [-52.04236884948149, -29.46707693885901], [-52.0431773332372, -29.467346433444245]]]}, "properties": {"cultura": "Outras Lavouras Temporárias"}}, {"type": "Feature", "geometry": {"type": "Polygon", "coordinates": [[[-52.03617047402107, -29.46303452008047], [-52.0356314848506, -29.463304014665706], [-52.03590097943583, -29.465729465932828], [-52.037248452362014, -29.46438199300665], [-52.03751794694725, -29.4662684551033], [-52.03805693611772, -29.462765025495234], [-52.037248452362014, -29.462226036324765], [-52.037248452362014, -29.463573509250942], [-52.03670946319154, -29.463573509250942], [-52.037248452362014, -29.464112498421414], [-52.0364399686063, -29.464112498421414], [-52.03617047402107, -29.46303452008047]]]}, "properties": {"cultura": "Outras Lavouras Temporárias"}}, {"type": "Feature", "geometry": {"type": "Polygon", "coordinates": [[[-52.041560365725786, -29.46545997134759], [-52.04182986031102, -29.46384300383618], [-52.04075188197008, -29.464112498421414], [-52.04075188197008, -29.46114805798382], [-52.04209935489626, -29.46033957422811], [-52.04075188197008, -29.45980058505764], [-52.04048238738484, -29.465998960518064], [-52.041560365725786, -29.46545997134759]], [[-52.041290871140546, -29.46519047676236], [-52.04075188197008, -29.46438199300665], [-52.041290871140546, -29.46438199300665], [-52.041290871140546, -29.46519047676236]]]}, "properties": {"cultura": "Outras Lavouras Temporárias"}}, {"type": "Feature", "geometry": {"type": "Polygon", "coordinates": [[[-52.04236884948149, -29.462226036324765], [-52.04182986031102, -29.462495530909997], [-52.04182986031102, -29.46303452008047], [-52.04236884948149, -29.462226036324765]]]}, "properties": {"cultura": "Outras Lavouras Temporárias"}}, {"type": "Feature", "geometry": {"type": "Polygon", "coordinates": [[[-52.04263834406673, -29.46195654173953], [-52.04290783865196, -29.462226036324765], [-52.04290783865196, -29.461417552569056], [-52.04263834406673, -29.46195654173953]]]}, "properties": {"cultura": "Outras Lavouras Temporárias"}}, {"type": "Feature", "geometry": {"type": "Polygon", "coordinates": [[[-52.03967390362914, -29.460609068813348], [-52.03994339821437, -29.46195654173953], [-52.03994339821437, -29.460609068813348], [-52.03967390362914, -29.460609068813348]]]}, "properties": {"cultura": "Outras Lavouras Temporárias"}}, {"type": "Feature", "geometry": {"type": "Polygon", "coordinates": [[[-52.036978957776775, -29.46114805798382], [-52.03751794694725, -29.46114805798382], [-52.03751794694725, -29.45980058505764], [-52.036978957776775, -29.45980058505764], [-52.036978957776775, -29.46114805798382]]]}, "properties": {"cultura": "Outras Lavouras Temporárias"}}, {"type": "Feature", "geometry": {"type": "Polygon", "coordinates": [[[-52.04398581699291, -29.460609068813348], [-52.04398581699291, -29.459531090472403], [-52.0431773332372, -29.459531090472403], [-52.043716322407676, -29.45980058505764], [-52.04398581699291, -29.460609068813348]]]}, "properties": {"cultura": "Outras Lavouras Temporárias"}}, {"type": "Feature", "geometry": {"type": "Polygon", "coordinates": [[[-52.0431773332372, -29.45980058505764], [-52.04290783865196, -29.460070079642875], [-52.0431773332372, -29.460070079642875], [-52.0431773332372, -29.45980058505764]]]}, "properties": {"cultura": "Outras Lavouras Temporárias"}}, {"type": "Feature", "geometry": {"type": "Polygon", "coordinates": [[[-52.03994339821437, -29.457644628375753], [-52.03967390362914, -29.45980058505764], [-52.03994339821437, -29.45980058505764], [-52.03994339821437, -29.457644628375753]]]}, "properties": {"cultura": "Outras Lavouras Temporárias"}}, {"type": "Feature", "geometry": {"type": "Polygon", "coordinates": [[[-52.04182986031102, -29.45926159588717], [-52.04209935489626, -29.457644628375753], [-52.04182986031102, -29.457644628375753], [-52.04182986031102, -29.45926159588717]]]}, "properties": {"cultura": "Outras Lavouras Temporárias"}}, {"type": "Feature", "geometry": {"type": "Polygon", "coordinates": [[[-52.03805693611772, -29.456297155449573], [-52.036978957776775, -29.45656665003481], [-52.036978957776775, -29.458183617546226], [-52.03778744153249, -29.45791412296099], [-52.03805693611772, -29.456297155449573]]]}, "properties": {"cultura": "Outras Lavouras Temporárias"}}, {"type": "Feature", "geometry": {"type": "Polygon", "coordinates": [[[-52.03994339821437, -29.457644628375753], [-52.04075188197008, -29.45656665003481], [-52.03994339821437, -29.45710563920528], [-52.03994339821437, -29.457644628375753]]]}, "properties": {"cultura": "Outras Lavouras Temporárias"}}, {"type": "Feature", "geometry": {"type": "Polygon", "coordinates": [[[-52.041560365725786, -29.455488671693868], [-52.04075188197008, -29.45656665003481], [-52.041290871140546, -29.45656665003481], [-52.041560365725786, -29.455488671693868]]]}, "properties": {"cultura": "Outras Lavouras Temporárias"}}, {"type": "Feature", "geometry": {"type": "Polygon", "coordinates": [[[-52.036978957776775, -29.453332715011978], [-52.037248452362014, -29.454141198767687], [-52.037248452362014, -29.453332715011978], [-52.036978957776775, -29.453332715011978]]]}, "properties": {"cultura": "Outras Lavouras Temporárias"}}, {"type": "Feature", "geometry": {"type": "Polygon", "coordinates": [[[-52.04290783865196, -29.452254736671037], [-52.04209935489626, -29.452524231256273], [-52.04263834406673, -29.453602209597214], [-52.04290783865196, -29.453602209597214], [-52.04290783865196, -29.452254736671037]]]}, "properties": {"cultura": "Outras Lavouras Temporárias"}}, {"type": "Feature", "geometry": {"type": "Polygon", "coordinates": [[[-52.0364399686063, -29.453332715011978], [-52.036978957776775, -29.453332715011978], [-52.037248452362014, -29.45279372584151], [-52.0364399686063, -29.452524231256273], [-52.0364399686063, -29.453332715011978]]]}, "properties": {"cultura": "Outras Lavouras Temporárias"}}, {"type": "Feature", "geometry": {"type": "Polygon", "coordinates": [[[-52.04182986031102, -29.4519852420858], [-52.04236884948149, -29.452254736671037], [-52.04236884948149, -29.4519852420858], [-52.04182986031102, -29.4519852420858]]]}, "properties": {"cultura": "Outras Lavouras Temporárias"}}, {"type": "Feature", "geometry": {"type": "Polygon", "coordinates": [[[-52.03967390362914, -29.451176758330092], [-52.04048238738484, -29.452254736671037], [-52.04048238738484, -29.451176758330092], [-52.03967390362914, -29.451176758330092]]]}, "properties": {"cultura": "Outras Lavouras Temporárias"}}, {"type": "Feature", "geometry": {"type": "Polygon", "coordinates": [[[-52.036978957776775, -29.44794282330726], [-52.03670946319154, -29.448212317892498], [-52.036978957776775, -29.448212317892498], [-52.036978957776775, -29.44794282330726]]]}, "properties": {"cultura": "Outras Lavouras Temporárias"}}, {"type": "Feature", "geometry": {"type": "Polygon", "coordinates": [[[-52.03751794694725, -29.44740383413679], [-52.036978957776775, -29.44794282330726], [-52.03751794694725, -29.44794282330726], [-52.03751794694725, -29.44740383413679]]]}, "properties": {"cultura": "Outras Lavouras Temporárias"}}, {"type": "Feature", "geometry": {"type": "Polygon", "coordinates": [[[-52.03778744153249, -29.447134339551557], [-52.03832643070295, -29.44794282330726], [-52.03859592528819, -29.44740383413679], [-52.03778744153249, -29.447134339551557]]]}, "properties": {"cultura": "Outras Lavouras Temporárias"}}, {"type": "Feature", "geometry": {"type": "Polygon", "coordinates": [[[-52.036978957776775, -29.445786866625376], [-52.0364399686063, -29.446595350381084], [-52.036978957776775, -29.446595350381084], [-52.036978957776775, -29.445786866625376]]]}, "properties": {"cultura": "Outras Lavouras Temporárias"}}, {"type": "Feature", "geometry": {"type": "Polygon", "coordinates": [[[-52.03778744153249, -29.44470888828443], [-52.03778744153249, -29.445786866625376], [-52.03805693611772, -29.445786866625376], [-52.03859592528819, -29.44470888828443], [-52.03778744153249, -29.44470888828443]]]}, "properties": {"cultura": "Outras Lavouras Temporárias"}}, {"type": "Feature", "geometry": {"type": "Polygon", "coordinates": [[[-52.04075188197008, -29.44551737204014], [-52.041290871140546, -29.44470888828443], [-52.04075188197008, -29.444169899113962], [-52.04075188197008, -29.44551737204014]]]}, "properties": {"cultura": "Outras Lavouras Temporárias"}}, {"type": "Feature", "geometry": {"type": "Polygon", "coordinates": [[[-52.04075188197008, -29.443900404528726], [-52.04021289279961, -29.444169899113962], [-52.04075188197008, -29.444169899113962], [-52.04075188197008, -29.443900404528726]]]}, "properties": {"cultura": "Outras Lavouras Temporárias"}}, {"type": "Feature", "geometry": {"type": "Polygon", "coordinates": [[[-52.041290871140546, -29.44363090994349], [-52.041021376555314, -29.444169899113962], [-52.041290871140546, -29.444169899113962], [-52.041290871140546, -29.44363090994349]]]}, "properties": {"cultura": "Outras Lavouras Temporárias"}}, {"type": "Feature", "geometry": {"type": "Polygon", "coordinates": [[[-52.04425531157814, -29.44470888828443], [-52.04721975201574, -29.44470888828443], [-52.0461417736748, -29.444439393699195], [-52.04641126826003, -29.442552931602545], [-52.04452480616338, -29.44282242618778], [-52.04425531157814, -29.441744447846837], [-52.043716322407676, -29.44228343701731], [-52.04425531157814, -29.44470888828443]]]}, "properties": {"cultura": "Outras Lavouras Temporárias"}}, {"type": "Feature", "geometry": {"type": "Polygon", "coordinates": [[[-52.03751794694725, -29.440666469505896], [-52.036978957776775, -29.44228343701731], [-52.03778744153249, -29.44363090994349], [-52.03751794694725, -29.44282242618778], [-52.03751794694725, -29.440666469505896]]]}, "properties": {"cultura": "Outras Lavouras Temporárias"}}, {"type": "Feature", "geometry": {"type": "Polygon", "coordinates": [[[-52.04398581699291, -29.439857985750187], [-52.04398581699291, -29.440666469505896], [-52.04425531157814, -29.440666469505896], [-52.04452480616338, -29.440127480335423], [-52.04398581699291, -29.439857985750187]]]}, "properties": {"cultura": "Outras Lavouras Temporárias"}}, {"type": "Feature", "geometry": {"type": "Polygon", "coordinates": [[[-52.03778744153249, -29.43904950199448], [-52.03751794694725, -29.43958849116495], [-52.03778744153249, -29.43958849116495], [-52.03778744153249, -29.43904950199448]]]}, "properties": {"cultura": "Outras Lavouras Temporárias"}}, {"type": "Feature", "geometry": {"type": "Polygon", "coordinates": [[[-52.043716322407676, -29.438510512824006], [-52.043716322407676, -29.439857985750187], [-52.04398581699291, -29.439857985750187], [-52.04425531157814, -29.438780007409243], [-52.043716322407676, -29.438510512824006]]]}, "properties": {"cultura": "Outras Lavouras Temporárias"}}, {"type": "Feature", "geometry": {"type": "Polygon", "coordinates": [[[-52.04182986031102, -29.438780007409243], [-52.04209935489626, -29.43904950199448], [-52.04209935489626, -29.438780007409243], [-52.04182986031102, -29.438780007409243]]]}, "properties": {"cultura": "Outras Lavouras Temporárias"}}, {"type": "Feature", "geometry": {"type": "Polygon", "coordinates": [[[-52.03859592528819, -29.438510512824006], [-52.039134914458664, -29.43904950199448], [-52.039134914458664, -29.438510512824006], [-52.03859592528819, -29.438510512824006]]]}, "properties": {"cultura": "Outras Lavouras Temporárias"}}, {"type": "Feature", "geometry": {"type": "Polygon", "coordinates": [[[-52.03832643070295, -29.43904950199448], [-52.03832643070295, -29.438510512824006], [-52.03859592528819, -29.438510512824006], [-52.03859592528819, -29.43824101823877], [-52.03778744153249, -29.43824101823877], [-52.03832643070295, -29.43904950199448]]]}, "properties": {"cultura": "Outras Lavouras Temporárias"}}, {"type": "Feature", "geometry": {"type": "Polygon", "coordinates": [[[-52.04021289279961, -29.4377020290683], [-52.04048238738484, -29.43904950199448], [-52.04048238738484, -29.4377020290683], [-52.04021289279961, -29.4377020290683]]]}, "properties": {"cultura": "Outras Lavouras Temporárias"}}, {"type": "Feature", "geometry": {"type": "Polygon", "coordinates": [[[-52.041560365725786, -29.437971523653538], [-52.041560365725786, -29.438510512824006], [-52.041560365725786, -29.438780007409243], [-52.04182986031102, -29.438780007409243], [-52.041560365725786, -29.437971523653538]]]}, "properties": {"cultura": "Outras Lavouras Temporárias"}}, {"type": "Feature", "geometry": {"type": "Polygon", "coordinates": [[[-52.041290871140546, -29.4377020290683], [-52.041021376555314, -29.437971523653538], [-52.041290871140546, -29.437971523653538], [-52.041290871140546, -29.4377020290683]]]}, "properties": {"cultura": "Outras Lavouras Temporárias"}}, {"type": "Feature", "geometry": {"type": "Polygon", "coordinates": [[[-52.03832643070295, -29.4377020290683], [-52.039134914458664, -29.4377020290683], [-52.039134914458664, -29.43716303989783], [-52.03859592528819, -29.43716303989783], [-52.03832643070295, -29.4377020290683]]]}, "properties": {"cultura": "Outras Lavouras Temporárias"}}, {"type": "Feature", "geometry": {"type": "Polygon", "coordinates": [[[-52.04263834406673, -29.43635455614212], [-52.043446827822436, -29.43635455614212], [-52.043446827822436, -29.434737588630707], [-52.04290783865196, -29.434737588630707], [-52.04263834406673, -29.43635455614212]]]}, "properties": {"cultura": "Outras Lavouras Temporárias"}}, {"type": "Feature", "geometry": {"type": "Polygon", "coordinates": [[[-52.04425531157814, -29.435276577801176], [-52.04479430074861, -29.43446809404547], [-52.04425531157814, -29.433929104875], [-52.04425531157814, -29.435276577801176]]]}, "properties": {"cultura": "Outras Lavouras Temporárias"}}, {"type": "Feature", "geometry": {"type": "Polygon", "coordinates": [[[-52.0394044090439, -29.434198599460235], [-52.038865419873424, -29.434198599460235], [-52.039134914458664, -29.432851126534054], [-52.03832643070295, -29.432581631948818], [-52.039134914458664, -29.436085061556884], [-52.0394044090439, -29.434198599460235]]]}, "properties": {"cultura": "Outras Lavouras Temporárias"}}, {"type": "Feature", "geometry": {"type": "Polygon", "coordinates": [[[-52.04290783865196, -29.43312062111929], [-52.04236884948149, -29.433390115704526], [-52.04236884948149, -29.433929104875], [-52.04290783865196, -29.43312062111929]]]}, "properties": {"cultura": "Outras Lavouras Temporárias"}}, {"type": "Feature", "geometry": {"type": "Polygon", "coordinates": [[[-52.04236884948149, -29.43312062111929], [-52.04290783865196, -29.43204264277835], [-52.04236884948149, -29.43204264277835], [-52.04236884948149, -29.43312062111929]]]}, "properties": {"cultura": "Outras Lavouras Temporárias"}}, {"type": "Feature", "geometry": {"type": "Polygon", "coordinates": [[[-52.037248452362014, -29.42611376190316], [-52.03778744153249, -29.426922245658865], [-52.03778744153249, -29.42611376190316], [-52.037248452362014, -29.42611376190316]]]}, "properties": {"cultura": "Outras Lavouras Temporárias"}}, {"type": "Feature", "geometry": {"type": "Polygon", "coordinates": [[[-52.036978957776775, -29.42476628897698], [-52.03617047402107, -29.425574772732688], [-52.03670946319154, -29.42611376190316], [-52.036978957776775, -29.42611376190316], [-52.036978957776775, -29.42476628897698]]]}, "properties": {"cultura": "Outras Lavouras Temporárias"}}, {"type": "Feature", "geometry": {"type": "Polygon", "coordinates": [[[-52.04668076284527, -29.422340837709857], [-52.0469502574305, -29.422340837709857], [-52.0469502574305, -29.421801848539385], [-52.04668076284527, -29.421801848539385], [-52.04668076284527, -29.422340837709857]]]}, "properties": {"cultura": "Outras Lavouras Temporárias"}}, {"type": "Feature", "geometry": {"type": "Polygon", "coordinates": [[[-52.04587227908956, -29.421801848539385], [-52.04641126826003, -29.42207134312462], [-52.04641126826003, -29.421801848539385], [-52.04587227908956, -29.421801848539385]]]}, "properties": {"cultura": "Outras Lavouras Temporárias"}}, {"type": "Feature", "geometry": {"type": "Polygon", "coordinates": [[[-52.04506379533385, -29.42072387019844], [-52.04641126826003, -29.42153235395415], [-52.04668076284527, -29.421801848539385], [-52.04668076284527, -29.421262859368913], [-52.04506379533385, -29.42072387019844]]]}, "properties": {"cultura": "Outras Lavouras Temporárias"}}, {"type": "Feature", "geometry": {"type": "Polygon", "coordinates": [[[-52.04048238738484, -29.418028924346082], [-52.04021289279961, -29.419915386442735], [-52.041290871140546, -29.421262859368913], [-52.04075188197008, -29.41641195683467], [-52.03967390362914, -29.41748993517561], [-52.04048238738484, -29.418028924346082]]]}, "properties": {"cultura": "Outras Lavouras Temporárias"}}, {"type": "Feature", "geometry": {"type": "Polygon", "coordinates": [[[-52.04479430074861, -29.41748993517561], [-52.04506379533385, -29.419106902687027], [-52.045333289919085, -29.419106902687027], [-52.0461417736748, -29.41748993517561], [-52.04479430074861, -29.41748993517561]]]}, "properties": {"cultura": "Outras Lavouras Temporárias"}}, {"type": "Feature", "geometry": {"type": "Polygon", "coordinates": [[[-52.04587227908956, -29.420454375613204], [-52.045602784504325, -29.419376397272263], [-52.04668076284527, -29.419915386442735], [-52.04668076284527, -29.41883740810179], [-52.04775874118621, -29.41883740810179], [-52.04775874118621, -29.419915386442735], [-52.04856722494192, -29.419915386442735], [-52.04775874118621, -29.417220440590373], [-52.04802823577145, -29.415872967664196], [-52.04587227908956, -29.419106902687027], [-52.04479430074861, -29.419376397272263], [-52.04506379533385, -29.420454375613204], [-52.04587227908956, -29.420454375613204]]]}, "properties": {"cultura": "Outras Lavouras Temporárias"}}, {"type": "Feature", "geometry": {"type": "Polygon", "coordinates": [[[-52.043446827822436, -29.41883740810179], [-52.043716322407676, -29.41748993517561], [-52.04290783865196, -29.41748993517561], [-52.04263834406673, -29.418298418931318], [-52.043446827822436, -29.41883740810179]]]}, "properties": {"cultura": "Outras Lavouras Temporárias"}}, {"type": "Feature", "geometry": {"type": "Polygon", "coordinates": [[[-52.0461417736748, -29.415872967664196], [-52.0461417736748, -29.41748993517561], [-52.04668076284527, -29.41748993517561], [-52.0469502574305, -29.416142462249432], [-52.0461417736748, -29.415872967664196]]]}, "properties": {"cultura": "Outras Lavouras Temporárias"}}, {"type": "Feature", "geometry": {"type": "Polygon", "coordinates": [[[-52.0431773332372, -29.415872967664196], [-52.043446827822436, -29.41641195683467], [-52.043446827822436, -29.415872967664196], [-52.0431773332372, -29.415872967664196]]]}, "properties": {"cultura": "Outras Lavouras Temporárias"}}, {"type": "Feature", "geometry": {"type": "Polygon", "coordinates": [[[-52.04290783865196, -29.415872967664196], [-52.0431773332372, -29.415872967664196], [-52.0431773332372, -29.415333978493724], [-52.04263834406673, -29.415333978493724], [-52.04290783865196, -29.415872967664196]]]}, "properties": {"cultura": "Outras Lavouras Temporárias"}}, {"type": "Feature", "geometry": {"type": "Polygon", "coordinates": [[[-52.0364399686063, -29.413178021811838], [-52.036978957776775, -29.41748993517561], [-52.037248452362014, -29.415064483908488], [-52.038865419873424, -29.41479498932325], [-52.038865419873424, -29.41371701098231], [-52.0394044090439, -29.41479498932325], [-52.03967390362914, -29.413986505567546], [-52.039134914458664, -29.413178021811838], [-52.03805693611772, -29.413447516397074], [-52.03859592528819, -29.4129085272266], [-52.03778744153249, -29.412639032641366], [-52.03751794694725, -29.41425600015278], [-52.03778744153249, -29.412100043470893], [-52.0364399686063, -29.413178021811838]], [[-52.036978957776775, -29.4129085272266], [-52.037248452362014, -29.413178021811838], [-52.036978957776775, -29.413178021811838], [-52.036978957776775, -29.4129085272266]]]}, "properties": {"cultura": "Outras Lavouras Temporárias"}}, {"type": "Feature", "geometry": {"type": "Polygon", "coordinates": [[[-52.04425531157814, -29.415064483908488], [-52.04479430074861, -29.41425600015278], [-52.043446827822436, -29.41371701098231], [-52.043446827822436, -29.415333978493724], [-52.04479430074861, -29.415333978493724], [-52.04425531157814, -29.415064483908488]]]}, "properties": {"cultura": "Outras Lavouras Temporárias"}}, {"type": "Feature", "geometry": {"type": "Polygon", "coordinates": [[[-52.03967390362914, -29.415333978493724], [-52.038865419873424, -29.415064483908488], [-52.04021289279961, -29.41560347307896], [-52.041290871140546, -29.41479498932325], [-52.04075188197008, -29.413447516397074], [-52.03994339821437, -29.41371701098231], [-52.03967390362914, -29.415333978493724]]]}, "properties": {"cultura": "Outras Lavouras Temporárias"}}, {"type": "Feature", "geometry": {"type": "Polygon", "coordinates": [[[-52.04021289279961, -29.412639032641366], [-52.039134914458664, -29.4129085272266], [-52.039134914458664, -29.413178021811838], [-52.03994339821437, -29.413178021811838], [-52.04021289279961, -29.412639032641366]]]}, "properties": {"cultura": "Outras Lavouras Temporárias"}}, {"type": "Feature", "geometry": {"type": "Polygon", "coordinates": [[[-52.03670946319154, -29.412639032641366], [-52.03617047402107, -29.4129085272266], [-52.03670946319154, -29.4129085272266], [-52.03670946319154, -29.412639032641366]]]}, "properties": {"cultura": "Outras Lavouras Temporárias"}}, {"type": "Feature", "geometry": {"type": "Polygon", "coordinates": [[[-52.03590097943583, -29.411830548885657], [-52.03617047402107, -29.412100043470893], [-52.03617047402107, -29.411830548885657], [-52.03590097943583, -29.411830548885657]]]}, "properties": {"cultura": "Outras Lavouras Temporárias"}}, {"type": "Feature", "geometry": {"type": "Polygon", "coordinates": [[[-52.03670946319154, -29.41048307595948], [-52.0356314848506, -29.410752570544716], [-52.03536199026536, -29.409944086789007], [-52.03536199026536, -29.411291559715185], [-52.03670946319154, -29.411830548885657], [-52.036978957776775, -29.41236953805613], [-52.03670946319154, -29.41048307595948]], [[-52.0356314848506, -29.411291559715185], [-52.03590097943583, -29.411022065129952], [-52.03590097943583, -29.411291559715185], [-52.0356314848506, -29.411291559715185]]]}, "properties": {"cultura": "Outras Lavouras Temporárias"}}, {"type": "Feature", "geometry": {"type": "Polygon", "coordinates": [[[-52.03805693611772, -29.41048307595948], [-52.039134914458664, -29.409944086789007], [-52.03805693611772, -29.409944086789007], [-52.03805693611772, -29.41048307595948]]]}, "properties": {"cultura": "Outras Lavouras Temporárias"}}, {"type": "Feature", "geometry": {"type": "Polygon", "coordinates": [[[-52.0394044090439, -29.41048307595948], [-52.03967390362914, -29.409944086789007], [-52.0394044090439, -29.409944086789007], [-52.0394044090439, -29.41048307595948]]]}, "properties": {"cultura": "Outras Lavouras Temporárias"}}, {"type": "Feature", "geometry": {"type": "Polygon", "coordinates": [[[-52.0394044090439, -29.40967459220377], [-52.039134914458664, -29.409944086789007], [-52.0394044090439, -29.409944086789007], [-52.0394044090439, -29.40967459220377]]]}, "properties": {"cultura": "Outras Lavouras Temporárias"}}, {"type": "Feature", "geometry": {"type": "Polygon", "coordinates": [[[-52.036978957776775, -29.41048307595948], [-52.03670946319154, -29.4091356030333], [-52.03617047402107, -29.410213581374244], [-52.036978957776775, -29.41048307595948]]]}, "properties": {"cultura": "Outras Lavouras Temporárias"}}, {"type": "Feature", "geometry": {"type": "Polygon", "coordinates": [[[-52.03859592528819, -29.40132026006146], [-52.03751794694725, -29.401050765476224], [-52.03751794694725, -29.401859249231933], [-52.0364399686063, -29.402128743817165], [-52.03778744153249, -29.402128743817165], [-52.03859592528819, -29.40132026006146]]]}, "properties": {"cultura": "Outras Lavouras Temporárias"}}, {"type": "Feature", "geometry": {"type": "Polygon", "coordinates": [[[-52.03859592528819, -29.401050765476224], [-52.03832643070295, -29.400781270890988], [-52.03832643070295, -29.401050765476224], [-52.03859592528819, -29.401050765476224]]]}, "properties": {"cultura": "Outras Lavouras Temporárias"}}, {"type": "Feature", "geometry": {"type": "Polygon", "coordinates": [[[-52.02188726100357, -29.475970260171792], [-52.02188726100357, -29.47462278724561], [-52.020809282662626, -29.474892281830847], [-52.020809282662626, -29.47543127100132], [-52.02188726100357, -29.475970260171792]]]}, "properties": {"cultura": "Outras Lavouras Temporárias"}}, {"type": "Feature", "geometry": {"type": "Polygon", "coordinates": [[[-52.02808563646399, -29.474083798075142], [-52.02727715270829, -29.474083798075142], [-52.02700765812305, -29.47354480890467], [-52.02700765812305, -29.474353292660375], [-52.02808563646399, -29.474083798075142]]]}, "properties": {"cultura": "Outras Lavouras Temporárias"}}, {"type": "Feature", "geometry": {"type": "Polygon", "coordinates": [[[-52.02107877724786, -29.47354480890467], [-52.02188726100357, -29.474083798075142], [-52.02188726100357, -29.47354480890467], [-52.02107877724786, -29.47354480890467]]]}, "properties": {"cultura": "Outras Lavouras Temporárias"}}, {"type": "Feature", "geometry": {"type": "Polygon", "coordinates": [[[-52.031050076901586, -29.47354480890467], [-52.029163614804936, -29.473814303489906], [-52.031050076901586, -29.473814303489906], [-52.031050076901586, -29.47354480890467]]]}, "properties": {"cultura": "Outras Lavouras Temporárias"}}, {"type": "Feature", "geometry": {"type": "Polygon", "coordinates": [[[-52.0251211960264, -29.474353292660375], [-52.02619917436734, -29.47462278724561], [-52.02539069061164, -29.47273632514896], [-52.0251211960264, -29.47273632514896], [-52.0251211960264, -29.474353292660375]]]}, "properties": {"cultura": "Outras Lavouras Temporárias"}}, {"type": "Feature", "geometry": {"type": "Polygon", "coordinates": [[[-52.028894120219704, -29.473005819734198], [-52.02754664729352, -29.47273632514896], [-52.028624625634464, -29.47354480890467], [-52.02835513104923, -29.474353292660375], [-52.028894120219704, -29.474353292660375], [-52.028894120219704, -29.473005819734198]]]}, "properties": {"cultura": "Outras Lavouras Temporárias"}}, {"type": "Feature", "geometry": {"type": "Polygon", "coordinates": [[[-52.031319571486826, -29.473005819734198], [-52.031050076901586, -29.47354480890467], [-52.031319571486826, -29.47354480890467], [-52.031319571486826, -29.473005819734198]]]}, "properties": {"cultura": "Outras Lavouras Temporárias"}}, {"type": "Feature", "geometry": {"type": "Polygon", "coordinates": [[[-52.02323473392975, -29.472466830563725], [-52.022965239344515, -29.47273632514896], [-52.02323473392975, -29.47273632514896], [-52.02323473392975, -29.472466830563725]]]}, "properties": {"cultura": "Outras Lavouras Temporárias"}}, {"type": "Feature", "geometry": {"type": "Polygon", "coordinates": [[[-52.02350422851498, -29.47219733597849], [-52.02323473392975, -29.472466830563725], [-52.02350422851498, -29.472466830563725], [-52.02350422851498, -29.47219733597849]]]}, "properties": {"cultura": "Outras Lavouras Temporárias"}}, {"type": "Feature", "geometry": {"type": "Polygon", "coordinates": [[[-52.02377372310022, -29.471658346808017], [-52.02350422851498, -29.47219733597849], [-52.02431271227069, -29.471658346808017], [-52.02377372310022, -29.471658346808017]]]}, "properties": {"cultura": "Outras Lavouras Temporárias"}}, {"type": "Feature", "geometry": {"type": "Polygon", "coordinates": [[[-52.026738163537814, -29.469771884711367], [-52.02566018519687, -29.47084986305231], [-52.02566018519687, -29.473275314319434], [-52.02619917436734, -29.473275314319434], [-52.02619917436734, -29.47084986305231], [-52.02700765812305, -29.47084986305231], [-52.02700765812305, -29.467346433444245], [-52.026738163537814, -29.468693906370422], [-52.02592967978211, -29.468693906370422], [-52.026738163537814, -29.469771884711367]]]}, "properties": {"cultura": "Outras Lavouras Temporárias"}}, {"type": "Feature", "geometry": {"type": "Polygon", "coordinates": [[[-52.02592967978211, -29.469232895540895], [-52.02566018519687, -29.470041379296603], [-52.02592967978211, -29.470041379296603], [-52.02592967978211, -29.469232895540895]]]}, "properties": {"cultura": "Outras Lavouras Temporárias"}}, {"type": "Feature", "geometry": {"type": "Polygon", "coordinates": [[[-52.0251211960264, -29.47084986305231], [-52.024582206855925, -29.46761592802948], [-52.024582206855925, -29.47138885222278], [-52.0251211960264, -29.47084986305231]]]}, "properties": {"cultura": "Outras Lavouras Temporárias"}}, {"type": "Feature", "geometry": {"type": "Polygon", "coordinates": [[[-52.02107877724786, -29.46896340095566], [-52.0213482718331, -29.469232895540895], [-52.0213482718331, -29.46896340095566], [-52.02107877724786, -29.46896340095566]]]}, "properties": {"cultura": "Outras Lavouras Temporárias"}}, {"type": "Feature", "geometry": {"type": "Polygon", "coordinates": [[[-52.02592967978211, -29.468424411785186], [-52.02566018519687, -29.468693906370422], [-52.02592967978211, -29.468693906370422], [-52.02592967978211, -29.468424411785186]]]}, "properties": {"cultura": "Outras Lavouras Temporárias"}}, {"type": "Feature", "geometry": {"type": "Polygon", "coordinates": [[[-52.0213482718331, -29.46761592802948], [-52.02161776641833, -29.468693906370422], [-52.02161776641833, -29.46761592802948], [-52.0213482718331, -29.46761592802948]]]}, "properties": {"cultura": "Outras Lavouras Temporárias"}}, {"type": "Feature", "geometry": {"type": "Polygon", "coordinates": [[[-52.03482300109489, -29.469232895540895], [-52.035092495680125, -29.4662684551033], [-52.03455350650965, -29.4662684551033], [-52.03482300109489, -29.46761592802948], [-52.03374502275395, -29.46761592802948], [-52.03374502275395, -29.469232895540895], [-52.03482300109489, -29.469232895540895]]]}, "properties": {"cultura": "Outras Lavouras Temporárias"}}, {"type": "Feature", "geometry": {"type": "Polygon", "coordinates": [[[-52.03158906607206, -29.464112498421414], [-52.031050076901586, -29.46545997134759], [-52.031050076901586, -29.466807444273773], [-52.03158906607206, -29.466807444273773], [-52.03158906607206, -29.464112498421414]]]}, "properties": {"cultura": "Outras Lavouras Temporárias"}}, {"type": "Feature", "geometry": {"type": "Polygon", "coordinates": [[[-52.026738163537814, -29.464651487591887], [-52.02700765812305, -29.465998960518064], [-52.02700765812305, -29.464651487591887], [-52.026738163537814, -29.464651487591887]]]}, "properties": {"cultura": "Outras Lavouras Temporárias"}}, {"type": "Feature", "geometry": {"type": "Polygon", "coordinates": [[[-52.03078058231635, -29.46519047676236], [-52.031050076901586, -29.46545997134759], [-52.031050076901586, -29.46519047676236], [-52.03078058231635, -29.46519047676236]]]}, "properties": {"cultura": "Outras Lavouras Temporárias"}}, {"type": "Feature", "geometry": {"type": "Polygon", "coordinates": [[[-52.02727715270829, -29.46438199300665], [-52.02700765812305, -29.464651487591887], [-52.02727715270829, -29.464651487591887], [-52.02727715270829, -29.46438199300665]]]}, "properties": {"cultura": "Outras Lavouras Temporárias"}}, {"type": "Feature", "geometry": {"type": "Polygon", "coordinates": [[[-52.031050076901586, -29.46384300383618], [-52.031319571486826, -29.464112498421414], [-52.031319571486826, -29.46384300383618], [-52.031050076901586, -29.46384300383618]]]}, "properties": {"cultura": "Outras Lavouras Temporárias"}}, {"type": "Feature", "geometry": {"type": "Polygon", "coordinates": [[[-52.02700765812305, -29.462765025495234], [-52.026468668952575, -29.462765025495234], [-52.02592967978211, -29.464112498421414], [-52.02700765812305, -29.464112498421414], [-52.02700765812305, -29.462765025495234]]]}, "properties": {"cultura": "Outras Lavouras Temporárias"}}, {"type": "Feature", "geometry": {"type": "Polygon", "coordinates": [[[-52.03212805524253, -29.463304014665706], [-52.03212805524253, -29.462226036324765], [-52.031319571486826, -29.46114805798382], [-52.031319571486826, -29.463304014665706], [-52.03212805524253, -29.463304014665706]]]}, "properties": {"cultura": "Outras Lavouras Temporárias"}}, {"type": "Feature", "geometry": {"type": "Polygon", "coordinates": [[[-52.02323473392975, -29.461687047154292], [-52.02350422851498, -29.462226036324765], [-52.02350422851498, -29.461687047154292], [-52.02323473392975, -29.461687047154292]]]}, "properties": {"cultura": "Outras Lavouras Temporárias"}}, {"type": "Feature", "geometry": {"type": "Polygon", "coordinates": [[[-52.024851701441165, -29.46114805798382], [-52.02323473392975, -29.46114805798382], [-52.02323473392975, -29.461417552569056], [-52.0251211960264, -29.46195654173953], [-52.024851701441165, -29.46114805798382]]]}, "properties": {"cultura": "Outras Lavouras Temporárias"}}, {"type": "Feature", "geometry": {"type": "Polygon", "coordinates": [[[-52.03617047402107, -29.46114805798382], [-52.0356314848506, -29.461687047154292], [-52.03617047402107, -29.461417552569056], [-52.03617047402107, -29.46114805798382]]]}, "properties": {"cultura": "Outras Lavouras Temporárias"}}, {"type": "Feature", "geometry": {"type": "Polygon", "coordinates": [[[-52.03078058231635, -29.460878563398584], [-52.031319571486826, -29.46033957422811], [-52.03078058231635, -29.46033957422811], [-52.03078058231635, -29.460878563398584]]]}, "properties": {"cultura": "Outras Lavouras Temporárias"}}, {"type": "Feature", "geometry": {"type": "Polygon", "coordinates": [[[-52.02970260397541, -29.460609068813348], [-52.03078058231635, -29.460070079642875], [-52.02970260397541, -29.460070079642875], [-52.02970260397541, -29.460609068813348]]]}, "properties": {"cultura": "Outras Lavouras Temporárias"}}, {"type": "Feature", "geometry": {"type": "Polygon", "coordinates": [[[-52.03374502275395, -29.45926159588717], [-52.03428401192442, -29.458183617546226], [-52.03374502275395, -29.45791412296099], [-52.03374502275395, -29.45926159588717]]]}, "properties": {"cultura": "Outras Lavouras Temporárias"}}, {"type": "Feature", "geometry": {"type": "Polygon", "coordinates": [[[-52.02539069061164, -29.45926159588717], [-52.02539069061164, -29.456836144620045], [-52.024582206855925, -29.456836144620045], [-52.02431271227069, -29.460070079642875], [-52.02539069061164, -29.45926159588717]]]}, "properties": {"cultura": "Outras Lavouras Temporárias"}}, {"type": "Feature", "geometry": {"type": "Polygon", "coordinates": [[[-52.02727715270829, -29.45710563920528], [-52.026468668952575, -29.459531090472403], [-52.02727715270829, -29.459531090472403], [-52.02727715270829, -29.45710563920528]]]}, "properties": {"cultura": "Outras Lavouras Temporárias"}}, {"type": "Feature", "geometry": {"type": "Polygon", "coordinates": [[[-52.02754664729352, -29.458453112131462], [-52.02808563646399, -29.458183617546226], [-52.02781614187876, -29.457375133790517], [-52.02754664729352, -29.457375133790517], [-52.02754664729352, -29.458453112131462]]]}, "properties": {"cultura": "Outras Lavouras Temporárias"}}, {"type": "Feature", "geometry": {"type": "Polygon", "coordinates": [[[-52.032667044413, -29.456836144620045], [-52.03401451733918, -29.45710563920528], [-52.03401451733918, -29.456836144620045], [-52.032667044413, -29.456836144620045]]]}, "properties": {"cultura": "Outras Lavouras Temporárias"}}, {"type": "Feature", "geometry": {"type": "Polygon", "coordinates": [[[-52.03428401192442, -29.45602766086434], [-52.03401451733918, -29.456836144620045], [-52.03428401192442, -29.456836144620045], [-52.03428401192442, -29.45602766086434]]]}, "properties": {"cultura": "Outras Lavouras Temporárias"}}, {"type": "Feature", "geometry": {"type": "Polygon", "coordinates": [[[-52.035092495680125, -29.45656665003481], [-52.0356314848506, -29.45602766086434], [-52.03482300109489, -29.45602766086434], [-52.035092495680125, -29.45656665003481]]]}, "properties": {"cultura": "Outras Lavouras Temporárias"}}, {"type": "Feature", "geometry": {"type": "Polygon", "coordinates": [[[-52.03482300109489, -29.455758166279104], [-52.03455350650965, -29.45602766086434], [-52.03482300109489, -29.45602766086434], [-52.03482300109489, -29.455758166279104]]]}, "properties": {"cultura": "Outras Lavouras Temporárias"}}, {"type": "Feature", "geometry": {"type": "Polygon", "coordinates": [[[-52.02808563646399, -29.456297155449573], [-52.02835513104923, -29.455488671693868], [-52.02781614187876, -29.455488671693868], [-52.02808563646399, -29.456297155449573]]]}, "properties": {"cultura": "Outras Lavouras Temporárias"}}, {"type": "Feature", "geometry": {"type": "Polygon", "coordinates": [[[-52.02835513104923, -29.45521917710863], [-52.028624625634464, -29.455488671693868], [-52.028624625634464, -29.45521917710863], [-52.02835513104923, -29.45521917710863]]]}, "properties": {"cultura": "Outras Lavouras Temporárias"}}, {"type": "Feature", "geometry": {"type": "Polygon", "coordinates": [[[-52.02566018519687, -29.45009877998915], [-52.026738163537814, -29.449020801648206], [-52.0251211960264, -29.449020801648206], [-52.02566018519687, -29.45009877998915]]]}, "properties": {"cultura": "Outras Lavouras Temporárias"}}, {"type": "Feature", "geometry": {"type": "Polygon", "coordinates": [[[-52.02242625017404, -29.449829285403915], [-52.02242625017404, -29.448212317892498], [-52.02188726100357, -29.448212317892498], [-52.02161776641833, -29.44875130706297], [-52.02242625017404, -29.449829285403915]]]}, "properties": {"cultura": "Outras Lavouras Temporárias"}}, {"type": "Feature", "geometry": {"type": "Polygon", "coordinates": [[[-52.0251211960264, -29.44875130706297], [-52.024851701441165, -29.449020801648206], [-52.0251211960264, -29.449020801648206], [-52.0251211960264, -29.44875130706297]]]}, "properties": {"cultura": "Outras Lavouras Temporárias"}}, {"type": "Feature", "geometry": {"type": "Polygon", "coordinates": [[[-52.033206033583475, -29.44740383413679], [-52.03347552816871, -29.447673328722026], [-52.03374502275395, -29.44740383413679], [-52.033206033583475, -29.44740383413679]]]}, "properties": {"cultura": "Outras Lavouras Temporárias"}}, {"type": "Feature", "geometry": {"type": "Polygon", "coordinates": [[[-52.03374502275395, -29.44740383413679], [-52.035092495680125, -29.44794282330726], [-52.0356314848506, -29.446056361210612], [-52.03455350650965, -29.446056361210612], [-52.03455350650965, -29.44686484496632], [-52.03347552816871, -29.44632585579585], [-52.03374502275395, -29.44740383413679]]]}, "properties": {"cultura": "Outras Lavouras Temporárias"}}, {"type": "Feature", "geometry": {"type": "Polygon", "coordinates": [[[-52.0356314848506, -29.446595350381084], [-52.0364399686063, -29.44686484496632], [-52.0364399686063, -29.446595350381084], [-52.0356314848506, -29.446595350381084]]]}, "properties": {"cultura": "Outras Lavouras Temporárias"}}, {"type": "Feature", "geometry": {"type": "Polygon", "coordinates": [[[-52.02754664729352, -29.446595350381084], [-52.02835513104923, -29.446056361210612], [-52.02754664729352, -29.446056361210612], [-52.02754664729352, -29.446595350381084]]]}, "properties": {"cultura": "Outras Lavouras Temporárias"}}, {"type": "Feature", "geometry": {"type": "Polygon", "coordinates": [[[-52.03617047402107, -29.445247877454904], [-52.03401451733918, -29.444169899113962], [-52.03374502275395, -29.444978382869667], [-52.03617047402107, -29.445247877454904]]]}, "properties": {"cultura": "Outras Lavouras Temporárias"}}, {"type": "Feature", "geometry": {"type": "Polygon", "coordinates": [[[-52.02188726100357, -29.43123415902264], [-52.02107877724786, -29.429617191511223], [-52.0213482718331, -29.431503653607876], [-52.02188726100357, -29.43123415902264]]]}, "properties": {"cultura": "Outras Lavouras Temporárias"}}, {"type": "Feature", "geometry": {"type": "Polygon", "coordinates": [[[-52.035092495680125, -29.42800022399981], [-52.03482300109489, -29.429347696925987], [-52.0356314848506, -29.429347696925987], [-52.035092495680125, -29.42800022399981]]]}, "properties": {"cultura": "Outras Lavouras Temporárias"}}, {"type": "Feature", "geometry": {"type": "Polygon", "coordinates": [[[-52.0213482718331, -29.42800022399981], [-52.0213482718331, -29.429078202340754], [-52.02188726100357, -29.429078202340754], [-52.0213482718331, -29.42800022399981]]]}, "properties": {"cultura": "Outras Lavouras Temporárias"}}, {"type": "Feature", "geometry": {"type": "Polygon", "coordinates": [[[-52.02431271227069, -29.428269718585046], [-52.024582206855925, -29.428539213170282], [-52.024582206855925, -29.428269718585046], [-52.02431271227069, -29.428269718585046]]]}, "properties": {"cultura": "Outras Lavouras Temporárias"}}, {"type": "Feature", "geometry": {"type": "Polygon", "coordinates": [[[-52.03078058231635, -29.429078202340754], [-52.03078058231635, -29.427730729414574], [-52.03024159314588, -29.427461234829337], [-52.03024159314588, -29.429078202340754], [-52.03078058231635, -29.429078202340754]]]}, "properties": {"cultura": "Outras Lavouras Temporárias"}}, {"type": "Feature", "geometry": {"type": "Polygon", "coordinates": [[[-52.0221567555888, -29.427461234829337], [-52.02188726100357, -29.428539213170282], [-52.022965239344515, -29.42800022399981], [-52.02404321768545, -29.428539213170282], [-52.02431271227069, -29.428269718585046], [-52.02404321768545, -29.42665275107363], [-52.024582206855925, -29.426383256488393], [-52.02350422851498, -29.425844267317924], [-52.02377372310022, -29.427461234829337], [-52.0221567555888, -29.427461234829337]]]}, "properties": {"cultura": "Outras Lavouras Temporárias"}}, {"type": "Feature", "geometry": {"type": "Polygon", "coordinates": [[[-52.0356314848506, -29.426922245658865], [-52.03482300109489, -29.427461234829337], [-52.0356314848506, -29.427461234829337], [-52.0356314848506, -29.426922245658865]]]}, "properties": {"cultura": "Outras Lavouras Temporárias"}}, {"type": "Feature", "geometry": {"type": "Polygon", "coordinates": [[[-52.02161776641833, -29.424496794391743], [-52.02188726100357, -29.425844267317924], [-52.02188726100357, -29.424496794391743], [-52.02161776641833, -29.424496794391743]]]}, "properties": {"cultura": "Outras Lavouras Temporárias"}}, {"type": "Feature", "geometry": {"type": "Polygon", "coordinates": [[[-52.030511087731114, -29.426383256488393], [-52.02970260397541, -29.42530527814745], [-52.02970260397541, -29.4234188160508], [-52.028894120219704, -29.42287982688033], [-52.02970260397541, -29.426383256488393], [-52.030511087731114, -29.426383256488393]]]}, "properties": {"cultura": "Outras Lavouras Temporárias"}}, {"type": "Feature", "geometry": {"type": "Polygon", "coordinates": [[[-52.032936538998236, -29.422340837709857], [-52.03374502275395, -29.423149321465562], [-52.03374502275395, -29.422340837709857], [-52.032936538998236, -29.422340837709857]]]}, "properties": {"cultura": "Outras Lavouras Temporárias"}}, {"type": "Feature", "geometry": {"type": "Polygon", "coordinates": [[[-52.02619917436734, -29.421801848539385], [-52.026468668952575, -29.423149321465562], [-52.026468668952575, -29.421801848539385], [-52.02619917436734, -29.421801848539385]]]}, "properties": {"cultura": "Outras Lavouras Temporárias"}}, {"type": "Feature", "geometry": {"type": "Polygon", "coordinates": [[[-52.02754664729352, -29.419376397272263], [-52.02619917436734, -29.418567913516554], [-52.026468668952575, -29.419376397272263], [-52.02754664729352, -29.419376397272263]]]}, "properties": {"cultura": "Outras Lavouras Temporárias"}}, {"type": "Feature", "geometry": {"type": "Polygon", "coordinates": [[[-52.03428401192442, -29.41641195683467], [-52.03347552816871, -29.41560347307896], [-52.03347552816871, -29.416142462249432], [-52.03428401192442, -29.41641195683467]]]}, "properties": {"cultura": "Outras Lavouras Temporárias"}}, {"type": "Feature", "geometry": {"type": "Polygon", "coordinates": [[[-52.02700765812305, -29.415064483908488], [-52.02592967978211, -29.415333978493724], [-52.026468668952575, -29.41641195683467], [-52.02700765812305, -29.41641195683467], [-52.02700765812305, -29.415064483908488]]]}, "properties": {"cultura": "Outras Lavouras Temporárias"}}, {"type": "Feature", "geometry": {"type": "Polygon", "coordinates": [[[-52.031050076901586, -29.415872967664196], [-52.03212805524253, -29.416142462249432], [-52.03212805524253, -29.415064483908488], [-52.031050076901586, -29.41479498932325], [-52.031050076901586, -29.415872967664196]]]}, "properties": {"cultura": "Outras Lavouras Temporárias"}}, {"type": "Feature", "geometry": {"type": "Polygon", "coordinates": [[[-52.03374502275395, -29.413447516397074], [-52.03347552816871, -29.414525494738015], [-52.03428401192442, -29.414525494738015], [-52.03428401192442, -29.413986505567546], [-52.03374502275395, -29.413447516397074]]]}, "properties": {"cultura": "Outras Lavouras Temporárias"}}, {"type": "Feature", "geometry": {"type": "Polygon", "coordinates": [[[-52.03024159314588, -29.413447516397074], [-52.03078058231635, -29.41425600015278], [-52.03078058231635, -29.413447516397074], [-52.03024159314588, -29.413447516397074]]]}, "properties": {"cultura": "Outras Lavouras Temporárias"}}, {"type": "Feature", "geometry": {"type": "Polygon", "coordinates": [[[-52.02431271227069, -29.412639032641366], [-52.024582206855925, -29.4129085272266], [-52.024582206855925, -29.412639032641366], [-52.02431271227069, -29.412639032641366]]]}, "properties": {"cultura": "Outras Lavouras Temporárias"}}, {"type": "Feature", "geometry": {"type": "Polygon", "coordinates": [[[-52.0221567555888, -29.412639032641366], [-52.022965239344515, -29.412100043470893], [-52.0221567555888, -29.411830548885657], [-52.0221567555888, -29.412639032641366]]]}, "properties": {"cultura": "Outras Lavouras Temporárias"}}, {"type": "Feature", "geometry": {"type": "Polygon", "coordinates": [[[-52.024851701441165, -29.41156105430042], [-52.02431271227069, -29.411830548885657], [-52.024582206855925, -29.412639032641366], [-52.0251211960264, -29.412639032641366], [-52.024851701441165, -29.41156105430042]]]}, "properties": {"cultura": "Outras Lavouras Temporárias"}}, {"type": "Feature", "geometry": {"type": "Polygon", "coordinates": [[[-52.026468668952575, -29.410752570544716], [-52.02539069061164, -29.41156105430042], [-52.026468668952575, -29.41156105430042], [-52.026468668952575, -29.410752570544716]]]}, "properties": {"cultura": "Outras Lavouras Temporárias"}}, {"type": "Feature", "geometry": {"type": "Polygon", "coordinates": [[[-52.02727715270829, -29.410213581374244], [-52.02754664729352, -29.41048307595948], [-52.02754664729352, -29.410213581374244], [-52.02727715270829, -29.410213581374244]]]}, "properties": {"cultura": "Outras Lavouras Temporárias"}}, {"type": "Feature", "geometry": {"type": "Polygon", "coordinates": [[[-52.026738163537814, -29.410213581374244], [-52.02727715270829, -29.410213581374244], [-52.02727715270829, -29.409405097618535], [-52.02700765812305, -29.409405097618535], [-52.026738163537814, -29.410213581374244]]]}, "properties": {"cultura": "Outras Lavouras Temporárias"}}, {"type": "Feature", "geometry": {"type": "Polygon", "coordinates": [[[-52.02619917436734, -29.40967459220377], [-52.026468668952575, -29.409944086789007], [-52.026468668952575, -29.40967459220377], [-52.02619917436734, -29.40967459220377]]]}, "properties": {"cultura": "Outras Lavouras Temporárias"}}, {"type": "Feature", "geometry": {"type": "Polygon", "coordinates": [[[-52.02323473392975, -29.4091356030333], [-52.02242625017404, -29.409944086789007], [-52.02323473392975, -29.409944086789007], [-52.02323473392975, -29.4091356030333]]]}, "properties": {"cultura": "Outras Lavouras Temporárias"}}, {"type": "Feature", "geometry": {"type": "Polygon", "coordinates": [[[-52.02619917436734, -29.40967459220377], [-52.02619917436734, -29.409405097618535], [-52.02566018519687, -29.409405097618535], [-52.02566018519687, -29.40967459220377], [-52.02619917436734, -29.40967459220377]]]}, "properties": {"cultura": "Outras Lavouras Temporárias"}}, {"type": "Feature", "geometry": {"type": "Polygon", "coordinates": [[[-52.02566018519687, -29.4091356030333], [-52.0251211960264, -29.409405097618535], [-52.02566018519687, -29.409405097618535], [-52.02566018519687, -29.4091356030333]]]}, "properties": {"cultura": "Outras Lavouras Temporárias"}}, {"type": "Feature", "geometry": {"type": "Polygon", "coordinates": [[[-52.02754664729352, -29.408596613862827], [-52.02781614187876, -29.4091356030333], [-52.028624625634464, -29.4091356030333], [-52.02835513104923, -29.408596613862827], [-52.02754664729352, -29.408596613862827]]]}, "properties": {"cultura": "Outras Lavouras Temporárias"}}, {"type": "Feature", "geometry": {"type": "Polygon", "coordinates": [[[-52.026738163537814, -29.406171162595705], [-52.026738163537814, -29.40832711927759], [-52.02700765812305, -29.40832711927759], [-52.02727715270829, -29.406979646351413], [-52.026738163537814, -29.406171162595705]]]}, "properties": {"cultura": "Outras Lavouras Temporárias"}}, {"type": "Feature", "geometry": {"type": "Polygon", "coordinates": [[[-52.028894120219704, -29.40644065718094], [-52.02808563646399, -29.406979646351413], [-52.02781614187876, -29.407518635521885], [-52.028894120219704, -29.40724914093665], [-52.028894120219704, -29.40644065718094]]]}, "properties": {"cultura": "Outras Lavouras Temporárias"}}, {"type": "Feature", "geometry": {"type": "Polygon", "coordinates": [[[-52.02781614187876, -29.406710151766177], [-52.02808563646399, -29.406979646351413], [-52.02808563646399, -29.406710151766177], [-52.02781614187876, -29.406710151766177]]]}, "properties": {"cultura": "Outras Lavouras Temporárias"}}, {"type": "Feature", "geometry": {"type": "Polygon", "coordinates": [[[-52.02350422851498, -29.406710151766177], [-52.024851701441165, -29.406979646351413], [-52.024851701441165, -29.406710151766177], [-52.02350422851498, -29.406710151766177]]]}, "properties": {"cultura": "Outras Lavouras Temporárias"}}, {"type": "Feature", "geometry": {"type": "Polygon", "coordinates": [[[-52.02754664729352, -29.406710151766177], [-52.02781614187876, -29.406710151766177], [-52.02781614187876, -29.40644065718094], [-52.02754664729352, -29.40644065718094], [-52.02754664729352, -29.406710151766177]]]}, "properties": {"cultura": "Outras Lavouras Temporárias"}}, {"type": "Feature", "geometry": {"type": "Polygon", "coordinates": [[[-52.02727715270829, -29.406171162595705], [-52.02754664729352, -29.40644065718094], [-52.02754664729352, -29.406171162595705], [-52.02727715270829, -29.406171162595705]]]}, "properties": {"cultura": "Outras Lavouras Temporárias"}}, {"type": "Feature", "geometry": {"type": "Polygon", "coordinates": [[[-52.01568888554314, -29.477587227683205], [-52.01488040178744, -29.477048238512737], [-52.01488040178744, -29.477317733097973], [-52.01568888554314, -29.477587227683205]]]}, "properties": {"cultura": "Outras Lavouras Temporárias"}}, {"type": "Feature", "geometry": {"type": "Polygon", "coordinates": [[[-52.01757534763979, -29.476509249342264], [-52.018114336810264, -29.4767787439275], [-52.018114336810264, -29.476509249342264], [-52.01757534763979, -29.476509249342264]]]}, "properties": {"cultura": "Outras Lavouras Temporárias"}}, {"type": "Feature", "geometry": {"type": "Polygon", "coordinates": [[[-52.01757534763979, -29.476509249342264], [-52.01730585305456, -29.47354480890467], [-52.01676686388409, -29.473275314319434], [-52.01730585305456, -29.476509249342264], [-52.01757534763979, -29.476509249342264]]]}, "properties": {"cultura": "Outras Lavouras Temporárias"}}, {"type": "Feature", "geometry": {"type": "Polygon", "coordinates": [[[-52.020539788077386, -29.474353292660375], [-52.020809282662626, -29.474892281830847], [-52.020809282662626, -29.474353292660375], [-52.020539788077386, -29.474353292660375]]]}, "properties": {"cultura": "Outras Lavouras Temporárias"}}, {"type": "Feature", "geometry": {"type": "Polygon", "coordinates": [[[-52.01973130432168, -29.474353292660375], [-52.018922820565976, -29.474892281830847], [-52.01973130432168, -29.47462278724561], [-52.01973130432168, -29.474353292660375]]]}, "properties": {"cultura": "Outras Lavouras Temporárias"}}, {"type": "Feature", "geometry": {"type": "Polygon", "coordinates": [[[-52.018922820565976, -29.473814303489906], [-52.01973130432168, -29.474083798075142], [-52.01973130432168, -29.473814303489906], [-52.018922820565976, -29.473814303489906]]]}, "properties": {"cultura": "Outras Lavouras Temporárias"}}, {"type": "Feature", "geometry": {"type": "Polygon", "coordinates": [[[-52.018383831395504, -29.473275314319434], [-52.018922820565976, -29.473275314319434], [-52.018922820565976, -29.471119357637548], [-52.018653325980736, -29.471119357637548], [-52.018383831395504, -29.473275314319434]]]}, "properties": {"cultura": "Outras Lavouras Temporárias"}}, {"type": "Feature", "geometry": {"type": "Polygon", "coordinates": [[[-52.02000079890692, -29.47138885222278], [-52.01946180973645, -29.47219733597849], [-52.02000079890692, -29.47219733597849], [-52.02000079890692, -29.47138885222278]]]}, "properties": {"cultura": "Outras Lavouras Temporárias"}}, {"type": "Feature", "geometry": {"type": "Polygon", "coordinates": [[[-52.01730585305456, -29.472466830563725], [-52.018114336810264, -29.472466830563725], [-52.018114336810264, -29.470580368467076], [-52.01730585305456, -29.470580368467076], [-52.01730585305456, -29.472466830563725]]]}, "properties": {"cultura": "Outras Lavouras Temporárias"}}, {"type": "Feature", "geometry": {"type": "Polygon", "coordinates": [[[-52.01595838012838, -29.47138885222278], [-52.016227874713614, -29.470580368467076], [-52.01541939095791, -29.470580368467076], [-52.01595838012838, -29.47084986305231], [-52.01595838012838, -29.47138885222278]]]}, "properties": {"cultura": "Outras Lavouras Temporárias"}}, {"type": "Feature", "geometry": {"type": "Polygon", "coordinates": [[[-52.020539788077386, -29.46950239012613], [-52.020809282662626, -29.470041379296603], [-52.02107877724786, -29.469232895540895], [-52.020539788077386, -29.46950239012613]]]}, "properties": {"cultura": "Outras Lavouras Temporárias"}}, {"type": "Feature", "geometry": {"type": "Polygon", "coordinates": [[[-52.01973130432168, -29.46950239012613], [-52.02027029349215, -29.469771884711367], [-52.02027029349215, -29.46950239012613], [-52.01973130432168, -29.46950239012613]]]}, "properties": {"cultura": "Outras Lavouras Temporárias"}}, {"type": "Feature", "geometry": {"type": "Polygon", "coordinates": [[[-52.012454950520315, -29.468693906370422], [-52.01326343427602, -29.46896340095566], [-52.01326343427602, -29.468424411785186], [-52.012454950520315, -29.468693906370422]]]}, "properties": {"cultura": "Outras Lavouras Temporárias"}}, {"type": "Feature", "geometry": {"type": "Polygon", "coordinates": [[[-52.02027029349215, -29.46707693885901], [-52.020539788077386, -29.46761592802948], [-52.0213482718331, -29.46761592802948], [-52.0213482718331, -29.467346433444245], [-52.02027029349215, -29.46707693885901]]]}, "properties": {"cultura": "Outras Lavouras Temporárias"}}, {"type": "Feature", "geometry": {"type": "Polygon", "coordinates": [[[-52.01299393969079, -29.46384300383618], [-52.01326343427602, -29.462226036324765], [-52.01272444510555, -29.462226036324765], [-52.01299393969079, -29.462495530909997], [-52.01299393969079, -29.46384300383618]]]}, "properties": {"cultura": "Outras Lavouras Temporárias"}}, {"type": "Feature", "geometry": {"type": "Polygon", "coordinates": [[[-52.01488040178744, -29.462495530909997], [-52.01514989637267, -29.463304014665706], [-52.01514989637267, -29.462495530909997], [-52.01488040178744, -29.462495530909997]]]}, "properties": {"cultura": "Outras Lavouras Temporárias"}}, {"type": "Feature", "geometry": {"type": "Polygon", "coordinates": [[[-52.014341412616965, -29.462226036324765], [-52.0146109072022, -29.462495530909997], [-52.01488040178744, -29.462495530909997], [-52.01488040178744, -29.462226036324765], [-52.014341412616965, -29.462226036324765]]]}, "properties": {"cultura": "Outras Lavouras Temporárias"}}, {"type": "Feature", "geometry": {"type": "Polygon", "coordinates": [[[-52.01353292886126, -29.46195654173953], [-52.01326343427602, -29.462226036324765], [-52.01353292886126, -29.462226036324765], [-52.01353292886126, -29.46195654173953]]]}, "properties": {"cultura": "Outras Lavouras Temporárias"}}, {"type": "Feature", "geometry": {"type": "Polygon", "coordinates": [[[-52.01407191803173, -29.458992101301934], [-52.01514989637267, -29.460609068813348], [-52.017036358469326, -29.459531090472403], [-52.017036358469326, -29.458722606716698], [-52.01407191803173, -29.458992101301934]]]}, "properties": {"cultura": "Outras Lavouras Temporárias"}}, {"type": "Feature", "geometry": {"type": "Polygon", "coordinates": [[[-52.01407191803173, -29.457375133790517], [-52.01272444510555, -29.45710563920528], [-52.01272444510555, -29.45791412296099], [-52.01407191803173, -29.458183617546226], [-52.01407191803173, -29.457375133790517]]]}, "properties": {"cultura": "Outras Lavouras Temporárias"}}, {"type": "Feature", "geometry": {"type": "Polygon", "coordinates": [[[-52.01353292886126, -29.454410693352923], [-52.01488040178744, -29.45602766086434], [-52.014341412616965, -29.453332715011978], [-52.01353292886126, -29.454410693352923]]]}, "properties": {"cultura": "Outras Lavouras Temporárias"}}, {"type": "Feature", "geometry": {"type": "Polygon", "coordinates": [[[-52.01919231515121, -29.454410693352923], [-52.01946180973645, -29.45468018793816], [-52.01946180973645, -29.454410693352923], [-52.01919231515121, -29.454410693352923]]]}, "properties": {"cultura": "Outras Lavouras Temporárias"}}, {"type": "Feature", "geometry": {"type": "Polygon", "coordinates": [[[-52.01488040178744, -29.454410693352923], [-52.01514989637267, -29.45468018793816], [-52.01514989637267, -29.454410693352923], [-52.01488040178744, -29.454410693352923]]]}, "properties": {"cultura": "Outras Lavouras Temporárias"}}, {"type": "Feature", "geometry": {"type": "Polygon", "coordinates": [[[-52.01973130432168, -29.453602209597214], [-52.018653325980736, -29.45387170418245], [-52.018653325980736, -29.454410693352923], [-52.01919231515121, -29.454410693352923], [-52.01973130432168, -29.453602209597214]]]}, "properties": {"cultura": "Outras Lavouras Temporárias"}}, {"type": "Feature", "geometry": {"type": "Polygon", "coordinates": [[[-52.02000079890692, -29.45387170418245], [-52.01973130432168, -29.454141198767687], [-52.02000079890692, -29.454141198767687], [-52.02000079890692, -29.45387170418245]]]}, "properties": {"cultura": "Outras Lavouras Temporárias"}}, {"type": "Feature", "geometry": {"type": "Polygon", "coordinates": [[[-52.02000079890692, -29.45387170418245], [-52.02027029349215, -29.453063220426746], [-52.01973130432168, -29.453063220426746], [-52.02000079890692, -29.453332715011978], [-52.02000079890692, -29.45387170418245]]]}, "properties": {"cultura": "Outras Lavouras Temporárias"}}, {"type": "Feature", "geometry": {"type": "Polygon", "coordinates": [[[-52.016497369298854, -29.452524231256273], [-52.01730585305456, -29.452254736671037], [-52.016497369298854, -29.452254736671037], [-52.016497369298854, -29.452524231256273]]]}, "properties": {"cultura": "Outras Lavouras Temporárias"}}, {"type": "Feature", "geometry": {"type": "Polygon", "coordinates": [[[-52.01757534763979, -29.451715747500565], [-52.01730585305456, -29.452254736671037], [-52.01757534763979, -29.452254736671037], [-52.01757534763979, -29.451715747500565]]]}, "properties": {"cultura": "Outras Lavouras Temporárias"}}, {"type": "Feature", "geometry": {"type": "Polygon", "coordinates": [[[-52.01568888554314, -29.4519852420858], [-52.016227874713614, -29.45144625291533], [-52.01568888554314, -29.45144625291533], [-52.01568888554314, -29.4519852420858]]]}, "properties": {"cultura": "Outras Lavouras Temporárias"}}, {"type": "Feature", "geometry": {"type": "Polygon", "coordinates": [[[-52.01757534763979, -29.45144625291533], [-52.01784484222503, -29.451715747500565], [-52.01784484222503, -29.45144625291533], [-52.01757534763979, -29.45144625291533]]]}, "properties": {"cultura": "Outras Lavouras Temporárias"}}, {"type": "Feature", "geometry": {"type": "Polygon", "coordinates": [[[-52.018114336810264, -29.451176758330092], [-52.01784484222503, -29.45144625291533], [-52.018114336810264, -29.45144625291533], [-52.018114336810264, -29.451176758330092]]]}, "properties": {"cultura": "Outras Lavouras Temporárias"}}, {"type": "Feature", "geometry": {"type": "Polygon", "coordinates": [[[-52.016497369298854, -29.450907263744856], [-52.016497369298854, -29.451715747500565], [-52.01730585305456, -29.451715747500565], [-52.016497369298854, -29.450907263744856]]]}, "properties": {"cultura": "Outras Lavouras Temporárias"}}, {"type": "Feature", "geometry": {"type": "Polygon", "coordinates": [[[-52.01946180973645, -29.45144625291533], [-52.018653325980736, -29.45063776915962], [-52.018383831395504, -29.451715747500565], [-52.01946180973645, -29.45144625291533]]]}, "properties": {"cultura": "Outras Lavouras Temporárias"}}, {"type": "Feature", "geometry": {"type": "Polygon", "coordinates": [[[-52.018383831395504, -29.450907263744856], [-52.018114336810264, -29.451176758330092], [-52.018383831395504, -29.451176758330092], [-52.018383831395504, -29.450907263744856]]]}, "properties": {"cultura": "Outras Lavouras Temporárias"}}, {"type": "Feature", "geometry": {"type": "Polygon", "coordinates": [[[-52.01514989637267, -29.45009877998915], [-52.01380242344649, -29.44955979081868], [-52.01380242344649, -29.45009877998915], [-52.01514989637267, -29.45009877998915]]]}, "properties": {"cultura": "Outras Lavouras Temporárias"}}, {"type": "Feature", "geometry": {"type": "Polygon", "coordinates": [[[-52.02027029349215, -29.45009877998915], [-52.020809282662626, -29.448481812477734], [-52.01973130432168, -29.44794282330726], [-52.02027029349215, -29.45009877998915]]]}, "properties": {"cultura": "Outras Lavouras Temporárias"}}, {"type": "Feature", "geometry": {"type": "Polygon", "coordinates": [[[-52.01568888554314, -29.449290296233443], [-52.01595838012838, -29.44875130706297], [-52.016497369298854, -29.449829285403915], [-52.01757534763979, -29.44875130706297], [-52.018114336810264, -29.449829285403915], [-52.018114336810264, -29.448212317892498], [-52.01514989637267, -29.448212317892498], [-52.01568888554314, -29.449290296233443]]]}, "properties": {"cultura": "Outras Lavouras Temporárias"}}, {"type": "Feature", "geometry": {"type": "Polygon", "coordinates": [[[-52.01676686388409, -29.44740383413679], [-52.017036358469326, -29.447673328722026], [-52.017036358469326, -29.44740383413679], [-52.01676686388409, -29.44740383413679]]]}, "properties": {"cultura": "Outras Lavouras Temporárias"}}, {"type": "Feature", "geometry": {"type": "Polygon", "coordinates": [[[-52.01407191803173, -29.44794282330726], [-52.0146109072022, -29.447134339551557], [-52.01353292886126, -29.44686484496632], [-52.01353292886126, -29.44740383413679], [-52.01407191803173, -29.44794282330726]]]}, "properties": {"cultura": "Outras Lavouras Temporárias"}}, {"type": "Feature", "geometry": {"type": "Polygon", "coordinates": [[[-52.01676686388409, -29.446595350381084], [-52.017036358469326, -29.44740383413679], [-52.01757534763979, -29.44740383413679], [-52.01730585305456, -29.446595350381084], [-52.01676686388409, -29.446595350381084]]]}, "properties": {"cultura": "Outras Lavouras Temporárias"}}, {"type": "Feature", "geometry": {"type": "Polygon", "coordinates": [[[-52.0146109072022, -29.446595350381084], [-52.014341412616965, -29.44686484496632], [-52.0146109072022, -29.44686484496632], [-52.0146109072022, -29.446595350381084]]]}, "properties": {"cultura": "Outras Lavouras Temporárias"}}, {"type": "Feature", "geometry": {"type": "Polygon", "coordinates": [[[-52.01973130432168, -29.44740383413679], [-52.01973130432168, -29.445786866625376], [-52.01919231515121, -29.445786866625376], [-52.018383831395504, -29.44686484496632], [-52.01973130432168, -29.44740383413679]]]}, "properties": {"cultura": "Outras Lavouras Temporárias"}}, {"type": "Feature", "geometry": {"type": "Polygon", "coordinates": [[[-52.017036358469326, -29.446056361210612], [-52.01757534763979, -29.44632585579585], [-52.01757534763979, -29.446056361210612], [-52.017036358469326, -29.446056361210612]]]}, "properties": {"cultura": "Outras Lavouras Temporárias"}}, {"type": "Feature", "geometry": {"type": "Polygon", "coordinates": [[[-52.016497369298854, -29.44551737204014], [-52.017036358469326, -29.44551737204014], [-52.01784484222503, -29.446056361210612], [-52.017036358469326, -29.444978382869667], [-52.016497369298854, -29.44551737204014]]]}, "properties": {"cultura": "Outras Lavouras Temporárias"}}, {"type": "Feature", "geometry": {"type": "Polygon", "coordinates": [[[-52.020809282662626, -29.44470888828443], [-52.02000079890692, -29.445247877454904], [-52.020809282662626, -29.445247877454904], [-52.020809282662626, -29.44470888828443]]]}, "properties": {"cultura": "Outras Lavouras Temporárias"}}, {"type": "Feature", "geometry": {"type": "Polygon", "coordinates": [[[-52.0146109072022, -29.442552931602545], [-52.01488040178744, -29.44363090994349], [-52.01488040178744, -29.442552931602545], [-52.0146109072022, -29.442552931602545]]]}, "properties": {"cultura": "Outras Lavouras Temporárias"}}, {"type": "Feature", "geometry": {"type": "Polygon", "coordinates": [[[-52.01973130432168, -29.44282242618778], [-52.020539788077386, -29.443361415358254], [-52.020539788077386, -29.442552931602545], [-52.01946180973645, -29.442013942432073], [-52.018653325980736, -29.443091920773018], [-52.01973130432168, -29.44282242618778]]]}, "properties": {"cultura": "Outras Lavouras Temporárias"}}, {"type": "Feature", "geometry": {"type": "Polygon", "coordinates": [[[-52.01676686388409, -29.442013942432073], [-52.01595838012838, -29.441744447846837], [-52.01514989637267, -29.44282242618778], [-52.016497369298854, -29.44363090994349], [-52.01676686388409, -29.442013942432073]]]}, "properties": {"cultura": "Outras Lavouras Temporárias"}}, {"type": "Feature", "geometry": {"type": "Polygon", "coordinates": [[[-52.01488040178744, -29.44228343701731], [-52.01514989637267, -29.442552931602545], [-52.01514989637267, -29.44228343701731], [-52.01488040178744, -29.44228343701731]]]}, "properties": {"cultura": "Outras Lavouras Temporárias"}}, {"type": "Feature", "geometry": {"type": "Polygon", "coordinates": [[[-52.018114336810264, -29.44039697492066], [-52.01784484222503, -29.441205458676365], [-52.018653325980736, -29.4414749532616], [-52.018653325980736, -29.440935964091132], [-52.018114336810264, -29.44039697492066]]]}, "properties": {"cultura": "Outras Lavouras Temporárias"}}, {"type": "Feature", "geometry": {"type": "Polygon", "coordinates": [[[-52.016497369298854, -29.440666469505896], [-52.016227874713614, -29.440935964091132], [-52.016497369298854, -29.440935964091132], [-52.016497369298854, -29.440666469505896]]]}, "properties": {"cultura": "Outras Lavouras Temporárias"}}, {"type": "Feature", "geometry": {"type": "Polygon", "coordinates": [[[-52.018653325980736, -29.440666469505896], [-52.018383831395504, -29.43958849116495], [-52.018114336810264, -29.43958849116495], [-52.01784484222503, -29.440127480335423], [-52.018653325980736, -29.440666469505896]]]}, "properties": {"cultura": "Outras Lavouras Temporárias"}}, {"type": "Feature", "geometry": {"type": "Polygon", "coordinates": [[[-52.01514989637267, -29.440666469505896], [-52.016497369298854, -29.44039697492066], [-52.016497369298854, -29.43824101823877], [-52.016227874713614, -29.440127480335423], [-52.01514989637267, -29.439857985750187], [-52.01514989637267, -29.440666469505896]]]}, "properties": {"cultura": "Outras Lavouras Temporárias"}}, {"type": "Feature", "geometry": {"type": "Polygon", "coordinates": [[[-52.018922820565976, -29.439857985750187], [-52.01973130432168, -29.439857985750187], [-52.01919231515121, -29.43904950199448], [-52.018922820565976, -29.43904950199448], [-52.018922820565976, -29.439857985750187]]]}, "properties": {"cultura": "Outras Lavouras Temporárias"}}, {"type": "Feature", "geometry": {"type": "Polygon", "coordinates": [[[-52.01407191803173, -29.438510512824006], [-52.01514989637267, -29.438780007409243], [-52.01514989637267, -29.438510512824006], [-52.01407191803173, -29.438510512824006]]]}, "properties": {"cultura": "Outras Lavouras Temporárias"}}, {"type": "Feature", "geometry": {"type": "Polygon", "coordinates": [[[-52.01541939095791, -29.43824101823877], [-52.01514989637267, -29.438510512824006], [-52.01541939095791, -29.438510512824006], [-52.01541939095791, -29.43824101823877]]]}, "properties": {"cultura": "Outras Lavouras Temporárias"}}, {"type": "Feature", "geometry": {"type": "Polygon", "coordinates": [[[-52.01595838012838, -29.437971523653538], [-52.016227874713614, -29.43824101823877], [-52.016227874713614, -29.437971523653538], [-52.01595838012838, -29.437971523653538]]]}, "properties": {"cultura": "Outras Lavouras Temporárias"}}, {"type": "Feature", "geometry": {"type": "Polygon", "coordinates": [[[-52.01730585305456, -29.436893545312593], [-52.018114336810264, -29.4377020290683], [-52.018114336810264, -29.436893545312593], [-52.01730585305456, -29.436893545312593]]]}, "properties": {"cultura": "Outras Lavouras Temporárias"}}, {"type": "Feature", "geometry": {"type": "Polygon", "coordinates": [[[-52.0146109072022, -29.4377020290683], [-52.01568888554314, -29.436893545312593], [-52.01568888554314, -29.435276577801176], [-52.0146109072022, -29.43635455614212], [-52.0146109072022, -29.4377020290683]]]}, "properties": {"cultura": "Outras Lavouras Temporárias"}}, {"type": "Feature", "geometry": {"type": "Polygon", "coordinates": [[[-52.020809282662626, -29.42665275107363], [-52.02107877724786, -29.42800022399981], [-52.02107877724786, -29.42665275107363], [-52.020809282662626, -29.42665275107363]]]}, "properties": {"cultura": "Outras Lavouras Temporárias"}}, {"type": "Feature", "geometry": {"type": "Polygon", "coordinates": [[[-52.01730585305456, -29.42665275107363], [-52.01676686388409, -29.425844267317924], [-52.01595838012838, -29.42611376190316], [-52.016227874713614, -29.4271917402441], [-52.01730585305456, -29.42665275107363]]]}, "properties": {"cultura": "Outras Lavouras Temporárias"}}, {"type": "Feature", "geometry": {"type": "Polygon", "coordinates": [[[-52.01568888554314, -29.42611376190316], [-52.01595838012838, -29.425844267317924], [-52.01568888554314, -29.425844267317924], [-52.01568888554314, -29.42611376190316]]]}, "properties": {"cultura": "Outras Lavouras Temporárias"}}, {"type": "Feature", "geometry": {"type": "Polygon", "coordinates": [[[-52.01488040178744, -29.42476628897698], [-52.01514989637267, -29.426383256488393], [-52.01568888554314, -29.42665275107363], [-52.01541939095791, -29.425574772732688], [-52.016227874713614, -29.42530527814745], [-52.01488040178744, -29.42476628897698]]]}, "properties": {"cultura": "Outras Lavouras Temporárias"}}, {"type": "Feature", "geometry": {"type": "Polygon", "coordinates": [[[-52.014341412616965, -29.42395780522127], [-52.01488040178744, -29.424227299806507], [-52.01488040178744, -29.42395780522127], [-52.014341412616965, -29.42395780522127]]]}, "properties": {"cultura": "Outras Lavouras Temporárias"}}, {"type": "Feature", "geometry": {"type": "Polygon", "coordinates": [[[-52.01407191803173, -29.42395780522127], [-52.014341412616965, -29.42395780522127], [-52.014341412616965, -29.423688310636035], [-52.01407191803173, -29.423688310636035], [-52.01407191803173, -29.42395780522127]]]}, "properties": {"cultura": "Outras Lavouras Temporárias"}}, {"type": "Feature", "geometry": {"type": "Polygon", "coordinates": [[[-52.01595838012838, -29.423149321465562], [-52.016227874713614, -29.424227299806507], [-52.016227874713614, -29.423149321465562], [-52.01595838012838, -29.423149321465562]]]}, "properties": {"cultura": "Outras Lavouras Temporárias"}}, {"type": "Feature", "geometry": {"type": "Polygon", "coordinates": [[[-52.01568888554314, -29.424227299806507], [-52.01568888554314, -29.423149321465562], [-52.01595838012838, -29.423149321465562], [-52.01595838012838, -29.42287982688033], [-52.01541939095791, -29.42287982688033], [-52.01568888554314, -29.424227299806507]]]}, "properties": {"cultura": "Outras Lavouras Temporárias"}}, {"type": "Feature", "geometry": {"type": "Polygon", "coordinates": [[[-52.01272444510555, -29.424227299806507], [-52.01407191803173, -29.4234188160508], [-52.01326343427602, -29.422610332295093], [-52.01272444510555, -29.424227299806507]]]}, "properties": {"cultura": "Outras Lavouras Temporárias"}}, {"type": "Feature", "geometry": {"type": "Polygon", "coordinates": [[[-52.02027029349215, -29.422340837709857], [-52.020539788077386, -29.42287982688033], [-52.020539788077386, -29.422340837709857], [-52.02027029349215, -29.422340837709857]]]}, "properties": {"cultura": "Outras Lavouras Temporárias"}}, {"type": "Feature", "geometry": {"type": "Polygon", "coordinates": [[[-52.020539788077386, -29.42207134312462], [-52.0213482718331, -29.422340837709857], [-52.0213482718331, -29.42153235395415], [-52.020809282662626, -29.42153235395415], [-52.020539788077386, -29.42207134312462]]]}, "properties": {"cultura": "Outras Lavouras Temporárias"}}, {"type": "Feature", "geometry": {"type": "Polygon", "coordinates": [[[-52.01353292886126, -29.421801848539385], [-52.012454950520315, -29.421262859368913], [-52.012185455935075, -29.422610332295093], [-52.01299393969079, -29.422610332295093], [-52.01353292886126, -29.421801848539385]]]}, "properties": {"cultura": "Outras Lavouras Temporárias"}}, {"type": "Feature", "geometry": {"type": "Polygon", "coordinates": [[[-52.01946180973645, -29.421801848539385], [-52.018114336810264, -29.42072387019844], [-52.018383831395504, -29.42207134312462], [-52.01946180973645, -29.421801848539385]], [[-52.018383831395504, -29.42153235395415], [-52.018653325980736, -29.421262859368913], [-52.018653325980736, -29.42153235395415], [-52.018383831395504, -29.42153235395415]]]}, "properties": {"cultura": "Outras Lavouras Temporárias"}}, {"type": "Feature", "geometry": {"type": "Polygon", "coordinates": [[[-52.01407191803173, -29.41883740810179], [-52.01353292886126, -29.418567913516554], [-52.01326343427602, -29.417759429760846], [-52.01326343427602, -29.41883740810179], [-52.01407191803173, -29.41883740810179]]]}, "properties": {"cultura": "Outras Lavouras Temporárias"}}, {"type": "Feature", "geometry": {"type": "Polygon", "coordinates": [[[-52.020539788077386, -29.41748993517561], [-52.02188726100357, -29.417220440590373], [-52.020539788077386, -29.417220440590373], [-52.020539788077386, -29.41748993517561]]]}, "properties": {"cultura": "Outras Lavouras Temporárias"}}, {"type": "Feature", "geometry": {"type": "Polygon", "coordinates": [[[-52.018922820565976, -29.417220440590373], [-52.01973130432168, -29.417759429760846], [-52.01973130432168, -29.417220440590373], [-52.018922820565976, -29.417220440590373]]]}, "properties": {"cultura": "Outras Lavouras Temporárias"}}, {"type": "Feature", "geometry": {"type": "Polygon", "coordinates": [[[-52.02027029349215, -29.41641195683467], [-52.02000079890692, -29.41748993517561], [-52.02027029349215, -29.41748993517561], [-52.02027029349215, -29.41641195683467]]]}, "properties": {"cultura": "Outras Lavouras Temporárias"}}, {"type": "Feature", "geometry": {"type": "Polygon", "coordinates": [[[-52.02027029349215, -29.416142462249432], [-52.020539788077386, -29.41641195683467], [-52.020539788077386, -29.416142462249432], [-52.02027029349215, -29.416142462249432]]]}, "properties": {"cultura": "Outras Lavouras Temporárias"}}, {"type": "Feature", "geometry": {"type": "Polygon", "coordinates": [[[-52.016227874713614, -29.411830548885657], [-52.01595838012838, -29.410752570544716], [-52.01568888554314, -29.41156105430042], [-52.016227874713614, -29.411830548885657]]]}, "properties": {"cultura": "Outras Lavouras Temporárias"}}, {"type": "Feature", "geometry": {"type": "Polygon", "coordinates": [[[-52.014341412616965, -29.411291559715185], [-52.01595838012838, -29.410752570544716], [-52.01595838012838, -29.409944086789007], [-52.014341412616965, -29.41048307595948], [-52.014341412616965, -29.411291559715185]]]}, "properties": {"cultura": "Outras Lavouras Temporárias"}}, {"type": "Feature", "geometry": {"type": "Polygon", "coordinates": [[[-52.01407191803173, -29.410213581374244], [-52.014341412616965, -29.41048307595948], [-52.014341412616965, -29.410213581374244], [-52.01407191803173, -29.410213581374244]]]}, "properties": {"cultura": "Outras Lavouras Temporárias"}}, {"type": "Feature", "geometry": {"type": "Polygon", "coordinates": [[[-52.01299393969079, -29.40832711927759], [-52.01326343427602, -29.408596613862827], [-52.01326343427602, -29.40832711927759], [-52.01299393969079, -29.40832711927759]]]}, "properties": {"cultura": "Outras Lavouras Temporárias"}}, {"type": "Feature", "geometry": {"type": "Polygon", "coordinates": [[[-52.008412531741776, -29.481090657291272], [-52.010568488423665, -29.48001267895033], [-52.0070650588156, -29.47947368977986], [-52.006256575059886, -29.478395711438914], [-52.006256575059886, -29.479743184365095], [-52.008412531741776, -29.479743184365095], [-52.008412531741776, -29.481090657291272]]]}, "properties": {"cultura": "Outras Lavouras Temporárias"}}, {"type": "Feature", "geometry": {"type": "Polygon", "coordinates": [[[-52.01299393969079, -29.478934700609386], [-52.01272444510555, -29.478395711438914], [-52.012454950520315, -29.479204195194622], [-52.01299393969079, -29.478934700609386]]]}, "properties": {"cultura": "Outras Lavouras Temporárias"}}, {"type": "Feature", "geometry": {"type": "Polygon", "coordinates": [[[-52.0070650588156, -29.478395711438914], [-52.00733455340083, -29.47866520602415], [-52.00733455340083, -29.478395711438914], [-52.0070650588156, -29.478395711438914]]]}, "properties": {"cultura": "Outras Lavouras Temporárias"}}, {"type": "Feature", "geometry": {"type": "Polygon", "coordinates": [[[-52.0116464667646, -29.47866520602415], [-52.010568488423665, -29.478395711438914], [-52.010568488423665, -29.478934700609386], [-52.0116464667646, -29.47866520602415]]]}, "properties": {"cultura": "Outras Lavouras Temporárias"}}, {"type": "Feature", "geometry": {"type": "Polygon", "coordinates": [[[-52.00949051008272, -29.478126216853678], [-52.00922101549748, -29.47866520602415], [-52.00949051008272, -29.47866520602415], [-52.00949051008272, -29.478126216853678]]]}, "properties": {"cultura": "Outras Lavouras Temporárias"}}, {"type": "Feature", "geometry": {"type": "Polygon", "coordinates": [[[-52.008143037156536, -29.47785672226844], [-52.008412531741776, -29.478126216853678], [-52.00922101549748, -29.47785672226844], [-52.008143037156536, -29.47785672226844]]]}, "properties": {"cultura": "Outras Lavouras Temporárias"}}, {"type": "Feature", "geometry": {"type": "Polygon", "coordinates": [[[-52.01002949925319, -29.47785672226844], [-52.010298993838425, -29.478126216853678], [-52.010298993838425, -29.47785672226844], [-52.01002949925319, -29.47785672226844]]]}, "properties": {"cultura": "Outras Lavouras Temporárias"}}, {"type": "Feature", "geometry": {"type": "Polygon", "coordinates": [[[-52.006526069645126, -29.478395711438914], [-52.0070650588156, -29.478395711438914], [-52.0070650588156, -29.477317733097973], [-52.006526069645126, -29.477317733097973], [-52.006526069645126, -29.478395711438914]]]}, "properties": {"cultura": "Outras Lavouras Temporárias"}}, {"type": "Feature", "geometry": {"type": "Polygon", "coordinates": [[[-52.00949051008272, -29.477587227683205], [-52.00922101549748, -29.47785672226844], [-52.00949051008272, -29.47785672226844], [-52.00949051008272, -29.477587227683205]]]}, "properties": {"cultura": "Outras Lavouras Temporárias"}}, {"type": "Feature", "geometry": {"type": "Polygon", "coordinates": [[[-52.010298993838425, -29.477587227683205], [-52.0108379830089, -29.47785672226844], [-52.0108379830089, -29.477587227683205], [-52.010298993838425, -29.477587227683205]]]}, "properties": {"cultura": "Outras Lavouras Temporárias"}}, {"type": "Feature", "geometry": {"type": "Polygon", "coordinates": [[[-52.0116464667646, -29.477587227683205], [-52.0108379830089, -29.477317733097973], [-52.0108379830089, -29.477587227683205], [-52.0116464667646, -29.477587227683205]]]}, "properties": {"cultura": "Outras Lavouras Temporárias"}}, {"type": "Feature", "geometry": {"type": "Polygon", "coordinates": [[[-52.01191596134984, -29.477048238512737], [-52.0116464667646, -29.477317733097973], [-52.01191596134984, -29.477317733097973], [-52.01191596134984, -29.477048238512737]]]}, "properties": {"cultura": "Outras Lavouras Temporárias"}}, {"type": "Feature", "geometry": {"type": "Polygon", "coordinates": [[[-52.00517859671894, -29.477317733097973], [-52.00517859671894, -29.476509249342264], [-52.00437011296324, -29.4767787439275], [-52.00437011296324, -29.477317733097973], [-52.00517859671894, -29.477317733097973]]]}, "properties": {"cultura": "Outras Lavouras Temporárias"}}, {"type": "Feature", "geometry": {"type": "Polygon", "coordinates": [[[-52.00463960754848, -29.476239754757028], [-52.00437011296324, -29.476509249342264], [-52.00463960754848, -29.476509249342264], [-52.00463960754848, -29.476239754757028]]]}, "properties": {"cultura": "Outras Lavouras Temporárias"}}, {"type": "Feature", "geometry": {"type": "Polygon", "coordinates": [[[-52.006256575059886, -29.47543127100132], [-52.00976000466795, -29.47462278724561], [-52.0078735425713, -29.474892281830847], [-52.00760404798607, -29.474353292660375], [-52.006256575059886, -29.47543127100132]]]}, "properties": {"cultura": "Outras Lavouras Temporárias"}}, {"type": "Feature", "geometry": {"type": "Polygon", "coordinates": [[[-52.00733455340083, -29.474353292660375], [-52.00760404798607, -29.474083798075142], [-52.00733455340083, -29.474083798075142], [-52.00733455340083, -29.474353292660375]]]}, "properties": {"cultura": "Outras Lavouras Temporárias"}}, {"type": "Feature", "geometry": {"type": "Polygon", "coordinates": [[[-52.00733455340083, -29.473814303489906], [-52.006256575059886, -29.474083798075142], [-52.00733455340083, -29.474083798075142], [-52.00733455340083, -29.473814303489906]]]}, "properties": {"cultura": "Outras Lavouras Temporárias"}}, {"type": "Feature", "geometry": {"type": "Polygon", "coordinates": [[[-52.00976000466795, -29.473005819734198], [-52.00949051008272, -29.473275314319434], [-52.00976000466795, -29.473275314319434], [-52.00976000466795, -29.473005819734198]]]}, "properties": {"cultura": "Outras Lavouras Temporárias"}}, {"type": "Feature", "geometry": {"type": "Polygon", "coordinates": [[[-52.0108379830089, -29.472466830563725], [-52.00976000466795, -29.472466830563725], [-52.01002949925319, -29.47354480890467], [-52.01110747759413, -29.473275314319434], [-52.0108379830089, -29.472466830563725]]]}, "properties": {"cultura": "Outras Lavouras Temporárias"}}, {"type": "Feature", "geometry": {"type": "Polygon", "coordinates": [[[-52.01272444510555, -29.473275314319434], [-52.01191596134984, -29.472466830563725], [-52.012185455935075, -29.473275314319434], [-52.01272444510555, -29.473275314319434]]]}, "properties": {"cultura": "Outras Lavouras Temporárias"}}, {"type": "Feature", "geometry": {"type": "Polygon", "coordinates": [[[-52.0070650588156, -29.471658346808017], [-52.00679556423036, -29.472466830563725], [-52.00733455340083, -29.472466830563725], [-52.0070650588156, -29.471658346808017]]]}, "properties": {"cultura": "Outras Lavouras Temporárias"}}, {"type": "Feature", "geometry": {"type": "Polygon", "coordinates": [[[-52.006256575059886, -29.471658346808017], [-52.006526069645126, -29.471927841393253], [-52.006526069645126, -29.471658346808017], [-52.006256575059886, -29.471658346808017]]]}, "properties": {"cultura": "Outras Lavouras Temporárias"}}, {"type": "Feature", "geometry": {"type": "Polygon", "coordinates": [[[-52.01110747759413, -29.471927841393253], [-52.0116464667646, -29.47138885222278], [-52.01110747759413, -29.47138885222278], [-52.01110747759413, -29.471927841393253]]]}, "properties": {"cultura": "Outras Lavouras Temporárias"}}, {"type": "Feature", "geometry": {"type": "Polygon", "coordinates": [[[-52.008143037156536, -29.47138885222278], [-52.008412531741776, -29.471119357637548], [-52.008143037156536, -29.471119357637548], [-52.008143037156536, -29.47138885222278]]]}, "properties": {"cultura": "Outras Lavouras Temporárias"}}, {"type": "Feature", "geometry": {"type": "Polygon", "coordinates": [[[-52.00760404798607, -29.47084986305231], [-52.006526069645126, -29.47138885222278], [-52.008143037156536, -29.471658346808017], [-52.00760404798607, -29.47084986305231]]]}, "properties": {"cultura": "Outras Lavouras Temporárias"}}, {"type": "Feature", "geometry": {"type": "Polygon", "coordinates": [[[-52.010568488423665, -29.470041379296603], [-52.012454950520315, -29.47138885222278], [-52.01272444510555, -29.469771884711367], [-52.01110747759413, -29.469232895540895], [-52.010568488423665, -29.470041379296603]], [[-52.012185455935075, -29.469771884711367], [-52.0116464667646, -29.470041379296603], [-52.0116464667646, -29.469771884711367], [-52.012185455935075, -29.469771884711367]]]}, "properties": {"cultura": "Outras Lavouras Temporárias"}}, {"type": "Feature", "geometry": {"type": "Polygon", "coordinates": [[[-52.008412531741776, -29.47084986305231], [-52.008143037156536, -29.468693906370422], [-52.00760404798607, -29.468693906370422], [-52.0070650588156, -29.46950239012613], [-52.00760404798607, -29.47084986305231], [-52.008412531741776, -29.47084986305231]]]}, "properties": {"cultura": "Outras Lavouras Temporárias"}}, {"type": "Feature", "geometry": {"type": "Polygon", "coordinates": [[[-52.010568488423665, -29.46950239012613], [-52.010298993838425, -29.469771884711367], [-52.010568488423665, -29.469771884711367], [-52.010568488423665, -29.46950239012613]]]}, "properties": {"cultura": "Outras Lavouras Temporárias"}}, {"type": "Feature", "geometry": {"type": "Polygon", "coordinates": [[[-52.012454950520315, -29.46896340095566], [-52.012185455935075, -29.469232895540895], [-52.012454950520315, -29.469232895540895], [-52.012454950520315, -29.46896340095566]]]}, "properties": {"cultura": "Outras Lavouras Temporárias"}}, {"type": "Feature", "geometry": {"type": "Polygon", "coordinates": [[[-52.008412531741776, -29.46896340095566], [-52.00868202632701, -29.468693906370422], [-52.008412531741776, -29.468693906370422], [-52.008412531741776, -29.46896340095566]]]}, "properties": {"cultura": "Outras Lavouras Temporárias"}}, {"type": "Feature", "geometry": {"type": "Polygon", "coordinates": [[[-52.008412531741776, -29.466807444273773], [-52.008143037156536, -29.468693906370422], [-52.008412531741776, -29.468693906370422], [-52.008412531741776, -29.466807444273773]]]}, "properties": {"cultura": "Outras Lavouras Temporárias"}}, {"type": "Feature", "geometry": {"type": "Polygon", "coordinates": [[[-52.006256575059886, -29.466807444273773], [-52.005987080474654, -29.4662684551033], [-52.00463960754848, -29.4662684551033], [-52.00490910213371, -29.466807444273773], [-52.006256575059886, -29.466807444273773]]]}, "properties": {"cultura": "Outras Lavouras Temporárias"}}, {"type": "Feature", "geometry": {"type": "Polygon", "coordinates": [[[-52.0108379830089, -29.464651487591887], [-52.01110747759413, -29.466537949688536], [-52.01110747759413, -29.464651487591887], [-52.0108379830089, -29.464651487591887]]]}, "properties": {"cultura": "Outras Lavouras Temporárias"}}, {"type": "Feature", "geometry": {"type": "Polygon", "coordinates": [[[-52.00922101549748, -29.46545997134759], [-52.00868202632701, -29.464920982177123], [-52.00868202632701, -29.465729465932828], [-52.00922101549748, -29.46545997134759]]]}, "properties": {"cultura": "Outras Lavouras Temporárias"}}, {"type": "Feature", "geometry": {"type": "Polygon", "coordinates": [[[-52.008143037156536, -29.465729465932828], [-52.008143037156536, -29.46438199300665], [-52.00733455340083, -29.46438199300665], [-52.008143037156536, -29.465729465932828]]]}, "properties": {"cultura": "Outras Lavouras Temporárias"}}, {"type": "Feature", "geometry": {"type": "Polygon", "coordinates": [[[-52.0116464667646, -29.464112498421414], [-52.012185455935075, -29.46438199300665], [-52.012185455935075, -29.464112498421414], [-52.0116464667646, -29.464112498421414]]]}, "properties": {"cultura": "Outras Lavouras Temporárias"}}, {"type": "Feature", "geometry": {"type": "Polygon", "coordinates": [[[-52.006256575059886, -29.46384300383618], [-52.006526069645126, -29.46438199300665], [-52.006526069645126, -29.46384300383618], [-52.006256575059886, -29.46384300383618]]]}, "properties": {"cultura": "Outras Lavouras Temporárias"}}, {"type": "Feature", "geometry": {"type": "Polygon", "coordinates": [[[-52.01137697217937, -29.463304014665706], [-52.0116464667646, -29.463573509250942], [-52.0116464667646, -29.463304014665706], [-52.01137697217937, -29.463304014665706]]]}, "properties": {"cultura": "Outras Lavouras Temporárias"}}, {"type": "Feature", "geometry": {"type": "Polygon", "coordinates": [[[-52.01110747759413, -29.463304014665706], [-52.01137697217937, -29.463304014665706], [-52.01137697217937, -29.46303452008047], [-52.01110747759413, -29.46303452008047], [-52.01110747759413, -29.463304014665706]]]}, "properties": {"cultura": "Outras Lavouras Temporárias"}}, {"type": "Feature", "geometry": {"type": "Polygon", "coordinates": [[[-52.012185455935075, -29.46195654173953], [-52.012454950520315, -29.464112498421414], [-52.012454950520315, -29.46195654173953], [-52.012185455935075, -29.46195654173953]]]}, "properties": {"cultura": "Outras Lavouras Temporárias"}}, {"type": "Feature", "geometry": {"type": "Polygon", "coordinates": [[[-52.005987080474654, -29.46384300383618], [-52.006256575059886, -29.46384300383618], [-52.006256575059886, -29.46303452008047], [-52.00733455340083, -29.46195654173953], [-52.005987080474654, -29.462765025495234], [-52.005987080474654, -29.46384300383618]]]}, "properties": {"cultura": "Outras Lavouras Temporárias"}}, {"type": "Feature", "geometry": {"type": "Polygon", "coordinates": [[[-52.0108379830089, -29.462765025495234], [-52.01110747759413, -29.46303452008047], [-52.01110747759413, -29.462765025495234], [-52.0108379830089, -29.462765025495234]]]}, "properties": {"cultura": "Outras Lavouras Temporárias"}}, {"type": "Feature", "geometry": {"type": "Polygon", "coordinates": [[[-52.00733455340083, -29.462226036324765], [-52.00760404798607, -29.46303452008047], [-52.00760404798607, -29.462226036324765], [-52.00733455340083, -29.462226036324765]]]}, "properties": {"cultura": "Outras Lavouras Temporárias"}}, {"type": "Feature", "geometry": {"type": "Polygon", "coordinates": [[[-52.010568488423665, -29.461687047154292], [-52.010568488423665, -29.462765025495234], [-52.0108379830089, -29.462765025495234], [-52.0108379830089, -29.461417552569056], [-52.00976000466795, -29.461417552569056], [-52.010568488423665, -29.461687047154292]]]}, "properties": {"cultura": "Outras Lavouras Temporárias"}}, {"type": "Feature", "geometry": {"type": "Polygon", "coordinates": [[[-52.006526069645126, -29.46033957422811], [-52.00760404798607, -29.45980058505764], [-52.006526069645126, -29.45980058505764], [-52.006526069645126, -29.46033957422811]]]}, "properties": {"cultura": "Outras Lavouras Temporárias"}}, {"type": "Feature", "geometry": {"type": "Polygon", "coordinates": [[[-52.01137697217937, -29.458992101301934], [-52.0116464667646, -29.458183617546226], [-52.01002949925319, -29.458183617546226], [-52.010568488423665, -29.45926159588717], [-52.0108379830089, -29.458453112131462], [-52.01137697217937, -29.458992101301934]]]}, "properties": {"cultura": "Outras Lavouras Temporárias"}}, {"type": "Feature", "geometry": {"type": "Polygon", "coordinates": [[[-52.010568488423665, -29.454949682523395], [-52.010298993838425, -29.453332715011978], [-52.00895152091225, -29.453332715011978], [-52.00922101549748, -29.454949682523395], [-52.010568488423665, -29.454949682523395]]]}, "properties": {"cultura": "Outras Lavouras Temporárias"}}, {"type": "Feature", "geometry": {"type": "Polygon", "coordinates": [[[-52.01137697217937, -29.450907263744856], [-52.012185455935075, -29.45063776915962], [-52.01191596134984, -29.449829285403915], [-52.01137697217937, -29.449829285403915], [-52.01137697217937, -29.450907263744856]]]}, "properties": {"cultura": "Outras Lavouras Temporárias"}}, {"type": "Feature", "geometry": {"type": "Polygon", "coordinates": [[[-52.0070650588156, -29.449290296233443], [-52.00733455340083, -29.450907263744856], [-52.00733455340083, -29.449290296233443], [-52.0070650588156, -29.449290296233443]]]}, "properties": {"cultura": "Outras Lavouras Temporárias"}}, {"type": "Feature", "geometry": {"type": "Polygon", "coordinates": [[[-52.00976000466795, -29.449020801648206], [-52.00976000466795, -29.45009877998915], [-52.008143037156536, -29.45009877998915], [-52.008143037156536, -29.450907263744856], [-52.01002949925319, -29.45063776915962], [-52.00976000466795, -29.449020801648206]]]}, "properties": {"cultura": "Outras Lavouras Temporárias"}}, {"type": "Feature", "geometry": {"type": "Polygon", "coordinates": [[[-52.0108379830089, -29.449829285403915], [-52.01137697217937, -29.44955979081868], [-52.0108379830089, -29.449290296233443], [-52.0108379830089, -29.449829285403915]]]}, "properties": {"cultura": "Outras Lavouras Temporárias"}}, {"type": "Feature", "geometry": {"type": "Polygon", "coordinates": [[[-52.00976000466795, -29.446595350381084], [-52.00922101549748, -29.44740383413679], [-52.00976000466795, -29.44794282330726], [-52.00976000466795, -29.446595350381084]]]}, "properties": {"cultura": "Outras Lavouras Temporárias"}}, {"type": "Feature", "geometry": {"type": "Polygon", "coordinates": [[[-52.010568488423665, -29.44551737204014], [-52.01110747759413, -29.447134339551557], [-52.0108379830089, -29.44551737204014], [-52.010568488423665, -29.44551737204014]]]}, "properties": {"cultura": "Outras Lavouras Temporárias"}}, {"type": "Feature", "geometry": {"type": "Polygon", "coordinates": [[[-52.00463960754848, -29.44228343701731], [-52.00517859671894, -29.443091920773018], [-52.00517859671894, -29.44228343701731], [-52.00463960754848, -29.44228343701731]]]}, "properties": {"cultura": "Outras Lavouras Temporárias"}}, {"type": "Feature", "geometry": {"type": "Polygon", "coordinates": [[[-52.008412531741776, -29.439318996579715], [-52.00922101549748, -29.437971523653538], [-52.00868202632701, -29.437971523653538], [-52.008412531741776, -29.439318996579715]]]}, "properties": {"cultura": "Outras Lavouras Temporárias"}}, {"type": "Feature", "geometry": {"type": "Polygon", "coordinates": [[[-52.00922101549748, -29.42988668609646], [-52.00949051008272, -29.430964664437404], [-52.010298993838425, -29.430964664437404], [-52.010298993838425, -29.42988668609646], [-52.00922101549748, -29.42988668609646]]]}, "properties": {"cultura": "Outras Lavouras Temporárias"}}, {"type": "Feature", "geometry": {"type": "Polygon", "coordinates": [[[-52.00760404798607, -29.428269718585046], [-52.008143037156536, -29.429078202340754], [-52.008143037156536, -29.428269718585046], [-52.00760404798607, -29.428269718585046]]]}, "properties": {"cultura": "Outras Lavouras Temporárias"}}, {"type": "Feature", "geometry": {"type": "Polygon", "coordinates": [[[-52.008412531741776, -29.426922245658865], [-52.00868202632701, -29.427461234829337], [-52.00868202632701, -29.426922245658865], [-52.008412531741776, -29.426922245658865]]]}, "properties": {"cultura": "Outras Lavouras Temporárias"}}, {"type": "Feature", "geometry": {"type": "Polygon", "coordinates": [[[-52.0078735425713, -29.426922245658865], [-52.008412531741776, -29.426922245658865], [-52.008412531741776, -29.42665275107363], [-52.0078735425713, -29.42665275107363], [-52.0078735425713, -29.426922245658865]]]}, "properties": {"cultura": "Outras Lavouras Temporárias"}}, {"type": "Feature", "geometry": {"type": "Polygon", "coordinates": [[[-52.00868202632701, -29.42665275107363], [-52.008412531741776, -29.426383256488393], [-52.008412531741776, -29.42665275107363], [-52.00868202632701, -29.42665275107363]]]}, "properties": {"cultura": "Outras Lavouras Temporárias"}}, {"type": "Feature", "geometry": {"type": "Polygon", "coordinates": [[[-52.008412531741776, -29.42611376190316], [-52.00760404798607, -29.426383256488393], [-52.008412531741776, -29.426383256488393], [-52.008412531741776, -29.42611376190316]]]}, "properties": {"cultura": "Outras Lavouras Temporárias"}}, {"type": "Feature", "geometry": {"type": "Polygon", "coordinates": [[[-52.008412531741776, -29.42611376190316], [-52.00868202632701, -29.425844267317924], [-52.008412531741776, -29.425844267317924], [-52.008412531741776, -29.42611376190316]]]}, "properties": {"cultura": "Outras Lavouras Temporárias"}}, {"type": "Feature", "geometry": {"type": "Polygon", "coordinates": [[[-52.00760404798607, -29.425844267317924], [-52.00733455340083, -29.42611376190316], [-52.00760404798607, -29.42611376190316], [-52.00760404798607, -29.425844267317924]]]}, "properties": {"cultura": "Outras Lavouras Temporárias"}}, {"type": "Feature", "geometry": {"type": "Polygon", "coordinates": [[[-52.00544809130418, -29.422340837709857], [-52.005987080474654, -29.423149321465562], [-52.005987080474654, -29.422340837709857], [-52.00544809130418, -29.422340837709857]]]}, "properties": {"cultura": "Outras Lavouras Temporárias"}}, {"type": "Feature", "geometry": {"type": "Polygon", "coordinates": [[[-52.01110747759413, -29.422610332295093], [-52.010298993838425, -29.422610332295093], [-52.0108379830089, -29.423688310636035], [-52.00976000466795, -29.424227299806507], [-52.012185455935075, -29.424496794391743], [-52.0116464667646, -29.42395780522127], [-52.012185455935075, -29.420454375613204], [-52.01110747759413, -29.422610332295093]]]}, "properties": {"cultura": "Outras Lavouras Temporárias"}}, {"type": "Feature", "geometry": {"type": "Polygon", "coordinates": [[[-52.00490910213371, -29.421801848539385], [-52.003831123792764, -29.422610332295093], [-52.00517859671894, -29.422340837709857], [-52.00490910213371, -29.421801848539385]]]}, "properties": {"cultura": "Outras Lavouras Temporárias"}}, {"type": "Feature", "geometry": {"type": "Polygon", "coordinates": [[[-52.008143037156536, -29.42153235395415], [-52.00922101549748, -29.421801848539385], [-52.00922101549748, -29.421262859368913], [-52.008143037156536, -29.42153235395415]]]}, "properties": {"cultura": "Outras Lavouras Temporárias"}}, {"type": "Feature", "geometry": {"type": "Polygon", "coordinates": [[[-52.01110747759413, -29.42072387019844], [-52.01137697217937, -29.42153235395415], [-52.01137697217937, -29.42072387019844], [-52.01110747759413, -29.42072387019844]]]}, "properties": {"cultura": "Outras Lavouras Temporárias"}}, {"type": "Feature", "geometry": {"type": "Polygon", "coordinates": [[[-52.004100618378004, -29.420993364783676], [-52.00490910213371, -29.421262859368913], [-52.00490910213371, -29.420993364783676], [-52.004100618378004, -29.420993364783676]]]}, "properties": {"cultura": "Outras Lavouras Temporárias"}}, {"type": "Feature", "geometry": {"type": "Polygon", "coordinates": [[[-52.004100618378004, -29.420993364783676], [-52.00356162920753, -29.4196458918575], [-52.00356162920753, -29.420993364783676], [-52.004100618378004, -29.420993364783676]]]}, "properties": {"cultura": "Outras Lavouras Temporárias"}}, {"type": "Feature", "geometry": {"type": "Polygon", "coordinates": [[[-52.01191596134984, -29.418028924346082], [-52.010568488423665, -29.418567913516554], [-52.0116464667646, -29.418567913516554], [-52.01191596134984, -29.419376397272263], [-52.01299393969079, -29.41883740810179], [-52.01191596134984, -29.416681451419905], [-52.01191596134984, -29.418028924346082]]]}, "properties": {"cultura": "Outras Lavouras Temporárias"}}, {"type": "Feature", "geometry": {"type": "Polygon", "coordinates": [[[-52.006256575059886, -29.416142462249432], [-52.005987080474654, -29.417759429760846], [-52.006256575059886, -29.417759429760846], [-52.006256575059886, -29.416142462249432]]]}, "properties": {"cultura": "Outras Lavouras Temporárias"}}, {"type": "Feature", "geometry": {"type": "Polygon", "coordinates": [[[-52.00976000466795, -29.416681451419905], [-52.00976000466795, -29.41748993517561], [-52.01002949925319, -29.416142462249432], [-52.010568488423665, -29.417220440590373], [-52.01137697217937, -29.41695094600514], [-52.010568488423665, -29.415064483908488], [-52.008412531741776, -29.416142462249432], [-52.008412531741776, -29.416681451419905], [-52.00976000466795, -29.416681451419905]]]}, "properties": {"cultura": "Outras Lavouras Temporárias"}}, {"type": "Feature", "geometry": {"type": "Polygon", "coordinates": [[[-52.01191596134984, -29.41560347307896], [-52.01137697217937, -29.415872967664196], [-52.01191596134984, -29.415872967664196], [-52.01191596134984, -29.41560347307896]]]}, "properties": {"cultura": "Outras Lavouras Temporárias"}}, {"type": "Feature", "geometry": {"type": "Polygon", "coordinates": [[[-52.004100618378004, -29.413986505567546], [-52.00329213462229, -29.413986505567546], [-52.00302264003706, -29.415872967664196], [-52.00356162920753, -29.415872967664196], [-52.004100618378004, -29.413986505567546]]]}, "properties": {"cultura": "Outras Lavouras Temporárias"}}, {"type": "Feature", "geometry": {"type": "Polygon", "coordinates": [[[-52.00949051008272, -29.413447516397074], [-52.00922101549748, -29.414525494738015], [-52.01002949925319, -29.41479498932325], [-52.01002949925319, -29.41425600015278], [-52.00949051008272, -29.413447516397074]]]}, "properties": {"cultura": "Outras Lavouras Temporárias"}}, {"type": "Feature", "geometry": {"type": "Polygon", "coordinates": [[[-52.00356162920753, -29.412639032641366], [-52.006256575059886, -29.413178021811838], [-52.006526069645126, -29.41048307595948], [-52.005717585889414, -29.411830548885657], [-52.00463960754848, -29.410213581374244], [-52.00517859671894, -29.412100043470893], [-52.00356162920753, -29.412639032641366]]]}, "properties": {"cultura": "Outras Lavouras Temporárias"}}, {"type": "Feature", "geometry": {"type": "Polygon", "coordinates": [[[-52.01110747759413, -29.410752570544716], [-52.010298993838425, -29.410213581374244], [-52.010298993838425, -29.408866108448063], [-52.00976000466795, -29.408866108448063], [-52.00949051008272, -29.410752570544716], [-52.01002949925319, -29.411291559715185], [-52.01110747759413, -29.410752570544716]]]}, "properties": {"cultura": "Outras Lavouras Temporárias"}}, {"type": "Feature", "geometry": {"type": "Polygon", "coordinates": [[[-52.0116464667646, -29.41048307595948], [-52.01299393969079, -29.4091356030333], [-52.01110747759413, -29.408596613862827], [-52.0116464667646, -29.41048307595948]]]}, "properties": {"cultura": "Outras Lavouras Temporárias"}}, {"type": "Feature", "geometry": {"type": "Polygon", "coordinates": [[[-52.00490910213371, -29.4091356030333], [-52.004100618378004, -29.40967459220377], [-52.00490910213371, -29.40967459220377], [-52.00490910213371, -29.4091356030333]]]}, "properties": {"cultura": "Outras Lavouras Temporárias"}}, {"type": "Feature", "geometry": {"type": "Polygon", "coordinates": [[[-52.01272444510555, -29.408596613862827], [-52.01299393969079, -29.408866108448063], [-52.01299393969079, -29.408596613862827], [-52.01272444510555, -29.408596613862827]]]}, "properties": {"cultura": "Outras Lavouras Temporárias"}}, {"type": "Feature", "geometry": {"type": "Polygon", "coordinates": [[[-51.993320834968564, -29.48836701109264], [-51.99385982413904, -29.488636505677878], [-51.99385982413904, -29.48836701109264], [-51.993320834968564, -29.48836701109264]]]}, "properties": {"cultura": "Outras Lavouras Temporárias"}}, {"type": "Feature", "geometry": {"type": "Polygon", "coordinates": [[[-51.99844123208805, -29.488636505677878], [-51.998171737502815, -29.48782802192217], [-51.99682426457663, -29.48782802192217], [-51.99682426457663, -29.488906000263114], [-51.99844123208805, -29.488636505677878]]]}, "properties": {"cultura": "Outras Lavouras Temporárias"}}, {"type": "Feature", "geometry": {"type": "Polygon", "coordinates": [[[-51.99871072667329, -29.48836701109264], [-51.99898022125852, -29.488097516507406], [-51.99871072667329, -29.487558527336933], [-51.99871072667329, -29.48836701109264]]]}, "properties": {"cultura": "Outras Lavouras Temporárias"}}, {"type": "Feature", "geometry": {"type": "Polygon", "coordinates": [[[-51.99439881330951, -29.48782802192217], [-51.99493780247998, -29.488097516507406], [-51.99493780247998, -29.48782802192217], [-51.99439881330951, -29.48782802192217]]]}, "properties": {"cultura": "Outras Lavouras Temporárias"}}, {"type": "Feature", "geometry": {"type": "Polygon", "coordinates": [[[-51.99844123208805, -29.486750043581225], [-51.99844123208805, -29.487558527336933], [-51.99871072667329, -29.487558527336933], [-51.99898022125852, -29.48701953816646], [-51.99844123208805, -29.486750043581225]]]}, "properties": {"cultura": "Outras Lavouras Temporárias"}}, {"type": "Feature", "geometry": {"type": "Polygon", "coordinates": [[[-51.995476791650454, -29.487558527336933], [-51.99493780247998, -29.48782802192217], [-51.9965547699914, -29.48782802192217], [-51.99709375916187, -29.48648054899599], [-51.9965547699914, -29.487289032751697], [-51.99385982413904, -29.48701953816646], [-51.995476791650454, -29.487558527336933]]]}, "properties": {"cultura": "Outras Lavouras Temporárias"}}, {"type": "Feature", "geometry": {"type": "Polygon", "coordinates": [[[-51.9973632537471, -29.48459408689934], [-51.99763274833234, -29.485402570655047], [-51.99763274833234, -29.48459408689934], [-51.9973632537471, -29.48459408689934]]]}, "properties": {"cultura": "Outras Lavouras Temporárias"}}, {"type": "Feature", "geometry": {"type": "Polygon", "coordinates": [[[-51.9973632537471, -29.48378560314363], [-51.99709375916187, -29.48459408689934], [-51.9973632537471, -29.48459408689934], [-51.9973632537471, -29.48378560314363]]]}, "properties": {"cultura": "Outras Lavouras Temporárias"}}, {"type": "Feature", "geometry": {"type": "Polygon", "coordinates": [[[-51.9965547699914, -29.483516108558394], [-51.99682426457663, -29.48459408689934], [-51.99682426457663, -29.483516108558394], [-51.9965547699914, -29.483516108558394]]]}, "properties": {"cultura": "Outras Lavouras Temporárias"}}, {"type": "Feature", "geometry": {"type": "Polygon", "coordinates": [[[-51.9973632537471, -29.483516108558394], [-51.99763274833234, -29.48378560314363], [-51.99763274833234, -29.483516108558394], [-51.9973632537471, -29.483516108558394]]]}, "properties": {"cultura": "Outras Lavouras Temporárias"}}, {"type": "Feature", "geometry": {"type": "Polygon", "coordinates": [[[-51.9973632537471, -29.482977119387925], [-51.99682426457663, -29.483516108558394], [-51.9973632537471, -29.483516108558394], [-51.9973632537471, -29.482977119387925]]]}, "properties": {"cultura": "Outras Lavouras Temporárias"}}, {"type": "Feature", "geometry": {"type": "Polygon", "coordinates": [[[-51.993590329553804, -29.48270762480269], [-51.99466830789475, -29.482977119387925], [-51.99466830789475, -29.48270762480269], [-51.993590329553804, -29.48270762480269]]]}, "properties": {"cultura": "Outras Lavouras Temporárias"}}, {"type": "Feature", "geometry": {"type": "Polygon", "coordinates": [[[-51.99574628623569, -29.482977119387925], [-51.9965547699914, -29.482438130217453], [-51.99574628623569, -29.482438130217453], [-51.99574628623569, -29.482977119387925]]]}, "properties": {"cultura": "Outras Lavouras Temporárias"}}, {"type": "Feature", "geometry": {"type": "Polygon", "coordinates": [[[-51.99493780247998, -29.482438130217453], [-51.99466830789475, -29.48270762480269], [-51.99493780247998, -29.48270762480269], [-51.99493780247998, -29.482438130217453]]]}, "properties": {"cultura": "Outras Lavouras Temporárias"}}, {"type": "Feature", "geometry": {"type": "Polygon", "coordinates": [[[-51.99466830789475, -29.48189914104698], [-51.99520729706522, -29.48270762480269], [-51.99574628623569, -29.482438130217453], [-51.99574628623569, -29.482168635632217], [-51.99466830789475, -29.48189914104698]]]}, "properties": {"cultura": "Outras Lavouras Temporárias"}}, {"type": "Feature", "geometry": {"type": "Polygon", "coordinates": [[[-52.00221415628135, -29.475970260171792], [-52.00329213462229, -29.476509249342264], [-52.00329213462229, -29.475970260171792], [-52.00221415628135, -29.475970260171792]]]}, "properties": {"cultura": "Outras Lavouras Temporárias"}}, {"type": "Feature", "geometry": {"type": "Polygon", "coordinates": [[[-51.997902242917576, -29.47543127100132], [-51.998171737502815, -29.475700765586556], [-51.998171737502815, -29.47543127100132], [-51.997902242917576, -29.47543127100132]]]}, "properties": {"cultura": "Outras Lavouras Temporárias"}}, {"type": "Feature", "geometry": {"type": "Polygon", "coordinates": [[[-51.99951921042899, -29.473814303489906], [-52.000058199599465, -29.47462278724561], [-52.000058199599465, -29.47354480890467], [-51.99951921042899, -29.473814303489906]]]}, "properties": {"cultura": "Outras Lavouras Temporárias"}}, {"type": "Feature", "geometry": {"type": "Polygon", "coordinates": [[[-51.998171737502815, -29.47084986305231], [-51.9973632537471, -29.473275314319434], [-51.99898022125852, -29.473275314319434], [-51.99898022125852, -29.474353292660375], [-51.998171737502815, -29.47462278724561], [-51.998171737502815, -29.47543127100132], [-51.99898022125852, -29.47543127100132], [-51.99951921042899, -29.473275314319434], [-51.998171737502815, -29.47084986305231]]]}, "properties": {"cultura": "Outras Lavouras Temporárias"}}, {"type": "Feature", "geometry": {"type": "Polygon", "coordinates": [[[-51.99951921042899, -29.473275314319434], [-52.00059718876994, -29.473275314319434], [-52.00059718876994, -29.47219733597849], [-52.0003276941847, -29.473005819734198], [-51.99951921042899, -29.47219733597849], [-51.99951921042899, -29.473275314319434]]]}, "properties": {"cultura": "Outras Lavouras Temporárias"}}, {"type": "Feature", "geometry": {"type": "Polygon", "coordinates": [[[-52.0003276941847, -29.471927841393253], [-51.999788705014225, -29.47219733597849], [-52.0003276941847, -29.47219733597849], [-52.0003276941847, -29.471927841393253]]]}, "properties": {"cultura": "Outras Lavouras Temporárias"}}, {"type": "Feature", "geometry": {"type": "Polygon", "coordinates": [[[-52.00113617794041, -29.471927841393253], [-52.00059718876994, -29.47219733597849], [-52.00113617794041, -29.47219733597849], [-52.00113617794041, -29.471927841393253]]]}, "properties": {"cultura": "Outras Lavouras Temporárias"}}, {"type": "Feature", "geometry": {"type": "Polygon", "coordinates": [[[-51.99628527540616, -29.471658346808017], [-51.9965547699914, -29.47219733597849], [-51.9965547699914, -29.471658346808017], [-51.99628527540616, -29.471658346808017]]]}, "properties": {"cultura": "Outras Lavouras Temporárias"}}, {"type": "Feature", "geometry": {"type": "Polygon", "coordinates": [[[-51.99385982413904, -29.471658346808017], [-51.99439881330951, -29.471927841393253], [-51.99439881330951, -29.471658346808017], [-51.99385982413904, -29.471658346808017]]]}, "properties": {"cultura": "Outras Lavouras Temporárias"}}, {"type": "Feature", "geometry": {"type": "Polygon", "coordinates": [[[-51.99385982413904, -29.47138885222278], [-51.993590329553804, -29.471658346808017], [-51.99385982413904, -29.471658346808017], [-51.99385982413904, -29.47138885222278]]]}, "properties": {"cultura": "Outras Lavouras Temporárias"}}, {"type": "Feature", "geometry": {"type": "Polygon", "coordinates": [[[-51.99439881330951, -29.471119357637548], [-51.99493780247998, -29.471658346808017], [-51.99493780247998, -29.471119357637548], [-51.99439881330951, -29.471119357637548]]]}, "properties": {"cultura": "Outras Lavouras Temporárias"}}, {"type": "Feature", "geometry": {"type": "Polygon", "coordinates": [[[-51.996015780820926, -29.471658346808017], [-51.99628527540616, -29.471658346808017], [-51.99628527540616, -29.471119357637548], [-51.996015780820926, -29.471119357637548], [-51.996015780820926, -29.471658346808017]]]}, "properties": {"cultura": "Outras Lavouras Temporárias"}}, {"type": "Feature", "geometry": {"type": "Polygon", "coordinates": [[[-51.996015780820926, -29.47031087388184], [-51.99574628623569, -29.471119357637548], [-51.996015780820926, -29.471119357637548], [-51.996015780820926, -29.47031087388184]]]}, "properties": {"cultura": "Outras Lavouras Temporárias"}}, {"type": "Feature", "geometry": {"type": "Polygon", "coordinates": [[[-52.00140567252564, -29.467885422614717], [-52.00167516711088, -29.46950239012613], [-52.00167516711088, -29.467885422614717], [-52.00140567252564, -29.467885422614717]]]}, "properties": {"cultura": "Outras Lavouras Temporárias"}}, {"type": "Feature", "geometry": {"type": "Polygon", "coordinates": [[[-52.001944661696115, -29.467885422614717], [-52.00167516711088, -29.46761592802948], [-52.00167516711088, -29.467885422614717], [-52.001944661696115, -29.467885422614717]]]}, "properties": {"cultura": "Outras Lavouras Temporárias"}}, {"type": "Feature", "geometry": {"type": "Polygon", "coordinates": [[[-51.993590329553804, -29.468693906370422], [-51.99520729706522, -29.46707693885901], [-51.99385982413904, -29.466807444273773], [-51.993590329553804, -29.468693906370422]], [[-51.99385982413904, -29.46707693885901], [-51.994129318724276, -29.467346433444245], [-51.99385982413904, -29.467346433444245], [-51.99385982413904, -29.46707693885901]]]}, "properties": {"cultura": "Outras Lavouras Temporárias"}}, {"type": "Feature", "geometry": {"type": "Polygon", "coordinates": [[[-52.00086668335517, -29.468154917199954], [-52.000058199599465, -29.466537949688536], [-52.0003276941847, -29.468424411785186], [-52.00086668335517, -29.468154917199954]]]}, "properties": {"cultura": "Outras Lavouras Temporárias"}}, {"type": "Feature", "geometry": {"type": "Polygon", "coordinates": [[[-52.00221415628135, -29.46761592802948], [-52.00302264003706, -29.46707693885901], [-52.00221415628135, -29.46707693885901], [-52.00221415628135, -29.46761592802948]]]}, "properties": {"cultura": "Outras Lavouras Temporárias"}}, {"type": "Feature", "geometry": {"type": "Polygon", "coordinates": [[[-52.0003276941847, -29.4662684551033], [-51.999788705014225, -29.46545997134759], [-51.99898022125852, -29.465729465932828], [-52.0003276941847, -29.4662684551033]]]}, "properties": {"cultura": "Outras Lavouras Temporárias"}}, {"type": "Feature", "geometry": {"type": "Polygon", "coordinates": [[[-52.001944661696115, -29.45926159588717], [-52.00140567252564, -29.45926159588717], [-52.00113617794041, -29.458992101301934], [-52.00113617794041, -29.459531090472403], [-52.001944661696115, -29.45926159588717]]]}, "properties": {"cultura": "Outras Lavouras Temporárias"}}, {"type": "Feature", "geometry": {"type": "Polygon", "coordinates": [[[-52.001944661696115, -29.458992101301934], [-52.00140567252564, -29.458722606716698], [-52.00140567252564, -29.458992101301934], [-52.001944661696115, -29.458992101301934]]]}, "properties": {"cultura": "Outras Lavouras Temporárias"}}, {"type": "Feature", "geometry": {"type": "Polygon", "coordinates": [[[-52.00221415628135, -29.457375133790517], [-52.00167516711088, -29.45791412296099], [-52.00221415628135, -29.45791412296099], [-52.00221415628135, -29.457375133790517]]]}, "properties": {"cultura": "Outras Lavouras Temporárias"}}, {"type": "Feature", "geometry": {"type": "Polygon", "coordinates": [[[-52.00113617794041, -29.456836144620045], [-52.00086668335517, -29.457644628375753], [-52.00113617794041, -29.457644628375753], [-52.00113617794041, -29.456836144620045]]]}, "properties": {"cultura": "Outras Lavouras Temporárias"}}, {"type": "Feature", "geometry": {"type": "Polygon", "coordinates": [[[-52.00113617794041, -29.455488671693868], [-52.00167516711088, -29.457375133790517], [-52.00167516711088, -29.45521917710863], [-52.00113617794041, -29.455488671693868]]]}, "properties": {"cultura": "Outras Lavouras Temporárias"}}, {"type": "Feature", "geometry": {"type": "Polygon", "coordinates": [[[-52.00167516711088, -29.454949682523395], [-52.001944661696115, -29.45521917710863], [-52.001944661696115, -29.454949682523395], [-52.00167516711088, -29.454949682523395]]]}, "properties": {"cultura": "Outras Lavouras Temporárias"}}, {"type": "Feature", "geometry": {"type": "Polygon", "coordinates": [[[-52.00059718876994, -29.454949682523395], [-52.00086668335517, -29.45468018793816], [-52.00059718876994, -29.454410693352923], [-52.00059718876994, -29.454949682523395]]]}, "properties": {"cultura": "Outras Lavouras Temporárias"}}, {"type": "Feature", "geometry": {"type": "Polygon", "coordinates": [[[-52.00275314545182, -29.453332715011978], [-52.00167516711088, -29.454141198767687], [-52.00086668335517, -29.454410693352923], [-52.00275314545182, -29.454410693352923], [-52.00275314545182, -29.453332715011978]]]}, "properties": {"cultura": "Outras Lavouras Temporárias"}}, {"type": "Feature", "geometry": {"type": "Polygon", "coordinates": [[[-51.999788705014225, -29.45279372584151], [-52.00059718876994, -29.453063220426746], [-52.000058199599465, -29.450368274574384], [-51.999788705014225, -29.450368274574384], [-51.999788705014225, -29.45279372584151]]]}, "properties": {"cultura": "Outras Lavouras Temporárias"}}, {"type": "Feature", "geometry": {"type": "Polygon", "coordinates": [[[-51.997902242917576, -29.449829285403915], [-51.99871072667329, -29.450368274574384], [-51.99871072667329, -29.449829285403915], [-51.997902242917576, -29.449829285403915]]]}, "properties": {"cultura": "Outras Lavouras Temporárias"}}, {"type": "Feature", "geometry": {"type": "Polygon", "coordinates": [[[-51.997902242917576, -29.447673328722026], [-51.99763274833234, -29.44794282330726], [-51.997902242917576, -29.44794282330726], [-51.997902242917576, -29.447673328722026]]]}, "properties": {"cultura": "Outras Lavouras Temporárias"}}, {"type": "Feature", "geometry": {"type": "Polygon", "coordinates": [[[-51.99871072667329, -29.447673328722026], [-51.997902242917576, -29.447673328722026], [-51.99871072667329, -29.44794282330726], [-51.99871072667329, -29.447673328722026]]]}, "properties": {"cultura": "Outras Lavouras Temporárias"}}, {"type": "Feature", "geometry": {"type": "Polygon", "coordinates": [[[-51.99871072667329, -29.44740383413679], [-51.99924971584375, -29.448481812477734], [-51.99924971584375, -29.44686484496632], [-51.99871072667329, -29.44740383413679]]]}, "properties": {"cultura": "Outras Lavouras Temporárias"}}, {"type": "Feature", "geometry": {"type": "Polygon", "coordinates": [[[-51.99951921042899, -29.446595350381084], [-51.99951921042899, -29.44740383413679], [-52.00086668335517, -29.44686484496632], [-52.00086668335517, -29.446595350381084], [-51.99951921042899, -29.446595350381084]]]}, "properties": {"cultura": "Outras Lavouras Temporárias"}}, {"type": "Feature", "geometry": {"type": "Polygon", "coordinates": [[[-51.99628527540616, -29.44551737204014], [-51.9965547699914, -29.445247877454904], [-51.99628527540616, -29.445247877454904], [-51.99628527540616, -29.44551737204014]]]}, "properties": {"cultura": "Outras Lavouras Temporárias"}}, {"type": "Feature", "geometry": {"type": "Polygon", "coordinates": [[[-51.99628527540616, -29.444978382869667], [-51.996015780820926, -29.445247877454904], [-51.99628527540616, -29.445247877454904], [-51.99628527540616, -29.444978382869667]]]}, "properties": {"cultura": "Outras Lavouras Temporárias"}}, {"type": "Feature", "geometry": {"type": "Polygon", "coordinates": [[[-51.99898022125852, -29.444439393699195], [-51.99898022125852, -29.445247877454904], [-51.99951921042899, -29.445247877454904], [-51.999788705014225, -29.44470888828443], [-51.99898022125852, -29.444439393699195]]]}, "properties": {"cultura": "Outras Lavouras Temporárias"}}, {"type": "Feature", "geometry": {"type": "Polygon", "coordinates": [[[-51.996015780820926, -29.444978382869667], [-51.99628527540616, -29.443900404528726], [-51.995476791650454, -29.44363090994349], [-51.99466830789475, -29.44470888828443], [-51.996015780820926, -29.444978382869667]]]}, "properties": {"cultura": "Outras Lavouras Temporárias"}}, {"type": "Feature", "geometry": {"type": "Polygon", "coordinates": [[[-51.994129318724276, -29.442013942432073], [-51.99439881330951, -29.44228343701731], [-51.99439881330951, -29.442013942432073], [-51.994129318724276, -29.442013942432073]]]}, "properties": {"cultura": "Outras Lavouras Temporárias"}}, {"type": "Feature", "geometry": {"type": "Polygon", "coordinates": [[[-51.99520729706522, -29.441744447846837], [-51.99439881330951, -29.442013942432073], [-51.99520729706522, -29.442013942432073], [-51.99520729706522, -29.441744447846837]]]}, "properties": {"cultura": "Outras Lavouras Temporárias"}}, {"type": "Feature", "geometry": {"type": "Polygon", "coordinates": [[[-51.99520729706522, -29.4414749532616], [-51.99574628623569, -29.441744447846837], [-51.99574628623569, -29.4414749532616], [-51.99520729706522, -29.4414749532616]]]}, "properties": {"cultura": "Outras Lavouras Temporárias"}}, {"type": "Feature", "geometry": {"type": "Polygon", "coordinates": [[[-52.00248365086659, -29.440666469505896], [-52.00329213462229, -29.441205458676365], [-52.00329213462229, -29.440666469505896], [-52.00248365086659, -29.440666469505896]]]}, "properties": {"cultura": "Outras Lavouras Temporárias"}}, {"type": "Feature", "geometry": {"type": "Polygon", "coordinates": [[[-51.99709375916187, -29.43958849116495], [-51.99709375916187, -29.44039697492066], [-51.997902242917576, -29.44039697492066], [-51.997902242917576, -29.43958849116495], [-51.99709375916187, -29.43958849116495]]]}, "properties": {"cultura": "Outras Lavouras Temporárias"}}, {"type": "Feature", "geometry": {"type": "Polygon", "coordinates": [[[-51.995476791650454, -29.431503653607876], [-51.99574628623569, -29.43042567526693], [-51.99493780247998, -29.43042567526693], [-51.99493780247998, -29.43123415902264], [-51.995476791650454, -29.431503653607876]]]}, "properties": {"cultura": "Outras Lavouras Temporárias"}}, {"type": "Feature", "geometry": {"type": "Polygon", "coordinates": [[[-51.99493780247998, -29.42988668609646], [-51.99520729706522, -29.430156180681696], [-51.99520729706522, -29.42988668609646], [-51.99493780247998, -29.42988668609646]]]}, "properties": {"cultura": "Outras Lavouras Temporárias"}}, {"type": "Feature", "geometry": {"type": "Polygon", "coordinates": [[[-51.99493780247998, -29.429347696925987], [-51.99466830789475, -29.42988668609646], [-51.99493780247998, -29.42988668609646], [-51.99493780247998, -29.429347696925987]]]}, "properties": {"cultura": "Outras Lavouras Temporárias"}}, {"type": "Feature", "geometry": {"type": "Polygon", "coordinates": [[[-51.99493780247998, -29.429347696925987], [-51.99520729706522, -29.428269718585046], [-51.99493780247998, -29.428269718585046], [-51.99493780247998, -29.429347696925987]]]}, "properties": {"cultura": "Outras Lavouras Temporárias"}}, {"type": "Feature", "geometry": {"type": "Polygon", "coordinates": [[[-51.99574628623569, -29.418298418931318], [-51.99628527540616, -29.418567913516554], [-51.99628527540616, -29.418298418931318], [-51.99574628623569, -29.418298418931318]]]}, "properties": {"cultura": "Outras Lavouras Temporárias"}}, {"type": "Feature", "geometry": {"type": "Polygon", "coordinates": [[[-51.995476791650454, -29.418298418931318], [-51.99574628623569, -29.418298418931318], [-51.99574628623569, -29.41748993517561], [-51.995476791650454, -29.41748993517561], [-51.995476791650454, -29.418298418931318]]]}, "properties": {"cultura": "Outras Lavouras Temporárias"}}, {"type": "Feature", "geometry": {"type": "Polygon", "coordinates": [[[-51.99709375916187, -29.41560347307896], [-51.9973632537471, -29.417220440590373], [-51.9973632537471, -29.41560347307896], [-51.99709375916187, -29.41560347307896]]]}, "properties": {"cultura": "Outras Lavouras Temporárias"}}, {"type": "Feature", "geometry": {"type": "Polygon", "coordinates": [[[-51.99466830789475, -29.415333978493724], [-51.99520729706522, -29.416681451419905], [-51.995476791650454, -29.415872967664196], [-51.99709375916187, -29.415333978493724], [-51.99709375916187, -29.413986505567546], [-51.995476791650454, -29.41425600015278], [-51.99466830789475, -29.415333978493724]]]}, "properties": {"cultura": "Outras Lavouras Temporárias"}}, {"type": "Feature", "geometry": {"type": "Polygon", "coordinates": [[[-51.99466830789475, -29.414525494738015], [-51.99493780247998, -29.41425600015278], [-51.99466830789475, -29.41425600015278], [-51.99466830789475, -29.414525494738015]]]}, "properties": {"cultura": "Outras Lavouras Temporárias"}}, {"type": "Feature", "geometry": {"type": "Polygon", "coordinates": [[[-51.99385982413904, -29.413986505567546], [-51.994129318724276, -29.41425600015278], [-51.99466830789475, -29.413986505567546], [-51.99385982413904, -29.413986505567546]]]}, "properties": {"cultura": "Outras Lavouras Temporárias"}}, {"type": "Feature", "geometry": {"type": "Polygon", "coordinates": [[[-51.99924971584375, -29.4129085272266], [-51.999788705014225, -29.415064483908488], [-51.999788705014225, -29.4129085272266], [-51.99924971584375, -29.4129085272266]]]}, "properties": {"cultura": "Outras Lavouras Temporárias"}}, {"type": "Feature", "geometry": {"type": "Polygon", "coordinates": [[[-52.0003276941847, -29.413178021811838], [-52.00086668335517, -29.41425600015278], [-52.00086668335517, -29.413178021811838], [-52.0003276941847, -29.413178021811838]]]}, "properties": {"cultura": "Outras Lavouras Temporárias"}}, {"type": "Feature", "geometry": {"type": "Polygon", "coordinates": [[[-51.99682426457663, -29.41371701098231], [-51.9973632537471, -29.4129085272266], [-51.99709375916187, -29.41236953805613], [-51.99682426457663, -29.41236953805613], [-51.99682426457663, -29.41371701098231]]]}, "properties": {"cultura": "Outras Lavouras Temporárias"}}, {"type": "Feature", "geometry": {"type": "Polygon", "coordinates": [[[-51.99898022125852, -29.41156105430042], [-51.99844123208805, -29.411830548885657], [-51.99898022125852, -29.411830548885657], [-51.99898022125852, -29.41156105430042]]]}, "properties": {"cultura": "Outras Lavouras Temporárias"}}, {"type": "Feature", "geometry": {"type": "Polygon", "coordinates": [[[-51.9973632537471, -29.411022065129952], [-51.99709375916187, -29.411291559715185], [-51.9973632537471, -29.411291559715185], [-51.9973632537471, -29.411022065129952]]]}, "properties": {"cultura": "Outras Lavouras Temporárias"}}, {"type": "Feature", "geometry": {"type": "Polygon", "coordinates": [[[-51.99682426457663, -29.411022065129952], [-51.99628527540616, -29.411291559715185], [-51.99682426457663, -29.411291559715185], [-51.99682426457663, -29.411022065129952]]]}, "properties": {"cultura": "Outras Lavouras Temporárias"}}, {"type": "Feature", "geometry": {"type": "Polygon", "coordinates": [[[-52.00059718876994, -29.411830548885657], [-52.00113617794041, -29.411830548885657], [-52.00113617794041, -29.410213581374244], [-52.00059718876994, -29.410213581374244], [-52.00059718876994, -29.411830548885657]]]}, "properties": {"cultura": "Outras Lavouras Temporárias"}}, {"type": "Feature", "geometry": {"type": "Polygon", "coordinates": [[[-51.99682426457663, -29.410752570544716], [-51.99709375916187, -29.411022065129952], [-51.99709375916187, -29.410752570544716], [-51.99682426457663, -29.410752570544716]]]}, "properties": {"cultura": "Outras Lavouras Temporárias"}}, {"type": "Feature", "geometry": {"type": "Polygon", "coordinates": [[[-51.996015780820926, -29.410752570544716], [-51.99574628623569, -29.411022065129952], [-51.996015780820926, -29.411022065129952], [-51.996015780820926, -29.410752570544716]]]}, "properties": {"cultura": "Outras Lavouras Temporárias"}}, {"type": "Feature", "geometry": {"type": "Polygon", "coordinates": [[[-51.996015780820926, -29.410752570544716], [-51.99682426457663, -29.410752570544716], [-51.99682426457663, -29.41048307595948], [-51.996015780820926, -29.41048307595948], [-51.996015780820926, -29.410752570544716]]]}, "properties": {"cultura": "Outras Lavouras Temporárias"}}, {"type": "Feature", "geometry": {"type": "Polygon", "coordinates": [[[-51.999788705014225, -29.41236953805613], [-52.000058199599465, -29.411291559715185], [-51.99951921042899, -29.408596613862827], [-51.99924971584375, -29.408596613862827], [-51.99924971584375, -29.40832711927759], [-51.99871072667329, -29.40832711927759], [-51.99924971584375, -29.409944086789007], [-51.99898022125852, -29.412100043470893], [-51.999788705014225, -29.41236953805613]]]}, "properties": {"cultura": "Outras Lavouras Temporárias"}}, {"type": "Feature", "geometry": {"type": "Polygon", "coordinates": [[[-51.999788705014225, -29.40832711927759], [-51.99951921042899, -29.408596613862827], [-51.999788705014225, -29.408596613862827], [-51.999788705014225, -29.40832711927759]]]}, "properties": {"cultura": "Outras Lavouras Temporárias"}}, {"type": "Feature", "geometry": {"type": "Polygon", "coordinates": [[[-51.997902242917576, -29.40778813010712], [-51.99709375916187, -29.408057624692354], [-51.9973632537471, -29.408596613862827], [-51.99763274833234, -29.408596613862827], [-51.997902242917576, -29.40778813010712]]]}, "properties": {"cultura": "Outras Lavouras Temporárias"}}, {"type": "Feature", "geometry": {"type": "Polygon", "coordinates": [[[-51.99844123208805, -29.408057624692354], [-51.99871072667329, -29.40832711927759], [-51.99871072667329, -29.408057624692354], [-51.99844123208805, -29.408057624692354]]]}, "properties": {"cultura": "Outras Lavouras Temporárias"}}, {"type": "Feature", "geometry": {"type": "Polygon", "coordinates": [[[-51.993320834968564, -29.48782802192217], [-51.99305134038333, -29.48836701109264], [-51.993320834968564, -29.48836701109264], [-51.993320834968564, -29.48782802192217]]]}, "properties": {"cultura": "Outras Lavouras Temporárias"}}, {"type": "Feature", "geometry": {"type": "Polygon", "coordinates": [[[-51.993320834968564, -29.48782802192217], [-51.99385982413904, -29.487558527336933], [-51.993320834968564, -29.487558527336933], [-51.993320834968564, -29.48782802192217]]]}, "properties": {"cultura": "Outras Lavouras Temporárias"}}, {"type": "Feature", "geometry": {"type": "Polygon", "coordinates": [[[-51.98496650282625, -29.483516108558394], [-51.98523599741149, -29.48378560314363], [-51.98523599741149, -29.483516108558394], [-51.98496650282625, -29.483516108558394]]]}, "properties": {"cultura": "Outras Lavouras Temporárias"}}, {"type": "Feature", "geometry": {"type": "Polygon", "coordinates": [[[-51.98496650282625, -29.483516108558394], [-51.98496650282625, -29.48324661397316], [-51.98469700824102, -29.48324661397316], [-51.98469700824102, -29.483516108558394], [-51.98496650282625, -29.483516108558394]]]}, "properties": {"cultura": "Outras Lavouras Temporárias"}}, {"type": "Feature", "geometry": {"type": "Polygon", "coordinates": [[[-51.98712245950814, -29.48324661397316], [-51.98820043784909, -29.48136015187651], [-51.98658347033767, -29.48136015187651], [-51.98415801907055, -29.48270762480269], [-51.98712245950814, -29.48324661397316]]]}, "properties": {"cultura": "Outras Lavouras Temporárias"}}, {"type": "Feature", "geometry": {"type": "Polygon", "coordinates": [[[-51.987391954093376, -29.475970260171792], [-51.98793094326385, -29.476239754757028], [-51.98793094326385, -29.475970260171792], [-51.987391954093376, -29.475970260171792]]]}, "properties": {"cultura": "Outras Lavouras Temporárias"}}, {"type": "Feature", "geometry": {"type": "Polygon", "coordinates": [[[-51.98712245950814, -29.475970260171792], [-51.987391954093376, -29.475970260171792], [-51.987391954093376, -29.475700765586556], [-51.98712245950814, -29.475700765586556], [-51.98712245950814, -29.475970260171792]]]}, "properties": {"cultura": "Outras Lavouras Temporárias"}}, {"type": "Feature", "geometry": {"type": "Polygon", "coordinates": [[[-51.98793094326385, -29.475700765586556], [-51.98846993243432, -29.475970260171792], [-51.98846993243432, -29.475700765586556], [-51.98793094326385, -29.475700765586556]]]}, "properties": {"cultura": "Outras Lavouras Temporárias"}}, {"type": "Feature", "geometry": {"type": "Polygon", "coordinates": [[[-51.97957661112154, -29.474353292660375], [-51.98011560029201, -29.47462278724561], [-51.980924084047714, -29.474353292660375], [-51.97957661112154, -29.474353292660375]]]}, "properties": {"cultura": "Outras Lavouras Temporárias"}}, {"type": "Feature", "geometry": {"type": "Polygon", "coordinates": [[[-51.98685296492291, -29.47219733597849], [-51.98712245950814, -29.472466830563725], [-51.98712245950814, -29.47219733597849], [-51.98685296492291, -29.47219733597849]]]}, "properties": {"cultura": "Outras Lavouras Temporárias"}}, {"type": "Feature", "geometry": {"type": "Polygon", "coordinates": [[[-51.993320834968564, -29.471658346808017], [-51.993590329553804, -29.47219733597849], [-51.993590329553804, -29.471658346808017], [-51.993320834968564, -29.471658346808017]]]}, "properties": {"cultura": "Outras Lavouras Temporárias"}}, {"type": "Feature", "geometry": {"type": "Polygon", "coordinates": [[[-51.97769014902489, -29.471658346808017], [-51.977151159854415, -29.47219733597849], [-51.97769014902489, -29.47219733597849], [-51.97769014902489, -29.471658346808017]]]}, "properties": {"cultura": "Outras Lavouras Temporárias"}}, {"type": "Feature", "geometry": {"type": "Polygon", "coordinates": [[[-51.97769014902489, -29.47138885222278], [-51.97822913819536, -29.471658346808017], [-51.97822913819536, -29.47138885222278], [-51.97769014902489, -29.47138885222278]]]}, "properties": {"cultura": "Outras Lavouras Temporárias"}}, {"type": "Feature", "geometry": {"type": "Polygon", "coordinates": [[[-51.98685296492291, -29.471119357637548], [-51.98712245950814, -29.471658346808017], [-51.98712245950814, -29.471119357637548], [-51.98685296492291, -29.471119357637548]]]}, "properties": {"cultura": "Outras Lavouras Temporárias"}}, {"type": "Feature", "geometry": {"type": "Polygon", "coordinates": [[[-51.98200206238866, -29.47084986305231], [-51.98254105155913, -29.47138885222278], [-51.983619029900076, -29.469771884711367], [-51.98415801907055, -29.469771884711367], [-51.98523599741149, -29.47354480890467], [-51.985505491996726, -29.472466830563725], [-51.98685296492291, -29.47219733597849], [-51.985774986581966, -29.470041379296603], [-51.98631397575244, -29.469232895540895], [-51.98200206238866, -29.468693906370422], [-51.98254105155913, -29.469771884711367], [-51.98200206238866, -29.47084986305231]]]}, "properties": {"cultura": "Outras Lavouras Temporárias"}}, {"type": "Feature", "geometry": {"type": "Polygon", "coordinates": [[[-51.99305134038333, -29.470580368467076], [-51.993590329553804, -29.47084986305231], [-51.993590329553804, -29.470580368467076], [-51.99305134038333, -29.470580368467076]]]}, "properties": {"cultura": "Outras Lavouras Temporárias"}}, {"type": "Feature", "geometry": {"type": "Polygon", "coordinates": [[[-51.98712245950814, -29.470041379296603], [-51.987391954093376, -29.47084986305231], [-51.987391954093376, -29.470041379296603], [-51.98712245950814, -29.470041379296603]]]}, "properties": {"cultura": "Outras Lavouras Temporárias"}}, {"type": "Feature", "geometry": {"type": "Polygon", "coordinates": [[[-51.983888524485316, -29.470041379296603], [-51.983619029900076, -29.47031087388184], [-51.983888524485316, -29.47031087388184], [-51.983888524485316, -29.470041379296603]]]}, "properties": {"cultura": "Outras Lavouras Temporárias"}}, {"type": "Feature", "geometry": {"type": "Polygon", "coordinates": [[[-51.98712245950814, -29.470041379296603], [-51.98712245950814, -29.469771884711367], [-51.98685296492291, -29.469771884711367], [-51.98685296492291, -29.470041379296603], [-51.98712245950814, -29.470041379296603]]]}, "properties": {"cultura": "Outras Lavouras Temporárias"}}, {"type": "Feature", "geometry": {"type": "Polygon", "coordinates": [[[-51.98685296492291, -29.46950239012613], [-51.98658347033767, -29.469771884711367], [-51.98685296492291, -29.469771884711367], [-51.98685296492291, -29.46950239012613]]]}, "properties": {"cultura": "Outras Lavouras Temporárias"}}, {"type": "Feature", "geometry": {"type": "Polygon", "coordinates": [[[-51.99197336204239, -29.46896340095566], [-51.99251235121286, -29.470580368467076], [-51.99305134038333, -29.470580368467076], [-51.99251235121286, -29.469771884711367], [-51.993320834968564, -29.469771884711367], [-51.99305134038333, -29.468154917199954], [-51.99197336204239, -29.46896340095566]]]}, "properties": {"cultura": "Outras Lavouras Temporárias"}}, {"type": "Feature", "geometry": {"type": "Polygon", "coordinates": [[[-51.95127967967177, -29.46761592802948], [-51.952357658012716, -29.466537949688536], [-51.950740690501306, -29.46707693885901], [-51.95127967967177, -29.46761592802948]]]}, "properties": {"cultura": "Outras Lavouras Temporárias"}}, {"type": "Feature", "geometry": {"type": "Polygon", "coordinates": [[[-51.94993220674559, -29.46519047676236], [-51.95154917425701, -29.464920982177123], [-51.95181866884224, -29.464112498421414], [-51.95020170133083, -29.464112498421414], [-51.94993220674559, -29.46519047676236]]]}, "properties": {"cultura": "Outras Lavouras Temporárias"}}, {"type": "Feature", "geometry": {"type": "Polygon", "coordinates": [[[-51.95289664718319, -29.46303452008047], [-51.95316614176843, -29.46384300383618], [-51.95397462552413, -29.46384300383618], [-51.9537051309389, -29.46303452008047], [-51.95289664718319, -29.46303452008047]]]}, "properties": {"cultura": "Outras Lavouras Temporárias"}}, {"type": "Feature", "geometry": {"type": "Polygon", "coordinates": [[[-51.94454231504088, -29.443361415358254], [-51.94292534752946, -29.44363090994349], [-51.94454231504088, -29.44363090994349], [-51.94454231504088, -29.443361415358254]]]}, "properties": {"cultura": "Outras Lavouras Temporárias"}}, {"type": "Feature", "geometry": {"type": "Polygon", "coordinates": [[[-51.980924084047714, -29.442013942432073], [-51.981193578632954, -29.44228343701731], [-51.981193578632954, -29.442013942432073], [-51.980924084047714, -29.442013942432073]]]}, "properties": {"cultura": "Outras Lavouras Temporárias"}}, {"type": "Feature", "geometry": {"type": "Polygon", "coordinates": [[[-51.98065458946248, -29.442013942432073], [-51.980924084047714, -29.442013942432073], [-51.980924084047714, -29.441744447846837], [-51.98065458946248, -29.441744447846837], [-51.98065458946248, -29.442013942432073]]]}, "properties": {"cultura": "Outras Lavouras Temporárias"}}, {"type": "Feature", "geometry": {"type": "Polygon", "coordinates": [[[-51.94292534752946, -29.441205458676365], [-51.94454231504088, -29.4414749532616], [-51.94454231504088, -29.441205458676365], [-51.94292534752946, -29.441205458676365]]]}, "properties": {"cultura": "Outras Lavouras Temporárias"}}, {"type": "Feature", "geometry": {"type": "Polygon", "coordinates": [[[-51.9822715569739, -29.439857985750187], [-51.98173256780343, -29.440935964091132], [-51.9822715569739, -29.440935964091132], [-51.9822715569739, -29.439857985750187]]]}, "properties": {"cultura": "Outras Lavouras Temporárias"}}, {"type": "Feature", "geometry": {"type": "Polygon", "coordinates": [[[-51.94535079879658, -29.440127480335423], [-51.944003325870405, -29.440127480335423], [-51.94373383128517, -29.439857985750187], [-51.944003325870405, -29.440935964091132], [-51.94535079879658, -29.440127480335423]]]}, "properties": {"cultura": "Outras Lavouras Temporárias"}}, {"type": "Feature", "geometry": {"type": "Polygon", "coordinates": [[[-51.945889787967054, -29.440127480335423], [-51.94535079879658, -29.439318996579715], [-51.94535079879658, -29.440127480335423], [-51.945889787967054, -29.440127480335423]]]}, "properties": {"cultura": "Outras Lavouras Temporárias"}}, {"type": "Feature", "geometry": {"type": "Polygon", "coordinates": [[[-51.98173256780343, -29.442013942432073], [-51.9822715569739, -29.4414749532616], [-51.98173256780343, -29.4414749532616], [-51.981193578632954, -29.44039697492066], [-51.980924084047714, -29.43716303989783], [-51.98065458946248, -29.440127480335423], [-51.98173256780343, -29.442013942432073]]]}, "properties": {"cultura": "Outras Lavouras Temporárias"}}, {"type": "Feature", "geometry": {"type": "Polygon", "coordinates": [[[-51.946159282552294, -29.43958849116495], [-51.946967766308, -29.43958849116495], [-51.94723726089324, -29.439857985750187], [-51.946967766308, -29.43904950199448], [-51.946159282552294, -29.43958849116495]]]}, "properties": {"cultura": "Outras Lavouras Temporárias"}}, {"type": "Feature", "geometry": {"type": "Polygon", "coordinates": [[[-51.98469700824102, -29.436893545312593], [-51.98200206238866, -29.43824101823877], [-51.983619029900076, -29.43824101823877], [-51.983888524485316, -29.441205458676365], [-51.98469700824102, -29.441205458676365], [-51.98523599741149, -29.439857985750187], [-51.98469700824102, -29.436893545312593]]]}, "properties": {"cultura": "Outras Lavouras Temporárias"}}, {"type": "Feature", "geometry": {"type": "Polygon", "coordinates": [[[-51.98173256780343, -29.437971523653538], [-51.98146307321819, -29.439318996579715], [-51.98173256780343, -29.439318996579715], [-51.98173256780343, -29.437971523653538]]]}, "properties": {"cultura": "Outras Lavouras Temporárias"}}, {"type": "Feature", "geometry": {"type": "Polygon", "coordinates": [[[-51.983080040729604, -29.438510512824006], [-51.983349535314844, -29.438780007409243], [-51.983349535314844, -29.438510512824006], [-51.983080040729604, -29.438510512824006]]]}, "properties": {"cultura": "Outras Lavouras Temporárias"}}, {"type": "Feature", "geometry": {"type": "Polygon", "coordinates": [[[-51.94481180962611, -29.43824101823877], [-51.944003325870405, -29.43904950199448], [-51.94481180962611, -29.43904950199448], [-51.94481180962611, -29.43824101823877]]]}, "properties": {"cultura": "Outras Lavouras Temporárias"}}, {"type": "Feature", "geometry": {"type": "Polygon", "coordinates": [[[-51.94777625006371, -29.437971523653538], [-51.94831523923418, -29.439318996579715], [-51.948045744648944, -29.43716303989783], [-51.946967766308, -29.4377020290683], [-51.94777625006371, -29.437971523653538]]]}, "properties": {"cultura": "Outras Lavouras Temporárias"}}, {"type": "Feature", "geometry": {"type": "Polygon", "coordinates": [[[-51.98200206238866, -29.437432534483065], [-51.98254105155913, -29.4377020290683], [-51.98254105155913, -29.437432534483065], [-51.98200206238866, -29.437432534483065]]]}, "properties": {"cultura": "Outras Lavouras Temporárias"}}, {"type": "Feature", "geometry": {"type": "Polygon", "coordinates": [[[-51.981193578632954, -29.436893545312593], [-51.98146307321819, -29.43716303989783], [-51.98146307321819, -29.436893545312593], [-51.981193578632954, -29.436893545312593]]]}, "properties": {"cultura": "Outras Lavouras Temporárias"}}, {"type": "Feature", "geometry": {"type": "Polygon", "coordinates": [[[-51.94723726089324, -29.436624050727357], [-51.94750675547847, -29.435546072386412], [-51.946967766308, -29.435546072386412], [-51.946967766308, -29.436085061556884], [-51.94723726089324, -29.436624050727357]]]}, "properties": {"cultura": "Outras Lavouras Temporárias"}}, {"type": "Feature", "geometry": {"type": "Polygon", "coordinates": [[[-51.94373383128517, -29.435276577801176], [-51.944003325870405, -29.435815566971648], [-51.944003325870405, -29.435276577801176], [-51.94373383128517, -29.435276577801176]]]}, "properties": {"cultura": "Outras Lavouras Temporárias"}}, {"type": "Feature", "geometry": {"type": "Polygon", "coordinates": [[[-51.94508130421135, -29.435546072386412], [-51.94642877713753, -29.435815566971648], [-51.94777625006371, -29.43446809404547], [-51.94562029338182, -29.433390115704526], [-51.945889787967054, -29.43446809404547], [-51.94508130421135, -29.43446809404547], [-51.94508130421135, -29.435546072386412]]]}, "properties": {"cultura": "Outras Lavouras Temporárias"}}, {"type": "Feature", "geometry": {"type": "Polygon", "coordinates": [[[-51.97957661112154, -29.43231213736358], [-51.97984610570678, -29.435007083215943], [-51.98065458946248, -29.435007083215943], [-51.98065458946248, -29.433390115704526], [-51.97957661112154, -29.43231213736358]]]}, "properties": {"cultura": "Outras Lavouras Temporárias"}}, {"type": "Feature", "geometry": {"type": "Polygon", "coordinates": [[[-51.98523599741149, -29.432581631948818], [-51.985774986581966, -29.433659610289762], [-51.985774986581966, -29.432581631948818], [-51.98523599741149, -29.432581631948818]]]}, "properties": {"cultura": "Outras Lavouras Temporárias"}}, {"type": "Feature", "geometry": {"type": "Polygon", "coordinates": [[[-51.94966271216036, -29.431773148193113], [-51.94993220674559, -29.433390115704526], [-51.94993220674559, -29.431773148193113], [-51.94966271216036, -29.431773148193113]]]}, "properties": {"cultura": "Outras Lavouras Temporárias"}}, {"type": "Feature", "geometry": {"type": "Polygon", "coordinates": [[[-51.97607318151347, -29.430964664437404], [-51.97607318151347, -29.43231213736358], [-51.97661217068394, -29.43231213736358], [-51.97688166526918, -29.43123415902264], [-51.97607318151347, -29.430964664437404]]]}, "properties": {"cultura": "Outras Lavouras Temporárias"}}, {"type": "Feature", "geometry": {"type": "Polygon", "coordinates": [[[-51.945889787967054, -29.430964664437404], [-51.94535079879658, -29.431503653607876], [-51.94669827172277, -29.433390115704526], [-51.94750675547847, -29.432581631948818], [-51.94750675547847, -29.429617191511223], [-51.946159282552294, -29.42988668609646], [-51.94642877713753, -29.431503653607876], [-51.945889787967054, -29.430964664437404]]]}, "properties": {"cultura": "Outras Lavouras Temporárias"}}, {"type": "Feature", "geometry": {"type": "Polygon", "coordinates": [[[-51.94966271216036, -29.43123415902264], [-51.94939321757512, -29.431773148193113], [-51.94966271216036, -29.431773148193113], [-51.94966271216036, -29.43123415902264]]]}, "properties": {"cultura": "Outras Lavouras Temporárias"}}, {"type": "Feature", "geometry": {"type": "Polygon", "coordinates": [[[-51.985505491996726, -29.43123415902264], [-51.98442751365578, -29.430964664437404], [-51.98442751365578, -29.431503653607876], [-51.985505491996726, -29.43123415902264]]]}, "properties": {"cultura": "Outras Lavouras Temporárias"}}, {"type": "Feature", "geometry": {"type": "Polygon", "coordinates": [[[-51.96987480605305, -29.43123415902264], [-51.970683289808754, -29.430695169852168], [-51.970683289808754, -29.42988668609646], [-51.97041379522352, -29.43042567526693], [-51.96933581688258, -29.42988668609646], [-51.96987480605305, -29.43123415902264]]]}, "properties": {"cultura": "Outras Lavouras Temporárias"}}, {"type": "Feature", "geometry": {"type": "Polygon", "coordinates": [[[-51.977151159854415, -29.429347696925987], [-51.977151159854415, -29.430156180681696], [-51.97769014902489, -29.430695169852168], [-51.97769014902489, -29.42988668609646], [-51.977151159854415, -29.429347696925987]]]}, "properties": {"cultura": "Outras Lavouras Temporárias"}}, {"type": "Feature", "geometry": {"type": "Polygon", "coordinates": [[[-51.96906632229734, -29.429617191511223], [-51.96933581688258, -29.42988668609646], [-51.96933581688258, -29.429617191511223], [-51.96906632229734, -29.429617191511223]]]}, "properties": {"cultura": "Outras Lavouras Temporárias"}}, {"type": "Feature", "geometry": {"type": "Polygon", "coordinates": [[[-51.96960531146781, -29.429347696925987], [-51.97041379522352, -29.42988668609646], [-51.97041379522352, -29.429347696925987], [-51.96960531146781, -29.429347696925987]]]}, "properties": {"cultura": "Outras Lavouras Temporárias"}}, {"type": "Feature", "geometry": {"type": "Polygon", "coordinates": [[[-51.95586108762078, -29.429078202340754], [-51.95532209845031, -29.429347696925987], [-51.95586108762078, -29.429347696925987], [-51.95586108762078, -29.429078202340754]]]}, "properties": {"cultura": "Outras Lavouras Temporárias"}}, {"type": "Feature", "geometry": {"type": "Polygon", "coordinates": [[[-51.983349535314844, -29.429617191511223], [-51.98496650282625, -29.430695169852168], [-51.98469700824102, -29.429347696925987], [-51.983619029900076, -29.427461234829337], [-51.983349535314844, -29.429617191511223]]]}, "properties": {"cultura": "Outras Lavouras Temporárias"}}, {"type": "Feature", "geometry": {"type": "Polygon", "coordinates": [[[-51.95586108762078, -29.42880870775552], [-51.95613058220602, -29.429078202340754], [-51.95613058220602, -29.42880870775552], [-51.95586108762078, -29.42880870775552]]]}, "properties": {"cultura": "Outras Lavouras Temporárias"}}, {"type": "Feature", "geometry": {"type": "Polygon", "coordinates": [[[-51.97984610570678, -29.42800022399981], [-51.979037621951065, -29.429078202340754], [-51.97984610570678, -29.429347696925987], [-51.97984610570678, -29.42800022399981]]]}, "properties": {"cultura": "Outras Lavouras Temporárias"}}, {"type": "Feature", "geometry": {"type": "Polygon", "coordinates": [[[-51.95532209845031, -29.428269718585046], [-51.954513614694605, -29.428269718585046], [-51.95505260386508, -29.427461234829337], [-51.954513614694605, -29.42611376190316], [-51.95343563635366, -29.42611376190316], [-51.95397462552413, -29.430695169852168], [-51.95613058220602, -29.43042567526693], [-51.95613058220602, -29.429347696925987], [-51.95478310927984, -29.429617191511223], [-51.95532209845031, -29.428269718585046]], [[-51.95532209845031, -29.42988668609646], [-51.95586108762078, -29.430156180681696], [-51.95532209845031, -29.430156180681696], [-51.95532209845031, -29.42988668609646]]]}, "properties": {"cultura": "Outras Lavouras Temporárias"}}, {"type": "Feature", "geometry": {"type": "Polygon", "coordinates": [[[-51.97607318151347, -29.426922245658865], [-51.97688166526918, -29.42611376190316], [-51.97607318151347, -29.42611376190316], [-51.97607318151347, -29.426922245658865]]]}, "properties": {"cultura": "Outras Lavouras Temporárias"}}, {"type": "Feature", "geometry": {"type": "Polygon", "coordinates": [[[-51.97607318151347, -29.425844267317924], [-51.97580368692824, -29.42611376190316], [-51.97607318151347, -29.42611376190316], [-51.97607318151347, -29.425844267317924]]]}, "properties": {"cultura": "Outras Lavouras Temporárias"}}, {"type": "Feature", "geometry": {"type": "Polygon", "coordinates": [[[-51.98820043784909, -29.425035783562215], [-51.98873942701956, -29.425574772732688], [-51.98873942701956, -29.425035783562215], [-51.98820043784909, -29.425035783562215]]]}, "properties": {"cultura": "Outras Lavouras Temporárias"}}, {"type": "Feature", "geometry": {"type": "Polygon", "coordinates": [[[-51.98873942701956, -29.424227299806507], [-51.98900892160479, -29.424496794391743], [-51.98900892160479, -29.424227299806507], [-51.98873942701956, -29.424227299806507]]]}, "properties": {"cultura": "Outras Lavouras Temporárias"}}, {"type": "Feature", "geometry": {"type": "Polygon", "coordinates": [[[-51.98820043784909, -29.425035783562215], [-51.98793094326385, -29.424496794391743], [-51.98846993243432, -29.424496794391743], [-51.98846993243432, -29.424227299806507], [-51.98873942701956, -29.424227299806507], [-51.98873942701956, -29.42395780522127], [-51.98685296492291, -29.423688310636035], [-51.98712245950814, -29.42476628897698], [-51.987661448678615, -29.425035783562215], [-51.98820043784909, -29.425035783562215]], [[-51.98793094326385, -29.42395780522127], [-51.987661448678615, -29.424227299806507], [-51.987661448678615, -29.42395780522127], [-51.98793094326385, -29.42395780522127]]]}, "properties": {"cultura": "Outras Lavouras Temporárias"}}, {"type": "Feature", "geometry": {"type": "Polygon", "coordinates": [[[-51.96448491434833, -29.423688310636035], [-51.96529339810404, -29.42530527814745], [-51.96556289268928, -29.422610332295093], [-51.965023903518805, -29.42395780522127], [-51.96448491434833, -29.423688310636035]]]}, "properties": {"cultura": "Outras Lavouras Temporárias"}}, {"type": "Feature", "geometry": {"type": "Polygon", "coordinates": [[[-51.96825783854163, -29.4234188160508], [-51.968796827712104, -29.424496794391743], [-51.968796827712104, -29.4234188160508], [-51.96825783854163, -29.4234188160508]]]}, "properties": {"cultura": "Outras Lavouras Temporárias"}}, {"type": "Feature", "geometry": {"type": "Polygon", "coordinates": [[[-51.96313744142215, -29.42287982688033], [-51.96205946308121, -29.422610332295093], [-51.96205946308121, -29.4234188160508], [-51.96313744142215, -29.42287982688033]]]}, "properties": {"cultura": "Outras Lavouras Temporárias"}}, {"type": "Feature", "geometry": {"type": "Polygon", "coordinates": [[[-51.965023903518805, -29.422610332295093], [-51.96529339810404, -29.42207134312462], [-51.965023903518805, -29.42207134312462], [-51.965023903518805, -29.422610332295093]]]}, "properties": {"cultura": "Outras Lavouras Temporárias"}}, {"type": "Feature", "geometry": {"type": "Polygon", "coordinates": [[[-51.965023903518805, -29.421801848539385], [-51.964754408933565, -29.42207134312462], [-51.965023903518805, -29.42207134312462], [-51.965023903518805, -29.421801848539385]]]}, "properties": {"cultura": "Outras Lavouras Temporárias"}}, {"type": "Feature", "geometry": {"type": "Polygon", "coordinates": [[[-51.99197336204239, -29.420184881027968], [-51.991703867457154, -29.41883740810179], [-51.99089538370144, -29.419106902687027], [-51.99116487828668, -29.420184881027968], [-51.99197336204239, -29.420184881027968]]]}, "properties": {"cultura": "Outras Lavouras Temporárias"}}, {"type": "Feature", "geometry": {"type": "Polygon", "coordinates": [[[-51.98685296492291, -29.4196458918575], [-51.987391954093376, -29.41883740810179], [-51.98685296492291, -29.418298418931318], [-51.98685296492291, -29.4196458918575]]]}, "properties": {"cultura": "Outras Lavouras Temporárias"}}, {"type": "Feature", "geometry": {"type": "Polygon", "coordinates": [[[-51.98685296492291, -29.417759429760846], [-51.98658347033767, -29.418298418931318], [-51.98685296492291, -29.418298418931318], [-51.98685296492291, -29.417759429760846]]]}, "properties": {"cultura": "Outras Lavouras Temporárias"}}, {"type": "Feature", "geometry": {"type": "Polygon", "coordinates": [[[-51.99251235121286, -29.414525494738015], [-51.991703867457154, -29.41479498932325], [-51.991703867457154, -29.41560347307896], [-51.9927818457981, -29.415333978493724], [-51.99251235121286, -29.414525494738015]]]}, "properties": {"cultura": "Outras Lavouras Temporárias"}}, {"type": "Feature", "geometry": {"type": "Polygon", "coordinates": [[[-51.9860444811672, -29.41425600015278], [-51.98523599741149, -29.414525494738015], [-51.98523599741149, -29.41560347307896], [-51.9860444811672, -29.41560347307896], [-51.9860444811672, -29.41425600015278]]]}, "properties": {"cultura": "Outras Lavouras Temporárias"}}, {"type": "Feature", "geometry": {"type": "Polygon", "coordinates": [[[-51.98442751365578, -29.41479498932325], [-51.98523599741149, -29.413986505567546], [-51.98415801907055, -29.41425600015278], [-51.98442751365578, -29.41479498932325]]]}, "properties": {"cultura": "Outras Lavouras Temporárias"}}, {"type": "Feature", "geometry": {"type": "Polygon", "coordinates": [[[-51.99305134038333, -29.413986505567546], [-51.993320834968564, -29.414525494738015], [-51.993320834968564, -29.413986505567546], [-51.99305134038333, -29.413986505567546]]]}, "properties": {"cultura": "Outras Lavouras Temporárias"}}, {"type": "Feature", "geometry": {"type": "Polygon", "coordinates": [[[-51.9860444811672, -29.413986505567546], [-51.98631397575244, -29.41425600015278], [-51.98631397575244, -29.413986505567546], [-51.9860444811672, -29.413986505567546]]]}, "properties": {"cultura": "Outras Lavouras Temporárias"}}, {"type": "Feature", "geometry": {"type": "Polygon", "coordinates": [[[-51.98523599741149, -29.41371701098231], [-51.985505491996726, -29.413986505567546], [-51.985505491996726, -29.41371701098231], [-51.98523599741149, -29.41371701098231]]]}, "properties": {"cultura": "Outras Lavouras Temporárias"}}, {"type": "Feature", "geometry": {"type": "Polygon", "coordinates": [[[-51.98496650282625, -29.41371701098231], [-51.98523599741149, -29.41371701098231], [-51.98523599741149, -29.413447516397074], [-51.98496650282625, -29.413447516397074], [-51.98496650282625, -29.41371701098231]]]}, "properties": {"cultura": "Outras Lavouras Temporárias"}}, {"type": "Feature", "geometry": {"type": "Polygon", "coordinates": [[[-51.993320834968564, -29.412639032641366], [-51.993590329553804, -29.4129085272266], [-51.993590329553804, -29.412639032641366], [-51.993320834968564, -29.412639032641366]]]}, "properties": {"cultura": "Outras Lavouras Temporárias"}}, {"type": "Feature", "geometry": {"type": "Polygon", "coordinates": [[[-51.993320834968564, -29.413447516397074], [-51.99305134038333, -29.412639032641366], [-51.993320834968564, -29.412639032641366], [-51.993320834968564, -29.41236953805613], [-51.993590329553804, -29.41236953805613], [-51.993590329553804, -29.41156105430042], [-51.9927818457981, -29.412100043470893], [-51.9927818457981, -29.413986505567546], [-51.99305134038333, -29.413986505567546], [-51.993320834968564, -29.413447516397074]]]}, "properties": {"cultura": "Outras Lavouras Temporárias"}}, {"type": "Feature", "geometry": {"type": "Polygon", "coordinates": [[[-51.923521737392484, -29.452524231256273], [-51.92190476988107, -29.45279372584151], [-51.923521737392484, -29.45279372584151], [-51.923521737392484, -29.452524231256273]]]}, "properties": {"cultura": "Outras Lavouras Temporárias"}}, {"type": "Feature", "geometry": {"type": "Polygon", "coordinates": [[[-51.92433022114819, -29.452254736671037], [-51.92459971573342, -29.4519852420858], [-51.92433022114819, -29.4519852420858], [-51.92433022114819, -29.452254736671037]]]}, "properties": {"cultura": "Outras Lavouras Temporárias"}}, {"type": "Feature", "geometry": {"type": "Polygon", "coordinates": [[[-51.92406072656295, -29.452254736671037], [-51.92379123197772, -29.451715747500565], [-51.923521737392484, -29.452524231256273], [-51.92433022114819, -29.452524231256273], [-51.92406072656295, -29.452254736671037]]]}, "properties": {"cultura": "Outras Lavouras Temporárias"}}, {"type": "Feature", "geometry": {"type": "Polygon", "coordinates": [[[-51.92298274822201, -29.451176758330092], [-51.92163527529583, -29.450368274574384], [-51.92190476988107, -29.45144625291533], [-51.92298274822201, -29.451176758330092]]]}, "properties": {"cultura": "Outras Lavouras Temporárias"}}, {"type": "Feature", "geometry": {"type": "Polygon", "coordinates": [[[-51.923252242807244, -29.45063776915962], [-51.92298274822201, -29.450907263744856], [-51.923252242807244, -29.450907263744856], [-51.923252242807244, -29.45063776915962]]]}, "properties": {"cultura": "Outras Lavouras Temporárias"}}, {"type": "Feature", "geometry": {"type": "Polygon", "coordinates": [[[-51.92190476988107, -29.44955979081868], [-51.9221742644663, -29.449829285403915], [-51.9221742644663, -29.44955979081868], [-51.92190476988107, -29.44955979081868]]]}, "properties": {"cultura": "Outras Lavouras Temporárias"}}, {"type": "Feature", "geometry": {"type": "Polygon", "coordinates": [[[-51.92244375905154, -29.45009877998915], [-51.92486921031866, -29.450907263744856], [-51.92459971573342, -29.45009877998915], [-51.92648617783008, -29.450368274574384], [-51.92729466158578, -29.44955979081868], [-51.92486921031866, -29.448481812477734], [-51.92244375905154, -29.45009877998915]]]}, "properties": {"cultura": "Outras Lavouras Temporárias"}}, {"type": "Feature", "geometry": {"type": "Polygon", "coordinates": [[[-51.9221742644663, -29.449020801648206], [-51.92163527529583, -29.44875130706297], [-51.92163527529583, -29.44955979081868], [-51.92190476988107, -29.44955979081868], [-51.9221742644663, -29.449020801648206]]]}, "properties": {"cultura": "Outras Lavouras Temporárias"}}, {"type": "Feature", "geometry": {"type": "Polygon", "coordinates": [[[-51.925677694074366, -29.448481812477734], [-51.925947188659606, -29.448212317892498], [-51.925677694074366, -29.448212317892498], [-51.925677694074366, -29.448481812477734]]]}, "properties": {"cultura": "Outras Lavouras Temporárias"}}, {"type": "Feature", "geometry": {"type": "Polygon", "coordinates": [[[-51.925677694074366, -29.44794282330726], [-51.925408199489134, -29.448212317892498], [-51.925677694074366, -29.448212317892498], [-51.925677694074366, -29.44794282330726]]]}, "properties": {"cultura": "Outras Lavouras Temporárias"}}, {"type": "Feature", "geometry": {"type": "Polygon", "coordinates": [[[-51.92486921031866, -29.44686484496632], [-51.92433022114819, -29.447134339551557], [-51.92486921031866, -29.447134339551557], [-51.92486921031866, -29.44686484496632]]]}, "properties": {"cultura": "Outras Lavouras Temporárias"}}, {"type": "Feature", "geometry": {"type": "Polygon", "coordinates": [[[-51.92837263992673, -29.446595350381084], [-51.92864213451196, -29.44740383413679], [-51.92945061826767, -29.44740383413679], [-51.92918112368243, -29.446595350381084], [-51.92837263992673, -29.446595350381084]]]}, "properties": {"cultura": "Outras Lavouras Temporárias"}}, {"type": "Feature", "geometry": {"type": "Polygon", "coordinates": [[[-51.933762531631444, -29.446595350381084], [-51.93295404787573, -29.44686484496632], [-51.933762531631444, -29.44686484496632], [-51.933762531631444, -29.446595350381084]]]}, "properties": {"cultura": "Outras Lavouras Temporárias"}}, {"type": "Feature", "geometry": {"type": "Polygon", "coordinates": [[[-51.931606574949555, -29.447134339551557], [-51.92998960743814, -29.446595350381084], [-51.92918112368243, -29.44632585579585], [-51.93052859660861, -29.447134339551557], [-51.931606574949555, -29.447134339551557]]]}, "properties": {"cultura": "Outras Lavouras Temporárias"}}, {"type": "Feature", "geometry": {"type": "Polygon", "coordinates": [[[-51.923521737392484, -29.446595350381084], [-51.92433022114819, -29.44686484496632], [-51.92433022114819, -29.446595350381084], [-51.923521737392484, -29.446595350381084]]]}, "properties": {"cultura": "Outras Lavouras Temporárias"}}, {"type": "Feature", "geometry": {"type": "Polygon", "coordinates": [[[-51.92244375905154, -29.44632585579585], [-51.923252242807244, -29.446595350381084], [-51.923252242807244, -29.44632585579585], [-51.92244375905154, -29.44632585579585]]]}, "properties": {"cultura": "Outras Lavouras Temporárias"}}, {"type": "Feature", "geometry": {"type": "Polygon", "coordinates": [[[-51.933762531631444, -29.446595350381084], [-51.93403202621668, -29.44632585579585], [-51.933762531631444, -29.446056361210612], [-51.933762531631444, -29.446595350381084]]]}, "properties": {"cultura": "Outras Lavouras Temporárias"}}, {"type": "Feature", "geometry": {"type": "Polygon", "coordinates": [[[-51.9221742644663, -29.44632585579585], [-51.92244375905154, -29.44632585579585], [-51.92244375905154, -29.445786866625376], [-51.9221742644663, -29.445786866625376], [-51.9221742644663, -29.44632585579585]]]}, "properties": {"cultura": "Outras Lavouras Temporárias"}}, {"type": "Feature", "geometry": {"type": "Polygon", "coordinates": [[[-51.9221742644663, -29.44551737204014], [-51.92190476988107, -29.445786866625376], [-51.9221742644663, -29.445786866625376], [-51.9221742644663, -29.44551737204014]]]}, "properties": {"cultura": "Outras Lavouras Temporárias"}}, {"type": "Feature", "geometry": {"type": "Polygon", "coordinates": [[[-51.92837263992673, -29.44551737204014], [-51.927564156171016, -29.444978382869667], [-51.92621668324484, -29.44470888828443], [-51.92675567241531, -29.44632585579585], [-51.92837263992673, -29.44551737204014]]]}, "properties": {"cultura": "Outras Lavouras Temporárias"}}, {"type": "Feature", "geometry": {"type": "Polygon", "coordinates": [[[-51.93403202621668, -29.445247877454904], [-51.93430152080192, -29.445786866625376], [-51.93430152080192, -29.445247877454904], [-51.93403202621668, -29.445247877454904]]]}, "properties": {"cultura": "Outras Lavouras Temporárias"}}, {"type": "Feature", "geometry": {"type": "Polygon", "coordinates": [[[-51.92998960743814, -29.445247877454904], [-51.929720112852905, -29.44551737204014], [-51.92998960743814, -29.44551737204014], [-51.92998960743814, -29.445247877454904]]]}, "properties": {"cultura": "Outras Lavouras Temporárias"}}, {"type": "Feature", "geometry": {"type": "Polygon", "coordinates": [[[-51.93025910202338, -29.44551737204014], [-51.93106758577908, -29.445247877454904], [-51.93025910202338, -29.445247877454904], [-51.93025910202338, -29.44551737204014]]]}, "properties": {"cultura": "Outras Lavouras Temporárias"}}, {"type": "Feature", "geometry": {"type": "Polygon", "coordinates": [[[-51.93025910202338, -29.444978382869667], [-51.92998960743814, -29.445247877454904], [-51.93025910202338, -29.445247877454904], [-51.93025910202338, -29.444978382869667]]]}, "properties": {"cultura": "Outras Lavouras Temporárias"}}, {"type": "Feature", "geometry": {"type": "Polygon", "coordinates": [[[-51.93403202621668, -29.445247877454904], [-51.93430152080192, -29.443900404528726], [-51.93403202621668, -29.44470888828443], [-51.93295404787573, -29.44470888828443], [-51.933493037046205, -29.445247877454904], [-51.93403202621668, -29.445247877454904]]]}, "properties": {"cultura": "Outras Lavouras Temporárias"}}, {"type": "Feature", "geometry": {"type": "Polygon", "coordinates": [[[-51.94292534752946, -29.444169899113962], [-51.94346433669993, -29.444439393699195], [-51.94346433669993, -29.444169899113962], [-51.94292534752946, -29.444169899113962]]]}, "properties": {"cultura": "Outras Lavouras Temporárias"}}, {"type": "Feature", "geometry": {"type": "Polygon", "coordinates": [[[-51.93969141250663, -29.444169899113962], [-51.940230401677105, -29.444439393699195], [-51.940230401677105, -29.444169899113962], [-51.93969141250663, -29.444169899113962]]]}, "properties": {"cultura": "Outras Lavouras Temporárias"}}, {"type": "Feature", "geometry": {"type": "Polygon", "coordinates": [[[-51.94292534752946, -29.44363090994349], [-51.94265585294423, -29.444169899113962], [-51.94292534752946, -29.444169899113962], [-51.94292534752946, -29.44363090994349]]]}, "properties": {"cultura": "Outras Lavouras Temporárias"}}, {"type": "Feature", "geometry": {"type": "Polygon", "coordinates": [[[-51.93942191792139, -29.444169899113962], [-51.93969141250663, -29.444169899113962], [-51.93969141250663, -29.44363090994349], [-51.93942191792139, -29.44363090994349], [-51.93942191792139, -29.444169899113962]]]}, "properties": {"cultura": "Outras Lavouras Temporárias"}}, {"type": "Feature", "geometry": {"type": "Polygon", "coordinates": [[[-51.92998960743814, -29.443361415358254], [-51.93079809119385, -29.443900404528726], [-51.93079809119385, -29.443361415358254], [-51.92998960743814, -29.443361415358254]]]}, "properties": {"cultura": "Outras Lavouras Temporárias"}}, {"type": "Feature", "geometry": {"type": "Polygon", "coordinates": [[[-51.94049989626234, -29.443361415358254], [-51.93969141250663, -29.44363090994349], [-51.94049989626234, -29.44363090994349], [-51.94049989626234, -29.443361415358254]]]}, "properties": {"cultura": "Outras Lavouras Temporárias"}}, {"type": "Feature", "geometry": {"type": "Polygon", "coordinates": [[[-51.93403202621668, -29.443091920773018], [-51.93430152080192, -29.44363090994349], [-51.93430152080192, -29.443091920773018], [-51.93403202621668, -29.443091920773018]]]}, "properties": {"cultura": "Outras Lavouras Temporárias"}}, {"type": "Feature", "geometry": {"type": "Polygon", "coordinates": [[[-51.93241505870527, -29.442552931602545], [-51.93106758577908, -29.442552931602545], [-51.93106758577908, -29.443091920773018], [-51.931876069534795, -29.443361415358254], [-51.93241505870527, -29.442552931602545]]]}, "properties": {"cultura": "Outras Lavouras Temporárias"}}, {"type": "Feature", "geometry": {"type": "Polygon", "coordinates": [[[-51.93403202621668, -29.44282242618778], [-51.933493037046205, -29.443091920773018], [-51.93403202621668, -29.443091920773018], [-51.93403202621668, -29.44282242618778]]]}, "properties": {"cultura": "Outras Lavouras Temporárias"}}, {"type": "Feature", "geometry": {"type": "Polygon", "coordinates": [[[-51.94130838001805, -29.442552931602545], [-51.94049989626234, -29.44282242618778], [-51.94049989626234, -29.443361415358254], [-51.941847369188515, -29.443361415358254], [-51.94130838001805, -29.442552931602545]]]}, "properties": {"cultura": "Outras Lavouras Temporárias"}}, {"type": "Feature", "geometry": {"type": "Polygon", "coordinates": [[[-51.93295404787573, -29.44228343701731], [-51.93241505870527, -29.442552931602545], [-51.93295404787573, -29.442552931602545], [-51.93295404787573, -29.44228343701731]]]}, "properties": {"cultura": "Outras Lavouras Temporárias"}}, {"type": "Feature", "geometry": {"type": "Polygon", "coordinates": [[[-51.93537949914286, -29.44228343701731], [-51.935648993728094, -29.442552931602545], [-51.935648993728094, -29.44228343701731], [-51.93537949914286, -29.44228343701731]]]}, "properties": {"cultura": "Outras Lavouras Temporárias"}}, {"type": "Feature", "geometry": {"type": "Polygon", "coordinates": [[[-51.9289116290972, -29.441744447846837], [-51.93052859660861, -29.442552931602545], [-51.93079809119385, -29.4414749532616], [-51.9289116290972, -29.441744447846837]]]}, "properties": {"cultura": "Outras Lavouras Temporárias"}}, {"type": "Feature", "geometry": {"type": "Polygon", "coordinates": [[[-51.92486921031866, -29.44228343701731], [-51.925138704903894, -29.441205458676365], [-51.92433022114819, -29.440935964091132], [-51.92298274822201, -29.441744447846837], [-51.92486921031866, -29.44228343701731]]]}, "properties": {"cultura": "Outras Lavouras Temporárias"}}, {"type": "Feature", "geometry": {"type": "Polygon", "coordinates": [[[-51.93403202621668, -29.44282242618778], [-51.93484050997239, -29.44282242618778], [-51.93484050997239, -29.44228343701731], [-51.93537949914286, -29.44228343701731], [-51.93537949914286, -29.441744447846837], [-51.93672697206904, -29.441744447846837], [-51.936187982898566, -29.440666469505896], [-51.93457101538715, -29.440935964091132], [-51.93511000455762, -29.440127480335423], [-51.93430152080192, -29.440127480335423], [-51.93484050997239, -29.442013942432073], [-51.93403202621668, -29.44282242618778]]]}, "properties": {"cultura": "Outras Lavouras Temporárias"}}, {"type": "Feature", "geometry": {"type": "Polygon", "coordinates": [[[-51.9326845532905, -29.440666469505896], [-51.933493037046205, -29.442013942432073], [-51.93403202621668, -29.440935964091132], [-51.9326845532905, -29.440666469505896]]]}, "properties": {"cultura": "Outras Lavouras Temporárias"}}, {"type": "Feature", "geometry": {"type": "Polygon", "coordinates": [[[-51.92945061826767, -29.440935964091132], [-51.92998960743814, -29.4414749532616], [-51.92998960743814, -29.440935964091132], [-51.92945061826767, -29.440935964091132]]]}, "properties": {"cultura": "Outras Lavouras Temporárias"}}, {"type": "Feature", "geometry": {"type": "Polygon", "coordinates": [[[-51.93214556412003, -29.440666469505896], [-51.93241505870527, -29.440935964091132], [-51.93241505870527, -29.440666469505896], [-51.93214556412003, -29.440666469505896]]]}, "properties": {"cultura": "Outras Lavouras Temporárias"}}, {"type": "Feature", "geometry": {"type": "Polygon", "coordinates": [[[-51.92945061826767, -29.440935964091132], [-51.92998960743814, -29.440127480335423], [-51.9289116290972, -29.439857985750187], [-51.927833650756256, -29.4414749532616], [-51.92918112368243, -29.4414749532616], [-51.92945061826767, -29.440935964091132]], [[-51.92864213451196, -29.440666469505896], [-51.9289116290972, -29.440935964091132], [-51.92864213451196, -29.440935964091132], [-51.92864213451196, -29.440666469505896]]]}, "properties": {"cultura": "Outras Lavouras Temporárias"}}, {"type": "Feature", "geometry": {"type": "Polygon", "coordinates": [[[-51.94292534752946, -29.440666469505896], [-51.94373383128517, -29.44039697492066], [-51.94292534752946, -29.440127480335423], [-51.94292534752946, -29.440666469505896]]]}, "properties": {"cultura": "Outras Lavouras Temporárias"}}, {"type": "Feature", "geometry": {"type": "Polygon", "coordinates": [[[-51.93295404787573, -29.44039697492066], [-51.93241505870527, -29.439318996579715], [-51.931606574949555, -29.44039697492066], [-51.93295404787573, -29.44039697492066]]]}, "properties": {"cultura": "Outras Lavouras Temporárias"}}, {"type": "Feature", "geometry": {"type": "Polygon", "coordinates": [[[-51.931606574949555, -29.43958849116495], [-51.93133708036432, -29.439857985750187], [-51.931606574949555, -29.439857985750187], [-51.931606574949555, -29.43958849116495]]]}, "properties": {"cultura": "Outras Lavouras Temporárias"}}, {"type": "Feature", "geometry": {"type": "Polygon", "coordinates": [[[-51.94373383128517, -29.439318996579715], [-51.9431948421147, -29.439857985750187], [-51.94373383128517, -29.439857985750187], [-51.94373383128517, -29.439318996579715]]]}, "properties": {"cultura": "Outras Lavouras Temporárias"}}, {"type": "Feature", "geometry": {"type": "Polygon", "coordinates": [[[-51.925947188659606, -29.43904950199448], [-51.925138704903894, -29.43958849116495], [-51.925947188659606, -29.439857985750187], [-51.925947188659606, -29.43904950199448]]]}, "properties": {"cultura": "Outras Lavouras Temporárias"}}, {"type": "Feature", "geometry": {"type": "Polygon", "coordinates": [[[-51.935648993728094, -29.438780007409243], [-51.93591848831333, -29.43904950199448], [-51.93591848831333, -29.438780007409243], [-51.935648993728094, -29.438780007409243]]]}, "properties": {"cultura": "Outras Lavouras Temporárias"}}, {"type": "Feature", "geometry": {"type": "Polygon", "coordinates": [[[-51.93511000455762, -29.438510512824006], [-51.93537949914286, -29.438780007409243], [-51.935648993728094, -29.438780007409243], [-51.935648993728094, -29.438510512824006], [-51.93511000455762, -29.438510512824006]]]}, "properties": {"cultura": "Outras Lavouras Temporárias"}}, {"type": "Feature", "geometry": {"type": "Polygon", "coordinates": [[[-51.935648993728094, -29.43824101823877], [-51.93591848831333, -29.438510512824006], [-51.93591848831333, -29.43824101823877], [-51.935648993728094, -29.43824101823877]]]}, "properties": {"cultura": "Outras Lavouras Temporárias"}}, {"type": "Feature", "geometry": {"type": "Polygon", "coordinates": [[[-51.9364574774838, -29.43824101823877], [-51.93591848831333, -29.437971523653538], [-51.93591848831333, -29.43824101823877], [-51.9364574774838, -29.43824101823877]]]}, "properties": {"cultura": "Outras Lavouras Temporárias"}}, {"type": "Feature", "geometry": {"type": "Polygon", "coordinates": [[[-51.938074444995216, -29.43716303989783], [-51.937535455824744, -29.43824101823877], [-51.938074444995216, -29.438510512824006], [-51.938074444995216, -29.43716303989783]]]}, "properties": {"cultura": "Outras Lavouras Temporárias"}}, {"type": "Feature", "geometry": {"type": "Polygon", "coordinates": [[[-51.92621668324484, -29.4377020290683], [-51.92648617783008, -29.437971523653538], [-51.92648617783008, -29.4377020290683], [-51.92621668324484, -29.4377020290683]]]}, "properties": {"cultura": "Outras Lavouras Temporárias"}}, {"type": "Feature", "geometry": {"type": "Polygon", "coordinates": [[[-51.93295404787573, -29.43716303989783], [-51.93214556412003, -29.437432534483065], [-51.931606574949555, -29.438510512824006], [-51.9326845532905, -29.438510512824006], [-51.93295404787573, -29.43716303989783]]]}, "properties": {"cultura": "Outras Lavouras Temporárias"}}, {"type": "Feature", "geometry": {"type": "Polygon", "coordinates": [[[-51.92675567241531, -29.437432534483065], [-51.92648617783008, -29.4377020290683], [-51.92675567241531, -29.4377020290683], [-51.92675567241531, -29.437432534483065]]]}, "properties": {"cultura": "Outras Lavouras Temporárias"}}, {"type": "Feature", "geometry": {"type": "Polygon", "coordinates": [[[-51.93484050997239, -29.438510512824006], [-51.935648993728094, -29.43824101823877], [-51.9364574774838, -29.43716303989783], [-51.93484050997239, -29.436624050727357], [-51.93484050997239, -29.438510512824006]]]}, "properties": {"cultura": "Outras Lavouras Temporárias"}}, {"type": "Feature", "geometry": {"type": "Polygon", "coordinates": [[[-51.92729466158578, -29.43716303989783], [-51.92675567241531, -29.437432534483065], [-51.92729466158578, -29.437432534483065], [-51.92729466158578, -29.43716303989783]]]}, "properties": {"cultura": "Outras Lavouras Temporárias"}}, {"type": "Feature", "geometry": {"type": "Polygon", "coordinates": [[[-51.92729466158578, -29.436893545312593], [-51.927564156171016, -29.43716303989783], [-51.927564156171016, -29.436893545312593], [-51.92729466158578, -29.436893545312593]]]}, "properties": {"cultura": "Outras Lavouras Temporárias"}}, {"type": "Feature", "geometry": {"type": "Polygon", "coordinates": [[[-51.933762531631444, -29.436624050727357], [-51.93430152080192, -29.437432534483065], [-51.93430152080192, -29.436624050727357], [-51.933762531631444, -29.436624050727357]]]}, "properties": {"cultura": "Outras Lavouras Temporárias"}}, {"type": "Feature", "geometry": {"type": "Polygon", "coordinates": [[[-51.92810314534149, -29.436624050727357], [-51.927564156171016, -29.436893545312593], [-51.92810314534149, -29.436893545312593], [-51.92810314534149, -29.436624050727357]]]}, "properties": {"cultura": "Outras Lavouras Temporárias"}}, {"type": "Feature", "geometry": {"type": "Polygon", "coordinates": [[[-51.9364574774838, -29.43635455614212], [-51.93591848831333, -29.43635455614212], [-51.935648993728094, -29.436085061556884], [-51.935648993728094, -29.436624050727357], [-51.9364574774838, -29.43635455614212]]]}, "properties": {"cultura": "Outras Lavouras Temporárias"}}, {"type": "Feature", "geometry": {"type": "Polygon", "coordinates": [[[-51.93780495040998, -29.435815566971648], [-51.938074444995216, -29.436085061556884], [-51.938074444995216, -29.435815566971648], [-51.93780495040998, -29.435815566971648]]]}, "properties": {"cultura": "Outras Lavouras Temporárias"}}, {"type": "Feature", "geometry": {"type": "Polygon", "coordinates": [[[-51.93861343416569, -29.435546072386412], [-51.938074444995216, -29.435815566971648], [-51.93861343416569, -29.435815566971648], [-51.93861343416569, -29.435546072386412]]]}, "properties": {"cultura": "Outras Lavouras Temporárias"}}, {"type": "Feature", "geometry": {"type": "Polygon", "coordinates": [[[-51.942116863773755, -29.435276577801176], [-51.94238635835899, -29.435546072386412], [-51.94238635835899, -29.435276577801176], [-51.942116863773755, -29.435276577801176]]]}, "properties": {"cultura": "Outras Lavouras Temporárias"}}, {"type": "Feature", "geometry": {"type": "Polygon", "coordinates": [[[-51.94292534752946, -29.435276577801176], [-51.94346433669993, -29.435546072386412], [-51.94346433669993, -29.435276577801176], [-51.94292534752946, -29.435276577801176]]]}, "properties": {"cultura": "Outras Lavouras Temporárias"}}, {"type": "Feature", "geometry": {"type": "Polygon", "coordinates": [[[-51.939960907091866, -29.435815566971648], [-51.93942191792139, -29.435007083215943], [-51.93888292875092, -29.435546072386412], [-51.939960907091866, -29.435815566971648]]]}, "properties": {"cultura": "Outras Lavouras Temporárias"}}, {"type": "Feature", "geometry": {"type": "Polygon", "coordinates": [[[-51.937535455824744, -29.435007083215943], [-51.938074444995216, -29.435546072386412], [-51.938074444995216, -29.435007083215943], [-51.937535455824744, -29.435007083215943]]]}, "properties": {"cultura": "Outras Lavouras Temporárias"}}, {"type": "Feature", "geometry": {"type": "Polygon", "coordinates": [[[-51.933493037046205, -29.435815566971648], [-51.93430152080192, -29.435276577801176], [-51.93537949914286, -29.436085061556884], [-51.93537949914286, -29.434737588630707], [-51.933762531631444, -29.43446809404547], [-51.93295404787573, -29.435007083215943], [-51.933493037046205, -29.435815566971648]], [[-51.93484050997239, -29.435007083215943], [-51.93511000455762, -29.435546072386412], [-51.93484050997239, -29.435546072386412], [-51.93484050997239, -29.435007083215943]]]}, "properties": {"cultura": "Outras Lavouras Temporárias"}}, {"type": "Feature", "geometry": {"type": "Polygon", "coordinates": [[[-51.94292534752946, -29.435007083215943], [-51.94238635835899, -29.435276577801176], [-51.94292534752946, -29.435276577801176], [-51.94292534752946, -29.435007083215943]]]}, "properties": {"cultura": "Outras Lavouras Temporárias"}}, {"type": "Feature", "geometry": {"type": "Polygon", "coordinates": [[[-51.94346433669993, -29.435276577801176], [-51.94373383128517, -29.435276577801176], [-51.94373383128517, -29.435007083215943], [-51.94346433669993, -29.435007083215943], [-51.94346433669993, -29.435276577801176]]]}, "properties": {"cultura": "Outras Lavouras Temporárias"}}, {"type": "Feature", "geometry": {"type": "Polygon", "coordinates": [[[-51.94292534752946, -29.434737588630707], [-51.9431948421147, -29.435007083215943], [-51.9431948421147, -29.434737588630707], [-51.94292534752946, -29.434737588630707]]]}, "properties": {"cultura": "Outras Lavouras Temporárias"}}, {"type": "Feature", "geometry": {"type": "Polygon", "coordinates": [[[-51.93888292875092, -29.433929104875], [-51.93942191792139, -29.434737588630707], [-51.940230401677105, -29.43446809404547], [-51.940230401677105, -29.433929104875], [-51.93888292875092, -29.433929104875]]]}, "properties": {"cultura": "Outras Lavouras Temporárias"}}, {"type": "Feature", "geometry": {"type": "Polygon", "coordinates": [[[-51.94238635835899, -29.433390115704526], [-51.94292534752946, -29.433929104875], [-51.94292534752946, -29.433390115704526], [-51.94238635835899, -29.433390115704526]]]}, "properties": {"cultura": "Outras Lavouras Temporárias"}}, {"type": "Feature", "geometry": {"type": "Polygon", "coordinates": [[[-51.9431948421147, -29.432851126534054], [-51.94346433669993, -29.433659610289762], [-51.94346433669993, -29.432851126534054], [-51.9431948421147, -29.432851126534054]]]}, "properties": {"cultura": "Outras Lavouras Temporárias"}}, {"type": "Feature", "geometry": {"type": "Polygon", "coordinates": [[[-51.94238635835899, -29.433390115704526], [-51.94238635835899, -29.43312062111929], [-51.94130838001805, -29.432851126534054], [-51.94130838001805, -29.433390115704526], [-51.94238635835899, -29.433390115704526]]]}, "properties": {"cultura": "Outras Lavouras Temporárias"}}, {"type": "Feature", "geometry": {"type": "Polygon", "coordinates": [[[-51.94238635835899, -29.432851126534054], [-51.9431948421147, -29.432851126534054], [-51.9431948421147, -29.432581631948818], [-51.94238635835899, -29.432581631948818], [-51.94238635835899, -29.432851126534054]]]}, "properties": {"cultura": "Outras Lavouras Temporárias"}}, {"type": "Feature", "geometry": {"type": "Polygon", "coordinates": [[[-51.94238635835899, -29.430156180681696], [-51.94373383128517, -29.43042567526693], [-51.94373383128517, -29.430156180681696], [-51.94238635835899, -29.430156180681696]]]}, "properties": {"cultura": "Outras Lavouras Temporárias"}}, {"type": "Feature", "geometry": {"type": "Polygon", "coordinates": [[[-52.05018419245334, -29.443361415358254], [-52.04856722494192, -29.443900404528726], [-52.04856722494192, -29.444439393699195], [-52.05018419245334, -29.444169899113962], [-52.05018419245334, -29.443361415358254]]]}, "properties": {"cultura": "Soja"}}, {"type": "Feature", "geometry": {"type": "Polygon", "coordinates": [[[-52.055843578743286, -29.443091920773018], [-52.05557408415805, -29.44282242618778], [-52.05557408415805, -29.443091920773018], [-52.055843578743286, -29.443091920773018]]]}, "properties": {"cultura": "Soja"}}, {"type": "Feature", "geometry": {"type": "Polygon", "coordinates": [[[-52.0499146978681, -29.440127480335423], [-52.045602784504325, -29.440666469505896], [-52.04641126826003, -29.44228343701731], [-52.04587227908956, -29.44363090994349], [-52.0461417736748, -29.444439393699195], [-52.047489246600975, -29.444439393699195], [-52.049645203282864, -29.44282242618778], [-52.0499146978681, -29.440127480335423]]]}, "properties": {"cultura": "Soja"}}, {"type": "Feature", "geometry": {"type": "Polygon", "coordinates": [[[-52.07309123219838, -29.4414749532616], [-52.07389971595409, -29.4414749532616], [-52.07389971595409, -29.44039697492066], [-52.072013253857435, -29.43958849116495], [-52.07309123219838, -29.4414749532616]]]}, "properties": {"cultura": "Soja"}}, {"type": "Feature", "geometry": {"type": "Polygon", "coordinates": [[[-52.070126791760785, -29.442013942432073], [-52.06931830800508, -29.437432534483065], [-52.06877931883461, -29.437432534483065], [-52.06931830800508, -29.442013942432073], [-52.070126791760785, -29.442013942432073]]]}, "properties": {"cultura": "Soja"}}, {"type": "Feature", "geometry": {"type": "Polygon", "coordinates": [[[-52.05045368703857, -29.438780007409243], [-52.051531665379514, -29.43958849116495], [-52.051531665379514, -29.440935964091132], [-52.052070654549986, -29.440935964091132], [-52.051531665379514, -29.437971523653538], [-52.05099267620904, -29.43904950199448], [-52.05045368703857, -29.438780007409243]]]}, "properties": {"cultura": "Soja"}}, {"type": "Feature", "geometry": {"type": "Polygon", "coordinates": [[[-52.07309123219838, -29.438780007409243], [-52.07389971595409, -29.43904950199448], [-52.0747081997098, -29.441205458676365], [-52.07767264014739, -29.440935964091132], [-52.07767264014739, -29.438510512824006], [-52.07713365097692, -29.43824101823877], [-52.07713365097692, -29.439318996579715], [-52.07524718888027, -29.439318996579715], [-52.07578617805074, -29.4377020290683], [-52.07443870512456, -29.436624050727357], [-52.07363022136885, -29.436893545312593], [-52.07309123219838, -29.438780007409243]]]}, "properties": {"cultura": "Soja"}}, {"type": "Feature", "geometry": {"type": "Polygon", "coordinates": [[[-52.05422661123187, -29.438510512824006], [-52.05449610581711, -29.438780007409243], [-52.05449610581711, -29.438510512824006], [-52.05422661123187, -29.438510512824006]]]}, "properties": {"cultura": "Soja"}}, {"type": "Feature", "geometry": {"type": "Polygon", "coordinates": [[[-52.05665206249899, -29.443091920773018], [-52.05692155708423, -29.44228343701731], [-52.05665206249899, -29.439318996579715], [-52.057730040839935, -29.438510512824006], [-52.05665206249899, -29.437971523653538], [-52.05638256791376, -29.434737588630707], [-52.05476560040234, -29.432851126534054], [-52.05449610581711, -29.435546072386412], [-52.05530458957281, -29.43635455614212], [-52.05530458957281, -29.438780007409243], [-52.053957116646636, -29.43904950199448], [-52.053957116646636, -29.439857985750187], [-52.05476560040234, -29.440127480335423], [-52.05476560040234, -29.4414749532616], [-52.055843578743286, -29.441744447846837], [-52.05503509498758, -29.442552931602545], [-52.055843578743286, -29.442552931602545], [-52.05665206249899, -29.443091920773018]], [[-52.055843578743286, -29.441744447846837], [-52.056113073328525, -29.4414749532616], [-52.056113073328525, -29.441744447846837], [-52.055843578743286, -29.441744447846837]], [[-52.055843578743286, -29.440666469505896], [-52.055843578743286, -29.439857985750187], [-52.05665206249899, -29.440666469505896], [-52.055843578743286, -29.440666469505896]]]}, "properties": {"cultura": "Soja"}}, {"type": "Feature", "geometry": {"type": "Polygon", "coordinates": [[[-52.053957116646636, -29.437971523653538], [-52.05503509498758, -29.437432534483065], [-52.05476560040234, -29.436085061556884], [-52.05314863289093, -29.43635455614212], [-52.053957116646636, -29.437971523653538]]]}, "properties": {"cultura": "Soja"}}, {"type": "Feature", "geometry": {"type": "Polygon", "coordinates": [[[-52.07767264014739, -29.437432534483065], [-52.07821162931786, -29.437432534483065], [-52.07794213473262, -29.436085061556884], [-52.07767264014739, -29.436085061556884], [-52.07767264014739, -29.437432534483065]]]}, "properties": {"cultura": "Soja"}}, {"type": "Feature", "geometry": {"type": "Polygon", "coordinates": [[[-52.06015549210706, -29.435815566971648], [-52.05880801918088, -29.435815566971648], [-52.05880801918088, -29.437971523653538], [-52.059616502936585, -29.438780007409243], [-52.06069448127753, -29.436893545312593], [-52.059616502936585, -29.43312062111929], [-52.05934700835135, -29.435007083215943], [-52.06015549210706, -29.435815566971648]]]}, "properties": {"cultura": "Soja"}}, {"type": "Feature", "geometry": {"type": "Polygon", "coordinates": [[[-52.06285043795942, -29.436624050727357], [-52.06338942712989, -29.43635455614212], [-52.06338942712989, -29.435007083215943], [-52.06285043795942, -29.435007083215943], [-52.06285043795942, -29.436624050727357]]]}, "properties": {"cultura": "Soja"}}, {"type": "Feature", "geometry": {"type": "Polygon", "coordinates": [[[-52.0507231816238, -29.435546072386412], [-52.051262170794274, -29.435546072386412], [-52.05099267620904, -29.433929104875], [-52.0507231816238, -29.433929104875], [-52.0507231816238, -29.435546072386412]]]}, "properties": {"cultura": "Soja"}}, {"type": "Feature", "geometry": {"type": "Polygon", "coordinates": [[[-52.07632516722121, -29.435007083215943], [-52.07632516722121, -29.435815566971648], [-52.076864156391686, -29.434737588630707], [-52.07767264014739, -29.435815566971648], [-52.07767264014739, -29.434198599460235], [-52.0755166834655, -29.433659610289762], [-52.07524718888027, -29.434737588630707], [-52.07632516722121, -29.435007083215943]]]}, "properties": {"cultura": "Soja"}}, {"type": "Feature", "geometry": {"type": "Polygon", "coordinates": [[[-52.0709352755165, -29.433659610289762], [-52.06985729717555, -29.433659610289762], [-52.070126791760785, -29.435546072386412], [-52.07120477010173, -29.434737588630707], [-52.07147426468696, -29.436893545312593], [-52.072282748442674, -29.43716303989783], [-52.07336072678362, -29.435546072386412], [-52.07282173761315, -29.43231213736358], [-52.07147426468696, -29.43231213736358], [-52.0709352755165, -29.433659610289762]], [[-52.07147426468696, -29.43446809404547], [-52.07147426468696, -29.43312062111929], [-52.0717437592722, -29.43312062111929], [-52.072282748442674, -29.434737588630707], [-52.07147426468696, -29.43446809404547]]]}, "properties": {"cultura": "Soja"}}, {"type": "Feature", "geometry": {"type": "Polygon", "coordinates": [[[-52.10462209867097, -29.43312062111929], [-52.10381361491527, -29.432581631948818], [-52.103274625744795, -29.43231213736358], [-52.103544120330035, -29.43312062111929], [-52.10462209867097, -29.43312062111929]]]}, "properties": {"cultura": "Soja"}}, {"type": "Feature", "geometry": {"type": "Polygon", "coordinates": [[[-52.070126791760785, -29.432851126534054], [-52.06931830800508, -29.43204264277835], [-52.06904881341984, -29.43204264277835], [-52.06958780259031, -29.43312062111929], [-52.070126791760785, -29.432851126534054]]]}, "properties": {"cultura": "Soja"}}, {"type": "Feature", "geometry": {"type": "Polygon", "coordinates": [[[-52.10489159325621, -29.432851126534054], [-52.10489159325621, -29.43204264277835], [-52.10435260408574, -29.43204264277835], [-52.10489159325621, -29.432851126534054]]]}, "properties": {"cultura": "Soja"}}, {"type": "Feature", "geometry": {"type": "Polygon", "coordinates": [[[-52.10300513115956, -29.43204264277835], [-52.10435260408574, -29.43204264277835], [-52.10435260408574, -29.431773148193113], [-52.10219664740385, -29.431773148193113], [-52.10219664740385, -29.432581631948818], [-52.10300513115956, -29.43204264277835]]]}, "properties": {"cultura": "Soja"}}, {"type": "Feature", "geometry": {"type": "Polygon", "coordinates": [[[-52.06527588922654, -29.431773148193113], [-52.063928416300364, -29.430964664437404], [-52.064197910885596, -29.431773148193113], [-52.06527588922654, -29.431773148193113]]]}, "properties": {"cultura": "Soja"}}, {"type": "Feature", "geometry": {"type": "Polygon", "coordinates": [[[-52.06743184590843, -29.431503653607876], [-52.068240329664135, -29.430156180681696], [-52.06770134049366, -29.43042567526693], [-52.06716235132319, -29.429347696925987], [-52.06743184590843, -29.431503653607876]]]}, "properties": {"cultura": "Soja"}}, {"type": "Feature", "geometry": {"type": "Polygon", "coordinates": [[[-52.12267823588178, -29.42988668609646], [-52.12483419256367, -29.431503653607876], [-52.12564267631937, -29.429617191511223], [-52.12375621422272, -29.42800022399981], [-52.122408741296546, -29.428539213170282], [-52.12267823588178, -29.42988668609646]]]}, "properties": {"cultura": "Soja"}}, {"type": "Feature", "geometry": {"type": "Polygon", "coordinates": [[[-52.07309123219838, -29.42988668609646], [-52.072282748442674, -29.42988668609646], [-52.072282748442674, -29.428539213170282], [-52.07147426468696, -29.42880870775552], [-52.0717437592722, -29.430695169852168], [-52.07309123219838, -29.430695169852168], [-52.07309123219838, -29.42988668609646]]]}, "properties": {"cultura": "Soja"}}, {"type": "Feature", "geometry": {"type": "Polygon", "coordinates": [[[-52.066084372982246, -29.42988668609646], [-52.065545383811774, -29.429078202340754], [-52.06500639464131, -29.429617191511223], [-52.066084372982246, -29.42988668609646]]]}, "properties": {"cultura": "Soja"}}, {"type": "Feature", "geometry": {"type": "Polygon", "coordinates": [[[-52.06743184590843, -29.427730729414574], [-52.06581487839701, -29.429078202340754], [-52.06770134049366, -29.42880870775552], [-52.06743184590843, -29.427730729414574]]]}, "properties": {"cultura": "Soja"}}, {"type": "Feature", "geometry": {"type": "Polygon", "coordinates": [[[-52.1108204741314, -29.42880870775552], [-52.111898452472346, -29.429078202340754], [-52.111628957887106, -29.4271917402441], [-52.11028148496093, -29.427461234829337], [-52.1108204741314, -29.42880870775552]]]}, "properties": {"cultura": "Soja"}}, {"type": "Feature", "geometry": {"type": "Polygon", "coordinates": [[[-52.076594661806446, -29.427730729414574], [-52.076055672635974, -29.428269718585046], [-52.076594661806446, -29.42880870775552], [-52.076594661806446, -29.427730729414574]]]}, "properties": {"cultura": "Soja"}}, {"type": "Feature", "geometry": {"type": "Polygon", "coordinates": [[[-52.05638256791376, -29.428539213170282], [-52.056113073328525, -29.426922245658865], [-52.05530458957281, -29.42665275107363], [-52.05530458957281, -29.42800022399981], [-52.05638256791376, -29.428539213170282]]]}, "properties": {"cultura": "Soja"}}, {"type": "Feature", "geometry": {"type": "Polygon", "coordinates": [[[-52.115940871250885, -29.42665275107363], [-52.11728834417706, -29.427461234829337], [-52.11728834417706, -29.42665275107363], [-52.115940871250885, -29.42665275107363]]]}, "properties": {"cultura": "Soja"}}, {"type": "Feature", "geometry": {"type": "Polygon", "coordinates": [[[-52.05934700835135, -29.426383256488393], [-52.05880801918088, -29.427461234829337], [-52.059616502936585, -29.427730729414574], [-52.059616502936585, -29.426922245658865], [-52.05934700835135, -29.426383256488393]]]}, "properties": {"cultura": "Soja"}}, {"type": "Feature", "geometry": {"type": "Polygon", "coordinates": [[[-52.053687622061396, -29.425035783562215], [-52.053418127476164, -29.42476628897698], [-52.053418127476164, -29.425035783562215], [-52.053687622061396, -29.425035783562215]]]}, "properties": {"cultura": "Soja"}}, {"type": "Feature", "geometry": {"type": "Polygon", "coordinates": [[[-52.11055097954616, -29.424496794391743], [-52.111089968716634, -29.425035783562215], [-52.11135946330187, -29.424496794391743], [-52.11055097954616, -29.424496794391743]]]}, "properties": {"cultura": "Soja"}}, {"type": "Feature", "geometry": {"type": "Polygon", "coordinates": [[[-52.08953040189777, -29.42530527814745], [-52.09060838023871, -29.42395780522127], [-52.08953040189777, -29.42395780522127], [-52.08953040189777, -29.42530527814745]]]}, "properties": {"cultura": "Soja"}}, {"type": "Feature", "geometry": {"type": "Polygon", "coordinates": [[[-52.05287913830569, -29.42395780522127], [-52.053957116646636, -29.425035783562215], [-52.05449610581711, -29.425035783562215], [-52.053957116646636, -29.4234188160508], [-52.05287913830569, -29.42395780522127]]]}, "properties": {"cultura": "Soja"}}, {"type": "Feature", "geometry": {"type": "Polygon", "coordinates": [[[-52.063928416300364, -29.42395780522127], [-52.063928416300364, -29.423149321465562], [-52.06258094337418, -29.42287982688033], [-52.06258094337418, -29.4234188160508], [-52.063928416300364, -29.42395780522127]]]}, "properties": {"cultura": "Soja"}}, {"type": "Feature", "geometry": {"type": "Polygon", "coordinates": [[[-52.05557408415805, -29.422610332295093], [-52.05530458957281, -29.423688310636035], [-52.05557408415805, -29.423688310636035], [-52.05557408415805, -29.422610332295093]]]}, "properties": {"cultura": "Soja"}}, {"type": "Feature", "geometry": {"type": "Polygon", "coordinates": [[[-52.05422661123187, -29.420184881027968], [-52.05530458957281, -29.42153235395415], [-52.05503509498758, -29.419915386442735], [-52.05422661123187, -29.420184881027968]]]}, "properties": {"cultura": "Soja"}}, {"type": "Feature", "geometry": {"type": "Polygon", "coordinates": [[[-52.04829773035668, -29.418567913516554], [-52.04883671952715, -29.419915386442735], [-52.04883671952715, -29.418567913516554], [-52.04829773035668, -29.418567913516554]]]}, "properties": {"cultura": "Soja"}}, {"type": "Feature", "geometry": {"type": "Polygon", "coordinates": [[[-52.06258094337418, -29.42072387019844], [-52.063658921715124, -29.42072387019844], [-52.063658921715124, -29.418567913516554], [-52.061772459618474, -29.417220440590373], [-52.06258094337418, -29.42072387019844]]]}, "properties": {"cultura": "Soja"}}, {"type": "Feature", "geometry": {"type": "Polygon", "coordinates": [[[-52.05449610581711, -29.416681451419905], [-52.0574605462547, -29.417220440590373], [-52.05530458957281, -29.418298418931318], [-52.0574605462547, -29.418567913516554], [-52.057730040839935, -29.42207134312462], [-52.05907751376612, -29.42287982688033], [-52.05880801918088, -29.419915386442735], [-52.059616502936585, -29.421262859368913], [-52.06150296503324, -29.42072387019844], [-52.06150296503324, -29.417759429760846], [-52.0604249866923, -29.417220440590373], [-52.0604249866923, -29.41641195683467], [-52.06258094337418, -29.416681451419905], [-52.06258094337418, -29.415064483908488], [-52.06150296503324, -29.41479498932325], [-52.06231144878895, -29.413178021811838], [-52.05907751376612, -29.413447516397074], [-52.05826903001041, -29.414525494738015], [-52.059616502936585, -29.418567913516554], [-52.05853852459565, -29.418567913516554], [-52.05826903001041, -29.41695094600514], [-52.056113073328525, -29.41560347307896], [-52.05665206249899, -29.41371701098231], [-52.05530458957281, -29.413986505567546], [-52.05530458957281, -29.41560347307896], [-52.05422661123187, -29.416142462249432], [-52.053957116646636, -29.415064483908488], [-52.053957116646636, -29.415872967664196], [-52.05314863289093, -29.416681451419905], [-52.052070654549986, -29.41641195683467], [-52.052070654549986, -29.417220440590373], [-52.05449610581711, -29.416681451419905]], [[-52.06015549210706, -29.418298418931318], [-52.059885997521825, -29.417759429760846], [-52.06015549210706, -29.417220440590373], [-52.06015549210706, -29.418298418931318]]]}, "properties": {"cultura": "Soja"}}, {"type": "Feature", "geometry": {"type": "Polygon", "coordinates": [[[-52.052070654549986, -29.41748993517561], [-52.05180115996475, -29.417220440590373], [-52.05180115996475, -29.41748993517561], [-52.052070654549986, -29.41748993517561]]]}, "properties": {"cultura": "Soja"}}, {"type": "Feature", "geometry": {"type": "Polygon", "coordinates": [[[-52.04775874118621, -29.415064483908488], [-52.04802823577145, -29.418567913516554], [-52.04829773035668, -29.418567913516554], [-52.049375708697625, -29.41695094600514], [-52.04829773035668, -29.417220440590373], [-52.04829773035668, -29.415064483908488], [-52.04775874118621, -29.415064483908488]]]}, "properties": {"cultura": "Soja"}}, {"type": "Feature", "geometry": {"type": "Polygon", "coordinates": [[[-52.04910621411239, -29.41560347307896], [-52.04883671952715, -29.416681451419905], [-52.04910621411239, -29.416681451419905], [-52.04910621411239, -29.41560347307896]]]}, "properties": {"cultura": "Soja"}}, {"type": "Feature", "geometry": {"type": "Polygon", "coordinates": [[[-52.06877931883461, -29.4129085272266], [-52.06716235132319, -29.41479498932325], [-52.0679708350789, -29.415064483908488], [-52.06877931883461, -29.4129085272266]]]}, "properties": {"cultura": "Soja"}}, {"type": "Feature", "geometry": {"type": "Polygon", "coordinates": [[[-52.06743184590843, -29.4129085272266], [-52.06285043795942, -29.41371701098231], [-52.06500639464131, -29.413447516397074], [-52.06473690005607, -29.41425600015278], [-52.066353867567486, -29.414525494738015], [-52.06743184590843, -29.4129085272266]]]}, "properties": {"cultura": "Soja"}}, {"type": "Feature", "geometry": {"type": "Polygon", "coordinates": [[[-52.07120477010173, -29.413178021811838], [-52.070396286346025, -29.413178021811838], [-52.070126791760785, -29.4129085272266], [-52.070396286346025, -29.41371701098231], [-52.07120477010173, -29.413178021811838]]]}, "properties": {"cultura": "Soja"}}, {"type": "Feature", "geometry": {"type": "Polygon", "coordinates": [[[-52.02242625017404, -29.47354480890467], [-52.02188726100357, -29.47354480890467], [-52.02188726100357, -29.475970260171792], [-52.02242625017404, -29.475970260171792], [-52.02242625017404, -29.47354480890467]]]}, "properties": {"cultura": "Soja"}}, {"type": "Feature", "geometry": {"type": "Polygon", "coordinates": [[[-52.02161776641833, -29.46761592802948], [-52.02323473392975, -29.468424411785186], [-52.02323473392975, -29.469232895540895], [-52.02107877724786, -29.469232895540895], [-52.020809282662626, -29.471927841393253], [-52.022965239344515, -29.471927841393253], [-52.02350422851498, -29.47031087388184], [-52.02431271227069, -29.471927841393253], [-52.022695744759275, -29.473275314319434], [-52.02350422851498, -29.473275314319434], [-52.02377372310022, -29.47462278724561], [-52.0251211960264, -29.474353292660375], [-52.02539069061164, -29.471119357637548], [-52.024582206855925, -29.47138885222278], [-52.024582206855925, -29.46761592802948], [-52.0251211960264, -29.47031087388184], [-52.02539069061164, -29.4662684551033], [-52.02242625017404, -29.4662684551033], [-52.02161776641833, -29.46761592802948]]]}, "properties": {"cultura": "Soja"}}, {"type": "Feature", "geometry": {"type": "Polygon", "coordinates": [[[-52.02592967978211, -29.470041379296603], [-52.026738163537814, -29.469771884711367], [-52.026738163537814, -29.469232895540895], [-52.02592967978211, -29.469232895540895], [-52.02592967978211, -29.470041379296603]]]}, "properties": {"cultura": "Soja"}}, {"type": "Feature", "geometry": {"type": "Polygon", "coordinates": [[[-52.03994339821437, -29.46950239012613], [-52.03967390362914, -29.469232895540895], [-52.03967390362914, -29.46950239012613], [-52.03994339821437, -29.46950239012613]]]}, "properties": {"cultura": "Soja"}}, {"type": "Feature", "geometry": {"type": "Polygon", "coordinates": [[[-52.043446827822436, -29.46761592802948], [-52.0431773332372, -29.467346433444245], [-52.0431773332372, -29.46761592802948], [-52.043446827822436, -29.46761592802948]]]}, "properties": {"cultura": "Soja"}}, {"type": "Feature", "geometry": {"type": "Polygon", "coordinates": [[[-52.024582206855925, -29.46438199300665], [-52.02377372310022, -29.464920982177123], [-52.02404321768545, -29.465729465932828], [-52.024582206855925, -29.465729465932828], [-52.024582206855925, -29.46438199300665]]]}, "properties": {"cultura": "Soja"}}, {"type": "Feature", "geometry": {"type": "Polygon", "coordinates": [[[-52.043716322407676, -29.460878563398584], [-52.043716322407676, -29.45980058505764], [-52.041021376555314, -29.460609068813348], [-52.04075188197008, -29.464112498421414], [-52.04182986031102, -29.46384300383618], [-52.04182986031102, -29.464920982177123], [-52.04048238738484, -29.465998960518064], [-52.04048238738484, -29.460070079642875], [-52.04209935489626, -29.459531090472403], [-52.04182986031102, -29.457644628375753], [-52.04209935489626, -29.458992101301934], [-52.04263834406673, -29.458722606716698], [-52.04236884948149, -29.456836144620045], [-52.04075188197008, -29.45656665003481], [-52.03967390362914, -29.45980058505764], [-52.0394044090439, -29.456297155449573], [-52.039134914458664, -29.457644628375753], [-52.03778744153249, -29.45710563920528], [-52.036978957776775, -29.458183617546226], [-52.036978957776775, -29.455488671693868], [-52.0356314848506, -29.455488671693868], [-52.0356314848506, -29.45656665003481], [-52.03428401192442, -29.455758166279104], [-52.03428401192442, -29.456836144620045], [-52.032936538998236, -29.45710563920528], [-52.032936538998236, -29.45926159588717], [-52.03374502275395, -29.460070079642875], [-52.03158906607206, -29.463304014665706], [-52.03158906607206, -29.466807444273773], [-52.030511087731114, -29.46519047676236], [-52.030511087731114, -29.464112498421414], [-52.031319571486826, -29.46384300383618], [-52.031319571486826, -29.460878563398584], [-52.03078058231635, -29.46033957422811], [-52.029163614804936, -29.46114805798382], [-52.02754664729352, -29.460878563398584], [-52.02700765812305, -29.465998960518064], [-52.02619917436734, -29.464920982177123], [-52.02566018519687, -29.466537949688536], [-52.02592967978211, -29.468693906370422], [-52.026738163537814, -29.468693906370422], [-52.02700765812305, -29.467346433444245], [-52.02700765812305, -29.47084986305231], [-52.02619917436734, -29.47084986305231], [-52.02619917436734, -29.473275314319434], [-52.02566018519687, -29.473275314319434], [-52.02619917436734, -29.47462278724561], [-52.02700765812305, -29.47354480890467], [-52.028624625634464, -29.474083798075142], [-52.02754664729352, -29.473275314319434], [-52.02781614187876, -29.472466830563725], [-52.028624625634464, -29.472466830563725], [-52.028894120219704, -29.47354480890467], [-52.031050076901586, -29.47354480890467], [-52.03212805524253, -29.470041379296603], [-52.03374502275395, -29.469771884711367], [-52.03374502275395, -29.46761592802948], [-52.03482300109489, -29.46761592802948], [-52.03374502275395, -29.460609068813348], [-52.03455350650965, -29.460878563398584], [-52.03455350650965, -29.462226036324765], [-52.0356314848506, -29.462495530909997], [-52.0356314848506, -29.463304014665706], [-52.0364399686063, -29.46303452008047], [-52.0364399686063, -29.464112498421414], [-52.037248452362014, -29.464112498421414], [-52.03670946319154, -29.46384300383618], [-52.037248452362014, -29.462226036324765], [-52.03805693611772, -29.462765025495234], [-52.037248452362014, -29.466807444273773], [-52.03805693611772, -29.46707693885901], [-52.03805693611772, -29.46519047676236], [-52.0394044090439, -29.46519047676236], [-52.03994339821437, -29.469232895540895], [-52.04021289279961, -29.468154917199954], [-52.04075188197008, -29.469771884711367], [-52.04263834406673, -29.46896340095566], [-52.04182986031102, -29.4662684551033], [-52.04290783865196, -29.466537949688536], [-52.04263834406673, -29.4662684551033], [-52.04290783865196, -29.463304014665706], [-52.04290783865196, -29.46438199300665], [-52.04398581699291, -29.464112498421414], [-52.043716322407676, -29.46519047676236], [-52.04290783865196, -29.46519047676236], [-52.043716322407676, -29.465729465932828], [-52.043446827822436, -29.470041379296603], [-52.04641126826003, -29.469771884711367], [-52.04668076284527, -29.46761592802948], [-52.04479430074861, -29.467346433444245], [-52.04587227908956, -29.465729465932828], [-52.04479430074861, -29.465998960518064], [-52.04479430074861, -29.46384300383618], [-52.043716322407676, -29.463304014665706], [-52.0431773332372, -29.461687047154292], [-52.04236884948149, -29.462226036324765], [-52.043716322407676, -29.460878563398584]], [[-52.043716322407676, -29.46384300383618], [-52.04398581699291, -29.463573509250942], [-52.04398581699291, -29.46384300383618], [-52.043716322407676, -29.46384300383618]], [[-52.04209935489626, -29.462226036324765], [-52.04209935489626, -29.46303452008047], [-52.04182986031102, -29.46303452008047], [-52.04209935489626, -29.462226036324765]], [[-52.03374502275395, -29.45791412296099], [-52.03428401192442, -29.45926159588717], [-52.03374502275395, -29.45926159588717], [-52.03374502275395, -29.45791412296099]], [[-52.03778744153249, -29.45980058505764], [-52.03805693611772, -29.460878563398584], [-52.036978957776775, -29.46114805798382], [-52.036978957776775, -29.45980058505764], [-52.03778744153249, -29.45980058505764]], [[-52.03967390362914, -29.460609068813348], [-52.03994339821437, -29.46195654173953], [-52.03967390362914, -29.46195654173953], [-52.03967390362914, -29.460609068813348]], [[-52.03590097943583, -29.461687047154292], [-52.03536199026536, -29.460878563398584], [-52.03617047402107, -29.46114805798382], [-52.03590097943583, -29.461687047154292]], [[-52.02943310939017, -29.464112498421414], [-52.03024159314588, -29.465729465932828], [-52.029163614804936, -29.46707693885901], [-52.02835513104923, -29.464651487591887], [-52.02943310939017, -29.464112498421414]], [[-52.02835513104923, -29.464651487591887], [-52.02781614187876, -29.464112498421414], [-52.02835513104923, -29.464112498421414], [-52.02835513104923, -29.464651487591887]]]}, "properties": {"cultura": "Soja"}}, {"type": "Feature", "geometry": {"type": "Polygon", "coordinates": [[[-52.02242625017404, -29.46519047676236], [-52.02323473392975, -29.46384300383618], [-52.022965239344515, -29.463304014665706], [-52.02161776641833, -29.463304014665706], [-52.02242625017404, -29.463573509250942], [-52.02188726100357, -29.46384300383618], [-52.02242625017404, -29.46519047676236]]]}, "properties": {"cultura": "Soja"}}, {"type": "Feature", "geometry": {"type": "Polygon", "coordinates": [[[-52.022965239344515, -29.46195654173953], [-52.02161776641833, -29.462226036324765], [-52.02161776641833, -29.462765025495234], [-52.02323473392975, -29.462765025495234], [-52.022965239344515, -29.46195654173953]]]}, "properties": {"cultura": "Soja"}}, {"type": "Feature", "geometry": {"type": "Polygon", "coordinates": [[[-52.022965239344515, -29.45926159588717], [-52.02188726100357, -29.45980058505764], [-52.022965239344515, -29.45980058505764], [-52.022965239344515, -29.45926159588717]]]}, "properties": {"cultura": "Soja"}}, {"type": "Feature", "geometry": {"type": "Polygon", "coordinates": [[[-52.02350422851498, -29.458183617546226], [-52.02377372310022, -29.460070079642875], [-52.02431271227069, -29.460070079642875], [-52.024582206855925, -29.458183617546226], [-52.02350422851498, -29.458183617546226]]]}, "properties": {"cultura": "Soja"}}, {"type": "Feature", "geometry": {"type": "Polygon", "coordinates": [[[-52.026468668952575, -29.457644628375753], [-52.02592967978211, -29.457644628375753], [-52.02592967978211, -29.46033957422811], [-52.026468668952575, -29.46033957422811], [-52.026468668952575, -29.457644628375753]]]}, "properties": {"cultura": "Soja"}}, {"type": "Feature", "geometry": {"type": "Polygon", "coordinates": [[[-52.02754664729352, -29.45926159588717], [-52.02727715270829, -29.45710563920528], [-52.02727715270829, -29.45926159588717], [-52.02754664729352, -29.45926159588717]]]}, "properties": {"cultura": "Soja"}}, {"type": "Feature", "geometry": {"type": "Polygon", "coordinates": [[[-52.03536199026536, -29.45468018793816], [-52.03670946319154, -29.454949682523395], [-52.036978957776775, -29.453332715011978], [-52.0364399686063, -29.453332715011978], [-52.03536199026536, -29.45468018793816]]]}, "properties": {"cultura": "Soja"}}, {"type": "Feature", "geometry": {"type": "Polygon", "coordinates": [[[-52.03455350650965, -29.454141198767687], [-52.03536199026536, -29.451715747500565], [-52.03401451733918, -29.451176758330092], [-52.03401451733918, -29.45387170418245], [-52.03455350650965, -29.454141198767687]]]}, "properties": {"cultura": "Soja"}}, {"type": "Feature", "geometry": {"type": "Polygon", "coordinates": [[[-52.041560365725786, -29.4519852420858], [-52.04209935489626, -29.453063220426746], [-52.04182986031102, -29.4519852420858], [-52.041560365725786, -29.4519852420858]]]}, "properties": {"cultura": "Soja"}}, {"type": "Feature", "geometry": {"type": "Polygon", "coordinates": [[[-52.022695744759275, -29.44794282330726], [-52.02242625017404, -29.450368274574384], [-52.022965239344515, -29.451176758330092], [-52.022965239344515, -29.449290296233443], [-52.022695744759275, -29.44794282330726]]]}, "properties": {"cultura": "Soja"}}, {"type": "Feature", "geometry": {"type": "Polygon", "coordinates": [[[-52.026738163537814, -29.449020801648206], [-52.02592967978211, -29.448481812477734], [-52.0251211960264, -29.449020801648206], [-52.026738163537814, -29.449020801648206]]]}, "properties": {"cultura": "Soja"}}, {"type": "Feature", "geometry": {"type": "Polygon", "coordinates": [[[-52.041560365725786, -29.448481812477734], [-52.041290871140546, -29.448212317892498], [-52.041290871140546, -29.448481812477734], [-52.041560365725786, -29.448481812477734]]]}, "properties": {"cultura": "Soja"}}, {"type": "Feature", "geometry": {"type": "Polygon", "coordinates": [[[-52.0356314848506, -29.44794282330726], [-52.036978957776775, -29.448481812477734], [-52.03670946319154, -29.44740383413679], [-52.0356314848506, -29.44794282330726]]]}, "properties": {"cultura": "Soja"}}, {"type": "Feature", "geometry": {"type": "Polygon", "coordinates": [[[-52.03859592528819, -29.44740383413679], [-52.03967390362914, -29.44686484496632], [-52.0394044090439, -29.44551737204014], [-52.03778744153249, -29.445786866625376], [-52.03778744153249, -29.447134339551557], [-52.03859592528819, -29.44740383413679]]]}, "properties": {"cultura": "Soja"}}, {"type": "Feature", "geometry": {"type": "Polygon", "coordinates": [[[-52.03670946319154, -29.44632585579585], [-52.0356314848506, -29.445786866625376], [-52.0356314848506, -29.446595350381084], [-52.03670946319154, -29.44632585579585]]]}, "properties": {"cultura": "Soja"}}, {"type": "Feature", "geometry": {"type": "Polygon", "coordinates": [[[-52.024851701441165, -29.44686484496632], [-52.02619917436734, -29.44551737204014], [-52.02539069061164, -29.443091920773018], [-52.02431271227069, -29.443900404528726], [-52.024851701441165, -29.44686484496632]]]}, "properties": {"cultura": "Soja"}}, {"type": "Feature", "geometry": {"type": "Polygon", "coordinates": [[[-52.04236884948149, -29.43958849116495], [-52.04048238738484, -29.4377020290683], [-52.04048238738484, -29.44039697492066], [-52.041290871140546, -29.440666469505896], [-52.04075188197008, -29.447134339551557], [-52.041560365725786, -29.448212317892498], [-52.041560365725786, -29.444978382869667], [-52.04290783865196, -29.444978382869667], [-52.0431773332372, -29.44363090994349], [-52.04398581699291, -29.44363090994349], [-52.04398581699291, -29.441744447846837], [-52.0431773332372, -29.441205458676365], [-52.043716322407676, -29.437971523653538], [-52.04263834406673, -29.4377020290683], [-52.04236884948149, -29.43958849116495]]]}, "properties": {"cultura": "Soja"}}, {"type": "Feature", "geometry": {"type": "Polygon", "coordinates": [[[-52.03832643070295, -29.438510512824006], [-52.03751794694725, -29.43958849116495], [-52.03778744153249, -29.444439393699195], [-52.04075188197008, -29.44551737204014], [-52.04075188197008, -29.444169899113962], [-52.04021289279961, -29.444169899113962], [-52.04075188197008, -29.44363090994349], [-52.03967390362914, -29.441744447846837], [-52.03994339821437, -29.43904950199448], [-52.03832643070295, -29.438510512824006]]]}, "properties": {"cultura": "Soja"}}, {"type": "Feature", "geometry": {"type": "Polygon", "coordinates": [[[-52.04398581699291, -29.43904950199448], [-52.04452480616338, -29.440127480335423], [-52.04452480616338, -29.43904950199448], [-52.04398581699291, -29.43904950199448]]]}, "properties": {"cultura": "Soja"}}, {"type": "Feature", "geometry": {"type": "Polygon", "coordinates": [[[-52.045333289919085, -29.436624050727357], [-52.04479430074861, -29.436085061556884], [-52.04479430074861, -29.436624050727357], [-52.045333289919085, -29.436624050727357]]]}, "properties": {"cultura": "Soja"}}, {"type": "Feature", "geometry": {"type": "Polygon", "coordinates": [[[-52.03994339821437, -29.435546072386412], [-52.041290871140546, -29.436085061556884], [-52.04048238738484, -29.43231213736358], [-52.03967390362914, -29.43204264277835], [-52.03994339821437, -29.435546072386412]]]}, "properties": {"cultura": "Soja"}}, {"type": "Feature", "geometry": {"type": "Polygon", "coordinates": [[[-52.0469502574305, -29.43204264277835], [-52.0469502574305, -29.435007083215943], [-52.04802823577145, -29.435007083215943], [-52.04775874118621, -29.43231213736358], [-52.0469502574305, -29.43204264277835]]]}, "properties": {"cultura": "Soja"}}, {"type": "Feature", "geometry": {"type": "Polygon", "coordinates": [[[-52.031319571486826, -29.431503653607876], [-52.031050076901586, -29.434198599460235], [-52.03158906607206, -29.43446809404547], [-52.03158906607206, -29.43204264277835], [-52.031319571486826, -29.431503653607876]]]}, "properties": {"cultura": "Soja"}}, {"type": "Feature", "geometry": {"type": "Polygon", "coordinates": [[[-52.020539788077386, -29.42665275107363], [-52.02107877724786, -29.426383256488393], [-52.02107877724786, -29.42800022399981], [-52.02188726100357, -29.428539213170282], [-52.02161776641833, -29.424496794391743], [-52.020539788077386, -29.42530527814745], [-52.020539788077386, -29.42665275107363]]]}, "properties": {"cultura": "Soja"}}, {"type": "Feature", "geometry": {"type": "Polygon", "coordinates": [[[-52.03590097943583, -29.425035783562215], [-52.03670946319154, -29.424496794391743], [-52.03536199026536, -29.423688310636035], [-52.035092495680125, -29.424227299806507], [-52.03590097943583, -29.425035783562215]]]}, "properties": {"cultura": "Soja"}}, {"type": "Feature", "geometry": {"type": "Polygon", "coordinates": [[[-52.04668076284527, -29.422340837709857], [-52.047489246600975, -29.42476628897698], [-52.04829773035668, -29.42476628897698], [-52.04802823577145, -29.422340837709857], [-52.04668076284527, -29.422340837709857]]]}, "properties": {"cultura": "Soja"}}, {"type": "Feature", "geometry": {"type": "Polygon", "coordinates": [[[-52.04668076284527, -29.419915386442735], [-52.04587227908956, -29.419376397272263], [-52.045333289919085, -29.4196458918575], [-52.045602784504325, -29.420184881027968], [-52.04668076284527, -29.419915386442735]]]}, "properties": {"cultura": "Soja"}}, {"type": "Feature", "geometry": {"type": "Polygon", "coordinates": [[[-52.041560365725786, -29.419915386442735], [-52.04236884948149, -29.419915386442735], [-52.041290871140546, -29.418298418931318], [-52.04182986031102, -29.416681451419905], [-52.041021376555314, -29.417220440590373], [-52.041290871140546, -29.421262859368913], [-52.041560365725786, -29.419915386442735]]]}, "properties": {"cultura": "Soja"}}, {"type": "Feature", "geometry": {"type": "Polygon", "coordinates": [[[-52.02350422851498, -29.41883740810179], [-52.02404321768545, -29.41748993517561], [-52.02242625017404, -29.41748993517561], [-52.02242625017404, -29.41641195683467], [-52.02027029349215, -29.41641195683467], [-52.02027029349215, -29.41748993517561], [-52.02188726100357, -29.417220440590373], [-52.02188726100357, -29.41883740810179], [-52.02350422851498, -29.41883740810179]]]}, "properties": {"cultura": "Soja"}}, {"type": "Feature", "geometry": {"type": "Polygon", "coordinates": [[[-52.0431773332372, -29.41748993517561], [-52.0461417736748, -29.41748993517561], [-52.0461417736748, -29.415872967664196], [-52.043446827822436, -29.415333978493724], [-52.0431773332372, -29.41748993517561]]]}, "properties": {"cultura": "Soja"}}, {"type": "Feature", "geometry": {"type": "Polygon", "coordinates": [[[-52.03967390362914, -29.413986505567546], [-52.039134914458664, -29.41479498932325], [-52.038865419873424, -29.41371701098231], [-52.038865419873424, -29.415064483908488], [-52.0394044090439, -29.415333978493724], [-52.04021289279961, -29.4129085272266], [-52.039134914458664, -29.413178021811838], [-52.03967390362914, -29.413986505567546]]]}, "properties": {"cultura": "Soja"}}, {"type": "Feature", "geometry": {"type": "Polygon", "coordinates": [[[-52.037248452362014, -29.413178021811838], [-52.036978957776775, -29.4129085272266], [-52.036978957776775, -29.413178021811838], [-52.037248452362014, -29.413178021811838]]]}, "properties": {"cultura": "Soja"}}, {"type": "Feature", "geometry": {"type": "Polygon", "coordinates": [[[-52.03347552816871, -29.40967459220377], [-52.03428401192442, -29.415872967664196], [-52.0356314848506, -29.415872967664196], [-52.03482300109489, -29.413986505567546], [-52.03670946319154, -29.4129085272266], [-52.03590097943583, -29.4129085272266], [-52.03617047402107, -29.41156105430042], [-52.03536199026536, -29.411291559715185], [-52.03536199026536, -29.409944086789007], [-52.03347552816871, -29.40967459220377]]]}, "properties": {"cultura": "Soja"}}, {"type": "Feature", "geometry": {"type": "Polygon", "coordinates": [[[-52.037248452362014, -29.412639032641366], [-52.03670946319154, -29.41236953805613], [-52.03670946319154, -29.4129085272266], [-52.037248452362014, -29.412639032641366]]]}, "properties": {"cultura": "Soja"}}, {"type": "Feature", "geometry": {"type": "Polygon", "coordinates": [[[-52.03590097943583, -29.411291559715185], [-52.0356314848506, -29.411022065129952], [-52.0356314848506, -29.411291559715185], [-52.03590097943583, -29.411291559715185]]]}, "properties": {"cultura": "Soja"}}, {"type": "Feature", "geometry": {"type": "Polygon", "coordinates": [[[-52.0394044090439, -29.409944086789007], [-52.039134914458664, -29.410213581374244], [-52.0394044090439, -29.410213581374244], [-52.0394044090439, -29.409944086789007]]]}, "properties": {"cultura": "Soja"}}, {"type": "Feature", "geometry": {"type": "Polygon", "coordinates": [[[-52.03805693611772, -29.409944086789007], [-52.038865419873424, -29.409405097618535], [-52.03805693611772, -29.409405097618535], [-52.03805693611772, -29.409944086789007]]]}, "properties": {"cultura": "Soja"}}, {"type": "Feature", "geometry": {"type": "Polygon", "coordinates": [[[-52.02350422851498, -29.408596613862827], [-52.026468668952575, -29.409944086789007], [-52.02727715270829, -29.409405097618535], [-52.02754664729352, -29.41048307595948], [-52.02835513104923, -29.410213581374244], [-52.026738163537814, -29.40832711927759], [-52.026738163537814, -29.40644065718094], [-52.02323473392975, -29.406979646351413], [-52.02350422851498, -29.408596613862827]]]}, "properties": {"cultura": "Soja"}}, {"type": "Feature", "geometry": {"type": "Polygon", "coordinates": [[[-52.028894120219704, -29.40724914093665], [-52.02781614187876, -29.407518635521885], [-52.02781614187876, -29.408596613862827], [-52.028894120219704, -29.408866108448063], [-52.03024159314588, -29.40778813010712], [-52.03078058231635, -29.404823689669527], [-52.029163614804936, -29.405632173425232], [-52.029163614804936, -29.40455419508429], [-52.02808563646399, -29.404284700499055], [-52.0251211960264, -29.405632173425232], [-52.0251211960264, -29.40590166801047], [-52.02754664729352, -29.405632173425232], [-52.02754664729352, -29.40644065718094], [-52.028894120219704, -29.40644065718094], [-52.028894120219704, -29.40724914093665]], [[-52.02727715270829, -29.405632173425232], [-52.02700765812305, -29.405362678839996], [-52.02727715270829, -29.405362678839996], [-52.02727715270829, -29.405632173425232]]]}, "properties": {"cultura": "Soja"}}, {"type": "Feature", "geometry": {"type": "Polygon", "coordinates": [[[-52.03617047402107, -29.401050765476224], [-52.03590097943583, -29.401859249231933], [-52.03751794694725, -29.401859249231933], [-52.03751794694725, -29.401050765476224], [-52.03617047402107, -29.401050765476224]]]}, "properties": {"cultura": "Soja"}}, {"type": "Feature", "geometry": {"type": "Polygon", "coordinates": [[[-52.0070650588156, -29.47947368977986], [-52.00949051008272, -29.478934700609386], [-52.00949051008272, -29.47866520602415], [-52.008143037156536, -29.478395711438914], [-52.00733455340083, -29.477048238512737], [-52.0070650588156, -29.47947368977986]]]}, "properties": {"cultura": "Soja"}}, {"type": "Feature", "geometry": {"type": "Polygon", "coordinates": [[[-52.010298993838425, -29.478934700609386], [-52.0116464667646, -29.478126216853678], [-52.0116464667646, -29.477587227683205], [-52.010298993838425, -29.47785672226844], [-52.010298993838425, -29.478934700609386]]]}, "properties": {"cultura": "Soja"}}, {"type": "Feature", "geometry": {"type": "Polygon", "coordinates": [[[-52.020539788077386, -29.476239754757028], [-52.0213482718331, -29.47543127100132], [-52.02027029349215, -29.473814303489906], [-52.02000079890692, -29.475700765586556], [-52.020539788077386, -29.476239754757028]]]}, "properties": {"cultura": "Soja"}}, {"type": "Feature", "geometry": {"type": "Polygon", "coordinates": [[[-52.01488040178744, -29.475161776416083], [-52.01676686388409, -29.477048238512737], [-52.017036358469326, -29.473275314319434], [-52.01757534763979, -29.476509249342264], [-52.018383831395504, -29.476509249342264], [-52.018114336810264, -29.472466830563725], [-52.01568888554314, -29.47273632514896], [-52.01488040178744, -29.470041379296603], [-52.01488040178744, -29.475161776416083]]]}, "properties": {"cultura": "Soja"}}, {"type": "Feature", "geometry": {"type": "Polygon", "coordinates": [[[-52.00949051008272, -29.473814303489906], [-52.01002949925319, -29.473275314319434], [-52.00895152091225, -29.473275314319434], [-52.00949051008272, -29.473814303489906]]]}, "properties": {"cultura": "Soja"}}, {"type": "Feature", "geometry": {"type": "Polygon", "coordinates": [[[-52.010298993838425, -29.473275314319434], [-52.0108379830089, -29.47354480890467], [-52.0108379830089, -29.473275314319434], [-52.010298993838425, -29.473275314319434]]]}, "properties": {"cultura": "Soja"}}, {"type": "Feature", "geometry": {"type": "Polygon", "coordinates": [[[-52.02027029349215, -29.473005819734198], [-52.01919231515121, -29.471658346808017], [-52.018922820565976, -29.47031087388184], [-52.018922820565976, -29.473814303489906], [-52.02027029349215, -29.473005819734198]]]}, "properties": {"cultura": "Soja"}}, {"type": "Feature", "geometry": {"type": "Polygon", "coordinates": [[[-52.01407191803173, -29.471927841393253], [-52.01407191803173, -29.47031087388184], [-52.01326343427602, -29.470041379296603], [-52.01326343427602, -29.47219733597849], [-52.01407191803173, -29.471927841393253]]]}, "properties": {"cultura": "Soja"}}, {"type": "Feature", "geometry": {"type": "Polygon", "coordinates": [[[-52.00868202632701, -29.471119357637548], [-52.00760404798607, -29.47084986305231], [-52.00760404798607, -29.47138885222278], [-52.00868202632701, -29.471119357637548]]]}, "properties": {"cultura": "Soja"}}, {"type": "Feature", "geometry": {"type": "Polygon", "coordinates": [[[-52.02027029349215, -29.469771884711367], [-52.0213482718331, -29.46896340095566], [-52.0213482718331, -29.468154917199954], [-52.02027029349215, -29.468424411785186], [-52.02027029349215, -29.469771884711367]]]}, "properties": {"cultura": "Soja"}}, {"type": "Feature", "geometry": {"type": "Polygon", "coordinates": [[[-52.01380242344649, -29.469232895540895], [-52.01299393969079, -29.4662684551033], [-52.01326343427602, -29.469232895540895], [-52.01380242344649, -29.469232895540895]]]}, "properties": {"cultura": "Soja"}}, {"type": "Feature", "geometry": {"type": "Polygon", "coordinates": [[[-52.010298993838425, -29.464651487591887], [-52.01002949925319, -29.469771884711367], [-52.01272444510555, -29.468693906370422], [-52.012454950520315, -29.46519047676236], [-52.0116464667646, -29.464651487591887], [-52.01110747759413, -29.464651487591887], [-52.01110747759413, -29.466537949688536], [-52.010298993838425, -29.464651487591887]]]}, "properties": {"cultura": "Soja"}}, {"type": "Feature", "geometry": {"type": "Polygon", "coordinates": [[[-52.0078735425713, -29.46384300383618], [-52.008412531741776, -29.468693906370422], [-52.00895152091225, -29.468693906370422], [-52.00976000466795, -29.466807444273773], [-52.00922101549748, -29.46545997134759], [-52.00868202632701, -29.465729465932828], [-52.00922101549748, -29.464651487591887], [-52.00868202632701, -29.463573509250942], [-52.0078735425713, -29.46384300383618]]]}, "properties": {"cultura": "Soja"}}, {"type": "Feature", "geometry": {"type": "Polygon", "coordinates": [[[-52.01514989637267, -29.465729465932828], [-52.0146109072022, -29.462495530909997], [-52.0146109072022, -29.465729465932828], [-52.01514989637267, -29.465729465932828]]]}, "properties": {"cultura": "Soja"}}, {"type": "Feature", "geometry": {"type": "Polygon", "coordinates": [[[-52.017036358469326, -29.464112498421414], [-52.01595838012838, -29.463573509250942], [-52.016227874713614, -29.46438199300665], [-52.017036358469326, -29.464112498421414]]]}, "properties": {"cultura": "Soja"}}, {"type": "Feature", "geometry": {"type": "Polygon", "coordinates": [[[-52.0108379830089, -29.46114805798382], [-52.012185455935075, -29.464112498421414], [-52.012185455935075, -29.461687047154292], [-52.0108379830089, -29.46114805798382]]]}, "properties": {"cultura": "Soja"}}, {"type": "Feature", "geometry": {"type": "Polygon", "coordinates": [[[-52.00976000466795, -29.461687047154292], [-52.010568488423665, -29.462765025495234], [-52.010568488423665, -29.461687047154292], [-52.00976000466795, -29.461687047154292]]]}, "properties": {"cultura": "Soja"}}, {"type": "Feature", "geometry": {"type": "Polygon", "coordinates": [[[-52.01595838012838, -29.461417552569056], [-52.017036358469326, -29.46195654173953], [-52.017036358469326, -29.460878563398584], [-52.01595838012838, -29.461417552569056]]]}, "properties": {"cultura": "Soja"}}, {"type": "Feature", "geometry": {"type": "Polygon", "coordinates": [[[-52.01973130432168, -29.45710563920528], [-52.02027029349215, -29.456836144620045], [-52.02027029349215, -29.45602766086434], [-52.01973130432168, -29.45602766086434], [-52.01973130432168, -29.45710563920528]]]}, "properties": {"cultura": "Soja"}}, {"type": "Feature", "geometry": {"type": "Polygon", "coordinates": [[[-52.02000079890692, -29.454410693352923], [-52.01919231515121, -29.454141198767687], [-52.01919231515121, -29.454410693352923], [-52.02000079890692, -29.454410693352923]]]}, "properties": {"cultura": "Soja"}}, {"type": "Feature", "geometry": {"type": "Polygon", "coordinates": [[[-52.01973130432168, -29.453332715011978], [-52.02000079890692, -29.45387170418245], [-52.02000079890692, -29.453332715011978], [-52.01973130432168, -29.453332715011978]]]}, "properties": {"cultura": "Soja"}}, {"type": "Feature", "geometry": {"type": "Polygon", "coordinates": [[[-52.014341412616965, -29.455488671693868], [-52.017036358469326, -29.453602209597214], [-52.016497369298854, -29.45144625291533], [-52.01541939095791, -29.45279372584151], [-52.0146109072022, -29.451715747500565], [-52.01407191803173, -29.4519852420858], [-52.014341412616965, -29.45468018793816], [-52.01488040178744, -29.45468018793816], [-52.014341412616965, -29.455488671693868]], [[-52.01488040178744, -29.45468018793816], [-52.01514989637267, -29.454410693352923], [-52.01514989637267, -29.45468018793816], [-52.01488040178744, -29.45468018793816]]]}, "properties": {"cultura": "Soja"}}, {"type": "Feature", "geometry": {"type": "Polygon", "coordinates": [[[-52.02107877724786, -29.453332715011978], [-52.02027029349215, -29.452524231256273], [-52.02027029349215, -29.453602209597214], [-52.02107877724786, -29.453332715011978]]]}, "properties": {"cultura": "Soja"}}, {"type": "Feature", "geometry": {"type": "Polygon", "coordinates": [[[-52.01757534763979, -29.452254736671037], [-52.018383831395504, -29.4519852420858], [-52.018383831395504, -29.451176758330092], [-52.01757534763979, -29.452254736671037]]]}, "properties": {"cultura": "Soja"}}, {"type": "Feature", "geometry": {"type": "Polygon", "coordinates": [[[-52.0070650588156, -29.449290296233443], [-52.00733455340083, -29.451715747500565], [-52.00868202632701, -29.4519852420858], [-52.008143037156536, -29.45009877998915], [-52.00976000466795, -29.45009877998915], [-52.00976000466795, -29.449020801648206], [-52.0070650588156, -29.449290296233443]]]}, "properties": {"cultura": "Soja"}}, {"type": "Feature", "geometry": {"type": "Polygon", "coordinates": [[[-52.012454950520315, -29.449829285403915], [-52.012185455935075, -29.450907263744856], [-52.01353292886126, -29.45144625291533], [-52.01380242344649, -29.450907263744856], [-52.01353292886126, -29.448212317892498], [-52.01137697217937, -29.448481812477734], [-52.012454950520315, -29.449829285403915]], [[-52.01272444510555, -29.449290296233443], [-52.01353292886126, -29.449020801648206], [-52.01353292886126, -29.44955979081868], [-52.01272444510555, -29.449290296233443]]]}, "properties": {"cultura": "Soja"}}, {"type": "Feature", "geometry": {"type": "Polygon", "coordinates": [[[-52.018922820565976, -29.450368274574384], [-52.01973130432168, -29.450368274574384], [-52.02000079890692, -29.448481812477734], [-52.018653325980736, -29.448481812477734], [-52.018922820565976, -29.450368274574384]]]}, "properties": {"cultura": "Soja"}}, {"type": "Feature", "geometry": {"type": "Polygon", "coordinates": [[[-52.010568488423665, -29.443900404528726], [-52.01137697217937, -29.44794282330726], [-52.01380242344649, -29.447673328722026], [-52.01326343427602, -29.44551737204014], [-52.01191596134984, -29.446056361210612], [-52.0116464667646, -29.44282242618778], [-52.010568488423665, -29.443900404528726]]]}, "properties": {"cultura": "Soja"}}, {"type": "Feature", "geometry": {"type": "Polygon", "coordinates": [[[-52.01514989637267, -29.442552931602545], [-52.014341412616965, -29.447673328722026], [-52.01676686388409, -29.447673328722026], [-52.01757534763979, -29.446056361210612], [-52.01595838012838, -29.44551737204014], [-52.016227874713614, -29.443361415358254], [-52.01514989637267, -29.442552931602545]]]}, "properties": {"cultura": "Soja"}}, {"type": "Feature", "geometry": {"type": "Polygon", "coordinates": [[[-52.00976000466795, -29.440935964091132], [-52.00895152091225, -29.440935964091132], [-52.00895152091225, -29.441744447846837], [-52.00976000466795, -29.441744447846837], [-52.00976000466795, -29.440935964091132]]]}, "properties": {"cultura": "Soja"}}, {"type": "Feature", "geometry": {"type": "Polygon", "coordinates": [[[-52.0146109072022, -29.44039697492066], [-52.016227874713614, -29.440127480335423], [-52.016227874713614, -29.43824101823877], [-52.014341412616965, -29.438780007409243], [-52.0146109072022, -29.44039697492066]]]}, "properties": {"cultura": "Soja"}}, {"type": "Feature", "geometry": {"type": "Polygon", "coordinates": [[[-52.00760404798607, -29.428269718585046], [-52.00868202632701, -29.427730729414574], [-52.008412531741776, -29.426922245658865], [-52.00733455340083, -29.427461234829337], [-52.00760404798607, -29.428269718585046]]]}, "properties": {"cultura": "Soja"}}, {"type": "Feature", "geometry": {"type": "Polygon", "coordinates": [[[-52.008412531741776, -29.42665275107363], [-52.00868202632701, -29.426922245658865], [-52.00868202632701, -29.42665275107363], [-52.008412531741776, -29.42665275107363]]]}, "properties": {"cultura": "Soja"}}, {"type": "Feature", "geometry": {"type": "Polygon", "coordinates": [[[-52.008412531741776, -29.42665275107363], [-52.0078735425713, -29.426383256488393], [-52.0078735425713, -29.42665275107363], [-52.008412531741776, -29.42665275107363]]]}, "properties": {"cultura": "Soja"}}, {"type": "Feature", "geometry": {"type": "Polygon", "coordinates": [[[-52.008412531741776, -29.42611376190316], [-52.00868202632701, -29.426383256488393], [-52.00868202632701, -29.42611376190316], [-52.008412531741776, -29.42611376190316]]]}, "properties": {"cultura": "Soja"}}, {"type": "Feature", "geometry": {"type": "Polygon", "coordinates": [[[-52.0070650588156, -29.425574772732688], [-52.00760404798607, -29.42611376190316], [-52.008412531741776, -29.42611376190316], [-52.008412531741776, -29.42530527814745], [-52.0070650588156, -29.425574772732688]]]}, "properties": {"cultura": "Soja"}}, {"type": "Feature", "geometry": {"type": "Polygon", "coordinates": [[[-52.01380242344649, -29.42665275107363], [-52.01488040178744, -29.425844267317924], [-52.01488040178744, -29.424227299806507], [-52.01407191803173, -29.423688310636035], [-52.01326343427602, -29.424227299806507], [-52.01380242344649, -29.42665275107363]]]}, "properties": {"cultura": "Soja"}}, {"type": "Feature", "geometry": {"type": "Polygon", "coordinates": [[[-52.01568888554314, -29.42530527814745], [-52.016227874713614, -29.42530527814745], [-52.01595838012838, -29.423149321465562], [-52.01568888554314, -29.423149321465562], [-52.01568888554314, -29.42530527814745]]]}, "properties": {"cultura": "Soja"}}, {"type": "Feature", "geometry": {"type": "Polygon", "coordinates": [[[-52.00949051008272, -29.424227299806507], [-52.0108379830089, -29.423149321465562], [-52.00922101549748, -29.42287982688033], [-52.00949051008272, -29.424227299806507]]]}, "properties": {"cultura": "Soja"}}, {"type": "Feature", "geometry": {"type": "Polygon", "coordinates": [[[-52.012185455935075, -29.421801848539385], [-52.0116464667646, -29.42395780522127], [-52.01272444510555, -29.424496794391743], [-52.01380242344649, -29.421801848539385], [-52.01299393969079, -29.422610332295093], [-52.012185455935075, -29.422610332295093], [-52.012185455935075, -29.421801848539385]]]}, "properties": {"cultura": "Soja"}}, {"type": "Feature", "geometry": {"type": "Polygon", "coordinates": [[[-52.01137697217937, -29.422340837709857], [-52.0108379830089, -29.421262859368913], [-52.0108379830089, -29.422340837709857], [-52.01137697217937, -29.422340837709857]]]}, "properties": {"cultura": "Soja"}}, {"type": "Feature", "geometry": {"type": "Polygon", "coordinates": [[[-52.008143037156536, -29.42153235395415], [-52.00949051008272, -29.421262859368913], [-52.00949051008272, -29.419376397272263], [-52.0078735425713, -29.419106902687027], [-52.00760404798607, -29.42072387019844], [-52.008143037156536, -29.42153235395415]]]}, "properties": {"cultura": "Soja"}}, {"type": "Feature", "geometry": {"type": "Polygon", "coordinates": [[[-52.00976000466795, -29.418028924346082], [-52.00895152091225, -29.418028924346082], [-52.00922101549748, -29.41883740810179], [-52.00976000466795, -29.41883740810179], [-52.00976000466795, -29.418028924346082]]]}, "properties": {"cultura": "Soja"}}, {"type": "Feature", "geometry": {"type": "Polygon", "coordinates": [[[-52.01973130432168, -29.41236953805613], [-52.02000079890692, -29.41156105430042], [-52.01946180973645, -29.41156105430042], [-52.01973130432168, -29.41236953805613]]]}, "properties": {"cultura": "Soja"}}, {"type": "Feature", "geometry": {"type": "Polygon", "coordinates": [[[-52.01568888554314, -29.41048307595948], [-52.01488040178744, -29.409944086789007], [-52.01488040178744, -29.41048307595948], [-52.01568888554314, -29.41048307595948]]]}, "properties": {"cultura": "Soja"}}, {"type": "Feature", "geometry": {"type": "Polygon", "coordinates": [[[-52.010298993838425, -29.410213581374244], [-52.0116464667646, -29.408866108448063], [-52.010298993838425, -29.408866108448063], [-52.010298993838425, -29.410213581374244]]]}, "properties": {"cultura": "Soja"}}, {"type": "Feature", "geometry": {"type": "Polygon", "coordinates": [[[-52.01568888554314, -29.40967459220377], [-52.016227874713614, -29.411830548885657], [-52.018114336810264, -29.41156105430042], [-52.018114336810264, -29.41048307595948], [-52.01919231515121, -29.40967459220377], [-52.02323473392975, -29.41048307595948], [-52.02242625017404, -29.409944086789007], [-52.022695744759275, -29.407518635521885], [-52.020809282662626, -29.40724914093665], [-52.01272444510555, -29.408866108448063], [-52.01299393969079, -29.410213581374244], [-52.01568888554314, -29.40967459220377]], [[-52.01488040178744, -29.40967459220377], [-52.0146109072022, -29.409405097618535], [-52.01488040178744, -29.409405097618535], [-52.01488040178744, -29.40967459220377]]]}, "properties": {"cultura": "Soja"}}, {"type": "Feature", "geometry": {"type": "Polygon", "coordinates": [[[-51.99951921042899, -29.488636505677878], [-51.997902242917576, -29.488636505677878], [-51.997902242917576, -29.48971448401882], [-51.99951921042899, -29.489444989433583], [-51.99951921042899, -29.488636505677878]]]}, "properties": {"cultura": "Soja"}}, {"type": "Feature", "geometry": {"type": "Polygon", "coordinates": [[[-51.99439881330951, -29.488636505677878], [-51.99493780247998, -29.48782802192217], [-51.995476791650454, -29.487289032751697], [-51.99385982413904, -29.487289032751697], [-51.993320834968564, -29.48836701109264], [-51.99439881330951, -29.488636505677878]]]}, "properties": {"cultura": "Soja"}}, {"type": "Feature", "geometry": {"type": "Polygon", "coordinates": [[[-51.99709375916187, -29.485402570655047], [-51.9973632537471, -29.483516108558394], [-51.99682426457663, -29.483516108558394], [-51.99628527540616, -29.485672065240284], [-51.99709375916187, -29.485402570655047]]]}, "properties": {"cultura": "Soja"}}, {"type": "Feature", "geometry": {"type": "Polygon", "coordinates": [[[-51.99574628623569, -29.482438130217453], [-51.993590329553804, -29.48324661397316], [-51.994129318724276, -29.484324592314103], [-51.99493780247998, -29.484324592314103], [-51.99574628623569, -29.482977119387925], [-51.99574628623569, -29.482438130217453]]]}, "properties": {"cultura": "Soja"}}, {"type": "Feature", "geometry": {"type": "Polygon", "coordinates": [[[-52.01191596134984, -29.4805516681208], [-52.00922101549748, -29.480282173535567], [-52.008143037156536, -29.481090657291272], [-52.008412531741776, -29.479743184365095], [-52.00733455340083, -29.479743184365095], [-52.0070650588156, -29.48136015187651], [-52.00490910213371, -29.481629646461744], [-52.00517859671894, -29.480821162706036], [-52.00329213462229, -29.480821162706036], [-51.99951921042899, -29.482168635632217], [-51.99844123208805, -29.483516108558394], [-52.003831123792764, -29.482168635632217], [-52.00517859671894, -29.482168635632217], [-52.00544809130418, -29.48324661397316], [-52.006526069645126, -29.48324661397316], [-52.0070650588156, -29.482438130217453], [-52.00868202632701, -29.48270762480269], [-52.014341412616965, -29.48136015187651], [-52.01488040178744, -29.479743184365095], [-52.014341412616965, -29.478934700609386], [-52.01272444510555, -29.478934700609386], [-52.01191596134984, -29.4805516681208]]]}, "properties": {"cultura": "Soja"}}, {"type": "Feature", "geometry": {"type": "Polygon", "coordinates": [[[-52.0070650588156, -29.47866520602415], [-52.006526069645126, -29.478395711438914], [-52.006526069645126, -29.47866520602415], [-52.0070650588156, -29.47866520602415]]]}, "properties": {"cultura": "Soja"}}, {"type": "Feature", "geometry": {"type": "Polygon", "coordinates": [[[-52.00167516711088, -29.478126216853678], [-52.00248365086659, -29.4767787439275], [-52.00167516711088, -29.476509249342264], [-52.00167516711088, -29.478126216853678]]]}, "properties": {"cultura": "Soja"}}, {"type": "Feature", "geometry": {"type": "Polygon", "coordinates": [[[-52.005717585889414, -29.474083798075142], [-52.001944661696115, -29.475161776416083], [-52.00167516711088, -29.475970260171792], [-52.00329213462229, -29.475970260171792], [-52.00356162920753, -29.478126216853678], [-52.00437011296324, -29.478126216853678], [-52.004100618378004, -29.475970260171792], [-52.00733455340083, -29.475161776416083], [-52.00760404798607, -29.474353292660375], [-52.005717585889414, -29.474083798075142]]]}, "properties": {"cultura": "Soja"}}, {"type": "Feature", "geometry": {"type": "Polygon", "coordinates": [[[-51.98846993243432, -29.476509249342264], [-51.98685296492291, -29.47543127100132], [-51.98685296492291, -29.476509249342264], [-51.98846993243432, -29.476509249342264]]]}, "properties": {"cultura": "Soja"}}, {"type": "Feature", "geometry": {"type": "Polygon", "coordinates": [[[-52.0003276941847, -29.476239754757028], [-52.00113617794041, -29.474083798075142], [-52.00059718876994, -29.473275314319434], [-51.99951921042899, -29.473275314319434], [-51.99924971584375, -29.47354480890467], [-51.99951921042899, -29.476239754757028], [-52.0003276941847, -29.476239754757028]], [[-51.999788705014225, -29.47543127100132], [-52.000058199599465, -29.475161776416083], [-52.000058199599465, -29.47543127100132], [-51.999788705014225, -29.47543127100132]], [[-52.000058199599465, -29.47462278724561], [-51.99951921042899, -29.473814303489906], [-52.000058199599465, -29.47354480890467], [-52.000058199599465, -29.47462278724561]]]}, "properties": {"cultura": "Soja"}}, {"type": "Feature", "geometry": {"type": "Polygon", "coordinates": [[[-52.00275314545182, -29.474353292660375], [-52.00221415628135, -29.473275314319434], [-52.00113617794041, -29.473005819734198], [-52.00167516711088, -29.474353292660375], [-52.00275314545182, -29.474353292660375]]]}, "properties": {"cultura": "Soja"}}, {"type": "Feature", "geometry": {"type": "Polygon", "coordinates": [[[-52.0003276941847, -29.473005819734198], [-51.999788705014225, -29.47219733597849], [-51.999788705014225, -29.473005819734198], [-52.0003276941847, -29.473005819734198]]]}, "properties": {"cultura": "Soja"}}, {"type": "Feature", "geometry": {"type": "Polygon", "coordinates": [[[-51.98712245950814, -29.47219733597849], [-51.98685296492291, -29.471658346808017], [-51.98685296492291, -29.47219733597849], [-51.98712245950814, -29.47219733597849]]]}, "properties": {"cultura": "Soja"}}, {"type": "Feature", "geometry": {"type": "Polygon", "coordinates": [[[-52.0003276941847, -29.47138885222278], [-52.00167516711088, -29.47273632514896], [-52.00167516711088, -29.470580368467076], [-52.00059718876994, -29.47031087388184], [-52.0003276941847, -29.47138885222278]]]}, "properties": {"cultura": "Soja"}}, {"type": "Feature", "geometry": {"type": "Polygon", "coordinates": [[[-51.99385982413904, -29.471658346808017], [-51.99493780247998, -29.471119357637548], [-51.99493780247998, -29.47219733597849], [-51.99574628623569, -29.472466830563725], [-51.995476791650454, -29.473814303489906], [-51.99628527540616, -29.474083798075142], [-51.99520729706522, -29.46950239012613], [-51.99305134038333, -29.467885422614717], [-51.99385982413904, -29.471658346808017]]]}, "properties": {"cultura": "Soja"}}, {"type": "Feature", "geometry": {"type": "Polygon", "coordinates": [[[-51.98658347033767, -29.471658346808017], [-51.98712245950814, -29.470041379296603], [-51.985774986581966, -29.46950239012613], [-51.98658347033767, -29.471658346808017]]]}, "properties": {"cultura": "Soja"}}, {"type": "Feature", "geometry": {"type": "Polygon", "coordinates": [[[-52.003831123792764, -29.470580368467076], [-52.00356162920753, -29.469771884711367], [-52.00356162920753, -29.470580368467076], [-52.003831123792764, -29.470580368467076]]]}, "properties": {"cultura": "Soja"}}, {"type": "Feature", "geometry": {"type": "Polygon", "coordinates": [[[-52.003831123792764, -29.4662684551033], [-52.005717585889414, -29.47138885222278], [-52.00679556423036, -29.471927841393253], [-52.006526069645126, -29.470580368467076], [-52.00760404798607, -29.47084986305231], [-52.00760404798607, -29.470041379296603], [-52.0070650588156, -29.470041379296603], [-52.006526069645126, -29.46707693885901], [-52.00490910213371, -29.466807444273773], [-52.00437011296324, -29.465998960518064], [-52.003831123792764, -29.4662684551033]]]}, "properties": {"cultura": "Soja"}}, {"type": "Feature", "geometry": {"type": "Polygon", "coordinates": [[[-52.00221415628135, -29.470041379296603], [-52.00356162920753, -29.469771884711367], [-52.00275314545182, -29.46761592802948], [-52.00167516711088, -29.467885422614717], [-52.00221415628135, -29.470041379296603]]]}, "properties": {"cultura": "Soja"}}, {"type": "Feature", "geometry": {"type": "Polygon", "coordinates": [[[-51.98846993243432, -29.468154917199954], [-51.989547910775265, -29.467346433444245], [-51.98793094326385, -29.466537949688536], [-51.987661448678615, -29.467346433444245], [-51.98846993243432, -29.468154917199954]]]}, "properties": {"cultura": "Soja"}}, {"type": "Feature", "geometry": {"type": "Polygon", "coordinates": [[[-52.00517859671894, -29.466537949688536], [-52.005717585889414, -29.465729465932828], [-52.00490910213371, -29.465998960518064], [-52.00517859671894, -29.466537949688536]]]}, "properties": {"cultura": "Soja"}}, {"type": "Feature", "geometry": {"type": "Polygon", "coordinates": [[[-52.00329213462229, -29.46519047676236], [-52.00248365086659, -29.46384300383618], [-52.00275314545182, -29.46519047676236], [-52.00329213462229, -29.46519047676236]]]}, "properties": {"cultura": "Soja"}}, {"type": "Feature", "geometry": {"type": "Polygon", "coordinates": [[[-52.006526069645126, -29.464112498421414], [-52.00760404798607, -29.46384300383618], [-52.00733455340083, -29.462226036324765], [-52.006256575059886, -29.46303452008047], [-52.006526069645126, -29.464112498421414]]]}, "properties": {"cultura": "Soja"}}, {"type": "Feature", "geometry": {"type": "Polygon", "coordinates": [[[-52.00221415628135, -29.458722606716698], [-52.00113617794041, -29.456836144620045], [-52.00113617794041, -29.458992101301934], [-52.00221415628135, -29.458722606716698]]]}, "properties": {"cultura": "Soja"}}, {"type": "Feature", "geometry": {"type": "Polygon", "coordinates": [[[-52.00113617794041, -29.455488671693868], [-52.00248365086659, -29.45468018793816], [-52.00248365086659, -29.456297155449573], [-52.00302264003706, -29.456297155449573], [-52.00302264003706, -29.454410693352923], [-52.00086668335517, -29.454410693352923], [-52.00113617794041, -29.455488671693868]]]}, "properties": {"cultura": "Soja"}}, {"type": "Feature", "geometry": {"type": "Polygon", "coordinates": [[[-51.99763274833234, -29.448212317892498], [-51.997902242917576, -29.449290296233443], [-51.99924971584375, -29.44875130706297], [-51.99898022125852, -29.447673328722026], [-51.99763274833234, -29.448212317892498]]]}, "properties": {"cultura": "Soja"}}, {"type": "Feature", "geometry": {"type": "Polygon", "coordinates": [[[-51.99924971584375, -29.44632585579585], [-51.99951921042899, -29.44740383413679], [-51.999788705014225, -29.44632585579585], [-51.99924971584375, -29.44632585579585]]]}, "properties": {"cultura": "Soja"}}, {"type": "Feature", "geometry": {"type": "Polygon", "coordinates": [[[-51.99763274833234, -29.447673328722026], [-51.998171737502815, -29.443900404528726], [-51.9973632537471, -29.443361415358254], [-51.99709375916187, -29.444169899113962], [-51.99763274833234, -29.447673328722026]]]}, "properties": {"cultura": "Soja"}}, {"type": "Feature", "geometry": {"type": "Polygon", "coordinates": [[[-52.006526069645126, -29.446056361210612], [-52.0078735425713, -29.445786866625376], [-52.008143037156536, -29.443900404528726], [-52.006256575059886, -29.442552931602545], [-52.006526069645126, -29.446056361210612]], [[-52.006526069645126, -29.444169899113962], [-52.0070650588156, -29.444978382869667], [-52.006526069645126, -29.444978382869667], [-52.006526069645126, -29.444169899113962]]]}, "properties": {"cultura": "Soja"}}, {"type": "Feature", "geometry": {"type": "Polygon", "coordinates": [[[-51.99439881330951, -29.44228343701731], [-51.99466830789475, -29.444439393699195], [-51.995476791650454, -29.44363090994349], [-51.99682426457663, -29.444169899113962], [-51.99709375916187, -29.441205458676365], [-51.99439881330951, -29.44228343701731]]]}, "properties": {"cultura": "Soja"}}, {"type": "Feature", "geometry": {"type": "Polygon", "coordinates": [[[-52.00167516711088, -29.443091920773018], [-52.00302264003706, -29.44282242618778], [-52.00248365086659, -29.441205458676365], [-52.00140567252564, -29.441744447846837], [-52.00167516711088, -29.443091920773018]]]}, "properties": {"cultura": "Soja"}}, {"type": "Feature", "geometry": {"type": "Polygon", "coordinates": [[[-52.00167516711088, -29.440127480335423], [-52.00356162920753, -29.441205458676365], [-52.00356162920753, -29.438510512824006], [-52.00167516711088, -29.437432534483065], [-52.00167516711088, -29.440127480335423]]]}, "properties": {"cultura": "Soja"}}, {"type": "Feature", "geometry": {"type": "Polygon", "coordinates": [[[-51.987661448678615, -29.426922245658865], [-51.987661448678615, -29.42611376190316], [-51.98631397575244, -29.42611376190316], [-51.98658347033767, -29.426922245658865], [-51.987661448678615, -29.426922245658865]]]}, "properties": {"cultura": "Soja"}}, {"type": "Feature", "geometry": {"type": "Polygon", "coordinates": [[[-52.00113617794041, -29.4271917402441], [-52.00113617794041, -29.425035783562215], [-52.000058199599465, -29.425035783562215], [-52.0003276941847, -29.426922245658865], [-52.00113617794041, -29.4271917402441]]]}, "properties": {"cultura": "Soja"}}, {"type": "Feature", "geometry": {"type": "Polygon", "coordinates": [[[-51.98820043784909, -29.425035783562215], [-51.98873942701956, -29.424227299806507], [-51.98793094326385, -29.424496794391743], [-51.98820043784909, -29.425035783562215]]]}, "properties": {"cultura": "Soja"}}, {"type": "Feature", "geometry": {"type": "Polygon", "coordinates": [[[-51.98712245950814, -29.42395780522127], [-51.98631397575244, -29.42395780522127], [-51.9860444811672, -29.424496794391743], [-51.98712245950814, -29.42476628897698], [-51.98712245950814, -29.42395780522127]]]}, "properties": {"cultura": "Soja"}}, {"type": "Feature", "geometry": {"type": "Polygon", "coordinates": [[[-51.99439881330951, -29.421801848539385], [-51.995476791650454, -29.42207134312462], [-51.99520729706522, -29.421262859368913], [-51.99439881330951, -29.421801848539385]]]}, "properties": {"cultura": "Soja"}}, {"type": "Feature", "geometry": {"type": "Polygon", "coordinates": [[[-51.98658347033767, -29.418298418931318], [-51.98631397575244, -29.418028924346082], [-51.98631397575244, -29.418298418931318], [-51.98658347033767, -29.418298418931318]]]}, "properties": {"cultura": "Soja"}}, {"type": "Feature", "geometry": {"type": "Polygon", "coordinates": [[[-51.99520729706522, -29.416681451419905], [-51.99628527540616, -29.418298418931318], [-51.99709375916187, -29.415333978493724], [-51.995476791650454, -29.415872967664196], [-51.99520729706522, -29.416681451419905]]]}, "properties": {"cultura": "Soja"}}, {"type": "Feature", "geometry": {"type": "Polygon", "coordinates": [[[-51.99844123208805, -29.416681451419905], [-51.999788705014225, -29.419376397272263], [-51.999788705014225, -29.41641195683467], [-51.998171737502815, -29.41425600015278], [-51.998171737502815, -29.41156105430042], [-51.99763274833234, -29.41156105430042], [-51.99844123208805, -29.416681451419905]]]}, "properties": {"cultura": "Soja"}}, {"type": "Feature", "geometry": {"type": "Polygon", "coordinates": [[[-52.003831123792764, -29.41641195683467], [-52.00356162920753, -29.414525494738015], [-52.00356162920753, -29.41641195683467], [-52.003831123792764, -29.41641195683467]]]}, "properties": {"cultura": "Soja"}}, {"type": "Feature", "geometry": {"type": "Polygon", "coordinates": [[[-51.98820043784909, -29.414525494738015], [-51.989547910775265, -29.415333978493724], [-51.98900892160479, -29.413986505567546], [-51.98820043784909, -29.414525494738015]]]}, "properties": {"cultura": "Soja"}}, {"type": "Feature", "geometry": {"type": "Polygon", "coordinates": [[[-52.004100618378004, -29.412639032641366], [-52.00517859671894, -29.413447516397074], [-52.00517859671894, -29.412639032641366], [-52.004100618378004, -29.412639032641366]]]}, "properties": {"cultura": "Soja"}}, {"type": "Feature", "geometry": {"type": "Polygon", "coordinates": [[[-51.993320834968564, -29.412639032641366], [-51.99493780247998, -29.414525494738015], [-51.99709375916187, -29.413986505567546], [-51.99628527540616, -29.410752570544716], [-51.993590329553804, -29.411291559715185], [-51.993320834968564, -29.412639032641366]]]}, "properties": {"cultura": "Soja"}}, {"type": "Feature", "geometry": {"type": "Polygon", "coordinates": [[[-51.98658347033767, -29.413447516397074], [-51.987391954093376, -29.41371701098231], [-51.987391954093376, -29.412100043470893], [-51.987661448678615, -29.413178021811838], [-51.98900892160479, -29.413178021811838], [-51.98900892160479, -29.41156105430042], [-51.987391954093376, -29.411291559715185], [-51.98658347033767, -29.413447516397074]]]}, "properties": {"cultura": "Soja"}}, {"type": "Feature", "geometry": {"type": "Polygon", "coordinates": [[[-52.01002949925319, -29.4091356030333], [-52.005717585889414, -29.408057624692354], [-51.99924971584375, -29.408866108448063], [-52.000058199599465, -29.41236953805613], [-52.00086668335517, -29.412100043470893], [-52.00059718876994, -29.410213581374244], [-52.00113617794041, -29.410213581374244], [-52.00302264003706, -29.413178021811838], [-52.00517859671894, -29.412100043470893], [-52.00463960754848, -29.410213581374244], [-52.005717585889414, -29.411830548885657], [-52.006526069645126, -29.41048307595948], [-52.006526069645126, -29.41236953805613], [-52.0078735425713, -29.41236953805613], [-52.008412531741776, -29.416142462249432], [-52.00949051008272, -29.415333978493724], [-52.00976000466795, -29.4129085272266], [-52.00868202632701, -29.412639032641366], [-52.00868202632701, -29.41156105430042], [-52.01002949925319, -29.411291559715185], [-52.00949051008272, -29.410752570544716], [-52.01002949925319, -29.4091356030333]], [[-52.00868202632701, -29.41156105430042], [-52.0078735425713, -29.410752570544716], [-52.008412531741776, -29.41048307595948], [-52.00868202632701, -29.41156105430042]], [[-52.008412531741776, -29.41048307595948], [-52.00868202632701, -29.410213581374244], [-52.00868202632701, -29.41048307595948], [-52.008412531741776, -29.41048307595948]], [[-52.00490910213371, -29.40967459220377], [-52.003831123792764, -29.4091356030333], [-52.00490910213371, -29.4091356030333], [-52.00490910213371, -29.40967459220377]]]}, "properties": {"cultura": "Soja"}}, {"type": "Feature", "geometry": {"type": "Polygon", "coordinates": [[[-51.9965547699914, -29.40832711927759], [-51.99628527540616, -29.41048307595948], [-51.99924971584375, -29.411830548885657], [-51.99844123208805, -29.40778813010712], [-51.99763274833234, -29.408596613862827], [-51.9965547699914, -29.40832711927759]]]}, "properties": {"cultura": "Soja"}}, {"type": "Feature", "geometry": {"type": "Polygon", "coordinates": [[[-51.98200206238866, -29.48594155982552], [-51.98038509487725, -29.485672065240284], [-51.98038509487725, -29.487289032751697], [-51.98200206238866, -29.487289032751697], [-51.98200206238866, -29.48594155982552]]]}, "properties": {"cultura": "Soja"}}, {"type": "Feature", "geometry": {"type": "Polygon", "coordinates": [[[-51.983619029900076, -29.469771884711367], [-51.98523599741149, -29.47273632514896], [-51.98469700824102, -29.47031087388184], [-51.983619029900076, -29.469771884711367]]]}, "properties": {"cultura": "Soja"}}, {"type": "Feature", "geometry": {"type": "Polygon", "coordinates": [[[-51.977151159854415, -29.471658346808017], [-51.979307116536305, -29.470041379296603], [-51.979037621951065, -29.468693906370422], [-51.977151159854415, -29.469232895540895], [-51.977151159854415, -29.471658346808017]]]}, "properties": {"cultura": "Soja"}}, {"type": "Feature", "geometry": {"type": "Polygon", "coordinates": [[[-51.92433022114819, -29.452254736671037], [-51.92406072656295, -29.4519852420858], [-51.92406072656295, -29.452254736671037], [-51.92433022114819, -29.452254736671037]]]}, "properties": {"cultura": "Soja"}}, {"type": "Feature", "geometry": {"type": "Polygon", "coordinates": [[[-51.92621668324484, -29.450368274574384], [-51.92271325363677, -29.45009877998915], [-51.923252242807244, -29.451176758330092], [-51.92190476988107, -29.45144625291533], [-51.921365780710595, -29.450368274574384], [-51.92082679154012, -29.451715747500565], [-51.92163527529583, -29.452524231256273], [-51.923521737392484, -29.452524231256273], [-51.92379123197772, -29.451715747500565], [-51.925138704903894, -29.4519852420858], [-51.92621668324484, -29.450368274574384]]]}, "properties": {"cultura": "Soja"}}, {"type": "Feature", "geometry": {"type": "Polygon", "coordinates": [[[-51.9221742644663, -29.449829285403915], [-51.92379123197772, -29.44955979081868], [-51.92379123197772, -29.447673328722026], [-51.9221742644663, -29.447673328722026], [-51.9221742644663, -29.449829285403915]]]}, "properties": {"cultura": "Soja"}}, {"type": "Feature", "geometry": {"type": "Polygon", "coordinates": [[[-51.925677694074366, -29.448481812477734], [-51.92433022114819, -29.44794282330726], [-51.92433022114819, -29.44875130706297], [-51.925677694074366, -29.448481812477734]]]}, "properties": {"cultura": "Soja"}}, {"type": "Feature", "geometry": {"type": "Polygon", "coordinates": [[[-51.94346433669993, -29.444439393699195], [-51.94454231504088, -29.44363090994349], [-51.94292534752946, -29.44363090994349], [-51.94346433669993, -29.444439393699195]]]}, "properties": {"cultura": "Soja"}}, {"type": "Feature", "geometry": {"type": "Polygon", "coordinates": [[[-51.94049989626234, -29.444169899113962], [-51.93969141250663, -29.44363090994349], [-51.93969141250663, -29.444169899113962], [-51.94049989626234, -29.444169899113962]]]}, "properties": {"cultura": "Soja"}}, {"type": "Feature", "geometry": {"type": "Polygon", "coordinates": [[[-51.9326845532905, -29.44039697492066], [-51.93079809119385, -29.439318996579715], [-51.93052859660861, -29.442552931602545], [-51.9289116290972, -29.44228343701731], [-51.9289116290972, -29.441744447846837], [-51.92998960743814, -29.442013942432073], [-51.92945061826767, -29.440935964091132], [-51.927833650756256, -29.441744447846837], [-51.92648617783008, -29.441205458676365], [-51.92648617783008, -29.440127480335423], [-51.927564156171016, -29.440127480335423], [-51.92945061826767, -29.438510512824006], [-51.93025910202338, -29.436085061556884], [-51.925138704903894, -29.43824101823877], [-51.92486921031866, -29.43904950199448], [-51.925947188659606, -29.43904950199448], [-51.925947188659606, -29.439857985750187], [-51.92459971573342, -29.439318996579715], [-51.92379123197772, -29.44039697492066], [-51.925138704903894, -29.441205458676365], [-51.92486921031866, -29.44228343701731], [-51.92298274822201, -29.442013942432073], [-51.92271325363677, -29.443091920773018], [-51.92271325363677, -29.444439393699195], [-51.92459971573342, -29.444978382869667], [-51.92486921031866, -29.446056361210612], [-51.9221742644663, -29.44551737204014], [-51.92244375905154, -29.44632585579585], [-51.92648617783008, -29.44740383413679], [-51.92675567241531, -29.44794282330726], [-51.925677694074366, -29.448481812477734], [-51.92648617783008, -29.44955979081868], [-51.93241505870527, -29.447673328722026], [-51.933762531631444, -29.446056361210612], [-51.93537949914286, -29.446595350381084], [-51.93511000455762, -29.445786866625376], [-51.93295404787573, -29.444978382869667], [-51.93403202621668, -29.44470888828443], [-51.93430152080192, -29.44363090994349], [-51.93241505870527, -29.441205458676365], [-51.9326845532905, -29.44039697492066]], [[-51.93241505870527, -29.440935964091132], [-51.93214556412003, -29.440666469505896], [-51.93241505870527, -29.440666469505896], [-51.93241505870527, -29.440935964091132]], [[-51.93295404787573, -29.442552931602545], [-51.93241505870527, -29.44228343701731], [-51.93295404787573, -29.44228343701731], [-51.93295404787573, -29.442552931602545]], [[-51.93241505870527, -29.44282242618778], [-51.931876069534795, -29.443361415358254], [-51.93106758577908, -29.443091920773018], [-51.93106758577908, -29.442552931602545], [-51.93241505870527, -29.44282242618778]], [[-51.92998960743814, -29.443361415358254], [-51.93079809119385, -29.443900404528726], [-51.92998960743814, -29.443900404528726], [-51.92998960743814, -29.443361415358254]], [[-51.93106758577908, -29.44551737204014], [-51.92918112368243, -29.44551737204014], [-51.9289116290972, -29.44632585579585], [-51.931606574949555, -29.447134339551557], [-51.92918112368243, -29.446595350381084], [-51.92945061826767, -29.44740383413679], [-51.92864213451196, -29.44740383413679], [-51.92675567241531, -29.44632585579585], [-51.92621668324484, -29.44470888828443], [-51.92810314534149, -29.445247877454904], [-51.92810314534149, -29.443900404528726], [-51.9289116290972, -29.443900404528726], [-51.93106758577908, -29.44470888828443], [-51.93106758577908, -29.44551737204014]]]}, "properties": {"cultura": "Soja"}}, {"type": "Feature", "geometry": {"type": "Polygon", "coordinates": [[[-51.94238635835899, -29.44282242618778], [-51.94454231504088, -29.443091920773018], [-51.94481180962611, -29.44228343701731], [-51.94265585294423, -29.442013942432073], [-51.94238635835899, -29.44282242618778]]]}, "properties": {"cultura": "Soja"}}, {"type": "Feature", "geometry": {"type": "Polygon", "coordinates": [[[-51.9822715569739, -29.441744447846837], [-51.97984610570678, -29.443091920773018], [-51.98011560029201, -29.44363090994349], [-51.9822715569739, -29.442552931602545], [-51.9822715569739, -29.441744447846837]]]}, "properties": {"cultura": "Soja"}}, {"type": "Feature", "geometry": {"type": "Polygon", "coordinates": [[[-51.980924084047714, -29.440127480335423], [-51.98065458946248, -29.441744447846837], [-51.981193578632954, -29.442013942432073], [-51.981193578632954, -29.440666469505896], [-51.980924084047714, -29.440127480335423]]]}, "properties": {"cultura": "Soja"}}, {"type": "Feature", "geometry": {"type": "Polygon", "coordinates": [[[-51.94454231504088, -29.441205458676365], [-51.94265585294423, -29.440666469505896], [-51.94265585294423, -29.4414749532616], [-51.94454231504088, -29.441205458676365]]]}, "properties": {"cultura": "Soja"}}, {"type": "Feature", "geometry": {"type": "Polygon", "coordinates": [[[-51.92945061826767, -29.440935964091132], [-51.92998960743814, -29.44039697492066], [-51.92945061826767, -29.44039697492066], [-51.92945061826767, -29.440935964091132]]]}, "properties": {"cultura": "Soja"}}, {"type": "Feature", "geometry": {"type": "Polygon", "coordinates": [[[-51.94373383128517, -29.44039697492066], [-51.9431948421147, -29.439857985750187], [-51.9431948421147, -29.44039697492066], [-51.94373383128517, -29.44039697492066]]]}, "properties": {"cultura": "Soja"}}, {"type": "Feature", "geometry": {"type": "Polygon", "coordinates": [[[-51.936187982898566, -29.44039697492066], [-51.93457101538715, -29.44039697492066], [-51.93457101538715, -29.440935964091132], [-51.937535455824744, -29.440666469505896], [-51.938343939580456, -29.439318996579715], [-51.93699646665427, -29.43904950199448], [-51.936187982898566, -29.44039697492066]]]}, "properties": {"cultura": "Soja"}}, {"type": "Feature", "geometry": {"type": "Polygon", "coordinates": [[[-51.98281054614437, -29.440127480335423], [-51.983080040729604, -29.439857985750187], [-51.98281054614437, -29.439857985750187], [-51.98281054614437, -29.440127480335423]]]}, "properties": {"cultura": "Soja"}}, {"type": "Feature", "geometry": {"type": "Polygon", "coordinates": [[[-51.98281054614437, -29.438510512824006], [-51.983349535314844, -29.43958849116495], [-51.983080040729604, -29.440935964091132], [-51.983619029900076, -29.440935964091132], [-51.983619029900076, -29.439318996579715], [-51.98281054614437, -29.438510512824006]]]}, "properties": {"cultura": "Soja"}}, {"type": "Feature", "geometry": {"type": "Polygon", "coordinates": [[[-51.94562029338182, -29.43958849116495], [-51.94535079879658, -29.43904950199448], [-51.94373383128517, -29.43904950199448], [-51.944003325870405, -29.440127480335423], [-51.94562029338182, -29.43958849116495]]]}, "properties": {"cultura": "Soja"}}, {"type": "Feature", "geometry": {"type": "Polygon", "coordinates": [[[-51.935648993728094, -29.439318996579715], [-51.93511000455762, -29.43904950199448], [-51.93511000455762, -29.43958849116495], [-51.935648993728094, -29.439318996579715]]]}, "properties": {"cultura": "Soja"}}, {"type": "Feature", "geometry": {"type": "Polygon", "coordinates": [[[-51.98173256780343, -29.440935964091132], [-51.98146307321819, -29.43716303989783], [-51.981193578632954, -29.43716303989783], [-51.981193578632954, -29.44039697492066], [-51.98173256780343, -29.440935964091132]]]}, "properties": {"cultura": "Soja"}}, {"type": "Feature", "geometry": {"type": "Polygon", "coordinates": [[[-51.93591848831333, -29.438780007409243], [-51.935648993728094, -29.438510512824006], [-51.935648993728094, -29.438780007409243], [-51.93591848831333, -29.438780007409243]]]}, "properties": {"cultura": "Soja"}}, {"type": "Feature", "geometry": {"type": "Polygon", "coordinates": [[[-51.93591848831333, -29.43824101823877], [-51.9364574774838, -29.438510512824006], [-51.9364574774838, -29.43824101823877], [-51.93591848831333, -29.43824101823877]]]}, "properties": {"cultura": "Soja"}}, {"type": "Feature", "geometry": {"type": "Polygon", "coordinates": [[[-51.9364574774838, -29.437432534483065], [-51.935648993728094, -29.437971523653538], [-51.9364574774838, -29.437971523653538], [-51.9364574774838, -29.437432534483065]]]}, "properties": {"cultura": "Soja"}}, {"type": "Feature", "geometry": {"type": "Polygon", "coordinates": [[[-51.94265585294423, -29.436893545312593], [-51.944003325870405, -29.436624050727357], [-51.94373383128517, -29.435276577801176], [-51.94238635835899, -29.435546072386412], [-51.94265585294423, -29.436893545312593]]]}, "properties": {"cultura": "Soja"}}, {"type": "Feature", "geometry": {"type": "Polygon", "coordinates": [[[-51.93079809119385, -29.435276577801176], [-51.931876069534795, -29.436085061556884], [-51.931606574949555, -29.434737588630707], [-51.93079809119385, -29.435276577801176]]]}, "properties": {"cultura": "Soja"}}, {"type": "Feature", "geometry": {"type": "Polygon", "coordinates": [[[-51.93511000455762, -29.435546072386412], [-51.93484050997239, -29.435007083215943], [-51.93484050997239, -29.435546072386412], [-51.93511000455762, -29.435546072386412]]]}, "properties": {"cultura": "Soja"}}, {"type": "Feature", "geometry": {"type": "Polygon", "coordinates": [[[-51.939960907091866, -29.435276577801176], [-51.939960907091866, -29.435815566971648], [-51.942116863773755, -29.435815566971648], [-51.94238635835899, -29.435007083215943], [-51.9431948421147, -29.434737588630707], [-51.94238635835899, -29.433390115704526], [-51.94130838001805, -29.433390115704526], [-51.94238635835899, -29.432581631948818], [-51.94346433669993, -29.432851126534054], [-51.944003325870405, -29.435007083215943], [-51.94454231504088, -29.432581631948818], [-51.94562029338182, -29.434737588630707], [-51.94642877713753, -29.432581631948818], [-51.94535079879658, -29.43123415902264], [-51.94642877713753, -29.431503653607876], [-51.94642877713753, -29.430156180681696], [-51.94130838001805, -29.43042567526693], [-51.93969141250663, -29.431503653607876], [-51.935648993728094, -29.43231213736358], [-51.93322354246097, -29.434198599460235], [-51.93322354246097, -29.435007083215943], [-51.93591848831333, -29.434737588630707], [-51.93672697206904, -29.43635455614212], [-51.939960907091866, -29.435276577801176]], [[-51.938074444995216, -29.435546072386412], [-51.937535455824744, -29.435007083215943], [-51.938074444995216, -29.435007083215943], [-51.938074444995216, -29.435546072386412]], [[-51.93888292875092, -29.433929104875], [-51.940230401677105, -29.433929104875], [-51.940230401677105, -29.43446809404547], [-51.93942191792139, -29.434737588630707], [-51.93888292875092, -29.433929104875]]]}, "properties": {"cultura": "Soja"}}, {"type": "Feature", "geometry": {"type": "Polygon", "coordinates": [[[-51.950471195916066, -29.43312062111929], [-51.94993220674559, -29.431773148193113], [-51.94993220674559, -29.434198599460235], [-51.950471195916066, -29.43312062111929]]]}, "properties": {"cultura": "Soja"}}, {"type": "Feature", "geometry": {"type": "Polygon", "coordinates": [[[-51.97041379522352, -29.43042567526693], [-51.96987480605305, -29.42988668609646], [-51.96987480605305, -29.43042567526693], [-51.97041379522352, -29.43042567526693]]]}, "properties": {"cultura": "Soja"}}, {"type": "Feature", "geometry": {"type": "Polygon", "coordinates": [[[-51.96987480605305, -29.42988668609646], [-51.96933581688258, -29.429617191511223], [-51.96933581688258, -29.42988668609646], [-51.96987480605305, -29.42988668609646]]]}, "properties": {"cultura": "Soja"}}, {"type": "Feature", "geometry": {"type": "Polygon", "coordinates": [[[-51.94993220674559, -29.430156180681696], [-51.95101018508654, -29.429078202340754], [-51.94966271216036, -29.429347696925987], [-51.94993220674559, -29.430156180681696]]]}, "properties": {"cultura": "Soja"}}, {"type": "Feature", "geometry": {"type": "Polygon", "coordinates": [[[-51.95586108762078, -29.429078202340754], [-51.95613058220602, -29.430156180681696], [-51.956669571376494, -29.430156180681696], [-51.956400076791255, -29.429078202340754], [-51.95586108762078, -29.429078202340754]]]}, "properties": {"cultura": "Soja"}}, {"type": "Feature", "geometry": {"type": "Polygon", "coordinates": [[[-51.95478310927984, -29.428539213170282], [-51.95505260386508, -29.429078202340754], [-51.95586108762078, -29.429078202340754], [-51.95586108762078, -29.428539213170282], [-51.95478310927984, -29.428539213170282]]]}, "properties": {"cultura": "Soja"}}, {"type": "Feature", "geometry": {"type": "Polygon", "coordinates": [[[-51.97688166526918, -29.4271917402441], [-51.97634267609871, -29.426383256488393], [-51.97634267609871, -29.4271917402441], [-51.97688166526918, -29.4271917402441]]]}, "properties": {"cultura": "Soja"}}, {"type": "Feature", "geometry": {"type": "Polygon", "coordinates": [[[-51.975534192343, -29.42530527814745], [-51.97607318151347, -29.42611376190316], [-51.977151159854415, -29.42611376190316], [-51.97634267609871, -29.425574772732688], [-51.977420654439655, -29.425035783562215], [-51.97661217068394, -29.4234188160508], [-51.975534192343, -29.42530527814745]]]}, "properties": {"cultura": "Soja"}}, {"type": "Feature", "geometry": {"type": "Polygon", "coordinates": [[[-51.96232895766644, -29.425574772732688], [-51.96152047391074, -29.423688310636035], [-51.96178996849597, -29.425574772732688], [-51.96232895766644, -29.425574772732688]]]}, "properties": {"cultura": "Soja"}}, {"type": "Feature", "geometry": {"type": "Polygon", "coordinates": [[[-51.96313744142215, -29.4234188160508], [-51.96529339810404, -29.423688310636035], [-51.964754408933565, -29.421801848539385], [-51.962867946836916, -29.42153235395415], [-51.96313744142215, -29.4234188160508]]]}, "properties": {"cultura": "Soja"}}, {"type": "Feature", "geometry": {"type": "Polygon", "coordinates": [[[-51.96205946308121, -29.421801848539385], [-51.960981484740266, -29.421262859368913], [-51.96152047391074, -29.423149321465562], [-51.96205946308121, -29.423149321465562], [-51.96205946308121, -29.421801848539385]]]}, "properties": {"cultura": "Soja"}}, {"type": "Feature", "geometry": {"type": "Polygon", "coordinates": [[[-51.98523599741149, -29.41883740810179], [-51.98631397575244, -29.419376397272263], [-51.98631397575244, -29.418298418931318], [-51.98523599741149, -29.41883740810179]]]}, "properties": {"cultura": "Soja"}}, {"type": "Feature", "geometry": {"type": "Polygon", "coordinates": [[[-51.98523599741149, -29.41560347307896], [-51.98658347033767, -29.417220440590373], [-51.98658347033767, -29.41425600015278], [-51.9860444811672, -29.41425600015278], [-51.9860444811672, -29.41560347307896], [-51.98523599741149, -29.41560347307896]]]}, "properties": {"cultura": "Soja"}}, {"type": "Feature", "geometry": {"type": "Polygon", "coordinates": [[[-51.983080040729604, -29.41425600015278], [-51.98523599741149, -29.413178021811838], [-51.983349535314844, -29.413178021811838], [-51.983080040729604, -29.41425600015278]]]}, "properties": {"cultura": "Soja"}}, {"type": "Feature", "geometry": {"type": "Polygon", "coordinates": [[[-52.00302264003706, -29.466537949688536], [-52.00329213462229, -29.468693906370422], [-52.004100618378004, -29.468693906370422], [-52.00356162920753, -29.466807444273773], [-52.00302264003706, -29.466537949688536]]]}, "properties": {"cultura": "Arroz"}}, {"type": "Feature", "geometry": {"type": "Polygon", "coordinates": [[[-51.99951921042899, -29.464920982177123], [-51.99844123208805, -29.465729465932828], [-51.99951921042899, -29.465729465932828], [-51.99951921042899, -29.464920982177123]]]}, "properties": {"cultura": "Arroz"}}]}