{"type": "FeatureCollection", "features": [{"id": "0", "type": "Feature", "properties": {}, "geometry": {"type": "MultiPolygon", "coordinates": [[[[-51.4885708841774, -30.11468545528498, 0.0], [-51.488141730220086, -30.115264811739625, 0.0], [-51.489909650631844, -30.116504679580814, 0.0], [-51.49318428382862, -30.115902242582127, 0.0], [-51.49256201094985, -30.114900031742916, 0.0], [-51.491660789615786, -30.114964405055662, 0.0], [-51.4919182818105, -30.11541501551606, 0.0], [-51.4885708841774, -30.11468545528498, 0.0]]], [[[-51.487819865650415, -30.11429921679688, 0.0], [-51.48736925453423, -30.113397994519744, 0.0], [-51.48573847093374, -30.113076130203485, 0.0], [-51.487519458239625, -30.114556709031053, 0.0], [-51.487819865650415, -30.11429921679688, 0.0]]], [[[-51.49075956738341, -30.112904468546997, 0.0], [-51.48990125946877, -30.11193887229089, 0.0], [-51.4893004446472, -30.112046160452763, 0.0], [-51.490609363678, -30.113526740729668, 0.0], [-51.49075956738341, -30.112904468546997, 0.0]]], [[[-51.610506459908756, -30.111741726444233, 0.0], [-51.611760430790284, -30.110498779802995, 0.0], [-51.609461482976414, -30.109866001568232, 0.0], [-51.6093308616459, -30.1107021720851, 0.0], [-51.610506459908756, -30.111741726444233, 0.0]]], [[[-51.64584171137253, -30.106955048103668, 0.0], [-51.64441774689992, -30.10735850444227, 0.0], [-51.64377730110295, -30.109826151812896, 0.0], [-51.64555691847801, -30.108806201646058, 0.0], [-51.64624516812284, -30.109257123839672, 0.0], [-51.647241942355365, -30.10776196146486, 0.0], [-51.647953924591654, -30.107856891786756, 0.0], [-51.6482387174862, -30.106171867929643, 0.0], [-51.64719447717238, -30.106005739110646, 0.0], [-51.645911746727045, -30.107548266298796, 0.0], [-51.64584171137253, -30.106955048103668, 0.0]]], [[[-51.469194606181254, -30.10215417383373, 0.0], [-51.46867962269012, -30.102840819549865, 0.0], [-51.47086830409948, -30.103870788116293, 0.0], [-51.47322864906808, -30.10352746593543, 0.0], [-51.473829463889665, -30.105286994756295, 0.0], [-51.47807808285685, -30.11065141303121, 0.0], [-51.48086757998612, -30.11099473532772, 0.0], [-51.48121090261297, -30.110265175090085, 0.0], [-51.48198337919714, -30.111466803771503, 0.0], [-51.48292751574727, -30.111638465594833, 0.0], [-51.48387165409403, -30.11099473532772, 0.0], [-51.483442500136725, -30.10987893641615, 0.0], [-51.48172588700242, -30.10837689900824, 0.0], [-51.47919388206787, -30.10867730629607, 0.0], [-51.47953720469474, -30.110050597112924, 0.0], [-51.47777767544604, -30.10962144442318, 0.0], [-51.47649021447242, -30.108033576163326, 0.0], [-51.476318552709834, -30.106145301729804, 0.0], [-51.47327156338583, -30.103012481593513, 0.0], [-51.471812442446264, -30.101939597671997, 0.0], [-51.469194606181254, -30.10215417383373, 0.0]]], [[[-51.47453885358807, -30.083008721757736, 0.0], [-51.47453885358807, -30.085856649682622, 0.0], [-51.47544069745462, -30.085192133739458, 0.0], [-51.475678024267864, -30.084337755200686, 0.0], [-51.476152678792616, -30.08448015135906, 0.0], [-51.4762001439756, -30.085619322572946, 0.0], [-51.47558309300357, -30.08633130530255, 0.0], [-51.47596281716238, -30.087707802733735, 0.0], [-51.47714945392345, -30.087992595245385, 0.0], [-51.478241158521946, -30.087612872491512, 0.0], [-51.478668348762035, -30.086283838754884, 0.0], [-51.47814622815598, -30.084052962268853, 0.0], [-51.47895314165656, -30.082011947392967, 0.0], [-51.47833609068453, -30.081299966216626, 0.0], [-51.47629507523989, -30.08319858399425, 0.0], [-51.47453885358807, -30.083008721757736, 0.0]]], [[[-51.494664209750184, -30.083720704625662, 0.0], [-51.495281261620526, -30.08319858399425, 0.0], [-51.49661029393056, -30.083151119052275, 0.0], [-51.49703748237403, -30.082486602809055, 0.0], [-51.494616743668885, -30.081442362084562, 0.0], [-51.49148402362575, -30.08120503448768, 0.0], [-51.4924333335736, -30.083103653310197, 0.0], [-51.494664209750184, -30.083720704625662, 0.0]]], [[[-51.64461567540141, -30.080590856818688, 0.0], [-51.642572903750384, -30.079320562591874, 0.0], [-51.64233257836073, -30.079337728618228, 0.0], [-51.64346554437685, -30.080436361322253, 0.0], [-51.64461567540141, -30.080590856818688, 0.0]]], [[[-51.56937964134918, -30.07110692757886, 0.0], [-51.56931526897424, -30.07316686366886, 0.0], [-51.571375205633714, -30.073574559387563, 0.0], [-51.571375205633714, -30.075741784110388, 0.0], [-51.571815912823894, -30.075811109113253, 0.0], [-51.571418119951474, -30.077930466812415, 0.0], [-51.5748728051756, -30.078745859288116, 0.0], [-51.575130297370315, -30.078402535364003, 0.0], [-51.57472260147019, -30.077823178933098, 0.0], [-51.57570965413471, -30.07799483932868, 0.0], [-51.57650358877608, -30.07750131304232, 0.0], [-51.576525045934964, -30.077050702300856, 0.0], [-51.573628260316354, -30.07707216052, 0.0], [-51.57403595711479, -30.076213852999956, 0.0], [-51.57317764920017, -30.074454323714825, 0.0], [-51.57371409074849, -30.07378913647065, 0.0], [-51.57298960486174, -30.072572060072662, 0.0], [-51.57474405952739, -30.07185794618299, 0.0], [-51.57412178664861, -30.07134296170083, 0.0], [-51.57330639484836, -30.071257130822776, 0.0], [-51.572040392830246, -30.072823540596506, 0.0], [-51.57199747761419, -30.071321503793946, 0.0], [-51.56937964134918, -30.07110692757886, 0.0]]], [[[-51.623214794180846, -30.06915857235124, 0.0], [-51.62245948350345, -30.070171374322136, 0.0], [-51.623626782231405, -30.070617694774, 0.0], [-51.62310264311089, -30.069854374261176, 0.0], [-51.623214794180846, -30.06915857235124, 0.0]]], [[[-51.61989183970663, -30.06208968353582, 0.0], [-51.61944252935096, -30.063459411449696, 0.0], [-51.62013130900181, -30.0629251261093, 0.0], [-51.61989183970663, -30.06208968353582, 0.0]]], [[[-51.601973845420225, -30.04040099797789, 0.0], [-51.602231337614946, -30.0408301516264, 0.0], [-51.6030789151535, -30.040089862500526, 0.0], [-51.60371191661171, -30.04042245558779, 0.0], [-51.603808476521614, -30.03991820091473, 0.0], [-51.602799965799896, -30.03878094395118, 0.0], [-51.601973845420225, -30.04040099797789, 0.0]]], [[[-51.60114772504054, -30.035819784784856, 0.0], [-51.60208113390955, -30.03537990302793, 0.0], [-51.60116918309774, -30.0348220032645, 0.0], [-51.60114772504054, -30.035819784784856, 0.0]]], [[[-51.59008842184729, -30.011895976250692, 0.0], [-51.58871018526258, -30.011013142674123, 0.0], [-51.589403642394416, -30.01469184253115, 0.0], [-51.58930338501882, -30.01513838966108, 0.0], [-51.588700011728655, -30.01498925156296, 0.0], [-51.58869782562628, -30.015843643081837, 0.0], [-51.58995314454866, -30.016417016508658, 0.0], [-51.591068943759694, -30.016073693490316, 0.0], [-51.592957218656586, -30.016502847466462, 0.0], [-51.592013081208144, -30.017275322743853, 0.0], [-51.59227057340288, -30.018648614380854, 0.0], [-51.59021063674339, -30.0197644131525, 0.0], [-51.58986731411653, -30.022510994801028, 0.0], [-51.58857985404121, -30.02285431731045, 0.0], [-51.588408192278635, -30.022081841936906, 0.0], [-51.58797903921964, -30.022081841936906, 0.0], [-51.58425142964252, -30.022526311765652, 0.0], [-51.582892960438954, -30.02286559985369, 0.0], [-51.58268396559147, -30.024177503699455, 0.0], [-51.58336319974409, -30.024471548597578, 0.0], [-51.58422530483743, -30.02399655279877, 0.0], [-51.58453879800697, -30.023114410484055, 0.0], [-51.58621076038007, -30.02300131460828, 0.0], [-51.58743860735481, -30.02365726858095, 0.0], [-51.58495678860025, -30.024923924618196, 0.0], [-51.58485229117651, -30.025670339139435, 0.0], [-51.58636750651568, -30.025217967302485, 0.0], [-51.586994491956446, -30.026213183241204, 0.0], [-51.58756922958364, -30.02478821171766, 0.0], [-51.58877095175328, -30.023770363708508, 0.0], [-51.59021063674339, -30.024313439879144, 0.0], [-51.59146176625366, -30.026235802004997, 0.0], [-51.591383393635006, -30.024222741373034, 0.0], [-51.5906397907007, -30.02302597889714, 0.0], [-51.59218474297074, -30.02182435010466, 0.0], [-51.59261389602973, -30.020365228239577, 0.0], [-51.5933863726139, -30.020107735838476, 0.0], [-51.59381552657123, -30.020880211813584, 0.0], [-51.59536047884125, -30.02105187370689, 0.0], [-51.59939452082976, -30.02062271997201, 0.0], [-51.599823673888764, -30.021738519086046, 0.0], [-51.59965201302449, -30.023798455470367, 0.0], [-51.599137028635035, -30.025343408449267, 0.0], [-51.59793539899187, -30.025772561973092, 0.0], [-51.59862204424559, -30.0274033445978, 0.0], [-51.598450382483, -30.029377450089516, 0.0], [-51.600166997413936, -30.029291620165846, 0.0], [-51.60128279572666, -30.029892434292627, 0.0], [-51.601540287921374, -30.030579079882564, 0.0], [-51.60093947309981, -30.031437387180176, 0.0], [-51.60128279572666, -30.0328106778616, 0.0], [-51.60286505053887, -30.032295693266768, 0.0], [-51.600997521335145, -30.033319966220485, 0.0], [-51.601212098313795, -30.03469325725763, 0.0], [-51.60254247360518, -30.034285562409966, 0.0], [-51.60363681565733, -30.034650342662534, 0.0], [-51.60358737148578, -30.033567169546203, 0.0], [-51.603775443671985, -30.034771944854725, 0.0], [-51.60422636560526, -30.035033005312016, 0.0], [-51.60472223743873, -30.033496667074957, 0.0], [-51.60420804266841, -30.03358341570998, 0.0], [-51.60337064394033, -30.032679260927214, 0.0], [-51.60358485979624, -30.033440136741113, 0.0], [-51.603164745585644, -30.032955186515004, 0.0], [-51.601319386803134, -30.03353454266836, 0.0], [-51.60318620364282, -30.032633321731705, 0.0], [-51.60214110274297, -30.029720772929643, 0.0], [-51.603600224580866, -30.029034127615677, 0.0], [-51.60394354720773, -30.02808998954217, 0.0], [-51.60548849947776, -30.026888360684794, 0.0], [-51.60583182210461, -30.025772561973092, 0.0], [-51.6055743299099, -30.02191018027117, 0.0], [-51.60377188544514, -30.020193565935315, 0.0], [-51.60248442536982, -30.020966042797404, 0.0], [-51.60111113396407, -30.020279397513498, 0.0], [-51.601454649728716, -30.019257218246377, 0.0], [-51.600509773865106, -30.017946195909825, 0.0], [-51.60059272879002, -30.01560006768868, 0.0], [-51.59976129038387, -30.01522943483906, 0.0], [-51.60043523166282, -30.014713679851955, 0.0], [-51.60023309999999, -30.013199200000003, 0.0], [-51.597111999999996, -30.013373699999992, 0.0], [-51.596304615391375, -30.012640466391854, 0.0], [-51.59619283622395, -30.011668129916234, 0.0], [-51.59502663444233, -30.01136668416352, 0.0], [-51.58924957876786, -30.011002313417563, 0.0], [-51.59008842184729, -30.011895976250692, 0.0]]], [[[-51.46194191400447, -30.097690978921314, 0.0], [-51.46301479710112, -30.09940759222655, 0.0], [-51.46597595599298, -30.099793830638877, 0.0], [-51.46679134689491, -30.10052339124784, 0.0], [-51.467306331284355, -30.100308814654245, 0.0], [-51.46726341606829, -30.09880677789092, 0.0], [-51.46584720944646, -30.098935523683327, 0.0], [-51.46348686537619, -30.097648063653615, 0.0], [-51.46194191400447, -30.097690978921314, 0.0]]], [[[-51.39144207481122, -30.096400595927637, 0.0], [-51.38984347694906, -30.096014357469034, 0.0], [-51.38857747493094, -30.098224498282597, 0.0], [-51.38984347694906, -30.099007702578618, 0.0], [-51.39144207481122, -30.096400595927637, 0.0]]], [[[-51.37787493712186, -30.097324236122567, 0.0], [-51.377410764670756, -30.097410066920485, 0.0], [-51.377367320394896, -30.09744251775617, 0.0], [-51.37787493712186, -30.097324236122567, 0.0]]], [[[-51.41034829136864, -30.093538004563758, 0.0], [-51.40854675599896, -30.095374975755917, 0.0], [-51.406615565886, -30.095278416058175, 0.0], [-51.40268881148849, -30.096244011123158, 0.0], [-51.400373243045244, -30.097853120714277, 0.0], [-51.40059668819239, -30.0985583457593, 0.0], [-51.40371878026739, -30.096694622241838, 0.0], [-51.41063887839675, -30.09489217787847, 0.0], [-51.41299574546751, -30.09491041186699, 0.0], [-51.413022349594016, -30.094422003625148, 0.0], [-51.413468306538725, -30.094411045563085, 0.0], [-51.41212927867453, -30.093666750223143, 0.0], [-51.41034829136864, -30.093538004563758, 0.0]]], [[[-51.38180056556292, -30.096178689854817, 0.0], [-51.38206547514695, -30.096079691281286, 0.0], [-51.38202416432198, -30.096079691281286, 0.0], [-51.38180056556292, -30.096178689854817, 0.0]]], [[[-51.456543831461, -30.08881179110633, 0.0], [-51.45433369109611, -30.089841758948772, 0.0], [-51.45450535196038, -30.0903782003974, 0.0], [-51.45512762483917, -30.09039965805701, 0.0], [-51.45487013264444, -30.09100047296675, 0.0], [-51.45336809559047, -30.090785895910624, 0.0], [-51.453346637533286, -30.09181586417575, 0.0], [-51.45248833141529, -30.092845832593017, 0.0], [-51.45306768817969, -30.093360817052847, 0.0], [-51.45255270468854, -30.093902027125477, 0.0], [-51.45562115117142, -30.09514180395358, 0.0], [-51.456071762287614, -30.09449807348064, 0.0], [-51.45750942606831, -30.094562446094788, 0.0], [-51.45845356351676, -30.09374705499747, 0.0], [-51.4595479046706, -30.093961631844984, 0.0], [-51.45856085200608, -30.09258834052305, 0.0], [-51.460170178447704, -30.091794406823507, 0.0], [-51.46019163470826, -30.091021930491294, 0.0], [-51.45877542988306, -30.089240943993726, 0.0], [-51.456543831461, -30.08881179110633, 0.0]]], [[[-51.42959582281828, -30.08955760600758, 0.0], [-51.42781483641071, -30.089954572530242, 0.0], [-51.427171106373045, -30.091349321357104, 0.0], [-51.42566906931909, -30.092121797463218, 0.0], [-51.42414557420793, -30.091392237027378, 0.0], [-51.424660558597374, -30.090491014921376, 0.0], [-51.42309414827016, -30.09010477669312, 0.0], [-51.422171468878894, -30.090877253195362, 0.0], [-51.42137753513586, -30.093387800175787, 0.0], [-51.42079817747314, -30.093666750223143, 0.0], [-51.42017590459436, -30.09358092006126, 0.0], [-51.41944634412458, -30.09214325552166, 0.0], [-51.41807305361712, -30.09229345946866, 0.0], [-51.41644227091496, -30.091005999210523, 0.0], [-51.41474222720607, -30.09437974058279, 0.0], [-51.42053593448079, -30.094092549991608, 0.0], [-51.42529326900144, -30.09278117128404, 0.0], [-51.428279784025136, -30.093252597664172, 0.0], [-51.4284156512323, -30.0908450664711, 0.0], [-51.42968165325042, -30.09011550516455, 0.0], [-51.42959582281828, -30.08955760600758, 0.0]]], [[[-51.4280934740489, -30.07598716357175, 0.0], [-51.42480256787075, -30.078621340848294, 0.0], [-51.424000500781126, -30.07810696058943, 0.0], [-51.42418986204975, -30.077253534524264, 0.0], [-51.4229320275142, -30.076541552525704, 0.0], [-51.421388778449945, -30.077949682957378, 0.0], [-51.422145130274764, -30.07900103593641, 0.0], [-51.42456196759664, -30.078813051482513, 0.0], [-51.422943944564764, -30.08080182897606, 0.0], [-51.422304351268984, -30.080852680314372, 0.0], [-51.422664995211164, -30.081831797066677, 0.0], [-51.42465509324719, -30.082990454139416, 0.0], [-51.42218310655341, -30.085139665525496, 0.0], [-51.421861241983734, -30.086877737545063, 0.0], [-51.422440598748125, -30.087618027386664, 0.0], [-51.423631499811876, -30.088036452095366, 0.0], [-51.42517645208189, -30.08758584037872, 0.0], [-51.42826635752028, -30.087939891448745, 0.0], [-51.4292282142377, -30.086687481293204, 0.0], [-51.430344013448746, -30.087932026217327, 0.0], [-51.430344013448746, -30.089348232701813, 0.0], [-51.43148126981866, -30.087717448720706, 0.0], [-51.43044651751086, -30.086592082923772, 0.0], [-51.433007592826314, -30.08586583958104, 0.0], [-51.43298613476914, -30.083355292063278, 0.0], [-51.43513190275906, -30.07917104554479, 0.0], [-51.4344638867677, -30.07866231167972, 0.0], [-51.43330517234061, -30.078962719098126, 0.0], [-51.433648494967464, -30.07756796970705, 0.0], [-51.433326630397794, -30.0767954941915, 0.0], [-51.43130960895438, -30.076924239881798, 0.0], [-51.43199625420811, -30.07591572969274, 0.0], [-51.43016328678662, -30.07501450726123, 0.0], [-51.42894827494067, -30.072542587494834, 0.0], [-51.42776163907789, -30.072732449606626, 0.0], [-51.4280464310741, -30.073444431030385, 0.0], [-51.42747684618337, -30.074631067789905, 0.0], [-51.4280934740489, -30.07598716357175, 0.0]]], [[[-51.46593398670291, -30.079352220588408, 0.0], [-51.46449714488069, -30.079216583033563, 0.0], [-51.464209776516235, -30.07844796515511, 0.0], [-51.46360891498227, -30.08055034696635, 0.0], [-51.46400078077044, -30.080889436321364, 0.0], [-51.46475838844004, -30.080301679819602, 0.0], [-51.46593398670291, -30.080844224526363, 0.0], [-51.46716183457596, -30.080301679819602, 0.0], [-51.468180685804896, -30.079555676960634, 0.0], [-51.468102313186264, -30.07849317804536, 0.0], [-51.468677049915144, -30.07801844050121, 0.0], [-51.468914564476265, -30.077308256593003, 0.0], [-51.467501451652275, -30.078583603763864, 0.0], [-51.46622135596567, -30.078470571214154, 0.0], [-51.46593398670291, -30.079352220588408, 0.0]]], [[[-51.46124114992942, -30.054166238652453, 0.0], [-51.46388259661504, -30.05122576064465, 0.0], [-51.4616896976154, -30.050328665449722, 0.0], [-51.45570906389838, -30.049730602655803, 0.0], [-51.456456642776146, -30.05177398541657, 0.0], [-51.45929744448793, -30.054515109627495, 0.0], [-51.46124114992942, -30.054166238652453, 0.0]]], [[[-51.30044245805217, -29.961775170870194, 0.0], [-51.29786753700325, -29.9648221605518, 0.0], [-51.290786505690726, -29.96859871065634, 0.0], [-51.28722453197729, -29.972117769551875, 0.0], [-51.28031516242736, -29.98306118233886, 0.0], [-51.27593779691366, -29.986923562459474, 0.0], [-51.268556357292056, -29.997952805860418, 0.0], [-51.26477980749827, -30.008080828049696, 0.0], [-51.26293444691912, -30.010913240023676, 0.0], [-51.26298787781391, -30.01159192250866, 0.0], [-51.26232923035265, -30.011940363869872, 0.0], [-51.26346460475204, -30.013593721833118, 0.0], [-51.26484685700154, -30.020694826502126, 0.0], [-51.26777863185167, -30.030427603235626, 0.0], [-51.27347989490523, -30.035085579412787, 0.0], [-51.273568299010655, -30.037427709688075, 0.0], [-51.27229497931622, -30.039282835672804, 0.0], [-51.27298162456995, -30.03962615919327, 0.0], [-51.27512739166156, -30.038767852049872, 0.0], [-51.278405485714806, -30.036744162548697, 0.0], [-51.275548845379376, -30.034206722781907, 0.0], [-51.27392459690348, -30.033463893188372, 0.0], [-51.273024046275786, -30.031964044356787, 0.0], [-51.26894758258143, -30.02855400037345, 0.0], [-51.26868064759327, -30.02358804646791, 0.0], [-51.267230969447134, -30.021344222167183, 0.0], [-51.267928489705675, -30.01904784013987, 0.0], [-51.26795141650836, -30.01562869225305, 0.0], [-51.276096712220365, -30.013109016076502, 0.0], [-51.276881934362116, -30.010827409673837, 0.0], [-51.27761149573023, -30.010827409673837, 0.0], [-51.27780702932317, -30.01149084875514, 0.0], [-51.278272745610856, -30.011523169404658, 0.0], [-51.27866412541047, -30.014562853360076, 0.0], [-51.27815570860407, -30.01731601871712, 0.0], [-51.28102504679027, -30.02195021365756, 0.0], [-51.282084086257285, -30.021779474566127, 0.0], [-51.285560229538596, -30.014741358030783, 0.0], [-51.28898406122597, -30.012029038703528, 0.0], [-51.288941146009904, -30.01001201725745, 0.0], [-51.289695360991786, -30.008589418577845, 0.0], [-51.289842369140594, -30.006996530999732, 0.0], [-51.289670707378015, -30.00374637834885, 0.0], [-51.29048609917825, -30.00001274301311, 0.0], [-51.2957726, -30.000455499999997, 0.0], [-51.29597926210636, -30.00202976392807, 0.0], [-51.299372343563235, -30.00262555435053, 0.0], [-51.29961843142898, -30.003240029111286, 0.0], [-51.2999703897771, -30.002673494315232, 0.0], [-51.30057120459869, -30.002802239891533, 0.0], [-51.300593684040365, -30.00473138710451, 0.0], [-51.30232240915964, -30.009314966519177, 0.0], [-51.30145050354835, -30.01232871965224, 0.0], [-51.30242088158278, -30.014508293413552, 0.0], [-51.302424564675434, -30.017147172321625, 0.0], [-51.30323873746185, -30.020011623838005, 0.0], [-51.304193399999996, -30.02752, 0.0], [-51.302070199999996, -30.035762999999992, 0.0], [-51.29931144946505, -30.036149133724784, 0.0], [-51.2974558, -30.035893799999997, 0.0], [-51.29638619999999, -30.041290399999998, 0.0], [-51.292799060828365, -30.04693220309775, 0.0], [-51.29559801081157, -30.045033491960876, 0.0], [-51.29692838700125, -30.041686094774175, 0.0], [-51.29795835578015, -30.040741958251083, 0.0], [-51.29941747671974, -30.04057029623981, 0.0], [-51.30169198945956, -30.042286910744558, 0.0], [-51.302197199999995, -30.044696799999997, 0.0], [-51.302131443499924, -30.04811517465297, 0.0], [-51.301104648468915, -30.049757558022428, 0.0], [-51.29921220253086, -30.051154997364588, 0.0], [-51.30135983738326, -30.052358154994263, 0.0], [-51.30053327503245, -30.05314449208136, 0.0], [-51.30135758081527, -30.054000612623472, 0.0], [-51.30327556723861, -30.053095136937046, 0.0], [-51.303367514551084, -30.052619225095277, 0.0], [-51.30446043726509, -30.05249249508172, 0.0], [-51.30700414634948, -30.053173230988435, 0.0], [-51.30886098802724, -30.054279395138362, 0.0], [-51.30953673533254, -30.053509234025913, 0.0], [-51.30933964391732, -30.05272810706153, 0.0], [-51.31066502457571, -30.052223284432646, 0.0], [-51.311713379173526, -30.052731565604628, 0.0], [-51.3118992889621, -30.05362568049154, 0.0], [-51.31419357055408, -30.056232408612345, 0.0], [-51.314886507234775, -30.05621580372083, 0.0], [-51.31487207322503, -30.057003313107504, 0.0], [-51.3154717, -30.057684599999995, 0.0], [-51.31867400569525, -30.056883677217712, 0.0], [-51.31987829861396, -30.057374677406738, 0.0], [-51.32010155264923, -30.056954867476172, 0.0], [-51.32072409999999, -30.057719499999997, 0.0], [-51.3216726, -30.0566793, 0.0], [-51.32696990129681, -30.057960999668694, 0.0], [-51.331121, -30.056900499999998, 0.0], [-51.33863268975471, -30.05964363422604, 0.0], [-51.33949801219654, -30.059518298467612, 0.0], [-51.34002589908842, -30.06013412304483, 0.0], [-51.344307317343244, -30.061715869718697, 0.0], [-51.34470373758992, -30.062808333704506, 0.0], [-51.3437103, -30.064787, 0.0], [-51.347679284647114, -30.069480315648335, 0.0], [-51.350166879719524, -30.07165076655244, 0.0], [-51.355347700219966, -30.078548174609363, 0.0], [-51.35601938403263, -30.07960420702781, 0.0], [-51.35671200308299, -30.083970450626367, 0.0], [-51.36283011531132, -30.087342755572966, 0.0], [-51.36343883047561, -30.0872432715622, 0.0], [-51.365102, -30.088594999999998, 0.0], [-51.36758114011711, -30.09294766742359, 0.0], [-51.36881678357021, -30.09360524577815, 0.0], [-51.36831750725925, -30.094274316604217, 0.0], [-51.36969917399218, -30.09671465406427, 0.0], [-51.3765209402627, -30.096750040032603, 0.0], [-51.37527578365074, -30.096877095755037, 0.0], [-51.377239102908156, -30.09738861000522, 0.0], [-51.37952854456542, -30.096938922992855, 0.0], [-51.380061455918955, -30.096299429166493, 0.0], [-51.379799064312664, -30.096636874358907, 0.0], [-51.38221728324344, -30.09582219908459, 0.0], [-51.38363348986527, -30.095706812629874, 0.0], [-51.38713108940714, -30.09762464436653, 0.0], [-51.38907367824274, -30.096428175115783, 0.0], [-51.38894493259453, -30.095398206712765, 0.0], [-51.39025564556097, -30.09265170941385, 0.0], [-51.381788799429316, -30.092941303429846, 0.0], [-51.37873108062758, -30.09406783042409, 0.0], [-51.376144169764544, -30.094260950535666, 0.0], [-51.37355978137084, -30.095333833088393, 0.0], [-51.37144724924977, -30.09528497653708, 0.0], [-51.36984760485031, -30.095902462470313, 0.0], [-51.36955792601895, -30.095162172475874, 0.0], [-51.37035782008391, -30.094623346820768, 0.0], [-51.36920387481264, -30.093971271781317, 0.0], [-51.368312596930465, -30.092743925374656, 0.0], [-51.36878943795463, -30.091460477684844, 0.0], [-51.36850333262148, -30.089457758252482, 0.0], [-51.36248607728527, -30.08581558233799, 0.0], [-51.363603662347096, -30.085944328725056, 0.0], [-51.36695105818357, -30.08427062972057, 0.0], [-51.37036282819162, -30.083626899983948, 0.0], [-51.37216527265639, -30.082661304519046, 0.0], [-51.37280900269403, -30.081373844004727, 0.0], [-51.37255151049931, -30.077060852278514, 0.0], [-51.373130868162015, -30.07545152715995, 0.0], [-51.37145717024379, -30.07422843950909, 0.0], [-51.37145717024379, -30.073391590435417, 0.0], [-51.372680257045815, -30.072168502197265, 0.0], [-51.37450404009184, -30.070537839220062, 0.0], [-51.37430053844233, -30.071245249746795, 0.0], [-51.37468677538694, -30.071760233960088, 0.0], [-51.37606006769101, -30.071760233960088, 0.0], [-51.377304612550255, -30.07137399566269, 0.0], [-51.37880664960423, -30.06982904372314, 0.0], [-51.3808665862637, -30.06914239810317, 0.0], [-51.38095241669584, -30.068198259787764, 0.0], [-51.37947684670509, -30.066221570875694, 0.0], [-51.3896481248158, -30.062909014595114, 0.0], [-51.391514942553805, -30.060816890857645, 0.0], [-51.394057676966106, -30.060816890857645, 0.0], [-51.395473882689615, -30.059593804268523, 0.0], [-51.3964716648319, -30.059593804268523, 0.0], [-51.396825716936505, -30.05898225958375, 0.0], [-51.39657083344936, -30.058341138681325, 0.0], [-51.39318864047205, -30.057437307816205, 0.0], [-51.392480538059445, -30.05763042635616, 0.0], [-51.390517160411534, -30.059819109211862, 0.0], [-51.388714716845094, -30.05843508936395, 0.0], [-51.386486164610155, -30.058280376560905, 0.0], [-51.38887564823161, -30.056407339277406, 0.0], [-51.39089977445061, -30.053077076408893, 0.0], [-51.39138619690561, -30.056149847218055, 0.0], [-51.3944112691333, -30.056972024942056, 0.0], [-51.39486795555577, -30.05493212393271, 0.0], [-51.39406329233495, -30.051713473527666, 0.0], [-51.394496933377106, -30.05093807085007, 0.0], [-51.39441734354126, -30.0495247911217, 0.0], [-51.39570480451487, -30.04762578700547, 0.0], [-51.3977003679011, -30.047142989382312, 0.0], [-51.40120869781904, -30.047303921666426, 0.0], [-51.40355831241156, -30.0455336638242, 0.0], [-51.40561824907105, -30.045147425843222, 0.0], [-51.40693789578299, -30.043827779191428, 0.0], [-51.40951281683191, -30.044407136317584, 0.0], [-51.40996342794811, -30.04392433855895, 0.0], [-51.409512815933596, -30.04257250584768, 0.0], [-51.4105427847125, -30.0419287755006, 0.0], [-51.4121842959941, -30.042604691166567, 0.0], [-51.413922368083924, -30.04250813206806, 0.0], [-51.41417986027864, -30.047046429264263, 0.0], [-51.41479140367966, -30.046531445562156, 0.0], [-51.415715315559495, -30.04528065673258, 0.0], [-51.414855776054615, -30.043023116468195, 0.0], [-51.414984522601124, -30.04112411212826, 0.0], [-51.41105776820363, -30.039836651758886, 0.0], [-51.4111221423752, -30.03848481926297, 0.0], [-51.41475921704305, -30.039514787551973, 0.0], [-51.41698008688567, -30.03961134645723, 0.0], [-51.41694253820511, -30.041751792625043, 0.0], [-51.41971593932113, -30.041059738962776, 0.0], [-51.4198124983327, -30.044761187133894, 0.0], [-51.421003400294744, -30.045018679255715, 0.0], [-51.42145401141094, -30.04244375980185, 0.0], [-51.42225867373343, -30.041960961028607, 0.0], [-51.42203336817533, -30.04025507708641, 0.0], [-51.421035586931374, -30.03993321112816, 0.0], [-51.4211965192162, -30.039386041420908, 0.0], [-51.422065554811965, -30.039128549434576, 0.0], [-51.42399674492493, -30.040641314700586, 0.0], [-51.42361050708198, -30.042894370230318, 0.0], [-51.42518764598865, -30.042186267208226, 0.0], [-51.42586356266293, -30.043184049224653, 0.0], [-51.426603852610484, -30.043184049224653, 0.0], [-51.426893531441834, -30.042186267208226, 0.0], [-51.42493015379392, -30.04025507708641, 0.0], [-51.42361050708198, -30.03661800074574, 0.0], [-51.42409330483481, -30.03645706898908, 0.0], [-51.42573481701474, -30.03780890193116, 0.0], [-51.42637854705238, -30.03777671505435, 0.0], [-51.42969375715054, -30.034912116581918, 0.0], [-51.43072372592944, -30.0355558466328, 0.0], [-51.43101340386248, -30.036360508565316, 0.0], [-51.431142149510684, -30.04089880742139, 0.0], [-51.43069153929282, -30.04215408097577, 0.0], [-51.431109962874054, -30.043312795086056, 0.0], [-51.43194461814725, -30.043997489178807, 0.0], [-51.432172118289586, -30.04366684670307, 0.0], [-51.43201118510645, -30.041574723115524, 0.0], [-51.432783661690614, -30.039643533515747, 0.0], [-51.43220430492622, -30.039064175750198, 0.0], [-51.433523951638165, -30.0381307677912, 0.0], [-51.4344895471438, -30.039225108716227, 0.0], [-51.435648261570904, -30.039128549434576, 0.0], [-51.435583888297636, -30.04279781063652, 0.0], [-51.43632417734687, -30.043505913953304, 0.0], [-51.4362536263594, -30.045009053212357, 0.0], [-51.43720589984939, -30.044666234353908, 0.0], [-51.43831974163142, -30.043023116468195, 0.0], [-51.43745070603566, -30.040802247437878, 0.0], [-51.437161027204304, -30.03777671505435, 0.0], [-51.43580919385573, -30.037744529722445, 0.0], [-51.435777007219116, -30.035845524530238, 0.0], [-51.44086247604372, -30.034622437511352, 0.0], [-51.44173151163946, -30.033367164197525, 0.0], [-51.44514909823898, -30.034984147761353, 0.0], [-51.445737033016016, -30.034677931285255, 0.0], [-51.44522204862656, -30.03261799544077, 0.0], [-51.445561706127066, -30.031017549609235, 0.0], [-51.449198780794895, -30.02956915575697, 0.0], [-51.45122653081774, -30.029858834820715, 0.0], [-51.45299678864588, -30.029279477402117, 0.0], [-51.453313270510364, -30.029628144374794, 0.0], [-51.45499235293042, -30.028828866500685, 0.0], [-51.45850068195005, -30.028410441924606, 0.0], [-51.459741152949476, -30.029980222017002, 0.0], [-51.4611842138084, -30.03021297339753, 0.0], [-51.464905796588276, -30.02956915575697, 0.0], [-51.466096697652006, -30.03043819118616, 0.0], [-51.467931328753394, -30.030534751158516, 0.0], [-51.470184384334345, -30.029665715020467, 0.0], [-51.47211557534562, -30.030727870043272, 0.0], [-51.473177728964515, -30.03005195346698, 0.0], [-51.4732421031361, -30.029182917762366, 0.0], [-51.47433644339162, -30.029440409926007, 0.0], [-51.47449737657477, -30.028024203303758, 0.0], [-51.47578483665007, -30.029118544616956, 0.0], [-51.47732978981842, -30.027187354925182, 0.0], [-51.47807007886765, -30.026994235364437, 0.0], [-51.47871380890532, -30.02844262795473, 0.0], [-51.478134451242596, -30.03253031504338, 0.0], [-51.47572046337682, -30.032916553214875, 0.0], [-51.47451150887082, -30.033599691423724, 0.0], [-51.47386812558286, -30.035219749281225, 0.0], [-51.47535391480829, -30.036875928532563, 0.0], [-51.478077206999444, -30.036587298844974, 0.0], [-51.479664334273735, -30.035147208109596, 0.0], [-51.481627678684, -30.031925310254532, 0.0], [-51.48246299511724, -30.031496988304742, 0.0], [-51.48362391580667, -30.031866959951554, 0.0], [-51.48305105845538, -30.030671165094848, 0.0], [-51.48044093682001, -30.02998565834066, 0.0], [-51.480634320744485, -30.028229996505353, 0.0], [-51.478477600000005, -30.023715999999997, 0.0], [-51.47229113669485, -30.02379350725153, 0.0], [-51.46568724734213, -30.022622215215193, 0.0], [-51.45674507115262, -30.017145986909597, 0.0], [-51.456301367442, -30.014457282872556, 0.0], [-51.4557781245808, -30.014062224938073, 0.0], [-51.45590218102322, -30.012038639168935, 0.0], [-51.45345815191056, -30.011153967559455, 0.0], [-51.45179235086912, -30.011340526092678, 0.0], [-51.449840099999996, -30.009844400000002, 0.0], [-51.44814337172716, -30.01022096560122, 0.0], [-51.44769455454658, -30.011065552365427, 0.0], [-51.44710859336822, -30.010733055244295, 0.0], [-51.4465958607511, -30.004912616906573, 0.0], [-51.44595106112404, -30.003897887975768, 0.0], [-51.4464663, -30.0017661, 0.0], [-51.44541922164491, -30.000531988118393, 0.0], [-51.44504768936975, -29.998080094638254, 0.0], [-51.44308689602834, -29.997091124025083, 0.0], [-51.44238003149421, -29.992242678329156, 0.0], [-51.4425873, -29.991014700000004, 0.0], [-51.4363337, -29.9861688, 0.0], [-51.43520057626759, -29.98419397171921, 0.0], [-51.42786141046492, -29.986956023382152, 0.0], [-51.412240225103695, -29.98884429869317, 0.0], [-51.40125389655256, -29.98729934600776, 0.0], [-51.39352913520239, -29.983351134170896, 0.0], [-51.384259420683875, -29.980089568249618, 0.0], [-51.37273801782029, -29.97720163932787, 0.0], [-51.36658960216439, -29.97486663729644, 0.0], [-51.357276972429794, -29.96885848923383, 0.0], [-51.35354531145076, -29.967301861304236, 0.0], [-51.34968095672784, -29.96426654737449, 0.0], [-51.34754186322047, -29.963347204464373, 0.0], [-51.34393365681261, -29.963281600993977, 0.0], [-51.343450324562184, -29.962945742860242, 0.0], [-51.344202291710104, -29.962872048388803, 0.0], [-51.32909892132979, -29.95669243030852, 0.0], [-51.32394908192687, -29.955319139187825, 0.0], [-51.32300494358011, -29.95446083272238, 0.0], [-51.31699679536424, -29.952229234080406, 0.0], [-51.311675292402114, -29.9513709274042, 0.0], [-51.30729792778674, -29.952486726662176, 0.0], [-51.30395053105195, -29.955061647714903, 0.0], [-51.30044245805217, -29.961775170870194, 0.0]]], [[[-51.38534741074867, -29.977772909458245, 0.0], [-51.382011546585495, -29.977164224672265, 0.0], [-51.39236388732823, -29.981778466230026, 0.0], [-51.38534741074867, -29.977772909458245, 0.0]]], [[[-51.36946219255912, -29.974874383887013, 0.0], [-51.36863104520711, -29.97472272646664, 0.0], [-51.36759724960509, -29.97416147791892, 0.0], [-51.368743874505114, -29.974942223917893, 0.0], [-51.36946219255912, -29.974874383887013, 0.0]]], [[[-51.34999440587992, -29.962022438055772, 0.0], [-51.34557512407677, -29.96043734197465, 0.0], [-51.35490455769704, -29.967083397572456, 0.0], [-51.34999440587992, -29.962022438055772, 0.0]]], [[[-51.31286048736717, -29.948703346791017, 0.0], [-51.304600544805005, -29.94986469895615, 0.0], [-51.321502432215674, -29.951803016015585, 0.0], [-51.31286048736717, -29.948703346791017, 0.0]]]]}}, {"id": "0", "type": "Feature", "properties": {}, "geometry": {"type": "MultiPolygon", "coordinates": [[[[-51.99698283782108, -29.42022958614412], [-51.99669616976657, -29.420430274420195], [-51.99672902983851, -29.420628571729747], [-51.99698283782108, -29.42022958614412]]], [[[-52.01438759219877, -29.415513661619688], [-52.01442908839252, -29.41554041967774], [-52.01444952277037, -29.41552221474397], [-52.01438759219877, -29.415513661619688]]], [[[-52.024610491587126, -29.41529103899059], [-52.02446818829809, -29.41549067574265], [-52.024641502424906, -29.4152998251512], [-52.024610491587126, -29.41529103899059]]], [[[-52.0249876759225, -29.414873003527283], [-52.02466572298447, -29.41463181430971], [-52.024403179541196, -29.415175312649435], [-52.0249876759225, -29.414873003527283]]], [[[-52.02620598583872, -29.41302259537812], [-52.0254559864326, -29.414291821866904], [-52.025388550923964, -29.41476162298606], [-52.02646081146792, -29.41478946479864], [-52.02620598583872, -29.41302259537812]]], [[[-52.04331156504976, -29.413584643231577], [-52.04332196376383, -29.4135935864323], [-52.04332187158398, -29.413584562523727], [-52.04331156504976, -29.413584643231577]]], [[[-52.04339198923588, -29.413385471559167], [-52.0436427572493, -29.41371741879829], [-52.04347139901377, -29.41308703684382], [-52.04339198923588, -29.413385471559167]]], [[[-52.042277128857094, -29.412211970753557], [-52.04226691453943, -29.412221075290656], [-52.0422772209395, -29.412220994666978], [-52.042277128857094, -29.412211970753557]]], [[[-52.04287959888529, -29.412667512700892], [-52.04403567280462, -29.41282992670972], [-52.044313800000005, -29.4120588], [-52.043731898306326, -29.412354001297818], [-52.04367690879647, -29.412016034075904], [-52.04215039723035, -29.411913531988567], [-52.04287959888529, -29.412667512700892]]], [[[-51.98537636416393, -29.494963158379054], [-51.984673160495866, -29.494783593931714], [-51.98444893727412, -29.495065016561345], [-51.98406292204708, -29.494616642592536], [-51.984078907187325, -29.49520312393906], [-51.98381106664647, -29.495241203773034], [-51.98378415766317, -29.494591630898977], [-51.98324182510507, -29.495046871620435], [-51.98363702708928, -29.495378602143557], [-51.98537636416393, -29.494963158379054]], [[-51.98368737407689, -29.495251143238225], [-51.98371840622652, -29.49525993833832], [-51.983687461277874, -29.49526016720283], [-51.98368737407689, -29.495251143238225]], [[-51.9840890476905, -29.49518499969427], [-51.98417165472556, -29.495193413088582], [-51.98408913492686, -29.495194023657877], [-51.9840890476905, -29.49518499969427]], [[-51.984264140488705, -29.495156630284328], [-51.98431580259787, -29.495165272580127], [-51.98426422774048, -29.495165654247497], [-51.984264140488705, -29.495156630284328]], [[-51.98452166564476, -29.495118625898233], [-51.98448066759295, -29.49514600318501], [-51.98439814784036, -29.495146613945117], [-51.98452166564476, -29.495118625898233]], [[-51.98454220830046, -29.49510944923149], [-51.984624815302915, -29.495117862344976], [-51.984542295576716, -29.495118473193976], [-51.98454220830046, -29.49510944923149]], [[-51.98495428299337, -29.49505225070735], [-51.98466590059065, -29.49509950897697], [-51.984953933743455, -29.495016154861478], [-51.98495428299337, -29.49505225070735]], [[-51.98505717060591, -29.49502441493663], [-51.98506757288322, -29.495033362504763], [-51.985057257927515, -29.495033438897824], [-51.98505717060591, -29.49502441493663]]], [[[-51.98315817241072, -29.49493017004689], [-51.9831482060679, -29.4949663421576], [-51.98317871515821, -29.494920993588533], [-51.98315817241072, -29.49493017004689]]], [[[-51.9886051730379, -29.491776307071262], [-51.98836287849885, -29.492319584058436], [-51.98886771190084, -29.4933175631678], [-51.98821690695673, -29.49428468966343], [-51.98984034811653, -29.493896927845032], [-51.98937173242011, -29.493169421457257], [-51.99013682570724, -29.49228834180098], [-51.98964905413269, -29.491985135192948], [-51.98942076284664, -29.49290734322495], [-51.989412519147606, -29.492059091664206], [-51.9886051730379, -29.491776307071262]], [[-51.989390169458844, -29.49294366920838], [-51.98934934900984, -29.49298909585839], [-51.98936953999776, -29.492943822654226], [-51.989390169458844, -29.49294366920838]]], [[[-51.97702434701912, -29.492123587815335], [-51.97695526158954, -29.492448981663497], [-51.977068636891254, -29.492439124286552], [-51.97702434701912, -29.492123587815335]]], [[[-51.99021451574538, -29.491791410219317], [-51.99028689357002, -29.491808920607873], [-51.990296593761805, -29.491745676157606], [-51.99021451574538, -29.491791410219317]]], [[[-51.990230988040885, -29.46589964729655], [-51.99034529679287, -29.46598904313415], [-51.99036548234828, -29.465943769733297], [-51.990230988040885, -29.46589964729655]]], [[[-52.042235350788445, -29.412158149761723], [-52.0380107, -29.408711799999995], [-52.032168399999996, -29.409328400000003], [-52.029817699999995, -29.411675499999998], [-52.027929099999994, -29.411254299999992], [-52.0289492616573, -29.410104523800666], [-52.02838327719831, -29.409170328903706], [-52.030213992757915, -29.40673757885321], [-52.03004473148859, -29.406305703698127], [-52.02915057730155, -29.40655627828785], [-52.02900387676999, -29.405293958570407], [-52.02958033192727, -29.406246120040795], [-52.03002032439907, -29.40490706996012], [-52.03454066708976, -29.40347323156763], [-52.03447728070068, -29.403320304466405], [-52.034843801465826, -29.402875250584355], [-52.03496181285457, -29.40231603449272], [-52.03348634861228, -29.40271129285551], [-52.032728999999996, -29.403536799999998], [-52.026871400000005, -29.40380390000001], [-52.0232951, -29.406685699999997], [-52.020248358238206, -29.407256462153818], [-52.02027338931765, -29.407274319850288], [-52.02019086446084, -29.40726723276543], [-52.0169215, -29.4078797], [-52.016718710756976, -29.407873646449776], [-52.01640004549715, -29.407958211340734], [-52.01003251702825, -29.40822889574932], [-52.002904210245056, -29.407461263764155], [-51.99746179999999, -29.4072988], [-51.9948371, -29.410379399999997], [-51.993778562778715, -29.410871291166576], [-51.99335736041096, -29.410938047768255], [-51.99277181654833, -29.41120023450135], [-51.9912962, -29.411716199999997], [-51.98874519999999, -29.410588200000003], [-51.9854455, -29.4121659], [-51.979806599999996, -29.4110688], [-51.9793659, -29.412998999999996], [-51.98447861988336, -29.415569599115766], [-51.985716034322664, -29.41709058769742], [-51.98426767739616, -29.420649028434607], [-51.98501562487438, -29.42028251184023], [-51.986054033126166, -29.421069003673534], [-51.986316230851315, -29.418332576913254], [-51.9872117353712, -29.41819959808729], [-51.986435165818385, -29.415705506095836], [-51.98744954305281, -29.414010370943107], [-51.98710130922704, -29.413173653154196], [-51.987781558309095, -29.412103695603204], [-51.989345882809125, -29.411857446646895], [-51.99010711013278, -29.413828203385904], [-51.99175916559203, -29.414122756146703], [-51.99337372694437, -29.41374071510729], [-51.99515395423694, -29.41449452963258], [-51.996702697951335, -29.41581860765006], [-51.997210025088734, -29.414993564002316], [-51.99811174560171, -29.41550121930033], [-51.99800473019919, -29.41720768797558], [-51.99759571003074, -29.417544664995464], [-51.99714757112058, -29.417042637153603], [-51.99685324774699, -29.417514123810278], [-51.9968474326536, -29.420086204405585], [-51.99769025374549, -29.4198362283833], [-51.99880922881341, -29.41831169580662], [-52.00052320951932, -29.420708425426504], [-52.002244366098594, -29.420677438006482], [-52.00268507438015, -29.421468293451085], [-52.00225878047882, -29.420045601838392], [-52.00301354424883, -29.4192276998634], [-52.00349033740707, -29.419494849636603], [-52.004514306794135, -29.41984811962528], [-52.00462742064644, -29.419820192611894], [-52.00337165894945, -29.417907399467683], [-52.00138933250108, -29.417579376636045], [-52.00089883843587, -29.41801624756846], [-52.00014709237989, -29.417038202277343], [-51.99999012723344, -29.414692960925787], [-52.00160850484996, -29.411549235918923], [-52.002591807518, -29.41406875402396], [-52.00366842561223, -29.41349209265685], [-52.00608089237365, -29.413546094981616], [-52.00904278723436, -29.4128739191302], [-52.0097766057638, -29.413075927311752], [-52.010445601394416, -29.41401844668046], [-52.01129917966317, -29.413822452150097], [-52.01267560220058, -29.414380551931615], [-52.01374937528416, -29.415599741439323], [-52.01115647105171, -29.411901278722212], [-52.01170068606466, -29.410651741695155], [-52.013376400388026, -29.411252685681966], [-52.0146769834301, -29.413517005525147], [-52.01620281170365, -29.413550499843105], [-52.018029458505524, -29.414809033186536], [-52.01859344916035, -29.414515933182823], [-52.018051219522164, -29.411821701762232], [-52.01866578325916, -29.410400131385636], [-52.019773817789726, -29.409886274154378], [-52.02400434707512, -29.41035018551734], [-52.02424149065343, -29.411386198960628], [-52.02325668889458, -29.4118540234765], [-52.02385256733108, -29.412688739346343], [-52.025125882736276, -29.413238477304734], [-52.02602941501766, -29.412888585391677], [-52.025690000806485, -29.41193458497953], [-52.026580401767845, -29.41130502617191], [-52.03089692608961, -29.412110991155842], [-52.0318395564081, -29.411553190799637], [-52.0332767143944, -29.41301307080696], [-52.03459622147783, -29.41302990505763], [-52.033489852816004, -29.41166674533166], [-52.03354401006757, -29.40988846945599], [-52.034694487006284, -29.410520290482367], [-52.03547172484881, -29.40991862589048], [-52.039049530693354, -29.410044192723852], [-52.04046008803694, -29.410908575506852], [-52.0403751439727, -29.411676333011346], [-52.042235350788445, -29.412158149761723]], [[-52.03481178836471, -29.402767203288228], [-52.03479108603694, -29.402758339385596], [-52.034811696976995, -29.402758179340573], [-52.03481178836471, -29.402767203288228]], [[-51.988438298851456, -29.410736093478118], [-51.988448692596016, -29.410745041087647], [-51.98843838617258, -29.410745117544423], [-51.988438298851456, -29.410736093478118]], [[-51.988448692596016, -29.410745041087647], [-51.98845908634239, -29.41075398869632], [-51.98844877991809, -29.410754065153917], [-51.988448692596016, -29.410745041087647]], [[-51.986755803469926, -29.411551763862708], [-51.98676619715629, -29.411560711603933], [-51.98675589064533, -29.411560787932494], [-51.986755803469926, -29.411551763862708]], [[-51.979778546737286, -29.41163032763702], [-51.97976815363927, -29.411621379336623], [-51.979778460178, -29.411621303548394], [-51.979778546737286, -29.41163032763702]], [[-51.979880573313515, -29.411521280649517], [-51.979870180218185, -29.411512332356903], [-51.9798804867456, -29.41151225656102], [-51.979880573313515, -29.411521280649517]], [[-51.97998285940291, -29.411439305852237], [-51.97997246630741, -29.411430357567493], [-51.97998277282624, -29.411430281763902], [-51.97998285940291, -29.411439305852237]], [[-51.980074838816556, -29.411357406790582], [-51.98008523191316, -29.411366355067397], [-51.98007492540109, -29.411366430878765], [-51.980074838816556, -29.411357406790582]], [[-51.98007492540109, -29.411366430878765], [-51.98006470547266, -29.411375530777537], [-51.98006461888899, -29.411366506689337], [-51.98007492540109, -29.411366430878765]], [[-51.980177384365334, -29.41130250411362], [-51.98016699126755, -29.411293555843933], [-51.980177297771974, -29.411293480025616], [-51.980177384365334, -29.41130250411362]], [[-51.98019782418557, -29.411284304298636], [-51.9802185237893, -29.411293176744373], [-51.98019791078072, -29.41129332838659], [-51.98019782418557, -29.411284304298636]], [[-51.980228657097825, -29.411275052746326], [-51.98025966320539, -29.41128384936259], [-51.980228743695655, -29.411284076834203], [-51.980228657097825, -29.411275052746326]], [[-51.980310935905585, -29.411256397964298], [-51.9803008026136, -29.41127452196828], [-51.98026988310708, -29.411274749449362], [-51.980310935905585, -29.411256397964298]], [[-51.980321242405815, -29.411256322134932], [-51.98035224851497, -29.41126511872962], [-51.980321329011765, -29.411265346222585], [-51.980321242405815, -29.411256322134932]], [[-51.98038290818371, -29.411237818967], [-51.980393301294086, -29.411246767219584], [-51.980382994795036, -29.411246843054496], [-51.98038290818371, -29.411237818967]], [[-51.980382994795036, -29.411246843054496], [-51.98036246840637, -29.411256018809496], [-51.98036238179682, -29.411246994721942], [-51.980382994795036, -29.411246843054496]], [[-51.98328441843951, -29.411775970927874], [-51.983294638112554, -29.4117668707884], [-51.98329472498296, -29.411775894867308], [-51.98328441843951, -29.411775970927874]], [[-51.98328433157001, -29.411766946848935], [-51.98327393815888, -29.41175799882971], [-51.98328424470055, -29.411757922769993], [-51.98328433157001, -29.411766946848935]], [[-51.983367652678865, -29.41185657912887], [-51.98337787235214, -29.411847478983102], [-51.98337795923019, -29.411856503061674], [-51.983367652678865, -29.41185657912887]], [[-51.98336756580173, -29.41184755505026], [-51.98335717237507, -29.411838607037993], [-51.98336747892463, -29.411838530971657], [-51.98336756580173, -29.41184755505026]], [[-51.98335717237507, -29.411838607037993], [-51.98334669207505, -29.411820634946164], [-51.98335699862282, -29.41182055888068], [-51.98335717237507, -29.411838607037993]], [[-51.98334669207505, -29.411820634946164], [-51.98333629865299, -29.411811686932122], [-51.983346605199884, -29.411811610867467], [-51.98334669207505, -29.411820634946164]], [[-51.98333629865299, -29.411811686932122], [-51.98332590523275, -29.411802738917217], [-51.983336211778784, -29.41180266285338], [-51.98333629865299, -29.411811686932122]], [[-51.98332590523275, -29.411802738917217], [-51.98331551181434, -29.411793790901445], [-51.983325818359496, -29.41179371483843], [-51.98332590523275, -29.411802738917217]], [[-51.98346119360916, -29.41193711120001], [-51.983481719839936, -29.411927934971803], [-51.983481806727454, -29.411936959049978], [-51.98346119360916, -29.41193711120001]], [[-51.983461106723475, -29.411928087121783], [-51.98345071328044, -29.4119191391173], [-51.983461019837826, -29.41191906304353], [-51.983461106723475, -29.411928087121783]], [[-51.98345071328044, -29.4119191391173], [-51.98344031983923, -29.411910191111946], [-51.983450626395744, -29.411910115039014], [-51.98345071328044, -29.4119191391173]], [[-51.98344031983923, -29.411910191111946], [-51.983429926399836, -29.411901243105724], [-51.98344023295548, -29.411901167033612], [-51.98344031983923, -29.411910191111946]], [[-51.983429926399836, -29.411901243105724], [-51.98341953296227, -29.411892295098646], [-51.983429839517036, -29.411892219027354], [-51.983429926399836, -29.411901243105724]], [[-51.983533426414574, -29.411945602738996], [-51.98350241984557, -29.411936806896765], [-51.983533339522474, -29.41193657866097], [-51.983533426414574, -29.411945602738996]], [[-51.98389424290787, -29.41195196353403], [-51.98356434609384, -29.41194537449594], [-51.983894155983876, -29.411942939457], [-51.98389424290787, -29.41195196353403]], [[-51.983914942952325, -29.41196083539392], [-51.98390454946719, -29.411951887425893], [-51.983914856026466, -29.411951811316943], [-51.983914942952325, -29.41196083539392]], [[-51.98394594956128, -29.411969631139094], [-51.983925249512474, -29.411960759284156], [-51.98394586263266, -29.411960607062223], [-51.98394594956128, -29.411969631139094]], [[-51.984111376191564, -29.4120225577068], [-51.984121595812994, -29.412013457505367], [-51.984121682757326, -29.41202248158169], [-51.984111376191564, -29.4120225577068]], [[-51.98411128924813, -29.412013533630446], [-51.98408019567205, -29.411995713847983], [-51.984111202304746, -29.412004509554084], [-51.98411128924813, -29.412013533630446]], [[-51.98406997604856, -29.412004814046313], [-51.984049275982336, -29.411995942211096], [-51.98406988910885, -29.411995789969822], [-51.98406997604856, -29.412004814046313]], [[-51.984049275982336, -29.411995942211096], [-51.98401826935716, -29.411987146490386], [-51.98404918904449, -29.41198691813453], [-51.984049275982336, -29.411995942211096]], [[-51.98401826935716, -29.411987146490386], [-51.983997569298815, -29.411978274646927], [-51.98401818242208, -29.41197812241373], [-51.98401826935716, -29.411987146490386]], [[-51.983997569298815, -29.411978274646927], [-51.98395616919269, -29.411960530950072], [-51.983997482365595, -29.411969250570195], [-51.983997569298815, -29.411978274646927]], [[-51.98417338948347, -29.41204014909655], [-51.98416299596803, -29.412031201149503], [-51.98417330253451, -29.41203112502039], [-51.98417338948347, -29.41204014909655]], [[-51.98419408956896, -29.412049020911958], [-51.98418369605082, -29.412040072966604], [-51.98419400261813, -29.412039996835865], [-51.98419408956896, -29.412049020911958]], [[-51.98421478965797, -29.41205789272406], [-51.984204396137144, -29.412048944780395], [-51.98421470270528, -29.41204886864803], [-51.98421478965797, -29.41205789272406]], [[-51.98424579632035, -29.41206668839803], [-51.984225096226986, -29.41205781659087], [-51.98424570936489, -29.412057664322113], [-51.98424579632035, -29.41206668839803]], [[-51.984266496417234, -29.41207556020189], [-51.98425610289016, -29.412066612262436], [-51.98426640945992, -29.41206653612603], [-51.984266496417234, -29.41207556020189]], [[-51.98432859672903, -29.412102175593578], [-51.984338816338344, -29.412093075375846], [-51.98433890330215, -29.412102099451484], [-51.98432859672903, -29.412102175593578]], [[-51.98432850976613, -29.41209315151792], [-51.98429750308911, -29.41208435586358], [-51.98432842280327, -29.41208412744225], [-51.98432850976613, -29.41209315151792]], [[-51.98429750308911, -29.41208435586358], [-51.98427680298787, -29.41207548406467], [-51.984297416129024, -29.412075331787815], [-51.98429750308911, -29.41208435586358]], [[-51.984380303529285, -29.41211984302613], [-51.984369909987876, -29.412110895095953], [-51.98438021656175, -29.412110818950644], [-51.984380303529285, -29.41211984302613]], [[-51.98440100364813, -29.41212871480849], [-51.984390610104036, -29.41211976688], [-51.984400916678744, -29.412119690733068], [-51.98440100364813, -29.41212871480849]], [[-51.984421790741784, -29.41214661066288], [-51.984432010346914, -29.41213751043816], [-51.984432097319115, -29.412146534513482], [-51.984421790741784, -29.41214661066288]], [[-51.9844217037705, -29.41213758658754], [-51.98441131022371, -29.412128638660736], [-51.98442161679925, -29.41212856251219], [-51.9844217037705, -29.41213758658754]], [[-51.98445279744769, -29.41215540628753], [-51.984442403896395, -29.412146458363274], [-51.98445271047363, -29.412146382212278], [-51.98445279744769, -29.41215540628753]], [[-51.984504591273925, -29.41218209774569], [-51.984514810874934, -29.41217299751474], [-51.984514897854574, -29.412182021589782], [-51.984504591273925, -29.41218209774569]], [[-51.984504504295195, -29.41217307367061], [-51.984483804158735, -29.412164201904808], [-51.98450441731651, -29.412164049595532], [-51.984504504295195, -29.41217307367061]], [[-51.984483804158735, -29.412164201904808], [-51.98446310402581, -29.412155330135704], [-51.98448371718191, -29.412155177829664], [-51.984483804158735, -29.412164201904808]], [[-51.984587391862405, -29.412217584775476], [-51.98459761145931, -29.412208484538333], [-51.98459769844638, -29.4122175086131], [-51.984587391862405, -29.412217584775476]], [[-51.98458730487624, -29.41220856070069], [-51.984576911307926, -29.412199612787404], [-51.984587217890116, -29.412199536625874], [-51.98458730487624, -29.41220856070069]], [[-51.98461839860314, -29.412226380360647], [-51.98460800503031, -29.41221743244993], [-51.9846183116142, -29.41221735628595], [-51.98461839860314, -29.412226380360647]], [[-51.98463909876341, -29.412235252104885], [-51.9846287051879, -29.41222630419585], [-51.984639011772614, -29.412226228030256], [-51.98463909876341, -29.412235252104885]], [[-51.98471159285079, -29.412270815220815], [-51.98473211902951, -29.41226163880146], [-51.98473220602866, -29.412270662875798], [-51.98471159285079, -29.412270815220815]], [[-51.98471150585346, -29.41226179114643], [-51.98469080568179, -29.412252919413746], [-51.98471141885618, -29.412252767072033], [-51.98471150585346, -29.41226179114643]], [[-51.98469080568179, -29.412252919413746], [-51.984670105513636, -29.41224404767777], [-51.98469071868636, -29.412243895339284], [-51.98469080568179, -29.412252919413746]], [[-51.984670105513636, -29.41224404767777], [-51.984649405349, -29.412235175938463], [-51.98467001852007, -29.412235023603223], [-51.984670105513636, -29.41224404767777]], [[-51.98477360638962, -29.412288406324592], [-51.984763212797084, -29.412279458426525], [-51.98477351938675, -29.412279382250404], [-51.98477360638962, -29.412288406324592]], [[-51.98479430657538, -29.412297278044022], [-51.98478391298016, -29.412288330147643], [-51.98479421957065, -29.412288253969898], [-51.98479430657538, -29.412297278044022]], [[-51.98481500676467, -29.412306149760138], [-51.98480461316675, -29.412297201865442], [-51.98481491975808, -29.41229712568607], [-51.98481500676467, -29.412306149760138]], [[-51.98483579396596, -29.412324045546924], [-51.9848460135505, -29.412314945291122], [-51.9848461005599, -29.412323969365076], [-51.98483579396596, -29.412324045546924]], [[-51.984835706957476, -29.412315021472946], [-51.984825313356865, -29.41230607357994], [-51.984835619949024, -29.41230599739896], [-51.984835706957476, -29.412315021472946]], [[-51.98489789457109, -29.412350660665258], [-51.98490811415254, -29.4123415604048], [-51.98490820116752, -29.412350584478546], [-51.98489789457109, -29.412350660665258]], [[-51.984897807557026, -29.412341636591485], [-51.984877107353654, -29.41233276488861], [-51.984897720542996, -29.412332612517694], [-51.984897807557026, -29.412341636591485]], [[-51.984877107353654, -29.41233276488861], [-51.984856407153806, -29.412323893182432], [-51.98487702034148, -29.41232374081476], [-51.984877107353654, -29.41233276488861]], [[-51.9849600822276, -29.412386299827332], [-51.98497030180684, -29.412377199562204], [-51.98497038882744, -29.41238622363574], [-51.9849600822276, -29.412386299827332]], [[-51.984959995207916, -29.41237727575379], [-51.984949601590216, -29.41236832787096], [-51.984959908188266, -29.412368251680206], [-51.984959995207916, -29.41237727575379]], [[-51.98505336379281, -29.412439758513784], [-51.98506358336872, -29.412430658241636], [-51.98506367039775, -29.412439682314837], [-51.98505336379281, -29.412439758513784]], [[-51.98505327676469, -29.41243073444055], [-51.98504288313345, -29.4124217865654], [-51.98505318973661, -29.412421710367315], [-51.98505327676469, -29.41243073444055]], [[-51.98504288313345, -29.4124217865654], [-51.9850221829017, -29.412412914885852], [-51.98504279610632, -29.412412762492114], [-51.98504288313345, -29.4124217865654]], [[-51.9850221829017, -29.412412914885852], [-51.98500148267349, -29.412404043202987], [-51.98502209587644, -29.412403890812502], [-51.9850221829017, -29.412412914885852]], [[-51.98500148267349, -29.412404043202987], [-51.98499108904945, -29.412395095323603], [-51.98500139565007, -29.412395019129573], [-51.98500148267349, -29.412404043202987]], [[-51.98499108904945, -29.412395095323603], [-51.98498069542723, -29.412386147443335], [-51.98499100202699, -29.41238607125014], [-51.98499108904945, -29.412395095323603]], [[-51.9850843706384, -29.412448553987684], [-51.98507397700265, -29.412439606115097], [-51.985084283607506, -29.412439529914554], [-51.9850843706384, -29.412448553987684]], [[-51.98511537748913, -29.412457349454247], [-51.985104983849816, -29.41244840158416], [-51.98511529045546, -29.41244832538121], [-51.98511537748913, -29.412457349454247]], [[-51.98512577113026, -29.41246629732347], [-51.985135990702126, -29.41245719704589], [-51.98515669095231, -29.412466068707246], [-51.98512577113026, -29.41246629732347]], [[-51.98516708459787, -29.412475016573133], [-51.98517730416682, -29.412465916292458], [-51.98519800442219, -29.41247478794727], [-51.98516708459787, -29.412475016573133]], [[-51.985229011289924, -29.412483583386926], [-51.985208311030206, -29.41247471173706], [-51.98522892424614, -29.412474559314237], [-51.985229011289924, -29.412483583386926]], [[-51.98534281925432, -29.412527865365874], [-51.985353038812335, -29.412518765072043], [-51.98535312586725, -29.412527789144345], [-51.98534281925432, -29.412527865365874]], [[-51.985342732200316, -29.412518841293554], [-51.985322031924014, -29.412509969661794], [-51.98534264514635, -29.412509817221224], [-51.985342732200316, -29.412518841293554]], [[-51.985322031924014, -29.412509969661794], [-51.985301331651236, -29.412501098026723], [-51.98532194487191, -29.412500945589393], [-51.985322031924014, -29.412509969661794]], [[-51.985301331651236, -29.412501098026723], [-51.985270324772415, -29.41249230260419], [-51.985301244601, -29.412492073954255], [-51.985301331651236, -29.412501098026723]], [[-51.985270324772415, -29.41249230260419], [-51.985239230854035, -29.412474483101633], [-51.98527023772495, -29.412483278531624], [-51.985270324772415, -29.41249230260419]], [[-51.98537382614976, -29.412536660771092], [-51.985363432480135, -29.412527712922], [-51.985373739092985, -29.41252763669886], [-51.98537382614976, -29.412536660771092]], [[-51.985404833050346, -29.412545456168964], [-51.98539443937717, -29.412536508322372], [-51.985404745990806, -29.412536432096832], [-51.985404833050346, -29.412545456168964]], [[-51.98541522672535, -29.41255440401467], [-51.985435752893764, -29.41254522748744], [-51.98545645318664, -29.412554099101083], [-51.98541522672535, -29.41255440401467]], [[-51.985487460099094, -29.412562894479404], [-51.98546675980187, -29.412554022870694], [-51.98548737303219, -29.412553870407525], [-51.985487460099094, -29.412562894479404]], [[-51.985508160399846, -29.412571766084803], [-51.985497766715106, -29.412562818246595], [-51.98550807333108, -29.412562742012987], [-51.985508160399846, -29.412571766084803]], [[-51.98562179441953, -29.41259799967666], [-51.98564223349637, -29.412579799046462], [-51.985652714276824, -29.41259777094443], [-51.98562179441953, -29.41259799967666]], [[-51.985621707340634, -29.4125889756052], [-51.985570000100324, -29.412571308666266], [-51.985621620261774, -29.41257995153371], [-51.985621707340634, -29.4125889756052]], [[-51.98555978055703, -29.412580408976325], [-51.98551837994702, -29.412562665778584], [-51.98555969348367, -29.41257138490468], [-51.98555978055703, -29.412580408976325]], [[-51.98568372121816, -29.412606566276313], [-51.985673327514824, -29.412597618452285], [-51.985683634133764, -29.41259754220502], [-51.98568372121816, -29.412606566276313]], [[-51.98578687450802, -29.41261482783052], [-51.98571464107747, -29.412606337529645], [-51.985786787414476, -29.412605803759522], [-51.98578687450802, -29.41261482783052]], [[-51.98585858535029, -29.41256917366702], [-51.98586897906645, -29.41257812147632], [-51.98585867245004, -29.41257819773787], [-51.98585858535029, -29.41256917366702]], [[-51.98585867245004, -29.41257819773787], [-51.98583814631509, -29.41258737432949], [-51.985838059217116, -29.41257835025859], [-51.98585867245004, -29.41257819773787]], [[-51.98598378664234, -29.418064296541026], [-51.98597339234332, -29.418055348761246], [-51.98598369951206, -29.418055272477936], [-51.98598378664234, -29.418064296541026]], [[-51.98600226817725, -29.41250493743951], [-51.985991874457376, -29.41249598964062], [-51.98600218106507, -29.412495913368943], [-51.98600226817725, -29.41250493743951]], [[-51.9860145338851, -29.418046019560258], [-51.98600413958536, -29.41803707178287], [-51.986014446752165, -29.418036995497232], [-51.9860145338851, -29.418046019560258]], [[-51.98620674487058, -29.412331954506083], [-51.98619635115134, -29.412323006722918], [-51.98620665774095, -29.41232293043584], [-51.98620674487058, -29.412331954506083]], [[-51.98679720386802, -29.41156950668313], [-51.986776416489995, -29.411551611204843], [-51.98679702950991, -29.411551458543784], [-51.98679720386802, -29.41156950668313]], [[-51.98846965473857, -29.41078098443648], [-51.98847987384061, -29.41077188391107], [-51.98847996116553, -29.41078090797721], [-51.98846965473857, -29.41078098443648]], [[-51.98846956741456, -29.410771960370315], [-51.98845917366541, -29.41076301276255], [-51.988469480090586, -29.41076293630413], [-51.98846956741456, -29.410771960370315]], [[-51.98854206171782, -29.410807521402667], [-51.988552280815824, -29.410798420871817], [-51.98855236814724, -29.41080744493774], [-51.98854206171782, -29.410807521402667]], [[-51.988541974387324, -29.410798497336735], [-51.988510967773855, -29.41078970266065], [-51.98854188705686, -29.41078947327078], [-51.988541974387324, -29.410798497336735]], [[-51.988510967773855, -29.41078970266065], [-51.988490267592454, -29.410780831517137], [-51.98851088044617, -29.410780678594598], [-51.988510967773855, -29.41078970266065]], [[-51.988614468733715, -29.410834058328522], [-51.98860407496573, -29.410825110732592], [-51.988614381396715, -29.41082503426282], [-51.988614468733715, -29.410834058328522]], [[-51.98863516893625, -29.41084292945215], [-51.98862477516557, -29.410833981857916], [-51.988635081597394, -29.41083390538651], [-51.98863516893625, -29.41084292945215]], [[-51.988666350259194, -29.410869772229674], [-51.98867656935188, -29.41086067168949], [-51.988676656694494, -29.41086969575498], [-51.988666350259194, -29.410869772229674]], [[-51.98866626291749, -29.41086074816416], [-51.9886558691423, -29.41085180057248], [-51.98866617557582, -29.410851724098638], [-51.98866626291749, -29.41086074816416]], [[-51.9886558691423, -29.41085180057248], [-51.98864547536893, -29.410842852979933], [-51.98865578180159, -29.41084277650691], [-51.9886558691423, -29.41085180057248]], [[-51.98872853825946, -29.410905409630793], [-51.98873875734993, -29.41089630908594], [-51.98873884469816, -29.410905333151206], [-51.98872853825946, -29.410905409630793]], [[-51.988728450912134, -29.410896385565497], [-51.98871805712793, -29.41088743797893], [-51.98872836356485, -29.41088736150019], [-51.988728450912134, -29.410896385565497]], [[-51.98871805712793, -29.41088743797893], [-51.988707663345544, -29.41087849039149], [-51.98871796978159, -29.410878413913576], [-51.98871805712793, -29.41088743797893]], [[-51.988707663345544, -29.41087849039149], [-51.98868696312975, -29.410869619279477], [-51.98870757600016, -29.410869466326105], [-51.988707663345544, -29.41087849039149]], [[-51.98875954492554, -29.41091420425483], [-51.98874915113683, -29.410905256670826], [-51.98875945757545, -29.41090518018963], [-51.98875954492554, -29.41091420425483]], [[-51.98876993871608, -29.410923151837984], [-51.98878015780449, -29.41091405129001], [-51.98880085803705, -29.41092292238708], [-51.98876993871608, -29.410923151837984]], [[-51.98882155827314, -29.410931793480852], [-51.9888111644773, -29.410922845901858], [-51.98882147091751, -29.410922769415837], [-51.98882155827314, -29.410931793480852]], [[-51.98885256495465, -29.410940588082816], [-51.988831864714214, -29.410931716993996], [-51.98885247759625, -29.4109315640179], [-51.98885256495465, -29.410940588082816]], [[-51.988873265198606, -29.410949459168336], [-51.98886287139651, -29.41094051159354], [-51.98887317783834, -29.41094043510348], [-51.988873265198606, -29.410949459168336]], [[-51.988904359252686, -29.410967277822746], [-51.98892488477654, -29.410958100770596], [-51.98892497214144, -29.410967124835274], [-51.988904359252686, -29.410967277822746]], [[-51.98890427188961, -29.410958253758004], [-51.988883571641296, -29.41094938267744], [-51.988904184526575, -29.410949229693262], [-51.98890427188961, -29.410958253758004]], [[-51.98898698554758, -29.410984713982714], [-51.98897659173211, -29.41097576641717], [-51.988986898177146, -29.410975689918228], [-51.98898698554758, -29.410984713982714]], [[-51.98900768581163, -29.410993585046796], [-51.98899729199348, -29.41098463748295], [-51.989007598439336, -29.410984560982385], [-51.98900768581163, -29.410993585046796]], [[-51.989028386079205, -29.41100245610757], [-51.98901799225836, -29.410993508545406], [-51.989028298705044, -29.41099343204322], [-51.989028386079205, -29.41100245610757]], [[-51.98905939279869, -29.411011250660398], [-51.98903869252676, -29.411002379604554], [-51.98905930542176, -29.41100222659614], [-51.98905939279869, -29.411011250660398]], [[-51.9890696118692, -29.411002150090745], [-51.989131625319644, -29.411019739169685], [-51.98906978662492, -29.41102019821918], [-51.9890696118692, -29.411002150090745]], [[-51.98914184438437, -29.411010638594632], [-51.98926569654849, -29.41102776852769], [-51.98914201915291, -29.411028686722656], [-51.98914184438437, -29.411010638594632]], [[-51.98938893690809, -29.410981729901195], [-51.98934762372803, -29.410973011953118], [-51.98938884950216, -29.41097270583779], [-51.98938893690809, -29.410981729901195]], [[-51.98940963720453, -29.41099060090201], [-51.98939924335244, -29.410981653370346], [-51.98940954979674, -29.4109815768387], [-51.98940963720453, -29.41099060090201]], [[-51.989440643950495, -29.410999395365444], [-51.98943025009484, -29.41099044783627], [-51.98944055653994, -29.41099037130221], [-51.989440643950495, -29.410999395365444]], [[-51.989451037807974, -29.411008342893744], [-51.98946125684239, -29.41099924229486], [-51.989481957148364, -29.4110081132842], [-51.989451037807974, -29.411008342893744]], [[-51.989512963905405, -29.411016907730495], [-51.989492263595075, -29.411008036746093], [-51.98951287648839, -29.411007883667484], [-51.989512963905405, -29.411016907730495]], [[-51.98958615812082, -29.411124660682816], [-51.989606508760154, -29.41109743540129], [-51.989596464578966, -29.41112458413638], [-51.98958615812082, -29.411124660682816]], [[-51.989595852606406, -29.411061415697688], [-51.98957515228014, -29.411052544726612], [-51.98954397066759, -29.41102570216944], [-51.989595852606406, -29.411061415697688]], [[-51.98954397066759, -29.41102570216944], [-51.98952327035291, -29.411016831189965], [-51.989543883247805, -29.411016678106527], [-51.98954397066759, -29.41102570216944]], [[-51.98958615812082, -29.411124660682816], [-51.989575939085626, -29.411133761291147], [-51.98957585166263, -29.411124737228466], [-51.98958615812082, -29.411124660682816]], [[-51.98962834565833, -29.411223619179474], [-51.989638564697486, -29.411214518567153], [-51.98963865212634, -29.41122354262954], [-51.98962834565833, -29.411223619179474]], [[-51.9896282582304, -29.411214595117066], [-51.989617864336275, -29.411205647603726], [-51.98962817080249, -29.411205571054644], [-51.9896282582304, -29.411214595117066]], [[-51.989617864336275, -29.411205647603726], [-51.98960747044397, -29.411196700089523], [-51.98961777690933, -29.41119662354126], [-51.989617864336275, -29.411205647603726]], [[-51.98960747044397, -29.411196700089523], [-51.98959707655349, -29.41118775257446], [-51.98960738301797, -29.41118767602702], [-51.98960747044397, -29.411196700089523]], [[-51.98959707655349, -29.41118775257446], [-51.98958668266483, -29.411178805058512], [-51.98959698912844, -29.411178728511906], [-51.98959707655349, -29.41118775257446]], [[-51.98958668266483, -29.411178805058512], [-51.98957628877798, -29.41116985754172], [-51.98958659524073, -29.411169780995934], [-51.98958668266483, -29.411178805058512]], [[-51.98958650781667, -29.411160756933327], [-51.98956572004861, -29.41114286189871], [-51.98958633296866, -29.4111427088081], [-51.98958650781667, -29.411160756933327]], [[-51.98971158432003, -29.411304223316787], [-51.989721715922954, -29.41128609863612], [-51.9897218907959, -29.411304146760227], [-51.98971158432003, -29.411304223316787]], [[-51.9897114094489, -29.41128617519263], [-51.98970101554022, -29.411277227686202], [-51.9897113220134, -29.411277151130527], [-51.9897114094489, -29.41128617519263]], [[-51.98970101554022, -29.411277227686202], [-51.98969062163336, -29.411268280178934], [-51.98970092810566, -29.41126820362407], [-51.98970101554022, -29.411277227686202]], [[-51.98969062163336, -29.411268280178934], [-51.989680227728314, -29.411259332670777], [-51.98969053419975, -29.411259256116743], [-51.98969062163336, -29.411268280178934]], [[-51.989680227728314, -29.411259332670777], [-51.98966983382508, -29.41125038516177], [-51.98968014029566, -29.41125030860856], [-51.989680227728314, -29.411259332670777]], [[-51.98966983382508, -29.41125038516177], [-51.989659439923685, -29.411241437651892], [-51.98966974639339, -29.41124136109951], [-51.98966983382508, -29.41125038516177]], [[-51.989888630885794, -29.411492427037448], [-51.9898988499273, -29.41148332640543], [-51.989898937380104, -29.41149235046675], [-51.989888630885794, -29.411492427037448]], [[-51.98988836853024, -29.411465354853398], [-51.9898470551154, -29.41145663706643], [-51.989846967667305, -29.411447613004924], [-51.98988836853024, -29.411465354853398]], [[-51.989846967667305, -29.411447613004924], [-51.98983657373021, -29.41143866550997], [-51.98984688021926, -29.411438588943415], [-51.989846967667305, -29.411447613004924]], [[-51.98983657373021, -29.41143866550997], [-51.989826179794925, -29.41142971801414], [-51.98983648628311, -29.411429641448414], [-51.98983657373021, -29.41143866550997]], [[-51.989826179794925, -29.41142971801414], [-51.989815785861474, -29.411420770517456], [-51.98982609234878, -29.411420693952554], [-51.989826179794925, -29.41142971801414]], [[-51.989815785861474, -29.411420770517456], [-51.989805391929835, -29.411411823019893], [-51.98981569841627, -29.411411746455826], [-51.989815785861474, -29.411420770517456]], [[-51.989805391929835, -29.411411823019893], [-51.989794998000015, -29.41140287552148], [-51.989805304485586, -29.411402798958225], [-51.989805391929835, -29.411411823019893]], [[-51.989794998000015, -29.41140287552148], [-51.989784604072014, -29.411393928022182], [-51.98979491055672, -29.411393851459756], [-51.989794998000015, -29.41140287552148]], [[-51.989784604072014, -29.411393928022182], [-51.98977412270444, -29.41137595646024], [-51.98978442918736, -29.41137587989867], [-51.989784604072014, -29.411393928022182]], [[-51.98977412270444, -29.41137595646024], [-51.98976364134062, -29.411357984897336], [-51.98977394782176, -29.411357908336615], [-51.98977412270444, -29.41137595646024]], [[-51.98976364134062, -29.411357984897336], [-51.98975324741998, -29.411349037395365], [-51.989763553900254, -29.41134896083547], [-51.98976364134062, -29.411357984897336]], [[-51.98990296025208, -29.411907457273422], [-51.98988199736866, -29.411871514173377], [-51.98990261043378, -29.411871361030414], [-51.98990296025208, -29.411907457273422]], [[-51.98991247968974, -29.41182616415383], [-51.98990252297931, -29.411862336969627], [-51.98989221644768, -29.41186241354148], [-51.98991247968974, -29.41182616415383]], [[-51.989944886064045, -29.411979343462004], [-51.98999624385369, -29.41196091245225], [-51.990006725323006, -29.411978883992834], [-51.989944886064045, -29.411979343462004]], [[-51.98994479860545, -29.41197031940148], [-51.989924098063895, -29.41196144849085], [-51.98994471114689, -29.411961295340948], [-51.98994479860545, -29.41197031940148]], [[-51.989924098063895, -29.41196144849085], [-51.98991370406655, -29.411952501003974], [-51.9899240106072, -29.411952424430243], [-51.989924098063895, -29.41196144849085]], [[-51.98991370406655, -29.411952501003974], [-51.98990331007102, -29.411943553516238], [-51.98991361661081, -29.411943476943335], [-51.98991370406655, -29.411952501003974]], [[-51.98990331007102, -29.411943553516238], [-51.989892741169676, -29.411916557906164], [-51.989903047706754, -29.411916481334142], [-51.98990331007102, -29.411943553516238]], [[-51.98990950623575, -29.411519346079007], [-51.989919725277964, -29.411510245445417], [-51.989919812732715, -29.411519269506627], [-51.98990950623575, -29.411519346079007]], [[-51.98990941878192, -29.411510322017772], [-51.98989902483295, -29.41150137452804], [-51.98990933132813, -29.41150129795651], [-51.98990941878192, -29.411510322017772]], [[-51.98993029414105, -29.411537241055782], [-51.98991990018749, -29.411528293567827], [-51.989930206685315, -29.411528216994622], [-51.98993029414105, -29.411537241055782]], [[-51.98994077555315, -29.41155521260398], [-51.98993038159683, -29.411546265116932], [-51.98994068809644, -29.41154618854287], [-51.98994077555315, -29.41155521260398]], [[-51.98995143188456, -29.411591232273295], [-51.98994086300991, -29.41156423666508], [-51.98995116951131, -29.411564160090165], [-51.98995143188456, -29.411591232273295]], [[-51.989962962814644, -29.411717492550224], [-51.9899830510823, -29.41166319503065], [-51.98997326933143, -29.411717415973243], [-51.989962962814644, -29.411717492550224]], [[-51.98997248219134, -29.411636199425597], [-51.98995160680026, -29.411609280395325], [-51.98996191330617, -29.411609203819477], [-51.98997248219134, -29.411636199425597]], [[-51.98996313773329, -29.41173554067184], [-51.98995274375621, -29.411726593187254], [-51.98996305027394, -29.411726516611044], [-51.98996313773329, -29.41173554067184]], [[-51.99013119111322, -29.412059181508006], [-51.990141410187704, -29.412050080857323], [-51.990141497663956, -29.4120591049172], [-51.99013119111322, -29.412059181508006]], [[-51.990131103637886, -29.412050157448096], [-51.990120709613635, -29.41204120997812], [-51.990131016162586, -29.412041133388183], [-51.990131103637886, -29.412050157448096]], [[-51.990120709613635, -29.41204120997812], [-51.990100009043076, -29.412032339095617], [-51.99012062213928, -29.412032185918175], [-51.990120709613635, -29.41204120997812]], [[-51.990100009043076, -29.412032339095617], [-51.99008961502334, -29.412023391623098], [-51.99009992157059, -29.412023315035594], [-51.990100009043076, -29.412032339095617]], [[-51.99008961502334, -29.412023391623098], [-51.99007922100542, -29.412014444149712], [-51.990089527551795, -29.412014367563025], [-51.99008961502334, -29.412023391623098]], [[-51.99007922100542, -29.412014444149712], [-51.99006882698932, -29.412005496675448], [-51.99007913353483, -29.41200542008959], [-51.99007922100542, -29.412014444149712]], [[-51.99006882698932, -29.412005496675448], [-51.99005843297504, -29.411996549200335], [-51.99006873951968, -29.411996472615307], [-51.99006882698932, -29.412005496675448]], [[-51.99016228572156, -29.412076999852808], [-51.990151891691845, -29.412068052385447], [-51.99016219824341, -29.41206797579302], [-51.99016228572156, -29.412076999852808]], [[-51.99019329285966, -29.41208579413038], [-51.99018289882638, -29.41207684666552], [-51.990193205378745, -29.412076770070676], [-51.99019329285966, -29.41208579413038]], [[-51.99021399344885, -29.41209466499788], [-51.99020359941289, -29.41208571753471], [-51.99021390596607, -29.412085640938244], [-51.99021399344885, -29.41209466499788]], [[-51.99022421251921, -29.412085564340984], [-51.99031714647952, -29.412102923048447], [-51.990224387486634, -29.412103612460175], [-51.99022421251921, -29.412085564340984]], [[-51.99045043165685, -29.412029734645422], [-51.99044003760752, -29.412020787200955], [-51.99045034415342, -29.412020710586354], [-51.99045043165685, -29.412029734645422]], [[-51.990512008410285, -29.412002202764178], [-51.9905018768823, -29.412020327501406], [-51.990470957245094, -29.41202055735476], [-51.990512008410285, -29.412002202764178]], [[-51.99060467978604, -29.41199248909571], [-51.99056336610225, -29.411983771537983], [-51.99060459226911, -29.41198346503701], [-51.99060467978604, -29.41199248909571]], [[-51.99065507472216, -29.411874793189146], [-51.99064468067157, -29.411865845760477], [-51.990654987201204, -29.41186576913042], [-51.99065507472216, -29.411874793189146]], [[-51.99067560026033, -29.411865615867907], [-51.99066520620895, -29.411856668440855], [-51.99067551273759, -29.411856591809233], [-51.99067560026033, -29.411865615867907]], [[-51.990716651325386, -29.411847261216167], [-51.99070625727243, -29.411838313792334], [-51.99071656379908, -29.411838237157575], [-51.990716651325386, -29.411847261216167]], [[-51.990747483378804, -29.411838007248523], [-51.99073708932419, -29.41182905982712], [-51.990747395849816, -29.411828983189988], [-51.990747483378804, -29.411838007248523]], [[-51.99076800890094, -29.411828829913365], [-51.99075761484554, -29.411819882493578], [-51.99076792137017, -29.41181980585489], [-51.99076800890094, -29.411828829913365]], [[-51.99084006704149, -29.41181926936176], [-51.99079875341037, -29.41181055187563], [-51.990839979504386, -29.411810245303464], [-51.99084006704149, -29.41181926936176]], [[-51.990860767629044, -29.41182814012906], [-51.99085037356581, -29.4118191927167], [-51.99086068009008, -29.411819116070838], [-51.990860767629044, -29.41182814012906]], [[-51.99087098661432, -29.411819039424184], [-51.9909330008496, -29.411836627643535], [-51.9908711616941, -29.41183708754055], [-51.99087098661432, -29.411819039424184]], [[-51.99102549691956, -29.41180886557088], [-51.99100479632244, -29.411799994829405], [-51.99102540936611, -29.41179984151309], [-51.99102549691956, -29.41180886557088]], [[-51.9910461975202, -29.41181773630906], [-51.991035803442244, -29.411808788911504], [-51.99104610996489, -29.41180871225133], [-51.9910461975202, -29.41181773630906]], [[-51.991077117090626, -29.41181750632366], [-51.991056416487496, -29.411808635590358], [-51.99107702953259, -29.411808482266014], [-51.991077117090626, -29.41181750632366]], [[-51.991128299457095, -29.41178102676862], [-51.99114908762479, -29.41179892154825], [-51.99111816806066, -29.411799151550223], [-51.991128299457095, -29.41178102676862]], [[-51.99121162731172, -29.411870653980806], [-51.99122184626904, -29.411861553249697], [-51.99122193384006, -29.411870577306882], [-51.99121162731172, -29.411870653980806]], [[-51.99121153974161, -29.411861629923596], [-51.99119083911839, -29.41185275921172], [-51.99121145217155, -29.411852605866383], [-51.99121153974161, -29.411861629923596]], [[-51.99119057641388, -29.411825687039816], [-51.99117013849868, -29.41184388849652], [-51.991169875799756, -29.41181681632442], [-51.99119057641388, -29.411825687039816]], [[-51.99125259070371, -29.411843275108993], [-51.99126298480373, -29.41185222248907], [-51.991252678277384, -29.41185229916613], [-51.99125259070371, -29.411843275108993]], [[-51.991252678277384, -29.41185229916613], [-51.991232152796435, -29.41186147657501], [-51.991232065224544, -29.41185245251785], [-51.991252678277384, -29.41185229916613]], [[-51.99131425469765, -29.411824766920944], [-51.991324648801005, -29.411833714296144], [-51.9913143422767, -29.411833790977926], [-51.99131425469765, -29.411824766920944]], [[-51.9913143422767, -29.411833790977926], [-51.99129381680526, -29.41184296839611], [-51.99129372922798, -29.411833944339094], [-51.9913143422767, -29.411833790977926]], [[-51.99134526184948, -29.41183356093019], [-51.99133486774439, -29.41182461355664], [-51.9913451742677, -29.411824536873294], [-51.99134526184948, -29.41183356093019]], [[-51.991365787314194, -29.411824383504204], [-51.99135539320831, -29.411815436132272], [-51.99136569973063, -29.411815359447363], [-51.991365787314194, -29.411824383504204]], [[-51.99145810806308, -29.411778573020776], [-51.99147889628646, -29.41179646774761], [-51.99144797672617, -29.411796697826087], [-51.99145810806308, -29.411778573020776]], [[-51.991509728250215, -29.411787213605468], [-51.991489027617796, -29.41177834294008], [-51.99150964065407, -29.411778189548958], [-51.991509728250215, -29.411787213605468]], [[-51.991530253690186, -29.411778036154654], [-51.99151985957513, -29.411769088795726], [-51.99153016609226, -29.411769012098194], [-51.991530253690186, -29.411778036154654]], [[-51.991561085643404, -29.411768782000845], [-51.99155069152669, -29.41175983464434], [-51.991560998042786, -29.41175975794445], [-51.991561085643404, -29.411768782000845]], [[-51.99164318734668, -29.4117320721481], [-51.9916327932268, -29.411723124798034], [-51.991643099738944, -29.41172304809189], [-51.99164318734668, -29.4117320721481]], [[-51.99171524532278, -29.411722511126527], [-51.991673931664685, -29.411713793912522], [-51.99171515770872, -29.411713487070497], [-51.99171524532278, -29.411722511126527]], [[-51.992885275275746, -29.411208413787907], [-51.992792429459925, -29.41120008091453], [-51.992885187560155, -29.411199389734385], [-51.992885275275746, -29.411208413787907]], [[-51.99291610692618, -29.411199159326667], [-51.99290571275351, -29.411190212076555], [-51.9929160192079, -29.41119013527321], [-51.99291610692618, -29.411199159326667]], [[-51.99294693857083, -29.411189904858404], [-51.9929262379431, -29.41118103441564], [-51.99294685084986, -29.41118088080502], [-51.99294693857083, -29.411189904858404]], [[-51.99312214828731, -29.411188599038983], [-51.993070440555215, -29.41117093502134], [-51.9931322792662, -29.41117047411315], [-51.99312214828731, -29.411188599038983]], [[-51.99306022183419, -29.411180035889657], [-51.99297759476242, -29.411162602276505], [-51.993060134103246, -29.411171011836576], [-51.99306022183419, -29.411180035889657]], [[-51.99332757531468, -29.41111487006693], [-51.993337794004916, -29.41110576917873], [-51.99333788176015, -29.41111479323114], [-51.99332757531468, -29.41111487006693]], [[-51.99332748756036, -29.4111058460145], [-51.99321394117906, -29.41108864304979], [-51.99332739980607, -29.411096821962047], [-51.99332748756036, -29.4111058460145]], [[-51.99336976643658, -29.411213827293704], [-51.99338985278643, -29.411159529301365], [-51.9933800728919, -29.41121375045441], [-51.99336976643658, -29.411213827293704]], [[-51.993369064370455, -29.411141634875875], [-51.9933586701652, -29.411132687661826], [-51.993368976612366, -29.41113261082358], [-51.993369064370455, -29.411141634875875]], [[-51.993380423929565, -29.411249846662923], [-51.9933906426281, -29.41124074577064], [-51.99339073038849, -29.411249769822724], [-51.993380423929565, -29.411249846662923]], [[-51.99338033617009, -29.411240822610814], [-51.99336994195351, -29.411231875398045], [-51.99338024841066, -29.411231798558692], [-51.99338033617009, -29.411240822610814]], [[-51.993421825291364, -29.411267587401294], [-51.99352471435082, -29.411248770827594], [-51.993524889895376, -29.41126681893099], [-51.993421825291364, -29.411267587401294]], [[-51.99342173752817, -29.41125856334933], [-51.993401036847374, -29.411249692981727], [-51.99342164976501, -29.41124953929733], [-51.99342173752817, -29.41125856334933]], [[-51.99355554595084, -29.411239516219492], [-51.99356594018403, -29.411248463417373], [-51.993555633725784, -29.411248540271124], [-51.99355554595084, -29.411239516219492]], [[-51.993555633725784, -29.411248540271124], [-51.99353510858236, -29.41125771802791], [-51.99353502080918, -29.411248693976233], [-51.993555633725784, -29.411248540271124]], [[-51.993709616075826, -29.411184219022495], [-51.99368891538666, -29.411175348699768], [-51.9937095282875, -29.411175194971193], [-51.993709616075826, -29.411184219022495]], [[-51.99373014118818, -29.411175041239446], [-51.99371974694867, -29.411166094054437], [-51.99373005339808, -29.411166017188197], [-51.99373014118818, -29.411175041239446]], [[-51.99376079716052, -29.411147738482295], [-51.99377119140162, -29.411156685664086], [-51.993760884953275, -29.411156762533487], [-51.99376079716052, -29.411147738482295]], [[-51.993760884953275, -29.411156762533487], [-51.99374035984745, -29.411165940321148], [-51.993740272056485, -29.41115691626991], [-51.993760884953275, -29.411156762533487]], [[-51.99380193515365, -29.411138406948922], [-51.99381232939727, -29.41114735412744], [-51.99380202295, -29.411147431000007], [-51.99380193515365, -29.411138406948922]], [[-51.99380202295, -29.411147431000007], [-51.993781497849916, -29.41115660879389], [-51.99378141005534, -29.411147584742746], [-51.99380202295, -29.411147431000007]], [[-51.993945698545296, -29.41108318635641], [-51.99395609279539, -29.411092133523624], [-51.993945786354146, -29.41109221040719], [-51.993945698545296, -29.41108318635641]], [[-51.993945786354146, -29.41109221040719], [-51.99393556772084, -29.41110131134073], [-51.993935479912864, -29.411092287289947], [-51.993945786354146, -29.41109221040719]], [[-51.994048411675436, -29.41104632128321], [-51.994058805930436, -29.411055268442333], [-51.99404849949323, -29.41105534533374], [-51.994048411675436, -29.41104632128321]], [[-51.99404849949323, -29.41105534533374], [-51.994027974434715, -29.411064523164764], [-51.994027886618696, -29.41105549911418], [-51.99404849949323, -29.41105534533374]], [[-51.99415138820973, -29.411036528283233], [-51.99413095098976, -29.411054730180137], [-51.994069112367605, -29.411055191550123], [-51.99415138820973, -29.411036528283233]], [[-51.994202920384254, -29.411036143778638], [-51.99418221968502, -29.41102727353267], [-51.99420283255289, -29.4110271197285], [-51.994202920384254, -29.411036143778638]], [[-51.99535882363735, -29.41118995849767], [-51.99562264186645, -29.411819716624528], [-51.99671072888409, -29.411360346477196], [-51.99838857773468, -29.412187081702253], [-51.998759365825386, -29.413213118217374], [-51.99828853680613, -29.414606449974574], [-51.99698239438805, -29.41384913105674], [-51.995116527550145, -29.413826981372555], [-51.994396227073295, -29.41289379027869], [-51.99422757362371, -29.41145109626168], [-51.99535882363735, -29.41118995849767]], [[-51.994285284022766, -29.411026504479928], [-51.994233664020335, -29.4110178649662], [-51.99428519618416, -29.411017480430008], [-51.994285284022766, -29.411026504479928]], [[-51.994315939799414, -29.410999201598997], [-51.994326334072284, -29.411008148736876], [-51.99431602764067, -29.41100822564887], [-51.994315939799414, -29.410999201598997]], [[-51.99431602764067, -29.41100822564887], [-51.9943058090494, -29.411017326609947], [-51.99430572120902, -29.41100830256006], [-51.99431602764067, -29.41100822564887]], [[-51.994336552660776, -29.410999047774276], [-51.99437786622975, -29.411007764164957], [-51.99433664050385, -29.411008071824092], [-51.994336552660776, -29.410999047774276]], [[-51.994644339641376, -29.4108523552357], [-51.99457210687291, -29.41084386972312], [-51.99464425177167, -29.410843331186516], [-51.994644339641376, -29.4108523552357]], [[-51.99488958420092, -29.410633931359868], [-51.994899978484504, -29.410642878453157], [-51.99488967209154, -29.410642955408655], [-51.99488958420092, -29.410633931359868]], [[-51.99488967209154, -29.410642955408655], [-51.994869147194336, -29.41065213336609], [-51.994869059305486, -29.41064310931725], [-51.99488967209154, -29.410642955408655]], [[-51.99494094037056, -29.410615498477238], [-51.994992648119656, -29.41063316176935], [-51.99492050337695, -29.410633700491086], [-51.99494094037056, -29.410615498477238]], [[-51.995023655196945, -29.41064195492508], [-51.99500295451131, -29.410633084805923], [-51.995023567294496, -29.410632930876655], [-51.995023655196945, -29.41064195492508]], [[-51.99505475018465, -29.41065977212177], [-51.99507527506581, -29.410650594136115], [-51.99507536297289, -29.41065961818437], [-51.99505475018465, -29.41065977212177]], [[-51.99505466227939, -29.410650748073454], [-51.995033961589385, -29.410641877959225], [-51.99505457437416, -29.410641724025126], [-51.99505466227939, -29.410650748073454]], [[-51.99512390596968, -29.410352415683978], [-51.995113511697355, -29.410343468607536], [-51.995123818059405, -29.410343391635443], [-51.99512390596968, -29.410352415683978]], [[-51.99711902484902, -29.40778350909351], [-51.99710863067509, -29.407774562167276], [-51.997118936771734, -29.40777448504697], [-51.99711902484902, -29.40778350909351]], [[-51.99713954896489, -29.40777433080399], [-51.99712915479018, -29.407765383879365], [-51.997139460885826, -29.407765306757504], [-51.99713954896489, -29.40777433080399]], [[-51.99717020300906, -29.407747027294285], [-51.99718059718536, -29.407755974215686], [-51.99717029109078, -29.407756051340716], [-51.99717020300906, -29.407747027294285]], [[-51.99717029109078, -29.407756051340716], [-51.99714976698144, -29.40776522963484], [-51.99714967890151, -29.40775620558836], [-51.99717029109078, -29.407756051340716]], [[-51.997201209374396, -29.40775581996325], [-51.99719081519636, -29.407746873043497], [-51.99720112128995, -29.40774679591691], [-51.997201209374396, -29.40775581996325]], [[-51.997314047845094, -29.407700827241488], [-51.997293347575464, -29.40769195746495], [-51.99731395975088, -29.40769180319538], [-51.997314047845094, -29.407700827241488]], [[-51.997344701819934, -29.407673523692953], [-51.99749946932236, -29.407690414625833], [-51.99732426583853, -29.407691726059404], [-51.997344701819934, -29.407673523692953]], [[-51.99754967803425, -29.40755466818283], [-51.99755989599191, -29.407545566983313], [-51.99755998410732, -29.407554591028948], [-51.99754967803425, -29.40755466818283]], [[-51.99754958991976, -29.407545644137166], [-51.997539195734, -29.40753669724453], [-51.99754950180529, -29.40753662009149], [-51.99754958991976, -29.407545644137166]], [[-51.997539195734, -29.40753669724453], [-51.99752880155006, -29.40752775035101], [-51.99753910762049, -29.407527673198807], [-51.997539195734, -29.40753669724453]], [[-51.997580948722664, -29.407590532900965], [-51.997591166680955, -29.40758143169908], [-51.99759125479926, -29.407590455744575], [-51.997580948722664, -29.407590532900965]], [[-51.997580860605275, -29.40758150885544], [-51.997570466413116, -29.40757256196544], [-51.99758077248793, -29.407572484809904], [-51.997580860605275, -29.40758150885544]], [[-51.997570466413116, -29.40757256196544], [-51.997560072222775, -29.40756361507456], [-51.997570378296714, -29.407563537919852], [-51.997570466413116, -29.40757256196544]], [[-51.99760173711435, -29.407608426678298], [-51.997591342917595, -29.407599479790065], [-51.99760164899506, -29.407599402632854], [-51.99760173711435, -29.407608426678298]], [[-51.99763274347128, -29.407617219247136], [-51.997611955072486, -29.407599325474838], [-51.99763256722721, -29.407599171156434], [-51.99763274347128, -29.407617219247136]], [[-51.99766339733427, -29.407589915627565], [-51.997673791536165, -29.40759886251006], [-51.99766348545898, -29.407598939672855], [-51.99766339733427, -29.407589915627565]], [[-51.99766348545898, -29.407598939672855], [-51.99764296142743, -29.407608118041367], [-51.9976428733045, -29.40759909399604], [-51.99766348545898, -29.407598939672855]], [[-51.99774575781136, -29.40758027425808], [-51.99770444538253, -29.407571558881347], [-51.997745669679446, -29.407571250213], [-51.99774575781136, -29.40758027425808]], [[-51.99777676417103, -29.407589066793363], [-51.99775606388639, -29.407580197088976], [-51.99777667603635, -29.407580042748368], [-51.99777676417103, -29.407589066793363]], [[-51.997828382689036, -29.407597704972595], [-51.99778698211127, -29.407579965576875], [-51.99782820641054, -29.407579656882913], [-51.997828382689036, -29.407597704972595]], [[-51.997889954713585, -29.407570169773372], [-51.9978798249275, -29.407588295042235], [-51.9978386006254, -29.407588603752252], [-51.997889954713585, -29.407570169773372]], [[-51.99792078478682, -29.40756091418566], [-51.99794148508101, -29.40756978386423], [-51.99792087293416, -29.40756993823028], [-51.99792078478682, -29.40756091418566]], [[-51.99792087293416, -29.40756993823028], [-51.99790034893271, -29.4075791166378], [-51.997900260787155, -29.40757009259314], [-51.99792087293416, -29.40756993823028]], [[-51.99797222699724, -29.407551504220216], [-51.99801362759372, -29.407569243557962], [-51.99795179115438, -29.407569706680018], [-51.99797222699724, -29.407551504220216]], [[-51.99811651199352, -29.40755042353596], [-51.998054587408426, -29.407541862661205], [-51.99811642382897, -29.407541399491848], [-51.99811651199352, -29.40755042353596]], [[-51.99816795417833, -29.407541013495482], [-51.998147253871466, -29.407532143852386], [-51.99816786600927, -29.407531989451503], [-51.99816795417833, -29.407541013495482]], [[-51.99819860787221, -29.407513709756365], [-51.998322457037645, -29.40753083134328], [-51.99818847814691, -29.40753183504743], [-51.99819860787221, -29.407513709756365]], [[-51.99839468770354, -29.40753931487477], [-51.99834306917408, -29.407530676915304], [-51.998394599514455, -29.40753029083142], [-51.99839468770354, -29.40753931487477]], [[-51.99866264548096, -29.407537306916716], [-51.99867286333514, -29.407528205634215], [-51.998672951548784, -29.407537229676805], [-51.99866264548096, -29.407537306916716]], [[-51.998662557268226, -29.4075282828741], [-51.99842534133471, -29.40751201108494], [-51.99866246905553, -29.407519258831467], [-51.998662557268226, -29.4075282828741]], [[-51.9986935636843, -29.407537075194586], [-51.998683169402, -29.407528128393533], [-51.99869347546883, -29.40752805115206], [-51.9986935636843, -29.407537075194586]], [[-51.998714264036984, -29.407545944751647], [-51.998703869752, -29.407536997952285], [-51.99871417581966, -29.407536920709177], [-51.998714264036984, -29.407545944751647]], [[-51.99877636511616, -29.407572553402947], [-51.998787024082844, -29.40760857232295], [-51.998755752974, -29.407572707898144], [-51.99877636511616, -29.407572553402947]], [[-51.998755752974, -29.407572707898144], [-51.99874535868269, -29.407563761102203], [-51.99875566475291, -29.407563683855837], [-51.998755752974, -29.407572707898144]], [[-51.99874535868269, -29.407563761102203], [-51.998734964393186, -29.407554814305392], [-51.99874527046255, -29.40755473705984], [-51.99874535868269, -29.407563761102203]], [[-51.998734964393186, -29.407554814305392], [-51.99872457010551, -29.40754586750772], [-51.998734876174005, -29.407545790263004], [-51.998734964393186, -29.407554814305392]], [[-51.99891157932679, -29.40769788569165], [-51.99892170893764, -29.40767976034871], [-51.99892188541002, -29.407697808432097], [-51.99891157932679, -29.40769788569165]], [[-51.99891140285622, -29.407679837608207], [-51.99890100854046, -29.40767089082513], [-51.998911314621004, -29.40767081356646], [-51.99891140285622, -29.407679837608207]], [[-51.99890100854046, -29.40767089082513], [-51.99889061422652, -29.407661944041187], [-51.998900920306184, -29.407661866783354], [-51.99890100854046, -29.40767089082513]], [[-51.99889061422652, -29.407661944041187], [-51.99888021991439, -29.40765299725639], [-51.9988905259932, -29.407652919999364], [-51.99889061422652, -29.407661944041187]], [[-51.99888021991439, -29.40765299725639], [-51.99886982560409, -29.407644050470708], [-51.99888013168202, -29.407643973214512], [-51.99888021991439, -29.40765299725639]], [[-51.99886982560409, -29.407644050470708], [-51.9988594312956, -29.407635103684164], [-51.998869737372665, -29.40763502642881], [-51.99886982560409, -29.407644050470708]], [[-51.999015699093256, -29.40780540155653], [-51.99902591694121, -29.407796300247423], [-51.999026005187005, -29.40780532428868], [-51.999015699093256, -29.40780540155653]], [[-51.99901561084837, -29.407796377515247], [-51.999005216511556, -29.40778743074096], [-51.99901552260353, -29.407787353473946], [-51.99901561084837, -29.407796377515247]], [[-51.999005216511556, -29.40778743074096], [-51.998994733933614, -29.40776945992442], [-51.99900504002381, -29.40776938265827], [-51.999005216511556, -29.40778743074096]], [[-51.998994733933614, -29.40776945992442], [-51.99898425135944, -29.407751489106925], [-51.99899455744786, -29.407751411841627], [-51.998994733933614, -29.40776945992442]], [[-51.99898425135944, -29.407751489106925], [-51.99897385702999, -29.407742542329945], [-51.99898416311753, -29.407742465065475], [-51.99898425135944, -29.407751489106925]], [[-51.99897385702999, -29.407742542329945], [-51.998963462702356, -29.40773359555211], [-51.99897376878903, -29.40773351828848], [-51.99897385702999, -29.407742542329945]], [[-51.998963462702356, -29.40773359555211], [-51.998953068376544, -29.40772464877341], [-51.99896337446234, -29.407724571510585], [-51.998963462702356, -29.40773359555211]], [[-51.99903657602107, -29.40783231914363], [-51.99904679386973, -29.407823217832934], [-51.99904688211747, -29.407832241874107], [-51.99903657602107, -29.40783231914363]], [[-51.99903648777424, -29.407823295102443], [-51.99902609343284, -29.407814348329925], [-51.999036399527455, -29.407814271061245], [-51.99903648777424, -29.407823295102443]], [[-51.999088724263416, -29.40789510107496], [-51.99909894211342, -29.40788599976032], [-51.99909903036598, -29.40789502380124], [-51.999088724263416, -29.40789510107496]], [[-51.999088636011756, -29.407886077034018], [-51.999078241659355, -29.407877130265902], [-51.999088547760145, -29.40787705299304], [-51.999088636011756, -29.407886077034018]], [[-51.99907797690748, -29.40785005814283], [-51.99906775905905, -29.40785915945587], [-51.99904697036524, -29.407841265915245], [-51.99907797690748, -29.40785005814283]], [[-51.99910951297558, -29.407912994608502], [-51.99909911861859, -29.407904047842173], [-51.99910942472203, -29.407903970567627], [-51.99910951297558, -29.407912994608502]], [[-51.99913021343957, -29.40792186409779], [-51.999119819079894, -29.407912917333135], [-51.99913012518416, -29.407912840056987], [-51.99913021343957, -29.40792186409779]], [[-51.99916122001306, -29.407930656305133], [-51.99914043128839, -29.407912762780015], [-51.99916104349673, -29.407912608223704], [-51.99916122001306, -29.407930656305133]], [[-51.99927494024924, -29.407965902349314], [-51.99928515808909, -29.4079568010207], [-51.999285246358355, -29.407965825061027], [-51.99927494024924, -29.407965902349314]], [[-51.999274675444276, -29.407938830228222], [-51.999233362753706, -29.407930115332555], [-51.99923327448914, -29.407921091292042], [-51.999274675444276, -29.407938830228222]], [[-51.99923327448914, -29.407921091292042], [-51.999191873548085, -29.40790335234261], [-51.99923318622463, -29.407912067251516], [-51.99923327448914, -29.407921091292042]], [[-51.99929581727822, -29.407992819892737], [-51.999306035118785, -29.40798371856255], [-51.999306123389985, -29.40799274260278], [-51.99929581727822, -29.407992819892737]], [[-51.99929572900792, -29.40798379585249], [-51.999285334627665, -29.40797484910133], [-51.99929564073766, -29.40797477181222], [-51.99929572900792, -29.40798379585249]], [[-51.999326823886484, -29.408001612060616], [-51.999316429501725, -29.40799266531202], [-51.999326735613415, -29.407992588020456], [-51.999326823886484, -29.408001612060616]], [[-51.999388925397085, -29.40802822041425], [-51.99939914323258, -29.408019119077085], [-51.999399231512136, -29.408028143117], [-51.999388925397085, -29.40802822041425]], [[-51.99938883711844, -29.408019196374305], [-51.99935783049989, -29.408010404221137], [-51.99938874883983, -29.40801017233434], [-51.99938883711844, -29.408019196374305]], [[-51.99935783049989, -29.408010404221137], [-51.99933712999905, -29.408001534768236], [-51.999357742224056, -29.408001380181076], [-51.99935783049989, -29.408010404221137]], [[-51.99947155088835, -29.40804565009335], [-51.99944054425519, -29.408036857959825], [-51.99947146260234, -29.408036626053658], [-51.99947155088835, -29.40804565009335]], [[-51.99949225140928, -29.40805451952483], [-51.999481857004895, -29.408045572789675], [-51.99949216312141, -29.4080454954852], [-51.99949225140928, -29.40805451952483]], [[-51.99952343463334, -29.408081359725088], [-51.99953365246169, -29.408072258377832], [-51.99953374075332, -29.408081282417314], [-51.99952343463334, -29.408081359725088]], [[-51.99952334634261, -29.40807233568558], [-51.999512951933724, -29.40806338895298], [-51.99952325805194, -29.408063311646057], [-51.99952334634261, -29.40807233568558]], [[-51.999512951933724, -29.40806338895298], [-51.999502557526654, -29.408054442219527], [-51.99951286364399, -29.40805436491343], [-51.999512951933724, -29.40806338895298]], [[-51.99958641920668, -29.408198208376728], [-51.999555412517736, -29.40818941627148], [-51.99955514763605, -29.408162344153617], [-51.99958641920668, -29.408198208376728]], [[-51.999565365469394, -29.40815324280391], [-51.99954431175114, -29.408108277227022], [-51.99955461787378, -29.408108199917564], [-51.999565365469394, -29.40815324280391]], [[-51.99954431175114, -29.408108277227022], [-51.999533917336706, -29.408099330496245], [-51.99954422345848, -29.408099253187608], [-51.99954431175114, -29.408108277227022]], [[-51.99965882703634, -29.408224739286357], [-51.99964843259999, -29.40821579256518], [-51.99965873873314, -29.408215715247415], [-51.99965882703634, -29.408224739286357]], [[-51.9996795276094, -29.408233608687247], [-51.999669133170364, -29.40822466196776], [-51.999679439304344, -29.408224584648377], [-51.9996795276094, -29.408233608687247]], [[-51.999700228185986, -29.408242478084833], [-51.999689833744256, -29.408233531367035], [-51.999700139879074, -29.408233454046027], [-51.999700228185986, -29.408242478084833]], [[-51.99972092876609, -29.408251347479094], [-51.99971053432167, -29.40824240076299], [-51.999720840457314, -29.408242323440362], [-51.99972092876609, -29.408251347479094]], [[-51.99978303052752, -29.408277955642014], [-51.999793248351246, -29.408268854275192], [-51.999793336666514, -29.408277878313683], [-51.99978303052752, -29.408277955642014]], [[-51.99978294221315, -29.40826893160349], [-51.99976224162436, -29.408260062219092], [-51.999782853898836, -29.40825990756495], [-51.99978294221315, -29.40826893160349]], [[-51.99976224162436, -29.408260062219092], [-51.999731146592914, -29.40824224611693], [-51.9997621533119, -29.408251038180488], [-51.99976224162436, -29.408260062219092]], [[-51.99988181761326, -29.413105427739634], [-51.99978835132301, -29.41303393157489], [-51.999860320977135, -29.413015342113944], [-51.99988181761326, -29.413105427739634]], [[-51.999925164386354, -29.413321695099594], [-51.99980024794009, -29.41319628680938], [-51.9999137976117, -29.4132134840734], [-51.999925164386354, -29.413321695099594]], [[-51.99984522064059, -29.40831358781341], [-51.9998554384621, -29.40830448644192], [-51.999855526782994, -29.408313510480195], [-51.99984522064059, -29.40831358781341]], [[-51.99984513232061, -29.408304563775104], [-51.99983473786005, -29.408295617069157], [-51.99984504400067, -29.408295539736788], [-51.99984513232061, -29.408304563775104]], [[-51.999876227390416, -29.408322379849583], [-51.99986583292535, -29.408313433146184], [-51.99987613906767, -29.408313355811366], [-51.999876227390416, -29.408322379849583]], [[-51.99989701632601, -29.408340273253778], [-51.99990723414538, -29.40833117187839], [-51.99990732247094, -29.40834019591649], [-51.99989701632601, -29.408340273253778]], [[-51.99989692800136, -29.408331249215646], [-51.999886533533605, -29.40832230251395], [-51.99989683967675, -29.408322225177518], [-51.99989692800136, -29.408331249215646]], [[-51.99994872370877, -29.408357934635305], [-51.99996924767073, -29.408348755913938], [-51.999969336001826, -29.408357779951846], [-51.99994872370877, -29.408357934635305]], [[-51.99994863537949, -29.408348910597336], [-51.99991754028936, -29.408331094540326], [-51.999948547050245, -29.40833988655937], [-51.99994863537949, -29.408348910597336]], [[-51.99996912980564, -29.413601130650036], [-51.99995864643209, -29.413583159942974], [-51.999968953105764, -29.41358308258843], [-51.99996912980564, -29.413601130650036]], [[-52.000023578903885, -29.413898536869738], [-51.999982175377966, -29.413880798242328], [-52.000023490548045, -29.413889512839493], [-52.000023578903885, -29.413898536869738]], [[-52.0000416557013, -29.40837528661004], [-52.00002095506944, -29.408366417267025], [-52.00004156736375, -29.408366262572365], [-52.0000416557013, -29.40837528661004]], [[-52.000062356336684, -29.40838415594974], [-52.0000519618493, -29.408375209261486], [-52.00006226799727, -29.408375131912134], [-52.000062356336684, -29.40838415594974]], [[-52.0000829686343, -29.408384001248596], [-52.00007257414519, -29.40837505456198], [-52.00008288029308, -29.40837497721103], [-52.0000829686343, -29.408384001248596]], [[-52.000103669274864, -29.408392870581725], [-52.00009327478306, -29.408383923896814], [-52.00010358093178, -29.408383846544247], [-52.000103669274864, -29.408392870581725]], [[-52.000113887080445, -29.40838376919088], [-52.00019651297098, -29.408401198409717], [-52.000114063768486, -29.40840181726578], [-52.000113887080445, -29.40838376919088]], [[-52.000371894251415, -29.40841793124466], [-52.000330492919524, -29.40840019265983], [-52.00038202366715, -29.408399805797085], [-52.000371894251415, -29.40841793124466]], [[-52.00032027513216, -29.408409294066843], [-52.00020673076888, -29.408392097011923], [-52.000320186769876, -29.40840027002999], [-52.00032027513216, -29.408409294066843]], [[-52.00041285374481, -29.40839054963326], [-52.000454255086254, -29.408408288192284], [-52.00039241818521, -29.40840875245881], [-52.00041285374481, -29.40839054963326]], [[-52.0005574933513, -29.40842556242337], [-52.00050613935106, -29.408443997426883], [-52.000495656441764, -29.408426026738045], [-52.0005574933513, -29.40842556242337]], [[-52.000495656441764, -29.408426026738045], [-52.00048526191311, -29.408417080084657], [-52.00049556806393, -29.408417002701693], [-52.000495656441764, -29.408426026738045]], [[-52.00048526191311, -29.408417080084657], [-52.000464561236285, -29.408408210811743], [-52.00048517353623, -29.408408056048255], [-52.00048526191311, -29.408417080084657]], [[-52.000588323419514, -29.408416306219166], [-52.00068125556029, -29.408433657743767], [-52.000567887886994, -29.408434509070943], [-52.000588323419514, -29.408416306219166]], [[-52.00071190882497, -29.408406353439613], [-52.000784228673886, -29.40842385969075], [-52.000691473317005, -29.4084245563098], [-52.00071190882497, -29.408406353439613]], [[-52.00085610649804, -29.40839624572518], [-52.00084597716788, -29.408414371206803], [-52.000804752569834, -29.40841468084225], [-52.00085610649804, -29.40839624572518]], [[-52.000907548821274, -29.40838683462398], [-52.00089741950124, -29.408404960109305], [-52.0008665010561, -29.408405192348948], [-52.000907548821274, -29.40838683462398]], [[-52.00092824953004, -29.408395703827285], [-52.00091785496772, -29.408386757208433], [-52.00092816111412, -29.408386679792084], [-52.00092824953004, -29.408395703827285]], [[-52.00094877340679, -29.408386524956995], [-52.00093837884367, -29.408377578339753], [-52.000948684989076, -29.408377500921837], [-52.00094877340679, -29.408386524956995]], [[-52.0009899095703, -29.408377191242227], [-52.00097951500466, -29.408368244628228], [-52.00098982114899, -29.408368167207165], [-52.0009899095703, -29.408377191242227]], [[-52.00103104572593, -29.408367857514904], [-52.00102065115776, -29.40835891090418], [-52.001030957301026, -29.408358833479944], [-52.00103104572593, -29.408367857514904]], [[-52.001092705729434, -29.408349344883028], [-52.00108231115794, -29.408340398277165], [-52.00109261729914, -29.408340320848207], [-52.001092705729434, -29.408349344883028]], [[-52.00111322958143, -29.408340165987912], [-52.00110283500915, -29.408331219383676], [-52.001113141149354, -29.40833114195315], [-52.00111322958143, -29.408340165987912]], [[-52.00114388270027, -29.408312861587397], [-52.00115427727413, -29.40832180818843], [-52.001143971134994, -29.408321885622115], [-52.00114388270027, -29.408312861587397]], [[-52.001143971134994, -29.408321885622115], [-52.00112344728953, -29.408331064521832], [-52.00112335885659, -29.408322040487075], [-52.001143971134994, -29.408321885622115]], [[-52.001174889552296, -29.408321653318676], [-52.00116449497669, -29.408312706719308], [-52.00117480111484, -29.40831262928406], [-52.001174889552296, -29.408321653318676]], [[-52.001318556344415, -29.408257400901356], [-52.0013081617633, -29.408248454313238], [-52.00131846789451, -29.408248376867036], [-52.001318556344415, -29.408257400901356]], [[-52.00150327052064, -29.408174790428273], [-52.00149287593241, -29.40816584385464], [-52.00150318205471, -29.408165766394347], [-52.00150327052064, -29.408174790428273]], [[-52.001698113540805, -29.408074054163002], [-52.001708508136915, -29.40808300072054], [-52.00169820202362, -29.408083078196512], [-52.001698113540805, -29.408074054163002]], [[-52.00169820202362, -29.408083078196512], [-52.00168798439221, -29.408092179705204], [-52.00168789591027, -29.408083155671687], [-52.00169820202362, -29.408083078196512]], [[-52.0017291203634, -29.408082845766206], [-52.00171872576555, -29.408073899210322], [-52.001729031877865, -29.40807382173279], [-52.0017291203634, -29.408082845766206]], [[-52.0017702563267, -29.408073511814674], [-52.00174955561504, -29.408064642741948], [-52.00177016783756, -29.408064487781353], [-52.0017702563267, -29.408073511814674]], [[-52.001800909187416, -29.40804620726799], [-52.00181130378938, -29.40805515381739], [-52.001800997679204, -29.408055231301237], [-52.001800909187416, -29.40804620726799]], [[-52.001800997679204, -29.408055231301237], [-52.001780473948756, -29.408064410299854], [-52.00178038545875, -29.40805538626656], [-52.001800997679204, -29.408055231301237]], [[-52.00183191600959, -29.408054998847295], [-52.001821521405894, -29.40804605229954], [-52.001831827515076, -29.408045974814115], [-52.00183191600959, -29.408054998847295]], [[-52.00186274584237, -29.408045742353067], [-52.00185235123701, -29.408036795807753], [-52.00186265734516, -29.408036718319984], [-52.00186274584237, -29.408045742353067]], [[-52.00192440549056, -29.408027229343617], [-52.00190370477576, -29.40801836029487], [-52.00192431698797, -29.408018205310665], [-52.00192440549056, -29.408027229343617]], [[-52.00197584751779, -29.408017817836175], [-52.001955146800704, -29.40800894879548], [-52.00197575901069, -29.408008793803347], [-52.00197584751779, -29.408017817836175]], [[-52.00200650030583, -29.40799051324367], [-52.00203759563968, -29.40800832880785], [-52.001996371220514, -29.40800863880804], [-52.00200650030583, -29.40799051324367]], [[-52.00206824840801, -29.40798102420156], [-52.002099343749244, -29.40799883975116], [-52.002047813230945, -29.407999227273173], [-52.00206824840801, -29.40798102420156]], [[-52.0021197789168, -29.40798063667187], [-52.00216109184647, -29.407989350666107], [-52.00211986743652, -29.407989660704324], [-52.0021197789168, -29.40798063667187]], [[-52.00219174457536, -29.407962046032253], [-52.002325900941884, -29.407979086353862], [-52.00217130942459, -29.407980249122243], [-52.00219174457536, -29.407962046032253]], [[-52.002366859720524, -29.40795170415659], [-52.002408261202234, -29.40796944210573], [-52.0023464246038, -29.407969907272676], [-52.002366859720524, -29.40795170415659]], [[-52.00244921995423, -29.407942059883734], [-52.00265551901446, -29.407958557120075], [-52.002428784854445, -29.40796026301208], [-52.00244921995423, -29.407942059883734]], [[-52.00266573654435, -29.407949455539363], [-52.00276897466409, -29.407966728060135], [-52.00266591368004, -29.407967503601334], [-52.00266573654435, -29.407949455539363]], [[-52.002779192184406, -29.407957626470964], [-52.002872124230215, -29.407974976469642], [-52.002779369340196, -29.40797567453229], [-52.002779192184406, -29.407957626470964]], [[-52.00290295393732, -29.40796571973743], [-52.00289255925175, -29.407956773275156], [-52.00290286534853, -29.407956695707107], [-52.00290295393732, -29.40796571973743]], [[-52.002985136929354, -29.407938027073897], [-52.00296443614589, -29.40792915819161], [-52.0029850483334, -29.40792900304376], [-52.002985136929354, -29.407938027073897]], [[-52.00304661909096, -29.407901465491097], [-52.00306740847863, -29.407919358390537], [-52.003036490201005, -29.40791959113017], [-52.00304661909096, -29.407901465491097]], [[-52.00307753736301, -29.407901232749243], [-52.00311885033283, -29.40790994644543], [-52.00307762596703, -29.40791025677917], [-52.00307753736301, -29.407901232749243]], [[-52.00318042104107, -29.407882408831984], [-52.00317029217696, -29.407900534480664], [-52.003129067815614, -29.40790084483022], [-52.00318042104107, -29.407882408831984]], [[-52.00319072712945, -29.40788233124186], [-52.00322173401102, -29.407891122496263], [-52.00319081574341, -29.40789135527149], [-52.00319072712945, -29.40788233124186]], [[-52.00325238642016, -29.407863817625447], [-52.003293788011, -29.40788155529683], [-52.003231951482555, -29.407882020873412], [-52.00325238642016, -29.407863817625447]], [[-52.00333474648265, -29.407854172808726], [-52.0033658419963, -29.40787198805872], [-52.003314311561994, -29.407872376068955], [-52.00333474648265, -29.407854172808726]], [[-52.003417195161845, -29.4078535519705], [-52.00340680044419, -29.407844605548988], [-52.00341710652804, -29.407844527941442], [-52.003417195161845, -29.4078535519705]], [[-52.00347894303028, -29.40784406227948], [-52.00344793614284, -29.407835271085073], [-52.003478854391055, -29.407835038250596], [-52.00347894303028, -29.40784406227948]], [[-52.003571609133495, -29.407834339704117], [-52.003509683996974, -29.4078257813801], [-52.00357152048611, -29.407825315675463], [-52.003571609133495, -29.407834339704117]], [[-52.00360226143003, -29.40780703475521], [-52.00367458129811, -29.407824539437296], [-52.00359213264883, -29.407825160434204], [-52.00360226143003, -29.40780703475521]], [[-52.00370523356353, -29.40779723446539], [-52.00374663520128, -29.407814971994988], [-52.00368479872173, -29.407815437780744], [-52.00370523356353, -29.40779723446539]], [[-52.003787593521075, -29.40778758937093], [-52.00387021948233, -29.407805016309553], [-52.00376715869622, -29.40780579269855], [-52.003787593521075, -29.40778758937093]], [[-52.00478754905518, -29.407807126962318], [-52.00460186220915, -29.407790477630517], [-52.00479767761975, -29.4077890011975], [-52.00478754905518, -29.407807126962318]], [[-52.004591644871844, -29.407799579355423], [-52.004086469734524, -29.407785337578733], [-52.0045915561345, -29.40779055532954], [-52.004591644871844, -29.407799579355423]], [[-52.00407625235057, -29.407794439265214], [-52.003911177763904, -29.407777633648358], [-52.004076163658766, -29.407785415237907], [-52.00407625235057, -29.407794439265214]], [[-52.00481837852474, -29.407797869792002], [-52.00480798369358, -29.40778892348252], [-52.00481828976738, -29.407788845766756], [-52.00481837852474, -29.407797869792002]], [[-52.00484920798852, -29.407788612614674], [-52.0048388131557, -29.407779666307626], [-52.004849119228474, -29.4077795885895], [-52.00484920798852, -29.407788612614674]], [[-52.00504502338066, -29.407787135818296], [-52.005147906534646, -29.407768310392786], [-52.005168696252376, -29.407786202956576], [-52.00504502338066, -29.407787135818296]], [[-52.00504493460332, -29.407778111793654], [-52.00489016599186, -29.40776122965885], [-52.00504484582601, -29.407769087769015], [-52.00504493460332, -29.407778111793654]], [[-52.00529263551606, -29.407812342051876], [-52.00533368220846, -29.407793982986274], [-52.00534416588877, -29.4078119532774], [-52.00529263551606, -29.407812342051876]], [[-52.00529254671675, -29.407803318027973], [-52.00526153969883, -29.407794527259004], [-52.005292457917484, -29.407794294004045], [-52.00529254671675, -29.407803318027973]], [[-52.00526153969883, -29.407794527259004], [-52.00517891353558, -29.407777101188657], [-52.00526145090234, -29.407785503234987], [-52.00526153969883, -29.407794527259004]], [[-52.005416397219136, -29.40782043298321], [-52.00536477803757, -29.40781179776203], [-52.00541630840887, -29.407811408959645], [-52.005416397219136, -29.40782043298321]], [[-52.00549884581838, -29.407819810857745], [-52.00550906307465, -29.40781070906517], [-52.00550915189311, -29.407819733088477], [-52.00549884581838, -29.407819810857745]], [[-52.00549875700084, -29.407810786834414], [-52.00544704900529, -29.40779312762168], [-52.00549866818333, -29.407801762811076], [-52.00549875700084, -29.407810786834414]], [[-52.00554015893826, -29.407828523799097], [-52.005529764042436, -29.407819577547546], [-52.005540070117036, -29.407819499775893], [-52.00554015893826, -29.407828523799097]], [[-52.00556085991225, -29.40783739227646], [-52.005550465013734, -29.407828446026603], [-52.005560771089165, -29.407828368253327], [-52.00556085991225, -29.40783739227646]], [[-52.00560208421721, -29.40783708117525], [-52.005571077164554, -29.407828290479248], [-52.005601995390485, -29.407828057152233], [-52.00560208421721, -29.40783708117525]], [[-52.005622785198035, -29.407845949642816], [-52.005612390293344, -29.407837003397958], [-52.00562269636944, -29.407836925619865], [-52.005622785198035, -29.407845949642816]], [[-52.00565379226017, -29.407854740326535], [-52.005633091275, -29.407845871863902], [-52.00565370342881, -29.407845716303672], [-52.00565379226017, -29.407854740326535]], [[-52.00568479932745, -29.407863531002885], [-52.005664098337924, -29.407854662545198], [-52.00568471049332, -29.40785450698014], [-52.00568479932745, -29.407863531002885]], [[-52.005901671235165, -29.407907017487304], [-52.00591188846306, -29.40789791566461], [-52.0059119773174, -29.40790693968667], [-52.005901671235165, -29.407907017487304]], [[-52.005901582381725, -29.407897993465212], [-52.005880881367354, -29.407889125041855], [-52.00590149352832, -29.407888969443103], [-52.005901582381725, -29.407897993465212]], [[-52.005880881367354, -29.407889125041855], [-52.00586018035651, -29.40788025661519], [-52.00588079251582, -29.407880101019682], [-52.005880881367354, -29.407889125041855]], [[-52.00586018035651, -29.40788025661519], [-52.0058084722673, -29.407862597545236], [-52.00586009150683, -29.407871232592953], [-52.00586018035651, -29.40788025661519]], [[-52.00579825503338, -29.407871699360197], [-52.005695016570954, -29.407854429196405], [-52.0057981661892, -29.407862675337757], [-52.00579825503338, -29.407871699360197]], [[-52.00593258948177, -29.407906784083018], [-52.00592219454435, -29.40789783786321], [-52.005932500625605, -29.407897760061015], [-52.00593258948177, -29.407906784083018]], [[-52.00599451483557, -29.407915341274773], [-52.00596350772802, -29.407906550671566], [-52.005994425973896, -29.407906317252937], [-52.00599451483557, -29.407915341274773]], [[-52.006015215864636, -29.407924209680058], [-52.006004820918356, -29.407915263466943], [-52.006015127001106, -29.407915185658304], [-52.006015215864636, -29.407924209680058]], [[-52.00604622298167, -29.407933000270976], [-52.00602552194825, -29.407924131870605], [-52.006046134115365, -29.40792397624931], [-52.00604622298167, -29.407933000270976]], [[-52.00605644019886, -29.40792389843747], [-52.00614937269934, -29.40794124613775], [-52.006056617933325, -29.40794194648071], [-52.00605644019886, -29.40792389843747]], [[-52.00619033040162, -29.407913862789723], [-52.00630387507966, -29.407931054735116], [-52.00616989599187, -29.407932066475915], [-52.00619033040162, -29.407913862789723]], [[-52.00647952301503, -29.40797485158837], [-52.006500046282945, -29.407965671876276], [-52.0065001351895, -29.40797469589662], [-52.00647952301503, -29.40797485158837]], [[-52.006479434110304, -29.407965827567978], [-52.006448338047164, -29.407948013058547], [-52.006479345205626, -29.407956803547567], [-52.006479434110304, -29.407965827567978]], [[-52.006438120863486, -29.40795711492129], [-52.006407113708185, -29.407948324422613], [-52.006438031962475, -29.40794809090076], [-52.006438120863486, -29.40795711492129]], [[-52.006407113708185, -29.407948324422613], [-52.006376106558015, -29.40793953391656], [-52.006407024809945, -29.407939300401974], [-52.006407113708185, -29.407948324422613]], [[-52.006376106558015, -29.40793953391656], [-52.00631409227309, -29.407921952882408], [-52.00637601766255, -29.40793050989583], [-52.006376106558015, -29.40793953391656]], [[-52.0065311423602, -29.407983486373237], [-52.006520747363794, -29.40797454020166], [-52.006531053450885, -29.407974462352993], [-52.0065311423602, -29.407983486373237]], [[-52.00659306780217, -29.407992043284374], [-52.00656206062396, -29.407983252822355], [-52.006592978887355, -29.407983019264318], [-52.00659306780217, -29.407992043284374]], [[-52.00661376889606, -29.40800091159496], [-52.0066033738908, -29.40799196543007], [-52.00661367997939, -29.407991887574962], [-52.00661376889606, -29.40800091159496]], [[-52.00664477608375, -29.408009702044673], [-52.00662407498552, -29.408000833739028], [-52.006644687164304, -29.40800067802479], [-52.00664477608375, -29.408009702044673]], [[-52.006655171094394, -29.40801864820618], [-52.0066653882642, -29.408009546327186], [-52.00668608936762, -29.408018414626284], [-52.006655171094394, -29.40801864820618]], [[-52.00671709656636, -29.408027205058865], [-52.00669639545861, -29.40801833676472], [-52.00671700764047, -29.408018181039196], [-52.00671709656636, -29.408027205058865]], [[-52.006810118193435, -29.408053576312515], [-52.00683064144565, -29.408044396549933], [-52.00683073038169, -29.408053420569242], [-52.006810118193435, -29.408053576312515]], [[-52.00681002925922, -29.408044552293145], [-52.00677902204784, -29.408035761882516], [-52.006809940325056, -29.40803552827376], [-52.00681002925922, -29.408044552293145]], [[-52.00677902204784, -29.408035761882516], [-52.00672731373134, -29.40801810317525], [-52.00677893311644, -29.40802673786304], [-52.00677902204784, -29.408035761882516]], [[-52.006872043697406, -29.408062133092326], [-52.006851342569774, -29.40805326482278], [-52.0068719547577, -29.408053109073137], [-52.006872043697406, -29.408062133092326]], [[-52.006892744828555, -29.40807100135855], [-52.00688234979222, -29.40806205521628], [-52.00689265588699, -29.408061977339436], [-52.006892744828555, -29.40807100135855]], [[-52.006913357019805, -29.408070845602413], [-52.006902961981716, -29.408061899461792], [-52.00691326807642, -29.408061821583356], [-52.006913357019805, -29.408070845602413]], [[-52.00695467034887, -29.40807955809952], [-52.00694427530636, -29.408070611962238], [-52.00695458140179, -29.40807053408058], [-52.00695467034887, -29.40807955809952]], [[-52.00697537149037, -29.408088426352624], [-52.006964976445175, -29.408079480217037], [-52.00697528254144, -29.40807940233375], [-52.00697537149037, -29.408088426352624]], [[-52.00698558863767, -29.408079324449695], [-52.007130051905776, -29.40809628202586], [-52.00698576653739, -29.40809737248735], [-52.00698558863767, -29.408079324449695]], [[-52.00714026903968, -29.408087180111373], [-52.00728473233939, -29.408104137518926], [-52.00714044696679, -29.408105228148155], [-52.00714026903968, -29.408087180111373]], [[-52.00731573961158, -29.408112927810233], [-52.007295038437135, -29.40810405961086], [-52.00731565063249, -29.408103903792348], [-52.00731573961158, -29.408112927810233]], [[-52.007387882300414, -29.408112382420125], [-52.007656107869124, -29.408137428394312], [-52.00737775417134, -29.40813050837078], [-52.007387882300414, -29.408112382420125]], [[-52.007377665186716, -29.40812148435308], [-52.00732595673011, -29.408103825881888], [-52.00737757620213, -29.408112460335385], [-52.007377665186716, -29.40812148435308]], [[-52.007718122497536, -29.408155008794594], [-52.00770772738214, -29.40814606271877], [-52.00771803348276, -29.408145984777896], [-52.007718122497536, -29.408155008794594]], [[-52.00773882371712, -29.40816387692703], [-52.00772842859903, -29.408154930852888], [-52.00773873470048, -29.408154852910393], [-52.00773882371712, -29.40816387692703]], [[-52.007759613958754, -29.40818176907272], [-52.00776983104337, -29.408172667111213], [-52.00776992006282, -29.40818169112775], [-52.007759613958754, -29.40818176907272]], [[-52.00775952494022, -29.408172745056156], [-52.007749129819445, -29.40816379898371], [-52.00775943592173, -29.408163721039585], [-52.00775952494022, -29.408172745056156]], [[-52.00779062129212, -29.408190559251867], [-52.007780226166844, -29.408181613181966], [-52.007790532270825, -29.4081815352354], [-52.00779062129212, -29.408190559251867]], [[-52.00783211278637, -29.408217319506463], [-52.007852635974274, -29.40820813958808], [-52.007852725001165, -29.40821716360433], [-52.00783211278637, -29.408217319506463]], [[-52.0078320237613, -29.408208295490155], [-52.00780092739698, -29.40819048130447], [-52.00783193473627, -29.408199271473826], [-52.0078320237613, -29.408208295490155]], [[-52.0079355299958, -29.408252636027886], [-52.00792513485169, -29.40824368996984], [-52.00793544096147, -29.40824361201192], [-52.0079355299958, -29.408252636027886]], [[-52.00795623125326, -29.408261504125495], [-52.00794583610645, -29.408252558069137], [-52.00795614221706, -29.40825248010959], [-52.00795623125326, -29.408261504125495]], [[-52.007976932514225, -29.408270372219786], [-52.00796653736474, -29.408261426165115], [-52.00797684347618, -29.40826134820395], [-52.007976932514225, -29.408270372219786]], [[-52.00805964854781, -29.40829682054825], [-52.00808017172992, -29.40828764059502], [-52.0080802607772, -29.408296664610532], [-52.00805964854781, -29.40829682054825]], [[-52.00805955950235, -29.40828779653268], [-52.00802846307537, -29.408269982401833], [-52.00805947045694, -29.408278772517104], [-52.00805955950235, -29.40828779653268]], [[-52.00801824600495, -29.408279084382723], [-52.00798714958758, -29.408261270241983], [-52.00801815696322, -29.408270060367016], [-52.00801824600495, -29.408279084382723]], [[-52.00814218651716, -29.408305220793615], [-52.00810087300642, -29.408296508669643], [-52.008142097464386, -29.408296196778284], [-52.00814218651716, -29.408305220793615]], [[-52.00820411226662, -29.40831377694765], [-52.00817310486294, -29.408304986866654], [-52.00820402320835, -29.40830475293251], [-52.00820411226662, -29.40831377694765]], [[-52.008224813558655, -29.408322645002592], [-52.008214418382586, -29.408313698967984], [-52.00822472449852, -29.408313620987517], [-52.008224813558655, -29.408322645002592]], [[-52.008245425792204, -29.408322489039207], [-52.0082350306144, -29.40831354300625], [-52.00824533673025, -29.408313465024193], [-52.008245425792204, -29.408322489039207]], [[-52.0082661270894, -29.40833135708759], [-52.00825573190891, -29.40832241105632], [-52.00826603802558, -29.408322333072643], [-52.0082661270894, -29.40833135708759]], [[-52.00827634414222, -29.408322255088166], [-52.00832805286336, -29.408339913183354], [-52.008276522271714, -29.408340303117992], [-52.00827634414222, -29.408322255088166]], [[-52.008359060289955, -29.408348703227674], [-52.00833835898157, -29.40833983519404], [-52.008358971217866, -29.40833967921301], [-52.008359060289955, -29.408348703227674]], [[-52.008493485253936, -29.408392809344228], [-52.008503702291925, -29.408383707327786], [-52.00850379137696, -29.40839273134199], [-52.008493485253936, -29.408392809344228]], [[-52.00849339616982, -29.40838378533], [-52.008472605761, -29.40836589330341], [-52.008493307085736, -29.40837476131576], [-52.00849339616982, -29.40838378533]], [[-52.0084623887219, -29.40837499531752], [-52.00843129220058, -29.408357181283247], [-52.008462299640584, -29.408365971303162], [-52.0084623887219, -29.40837499531752]], [[-52.008421075158545, -29.408366283294257], [-52.00840037384146, -29.40835741527049], [-52.008420986080914, -29.408357259279793], [-52.008421075158545, -29.408366283294257]], [[-52.00840037384146, -29.40835741527049], [-52.00836927733595, -29.408339601221307], [-52.0084002847657, -29.40834839125595], [-52.00840037384146, -29.40835741527049]], [[-52.00852449270976, -29.408401599349247], [-52.00851409749993, -29.408392653338957], [-52.00852440362287, -29.40839257533512], [-52.00852449270976, -29.408401599349247]], [[-52.008545194046086, -29.408410467353207], [-52.00853479883357, -29.4084015213446], [-52.008545104957335, -29.408401443339137], [-52.008545194046086, -29.408410467353207]], [[-52.008617604203295, -29.40843699333402], [-52.00863803826333, -29.408418789281793], [-52.008658828711376, -29.40843668128147], [-52.008617604203295, -29.40843699333402]], [[-52.00861751510805, -29.4084279693202], [-52.0085968137622, -29.408419101327738], [-52.00861742601284, -29.408418945306366], [-52.00861751510805, -29.4084279693202]], [[-52.0085968137622, -29.408419101327738], [-52.00855541108106, -29.40840136533289], [-52.00859672466886, -29.40841007731383], [-52.0085968137622, -29.408419101327738]], [[-52.00874154504432, -29.408463129178482], [-52.00876206819482, -29.408453949121103], [-52.008762157302925, -29.408462973134498], [-52.00874154504432, -29.408463129178482]], [[-52.008741455938036, -29.408454105165024], [-52.00871044844904, -29.408445315211402], [-52.008741366831785, -29.408445081151577], [-52.008741455938036, -29.408454105165024]], [[-52.00871044844904, -29.408445315211402], [-52.00866904573849, -29.40842757925266], [-52.00871035934556, -29.40843629119784], [-52.00871044844904, -29.408445315211402]], [[-52.008927144488624, -29.40847074868083], [-52.008782769561364, -29.408462817087337], [-52.008927055365916, -29.40846172466791], [-52.008927144488624, -29.40847074868083]], [[-52.00915396847104, -29.408478055717826], [-52.00895806287701, -29.408470514570553], [-52.009153879328274, -29.40846903170555], [-52.00915396847104, -29.408478055717826]], [[-52.00917466987466, -29.408486923622192], [-52.00916427460055, -29.4084779776643], [-52.00917458073003, -29.408477899609984], [-52.00917466987466, -29.408486923622192]], [[-52.009195371281805, -29.408495791523233], [-52.009184976005, -29.408486845567047], [-52.009195282135316, -29.408486767511107], [-52.009195371281805, -29.408495791523233]], [[-52.009226378824465, -29.40850458136259], [-52.00920567741298, -29.408495713466465], [-52.009226289675205, -29.40849555735054], [-52.009226378824465, -29.40850458136259]], [[-52.00925738637226, -29.408513371194573], [-52.00923668495643, -29.408504503303405], [-52.00925729722023, -29.408504347182635], [-52.00925738637226, -29.408513371194573]], [[-52.009267603352065, -29.408504269121053], [-52.009535741118896, -29.408520287262665], [-52.00926778165799, -29.40852231714486], [-52.009267603352065, -29.408504269121053]], [[-52.00954595807391, -29.408511185168376], [-52.00963889162848, -29.40852853040616], [-52.00954613642905, -29.408529233190617], [-52.00954595807391, -29.408511185168376]], [[-52.00964910857485, -29.408519428304185], [-52.00976265441933, -29.408536617270293], [-52.009649286948274, -29.408537476325822], [-52.00964910857485, -29.408519428304185]], [[-52.0098556772343, -29.408562986365624], [-52.009845281894265, -29.408554040462583], [-52.00985558802925, -29.408553962355423], [-52.0098556772343, -29.408562986365624]], [[-52.00987637871288, -29.40857185415898], [-52.009865983370155, -29.408562908257622], [-52.00987628950597, -29.408562830148828], [-52.00987637871288, -29.40857185415898]], [[-52.00989708019498, -29.408580721949004], [-52.00988668484956, -29.408571776049364], [-52.0098969909862, -29.408571697938942], [-52.00989708019498, -29.408580721949004]], [[-52.00992808781893, -29.40858951162287], [-52.00990738633249, -29.40858064383777], [-52.00992799860739, -29.40858048761289], [-52.00992808781893, -29.40858951162287]], [[-52.01020671048355, -29.40862349831101], [-52.010340511815095, -29.408604434472533], [-52.010340690311274, -29.408622482490088], [-52.01020671048355, -29.40862349831101]], [[-52.010206621247264, -29.40861447430187], [-52.010072462975714, -29.408597441968677], [-52.010206532011026, -29.408605450292704], [-52.010206621247264, -29.40861447430187]], [[-52.01006224606049, -29.40860654410229], [-52.0099899246481, -29.408589042928956], [-52.01006215683704, -29.40859752009272], [-52.01006224606049, -29.40860654410229]], [[-52.009979707726146, -29.40859814505641], [-52.00993830474477, -29.40858040949926], [-52.00997961851001, -29.408589121046607], [-52.009979707726146, -29.40859814505641]], [[-52.010639568363715, -29.408620215942747], [-52.01067030822656, -29.408601933418353], [-52.01067048678098, -29.408619981434082], [-52.010639568363715, -29.408620215942747]], [[-52.010639479089214, -29.40861119193481], [-52.01037134097968, -29.408595176024658], [-52.010639389814756, -29.408602167926848], [-52.010639479089214, -29.40861119193481]], [[-52.01070113735812, -29.4085926748949], [-52.01086621412062, -29.408609472038687], [-52.010680703641846, -29.408610879255107], [-52.01070113735812, -29.4085926748949]], [[-52.01090717077543, -29.408582087267195], [-52.01103102300386, -29.40859919695603], [-52.01088673709892, -29.408600291658107], [-52.01090717077543, -29.408582087267195]], [[-52.011061852099296, -29.408589938349902], [-52.01105145665374, -29.408580992543612], [-52.0110617627876, -29.40858091434309], [-52.011061852099296, -29.408589938349902]], [[-52.011400614402326, -29.40845199719561], [-52.01124593327396, -29.408444146501655], [-52.01140052506122, -29.408442973189562], [-52.011400614402326, -29.40845199719561]], [[-52.01142131598472, -29.408460864746377], [-52.01141092052206, -29.4084519189684], [-52.01142122664176, -29.408451840740398], [-52.01142131598472, -29.408460864746377]], [[-52.01144192822581, -29.408460708287915], [-52.01143153276141, -29.408451762511582], [-52.01144183888102, -29.408451684281985], [-52.01144192822581, -29.408460708287915]], [[-52.01149363752661, -29.408478365139327], [-52.01148324205596, -29.408469419367222], [-52.01149354817719, -29.40846934113358], [-52.01149363752661, -29.408478365139327]], [[-52.011514339122044, -29.408487232675277], [-52.01150394364871, -29.408478286904856], [-52.01151424977076, -29.408478208669592], [-52.011514339122044, -29.408487232675277]], [[-52.011535040721, -29.40849610020791], [-52.011524645244975, -29.408487154439193], [-52.01153495136786, -29.408487076202306], [-52.011535040721, -29.40849610020791]], [[-52.01155574232347, -29.408504967737237], [-52.011545346844755, -29.4084960219702], [-52.01155565296847, -29.40849594373169], [-52.01155574232347, -29.408504967737237]], [[-52.011586839412686, -29.408522781027724], [-52.01168972193988, -29.408503950563734], [-52.011689900673666, -29.40852199857404], [-52.011586839412686, -29.408522781027724]], [[-52.011586750054875, -29.408513757022288], [-52.01156604844805, -29.408504889497905], [-52.011586660697105, -29.408504733016844], [-52.011586750054875, -29.408513757022288]], [[-52.01172055094235, -29.408494691807178], [-52.01173094643585, -29.40850363756018], [-52.01172064031192, -29.408503715812266], [-52.01172055094235, -29.408494691807178]], [[-52.01172064031192, -29.408503715812266], [-52.011700117431715, -29.408512896319166], [-52.01170002806393, -29.408503872314046], [-52.01172064031192, -29.408503715812266]], [[-52.011761686061035, -29.408485354789192], [-52.01180308930222, -29.408503089773273], [-52.01174125255974, -29.408503559307295], [-52.011761686061035, -29.408485354789192]], [[-52.011844045655074, -29.408475704720395], [-52.0118544411571, -29.40848465046357], [-52.011844135035474, -29.408484728725163], [-52.011844045655074, -29.408475704720395]], [[-52.011844135035474, -29.408484728725163], [-52.01182361217073, -29.408493909250762], [-52.011823522792106, -29.408484885245954], [-52.011844135035474, -29.408484728725163]], [[-52.01188518075368, -29.40846636766471], [-52.011905882378734, -29.408475235139086], [-52.011885270137675, -29.40847539166937], [-52.01188518075368, -29.40846636766471]], [[-52.011885270137675, -29.40847539166937], [-52.01186474727868, -29.40848457220119], [-52.01186465789646, -29.408475548196478], [-52.011885270137675, -29.40847539166937]], [[-52.01193662196296, -29.40845695232862], [-52.01196771910093, -29.40847476552908], [-52.0119161884992, -29.408475156872747], [-52.01193662196296, -29.40845695232862]], [[-52.01203968314637, -29.40845616960601], [-52.012008675396935, -29.408447380426814], [-52.0120395937488, -29.408447145601748], [-52.01203968314637, -29.40845616960601]], [[-52.01210143045144, -29.408446675930104], [-52.01207042270004, -29.408437886765324], [-52.01210134104844, -29.408437651926008], [-52.01210143045144, -29.408446675930104]], [[-52.01213225939648, -29.40843741707952], [-52.01212186387574, -29.408428471358423], [-52.01213216999081, -29.408428393075486], [-52.01213225939648, -29.40843741707952]], [[-52.01216290951905, -29.408410110214], [-52.01220431279509, -29.40842784507265], [-52.01214247610582, -29.408428314791763], [-52.01216290951905, -29.408410110214]], [[-52.012224746196914, -29.408409640485665], [-52.012255753951806, -29.40841842961446], [-52.012224835610695, -29.408418664489467], [-52.012224746196914, -29.408409640485665]], [[-52.01230701625643, -29.408390966129442], [-52.01229688898589, -29.40840909243303], [-52.012265970647995, -29.408409327317507], [-52.01230701625643, -29.408390966129442]], [[-52.01235845738396, -29.408381550632225], [-52.01234833012355, -29.408399676939496], [-52.012317411789006, -29.408399911835843], [-52.01235845738396, -29.408381550632225]], [[-52.012389286284375, -29.408372291723094], [-52.012451301802336, -29.40838986989668], [-52.012368852919934, -29.408390496334526], [-52.012389286284375, -29.408372291723094]], [[-52.012523265692224, -29.408371273715716], [-52.01249225793071, -29.40836248464935], [-52.01252317625225, -29.408362249712702], [-52.012523265692224, -29.408371273715716]], [[-52.01256440068042, -29.40836193645268], [-52.012554005130774, -29.40835299076593], [-52.012564311236844, -29.408352912449764], [-52.01256440068042, -29.40836193645268]], [[-52.0125952295548, -29.408352677496467], [-52.012584834003505, -29.408343731812163], [-52.012595140108544, -29.40834365349363], [-52.0125952295548, -29.408352677496467]], [[-52.01262587952555, -29.408325370527695], [-52.012749731679186, -29.40834247862002], [-52.012605446213534, -29.408343575174296], [-52.01262587952555, -29.408325370527695]], [[-52.012780381604536, -29.408315171616714], [-52.012811478839545, -29.408332984618106], [-52.012759948322795, -29.408333376286336], [-52.012780381604536, -29.408315171616714]], [[-52.012862740945884, -29.408305520923573], [-52.01293488364709, -29.408304972527304], [-52.012945637132695, -29.408350014191257], [-52.012862740945884, -29.408305520923573]], [[-52.01304762434312, -29.408240942671068], [-52.01305801992307, -29.408249888318675], [-52.013047713828975, -29.408249966672784], [-52.01304762434312, -29.408240942671068]], [[-52.013047713828975, -29.408249966672784], [-52.01303749721982, -29.408259069027828], [-52.013037407734835, -29.408250045026094], [-52.013047713828975, -29.408249966672784]], [[-52.013232686503756, -29.40819441216959], [-52.013170760478936, -29.40818585836106], [-52.01323259700177, -29.408185388168324], [-52.013232686503756, -29.40819441216959]], [[-52.013253388183365, -29.40820327943346], [-52.01324299259166, -29.408194333801312], [-52.01325329867952, -29.408194255432246], [-52.013253388183365, -29.40820327943346]], [[-52.01328439595607, -29.408212068322474], [-52.013263694272105, -29.408203201063564], [-52.01328430644945, -29.40820304432137], [-52.01328439595607, -29.408212068322474]], [[-52.013325799334545, -29.408229802830387], [-52.01334623249258, -29.408211598076633], [-52.01336702369901, -29.40822948932336], [-52.013325799334545, -29.408229802830387]], [[-52.0133257098242, -29.408220778829417], [-52.01329461253806, -29.408202965949087], [-52.013325620313914, -29.408211754828436], [-52.0133257098242, -29.408220778829417]], [[-52.01351139849626, -29.40823741594881], [-52.01337724027514, -29.408220386943782], [-52.01351121944278, -29.408219367947915], [-52.01351139849626, -29.40823741594881]], [[-52.013531921150346, -29.40822823516776], [-52.01352152553232, -29.408219289558044], [-52.01353183162181, -29.40821921116737], [-52.013531921150346, -29.40822823516776]], [[-52.01356274989004, -29.408218975990568], [-52.01355235427035, -29.408210030383277], [-52.013562660358815, -29.408209951990244], [-52.01356274989004, -29.408218975990568]], [[-52.013675579623595, -29.40816396961406], [-52.01366518400005, -29.408155024015603], [-52.0136754900826, -29.40815494561397], [-52.013675579623595, -29.40816396961406]], [[-52.01369610224758, -29.40815478880832], [-52.01368570662325, -29.408145843211486], [-52.013696012704806, -29.4081457648083], [-52.01369610224758, -29.40815478880832]], [[-52.0137374161235, -29.408163499187385], [-52.01377846135581, -29.40814513755407], [-52.01377864045595, -29.408163185553672], [-52.0137374161235, -29.408163499187385]], [[-52.01373732657705, -29.408154475187477], [-52.01372693094924, -29.408145529593934], [-52.01373723703064, -29.408145451187554], [-52.01373732657705, -29.408154475187477]], [[-52.01372693094924, -29.408145529593934], [-52.013706229242686, -29.40813666240429], [-52.01372684140378, -29.408136505593966], [-52.01372693094924, -29.408145529593934]], [[-52.013809469152044, -29.408153926320306], [-52.013788767437, -29.408145059143703], [-52.01380937959926, -29.408144902320583], [-52.013809469152044, -29.408153926320306]], [[-52.01392283605156, -29.408153063735863], [-52.013902044766475, -29.40813517257763], [-52.01393296300573, -29.40813493731555], [-52.01392283605156, -29.408153063735863]], [[-52.01389182824667, -29.40814427499624], [-52.013840118731444, -29.40812661908063], [-52.013891738686645, -29.40813525099673], [-52.01389182824667, -29.40814427499624]], [[-52.014128957674394, -29.408151495153493], [-52.01408755419647, -29.408133760897563], [-52.01413908459134, -29.40813336871839], [-52.014128957674394, -29.408151495153493]], [[-52.01407733769378, -29.40814286332999], [-52.013963791678265, -29.408125678046975], [-52.014077248117374, -29.408133839331], [-52.01407733769378, -29.40814286332999]], [[-52.014190525398824, -29.40812395252061], [-52.01418039849201, -29.40814207895941], [-52.01414948025297, -29.40814231427895], [-52.014190525398824, -29.40812395252061]], [[-52.014241966196224, -29.408114536303202], [-52.01423183929953, -29.408132662745686], [-52.01420092106384, -29.40813289807709], [-52.014241966196224, -29.408114536303202]], [[-52.01432459400442, -29.408131956708424], [-52.01433481048343, -29.408122854257574], [-52.01433490008254, -29.408131878255855], [-52.01432459400442, -29.408131956708424]], [[-52.014324504406225, -29.40812293271011], [-52.0142727948324, -29.40810527696392], [-52.014324414808065, -29.408113908711798], [-52.014324504406225, -29.40812293271011]], [[-52.01441851359279, -29.408248562580134], [-52.014428730074535, -29.408239460122154], [-52.014428819682365, -29.408248484120023], [-52.01441851359279, -29.408248562580134]], [[-52.01441842398586, -29.408239538582233], [-52.014408028291186, -29.4082305930436], [-52.01441833437898, -29.408230514584346], [-52.01441842398586, -29.408239538582233]], [[-52.014408028291186, -29.4082305930436], [-52.01439763259833, -29.408221647504096], [-52.01440793868526, -29.40822156904566], [-52.014408028291186, -29.4082305930436]], [[-52.01440784907937, -29.408212545047707], [-52.01438696809532, -29.408185629969612], [-52.014397274178656, -29.408185551512094], [-52.01440784907937, -29.408212545047707]], [[-52.01438669928373, -29.408158557975398], [-52.01435578104169, -29.40815879334292], [-52.014355601839625, -29.408140745346543], [-52.01438669928373, -29.408158557975398]], [[-52.014355601839625, -29.408140745346543], [-52.01434520616062, -29.408131799802486], [-52.014355512238645, -29.408131721348322], [-52.014355601839625, -29.408140745346543]], [[-52.014480439742066, -29.408257115805206], [-52.0144494318614, -29.408248327197395], [-52.014480350129645, -29.408248091807497], [-52.014480439742066, -29.408257115805206]], [[-52.01460402319894, -29.408247150176173], [-52.01465537438708, -29.408228709801456], [-52.01465555364275, -29.40824675779592], [-52.01460402319894, -29.408247150176173]], [[-52.01460393357564, -29.40823812617881], [-52.01454191781163, -29.408220549013507], [-52.014603843952386, -29.408229102181423], [-52.01460393357564, -29.40823812617881]], [[-52.014748398075106, -29.408255075458225], [-52.01475861452729, -29.40824597297565], [-52.01475870416429, -29.408254996972587], [-52.014748398075106, -29.408255075458225]], [[-52.014748308439025, -29.40824605146127], [-52.014727606628135, -29.408237184433066], [-52.01474821880298, -29.408237027464303], [-52.014748308439025, -29.40824605146127]], [[-52.014727606628135, -29.408237184433066], [-52.01468620301692, -29.408219450366744], [-52.01472751699396, -29.40822816043604], [-52.014727606628135, -29.408237184433066]], [[-52.01477949562027, -29.408272887992613], [-52.01478971207134, -29.408263785507714], [-52.014789801711146, -29.408272809504524], [-52.01477949562027, -29.408272887992613]], [[-52.01477940598137, -29.40826386399577], [-52.01476901025342, -29.408254918486147], [-52.014779316342526, -29.408254839998914], [-52.01477940598137, -29.40826386399577]], [[-52.01481059317614, -29.40829070051943], [-52.01482080962611, -29.40828159803219], [-52.01482089926872, -29.408290622028893], [-52.01481059317614, -29.40829070051943]], [[-52.01481050353444, -29.4082816765227], [-52.01480010780198, -29.408272731015636], [-52.014810413892775, -29.40827265252595], [-52.01481050353444, -29.4082816765227]], [[-52.014831115717726, -29.408281519540886], [-52.01488282547143, -29.40829917506545], [-52.01483129500482, -29.408299567534215], [-52.014831115717726, -29.408281519540886]], [[-52.015243718069115, -29.408314475217267], [-52.015325987442054, -29.408295799011707], [-52.01532616681667, -29.40831384700223], [-52.015243718069115, -29.408314475217267]], [[-52.015243628389065, -29.408305451221786], [-52.0148930419156, -29.408290072572825], [-52.01524353870906, -29.408296427226286], [-52.015243628389065, -29.408305451221786]], [[-52.015367391189464, -29.40831353287558], [-52.01548057880936, -29.408294620971905], [-52.015501370396535, -29.408312511875934], [-52.015367391189464, -29.40831353287558]], [[-52.01536730149849, -29.40830450888044], [-52.015336293533494, -29.4082957204813], [-52.01536721180757, -29.40829548488529], [-52.01536730149849, -29.40830450888044]], [[-52.01551158678539, -29.408303409337183], [-52.01574880633148, -29.408319650593768], [-52.015511766192844, -29.408321457326643], [-52.01551158678539, -29.408303409337183]], [[-52.01578976151637, -29.40829226435444], [-52.01595483843068, -29.408309055185565], [-52.01576932878992, -29.40831046947263], [-52.01578976151637, -29.40829226435444]], [[-52.015985666957285, -29.408299795452542], [-52.0159752711229, -29.408290850039716], [-52.01598557721176, -29.408290771459114], [-52.015985666957285, -29.408299795452542]], [[-52.016026622068594, -29.40827240914204], [-52.016098944186545, -29.408289907019807], [-52.01600618938936, -29.408290614295503], [-52.016026622068594, -29.40827240914204]], [[-52.0161398992625, -29.40826252067528], [-52.01616060119429, -29.408271387480912], [-52.01613998902155, -29.408271544668313], [-52.0161398992625, -29.40826252067528]], [[-52.01613998902155, -29.408271544668313], [-52.016119466605936, -29.408280725845607], [-52.01611937684866, -29.408271701852527], [-52.01613998902155, -29.408271544668313]], [[-52.01620182553926, -29.408271073096543], [-52.016191429689485, -29.40826212770095], [-52.01620173577476, -29.408262049103694], [-52.01620182553926, -29.408271073096543]], [[-52.01621204185999, -29.408261970505635], [-52.01626375182552, -29.408279625488777], [-52.01621222139087, -29.40828001849129], [-52.01621204185999, -29.408261970505635]], [[-52.01634602096428, -29.40826094865842], [-52.01630470685166, -29.408252239094704], [-52.01634593118707, -29.408251924665954], [-52.01634602096428, -29.40826094865842]], [[-52.0163974616054, -29.408251531612077], [-52.01637675965829, -29.408242664843613], [-52.01639737182368, -29.408242507619736], [-52.0163974616054, -29.408251531612077]], [[-52.01649039593577, -29.408268872049018], [-52.01648000006165, -29.408259926676536], [-52.016490306145776, -29.408259848056968], [-52.01649039593577, -29.408268872049018]], [[-52.01651118768947, -29.408286762791388], [-52.01652140398339, -29.4082776601774], [-52.0165214937762, -29.40828668416934], [-52.01651118768947, -29.408286762791388]], [[-52.01651109789757, -29.40827773879941], [-52.016500702020764, -29.40826879342862], [-52.01651100810572, -29.40826871480743], [-52.01651109789757, -29.40827773879941]], [[-52.016531710069174, -29.408277581554586], [-52.016841072265684, -29.408293270481714], [-52.01653188965665, -29.4082956295384], [-52.016531710069174, -29.408277581554586]], [[-52.01688202713681, -29.408265883913835], [-52.016892423045775, -29.40827482925408], [-52.01688211696142, -29.408274907904783], [-52.01688202713681, -29.408265883913835]], [[-52.01688211696142, -29.408274907904783], [-52.016861594615435, -29.408284089194794], [-52.0168615047926, -29.40827506520381], [-52.01688211696142, -29.408274907904783]], [[-52.01702622246391, -29.408255758741316], [-52.01695399005818, -29.408247285360854], [-52.01702613262665, -29.40824673475075], [-52.01702622246391, -29.408255758741316]], [[-52.017159482734485, -29.408182544153846], [-52.01716987865835, -29.40819148947217], [-52.017159572583296, -29.408191568144122], [-52.017159482734485, -29.408182544153846]], [[-52.017159572583296, -29.408191568144122], [-52.0171390502801, -29.408200749475977], [-52.017138960433066, -29.408191725485654], [-52.017159572583296, -29.408191568144122]], [[-52.01719049080833, -29.408191332125853], [-52.01718009488273, -29.408182386809184], [-52.01719040095679, -29.408182308135657], [-52.01719049080833, -29.408191332125853]], [[-52.017211013104784, -29.408182150786224], [-52.017200617178396, -29.408173205471165], [-52.01721092325146, -29.408173126796076], [-52.017211013104784, -29.408182150786224]], [[-52.01723162525263, -29.4081819934336], [-52.01722122932449, -29.4081730481202], [-52.01723153539748, -29.408172969443505], [-52.01723162525263, -29.4081819934336]], [[-52.01732411032598, -29.40815421333781], [-52.01730340832295, -29.40814534671468], [-52.017324020462766, -29.408145189347938], [-52.01732411032598, -29.40815421333781]], [[-52.01734454273743, -29.40813600798819], [-52.01736524474191, -29.408144874604904], [-52.01734463260242, -29.408145031978005], [-52.01734454273743, -29.40813600798819]], [[-52.01739589334234, -29.40811756657018], [-52.01740628927955, -29.408126511869803], [-52.017395983211806, -29.40812659055988], [-52.01739589334234, -29.40811756657018]], [[-52.017395983211806, -29.40812659055988], [-52.017375460943875, -29.408135771927416], [-52.0173753710762, -29.408126747937665], [-52.017395983211806, -29.40812659055988]], [[-52.01750890055777, -29.408080604978057], [-52.01748819855472, -29.408071738383576], [-52.01750881067851, -29.40807158098862], [-52.01750890055777, -29.408080604978057]], [[-52.01762217735638, -29.408070715259342], [-52.01753963898192, -29.408062320900818], [-52.01762208746715, -29.408061691270195], [-52.01762217735638, -29.408070715259342]], [[-52.01767343798165, -29.40804324974712], [-52.01766331170878, -29.408061376435757], [-52.01764269958805, -29.40806153385457], [-52.01767343798165, -29.40804324974712]], [[-52.01769413999401, -29.408052116312614], [-52.01768374404009, -29.408043171035786], [-52.01769405009849, -29.408043092323652], [-52.01769413999401, -29.408052116312614]], [[-52.0177352743317, -29.40804277746713], [-52.01771457231788, -29.40803391090806], [-52.017735184432574, -29.408033753478268], [-52.0177352743317, -29.40804277746713]], [[-52.01776592280075, -29.408015469350012], [-52.01777631875877, -29.408024414620353], [-52.017766012702516, -29.408024493338807], [-52.01776592280075, -29.408015469350012]], [[-52.017766012702516, -29.408024493338807], [-52.017745490489865, -29.408033674762173], [-52.01774540058988, -29.408024650773328], [-52.017766012702516, -29.408024493338807]], [[-52.017817453077065, -29.40801507574992], [-52.017807057116514, -29.40800613048283], [-52.017817363170785, -29.408006051761244], [-52.017817453077065, -29.40801507574992]], [[-52.0178996317765, -29.40798737398296], [-52.0178789297606, -29.40797850744944], [-52.017899541863066, -29.4079783499945], [-52.0178996317765, -29.40798737398296]], [[-52.01794076606751, -29.40797803507504], [-52.01793037010034, -29.407969089817687], [-52.01794067615048, -29.407969011086657], [-52.01794076606751, -29.40797803507504]], [[-52.01799211647902, -29.407959593431315], [-52.017981720509404, -29.407950648178012], [-52.01799202655752, -29.407950569443063], [-52.01799211647902, -29.407959593431315]], [[-52.01803325074957, -29.407950254495265], [-52.018012548730354, -29.407941387982543], [-52.01803316082447, -29.407941230507102], [-52.01803325074957, -29.407950254495265]], [[-52.018053772918435, -29.40794107302849], [-52.018043376945506, -29.407932127780057], [-52.01805368299156, -29.407932049040376], [-52.018053772918435, -29.40794107302849]], [[-52.01808460112945, -29.407931812816564], [-52.018074205154875, -29.40792286757056], [-52.01808451119989, -29.40792278882851], [-52.01808460112945, -29.407931812816564]], [[-52.018115429334685, -29.407922552597615], [-52.01810503335845, -29.40791360735406], [-52.018115339402435, -29.407913528609658], [-52.018115429334685, -29.407922552597615]], [[-52.01816677968497, -29.40790411088786], [-52.01815638370629, -29.407895165648345], [-52.01816668974824, -29.40789508690002], [-52.01816677968497, -29.40790411088786]], [[-52.01824868836304, -29.407849336946462], [-52.018259084344784, -29.407858282178754], [-52.018248778306834, -29.407858360934135], [-52.01824868836304, -29.407849336946462]], [[-52.018248778306834, -29.407858360934135], [-52.018228256172826, -29.407867542430232], [-52.01822816623081, -29.407858518442513], [-52.018248778306834, -29.407858360934135]], [[-52.018361694953384, -29.40781237464416], [-52.01835129896771, -29.407803429419936], [-52.01836160499978, -29.407803350656756], [-52.018361694953384, -29.40781237464416]], [[-52.01841304520145, -29.407793932841603], [-52.01839234318324, -29.407785066387728], [-52.018412955243384, -29.407784908854307], [-52.01841304520145, -29.407793932841603]], [[-52.018443693411825, -29.40776662457374], [-52.01845408940152, -29.40777556979072], [-52.01844378337253, -29.40777564856098], [-52.018443693411825, -29.40776662457374]], [[-52.01844378337253, -29.40777564856098], [-52.0184232612734, -29.407784830086403], [-52.01842317131446, -29.407775806099117], [-52.01844378337253, -29.40777564856098]], [[-52.01848482755954, -29.40775728550089], [-52.01849522355175, -29.407766230714593], [-52.01848491752385, -29.407766309488014], [-52.01848482755954, -29.40775728550089]], [[-52.01848491752385, -29.407766309488014], [-52.018464395430456, -29.407775491019663], [-52.018464305467916, -29.407766467032477], [-52.01848491752385, -29.407766309488014]], [[-52.018556879776995, -29.407747710083445], [-52.018546753690664, -29.407765836835516], [-52.01850552957962, -29.40776615194037], [-52.018556879776995, -29.407747710083445]], [[-52.01857758180101, -29.407756576511645], [-52.018567185802794, -29.407747631304495], [-52.01857749182855, -29.40774755252475], [-52.01857758180101, -29.407756576511645]], [[-52.01867006609733, -29.407728795497935], [-52.01864936407144, -29.40771992908414], [-52.0186699761168, -29.40771977151128], [-52.01867006609733, -29.407728795497935]], [[-52.018741848313795, -29.407692148021727], [-52.01873172226593, -29.40771027478708], [-52.018711110222895, -29.407710432369445], [-52.018741848313795, -29.407692148021727]], [[-52.01878307239195, -29.407691832844485], [-52.01877267638301, -29.407682887653568], [-52.018782982401575, -29.40768280885809], [-52.01878307239195, -29.407691832844485]], [[-52.01884463852056, -29.407664288096026], [-52.01883451249379, -29.407682414868763], [-52.01880359443859, -29.407682651264757], [-52.01884463852056, -29.407664288096026]], [[-52.01886534055101, -29.407673154479426], [-52.01885494453702, -29.407664209295028], [-52.01886525055343, -29.407664130493238], [-52.01886534055101, -29.407673154479426]], [[-52.018896168602446, -29.40766389408308], [-52.0188857725868, -29.40765494890112], [-52.01889607860218, -29.40765487009696], [-52.018896168602446, -29.40766389408308]], [[-52.019019210717374, -29.407599780470072], [-52.019029606738606, -29.407608725641552], [-52.0190193007283, -29.40760880445592], [-52.019019210717374, -29.407599780470072]], [[-52.0190193007283, -29.40760880445592], [-52.018998778716735, -29.407617986068164], [-52.01899868870758, -29.407608962082268], [-52.0190193007283, -29.40760880445592]], [[-52.01919387271388, -29.407544296605558], [-52.0191834766854, -29.407535351447], [-52.019193782687765, -29.40753527262012], [-52.01919387271388, -29.407544296605558]], [[-52.019224520637046, -29.407516988163934], [-52.019234916667095, -29.407525933319274], [-52.0192246106658, -29.407526012149308], [-52.019224520637046, -29.407516988163934]], [[-52.0192246106658, -29.407526012149308], [-52.01920408869009, -29.40753519379243], [-52.0192039986631, -29.40752616980702], [-52.0192246106658, -29.407526012149308]], [[-52.019245132637764, -29.407516830503102], [-52.019286446672936, -29.407525539157096], [-52.019245222668346, -29.40752585448843], [-52.019245132637764, -29.407516830503102]], [[-52.0193170945652, -29.40749823069483], [-52.01936880463863, -29.407515884471202], [-52.019296662638844, -29.407516436337087], [-52.0193170945652, -29.40749823069483]], [[-52.01940975850243, -29.407488497147074], [-52.019420154545266, -29.40749744228767], [-52.01940984854745, -29.407497521131972], [-52.01940975850243, -29.407488497147074]], [[-52.01940984854745, -29.407497521131972], [-52.019389326594926, -29.40750670280313], [-52.019389236551675, -29.40749767881819], [-52.01940984854745, -29.407497521131972]], [[-52.0195332503509, -29.407469502994083], [-52.01950224231377, -29.40746071556596], [-52.01953316029508, -29.4074604790095], [-52.0195332503509, -29.407469502994083]], [[-52.01959472607302, -29.407432933921744], [-52.01960512212579, -29.407441879047738], [-52.01959481613417, -29.4074419579062], [-52.01959472607302, -29.407432933921744]], [[-52.01959481613417, -29.4074419579062], [-52.01958460020279, -29.40745106074834], [-52.01958451014251, -29.407442036763882], [-52.01959481613417, -29.4074419579062]], [[-52.01964625602617, -29.40743253962157], [-52.01963585997087, -29.40742359449885], [-52.0196461659605, -29.407423515637255], [-52.01964625602617, -29.40743253962157]], [[-52.019687209780166, -29.40740515221444], [-52.01969760583791, -29.407414097333117], [-52.019687299849394, -29.40741417619867], [-52.019687209780166, -29.40740515221444]], [[-52.019687299849394, -29.40741417619867], [-52.01966677793966, -29.407423357911664], [-52.019666687872224, -29.40741433392739], [-52.019687299849394, -29.40741417619867]], [[-52.01973873971782, -29.407404757878847], [-52.01972834365756, -29.407395812763436], [-52.0197386496441, -29.407395733894745], [-52.01973873971782, -29.407404757878847]], [[-52.01979008949794, -29.40738631555541], [-52.01977969343523, -29.407377370444046], [-52.01978999941974, -29.40737729157143], [-52.01979008949794, -29.40738631555541]], [[-52.019831223357386, -29.407376976073017], [-52.01982082729215, -29.407368030964918], [-52.019831133275595, -29.40736795208915], [-52.019831223357386, -29.407376976073017]], [[-52.019862051225665, -29.40736771545706], [-52.019851655158774, -29.407358770351387], [-52.01986196114118, -29.407358691473256], [-52.019862051225665, -29.40736771545706]], [[-52.01991331087466, -29.407340249103296], [-52.0199031850704, -29.407358375952768], [-52.019872267123546, -29.407358612594336], [-52.01991331087466, -29.407340249103296]], [[-52.01994431890723, -29.407349036435935], [-52.019923616854996, -29.407340170220444], [-52.019944228815554, -29.407340012452355], [-52.01994431890723, -29.407349036435935]], [[-52.01997496656738, -29.407321727827174], [-52.01998536264089, -29.407330672923102], [-52.01997505666171, -29.407330751810704], [-52.01997496656738, -29.407321727827174]], [[-52.01997505666171, -29.407330751810704], [-52.019954534795765, -29.407339933567098], [-52.01995444470322, -29.407330909583518], [-52.01997505666171, -29.407330751810704]], [[-52.02000597459914, -29.40733051514549], [-52.01999557852388, -29.407321570051216], [-52.020005884502076, -29.407321491162055], [-52.02000597459914, -29.40733051514549]], [[-52.0200368024364, -29.40732125448977], [-52.0200264063595, -29.40731230939792], [-52.020036712336655, -29.407312230506385], [-52.0200368024364, -29.40732125448977]], [[-52.02029382101814, -29.407256114062978], [-52.0203351350263, -29.4072648223925], [-52.02029391114039, -29.407265138045698], [-52.02029382101814, -29.407256114062978]], [[-52.02039670046002, -29.407237276941462], [-52.02038657475232, -29.40725540382561], [-52.020345350870876, -29.40725571949463], [-52.02039670046002, -29.407237276941462]], [[-52.02041740252986, -29.407246143083096], [-52.020407006428414, -29.407237198021473], [-52.02041731239677, -29.407237119100692], [-52.02041740252986, -29.407246143083096]], [[-52.02045835599647, -29.407218755444987], [-52.02047905806755, -29.40722762157702], [-52.02045844613311, -29.407227779427302], [-52.02045835599647, -29.407218755444987]], [[-52.02045844613311, -29.407227779427302], [-52.020437924333365, -29.40723696125673], [-52.0204378341985, -29.40722793727439], [-52.02045844613311, -29.407227779427302]], [[-52.02053049775993, -29.407218202955292], [-52.020509795686564, -29.407209336831297], [-52.02053040761695, -29.407209178973176], [-52.02053049775993, -29.407218202955292]], [[-52.020581937442216, -29.407208784313912], [-52.02056123536657, -29.40719991819796], [-52.020581847294736, -29.407199760331924], [-52.020581937442216, -29.407208784313912]], [[-52.020757048677474, -29.40719841834194], [-52.0206126750365, -29.407190499544978], [-52.02075695851456, -29.40718939436043], [-52.020757048677474, -29.40719841834194]], [[-52.020860198480875, -29.407206652809705], [-52.020787966567305, -29.40719818149627], [-52.020860108308824, -29.407197628828502], [-52.020860198480875, -29.407206652809705]], [[-52.02092194408566, -29.407197155082194], [-52.02089093602269, -29.407188367977803], [-52.02092185390819, -29.407188131101144], [-52.02092194408566, -29.407197155082194]], [[-52.02095259143306, -29.407169846255368], [-52.02096298757389, -29.40717879127351], [-52.02095268161317, -29.40717887023635], [-52.02095259143306, -29.407169846255368]], [[-52.02095268161317, -29.40717887023635], [-52.02094246583165, -29.40718797317939], [-52.02094237565241, -29.407178949198393], [-52.02095268161317, -29.40717887023635]], [[-52.02101442719129, -29.407169372466544], [-52.02099372508833, -29.407160506418457], [-52.02101433700576, -29.407160348485718], [-52.02101442719129, -29.407169372466544]], [[-52.021045074505196, -29.407142063619133], [-52.02105547065099, -29.40715100862996], [-52.02104516469337, -29.40715108759989], [-52.021045074505196, -29.407142063619133]], [[-52.02104516469337, -29.40715108759989], [-52.02102464296441, -29.40716026951816], [-52.02102455277801, -29.407151245537356], [-52.02104516469337, -29.40715108759989]], [[-52.02111712600678, -29.407132486832555], [-52.02110700043847, -29.40715061376839], [-52.021065776608566, -29.407150929659245], [-52.02111712600678, -29.407132486832555]], [[-52.02114795367599, -29.407123225923343], [-52.02118935789537, -29.40714095796809], [-52.02112752215771, -29.407141431837665], [-52.02114795367599, -29.407123225923343]], [[-52.021261319172986, -29.40712235712366], [-52.02123031110623, -29.407113570098307], [-52.02126122896582, -29.40711333314346], [-52.021261319172986, -29.40712235712366]], [[-52.02134367658959, -29.40711270122882], [-52.02129205661519, -29.407104072201328], [-52.02134358637519, -29.407103677248852], [-52.02134367658959, -29.40711270122882]], [[-52.02137432379655, -29.407085392307994], [-52.02157031730696, -29.407101939221274], [-52.021364198278896, -29.40710351926228], [-52.02137432379655, -29.407085392307994]], [[-52.021992861263016, -29.407098699140807], [-52.02197206882463, -29.407080809268134], [-52.02200298666714, -29.407080572141446], [-52.021992861263016, -29.407098699140807]], [[-52.02196185314596, -29.407089912287034], [-52.02160096444854, -29.407074630249813], [-52.02196176287704, -29.407080888308773], [-52.02196185314596, -29.407089912287034]], [[-52.022085614805086, -29.40709798772435], [-52.02217818776772, -29.407079228288065], [-52.02218867429236, -29.407097197185923], [-52.022085614805086, -29.40709798772435]], [[-52.0220855245252, -29.407088963746446], [-52.02203381423404, -29.407071311029508], [-52.02208543424537, -29.40707993976854], [-52.0220855245252, -29.407088963746446]], [[-52.02227121217551, -29.407105588675176], [-52.022209286189316, -29.407097039068674], [-52.022271121879214, -29.40709656469781], [-52.02227121217551, -29.407105588675176]], [[-52.02232283222139, -29.40711421732128], [-52.02230213002263, -29.4071053514789], [-52.022322741920505, -29.407105193344062], [-52.02232283222139, -29.40711421732128]], [[-52.02234353442367, -29.407123083160336], [-52.02233313817118, -29.40711413825264], [-52.02234344412092, -29.407114059183197], [-52.02234353442367, -29.407123083160336]], [[-52.02236423662947, -29.407131948996078], [-52.02235384037429, -29.407123004090067], [-52.02236414632486, -29.40712292501901], [-52.02236423662947, -29.407131948996078]], [[-52.02237445227539, -29.407122845947157], [-52.02239524479105, -29.407140735754997], [-52.02237463288647, -29.40714089390122], [-52.02237445227539, -29.407122845947157]], [[-52.02243619766677, -29.407113347522397], [-52.02244659392795, -29.407122292421835], [-52.02243628797771, -29.407122371499273], [-52.02243619766677, -29.407113347522397]], [[-52.02243628797771, -29.407122371499273], [-52.02241576638625, -29.407131553628677], [-52.022415676077095, -29.407122529651758], [-52.02243628797771, -29.407122371499273]], [[-52.02249803336214, -29.40711287304601], [-52.02247733114932, -29.407104007231222], [-52.02249794304579, -29.40710384906929], [-52.02249803336214, -29.40711287304601]], [[-52.022580119659374, -29.407076144460195], [-52.022569994359465, -29.407094271500927], [-52.022549382465385, -29.40709442967395], [-52.022580119659374, -29.407076144460195]], [[-52.022600821874896, -29.40708501025896], [-52.02259042560449, -29.407076065371747], [-52.022600731549566, -29.407075986282504], [-52.022600821874896, -29.40708501025896]], [[-52.02262125311248, -29.40706680412521], [-52.022652261274324, -29.40707559082434], [-52.022621343439596, -29.407075828101636], [-52.02262125311248, -29.40706680412521]], [[-52.022703519995, -29.407048123417656], [-52.0226933947199, -29.40706625046725], [-52.0226624768884, -29.40706648775401], [-52.022703519995, -29.407048123417656]], [[-52.02272422221487, -29.407056989197176], [-52.02271382593689, -29.407048044319733], [-52.02272413187874, -29.407047965221018], [-52.02272422221487, -29.407056989197176]], [[-52.022765174966324, -29.407029600866064], [-52.02278587718744, -29.407038466635978], [-52.022765265306006, -29.40703862484212], [-52.022765174966324, -29.407029600866064]], [[-52.022765265306006, -29.40703862484212], [-52.02274474376232, -29.40704780702119], [-52.02274465342441, -29.40703878304507], [-52.022765265306006, -29.40703862484212]], [[-52.02289888112654, -29.40700150054242], [-52.02287817890376, -29.40699263479006], [-52.02289879077518, -29.40699247656669], [-52.02289888112654, -29.40700150054242]], [[-52.022929708582005, -29.40699223922564], [-52.02290900635861, -29.406983373478077], [-52.02292961822797, -29.406983215249973], [-52.022929708582005, -29.40699223922564]], [[-52.02295023009716, -29.40698305701869], [-52.022939833807676, -29.40697411215909], [-52.02295013974134, -29.406974033043067], [-52.02295023009716, -29.40698305701869]], [[-52.02309360949317, -29.406891709557748], [-52.02312461763854, -29.406900496147475], [-52.023093699861356, -29.40690073353307], [-52.02309360949317, -29.406891709557748]], [[-52.02315526429454, -29.406873186829234], [-52.023217280588746, -29.40689075997269], [-52.02313483319236, -29.406891393042145], [-52.02315526429454, -29.406873186829234]], [[-52.023258233137966, -29.40686337149419], [-52.02326862944296, -29.406872316328688], [-52.02325832352058, -29.406872395469087], [-52.023258233137966, -29.40686337149419]], [[-52.02325832352058, -29.406872395469087], [-52.02323780205654, -29.406881577722427], [-52.023237711675705, -29.40687255374749], [-52.02325832352058, -29.406872395469087]], [[-52.02339184853645, -29.40682624670906], [-52.02338145222578, -29.40681730188426], [-52.0233917581422, -29.406817222734485], [-52.02339184853645, -29.40682624670906]], [[-52.0234225854943, -29.406807961305844], [-52.02341218918293, -29.406799016483447], [-52.02342249509741, -29.40679893733132], [-52.0234225854943, -29.406807961305844]], [[-52.023443106926244, -29.406798779024697], [-52.02343271061409, -29.406789834203906], [-52.02344301652758, -29.406789755050223], [-52.023443106926244, -29.406798779024697]], [[-52.02354544280697, -29.406725795649944], [-52.02355583912202, -29.406734740461946], [-52.023545533214445, -29.406734819624223], [-52.02354544280697, -29.406725795649944]], [[-52.023545533214445, -29.406734819624223], [-52.02352501180487, -29.406744001920682], [-52.02352492139917, -29.40673497794638], [-52.023545533214445, -29.406734819624223]], [[-52.02352501180487, -29.406744001920682], [-52.0235147963011, -29.406753105054932], [-52.02351470589627, -29.406744081080593], [-52.02352501180487, -29.406744001920682]], [[-52.02363801513425, -29.406707035213024], [-52.02362789005914, -29.4067251623297], [-52.02358666643338, -29.406725478996197], [-52.02363801513425, -29.406707035213024]], [[-52.026959926332786, -29.40599560072574], [-52.026955697866164, -29.406600285818943], [-52.026745136438166, -29.406159699846203], [-52.02632495392516, -29.406397578042977], [-52.026773184817436, -29.406899506193394], [-52.023650038959204, -29.40687841154764], [-52.026959926332786, -29.40599560072574]], [[-52.023679057913576, -29.406688670582938], [-52.02372046236889, -29.40670640183587], [-52.02365862694316, -29.40670687687351], [-52.023679057913576, -29.406688670582938]], [[-52.0237306778493, -29.406697298686357], [-52.0237514705068, -29.40671518828], [-52.023730858696815, -29.406715346633913], [-52.0237306778493, -29.406697298686357]], [[-52.02382288838589, -29.40664244222777], [-52.02383328471583, -29.40665138701785], [-52.02382297881756, -29.406651466201364], [-52.02382288838589, -29.40664244222777]], [[-52.02382297881756, -29.406651466201364], [-52.02381276335006, -29.40666056935771], [-52.02381267291925, -29.406651545384097], [-52.02382297881756, -29.406651466201364]], [[-52.02386402153981, -29.406633101515517], [-52.023905426002585, -29.40665083271087], [-52.023843590614064, -29.406651307833528], [-52.02386402153981, -29.406633101515517]], [[-52.02396680916796, -29.406605237693437], [-52.02397720550626, -29.406614182472115], [-52.02396689961221, -29.406614261666675], [-52.02396680916796, -29.406605237693437]], [[-52.02396689961221, -29.406614261666675], [-52.023946378266444, -29.4066234440267], [-52.02394628782398, -29.406614420053412], [-52.02396689961221, -29.406614261666675]], [[-52.02412989428585, -29.40642349102706], [-52.02411949795448, -29.406414546259892], [-52.024129803827904, -29.40641446705402], [-52.02412989428585, -29.40642349102706]], [[-52.024201221227685, -29.406341720807415], [-52.02422192342506, -29.40635058635546], [-52.02420131169166, -29.406350744780354], [-52.024201221227685, -29.406341720807415]], [[-52.02420131169166, -29.406350744780354], [-52.0241807904203, -29.406359927175043], [-52.0241806999581, -29.406350903202064], [-52.02420131169166, -29.406350744780354]], [[-52.02428561184469, -29.41167464894782], [-52.02432611350204, -29.41160214029348], [-52.024388585377714, -29.41166483263113], [-52.02428561184469, -29.41167464894782]], [[-52.02427309087668, -29.40631409438828], [-52.024262694544575, -29.406305149632175], [-52.024273000406495, -29.40630507041549], [-52.02427309087668, -29.40631409438828]], [[-52.02454800087922, -29.405978068263504], [-52.02453760455885, -29.405969123528163], [-52.024547910386, -29.40596904429104], [-52.02454800087922, -29.405978068263504]], [[-52.024875071702844, -29.40570481310253], [-52.02486467538321, -29.405695868392367], [-52.024874981181746, -29.405695789130633], [-52.024875071702844, -29.40570481310253]], [[-52.024956703342895, -29.40562296323411], [-52.02496709966273, -29.40563190793718], [-52.02495679387094, -29.405631987205897], [-52.024956703342895, -29.40562296323411]], [[-52.02495679387094, -29.405631987205897], [-52.024946578606304, -29.405641090445606], [-52.024946488079124, -29.40563206647381], [-52.02495679387094, -29.405631987205897]], [[-52.02510026008657, -29.405549661628612], [-52.025089863764, -29.405540716935906], [-52.02510016954615, -29.405540637657126], [-52.02510026008657, -29.405549661628612]], [[-52.025243544962635, -29.405449287959087], [-52.02525394128872, -29.405458232639816], [-52.02524363551537, -29.405458311930285], [-52.025243544962635, -29.405449287959087]], [[-52.02524363551537, -29.405458311930285], [-52.025233420293866, -29.40546741519118], [-52.025233329741994, -29.405458391219963], [-52.02524363551537, -29.405458311930285]], [[-52.02543826779464, -29.405339493655692], [-52.02542787146529, -29.405330548989287], [-52.02543817722515, -29.40533046968488], [-52.02543826779464, -29.405339493655692]], [[-52.02545878874474, -29.405330311073676], [-52.02544839241461, -29.405321366408888], [-52.02545869817347, -29.40532128710292], [-52.02545878874474, -29.405330311073676]], [[-52.025540872507534, -29.405293580714794], [-52.02556157459927, -29.4053024460584], [-52.02554096308596, -29.405302604685364], [-52.025540872507534, -29.405293580714794]], [[-52.02559240128595, -29.405293184141556], [-52.02557169919359, -29.405284318802753], [-52.02559231070302, -29.405284160171124], [-52.02559240128595, -29.405293184141556]], [[-52.025623046795644, -29.405265874276967], [-52.025633443134836, -29.40527481892798], [-52.02562313738122, -29.40527489824735], [-52.025623046795644, -29.405265874276967]], [[-52.02562313738122, -29.40527489824735], [-52.02560261645767, -29.405284080854116], [-52.02560252587387, -29.405275056883696], [-52.02562313738122, -29.40527489824735]], [[-52.02588954661043, -29.405119428199573], [-52.02587915026569, -29.405110483568503], [-52.02588945600189, -29.40511040422974], [-52.02588954661043, -29.405119428199573]], [[-52.02592028259904, -29.40510114223891], [-52.0259098862536, -29.40509219761024], [-52.02592019198786, -29.40509211826914], [-52.02592028259904, -29.40510114223891]], [[-52.02603319257768, -29.40505514958656], [-52.026022796227444, -29.405046204966776], [-52.0260331019567, -29.40504612561706], [-52.02603319257768, -29.40505514958656]], [[-52.026084539976885, -29.405036704887156], [-52.02606383789693, -29.40502783962425], [-52.02608444935143, -29.405027680917758], [-52.026084539976885, -29.405036704887156]], [[-52.026105060805776, -29.405027522208094], [-52.02609466445231, -29.405018577593943], [-52.02610497017855, -29.405018498238736], [-52.026105060805776, -29.405027522208094]], [[-52.026186690912425, -29.404945671615064], [-52.02617629456057, -29.40493672700716], [-52.026186600278294, -29.40493664764584], [-52.026186690912425, -29.404945671615064]], [[-52.02621787997891, -29.404972505433573], [-52.02620748362159, -29.40496356082827], [-52.02621778934191, -29.40496348146448], [-52.02621787997891, -29.404972505433573]], [[-52.02626397016548, -29.404430670443116], [-52.02632562287427, -29.404412146290948], [-52.026325713518744, -29.404421170260477], [-52.02626397016548, -29.404430670443116]], [[-52.026263879526425, -29.40442164647341], [-52.02624317755813, -29.404412781234914], [-52.02626378888741, -29.404412622503703], [-52.026263879526425, -29.40442164647341]], [[-52.026258921582226, -29.404954140032327], [-52.02624852522334, -29.404945195430248], [-52.026258830941686, -29.40494511606332], [-52.026258921582226, -29.404954140032327]], [[-52.02628974809646, -29.404944877957767], [-52.02626904601858, -29.404936012726612], [-52.026289657453226, -29.404935853988835], [-52.02628974809646, -29.404944877957767]], [[-52.0263203933131, -29.40491756793847], [-52.026330789675214, -29.404926512534903], [-52.02632048395898, -29.404926591907337], [-52.0263203933131, -29.40491756793847]], [[-52.02632048395898, -29.404926591907337], [-52.026299963170494, -29.404935774618757], [-52.026299872526394, -29.404926750649842], [-52.02632048395898, -29.404926591907337]], [[-52.02639271462403, -29.404935060252168], [-52.02642345046447, -29.404916774178478], [-52.026444243207884, -29.404934663353956], [-52.02639271462403, -29.404935060252168]], [[-52.026392623971745, -29.404926036283516], [-52.02636152552467, -29.40490822647527], [-52.026392533319495, -29.404917012314833], [-52.026392623971745, -29.404926036283516]], [[-52.026448746912045, -29.404357049963956], [-52.02643835059944, -29.40434810537481], [-52.026448656256946, -29.40434802599467], [-52.026448746912045, -29.404357049963956]], [[-52.026469267571834, -29.404347867232], [-52.02645887125844, -29.404338922644467], [-52.02646917691496, -29.40433884326276], [-52.026469267571834, -29.404347867232]], [[-52.0264852847533, -29.404916297884238], [-52.02649568112931, -29.40492524246745], [-52.02648537541374, -29.404925321852637], [-52.0264852847533, -29.404916297884238]], [[-52.02648537541374, -29.404925321852637], [-52.026464854641134, -29.404934504589086], [-52.026464763982474, -29.40492548062064], [-52.02648537541374, -29.404925321852637]], [[-52.02648978822786, -29.404338684496956], [-52.02647939191368, -29.404329739911045], [-52.026489697569204, -29.40432966052778], [-52.02648978822786, -29.404338684496956]], [[-52.02652061453553, -29.40432942237318], [-52.02651021821969, -29.404320477789696], [-52.02652052387418, -29.404320398404057], [-52.02652061453553, -29.40432942237318]], [[-52.02659248211914, -29.40430179474448], [-52.02658208580009, -29.40429285016666], [-52.02659239145156, -29.404292770775534], [-52.02659248211914, -29.40430179474448]], [[-52.026649632133825, -29.404860883818134], [-52.02662893004374, -29.404852018643137], [-52.02664954145913, -29.404851859850115], [-52.026649632133825, -29.404860883818134]], [[-52.02664863471436, -29.404761620169143], [-52.02663823834246, -29.404752675597564], [-52.02664854404012, -29.404752596200975], [-52.02664863471436, -29.404761620169143]], [[-52.02665404401354, -29.40427424647449], [-52.02664364769212, -29.404265301901486], [-52.02665395334061, -29.404265222505675], [-52.02665404401354, -29.40427424647449]], [[-52.02668027722716, -29.40483357371868], [-52.0266906736111, -29.40484251828658], [-52.026680367904504, -29.40484259768665], [-52.02668027722716, -29.40483357371868]], [[-52.026680367904504, -29.40484259768665], [-52.02665984716676, -29.404851780452407], [-52.026659756491185, -29.404842756484392], [-52.026680367904504, -29.40484259768665]], [[-52.02668477961023, -29.404255960344717], [-52.02667438328811, -29.404247015774104], [-52.026684688934665, -29.40424693637596], [-52.02668477961023, -29.404255960344717]], [[-52.02684785616925, -29.404074210497516], [-52.02685825248806, -29.404083155054867], [-52.026847946858595, -29.404083234466036], [-52.02684785616925, -29.404074210497516]], [[-52.026847946858595, -29.404083234466036], [-52.02683773191755, -29.404092337844943], [-52.02683764122908, -29.404083313876406], [-52.026847946858595, -29.404083234466036]], [[-52.02685393244664, -29.404678816360757], [-52.026843536065925, -29.40466987180533], [-52.02685384175457, -29.40466979239307], [-52.02685393244664, -29.404678816360757]], [[-52.0269162200714, -29.404723459707707], [-52.026906095771324, -29.404741587059867], [-52.0268648729882, -29.404741904720996], [-52.0269162200714, -29.404723459707707]], [[-52.026929938410504, -29.40403747931284], [-52.02691954209037, -29.40402853476105], [-52.026929847714094, -29.40402845534448], [-52.026929938410504, -29.40403747931284]], [[-52.02695109384991, -29.40409146428674], [-52.026940697522335, -29.40408251973685], [-52.02695100315143, -29.404082440318515], [-52.02695109384991, -29.40409146428674]], [[-52.02697778212422, -29.404695911285796], [-52.02699848421079, -29.404704776406827], [-52.02697787282734, -29.4047049352531], [-52.02697778212422, -29.404695911285796]], [[-52.027019004887336, -29.404695593590176], [-52.02700860849082, -29.404686649048042], [-52.02701891418062, -29.40468656962298], [-52.027019004887336, -29.404695593590176]], [[-52.02704983124979, -29.404686331342994], [-52.027029129162806, -29.40467746622992], [-52.0270497405404, -29.404677307375863], [-52.02704983124979, -29.404686331342994]], [[-52.027070351917814, -29.404677148518612], [-52.02705995551885, -29.404668203980524], [-52.02707026120663, -29.404668124551534], [-52.027070351917814, -29.404677148518612]], [[-52.02720728305201, -29.40394509508733], [-52.02719688671794, -29.403936150557435], [-52.027207192331446, -29.403936071119638], [-52.02720728305201, -29.40394509508733]], [[-52.02722780355833, -29.40393591224167], [-52.027217407223475, -29.403926967713385], [-52.02722771283599, -29.403926888274025], [-52.02722780355833, -29.40393591224167]], [[-52.027258448223265, -29.40390860201604], [-52.02726884455969, -29.403917546541113], [-52.02725853894825, -29.403917625983613], [-52.027258448223265, -29.40390860201604]], [[-52.02725853894825, -29.403917625983613], [-52.02723801844846, -29.40392680883387], [-52.02723792772525, -29.403917784866255], [-52.02725853894825, -29.403917625983613]], [[-52.03165839347071, -29.40382046388514], [-52.03166851682995, -29.403802336192282], [-52.03166869905807, -29.40382038410265], [-52.03165839347071, -29.40382046388514]], [[-52.03166842571596, -29.40379331223707], [-52.03164726787445, -29.403739328069225], [-52.03166787903284, -29.403739168505563], [-52.03166842571596, -29.40379331223707]], [[-52.0316791868755, -29.40383835222963], [-52.0316687901722, -29.403829408057828], [-52.031679095760424, -29.403829328274504], [-52.0316791868755, -29.40383835222963]], [[-52.03168976581281, -29.403865344310717], [-52.03169998028757, -29.403856240570644], [-52.03170007140459, -29.403865264525685], [-52.03168976581281, -29.403865344310717]], [[-52.03168967469669, -29.403856320355654], [-52.03167927799062, -29.403847376184753], [-52.03168958358063, -29.40384729640057], [-52.03168967469669, -29.403856320355654]], [[-52.03171065035037, -29.40389225660479], [-52.03172086482584, -29.403883152863145], [-52.031720955944806, -29.40389217681807], [-52.03171065035037, -29.40389225660479]], [[-52.031710559232316, -29.40388323264982], [-52.03170016252165, -29.4038742884807], [-52.031710468114305, -29.403874208694848], [-52.031710559232316, -29.40388323264982]], [[-52.03176272505861, -29.403946001391922], [-52.031772939534534, -29.403936897646325], [-52.0317730306583, -29.403945921601046], [-52.03176272505861, -29.403946001391922]], [[-52.031762633935756, -29.403936977437176], [-52.031752237215045, -29.403928033272425], [-52.03176254281295, -29.403927953482416], [-52.031762633935756, -29.403936977437176]], [[-52.031752237215045, -29.403928033272425], [-52.031741840496146, -29.403919089106818], [-52.03175214609318, -29.40391900931763], [-52.031752237215045, -29.403928033272425]], [[-52.031741840496146, -29.403919089106818], [-52.031731443779066, -29.403910144940337], [-52.03174174937524, -29.403910065151983], [-52.031741840496146, -29.403919089106818]], [[-52.031731443779066, -29.403910144940337], [-52.03172104706381, -29.403901200773], [-52.031731352659115, -29.403901120985466], [-52.031731443779066, -29.403910144940337]], [[-52.031749868060245, -29.403693410443605], [-52.03176026475622, -29.403702354609436], [-52.03174995918106, -29.403702434398713], [-52.031749868060245, -29.403693410443605]], [[-52.03174995918106, -29.403702434398713], [-52.03173974472581, -29.40371153814233], [-52.03173965360586, -29.403702514187195], [-52.03174995918106, -29.403702434398713]], [[-52.03173974472581, -29.40371153814233], [-52.031729530268734, -29.403720641885194], [-52.03172943914966, -29.403711617930046], [-52.03173974472581, -29.40371153814233]], [[-52.03179373298317, -29.403954785971557], [-52.03178333625794, -29.403945841809378], [-52.03179364185754, -29.403945762016914], [-52.03179373298317, -29.403954785971557]], [[-52.03181452643907, -29.403972674293314], [-52.031824740912846, -29.403963570543837], [-52.03182483204128, -29.403972594498374], [-52.03181452643907, -29.403972674293314]], [[-52.03181443531155, -29.403963650338753], [-52.03180403858364, -29.403954706178265], [-52.03181434418407, -29.403954626384177], [-52.03181443531155, -29.403963650338753]], [[-52.031841798067845, -29.403611476717433], [-52.031852194763076, -29.403620420876194], [-52.03184188919647, -29.40362050067239], [-52.031841798067845, -29.403611476717433]], [[-52.03184188919647, -29.40362050067239], [-52.0318316747576, -29.403629604422765], [-52.03183158362983, -29.403620580467784], [-52.03184188919647, -29.40362050067239]], [[-52.03185593111011, -29.403990403017616], [-52.031876451184715, -29.403981219466086], [-52.03187654231779, -29.40399024342045], [-52.03185593111011, -29.403990403017616]], [[-52.03185583997886, -29.4039813790632], [-52.03183513764345, -29.403972514702627], [-52.031855748847654, -29.403972355108767], [-52.03185583997886, -29.4039813790632]], [[-52.03192825261161, -29.40400789232197], [-52.03191785586939, -29.403998948170784], [-52.03192816147391, -29.40399886836778], [-52.03192825261161, -29.40400789232197]], [[-52.031948954961905, -29.40401675666764], [-52.031938558217, -29.404007812518138], [-52.03194886382235, -29.404007732713524], [-52.031948954961905, -29.40401675666764]], [[-52.03195935170863, -29.40402570081627], [-52.03196956617429, -29.404016597055957], [-52.03199026852976, -29.40402546139507], [-52.03195935170863, -29.40402570081627]], [[-52.032041978859844, -29.404043110251443], [-52.0320624077776, -29.404024902717712], [-52.03208320129388, -29.404042790995845], [-52.032041978859844, -29.404043110251443]], [[-52.03204188771197, -29.404034086297635], [-52.032000482992565, -29.40401635763245], [-52.03204179656414, -29.40402506234379], [-52.03204188771197, -29.404034086297635]], [[-52.032093415749856, -29.40403368722629], [-52.03226879340673, -29.4040503781411], [-52.03209359805474, -29.404051735133624], [-52.032093415749856, -29.40403368722629]], [[-52.03230974232617, -29.404022986956107], [-52.03232013910423, -29.40403193107579], [-52.03230983349765, -29.40403201090918], [-52.03230974232617, -29.404022986956107]], [[-52.03230983349765, -29.40403201090918], [-52.03228931345407, -29.404041194526677], [-52.03228922228436, -29.404032170573565], [-52.03230983349765, -29.40403201090918]], [[-52.03235087357351, -29.404013643664932], [-52.03237157595956, -29.404022507944], [-52.0323509647486, -29.40402266761789], [-52.03235087357351, -29.404013643664932]], [[-52.0323509647486, -29.40402266761789], [-52.032330444710766, -29.404031851241616], [-52.03233035353747, -29.404022827288593], [-52.0323509647486, -29.40402266761789]], [[-52.032392187170366, -29.40402234826693], [-52.03238179038717, -29.404013404153], [-52.03239209599164, -29.404013324314082], [-52.032392187170366, -29.40402234826693]], [[-52.032617633699665, -29.403894256276786], [-52.03260723691069, -29.40388531218044], [-52.03261754250151, -29.40388523232441], [-52.032617633699665, -29.403894256276786]], [[-52.032638153683024, -29.403885072609967], [-52.03262775689326, -29.40387612851523], [-52.03263806248309, -29.403876048657636], [-52.032638153683024, -29.403885072609967]], [[-52.032699713610505, -29.403857521591025], [-52.0326893168184, -29.403848577501115], [-52.03269962240525, -29.403848497638823], [-52.032699713610505, -29.403857521591025]], [[-52.03285329401611, -29.403757060090772], [-52.0328636908126, -29.403766004167885], [-52.0328533852346, -29.403766084042644], [-52.03285329401611, -29.403757060090772]], [[-52.0328533852346, -29.403766084042644], [-52.03283286529521, -29.40377526774172], [-52.03283277407849, -29.403766243789786], [-52.0328533852346, -29.403766084042644]], [[-52.0330891361698, -29.40363791140347], [-52.03307873936753, -29.40362896734394], [-52.03308904493096, -29.403628887452097], [-52.0330891361698, -29.40363791140347]], [[-52.033109656057704, -29.403628727666], [-52.03309925925464, -29.40361978360808], [-52.03310956481708, -29.403619703714657], [-52.033109656057704, -29.403628727666]], [[-52.033130175941835, -29.40361954392544], [-52.03311977913799, -29.40361059986913], [-52.03313008469944, -29.403610519974144], [-52.033130175941835, -29.40361954392544]], [[-52.033294334879415, -29.403546073890016], [-52.03328393806929, -29.403537129846573], [-52.03329424362279, -29.40353704993908], [-52.033294334879415, -29.403546073890016]], [[-52.03332497776447, -29.403518762310117], [-52.03333537457617, -29.403527706350335], [-52.03332506902374, -29.403527786260977], [-52.03332497776447, -29.403518762310117]], [[-52.03332506902374, -29.403527786260977], [-52.03330454917625, -29.403536970030792], [-52.03330445791876, -29.403527946079887], [-52.03332506902374, -29.403527786260977]], [[-52.03337650552163, -29.40351836274905], [-52.033366108707426, -29.403509418712108], [-52.033376414257866, -29.403509338798326], [-52.03337650552163, -29.40351836274905]], [[-52.03349944193823, -29.403445212117877], [-52.03350983875707, -29.40345415614438], [-52.03349953321263, -29.403454236068335], [-52.03349944193823, -29.403445212117877]], [[-52.03349953321263, -29.403454236068335], [-52.033489318941676, -29.40346333994198], [-52.03348922766815, -29.4034543159915], [-52.03349953321263, -29.403454236068335]], [[-52.03365329478397, -29.403371821574652], [-52.033642897961535, -29.40336287755933], [-52.03365320349629, -29.40336279762451], [-52.03365329478397, -29.403371821574652]], [[-52.03379675057681, -29.403289486855137], [-52.0337863537508, -29.403280542851014], [-52.03379665927678, -29.403280462905304], [-52.03379675057681, -29.403289486855137]], [[-52.0339504203404, -29.40319804807892], [-52.03394002351088, -29.403189104086756], [-52.03395032902714, -29.403189024129397], [-52.0339504203404, -29.40319804807892]], [[-52.03407317330338, -29.403106849035755], [-52.034083570135635, -29.40311579301755], [-52.03407326462719, -29.403115872985047], [-52.03407317330338, -29.403106849035755]], [[-52.03407326462719, -29.403115872985047], [-52.03406305044163, -29.403124976901037], [-52.0340629591187, -29.40311595295173], [-52.03407326462719, -29.403115872985047]], [[-52.034247544874326, -29.403024273940964], [-52.03423714803771, -29.403015329971975], [-52.03424745353548, -29.403015249992066], [-52.034247544874326, -29.403024273940964]], [[-52.03437048005831, -29.402951122530702], [-52.034360083218886, -29.402942178571283], [-52.03437038870888, -29.402942098582045], [-52.03437048005831, -29.402951122530702]], [[-52.03451393466859, -29.402868787062626], [-52.03450353782557, -29.402859843114395], [-52.03451384330679, -29.402859763114268], [-52.03451393466859, -29.402868787062626]], [[-52.034544668385735, -29.40285049916082], [-52.034534271542014, -29.40284155521498], [-52.0345445770213, -29.402841475212522], [-52.034544668385735, -29.40285049916082]], [[-52.0347497727741, -29.402749635518255], [-52.034708459517915, -29.402740931637904], [-52.03474968139192, -29.402740611570398], [-52.0347497727741, -29.402749635518255]], [[-52.03478078056684, -29.402758419406915], [-52.03476007824341, -29.402749555499355], [-52.0347806891819, -29.402749395459168], [-52.03478078056684, -29.402758419406915]]], [[[-51.974159699999994, -29.423262200000003], [-51.962176299999996, -29.4206143], [-51.955714, -29.42159], [-51.95485801174267, -29.42372235570803], [-51.9538431, -29.424726800000002], [-51.949748799999995, -29.4271706], [-51.9378192, -29.4303337], [-51.924414899999995, -29.4378598], [-51.922252900000004, -29.440932999999994], [-51.919214856001766, -29.452285389762196], [-51.923995821951834, -29.453806994263473], [-51.9299034872168, -29.449785397335752], [-51.93299702331504, -29.448496423961476], [-51.935265616453755, -29.44849642396147], [-51.93796629999999, -29.451037499999998], [-51.949598200000004, -29.467820999999997], [-51.96821177590008, -29.473347830617396], [-51.97439884809657, -29.47840060624453], [-51.9781374, -29.4882192], [-51.9752237910561, -29.491651252532016], [-51.96982983422077, -29.496244458931372], [-51.96955758772333, -29.497605691418556], [-51.969914300000006, -29.498656300000007], [-51.97190383972262, -29.498181094886498], [-51.97202802309862, -29.497141786635957], [-51.97252254958744, -29.497074999183432], [-51.972718850492114, -29.49602670739146], [-51.97384073393917, -29.494682853675304], [-51.974440987986426, -29.494886023825547], [-51.973406204929915, -29.496707550035826], [-51.97343693222391, -29.497763205833344], [-51.973941689552326, -29.497687313575458], [-51.974355804259375, -29.496763769203596], [-51.975159263088074, -29.49664056074314], [-51.97554140380389, -29.494535021835038], [-51.97723339906135, -29.49455869982214], [-51.97641628417393, -29.493256130626442], [-51.97651172863799, -29.492452238534863], [-51.97934156211479, -29.48958867794581], [-51.98215617917494, -29.489441581749304], [-51.98363099580507, -29.491551469245856], [-51.985120588793855, -29.490917747458038], [-51.98335076266539, -29.48816930978898], [-51.98412854175691, -29.487531834774412], [-51.98445067740861, -29.485643305713708], [-51.98301485245414, -29.485428307482675], [-51.98214173145339, -29.485804765855224], [-51.98137492768272, -29.485440415054295], [-51.97972066149686, -29.48288961319428], [-51.978232361960025, -29.482575677911086], [-51.97798275571005, -29.48128699016019], [-51.97839720455911, -29.480408553341533], [-51.97779287137778, -29.479772246760618], [-51.97817559619415, -29.478812821892895], [-51.97577978967867, -29.478505526608348], [-51.97545397244494, -29.47679323325341], [-51.97426515696158, -29.475430196664732], [-51.97526292662824, -29.475152147970704], [-51.97536052730081, -29.474573855114315], [-51.97610660172106, -29.474938394862413], [-51.97715454096753, -29.474515569747467], [-51.97823436082562, -29.47526570587759], [-51.978749839774245, -29.476317798375447], [-51.9798171207146, -29.47683337259014], [-51.97947788185468, -29.473731393487043], [-51.98097581992903, -29.472917165910708], [-51.983136577960025, -29.47346074709627], [-51.98261267145128, -29.47260727597962], [-51.98276366158255, -29.47115319365714], [-51.98392096246621, -29.47031437485206], [-51.986211374823036, -29.470405716313696], [-51.98685712801946, -29.47318954166768], [-51.98724184706984, -29.473511574776154], [-51.9883519494191, -29.473124299647562], [-51.98877041345877, -29.47373486581301], [-51.987624276886415, -29.471469169663113], [-51.987732807366626, -29.4698980774439], [-51.98820490255281, -29.469659932053176], [-51.9881380277883, -29.468081116978258], [-51.9901590462439, -29.468048046313694], [-51.990821443498895, -29.467230899086875], [-51.99125569365647, -29.467344985638235], [-51.991282549971395, -29.46798553469746], [-51.99215891092655, -29.467960954873817], [-51.99266338608691, -29.46575518219793], [-51.99359834402922, -29.465396244648808], [-51.99362745141245, -29.46415062762345], [-51.995374111109946, -29.464543684756805], [-51.99904184975108, -29.464182292598558], [-52.00165868814864, -29.466021696518077], [-52.0019100114883, -29.465361007298746], [-52.00275691880561, -29.465489998353743], [-52.00290021997569, -29.46538062312209], [-52.00145433721344, -29.46516589514169], [-51.99912987915842, -29.463694301831218], [-51.99565508528146, -29.46374741534924], [-51.99502183971548, -29.463318968538157], [-51.992663971490835, -29.463697560580645], [-51.990850018181426, -29.464866231215655], [-51.990642590483475, -29.465806337796103], [-51.99046921616944, -29.466006170237765], [-51.98991394578736, -29.466172745011495], [-51.98939799439322, -29.466140483120228], [-51.9896410139542, -29.465678419622808], [-51.988844278066765, -29.465404577813963], [-51.98876526604514, -29.464701242752483], [-51.98819270063847, -29.46521087522557], [-51.98661987141666, -29.464663016109963], [-51.98619987855182, -29.46495491755111], [-51.98617303799757, -29.466444182854232], [-51.9850694533543, -29.467499214608534], [-51.98464569537676, -29.467403079429516], [-51.98442942802869, -29.466366845064524], [-51.982895323916544, -29.465556940687282], [-51.98155633075325, -29.465729266410385], [-51.98110777956344, -29.4684128949245], [-51.98044034677634, -29.468715627128034], [-51.98014742035115, -29.467210668239414], [-51.97895103686115, -29.46720142468462], [-51.9788350915461, -29.46801449625359], [-51.97664264828944, -29.468454762538684], [-51.975569328555615, -29.470529280887995], [-51.974655054429455, -29.470905991038773], [-51.973450264477336, -29.47002136858438], [-51.972171949720455, -29.470075836485147], [-51.97195967527654, -29.469445660879945], [-51.97280578430301, -29.46841066736492], [-51.97155266205935, -29.467860292495605], [-51.97127826533491, -29.467203494966828], [-51.972604919266814, -29.466814770425298], [-51.97193332459751, -29.465601347114248], [-51.97224060146853, -29.464299550945555], [-51.97478327629637, -29.462746759735236], [-51.97465992458724, -29.461709826530047], [-51.97256737514289, -29.462880290798076], [-51.97152416909641, -29.462707416211728], [-51.971385222775105, -29.46327698451181], [-51.970161727737214, -29.463664944535573], [-51.969777433883905, -29.464461916144494], [-51.967575717831615, -29.462835450025825], [-51.967017475134554, -29.463778073271857], [-51.96748604796577, -29.464252975665783], [-51.96729551734309, -29.464822914923417], [-51.966342026422794, -29.464324459588973], [-51.96600780597777, -29.464967637702227], [-51.96640457954398, -29.46657114894705], [-51.966109206086216, -29.46696135432734], [-51.96656995966856, -29.467698031752576], [-51.96616816404221, -29.468829033008458], [-51.96513914988346, -29.46907114108171], [-51.964122900895504, -29.468482879008302], [-51.963417577698245, -29.469146787995488], [-51.9632346754966, -29.468344916077555], [-51.96209648629975, -29.467947038887935], [-51.96117604069173, -29.46876591070187], [-51.960296768013364, -29.46848346864238], [-51.96164078728411, -29.46774276491746], [-51.96113293309528, -29.467475693282026], [-51.96146829915778, -29.466949839578866], [-51.963115092909746, -29.46660401932197], [-51.96270516066882, -29.464693753575233], [-51.96310365472986, -29.46321082311489], [-51.963593417381034, -29.462656772754638], [-51.964622883636935, -29.462468822160396], [-51.96435612648991, -29.461523163764937], [-51.962693312130966, -29.461255435720908], [-51.96376127102318, -29.459686437006685], [-51.96217723201965, -29.459021045332488], [-51.96269228941769, -29.460055160104034], [-51.9600395458295, -29.461978528792198], [-51.960332815331384, -29.464647719627287], [-51.95874634585627, -29.465922613051042], [-51.959276424230424, -29.46636100283892], [-51.95925236766191, -29.467092175395877], [-51.95802024693011, -29.467669605467734], [-51.957337318935394, -29.46632984201515], [-51.95667406085625, -29.46708366015994], [-51.956030301694504, -29.46661900254921], [-51.956182952269444, -29.46640131344918], [-51.9568729339448, -29.466297082899942], [-51.95693277323645, -29.46608006021895], [-51.95567401853145, -29.46601690742647], [-51.955678492082484, -29.465394171881513], [-51.955189603141015, -29.46604745904726], [-51.954916499782, -29.46551696224211], [-51.9546007984035, -29.465943387371752], [-51.95305043828108, -29.46557546147275], [-51.9536011265829, -29.46491271447971], [-51.95279917265046, -29.46407013690279], [-51.95350201343307, -29.462034547458103], [-51.95249952515501, -29.460697045382776], [-51.95220959303565, -29.46167378721358], [-51.95130814451812, -29.462320986699037], [-51.948686253723025, -29.460940871568006], [-51.94722334558175, -29.46109568557565], [-51.94757863264593, -29.460488501497142], [-51.94719928284684, -29.459615805053634], [-51.944809132628706, -29.458748370389298], [-51.944683415368885, -29.457422629964498], [-51.946102864881645, -29.455923471298412], [-51.94522717283206, -29.456010914622937], [-51.94404359951094, -29.45514391606552], [-51.94296452837391, -29.455539626998895], [-51.942586655485115, -29.454820325660002], [-51.942023301325825, -29.455230425794962], [-51.94187602896315, -29.45491560268721], [-51.94249143741222, -29.45455928296365], [-51.94111207995468, -29.453702668230076], [-51.94146744261468, -29.451985458072983], [-51.943599966585346, -29.45066177530898], [-51.94226473062319, -29.450111699344365], [-51.94211579814556, -29.44961639337886], [-51.94113215329018, -29.450291180239038], [-51.94177390800691, -29.450557383863252], [-51.94162291534685, -29.450955539838038], [-51.9395477336725, -29.451791451403484], [-51.939511981480926, -29.450149203107543], [-51.93694803020561, -29.448290127195985], [-51.936441155663836, -29.445866038798496], [-51.937884428735224, -29.444718763135413], [-51.93521330820763, -29.444647303919783], [-51.93485912902841, -29.44425270241537], [-51.93484308573473, -29.4425020145441], [-51.937183603704014, -29.441384543193564], [-51.9370881959913, -29.439977354357854], [-51.937616247386636, -29.439098236930203], [-51.939293196485536, -29.438707379658656], [-51.939248395840494, -29.437200563047156], [-51.93977874176727, -29.436574113930696], [-51.942192005144406, -29.436656334122222], [-51.94278657859248, -29.438520247741756], [-51.943215449881826, -29.43695593053325], [-51.9438091270047, -29.436491462517367], [-51.94572547818933, -29.439690673730464], [-51.94663421902465, -29.439846661948348], [-51.94625479179581, -29.4389559099596], [-51.94698583780575, -29.43885144114896], [-51.94622992089689, -29.437385782545192], [-51.946843283637975, -29.436821889213352], [-51.94528158076646, -29.436291499342946], [-51.94462433633985, -29.435456861982644], [-51.944747743876846, -29.434309844247494], [-51.94537215825005, -29.43382710188975], [-51.94466455496897, -29.433119168086105], [-51.94483303772352, -29.432386968535752], [-51.94681718236977, -29.431786269450953], [-51.948251768864196, -29.433066601204366], [-51.949368612021225, -29.431217597609887], [-51.95163410581044, -29.4320497550004], [-51.953904565069536, -29.431203237065784], [-51.95264076762193, -29.430553476776705], [-51.951342060460824, -29.43058080903403], [-51.950394320132894, -29.429549729943762], [-51.95217161825104, -29.42888725476992], [-51.95326023290475, -29.42954729868595], [-51.954130375714634, -29.428891287058278], [-51.95502044068362, -29.429263947018924], [-51.95663632096525, -29.42898160891034], [-51.95423796324077, -29.427166791174724], [-51.953827765020364, -29.426294329334866], [-51.95486348068459, -29.42570932528924], [-51.956775795108065, -29.426264161552727], [-51.95692195746136, -29.425360637772673], [-51.957465149652286, -29.42502281908466], [-51.95990372579743, -29.426728992528023], [-51.960029421112715, -29.42803667275615], [-51.964395599552596, -29.427526820699004], [-51.96134456828421, -29.42647493349859], [-51.96110496134441, -29.425113928004755], [-51.96194434668513, -29.424485162375053], [-51.963562429669835, -29.424446393321926], [-51.964021427318244, -29.423928662651246], [-51.96504659377778, -29.42441759963886], [-51.96548278613717, -29.42584937043087], [-51.96649123368626, -29.424569570741436], [-51.966427365374244, -29.42217848113736], [-51.96766817073441, -29.42584253689155], [-51.968970521243186, -29.425120116282994], [-51.96975416005196, -29.42622445412954], [-51.970854288360144, -29.425918624458955], [-51.971180459453656, -29.424445217464495], [-51.97285917813898, -29.424279547353514], [-51.97345928769866, -29.425592771733626], [-51.97241983072977, -29.427937765509842], [-51.971865077615355, -29.428140358169884], [-51.97265254445586, -29.428558771542626], [-51.97399698612966, -29.427926241810162], [-51.974918932327974, -29.429471746865577], [-51.97563745605233, -29.42806765573864], [-51.97677645387879, -29.428591765561603], [-51.978027798315246, -29.430080683822812], [-51.97876905165933, -29.429975966894812], [-51.97802963279953, -29.42919624937129], [-51.977475193790255, -29.427278056996897], [-51.978902408651145, -29.42560702956181], [-51.97703796401897, -29.425756089037723], [-51.97643613106915, -29.42534536542869], [-51.97656072511612, -29.424360758402667], [-51.98123300598257, -29.422476357697292], [-51.98335489933395, -29.422307290822186], [-51.984123888267206, -29.420808646213803], [-51.979059299999996, -29.423149400000003], [-51.974159699999994, -29.423262200000003]], [[-51.97175950602582, -29.498190605048737], [-51.97174901840304, -29.498172632431444], [-51.9717593337179, -29.498172557063093], [-51.97175950602582, -29.498190605048737]], [[-51.98146609113268, -29.42205950397329], [-51.981496840397355, -29.422041227999266], [-51.981497013893204, -29.422059276138963], [-51.98146609113268, -29.42205950397329]], [[-51.92009147636086, -29.450799246023582], [-51.920101705617625, -29.450790150573223], [-51.92010178703498, -29.450799174765205], [-51.92009147636086, -29.450799246023582]], [[-51.92009147636086, -29.450799246023582], [-51.920081247102274, -29.45080834147317], [-51.9200811656867, -29.450799317281152], [-51.92009147636086, -29.450799246023582]], [[-51.920180445508244, -29.45037446764281], [-51.92017021629932, -29.450383563098715], [-51.920170134877296, -29.45037453890634], [-51.920180445508244, -29.45037446764281]], [[-51.92153892064375, -29.45008530398697], [-51.92086811772737, -29.451163891211515], [-51.92116635470712, -29.45221772397334], [-51.92089073344157, -29.452526472365612], [-51.92079395027982, -29.44980166632584], [-51.92153892064375, -29.45008530398697]], [[-51.92073893981506, -29.448276862989903], [-51.92074916876605, -29.448267767493167], [-51.92074925023232, -29.44827679168692], [-51.92073893981506, -29.448276862989903]], [[-51.92073893981506, -29.448276862989903], [-51.92072871086225, -29.448285958485876], [-51.920728629397765, -29.448276934292082], [-51.92073893981506, -29.448276862989903]], [[-51.92240144651137, -29.44854512279965], [-51.92153492512264, -29.449643118696862], [-51.92100517520678, -29.44921359619339], [-51.92164775999612, -29.44729590114952], [-51.92196074012631, -29.447699848294217], [-51.922618235544086, -29.447433575811647], [-51.921819168167325, -29.44800767027349], [-51.92240144651137, -29.44854512279965]], [[-51.921479103988496, -29.45259459910888], [-51.92155095374286, -29.452558002760195], [-51.92153082134569, -29.452612290623826], [-51.921479103988496, -29.45259459910888]], [[-51.922427209305894, -29.445693121268164], [-51.92205527791265, -29.446751594151536], [-51.921736556892704, -29.44685307332961], [-51.92200522719489, -29.44577726687629], [-51.922427209305894, -29.445693121268164]], [[-51.921892109096056, -29.452654912989892], [-51.92185119198318, -29.452691295329405], [-51.921850865669704, -29.45265519858946], [-51.921892109096056, -29.452654912989892]], [[-51.92225629079631, -29.445035497856484], [-51.92199116493633, -29.44536222533517], [-51.92201899568985, -29.445019091753473], [-51.92225629079631, -29.445035497856484]], [[-51.92218016020519, -29.452580719961404], [-51.92211960074761, -29.452725535438137], [-51.92201559459304, -29.452626983560684], [-51.92218016020519, -29.452580719961404]], [[-51.92255706560798, -29.453209840995893], [-51.922546836339016, -29.45321893663218], [-51.92254675469728, -29.4532099124497], [-51.92255706560798, -29.453209840995893]], [[-51.92254748947421, -29.45329113009158], [-51.92256770309311, -29.45324586627093], [-51.922568111312, -29.453290987182687], [-51.92254748947421, -29.45329113009158]], [[-51.9225681929559, -29.45330001136501], [-51.922557963679125, -29.453309107002198], [-51.9225578820361, -29.453300082819872], [-51.9225681929559, -29.45330001136501]], [[-51.92257866716537, -29.453317988273884], [-51.92256843788779, -29.45332708391187], [-51.92256835624379, -29.4533180597296], [-51.92257866716537, -29.453317988273884]], [[-51.92374534413309, -29.43981788852655], [-51.923735116281705, -29.439826984240522], [-51.92373503457939, -29.43981796004291], [-51.92374534413309, -29.43981788852655]], [[-51.92404257232784, -29.45328076092012], [-51.92403234318771, -29.453289856667723], [-51.92403226141429, -29.453280832489124], [-51.92404257232784, -29.45328076092012]], [[-51.9243204761866, -29.453224683187592], [-51.92431024707736, -29.453233778955962], [-51.924310165279536, -29.453224754778002], [-51.9243204761866, -29.453224683187592]], [[-51.92459114199039, -29.438720022149774], [-51.92460153320595, -29.43872897476644], [-51.924591223764764, -29.43872904634668], [-51.92459114199039, -29.438720022149774]], [[-51.92460145143067, -29.438719950569546], [-51.92461167909475, -29.438710854791648], [-51.92461176087091, -29.43871987898853], [-51.92460145143067, -29.438719950569546]], [[-51.924591223764764, -29.43872904634668], [-51.924580996097035, -29.43873814212307], [-51.92458091432354, -29.43872911792614], [-51.924591223764764, -29.43872904634668]], [[-51.9248971502763, -29.453139455261635], [-51.9248869212281, -29.453148551073124], [-51.924886839379525, -29.45313952689651], [-51.9248971502763, -29.453139455261635]], [[-51.924958436921116, -29.43829330753427], [-51.92496882812356, -29.438302260123095], [-51.924958518726555, -29.438302331730828], [-51.924958436921116, -29.43829330753427]], [[-51.92497897390605, -29.43828414012152], [-51.92498936510929, -29.438293092708737], [-51.924979055713266, -29.43829316431804], [-51.92497897390605, -29.43828414012152]], [[-51.925071022123554, -29.438202277842134], [-51.925081413326126, -29.438211230422286], [-51.92507110393864, -29.438211302038525], [-51.925071022123554, -29.438202277842134]], [[-51.92508133151013, -29.43820220622591], [-51.92509155907978, -29.43819311041253], [-51.92509164089666, -29.438202134608883], [-51.92508133151013, -29.43820220622591]], [[-51.92507110393864, -29.438211302038525], [-51.925060876365336, -29.438220397850394], [-51.92506079455112, -29.438211373653996], [-51.92507110393864, -29.438211302038525]], [[-51.925060876365336, -29.438220397850394], [-51.92505064879021, -29.43822949366151], [-51.92505056697687, -29.438220469465083], [-51.925060876365336, -29.438220397850394]], [[-51.9251630701934, -29.438120415501363], [-51.925173461395296, -29.438129368074442], [-51.92516315201636, -29.438129439697633], [-51.9251630701934, -29.438120415501363]], [[-51.92517337957143, -29.438120343878197], [-51.92518360712469, -29.438111248058], [-51.925183688949424, -29.438120272254224], [-51.92517337957143, -29.438120343878197]], [[-51.92516315201636, -29.438129439697633], [-51.925152924459454, -29.438138535516327], [-51.92515284263738, -29.438129511320042], [-51.92516315201636, -29.438129439697633]], [[-51.92525511811559, -29.438038553099208], [-51.92526550931682, -29.438047505665214], [-51.92525519994641, -29.43804757729535], [-51.92525511811559, -29.438038553099208]], [[-51.92526542748509, -29.43803848146909], [-51.92527565502193, -29.43802938564207], [-51.925275736854545, -29.438038409838175], [-51.92526542748509, -29.43803848146909]], [[-51.92525519994641, -29.43804757729535], [-51.92524497240593, -29.43805667312086], [-51.92524489057597, -29.438047648924698], [-51.92525519994641, -29.43804757729535]], [[-51.92535739341152, -29.437947594802573], [-51.925367784612, -29.43795654736073], [-51.92535747525108, -29.437956618998587], [-51.92535739341152, -29.437947594802573]], [[-51.925367702771524, -29.437947523164738], [-51.92537793029014, -29.43793842733015], [-51.92537801213149, -29.43794745152611], [-51.925367702771524, -29.437947523164738]], [[-51.92535747525108, -29.437956618998587], [-51.925347247728816, -29.43796571483167], [-51.92534716589012, -29.43795669063565], [-51.92535747525108, -29.437956618998587]], [[-51.925347247728816, -29.43796571483167], [-51.92533702020473, -29.437974810664013], [-51.92533693836692, -29.43796578646796], [-51.925347247728816, -29.43796571483167]], [[-51.925439213517, -29.437874828110715], [-51.92544960471689, -29.437883780662588], [-51.92543929536356, -29.437883852306623], [-51.925439213517, -29.437874828110715]], [[-51.92557373775983, -29.452701565186583], [-51.92558413051912, -29.452710517674895], [-51.92557381966772, -29.452710589362034], [-51.92557373775983, -29.452701565186583]], [[-51.92558388479282, -29.45268344514858], [-51.92559427755109, -29.45269239763615], [-51.925583966701545, -29.45269246932403], [-51.92558388479282, -29.45268344514858]], [[-51.92566506092946, -29.452538484817833], [-51.925675535595914, -29.452556461474813], [-51.92566522476036, -29.452556533168696], [-51.92566506092946, -29.452538484817833]], [[-51.925675126014404, -29.452511340597706], [-51.92568560067968, -29.452529317253987], [-51.9256752898469, -29.452529388948587], [-51.925675126014404, -29.452511340597706]], [[-51.92568543684536, -29.452511268903148], [-51.925695665758276, -29.4525021730324], [-51.925695747676286, -29.452511197207812], [-51.92568543684536, -29.452511268903148]], [[-51.92568519109417, -29.452484196376805], [-51.925695583840294, -29.452493148856966], [-51.9256852730112, -29.45249322055226], [-51.92568519109417, -29.452484196376805]], [[-51.92569517425097, -29.452448027979674], [-51.92570564891292, -29.452466004634626], [-51.92569533808659, -29.452466076330634], [-51.92569517425097, -29.452448027979674]], [[-51.92571519177151, -29.437611191776494], [-51.92572558296748, -29.437620144307235], [-51.92571527364159, -29.437620215972046], [-51.92571519177151, -29.437611191776494]], [[-51.925735728549554, -29.437602024250612], [-51.92574611974632, -29.437610976779737], [-51.92573581042142, -29.437611048446126], [-51.925735728549554, -29.437602024250612]], [[-51.92575630188973, -29.45236638021344], [-51.92576669462964, -29.452375332688344], [-51.92575638381265, -29.452375404388885], [-51.92575630188973, -29.45236638021344]], [[-51.92576644885823, -29.45234826016207], [-51.925776841597106, -29.452357212636226], [-51.92576653078199, -29.452357284337506], [-51.92576644885823, -29.45234826016207]], [[-51.925776595823194, -29.45233014010995], [-51.92578698856105, -29.452339092583358], [-51.92577667774779, -29.452339164285387], [-51.925776595823194, -29.45233014010995]], [[-51.925837805257444, -29.45225751648328], [-51.925848197992956, -29.452266468952036], [-51.925837887187214, -29.452266540658652], [-51.925837805257444, -29.45225751648328]], [[-51.92584811606226, -29.45225744477669], [-51.925858344935484, -29.452248348893963], [-51.92585842686705, -29.452257373069305], [-51.92584811606226, -29.45225744477669]], [[-51.92585818107247, -29.452230300543253], [-51.92586857380688, -29.452239253010482], [-51.92585826300396, -29.452239324718622], [-51.92585818107247, -29.452230300543253]], [[-51.92587855687675, -29.45220308460023], [-51.925888949610055, -29.452212037065937], [-51.92587863880995, -29.452212108775587], [-51.92587855687675, -29.45220308460023]], [[-51.92594950338108, -29.45206721998717], [-51.92596005998626, -29.45209422079829], [-51.92594974919827, -29.452094292513188], [-51.92594950338108, -29.45206721998717]], [[-51.92594974919827, -29.452094292513188], [-51.925939602286725, -29.452112412577947], [-51.92593943841023, -29.45209436422728], [-51.92594974919827, -29.452094292513188]], [[-51.925959568346755, -29.45204007574631], [-51.92597004301075, -29.452058052381428], [-51.925959732226445, -29.45205812409702], [-51.925959568346755, -29.45204007574631]], [[-51.92596971524788, -29.452021955680063], [-51.92598010797007, -29.452030908139115], [-51.92596979718854, -29.452030979855426], [-51.92596971524788, -29.452021955680063]], [[-51.925979780204, -29.451994811437707], [-51.92599025486663, -29.452012788071386], [-51.92597994408696, -29.452012859788443], [-51.925979780204, -29.451994811437707]], [[-51.92599009098185, -29.451994739720707], [-51.92600031981641, -29.451985643827577], [-51.926000401759666, -29.451994668002907], [-51.92599009098185, -29.451994739720707]], [[-51.92598984515495, -29.451967667194598], [-51.9260002378732, -29.45197661965223], [-51.92598992709721, -29.45197669136998], [-51.92598984515495, -29.451967667194598]], [[-51.92599991010073, -29.45194052295074], [-51.926010302817005, -29.45194947540767], [-51.92599999204379, -29.451949547126137], [-51.92599991010073, -29.45194052295074]], [[-51.926040415671004, -29.45185901849402], [-51.926050890329556, -29.451876995123357], [-51.92604057956379, -29.451877066844805], [-51.926040415671004, -29.45185901849402]], [[-51.92605048059331, -29.451831874246434], [-51.92606095525069, -29.451849850875067], [-51.926050644487695, -29.451849922597237], [-51.92605048059331, -29.451831874246434]], [[-51.92606079135448, -29.45183180252432], [-51.92607102016665, -29.451822706626025], [-51.926071102115614, -29.4518317308014], [-51.92606079135448, -29.45183180252432]], [[-51.926060463562514, -29.451795705822644], [-51.92607093821773, -29.451813682450645], [-51.92606062745842, -29.451813754173507], [-51.926060463562514, -29.451795705822644]], [[-51.92607052847367, -29.45176856157353], [-51.92608100312771, -29.45178653820083], [-51.92607069237118, -29.45178660992441], [-51.92607052847367, -29.45176856157353]], [[-51.92607903634556, -29.451569957987616], [-51.926101214883495, -29.451741273874372], [-51.92608075727877, -29.451759465674566], [-51.92607903634556, -29.451569957987616]], [[-51.92611479826634, -29.43733767041687], [-51.92612518946794, -29.437346622916625], [-51.92611488017085, -29.437346694611772], [-51.92611479826634, -29.43733767041687]], [[-51.92615014607268, -29.45145214162183], [-51.926130180251846, -29.451524478482877], [-51.92612952462759, -29.451452285077426], [-51.92615014607268, -29.45145214162183]], [[-51.926130180251846, -29.451524478482877], [-51.92611995147424, -29.451533574385344], [-51.926119869521955, -29.45152455020969], [-51.926130180251846, -29.451524478482877]], [[-51.92616021092848, -29.451424997365827], [-51.92613934362806, -29.45139806829558], [-51.926159965062126, -29.451397924838698], [-51.92616021092848, -29.451424997365827]], [[-51.926149408481834, -29.451370924040226], [-51.92615988310675, -29.451388900662973], [-51.92614957239065, -29.451388972391783], [-51.926149408481834, -29.451370924040226]], [[-51.92615947333043, -29.45134377978411], [-51.92616994795418, -29.45136175640616], [-51.92615963724084, -29.451361828135685], [-51.92615947333043, -29.45134377978411]], [[-51.926169456217906, -29.451307611351428], [-51.92618001279643, -29.4513346121486], [-51.92616970208587, -29.451334683878855], [-51.926169456217906, -29.451307611351428]], [[-51.92617943909865, -29.451271442917964], [-51.92618991371807, -29.451289419538718], [-51.926179603012116, -29.451289491269634], [-51.92617943909865, -29.451271442917964]], [[-51.92618974980278, -29.451271371187104], [-51.926199978548375, -29.451262275279632], [-51.92620006050687, -29.451271299455424], [-51.92618974980278, -29.451271371187104]], [[-51.92619669925314, -29.437273927470383], [-51.92620709045509, -29.437282879963828], [-51.92619678116468, -29.437282951665168], [-51.92619669925314, -29.437273927470383]], [[-51.92621723591877, -29.437264759872214], [-51.92622762712152, -29.437273712364036], [-51.9262173178321, -29.43727378406695], [-51.92621723591877, -29.437264759872214]], [[-51.926240483703076, -29.45118077076325], [-51.92622992712577, -29.45115376997028], [-51.92625054850991, -29.451153626500435], [-51.926240483703076, -29.45118077076325]], [[-51.92624007389457, -29.451135649884026], [-51.92625046654734, -29.45114460232461], [-51.9262401558562, -29.451144674059897], [-51.92624007389457, -29.451135649884026]], [[-51.92625022065984, -29.45111752979704], [-51.92626061331158, -29.451126482236866], [-51.9262503026223, -29.45112655397291], [-51.92625022065984, -29.45111752979704]], [[-51.926260285458305, -29.45109038553342], [-51.926270760072285, -29.451108362148386], [-51.92626044938487, -29.451108433885167], [-51.926260285458305, -29.45109038553342]], [[-51.92627035025159, -29.451063241269054], [-51.9262808248644, -29.451081217883324], [-51.926270514179755, -29.451081289620827], [-51.92627035025159, -29.451063241269054]], [[-51.92628066093442, -29.451063169531604], [-51.92629088965135, -29.451054073617502], [-51.9262909716172, -29.45106309779336], [-51.92628066093442, -29.451063169531604]], [[-51.926321329886, -29.450999713343155], [-51.92631085527493, -29.450981736731826], [-51.926331476623815, -29.45098159325022], [-51.926321329886, -29.450999713343155]], [[-51.926321002012926, -29.45096361663964], [-51.92633139465465, -29.450972569074363], [-51.92632108398114, -29.450972640815532], [-51.926321002012926, -29.45096361663964]], [[-51.926331066778374, -29.450936472370795], [-51.9263415413881, -29.45095444898068], [-51.92633123071644, -29.4509545207226], [-51.926331066778374, -29.450936472370795]], [[-51.926341131538656, -29.450909328101204], [-51.9263516061472, -29.45092730471039], [-51.926341295478316, -29.450927376453038], [-51.926341131538656, -29.450909328101204]], [[-51.92635144220571, -29.450909256358617], [-51.92636167090113, -29.450900160439357], [-51.92636175287273, -29.450909184615234], [-51.92635144220571, -29.450909256358617]], [[-51.926371489732915, -29.450845943639813], [-51.92638188236666, -29.4508548960709], [-51.9263715717052, -29.450854967815737], [-51.926371489732915, -29.450845943639813]], [[-51.92642260236841, -29.43717308372006], [-51.926412211159494, -29.437164131243474], [-51.92642252043727, -29.437164059525724], [-51.92642260236841, -29.43717308372006]], [[-51.92644276259311, -29.450746175475416], [-51.926453155222546, -29.450755127901182], [-51.92644284457137, -29.450755199651308], [-51.92644276259311, -29.450746175475416]], [[-51.926452909285146, -29.450728055373574], [-51.92646330191355, -29.450737007798576], [-51.92645299126424, -29.450737079549445], [-51.926452909285146, -29.450728055373574]], [[-51.92650380665886, -29.450655503204928], [-51.92651419928405, -29.450664455626118], [-51.92650388864222, -29.450664527380777], [-51.92650380665886, -29.450655503204928]], [[-51.92651411729978, -29.450655431450304], [-51.92652426397041, -29.45063731134325], [-51.92652442794066, -29.450655359694885], [-51.92651411729978, -29.450655431450304]], [[-51.92666871380192, -29.43702697515289], [-51.9266583225872, -29.43701802269545], [-51.926668631849495, -29.43701795095896], [-51.92666871380192, -29.43702697515289]], [[-51.92669947768105, -29.437008711550863], [-51.92668908646561, -29.436999759095826], [-51.92669939572597, -29.436999687356998], [-51.92669947768105, -29.437008711550863]], [[-51.92680142279643, -29.436881655406875], [-51.92679103158553, -29.43687270295954], [-51.92680134083276, -29.43687263121311], [-51.92680142279643, -29.436881655406875]], [[-51.92684265978861, -29.436881368413047], [-51.92681165007995, -29.436872559465872], [-51.9268425778213, -29.43687234421937], [-51.92684265978861, -29.436881368413047]], [[-51.92690443330299, -29.436871913704852], [-51.9268734235923, -29.436863104772097], [-51.92690435133024, -29.43686288951133], [-51.92690443330299, -29.436871913704852]], [[-51.926893888617805, -29.45046326829317], [-51.92690411722004, -29.450454172333675], [-51.92690419923815, -29.45046319650877], [-51.926893888617805, -29.45046326829317]], [[-51.92689380660061, -29.45045424411805], [-51.92688333194869, -29.450436267551293], [-51.926903953183945, -29.450436123983437], [-51.92689380660061, -29.45045424411805]], [[-51.92690370713008, -29.450409051457985], [-51.92691409976375, -29.45041800384807], [-51.92690378914799, -29.450418075633145], [-51.92690370713008, -29.450409051457985]], [[-51.92691401774491, -29.45040897967293], [-51.92692424634001, -29.450399883711974], [-51.92692432835971, -29.450408907887088], [-51.92691401774491, -29.45040897967293]], [[-51.92690378914799, -29.450418075633145], [-51.92689356054925, -29.450427171592594], [-51.926893478532214, -29.45041814741743], [-51.92690378914799, -29.450418075633145]], [[-51.92693537716171, -29.45049005367572], [-51.92694552374095, -29.450471933538115], [-51.926945687784645, -29.450489981888044], [-51.92693537716171, -29.45049005367572]], [[-51.92693521311984, -29.450472005325746], [-51.926914427839435, -29.45045410054848], [-51.926935131098965, -29.450462981150746], [-51.92693521311984, -29.450472005325746]], [[-51.92694550633728, -29.436853578292364], [-51.926935115117, -29.43684462585644], [-51.926945424360966, -29.43684455409892], [-51.92694550633728, -29.436853578292364]], [[-51.927079988710425, -29.443711459248323], [-51.92710052657218, -29.44370229149596], [-51.92710060858512, -29.443711315679707], [-51.927079988710425, -29.443711459248323]], [[-51.92712008025648, -29.443584833534974], [-51.92694538552722, -29.44364922307723], [-51.92695479346177, -29.443549885276926], [-51.92712008025648, -29.443584833534974]], [[-51.92703874896058, -29.443711746375975], [-51.9270594508449, -29.443720626997592], [-51.92703883096808, -29.44372077055988], [-51.92703874896058, -29.443711746375975]], [[-51.9269660428488, -29.436844410581465], [-51.926955651627715, -29.436835458147158], [-51.9269659608707, -29.436835386388054], [-51.9269660428488, -29.436844410581465]], [[-51.92707878862522, -29.436771427633147], [-51.9270683974021, -29.436762475207594], [-51.92707870663739, -29.43676240343993], [-51.92707878862522, -29.436771427633147]], [[-51.92708847785011, -29.450317517457385], [-51.92707800317905, -29.45029954090603], [-51.927098624385515, -29.450299397308623], [-51.92708847785011, -29.450317517457385]], [[-51.927086427013236, -29.450091913083064], [-51.927106966142865, -29.45008274531018], [-51.92710713021253, -29.45010079366033], [-51.927086427013236, -29.450091913083064]], [[-51.927087083278494, -29.45016410648369], [-51.92712873582166, -29.450208940158518], [-51.92709772200521, -29.450200131384893], [-51.927087083278494, -29.45016410648369]], [[-51.927088149714635, -29.45028142075802], [-51.927098542350755, -29.450290373133797], [-51.92708823174845, -29.450290444932886], [-51.927088149714635, -29.45028142075802]], [[-51.92709932510784, -29.436762259902217], [-51.92708893388393, -29.43675330747827], [-51.92709924311823, -29.43675323570903], [-51.92709932510784, -29.436762259902217]], [[-51.9270964094601, -29.450055744584056], [-51.927106802073354, -29.450064696959977], [-51.92709649149389, -29.450064768759194], [-51.9270964094601, -29.450055744584056]], [[-51.92710672003866, -29.450055672784863], [-51.9271169485816, -29.450046576809754], [-51.927117030617175, -29.450055600984868], [-51.92710672003866, -29.450055672784863]], [[-51.927097229799664, -29.45014598633495], [-51.92710762242242, -29.450154938710483], [-51.92709731183383, -29.450155010509967], [-51.927097229799664, -29.45014598633495]], [[-51.9270982962467, -29.450263300609265], [-51.927108688881795, -29.45027225298429], [-51.92709837828135, -29.45027232478411], [-51.9270982962467, -29.450263300609265]], [[-51.92710721224742, -29.450109817835393], [-51.927117686903124, -29.450127794385267], [-51.92710737631731, -29.45012786618547], [-51.92710721224742, -29.450109817835393]], [[-51.92710844277522, -29.450245180459756], [-51.927118835409296, -29.45025413283404], [-51.92710852481071, -29.45025420463461], [-51.92710844277522, -29.450245180459756]], [[-51.92717124376537, -29.43673468491604], [-51.9271608525382, -29.436725732497745], [-51.9271711617695, -29.436725660723006], [-51.92717124376537, -29.43673468491604]], [[-51.92969860702464, -29.441418963504123], [-51.928679877763834, -29.440505547118992], [-51.927174592478195, -29.440507011868043], [-51.927893310728386, -29.440177114343843], [-51.92829666219065, -29.439181579683286], [-51.92895540048263, -29.43905966410908], [-51.92995445754342, -29.441209607592725], [-51.92969860702464, -29.441418963504123]], [[-51.927191780231986, -29.436725517171137], [-51.927181389004005, -29.43671656475446], [-51.92719169823432, -29.436716492978157], [-51.927191780231986, -29.436725517171137]], [[-51.92727376205125, -29.436670797774873], [-51.92728415328236, -29.436679750184336], [-51.92727384405603, -29.436679821967715], [-51.92727376205125, -29.436670797774873]], [[-51.92727384405603, -29.436679821967715], [-51.92726361683356, -29.43668891794315], [-51.927263534829656, -29.436679893750306], [-51.92727384405603, -29.436679821967715]], [[-51.927425523066795, -29.44656087477726], [-51.92772837724837, -29.446982928127184], [-51.92762552079633, -29.44701071903053], [-51.927425523066795, -29.44656087477726]], [[-51.92755063460206, -29.436506423883667], [-51.927540243366266, -29.436497471494896], [-51.92755055257339, -29.43649739969129], [-51.92755063460206, -29.436506423883667]], [[-51.927557348715766, -29.44971861838468], [-51.92756774133325, -29.449727570724935], [-51.92755743078921, -29.449727642559107], [-51.927557348715766, -29.44971861838468]], [[-51.92756765925889, -29.449718546550546], [-51.927577887726756, -29.449709450541206], [-51.92757796980199, -29.449718474715596], [-51.92756765925889, -29.449718546550546]], [[-51.92755743078921, -29.449727642559107], [-51.9275472023177, -29.44973673856691], [-51.92754712024513, -29.44972771439248], [-51.92755743078921, -29.449727642559107]], [[-51.927659715403976, -29.449636682439326], [-51.927670108021665, -29.449645634771695], [-51.92765979748621, -29.4496457066136], [-51.927659715403976, -29.449636682439326]], [[-51.92767002593853, -29.449636610597434], [-51.927680254389024, -29.449627514580516], [-51.92768033647304, -29.44963653875475], [-51.92767002593853, -29.449636610597434]], [[-51.92765979748621, -29.4496457066136], [-51.92764956903206, -29.44965480262901], [-51.92764948695071, -29.449645778454716], [-51.92765979748621, -29.4496457066136]], [[-51.92773472353486, -29.43634269582591], [-51.92772433230041, -29.436333743451264], [-51.92773464149046, -29.43633367163377], [-51.92773472353486, -29.43634269582591]], [[-51.92775185349142, -29.449563842440856], [-51.92776224610939, -29.4495727947661], [-51.92775193558156, -29.44957286661499], [-51.92775185349142, -29.449563842440856]], [[-51.92776216401834, -29.44956377059199], [-51.92777239245329, -29.449554674568237], [-51.927772474545215, -29.44956369874233], [-51.92776216401834, -29.44956377059199]], [[-51.92775193558156, -29.44957286661499], [-51.92774170714296, -29.449581962637225], [-51.92774162505369, -29.449572938463085], [-51.92775193558156, -29.44957286661499]], [[-51.927765404966244, -29.4363154077924], [-51.92777579620229, -29.43632436016382], [-51.9277654870133, -29.43632443198447], [-51.927765404966244, -29.4363154077924]], [[-51.9277654870133, -29.43632443198447], [-51.92774495068048, -29.436333599815487], [-51.9277448686352, -29.43632457562339], [-51.9277654870133, -29.43632443198447]], [[-51.92780655966767, -29.436306096313135], [-51.927816950906276, -29.43631504868128], [-51.92780664171834, -29.436315120505107], [-51.92780655966767, -29.436306096313135]], [[-51.92780664171834, -29.436315120505107], [-51.92778610539125, -29.43632428834237], [-51.927786023342364, -29.43631526415035], [-51.92780664171834, -29.436315120505107]], [[-51.927858105602404, -29.436305737186192], [-51.927847714361256, -29.436296784821288], [-51.927858023547216, -29.43629671299433], [-51.927858105602404, -29.436305737186192]], [[-51.92787864191902, -29.43629656933802], [-51.92786825067708, -29.43628761697474], [-51.92787855986205, -29.436287545146214], [-51.92787864191902, -29.43629656933802]], [[-51.92794008672172, -29.436251017391545], [-51.927950477965986, -29.436259969749212], [-51.927940168784005, -29.436260041583253], [-51.92794008672172, -29.436251017391545]], [[-51.927940168784005, -29.436260041583253], [-51.92792994166341, -29.436269137608207], [-51.927929859601996, -29.436260113416484], [-51.927940168784005, -29.436260041583253]], [[-51.927981323445756, -29.436250730050737], [-51.92797093219982, -29.43624177769549], [-51.92798124137986, -29.43624170585911], [-51.927981323445756, -29.436250730050737]], [[-51.9280429323167, -29.436223226441165], [-51.92803254106837, -29.436214274090762], [-51.928042850245454, -29.436214202249683], [-51.9280429323167, -29.436223226441165]], [[-51.928063468599504, -29.436214058565124], [-51.92805307735036, -29.43620510621631], [-51.92806338652646, -29.43620503437366], [-51.928063468599504, -29.436214058565124]], [[-51.92814553161295, -29.43616836283864], [-51.92813514036156, -29.436159410496234], [-51.928145449532806, -29.436159338647332], [-51.92814553161295, -29.43616836283864]], [[-51.92816337114852, -29.449461701958985], [-51.928173763791015, -29.449470654251673], [-51.92816345327472, -29.449470726132194], [-51.92816337114852, -29.449461701958985]], [[-51.92817368166391, -29.449461630078474], [-51.92818391005127, -29.449452534023994], [-51.92818399217926, -29.449461558197175], [-51.92817368166391, -29.449461630078474]], [[-51.928234805563825, -29.44937998122081], [-51.9282451982039, -29.449388933508082], [-51.92823488769608, -29.44938900539396], [-51.928234805563825, -29.44937998122081]], [[-51.92824511607075, -29.449379909334958], [-51.928255344443585, -29.449370813275202], [-51.92825542657762, -29.449379837448305], [-51.92824511607075, -29.449379909334958]], [[-51.92823488769608, -29.44938900539396], [-51.92822465931959, -29.449398101452207], [-51.92822457718821, -29.44938907727905], [-51.92823488769608, -29.44938900539396]], [[-51.92825802951436, -29.436068306345927], [-51.92826842076674, -29.43607725867882], [-51.92825811160415, -29.436077330537056], [-51.92825802951436, -29.436068306345927]], [[-51.92825811160415, -29.436077330537056], [-51.928237575366865, -29.43608649844232], [-51.928237493278864, -29.43607747425115], [-51.92825811160415, -29.436077330537056]], [[-51.92831671464233, -29.44931623690072], [-51.928327107282755, -29.449325189181653], [-51.928316796781615, -29.449325261073742], [-51.92831671464233, -29.44931623690072]], [[-51.92832702514256, -29.449316165008664], [-51.92833725350169, -29.449307068942826], [-51.92833733564276, -29.449316093115808], [-51.92832702514256, -29.449316165008664]], [[-51.92833708921966, -29.449289020596815], [-51.92834748185898, -29.449297972876227], [-51.92833717136065, -29.449298044769822], [-51.92833708921966, -29.449289020596815]], [[-51.928347399717076, -29.449288948703238], [-51.92835762807168, -29.449279852635897], [-51.92835771021446, -29.44928887680887], [-51.928347399717076, -29.449288948703238]], [[-51.9286881398137, -29.435749440955007], [-51.92867774855964, -29.4357404886545], [-51.928688057686976, -29.435740416764524], [-51.9286881398137, -29.435749440955007]], [[-51.92870867594153, -29.43574027298218], [-51.928698284686675, -29.435731320683285], [-51.92870859381303, -29.435731248791736], [-51.92870867594153, -29.43574027298218]], [[-51.928739521191844, -29.43573103311231], [-51.92872912993531, -29.435722080815857], [-51.92873943906064, -29.435722008921946], [-51.928739521191844, -29.43573103311231]], [[-51.92886273785147, -29.43567602518228], [-51.92885234659014, -29.435667072895473], [-51.92886265570955, -29.43566700099214], [-51.92886273785147, -29.43567602518228]], [[-51.92891217565493, -29.449032316519357], [-51.92892256831665, -29.449041268753682], [-51.928912257845944, -29.449041340691245], [-51.92891217565493, -29.449032316519357]], [[-51.92892248612472, -29.44903224458182], [-51.92893271440167, -29.44902314847165], [-51.92893279659447, -29.449032172643488], [-51.92892248612472, -29.44903224458182]], [[-51.928912257845944, -29.449041340691245], [-51.92890202956535, -29.449050436799908], [-51.92890194737521, -29.44904141262802], [-51.928912257845944, -29.449041340691245]], [[-51.92890202956535, -29.449050436799908], [-51.92889180128294, -29.449059532907814], [-51.92889171909367, -29.4490505087359], [-51.92890202956535, -29.449050436799908]], [[-51.92890381004128, -29.43565768918081], [-51.92889341877836, -29.435648736897225], [-51.92890372789579, -29.43564866499076], [-51.92890381004128, -29.43565768918081]], [[-51.92900439448815, -29.448968499850906], [-51.9290147871511, -29.448977452078083], [-51.92900447668712, -29.448977524022645], [-51.92900439448815, -29.448968499850906]], [[-51.92901470495123, -29.448968427906372], [-51.929024933213505, -29.448959331789343], [-51.929025015414254, -29.44896835596103], [-51.92901470495123, -29.448968427906372]], [[-51.92906785217102, -29.43555727248178], [-51.929171107583834, -29.435574601627195], [-51.92904739827132, -29.43557546469852], [-51.92906785217102, -29.43555727248178]], [[-51.92920178839649, -29.435547313273176], [-51.92921217967519, -29.435556265532462], [-51.929201870567994, -29.435556337462593], [-51.92920178839649, -29.435547313273176]], [[-51.929201870567994, -29.435556337462593], [-51.92918133452321, -29.43556550550994], [-51.929181252353494, -29.435556481320468], [-51.929201870567994, -29.435556337462593]], [[-51.92925333392755, -29.435546953614633], [-51.9292429426463, -29.43553800135861], [-51.929253251751526, -29.435537929425323], [-51.92925333392755, -29.435546953614633]], [[-51.92939692171183, -29.43546472876373], [-51.92937622133035, -29.435455848462297], [-51.929396839523385, -29.435455704574686], [-51.92939692171183, -29.43546472876373]], [[-51.929417622096835, -29.435473609061866], [-51.929407148619845, -29.43545563262968], [-51.92941745771627, -29.435455560683874], [-51.929417622096835, -29.435473609061866]], [[-51.92944830281235, -29.43544632065275], [-51.929458694101584, -29.435455272892685], [-51.92944838500531, -29.435455344841674], [-51.92944830281235, -29.43544632065275]], [[-51.92944838500531, -29.435455344841674], [-51.92942784900383, -29.435464512926245], [-51.92942776681265, -29.435455488737276], [-51.92944838500531, -29.435455344841674]], [[-51.929558774258446, -29.448702912759163], [-51.92956916694108, -29.448711864942926], [-51.929558856505565, -29.448711936929833], [-51.929558774258446, -29.448702912759163]], [[-51.92956908469304, -29.448702840772278], [-51.9295793128787, -29.44869374461398], [-51.92957939512761, -29.448702768784603], [-51.92956908469304, -29.448702840772278]], [[-51.92966372505316, -29.435327495106822], [-51.92965333375973, -29.435318542882822], [-51.92966364284159, -29.43531847091826], [-51.92966372505316, -29.435327495106822]], [[-51.92968426100518, -29.435318326986756], [-51.929673869710946, -29.435309374764373], [-51.92968417879182, -29.43530930279825], [-51.92968426100518, -29.435318326986756]], [[-51.92974578661997, -29.43528179841961], [-51.92973539532429, -29.435272846202015], [-51.929745704401284, -29.43527277423121], [-51.92974578661997, -29.43528179841961]], [[-51.92979716756251, -29.43526339017692], [-51.929786776264365, -29.43525443796338], [-51.92979708533935, -29.435254365988623], [-51.92979716756251, -29.43526339017692]], [[-51.929920136364835, -29.435181308725202], [-51.92989943599837, -29.435172428504462], [-51.92992005413108, -29.435172284537103], [-51.929920136364835, -29.435181308725202]], [[-51.93002265133591, -29.435117419525206], [-51.93005374300797, -29.435135251920357], [-51.930002197696574, -29.435135611884103], [-51.93002265133591, -29.435117419525206]], [[-51.93009473250932, -29.435107891371853], [-51.9301051238185, -29.4351168435613], [-51.930094814758306, -29.43511691555958], [-51.93009473250932, -29.435107891371853]], [[-51.930094814758306, -29.43511691555958], [-51.930074278885016, -29.435126083741515], [-51.93007419663781, -29.435117059553747], [-51.930094814758306, -29.43511691555958]], [[-51.930258854819655, -29.43501649743026], [-51.93024846350781, -29.43500754525274], [-51.9302587725565, -29.435007473242813], [-51.930258854819655, -29.43501649743026]], [[-51.93026908160516, -29.435007401232085], [-51.93030017328455, -29.43502523356978], [-51.93026924613334, -29.435025449606904], [-51.93026908160516, -29.435007401232085]], [[-51.93041316145215, -29.434979320436884], [-51.93039246108646, -29.43497044029257], [-51.930413079175466, -29.434970296249787], [-51.93041316145215, -29.434979320436884]], [[-51.93043369726433, -29.434970152203807], [-51.93042330594236, -29.434961200040103], [-51.930433614985866, -29.434961128016745], [-51.93043369726433, -29.434970152203807]], [[-51.93053604711954, -29.43488821424443], [-51.930525655797375, -29.43487926208863], [-51.930535964832295, -29.43487919005752], [-51.93053604711954, -29.43488821424443]], [[-51.930577118680766, -29.434869877738315], [-51.93056672735701, -29.43486092558574], [-51.93057703638996, -29.43486085355149], [-51.930577118680766, -29.434869877738315]], [[-51.93061810793258, -29.43484251703307], [-51.930659508652205, -29.434860277248855], [-51.930597654455745, -29.43486070948062], [-51.93061810793258, -29.43484251703307]], [[-51.93073142496649, -29.43483270038279], [-51.930710971512276, -29.434850892847276], [-51.93068004441751, -29.434851108978638], [-51.93073142496649, -29.43483270038279]], [[-51.937090199487464, -29.436827703045996], [-51.93510633810318, -29.438601474812142], [-51.934916991900025, -29.439315759584588], [-51.93261929889044, -29.439476267399183], [-51.931884350922516, -29.44028461566883], [-51.9310965405342, -29.439820839322987], [-51.930942244138144, -29.438729922679116], [-51.93200452662908, -29.438767615972807], [-51.93198968981516, -29.437143263754795], [-51.93121056579541, -29.43649893154678], [-51.93187481236662, -29.4358535272847], [-51.93650248812383, -29.4345756491134], [-51.937427199786015, -29.43535429681594], [-51.937090199487464, -29.436827703045996]], [[-51.9310893592352, -29.434514331763747], [-51.93124415887463, -29.434531298942286], [-51.93106890590856, -29.434532524281263], [-51.9310893592352, -29.434514331763747]], [[-51.931305683443796, -29.434494769672913], [-51.931347084134096, -29.43451252967632], [-51.931285230160505, -29.434512962222772], [-51.931305683443796, -29.434494769672913]], [[-51.93135731077096, -29.434503433397133], [-51.93139871147335, -29.43452119338419], [-51.93135747548821, -29.43452148176775], [-51.93135731077096, -29.434503433397133]], [[-51.93145000935351, -29.434493760331584], [-51.931460400714464, -29.43450271241484], [-51.93145009172028, -29.434502784516663], [-51.93145000935351, -29.434493760331584]], [[-51.93145009172028, -29.434502784516663], [-51.93142955609679, -29.434511952903044], [-51.931429473731804, -29.434502928717905], [-51.93145009172028, -29.434502784516663]], [[-51.93150155431949, -29.43449339981464], [-51.93149116295599, -29.434484447734626], [-51.931501471948195, -29.43448437562968], [-51.93150155431949, -29.43449339981464]], [[-51.93156307877062, -29.43445687042869], [-51.931552687405684, -29.43444791835347], [-51.93156299639402, -29.43444784624383], [-51.93156307877062, -29.43445687042869]], [[-51.93169627174462, -29.43436569108477], [-51.93170666311326, -29.434374643148796], [-51.93169635413274, -29.43437471526939], [-51.93169627174462, -29.43436569108477]], [[-51.93169635413274, -29.43437471526939], [-51.931686127539415, -29.434383811573827], [-51.931686045152176, -29.434374787389192], [-51.93169635413274, -29.43437471526939]], [[-51.93170763642171, -29.448029086061183], [-51.93169716119348, -29.448011109879936], [-51.93171778191023, -29.448010965577286], [-51.93170763642171, -29.448029086061183]], [[-51.931839938250135, -29.434292487849724], [-51.931819237907725, -29.434283607925963], [-51.9318398558496, -29.43428346366535], [-51.931839938250135, -29.434292487849724]], [[-51.93186047379133, -29.43428331940155], [-51.93185008241908, -29.434274367349506], [-51.93186039138901, -29.43427429521723], [-51.93186047379133, -29.43428331940155]], [[-51.93188100932877, -29.434274150950294], [-51.93187061795572, -29.43426519889985], [-51.93188092692466, -29.434265126766007], [-51.93188100932877, -29.434274150950294]], [[-51.93197313075843, -29.434201308236865], [-51.93198352213357, -29.434210260279333], [-51.931973213170465, -29.434210332420992], [-51.93197313075843, -29.434201308236865]], [[-51.931973213170465, -29.434210332420992], [-51.931962986618494, -29.434219428746008], [-51.931962904207325, -29.434210404561856], [-51.931973213170465, -29.434210332420992]], [[-51.931965148041854, -29.448000209530946], [-51.93197554085693, -29.448009161524713], [-51.93196523049951, -29.448009233696393], [-51.931965148041854, -29.448000209530946]], [[-51.931975458398355, -29.448000137359294], [-51.931985686295384, -29.447991041021435], [-51.93198576875483, -29.448000065186836], [-51.931975458398355, -29.448000137359294]], [[-51.932147476410215, -29.43410081569924], [-51.932157867789776, -29.434109767728124], [-51.932147558837336, -29.434109839883046], [-51.932147476410215, -29.43410081569924]], [[-51.932147558837336, -29.434109839883046], [-51.93212702335767, -29.43411900837439], [-51.932126940932335, -29.434109984190524], [-51.932147558837336, -29.434109839883046]], [[-51.93216030253585, -29.447917620647964], [-51.93217069535899, -29.447926572626407], [-51.93216038501049, -29.447926644813027], [-51.93216030253585, -29.447917620647964]], [[-51.932170612883425, -29.44791754846139], [-51.93218084075454, -29.447908452108983], [-51.93218092323097, -29.447917476274014], [-51.932170612883425, -29.44791754846139]], [[-51.93220916525377, -29.434082334390475], [-51.93219877387269, -29.43407338236559], [-51.932209082821295, -29.434073310206774], [-51.93220916525377, -29.434082334390475]], [[-51.93245526076596, -29.43393621540841], [-51.93244486937909, -29.433927263402676], [-51.93245517831222, -29.433927191225138], [-51.93245526076596, -29.43393621540841]], [[-51.932478685754226, -29.447780020027718], [-51.93248907859023, -29.447788971981183], [-51.93247876825658, -29.44778904419213], [-51.932478685754226, -29.447780020027718]], [[-51.932488831080555, -29.447761899487958], [-51.93249922391553, -29.447770851440666], [-51.93248891358374, -29.447770923652378], [-51.932488831080555, -29.447761899487958]], [[-51.93254729901446, -29.43385434812674], [-51.932557690402476, -29.43386330012453], [-51.9325473814761, -29.433863372309855], [-51.93254729901446, -29.43385434812674]], [[-51.9325473814761, -29.433863372309855], [-51.932537155010465, -29.43387246867754], [-51.93253707254969, -29.433863444494396], [-51.9325473814761, -29.433863372309855]], [[-51.93256042582997, -29.447698224839474], [-51.932570818664416, -29.447707176786682], [-51.93256050833927, -29.4477072490038], [-51.93256042582997, -29.447698224839474]], [[-51.93258071643424, -29.44766198374732], [-51.93259119177857, -29.447679959857314], [-51.93258088145624, -29.447680032075944], [-51.93258071643424, -29.44766198374732]], [[-51.93259102675475, -29.447661911528748], [-51.93260125456245, -29.4476528151451], [-51.93260133707522, -29.447661839309376], [-51.93259102675475, -29.447661911528748]], [[-51.93259069670755, -29.44762581487146], [-51.93260117204972, -29.447643790980813], [-51.93259086173108, -29.447643863200124], [-51.93259069670755, -29.44762581487146]], [[-51.932601007024374, -29.44762574265219], [-51.93261123482763, -29.44761664626783], [-51.93261131734116, -29.447625670432135], [-51.932601007024374, -29.44762574265219]], [[-51.93260067697413, -29.447589645994803], [-51.93261115231414, -29.447607622103515], [-51.932600841999175, -29.44760769432352], [-51.93260067697413, -29.447589645994803]], [[-51.932610987287276, -29.447589573774845], [-51.93262113257183, -29.44757145322543], [-51.93262129760037, -29.447589501554095], [-51.932610987287276, -29.447589573774845]], [[-51.932610574720755, -29.447544452952965], [-51.93262105005761, -29.447562429061087], [-51.932610739747254, -29.44756250128175], [-51.932610574720755, -29.447544452952965]], [[-51.9326208850293, -29.447544380732346], [-51.93263111282279, -29.447535284346575], [-51.932631195337805, -29.447544308510924], [-51.9326208850293, -29.447544380732346]], [[-51.93262902819838, -29.43377255297516], [-51.932618636813736, -29.433763600982747], [-51.93262894572982, -29.43376352879212], [-51.93262902819838, -29.43377255297516]], [[-51.93265148588757, -29.447508067408396], [-51.93263037018936, -29.447454066866758], [-51.93265099078801, -29.447453922422056], [-51.93265148588757, -29.447508067408396]], [[-51.93264051545764, -29.447435946315878], [-51.93265090827155, -29.447444898257622], [-51.932640597973155, -29.447444970480348], [-51.93264051545764, -29.447435946315878]], [[-51.932650825755125, -29.447435874093184], [-51.93266105353528, -29.447426777705257], [-51.93266113605257, -29.447435801869688], [-51.932650825755125, -29.447435874093184]], [[-51.93269140678547, -29.447363391879254], [-51.93270196463764, -29.447390392145966], [-51.9326916543449, -29.447390464372532], [-51.93269140678547, -29.447363391879254]], [[-51.93270146951366, -29.447336247159463], [-51.93271186232237, -29.447345199096677], [-51.932701552034224, -29.447345271323915], [-51.93270146951366, -29.447336247159463]], [[-51.932711614758034, -29.447318126603385], [-51.93272200756573, -29.447327078539857], [-51.932711697279444, -29.44732715076783], [-51.932711614758034, -29.447318126603385]], [[-51.932751827927035, -29.433672420614506], [-51.932741436542344, -29.433663468631547], [-51.93275174544796, -29.433663396431637], [-51.932751827927035, -29.433672420614506]], [[-51.93274196794609, -29.44725474076623], [-51.93275236074975, -29.447263692700513], [-51.93274205046997, -29.447263764930696], [-51.93274196794609, -29.44725474076623]], [[-51.932752113175496, -29.44723662020719], [-51.93276250597813, -29.447245572140723], [-51.93275219570021, -29.44724564437164], [-51.932752113175496, -29.44723662020719]], [[-51.9327624234525, -29.447236547976296], [-51.932772651202974, -29.447227451580186], [-51.93277273372948, -29.447236475744596], [-51.9327624234525, -29.447236547976296]], [[-51.932833852604126, -29.447154824858924], [-51.932844245405214, -29.44716377678622], [-51.9328339351358, -29.447163849023287], [-51.932833852604126, -29.447154824858924]], [[-51.932844162872634, -29.447154752621888], [-51.93285439060764, -29.44714565621973], [-51.9328544731411, -29.447154680384042], [-51.932844162872634, -29.447154752621888]], [[-51.9328339351358, -29.447163849023287], [-51.93282370739714, -29.447172945423926], [-51.932823624866344, -29.44716392125955], [-51.9328339351358, -29.447163849023287]], [[-51.932915756979384, -29.44709107779089], [-51.93292614978082, -29.447100029711848], [-51.93291583951808, -29.44710010195512], [-51.932915756979384, -29.44709107779089]], [[-51.9329260672412, -29.447091005547644], [-51.932936294962495, -29.447081909139417], [-51.93293637750298, -29.447090933303603], [-51.9329260672412, -29.447091005547644]], [[-51.93302868332833, -29.433508035634258], [-51.93303907472135, -29.433516987594803], [-51.933028765831374, -29.433517059816623], [-51.93302868332833, -29.433508035634258]], [[-51.933028765831374, -29.433517059816623], [-51.933008230552566, -29.433526228440254], [-51.93300814805131, -29.433517204257857], [-51.933028765831374, -29.433517059816623]], [[-51.93305969250119, -29.433516843148773], [-51.93304930110642, -29.43350789118987], [-51.93305960999541, -29.43350781896649], [-51.93305969250119, -29.433516843148773]], [[-51.93309053666216, -29.433507602291535], [-51.93308014526572, -29.43349865033508], [-51.933090454153685, -29.433498578109326], [-51.93309053666216, -29.433507602291535]], [[-51.93316236882406, -29.43347099996055], [-51.933172760224636, -29.433479951910538], [-51.933162451338795, -29.433480024142618], [-51.93316236882406, -29.43347099996055]], [[-51.933162451338795, -29.433480024142618], [-51.933141916079954, -29.433489192786492], [-51.933141833567, -29.433480168604394], [-51.933162451338795, -29.433480024142618]], [[-51.933285745338424, -29.43343403639611], [-51.93327535393298, -29.433425084455], [-51.93328566281294, -29.433425012214304], [-51.933285745338424, -29.43343403639611]], [[-51.93338817386934, -29.433361120492275], [-51.93337778246275, -29.433352168559093], [-51.93338809133505, -29.433352096310617], [-51.93338817386934, -29.433361120492275]], [[-51.93340870907952, -29.433351951811293], [-51.93339831767213, -29.433342999879727], [-51.93340862654345, -29.4333429276297], [-51.93340870907952, -29.433351951811293]], [[-51.933439553157136, -29.433342710874808], [-51.93342916174808, -29.43333375894567], [-51.93343947061836, -29.43333368669327], [-51.933439553157136, -29.433342710874808]], [[-51.93348054101439, -29.433315349312796], [-51.93349093242592, -29.43332430123788], [-51.93348062355673, -29.43332437349425], [-51.93348054101439, -29.433315349312796]], [[-51.93348062355673, -29.43332437349425], [-51.933460088358814, -29.43333354218607], [-51.933460005818255, -29.433324518004582], [-51.93348062355673, -29.43332437349425]], [[-51.93354231167568, -29.433305891581494], [-51.93353216790228, -29.43332401220446], [-51.93350124129507, -29.433324228980723], [-51.93354231167568, -29.433305891581494]], [[-51.933563011959514, -29.433314771239754], [-51.93355262054282, -29.4333058193204], [-51.933562929409916, -29.433305747058508], [-51.933563011959514, -29.433314771239754]], [[-51.93359375622958, -29.446815583144435], [-51.93360414906022, -29.446824535012137], [-51.933593838827335, -29.446824607307292], [-51.93359375622958, -29.446815583144435]], [[-51.933604066461555, -29.4468155108493], [-51.93361429409395, -29.44680641439056], [-51.9336143766935, -29.44681543855338], [-51.933604066461555, -29.4468155108493]], [[-51.93366568784436, -29.433268927671598], [-51.93365529642367, -29.433259975760272], [-51.93366560528584, -29.433259903490537], [-51.93366568784436, -29.433268927671598]], [[-51.93369644931089, -29.433250662495542], [-51.933686057889474, -29.433241710586625], [-51.93369636674971, -29.433241638314552], [-51.93369644931089, -29.433250662495542]], [[-51.933788568505456, -29.433177818564257], [-51.933798959928964, -29.433186770465216], [-51.93378865107458, -29.433186842745116], [-51.933788568505456, -29.433177818564257]], [[-51.93378865107458, -29.433186842745116], [-51.9337784247884, -29.43319593920507], [-51.93377834222016, -29.433186915024205], [-51.93378865107458, -29.433186842745116]], [[-51.9339836108528, -29.433086203306154], [-51.933973219424, -29.433077251419604], [-51.93398352826677, -29.433077179125664], [-51.9339836108528, -29.433086203306154]], [[-51.93397440847479, -29.44672266607363], [-51.933984801328286, -29.446731617911205], [-51.933974491105914, -29.44673169023563], [-51.93397440847479, -29.44672266607363]], [[-51.934351754946505, -29.432758729721215], [-51.93433105471178, -29.43274985018385], [-51.93435167232904, -29.43274970554123], [-51.934351754946505, -29.432758729721215]], [[-51.93438243351437, -29.4327314402115], [-51.93441352517994, -29.432749271594258], [-51.93436198113762, -29.43274963321873], [-51.93438243351437, -29.4327314402115]], [[-51.93447479963174, -29.43268566836061], [-51.93446440820276, -29.432676716511914], [-51.93447471700363, -29.43267664418084], [-51.93447479963174, -29.43268566836061]], [[-51.934505891298635, -29.43270349972187], [-51.93449549986515, -29.432694547875727], [-51.93450580866773, -29.43269447554221], [-51.934505891298635, -29.43270349972187]], [[-51.93454687860869, -29.432676137841064], [-51.93453648717455, -29.432667185998092], [-51.93454679597425, -29.432667113661473], [-51.93454687860869, -29.432676137841064]], [[-51.93456741357353, -29.43266696898583], [-51.93455702213859, -29.432658017144483], [-51.934567330937305, -29.43265794480629], [-51.93456741357353, -29.43266696898583]], [[-51.934598257333214, -29.432657727786932], [-51.93458786589661, -29.432648775948014], [-51.93459817469429, -29.432648703607455], [-51.934598257333214, -29.432657727786932]], [[-51.93468023184395, -29.43260300395777], [-51.934669840406045, -29.432594052125204], [-51.934680149197966, -29.432593979778417], [-51.93468023184395, -29.43260300395777]], [[-51.93472130171567, -29.432584666204082], [-51.934710910276166, -29.432575714374735], [-51.93472121906611, -29.432575642024815], [-51.93472130171567, -29.432584666204082]], [[-51.934752062783474, -29.432566400791085], [-51.934741671343254, -29.432557448964143], [-51.93475198013126, -29.432557376611882], [-51.934752062783474, -29.432566400791085]], [[-51.93485473736437, -29.43252055632955], [-51.934844345920155, -29.432511604510644], [-51.93485465470324, -29.43251153215053], [-51.93485473736437, -29.43252055632955]], [[-51.9349061159524, -29.432502146159187], [-51.934885415724615, -29.432493266707564], [-51.93490603328679, -29.432493121980283], [-51.9349061159524, -29.432502146159187]], [[-51.93498751146203, -29.432384252894096], [-51.93496681125174, -29.4323753734546], [-51.93498742878962, -29.432375228715248], [-51.93498751146203, -29.432384252894096]], [[-51.934997737558504, -29.432375156344378], [-51.93500821167586, -29.432393132330276], [-51.93499790290519, -29.432393204702006], [-51.934997737558504, -29.432375156344378]], [[-51.93504919872449, -29.432365770299356], [-51.93506989893962, -29.43237464972593], [-51.93504928140234, -29.43237479447805], [-51.93504919872449, -29.432365770299356]], [[-51.93504928140234, -29.43237479447805], [-51.93502874654097, -29.43238396340571], [-51.93502866386492, -29.432374939226975], [-51.93504928140234, -29.43237479447805]], [[-51.935100659880476, -29.432356384234634], [-51.935111051330395, -29.432365336033595], [-51.93510074256284, -29.432365408413215], [-51.935100659880476, -29.432356384234634]], [[-51.93510074256284, -29.432365408413215], [-51.9350802077082, -29.432374577348675], [-51.93508012502762, -29.43236555317006], [-51.93510074256284, -29.432365408413215]], [[-51.9351728212462, -29.432355877560724], [-51.93514181226086, -29.43234707053299], [-51.93517273855749, -29.43234685338232], [-51.9351728212462, -29.432355877560724]], [[-51.93522403430491, -29.432319418913686], [-51.935234425761514, -29.432328370702912], [-51.93522411699806, -29.432328443092004], [-51.93522403430491, -29.432319418913686]], [[-51.93522411699806, -29.432328443092004], [-51.93521389092683, -29.43233753965861], [-51.93521380823456, -29.43232851548029], [-51.93522411699806, -29.432328443092004]], [[-51.935306090902614, -29.432273718888194], [-51.93531631695919, -29.432264622314737], [-51.93531639966031, -29.432273646492884], [-51.935306090902614, -29.432273718888194]], [[-51.9353058428021, -29.432246646353647], [-51.93527491653701, -29.432246863534548], [-51.93527483383964, -29.43223783935626], [-51.9353058428021, -29.432246646353647]], [[-51.93536794344819, -29.43227328450437], [-51.93532662571593, -29.43226454991866], [-51.93536786074251, -29.432264260326363], [-51.93536794344819, -29.43227328450437]], [[-51.93541907368434, -29.432227801606388], [-51.935429465148054, -29.432236753380348], [-51.935419156394424, -29.432236825784326], [-51.93541907368434, -29.432227801606388]], [[-51.935419156394424, -29.432236825784326], [-51.935408930349965, -29.432245922365443], [-51.93540884764076, -29.432236898187504], [-51.935419156394424, -29.432236825784326]], [[-51.935408930349965, -29.432245922365443], [-51.93539870430368, -29.432255018945813], [-51.93539862159535, -29.432245994767857], [-51.935408930349965, -29.432245922365443]], [[-51.935521830333435, -29.432190980820188], [-51.93551143886661, -29.432182029053454], [-51.93552174761444, -29.43218195664246], [-51.935521830333435, -29.432190980820188]], [[-51.93557320862946, -29.4321725703979], [-51.93556281716016, -29.432163618635204], [-51.935573125905975, -29.432163546220274], [-51.93557320862946, -29.4321725703979]], [[-51.93559374339749, -29.432163401388017], [-51.93558335192739, -29.432154449626942], [-51.93559366067222, -29.432154377210434], [-51.93559374339749, -29.432163401388017]], [[-51.93561427816176, -29.43215423237504], [-51.93560388669086, -29.432145280615572], [-51.9356141954347, -29.432145208197504], [-51.93561427816176, -29.43215423237504]], [[-51.93566565642176, -29.432135821917765], [-51.935655264948394, -29.43212687016233], [-51.93566557369022, -29.432126797740324], [-51.93566565642176, -29.432135821917765]], [[-51.93579909087107, -29.43207171111887], [-51.935788699392994, -29.432062759373892], [-51.93579900812795, -29.432062686941695], [-51.93579909087107, -29.43207171111887]], [[-51.93582993433261, -29.432062469640343], [-51.935819542852855, -29.43205351789779], [-51.935829851586796, -29.432053445463236], [-51.93582993433261, -29.432062469640343]], [[-51.93591223870386, -29.432043841781145], [-51.93587092102336, -29.43203510736299], [-51.93591215595083, -29.432034817604237], [-51.93591223870386, -29.432043841781145]], [[-51.935922464682605, -29.432034745162554], [-51.935994791324624, -29.43205228640183], [-51.93592263019051, -29.432052793516323], [-51.935922464682605, -29.432034745162554]], [[-51.936148842902725, -29.431988030361968], [-51.93612814267797, -29.43197915110294], [-51.936148760128965, -29.43197900618558], [-51.936148842902725, -29.431988030361968]], [[-51.93620013819927, -29.431960595525712], [-51.93618999503049, -29.431978716341316], [-51.93615906885441, -29.431978933725716], [-51.93620013819927, -29.431960595525712]], [[-51.936220838426145, -29.431969474773524], [-51.9362104469227, -29.431960523061907], [-51.93622075564609, -29.43196045059731], [-51.936220838426145, -29.431969474773524]], [[-51.93628202848801, -29.43189684656013], [-51.93632342893262, -29.43191460502742], [-51.93627188533996, -29.431914967381687], [-51.93628202848801, -29.43189684656013]], [[-51.93638503285944, -29.431887097648318], [-51.936374889730835, -29.431905218477304], [-51.93633365486118, -29.431905508378165], [-51.93638503285944, -29.431887097648318]], [[-51.93656984443699, -29.431804575343797], [-51.93655945292093, -29.431795623659497], [-51.93656976162663, -29.43179555116825], [-51.93656984443699, -29.431804575343797]], [[-51.93675457288373, -29.43171302861324], [-51.936733872665485, -29.43170414944794], [-51.936754490057346, -29.431704004438053], [-51.93675457288373, -29.43171302861324]], [[-51.93678525048674, -29.431685738566987], [-51.93679564201064, -29.431694690233623], [-51.93678533331578, -29.431694762742126], [-51.93678525048674, -29.431685738566987]], [[-51.93678533331578, -29.431694762742126], [-51.936764798753224, -29.431703931931914], [-51.93676471592597, -29.431694907756743], [-51.93678533331578, -29.431694762742126]], [[-51.93689823192326, -29.43163982005546], [-51.93692924083167, -29.431648626676537], [-51.93689831476214, -29.43164884423037], [-51.93689823192326, -29.43163982005546]], [[-51.936902695572535, -29.448967301365137], [-51.936923399351485, -29.4489761804034], [-51.93690277847028, -29.44897632551653], [-51.936902695572535, -29.448967301365137]], [[-51.93694977536773, -29.431639457461884], [-51.93693938383643, -29.431630505807387], [-51.93694969252434, -29.4316304332871], [-51.93694977536773, -29.431639457461884]], [[-51.93711396866331, -29.43155707945874], [-51.93710357712658, -29.43154812781708], [-51.93711388580568, -29.431548055284278], [-51.93711396866331, -29.43155707945874]], [[-51.937134503163776, -29.431547910216263], [-51.93712411162624, -29.43153895857621], [-51.93713442030436, -29.43153888604183], [-51.937134503163776, -29.431547910216263]], [[-51.937155037660474, -29.43153874097069], [-51.93714464612214, -29.43152978933225], [-51.937154954799276, -29.4315297167963], [-51.937155037660474, -29.43153874097069]], [[-51.93726801876068, -29.431492822151736], [-51.9372576272175, -29.43148387052216], [-51.93726793588966, -29.431483797977577], [-51.93726801876068, -29.431492822151736]], [[-51.93730908770326, -29.43147448361719], [-51.937298696158486, -29.431465531990842], [-51.93730900482866, -29.431465459443107], [-51.93730908770326, -29.43147448361719]], [[-51.93732962216892, -29.431465314345274], [-51.93731923062334, -29.43145636272052], [-51.937329539292534, -29.431456290171234], [-51.93732962216892, -29.431465314345274]], [[-51.937350156630814, -29.431456145070253], [-51.93733976508443, -29.431447193447124], [-51.93735007375264, -29.43144712089626], [-51.937350156630814, -29.431456145070253]], [[-51.93744260310595, -29.431419395381262], [-51.9374322115555, -29.43141044376539], [-51.93744252021973, -29.431410371207452], [-51.93744260310595, -29.431419395381262]], [[-51.93750420642103, -29.431391887495764], [-51.93749381486819, -29.431382935884717], [-51.93750412352946, -29.431382863322074], [-51.93750420642103, -29.431391887495764]], [[-51.937534883724524, -29.431364597282116], [-51.937545275278964, -29.431373548889955], [-51.93753496661876, -29.43137362145575], [-51.937534883724524, -29.431364597282116]], [[-51.93753496661876, -29.43137362145575], [-51.93751443219068, -29.431382790758637], [-51.93751434929824, -29.431373766584965], [-51.93753496661876, -29.43137362145575]], [[-51.937586427020605, -29.431364234445258], [-51.937576035463636, -29.431355282840695], [-51.93758634412186, -29.431355210271747], [-51.937586427020605, -29.431364234445258]], [[-51.93765833891827, -29.431336653920127], [-51.93763788741244, -29.43135484741508], [-51.937606961438206, -29.431355065131473], [-51.93765833891827, -29.431336653920127]], [[-51.93770979928885, -29.431327266862564], [-51.93769965645116, -29.43134538778751], [-51.93766873048034, -29.43134560551818], [-51.93770979928885, -29.431327266862564]], [[-51.937771651218306, -29.431326831375216], [-51.93774064234149, -29.431318024949316], [-51.93777156830331, -29.43131780720213], [-51.937771651218306, -29.431326831375216]], [[-51.93782286281383, -29.431290371755278], [-51.937833254385126, -29.43129932334034], [-51.937822945733274, -29.431299395928264], [-51.93782286281383, -29.431290371755278]], [[-51.937822945733274, -29.431299395928264], [-51.93781271999995, -29.43130849268839], [-51.93781263708138, -29.43129946851539], [-51.937822945733274, -29.431299395928264]], [[-51.93785387168873, -29.43129917816209], [-51.93784348011569, -29.43129022657868], [-51.93785378876655, -29.43129015398919], [-51.93785387168873, -29.43129917816209]], [[-51.93787432314422, -29.431280984634935], [-51.93790533202033, -29.43128979102975], [-51.937874406068175, -29.43129000880781], [-51.93787432314422, -29.431280984634935]], [[-51.93796693512725, -29.431262282934178], [-51.937956792341915, -29.43128040387771], [-51.937915557743366, -29.431280694262707], [-51.93796693512725, -29.431262282934178]], [[-51.937997778135404, -29.43125304096225], [-51.93801847836529, -29.43126191993127], [-51.93799786107018, -29.431262065134824], [-51.937997778135404, -29.43125304096225]], [[-51.93799786107018, -29.431262065134824], [-51.93797732670793, -29.431271234507825], [-51.93797724377493, -29.431262210335188], [-51.93799786107018, -29.431262065134824]], [[-51.938121316001485, -29.43123412134879], [-51.93810061576883, -29.431225242395783], [-51.93812123305589, -29.431225097176483], [-51.938121316001485, -29.43123412134879]], [[-51.93815215898618, -29.431224879341553], [-51.93814176739541, -29.431215927781736], [-51.93815207603789, -29.431215855169327], [-51.93815215898618, -29.431224879341553]], [[-51.93817269332274, -29.4312157099421], [-51.93816230173117, -29.431206758383887], [-51.93817261037267, -29.431206685769908], [-51.93817269332274, -29.4312157099421]], [[-51.93822398767042, -29.431188274343864], [-51.93821384493827, -29.431206395306], [-51.93818291901412, -29.431206613155123], [-51.93822398767042, -29.431188274343864]], [[-51.938244687905666, -29.43119715327767], [-51.93823429630987, -29.431188201725153], [-51.938244604949276, -29.43118812910563], [-51.938244687905666, -29.43119715327767]], [[-51.9382856735866, -29.43116979027571], [-51.93830637382313, -29.431178669199916], [-51.93828575654655, -29.431178814447662], [-51.9382856735866, -29.43116979027571]], [[-51.93828575654655, -29.431178814447662], [-51.93826522222799, -29.431187983864223], [-51.938265139269824, -29.43117895969222], [-51.93828575654655, -29.431178814447662]], [[-51.938408962379036, -29.431123797883338], [-51.93842974558884, -29.431141700960037], [-51.938398819686206, -29.43114191885886], [-51.938408962379036, -29.431123797883338]], [[-51.938450279882694, -29.4311325315186], [-51.93843988827608, -29.431123579982284], [-51.938450196908356, -29.431123507347003], [-51.938450279882694, -29.4311325315186]], [[-51.93847081417279, -29.431123362074054], [-51.938460422565385, -29.431114410539355], [-51.93847073119667, -29.43111433790251], [-51.93847081417279, -29.431123362074054]], [[-51.938501491132705, -29.4310960716442], [-51.938511882741714, -29.43110502317568], [-51.93850157411149, -29.431105095815692], [-51.938501491132705, -29.4310960716442]], [[-51.93850157411149, -29.431105095815692], [-51.93848103982792, -29.43111426526486], [-51.938480956850924, -29.431105241093324], [-51.93850157411149, -29.431105095815692]], [[-51.93853250000205, -29.431104877893265], [-51.9385221083913, -29.431095926363426], [-51.93853241702054, -29.431095853721853], [-51.93853250000205, -29.431104877893265]], [[-51.93869669111584, -29.431022497979704], [-51.93868646548937, -29.431031594804946], [-51.938686382494495, -29.431022570633832], [-51.93869669111584, -29.431022497979704]], [[-51.93865537363812, -29.431013764420236], [-51.938634922377524, -29.431031958063766], [-51.938634839387205, -29.431022933892528], [-51.93865537363812, -29.431013764420236]], [[-51.93886121400093, -29.430976214551638], [-51.93885082237552, -29.430967263047624], [-51.93886113099079, -29.430967190380894], [-51.93886121400093, -29.430976214551638]], [[-51.938881665209294, -29.430958020874346], [-51.9389023654515, -29.430966899705986], [-51.93888174822122, -29.43096704504504], [-51.938881665209294, -29.430958020874346]], [[-51.9389125080373, -29.430948778694027], [-51.93895382550823, -29.4309575121739], [-51.938912591051924, -29.430957802864658], [-51.9389125080373, -29.430948778694027]], [[-51.93901542812048, -29.430930003602704], [-51.93900528555494, -29.430948124622113], [-51.938964051103035, -29.430948415328714], [-51.93901542812048, -29.430930003602704]], [[-51.93904627092708, -29.430920761391828], [-51.93929384365303, -29.430937065148896], [-51.93902581975607, -29.430938955093676], [-51.93904627092708, -29.430920761391828]], [[-51.93932493558775, -29.430954895382776], [-51.93941754698147, -29.430936192684815], [-51.93941771309996, -29.430954241023485], [-51.93932493558775, -29.430954895382776]], [[-51.939324852536686, -29.43094587121322], [-51.939304152263944, -29.430936992447936], [-51.93932476948565, -29.430936847043643], [-51.939324852536686, -29.43094587121322]], [[-51.939469006969624, -29.430926804955007], [-51.939458864485935, -29.43094492600716], [-51.93942793865206, -29.4309451441436], [-51.939469006969624, -29.430926804955007]], [[-51.93948970725387, -29.430935683694404], [-51.93947931557898, -29.430926732240522], [-51.9394896241883, -29.430926659525237], [-51.93948970725387, -29.430935683694404]], [[-51.93952055001602, -29.430926441374606], [-51.939510158339466, -29.43091748992316], [-51.93952046694776, -29.43091741720551], [-51.93952055001602, -29.430926441374606]], [[-51.939551392772415, -29.43091719904777], [-51.939541001094184, -29.430908247598754], [-51.93955130970146, -29.430908174878745], [-51.939551392772415, -29.43091719904777]], [[-51.93957192691588, -29.430908029436324], [-51.939561535236855, -29.43089907798891], [-51.93957184384314, -29.430899005267328], [-51.93957192691588, -29.430908029436324]], [[-51.93965422961203, -29.43088939929715], [-51.93963352932372, -29.430880520583376], [-51.93965414653208, -29.430880375128353], [-51.93965422961203, -29.43088939929715]], [[-51.93968490617905, -29.430862108602355], [-51.93971599815622, -29.430879938744127], [-51.93967476374028, -29.430880229670134], [-51.93968490617905, -29.430862108602355]], [[-51.93976729190559, -29.430852502563084], [-51.939757149482524, -29.430870623636814], [-51.939726223673816, -29.43087084184201], [-51.93976729190559, -29.430852502563084]], [[-51.93977760050656, -29.43085242982568], [-51.93980860940274, -29.43086123577711], [-51.939777683597335, -29.43086145399419], [-51.93977760050656, -29.43085242982568]], [[-51.939859903116925, -29.430833799561086], [-51.93984976071228, -29.43085192064151], [-51.93981883491005, -29.43085213886808], [-51.939859903116925, -29.430833799561086]], [[-51.93988060341431, -29.430842678239504], [-51.93987021171573, -29.43083372681656], [-51.9398805203145, -29.430833654071222], [-51.93988060341431, -29.430842678239504]], [[-51.93990105441033, -29.430824484409943], [-51.93991144611057, -29.43083343583046], [-51.939901137511924, -29.430833508578182], [-51.93990105441033, -29.430824484409943]], [[-51.93995251429254, -29.430815096495387], [-51.939973048377894, -29.43080592682321], [-51.93997313148579, -29.430814950991277], [-51.93995251429254, -29.430815096495387]], [[-51.93995251429254, -29.430815096495387], [-51.93993198020344, -29.430824266164475], [-51.93993189709915, -29.430815241996306], [-51.93995251429254, -29.430815096495387]], [[-51.940014199648786, -29.430796611637547], [-51.940003974164746, -29.430805708561138], [-51.940003891054154, -29.430796684393137], [-51.940014199648786, -29.430796611637547]], [[-51.94005535091181, -29.430787296439327], [-51.94004512543245, -29.43079639336599], [-51.940045042318246, -29.43078736919808], [-51.94005535091181, -29.430787296439327]], [[-51.94010664452032, -29.43075986013027], [-51.94011711935188, -29.430777835702315], [-51.94008619357449, -29.430778053990462], [-51.94010664452032, -29.43075986013027]], [[-51.94014787888251, -29.430759569071643], [-51.940137653414304, -29.43076866600519], [-51.94013757029202, -29.430759641837493], [-51.94014787888251, -29.430759569071643]], [[-51.94017872152787, -29.43075032660167], [-51.940168496063386, -29.430759423537545], [-51.940168412938405, -29.430750399369895], [-51.94017872152787, -29.43075032660167]], [[-51.94019806372768, -29.452987148708964], [-51.940208457767845, -29.452996100026017], [-51.94019814693059, -29.452996172846376], [-51.94019806372768, -29.452987148708964]], [[-51.94023631166192, -29.452661988471615], [-51.94025610120049, -29.45257160144801], [-51.940256933268586, -29.452661842825687], [-51.94023631166192, -29.452661988471615]], [[-51.9402448751458, -29.452472408753923], [-51.94026616237222, -29.452544456210656], [-51.9402457072006, -29.452562650133242], [-51.9402448751458, -29.452472408753923]], [[-51.94026774332002, -29.4527159148274], [-51.94024670567138, -29.45267093978677], [-51.940257016475606, -29.452670866963384], [-51.94026774332002, -29.4527159148274]], [[-51.94025485310545, -29.45243623937915], [-51.94026533029993, -29.45245421483162], [-51.94025501951763, -29.45245428765516], [-51.94025485310545, -29.45243623937915]], [[-51.940265163885925, -29.45243616655567], [-51.940275391458506, -29.45242706959341], [-51.940275474666365, -29.45243609373138], [-51.940265163885925, -29.45243616655567]], [[-51.940257515718514, -29.45272501178933], [-51.940267992944605, -29.45274298724015], [-51.94025768213312, -29.45274306006454], [-51.940257515718514, -29.45272501178933]], [[-51.940268076152876, -29.452752011377715], [-51.940278470174455, -29.452760962690014], [-51.94026815936119, -29.45276103551526], [-51.940268076152876, -29.452752011377715]], [[-51.94027855338372, -29.45276998682753], [-51.94028894740808, -29.452778938138913], [-51.94027863659302, -29.452779010965017], [-51.94027855338372, -29.45276998682753]], [[-51.94028911382861, -29.45279698641382], [-51.9403103179481, -29.452860009720517], [-51.94028977951227, -29.45286917951293], [-51.94028911382861, -29.45279698641382]], [[-51.940305824534086, -29.45237270628823], [-51.94029526413202, -29.45234570670068], [-51.94031588567438, -29.45234556104705], [-51.940305824534086, -29.45237270628823]], [[-51.9403122343619, -29.430695235538362], [-51.940322459806985, -29.43068613859181], [-51.94032254294537, -29.430695162759136], [-51.9403122343619, -29.430695235538362]], [[-51.9403122343619, -29.430695235538362], [-51.940302008914976, -29.43070433248417], [-51.940301925778385, -29.430695308316803], [-51.9403122343619, -29.430695235538362]], [[-51.94030540848283, -29.452327585598216], [-51.94031580246326, -29.452336536909062], [-51.940305491693, -29.452336609736243], [-51.94030540848283, -29.452327585598216]], [[-51.94034307697199, -29.430685993031016], [-51.940332851528794, -29.430695089979114], [-51.9403327683895, -29.430686065811813], [-51.94034307697199, -29.430685993031016]], [[-51.94038422815774, -29.430676677732688], [-51.94039461988384, -29.43068562911508], [-51.94036369413684, -29.43068584746704], [-51.94038422815774, -29.430676677732688]], [[-51.94042537933562, -29.430667362421783], [-51.94043560476766, -29.430658265466793], [-51.940435687915944, -29.430667289633863], [-51.94042537933562, -29.430667362421783]], [[-51.94042537933562, -29.430667362421783], [-51.940404845320465, -29.430676532162376], [-51.94040476217487, -29.430667507995228], [-51.94042537933562, -29.430667362421783]], [[-51.94046896597243, -29.45217300992674], [-51.940479359950686, -29.45218196122504], [-51.94046904919655, -29.452182034064545], [-51.94046896597243, -29.45217300992674]], [[-51.940479276725654, -29.452172937087266], [-51.94048950425293, -29.452163840109204], [-51.940489587478844, -29.45217286424698], [-51.940479276725654, -29.452172937087266]], [[-51.94054858334766, -29.430612343913236], [-51.94053835793044, -29.430621440876642], [-51.94053827477323, -29.43061241670977], [-51.94054858334766, -29.430612343913236]], [[-51.94057942590993, -29.430603101352077], [-51.940558891922066, -29.430612271115905], [-51.940558808763065, -29.430603246949072], [-51.94057942590993, -29.430603101352077]], [[-51.9407160910557, -29.452135165010052], [-51.94070586355195, -29.452144262005035], [-51.94070578030699, -29.45213523786779], [-51.9407160910557, -29.452135165010052]], [[-51.940622711653475, -29.452072651738344], [-51.94061389917319, -29.452235159063175], [-51.9405610968928, -29.45210016124163], [-51.940622711653475, -29.452072651738344]], [[-51.940622711653475, -29.452072651738344], [-51.94063293915784, -29.452063554749646], [-51.9406330223961, -29.45207257888718], [-51.940622711653475, -29.452072651738344]], [[-51.94061026846642, -29.430593858783883], [-51.94062049387439, -29.430584761815123], [-51.94062057703877, -29.430593785981813], [-51.94061026846642, -29.430593858783883]], [[-51.94061026846642, -29.430593858783883], [-51.940589734483304, -29.43060302855238], [-51.94058965132161, -29.430594004385625], [-51.94061026846642, -29.430593858783883]], [[-51.94064111101715, -29.430584616208655], [-51.940630885611085, -29.430593713178954], [-51.94063080244579, -29.43058468901228], [-51.94064111101715, -29.430584616208655]], [[-51.940707540340036, -29.453443810499643], [-51.940717934471486, -29.45345276177428], [-51.940707623589574, -29.453452834635108], [-51.940707540340036, -29.453443810499643]], [[-51.9407251531073, -29.451999730092087], [-51.94078701751642, -29.451999292926512], [-51.94075650155712, -29.452044632199282], [-51.9407251531073, -29.451999730092087]], [[-51.94073612982025, -29.452071850331652], [-51.94074660705916, -29.45208982574615], [-51.94073629631514, -29.45208989860615], [-51.94073612982025, -29.452071850331652]], [[-51.940746440562464, -29.45207177747171], [-51.94075658480625, -29.452053656336517], [-51.940756751304626, -29.452071704610965], [-51.940746440562464, -29.45207177747171]], [[-51.94073629631514, -29.45208989860615], [-51.94072615206427, -29.452108019739846], [-51.94072598557106, -29.452089971465355], [-51.94073629631514, -29.45208989860615]], [[-51.94082599983568, -29.43051111227715], [-51.94081577445369, -29.430520209261214], [-51.94081569127229, -29.43051118509492], [-51.94082599983568, -29.43051111227715]], [[-51.94090821877289, -29.430483457208013], [-51.94091844414286, -29.430474360217058], [-51.94091852733321, -29.430483384383127], [-51.94090821877289, -29.430483457208013]], [[-51.94090821877289, -29.430483457208013], [-51.9408876848398, -29.430492627021504], [-51.94088760165214, -29.43048360285537], [-51.94090821877289, -29.430483457208013]], [[-51.94093906126155, -29.430474214564978], [-51.94092883589348, -29.43048331155746], [-51.94092875270222, -29.430474287391423], [-51.94093906126155, -29.430474214564978]], [[-51.94102128013665, -29.430446559427217], [-51.9410110547788, -29.43045565642583], [-51.94101097158036, -29.43044663225996], [-51.94102128013665, -29.430446559427217]], [[-51.941072656509846, -29.430428146920082], [-51.94105212260326, -29.430437316758425], [-51.94105203940125, -29.43042829259264], [-51.941072656509846, -29.430428146920082]], [[-51.94110349896594, -29.4304189042396], [-51.941113724311755, -29.430409807234092], [-51.94111380751916, -29.43041883139975], [-51.94110349896594, -29.4304189042396]], [[-51.94110349896594, -29.4304189042396], [-51.94108296506409, -29.430428074082602], [-51.941082881859394, -29.43041904991689], [-51.94110349896594, -29.4304189042396]], [[-51.94114456675836, -29.430400564544282], [-51.94115504173165, -29.430418540032402], [-51.94112411607234, -29.43041875855911], [-51.94114456675836, -29.430400564544282]], [[-51.941196109514195, -29.430400200321397], [-51.94120633484973, -29.430391103309], [-51.94120641806525, -29.430400127474428], [-51.941196109514195, -29.430400200321397]], [[-51.941196109514195, -29.430400200321397], [-51.9411755756248, -29.430409370178452], [-51.94117549241197, -29.430400346012938], [-51.941196109514195, -29.430400200321397]], [[-51.9412987789048, -29.43035435098972], [-51.941288553581295, -29.430363448009015], [-51.94128847035864, -29.430354423843735], [-51.9412987789048, -29.43035435098972]], [[-51.94131931277165, -29.430345181114102], [-51.94130908745091, -29.43035427813491], [-51.941309004226476, -29.430345253969687], [-51.94131931277165, -29.430345181114102]], [[-51.94138091434963, -29.43031767146865], [-51.94139113966022, -29.430308574442503], [-51.9413912228918, -29.430317598607566], [-51.94138091434963, -29.43031767146865]], [[-51.94138091434963, -29.43031767146865], [-51.94136038049406, -29.430326841353573], [-51.94136029726518, -29.430317817188428], [-51.94138091434963, -29.43031767146865]], [[-51.941411756742625, -29.430308428717993], [-51.94140153143394, -29.43031752574568], [-51.94140144820145, -29.430308501580647], [-51.941411756742625, -29.430308428717993]], [[-51.94145282443301, -29.43029008892954], [-51.94147360798894, -29.430307991525314], [-51.94143237382489, -29.430308282990296], [-51.94145282443301, -29.43029008892954]], [[-51.94161734479804, -29.4302438021457], [-51.94160711951444, -29.4302528991887], [-51.94160703626399, -29.430243875024118], [-51.94161734479804, -29.4302438021457]], [[-51.941658412423955, -29.430225462295088], [-51.941668887467706, -29.43024343774163], [-51.941637961866014, -29.43024365638646], [-51.941658412423955, -29.430225462295088]], [[-51.94170987182431, -29.430216073710966], [-51.941751272474036, -29.430233830489424], [-51.94168942127761, -29.43023426781003], [-51.94170987182431, -29.430216073710966]], [[-51.94191554277059, -29.43016047084986], [-51.941895008996674, -29.43016964081564], [-51.94189492572106, -29.430160616651683], [-51.94191554277059, -29.43016047084986]], [[-51.94194638506447, -29.4301512279773], [-51.941956610307145, -29.430142130909], [-51.94195669358815, -29.430151155072824], [-51.94194638506447, -29.4301512279773]], [[-51.94194638506447, -29.4301512279773], [-51.9419258512953, -29.43016039794774], [-51.94192576801699, -29.43015137378385], [-51.94194638506447, -29.4301512279773]], [[-51.94198745259154, -29.430132888027114], [-51.94202885325288, -29.430150644719166], [-51.941967002111795, -29.43015108216755], [-51.94198745259154, -29.430132888027114]], [[-51.94208014599369, -29.43012320766637], [-51.9421730892766, -29.430140599731345], [-51.94205969553279, -29.430141401820656], [-51.94208014599369, -29.43012320766637]], [[-51.94218348109959, -29.430149550972576], [-51.942307016746874, -29.430130627520263], [-51.94230710005882, -29.430139651683184], [-51.94218348109959, -29.430149550972576]], [[-51.9423276337879, -29.43013048165478], [-51.942317408580266, -29.43013957875082], [-51.9423173252674, -29.43013055458792], [-51.9423276337879, -29.43013048165478]], [[-51.942348167513224, -29.430121311623303], [-51.94233794230836, -29.430130408720856], [-51.94233785899372, -29.430121384557992], [-51.942348167513224, -29.430121311623303]], [[-51.942440610892454, -29.430084558524577], [-51.94245083608347, -29.43007546141937], [-51.94245091940793, -29.430084485582004], [-51.942440610892454, -29.430084558524577]], [[-51.942440610892454, -29.430084558524577], [-51.94242007718315, -29.430093728570025], [-51.94241999386137, -29.43008470440733], [-51.942440610892454, -29.430084558524577]], [[-51.94254377937828, -29.430092853225315], [-51.942522995684406, -29.43007495079921], [-51.942553921227095, -29.430074731950032], [-51.94254377937828, -29.430092853225315]], [[-51.94251277050004, -29.430084047909812], [-51.942481678299785, -29.430066218424397], [-51.9425126871701, -29.43007502374734], [-51.94251277050004, -29.430084047909812]], [[-51.94246470694138, -29.456129773294453], [-51.94247510150381, -29.45613872441877], [-51.94246479035553, -29.456138797421712], [-51.94246470694138, -29.456129773294453]], [[-51.94247501808875, -29.45612970029153], [-51.94248524582014, -29.4561206031606], [-51.94248532923608, -29.456129627287815], [-51.94247501808875, -29.45612970029153]], [[-51.94258476343317, -29.430065488931398], [-51.942615855650494, -29.43008331839236], [-51.94256431307574, -29.43008368316105], [-51.94258476343317, -29.430065488931398]], [[-51.94265692302427, -29.43006497823884], [-51.9426671481936, -29.430055881117475], [-51.94266723153713, -29.43006490527957], [-51.94265692302427, -29.43006497823884]], [[-51.94265692302427, -29.43006497823884], [-51.942636389339256, -29.430074148317146], [-51.94263630599843, -29.430065124154986], [-51.94265692302427, -29.43006497823884]], [[-51.94268776521739, -29.43005573519659], [-51.94267754004996, -29.430064832319502], [-51.94267745670552, -29.430055808157434], [-51.94268776521739, -29.43005573519659]], [[-51.94280065871408, -29.430000787604015], [-51.94279043356233, -29.43000988473531], [-51.94279035020809, -29.430000860573465], [-51.94280065871408, -29.430000787604015]], [[-51.94285178444554, -29.429955301936175], [-51.942924110685006, -29.429972839423808], [-51.94283133415843, -29.429973496205577], [-51.94285178444554, -29.429955301936175]], [[-51.94443589076282, -29.456305321811303], [-51.944791069324516, -29.45679916069514], [-51.94425906523907, -29.457254171263518], [-51.94327774248725, -29.457071609744286], [-51.943007563601604, -29.45684790611412], [-51.942849390415894, -29.456469988444198], [-51.94443589076282, -29.456305321811303]], [[-51.94302669546129, -29.429917964622646], [-51.94301647033827, -29.42992706177078], [-51.94301638696433, -29.429918037609404], [-51.94302669546129, -29.429917964622646]], [[-51.94304722907846, -29.429908794485442], [-51.9430370039582, -29.42991789163509], [-51.94303692058249, -29.42990886747377], [-51.94304722907846, -29.429908794485442]], [[-51.94306776269186, -29.429899624345133], [-51.94305753757439, -29.429908721496318], [-51.94305745419689, -29.429899697335028], [-51.94306776269186, -29.429899624345133]], [[-51.943201356172445, -29.429853554599145], [-51.943191131071664, -29.42986265176028], [-51.94319104768251, -29.429853627599275], [-51.943201356172445, -29.429853554599145]], [[-51.94325289862153, -29.429853189586527], [-51.943211748053315, -29.42986250575916], [-51.943211664662336, -29.429853481598222], [-51.94325289862153, -29.429853189586527]], [[-51.943273598997344, -29.42986206773669], [-51.94326337390234, -29.429871164903236], [-51.94326329050676, -29.429862140742422], [-51.943273598997344, -29.42986206773669]], [[-51.94328407428271, -29.429880043051636], [-51.943459151821216, -29.429860753496968], [-51.9434592352341, -29.429869777657267], [-51.94328407428271, -29.429880043051636]], [[-51.94357246178465, -29.42985092606323], [-51.94349007729066, -29.429860534431885], [-51.94348999387509, -29.42985151027165], [-51.94357246178465, -29.42985092606323]], [[-51.94361361231205, -29.42984160977996], [-51.94360338725011, -29.429850706971912], [-51.943603303824545, -29.429841682811965], [-51.94361361231205, -29.42984160977996]], [[-51.94364437091602, -29.42982334235944], [-51.94376823961997, -29.42984051420413], [-51.94363422928693, -29.42984146371355], [-51.94364437091602, -29.42982334235944]], [[-51.94400525134777, -29.429829809813697], [-51.94386076565583, -29.429812784294572], [-51.944005084425775, -29.42981176149584], [-51.94400525134777, -29.429829809813697]], [[-51.94385054061929, -29.429821881504985], [-51.94380922323619, -29.42981314954196], [-51.943850457171976, -29.429812857345645], [-51.94385054061929, -29.429821881504985]], [[-51.94403592641183, -29.429802518145475], [-51.94409794424312, -29.429820128058516], [-51.94401547637095, -29.429820712591713], [-51.94403592641183, -29.429802518145475]], [[-51.94413892775994, -29.42979276329696], [-51.94420094560162, -29.429810373161793], [-51.944118477739785, -29.429810957758594], [-51.94413892775994, -29.42979276329696]], [[-51.94424192908606, -29.429783008369213], [-51.94438641478721, -29.429800033474397], [-51.944221479086636, -29.42980120284623], [-51.94424192908606, -29.429783008369213]], [[-51.94441717323534, -29.429781765878648], [-51.94440694825266, -29.429790863130645], [-51.944406864756274, -29.42978183897272], [-51.94441717323534, -29.429781765878648]], [[-51.94457146637322, -29.42974457274188], [-51.94458169133634, -29.429735475477628], [-51.94458177484803, -29.429744499635166], [-51.94457146637322, -29.42974457274188]], [[-51.94457138286244, -29.429735548584315], [-51.94454029042453, -29.429717719584264], [-51.9445712993517, -29.429726524426744], [-51.94457138286244, -29.429735548584315]], [[-51.944695168068435, -29.42974369540866], [-51.94460247531109, -29.42975337757682], [-51.944602391797545, -29.429744353419345], [-51.944695168068435, -29.42974369540866]], [[-51.94472592644253, -29.42972542774307], [-51.94473640196563, -29.429743402938733], [-51.94471578501711, -29.429743549175285], [-51.94472592644253, -29.42972542774307]], [[-51.94477746880423, -29.42972506214196], [-51.94478786080634, -29.429734013176365], [-51.944756935386806, -29.42973423254189], [-51.94477746880423, -29.42972506214196]], [[-51.94480831068914, -29.429715818614746], [-51.94479808574865, -29.42972491589593], [-51.9447980022179, -29.42971589173893], [-51.94480831068914, -29.429715818614746]], [[-51.94483915256828, -29.42970657508051], [-51.94484937750323, -29.429697477796264], [-51.94484946103846, -29.42970650195317], [-51.94483915256828, -29.42970657508051]], [[-51.94483915256828, -29.42970657508051], [-51.944818619160344, -29.429715745489766], [-51.94481853562781, -29.429706721332813], [-51.94483915256828, -29.42970657508051]], [[-51.94488021937287, -29.4296882342527], [-51.94489069491878, -29.429706209435807], [-51.94485976950859, -29.429706428825025], [-51.94488021937287, -29.4296882342527]], [[-51.94493167817106, -29.429678844435603], [-51.94497307913144, -29.42969660020622], [-51.94491122831802, -29.429697039015608], [-51.94493167817106, -29.429678844435603]], [[-51.94505521266712, -29.429659918456842], [-51.94503467928884, -29.429669088898827], [-51.94503459573736, -29.429660064742365], [-51.94505521266712, -29.429659918456842]], [[-51.945086054505474, -29.42965067486622], [-51.945075829596725, -29.429659772168108], [-51.94507574604164, -29.429650748011753], [-51.945086054505474, -29.42965067486622]], [[-51.945116896338064, -29.42964143126857], [-51.94512712124128, -29.429632333963625], [-51.94512720480083, -29.42964135811988], [-51.945116896338064, -29.42964143126857]], [[-51.945116896338064, -29.42964143126857], [-51.945096362969274, -29.429650601719896], [-51.94509627941241, -29.429641577563565], [-51.945116896338064, -29.42964143126857]], [[-51.945219646693246, -29.429604603121614], [-51.945240180041274, -29.429595432651677], [-51.9452402636107, -29.429604456807688], [-51.945219646693246, -29.429604603121614]], [[-51.945219646693246, -29.429604603121614], [-51.94519911334146, -29.429613773588446], [-51.94519902977564, -29.429604749432343], [-51.945219646693246, -29.429604603121614]], [[-51.945291638755734, -29.42958604269716], [-51.945271105414434, -29.429595213174892], [-51.9452710218423, -29.429586189018945], [-51.945291638755734, -29.42958604269716]], [[-51.94534309746017, -29.429576652722947], [-51.94532256412559, -29.429585823208484], [-51.945322480548946, -29.429576799052665], [-51.94534309746017, -29.429576652722947]], [[-51.946757602846915, -29.430920317496945], [-51.94679589530651, -29.431714222826518], [-51.945362572272145, -29.431679280680573], [-51.945646449087526, -29.43116285486348], [-51.946757602846915, -29.430920317496945]], [[-51.94537393924556, -29.429567409066703], [-51.94536371437124, -29.429576506390045], [-51.94536363079099, -29.429567482234322], [-51.94537393924556, -29.429567409066703]], [[-51.94540469744137, -29.429549141247758], [-51.94541517306345, -29.429567116388238], [-51.94538424770009, -29.42956733589828], [-51.94540469744137, -29.429549141247758]], [[-51.94544593125151, -29.429548848559936], [-51.94543570638558, -29.42955794588866], [-51.94543562279903, -29.429548921733087], [-51.94544593125151, -29.429548848559936]], [[-51.94548699787895, -29.429530507548456], [-51.945497473513335, -29.429548482682222], [-51.945466548156354, -29.429548702211243], [-51.94548699787895, -29.429530507548456]], [[-51.94553845653536, -29.429521117499725], [-51.945744792742964, -29.42953770203683], [-51.945518006823995, -29.429539312170192], [-51.94553845653536, -29.429521117499725]], [[-51.94578577569221, -29.42951033677976], [-51.94586841052081, -29.4295277994651], [-51.94576532602816, -29.4295285314872], [-51.94578577569221, -29.42951033677976]], [[-51.94590939343188, -29.429500434170787], [-51.94594048603232, -29.42951826284789], [-51.945888943792355, -29.42951862889668], [-51.94590939343188, -29.429500434170787]], [[-51.94599177736466, -29.42949082431661], [-51.94598155255427, -29.429499921686094], [-51.94598146891966, -29.429490897531863], [-51.94599177736466, -29.42949082431661]], [[-51.94604323594901, -29.42948143407426], [-51.946146153087646, -29.429462653530507], [-51.946146320385814, -29.429480701838155], [-51.94604323594901, -29.42948143407426]], [[-51.946177078412475, -29.429462433844286], [-51.946187303201334, -29.429453336460213], [-51.94618738685401, -29.429462360613947], [-51.946177078412475, -29.429462433844286]], [[-51.946177078412475, -29.429462433844286], [-51.94615654517927, -29.429471604456367], [-51.94615646152929, -29.429462580302577], [-51.946177078412475, -29.429462433844286]], [[-51.94624898652811, -29.429434848754422], [-51.946238761746685, -29.429443946143092], [-51.946238678089536, -29.42943492198947], [-51.94624898652811, -29.429434848754422]], [[-51.946393388334926, -29.429442847533323], [-51.94640361310211, -29.42943375013309], [-51.946403696773835, -29.429442774286294], [-51.946393388334926, -29.429442847533323]], [[-51.94639330466411, -29.429433823380098], [-51.946290052958716, -29.429416507499273], [-51.94639322099333, -29.42942479922687], [-51.94639330466411, -29.429433823380098]], [[-51.94641408888538, -29.429451725191605], [-51.94645515529153, -29.429433383886103], [-51.946455238967815, -29.42944240803917], [-51.94641408888538, -29.429451725191605]], [[-51.94648599692575, -29.429424139975346], [-51.94652739803779, -29.429441895259693], [-51.9464655474065, -29.42944233478734], [-51.94648599692575, -29.429424139975346]], [[-51.946558155982174, -29.429423627179496], [-51.9465479312301, -29.429432724591265], [-51.94654784754565, -29.42942370043845], [-51.946558155982174, -29.429423627179496]], [[-51.94657868916794, -29.42941445650645], [-51.94656846441865, -29.429423553919758], [-51.946568380732415, -29.429414529766966], [-51.94657868916794, -29.42941445650645]], [[-51.946660989262064, -29.42939582208853], [-51.946640456087756, -29.42940499277403], [-51.94664037239522, -29.429395968621396], [-51.946660989262064, -29.42939582208853]], [[-51.94671228033201, -29.42936838328497], [-51.946722672462144, -29.42937733416588], [-51.94669174716798, -29.4293775539782], [-51.94671228033201, -29.42936838328497]], [[-51.94675334664878, -29.429350041889236], [-51.94681536463468, -29.42936765053365], [-51.946732897192845, -29.42936823674109], [-51.94675334664878, -29.429350041889236]], [[-51.946856347220276, -29.429340284954417], [-51.946980215788585, -29.429357453813846], [-51.94683589778507, -29.429358479821655], [-51.946856347220276, -29.429340284954417]], [[-51.94702119832448, -29.429330088184923], [-51.94704198263136, -29.429347989896726], [-51.9470007489214, -29.42934828307679], [-51.94702119832448, -29.429330088184923]], [[-51.94757860336335, -29.43051739016329], [-51.94787118144503, -29.43093947124666], [-51.947003920439116, -29.4308012446455], [-51.94757860336335, -29.43051739016329]], [[-51.94712386390442, -29.429284234437954], [-51.947113639217655, -29.4292933318919], [-51.947113555483675, -29.429284307740364], [-51.94712386390442, -29.429284234437954]], [[-51.94715462169132, -29.42926596622304], [-51.94722694810984, -29.429283501370012], [-51.94713417232514, -29.42928416113475], [-51.94715462169132, -29.42926596622304]], [[-51.9473395869469, -29.429201477544037], [-51.947401604934925, -29.42921908591559], [-51.947329446040726, -29.42921959916511], [-51.9473395869469, -29.429201477544037]], [[-51.94750468906626, -29.42921835263418], [-51.947422305522544, -29.429227963416512], [-51.9474222217615, -29.429218939265684], [-51.94750468906626, -29.42921835263418]], [[-51.94752530589207, -29.429218205968326], [-51.947556063584834, -29.429199937662577], [-51.94755623113049, -29.429217985963565], [-51.94752530589207, -29.429218205968326]], [[-51.94757668040662, -29.429199790988857], [-51.94756645576947, -29.429208888476587], [-51.94756637199574, -29.42919986432612], [-51.94757668040662, -29.429199790988857]], [[-51.947699627265735, -29.42911769352787], [-51.94772041164417, -29.429135595132653], [-51.94768948643218, -29.429135815174973], [-51.947699627265735, -29.42911769352787]], [[-51.94778226206713, -29.429135155026472], [-51.94774111224092, -29.429144472583882], [-51.94774102845198, -29.429135448433776], [-51.94778226206713, -29.429135155026472]], [[-51.94781310348281, -29.429125910812697], [-51.94782332808933, -29.42911681330659], [-51.94782341188548, -29.429125837456514], [-51.94781310348281, -29.429125910812697]], [[-51.94781310348281, -29.429125910812697], [-51.94780287887448, -29.42913500831803], [-51.94780279508011, -29.42912598416809], [-51.94781310348281, -29.429125910812697]], [[-51.94787478629686, -29.429107422364044], [-51.94785425329436, -29.42911659323333], [-51.94785416949552, -29.429107569083495], [-51.94787478629686, -29.429107422364044]], [[-51.94790562769523, -29.429098178129177], [-51.94791585229058, -29.429089080616176], [-51.947915936094816, -29.4290981047659], [-51.94790562769523, -29.429098178129177]], [[-51.94790562769523, -29.429098178129177], [-51.947885094697476, -29.429107349003132], [-51.94788501089593, -29.429098324853353], [-51.94790562769523, -29.429098178129177]], [[-51.94793646908782, -29.42908893388727], [-51.94792624449437, -29.429098031401804], [-51.94792616068922, -29.429089007252127], [-51.94793646908782, -29.42908893388727]], [[-51.947977535062556, -29.42907059212075], [-51.947998319478636, -29.429088493681412], [-51.947957085884916, -29.42908878715518], [-51.947977535062556, -29.42907059212075]], [[-51.94809075978376, -29.429051736721654], [-51.94811120892973, -29.429033541667316], [-51.948111376572406, -29.42905158996584], [-51.94809075978376, -29.429051736721654]], [[-51.94813182571459, -29.429033394908416], [-51.948121601144415, -29.429042492437514], [-51.94812151732218, -29.429033468288264], [-51.94813182571459, -29.429033394908416]], [[-51.94816266706576, -29.429024150614946], [-51.948142134106966, -29.429033321527776], [-51.948142050282954, -29.42902429737857], [-51.94816266706576, -29.429024150614946]], [[-51.9482246850759, -29.429041758602903], [-51.9482657509775, -29.429023416748976], [-51.94826591864742, -29.42904146504673], [-51.9482246850759, -29.429041758602903]], [[-51.94822460124456, -29.42903273445392], [-51.948203900630915, -29.429023857078136], [-51.94822451741326, -29.429023710304936], [-51.94822460124456, -29.42903273445392]], [[-51.948203900630915, -29.429023857078136], [-51.9481728916304, -29.429015053082804], [-51.948203816801474, -29.42901483292907], [-51.948203900630915, -29.429023857078136]], [[-51.94829659231264, -29.429014172424818], [-51.94828636775939, -29.429023269966205], [-51.94828628392266, -29.42901424581737], [-51.94829659231264, -29.429014172424818]], [[-51.94834796657767, -29.42899575715269], [-51.948337742030915, -29.42900485469791], [-51.94833765818971, -29.428995830549177], [-51.94834796657767, -29.42899575715269]], [[-51.948788543042774, -29.428703827621153], [-51.94875770184849, -29.428713072056542], [-51.94875761797116, -29.42870404790853], [-51.948788543042774, -29.428703827621153]], [[-51.949044490008646, -29.428512484518265], [-51.94903426557269, -29.42852158211513], [-51.94903418167157, -29.428512557967558], [-51.949044490008646, -29.428512484518265]], [[-51.94922928480532, -29.428429944970528], [-51.949219060394306, -29.42843904258114], [-51.94921897647713, -29.428430018433943], [-51.94922928480532, -29.428429944970528]], [[-51.949362621630215, -29.428356796698665], [-51.94935239723853, -29.42836589431917], [-51.94935231330981, -29.428356870172234], [-51.949362621630215, -29.428356796698665]], [[-51.9493831543395, -29.428347625602274], [-51.949372929950584, -29.4283567232243], [-51.94937284602008, -29.428347699077406], [-51.9493831543395, -29.428347625602274]], [[-51.94940368704503, -29.428338454502786], [-51.94939346265888, -29.428347552126347], [-51.9493933787266, -29.428338527979495], [-51.94940368704503, -29.428338454502786]], [[-51.949424219746795, -29.42832928340021], [-51.949413995363415, -29.4283383810253], [-51.949413911429346, -29.42832935687848], [-51.949424219746795, -29.42832928340021]], [[-51.9494447524448, -29.428320112294532], [-51.949434528064195, -29.42832920992115], [-51.94943444412834, -29.42832018577437], [-51.9494447524448, -29.428320112294532]], [[-51.94947559345448, -29.42831086770356], [-51.9494653690776, -29.428319965332474], [-51.94946528513905, -29.42831094118577], [-51.94947559345448, -29.42831086770356]], [[-51.94956820039643, -29.428292158034953], [-51.94951674277275, -29.428301549620205], [-51.94951665882972, -29.4282925254736], [-51.94956820039643, -29.428292158034953]], [[-51.9496401906804, -29.428273595294755], [-51.94970187262806, -29.428255106016568], [-51.94970204054664, -29.428273154308883], [-51.9496401906804, -29.428273595294755]], [[-51.95181389714883, -29.42811368379102], [-51.95105209263478, -29.428227422389927], [-51.950561832016376, -29.428718258238398], [-51.949687217083785, -29.428895967365353], [-51.951204951237116, -29.428036811243846], [-51.95181389714883, -29.42811368379102]], [[-51.94977176373282, -29.428010939551132], [-51.949761539412265, -29.42802003720192], [-51.94976145544857, -29.428011013055578], [-51.94977176373282, -29.428010939551132]], [[-51.94985347426012, -29.42792913417148], [-51.94984324995501, -29.4279382318283], [-51.94984316598436, -29.427929207682066], [-51.94985347426012, -29.42792913417148]], [[-51.94988423113868, -29.427910865342668], [-51.94994624874017, -29.427928472540373], [-51.94986378253583, -29.427929060660112], [-51.94988423113868, -29.427910865342668]], [[-51.950007618601134, -29.465515993800093], [-51.950235998641205, -29.46567680792567], [-51.949925374325645, -29.465543654923437], [-51.950007618601134, -29.465515993800093]], [[-51.95015266623433, -29.427954074453982], [-51.95018350706544, -29.42794482970251], [-51.95018359106622, -29.42795385384783], [-51.95015266623433, -29.427954074453982]], [[-51.95015258223627, -29.42794505030857], [-51.950142189962705, -29.4279360996969], [-51.95015249823826, -29.427936026163167], [-51.95015258223627, -29.42794505030857]], [[-51.950142189962705, -29.4279360996969], [-51.950131713694844, -29.427918124938863], [-51.95014202196862, -29.427918051405975], [-51.950142189962705, -29.4279360996969]], [[-51.950131713694844, -29.427918124938863], [-51.95012132142587, -29.42790917432542], [-51.95013162969877, -29.427909100793364], [-51.950131713694844, -29.427918124938863]], [[-51.95012132142587, -29.42790917432542], [-51.95000776245131, -29.42789193483374], [-51.95012123743075, -29.42790015017987], [-51.95012132142587, -29.42790917432542]], [[-51.9504483448802, -29.465224056914614], [-51.950565059696785, -29.465575186458157], [-51.95028503493311, -29.465405716963396], [-51.9504483448802, -29.465224056914614]], [[-51.95053509384617, -29.46457365932081], [-51.95083818203619, -29.465004679725613], [-51.950289373230405, -29.46476493261196], [-51.95053509384617, -29.46457365932081]], [[-51.95039897262393, -29.427834995520993], [-51.950388748377854, -29.427844093218503], [-51.950388664359316, -29.427835069073584], [-51.95039897262393, -29.427834995520993]], [[-51.950573372769185, -29.42774350355996], [-51.95056314854798, -29.427752601270434], [-51.95056306451433, -29.427743577125835], [-51.950573372769185, -29.42774350355996]], [[-51.950604213496256, -29.42773425871307], [-51.95061443771191, -29.42772516099955], [-51.95061452175005, -29.427734185144043], [-51.950604213496256, -29.42773425871307]], [[-51.950604213496256, -29.42773425871307], [-51.950583681024, -29.427743429993292], [-51.950583596988565, -29.42773440584875], [-51.950604213496256, -29.42773425871307]], [[-51.95063505421756, -29.427725013859146], [-51.9506248300038, -29.427734111574207], [-51.95062474596476, -29.427725087429746], [-51.95063505421756, -29.427725013859146]], [[-51.95067620318482, -29.42771569542444], [-51.95069673564284, -29.427706524130215], [-51.95069681968818, -29.427715548274524], [-51.95067620318482, -29.42771569542444]], [[-51.95067620318482, -29.42771569542444], [-51.950655670723044, -29.42772486671555], [-51.950655586681314, -29.42771584257117], [-51.95067620318482, -29.42771569542444]], [[-51.95082001436807, -29.42766052044399], [-51.950830406670754, -29.42766947100242], [-51.950799481930815, -29.427669691756808], [-51.95082001436807, -29.42766052044399]], [[-51.95086116329094, -29.427651201953005], [-51.950840630859425, -29.427660373272058], [-51.95084054680156, -29.42765134912807], [-51.95086116329094, -29.427651201953005]], [[-51.9508919199, -29.427632932896675], [-51.95090239626923, -29.427650907593303], [-51.95087147153557, -29.427651128364275], [-51.9508919199, -29.427632932896675]], [[-51.95093315287055, -29.42763263852762], [-51.950922928693046, -29.427641736264885], [-51.95092284462797, -29.42763271212109], [-51.95093315287055, -29.42763263852762]], [[-51.95096399352938, -29.427623393598754], [-51.95095376935559, -29.42763249133831], [-51.95095368528783, -29.427623467194582], [-51.95096399352938, -29.427623393598754]], [[-51.95098452594191, -29.42761422226104], [-51.9509743017709, -29.42762332000213], [-51.95097421770135, -29.42761429585844], [-51.95098452594191, -29.42761422226104]], [[-51.95138646318812, -29.427602327198027], [-51.951015450663384, -29.42761400146408], [-51.95101536659023, -29.427604977320478], [-51.95138646318812, -29.427602327198027]], [[-51.951797873897284, -29.465070017579425], [-51.951473280655975, -29.465649918868973], [-51.95119350688522, -29.465507523601087], [-51.951797873897284, -29.465070017579425]], [[-51.95142156694884, -29.467843288646552], [-51.951401026582985, -29.46785246017857], [-51.951400942337834, -29.46784343609054], [-51.95142156694884, -29.467843288646552]], [[-51.95145836851742, -29.427574739349026], [-51.95144814439356, -29.427583837125503], [-51.95144806028226, -29.427574812982996], [-51.95145836851742, -29.427574739349026]], [[-51.95156678182088, -29.467932497324433], [-51.951577009873894, -29.467923399502336], [-51.95157709413491, -29.467932423589772], [-51.95156678182088, -29.467932497324433]], [[-51.95156669756077, -29.46792347323695], [-51.951545988676166, -29.467914596616268], [-51.951566613300706, -29.467914449149472], [-51.95156669756077, -29.46792347323695]], [[-51.95169095094262, -29.46797673289148], [-51.95170117898859, -29.467967635060063], [-51.95170126326076, -29.467976659147112], [-51.95169095094262, -29.46797673289148]], [[-51.95168030154333, -29.467940710286523], [-51.95162890850148, -29.46795912716641], [-51.95158740644891, -29.467932349854337], [-51.95168030154333, -29.467940710286523]], [[-51.95175282485087, -29.46797629041329], [-51.95173236876486, -29.467994486083136], [-51.951721887896916, -29.467976511655976], [-51.95175282485087, -29.46797629041329]], [[-51.95181486732226, -29.467993896079822], [-51.951794411244165, -29.468012091759004], [-51.951783930363526, -29.467994117337053], [-51.95181486732226, -29.467993896079822]], [[-51.95183741712125, -29.42731933836498], [-51.951847641183726, -29.427310240559652], [-51.951847725329436, -29.42731926470147], [-51.95183741712125, -29.42731933836498]], [[-51.95183741712125, -29.42731933836498], [-51.95182719305694, -29.427328436169574], [-51.951827108913015, -29.427319412027714], [-51.95183741712125, -29.42731933836498]], [[-51.95182719305694, -29.427328436169574], [-51.95181696899082, -29.427337533973382], [-51.951816884847766, -29.427328509831526], [-51.95182719305694, -29.427328436169574]], [[-51.951876909814324, -29.468011501716912], [-51.95185645374415, -29.468029697405402], [-51.9518459728508, -29.468011722988688], [-51.951876909814324, -29.468011501716912]], [[-51.95193895232707, -29.46802910732454], [-51.95191849626481, -29.468047303022345], [-51.95190801535877, -29.468029328610857], [-51.95193895232707, -29.46802910732454]], [[-51.95193999427856, -29.42726445684428], [-51.951929770228986, -29.427273554656466], [-51.95192968607618, -29.427264530514826], [-51.95193999427856, -29.42726445684428]], [[-51.951980538806154, -29.46806490860983], [-51.951990766834236, -29.46805581075665], [-51.951990851132344, -29.468064834842828], [-51.951980538806154, -29.46806490860983]], [[-51.95198045450896, -29.468055884523622], [-51.9519700578874, -29.46804693420356], [-51.95198037021181, -29.468046860437408], [-51.95198045450896, -29.468055884523622]], [[-51.9520016751738, -29.42724596652133], [-51.95199145113167, -29.427255064338123], [-51.951991366973466, -29.427246040196604], [-51.9520016751738, -29.42724596652133]], [[-51.952021956712485, -29.468082661709172], [-51.95203218473851, -29.46807356385286], [-51.952032269040345, -29.46808258793892], [-51.952021956712485, -29.468082661709172]], [[-51.952021872411564, -29.468073637623107], [-51.95201147578461, -29.46806468730642], [-51.952021788110684, -29.468064613537017], [-51.952021872411564, -29.468073637623107]], [[-51.95208383067908, -29.468082219075658], [-51.95206337463296, -29.46810041479525], [-51.95205289369595, -29.468082440396003], [-51.95208383067908, -29.468082219075658]], [[-51.95214061540206, -29.46532928213807], [-51.952098945714674, -29.465284456774747], [-51.95214027819437, -29.465293185780002], [-51.95214061540206, -29.46532928213807]], [[-51.95208371994366, -29.427200256383887], [-51.95210450467057, -29.42721815730103], [-51.95207358007882, -29.427218378348122], [-51.95208371994366, -29.427200256383887]], [[-51.95214587326816, -29.468099824584844], [-51.95212541722995, -29.468118020313756], [-51.952114936280246, -29.46810004591974], [-51.95214587326816, -29.468099824584844]], [[-51.952207915877906, -29.468117430064574], [-51.95218745984763, -29.468135625802812], [-51.95217697888521, -29.468117651414012], [-51.952207915877906, -29.468117430064574]], [[-51.95229058317314, -29.468134887934877], [-51.95224950248598, -29.468153231262406], [-51.95223902151086, -29.468135256878824], [-51.95229058317314, -29.468134887934877]], [[-51.95235262582743, -29.468152493346004], [-51.95233216981679, -29.468170689105957], [-51.9523216888254, -29.468152714729314], [-51.95235262582743, -29.468152493346004]], [[-51.95256985963024, -29.468223136137418], [-51.952394212499684, -29.468188294496958], [-51.952383731495594, -29.468170320125523], [-51.95251796054633, -29.46818740885218], [-51.95256985963024, -29.468223136137418]], [[-51.95260096535683, -29.468240962864623], [-51.95261119334533, -29.468231864964842], [-51.95261127769897, -29.468240889049152], [-51.95260096535683, -29.468240962864623]], [[-51.9526008810041, -29.468231938780296], [-51.95259048431106, -29.468222988510565], [-51.95260079665141, -29.468222914695936], [-51.9526008810041, -29.468231938780296]], [[-51.95266283940909, -29.46824051995978], [-51.95264238343804, -29.468258715766346], [-51.95263190238313, -29.468240741415798], [-51.95266283940909, -29.46824051995978]], [[-51.95272488218746, -29.468258125194172], [-51.952704426224315, -29.468276321010052], [-51.95269394515671, -29.46825834666473], [-51.95272488218746, -29.468258125194172]], [[-51.952765104191066, -29.426202662481096], [-51.95275488032047, -29.426211760353993], [-51.95275479609836, -29.42620273621307], [-51.952765104191066, -29.426202662481096]], [[-51.95276646903128, -29.46829392622432], [-51.9527766970098, -29.468284828312093], [-51.95277678137828, -29.46829385239589], [-51.95276646903128, -29.46829392622432]], [[-51.95276638466372, -29.468284902140482], [-51.95275598795097, -29.46827595188421], [-51.95276630029619, -29.46827587805663], [-51.95276638466372, -29.468284902140482]], [[-51.952828343112714, -29.468293483241812], [-51.952807887161605, -29.468311679073253], [-51.95279740607217, -29.468293704736663], [-51.952828343112714, -29.468293483241812]], [[-51.95286993000673, -29.46832928423828], [-51.95288015797924, -29.468320186318277], [-51.952880242357, -29.468329210401766], [-51.95286993000673, -29.46832928423828]], [[-51.952869845629884, -29.468320260154773], [-51.95285944890459, -29.468311309906912], [-51.95286976125307, -29.46831123607125], [-51.952869845629884, -29.468320260154773]], [[-51.95291134816869, -29.46834703705419], [-51.95292157613914, -29.46833793913107], [-51.95292166052063, -29.468346963214426], [-51.95291134816869, -29.46834703705419]], [[-51.95291126378811, -29.468338012970808], [-51.95290086705742, -29.468329062726333], [-51.95291117940757, -29.46832898888742], [-51.95291126378811, -29.468338012970808]], [[-51.952952766344794, -29.46836478985683], [-51.95296299431319, -29.4683556919306], [-51.9529630786984, -29.468364716013816], [-51.952952766344794, -29.46836478985683]], [[-51.95295268196048, -29.468355765773584], [-51.952942285224395, -29.46834681553249], [-51.95295259757622, -29.468346741690336], [-51.95295268196048, -29.468355765773584]], [[-51.95301464046589, -29.468364346786746], [-51.95299418453504, -29.468382542646204], [-51.95298370340551, -29.468364568325395], [-51.95301464046589, -29.468364346786746]], [[-51.953056227453295, -29.46840014772249], [-51.95306645541568, -29.468391049788483], [-51.95306653981017, -29.468400073871386], [-51.953056227453295, -29.46840014772249]], [[-51.95305614305971, -29.468391123639563], [-51.95304574631107, -29.468382173406894], [-51.953056058666164, -29.468382099556635], [-51.95305614305971, -29.468391123639563]], [[-51.953072072209494, -29.425956798363764], [-51.95306184839093, -29.425965896259402], [-51.95306176414254, -29.425956872118935], [-51.953072072209494, -29.425956798363764]], [[-51.95318039775658, -29.468444381869237], [-51.95319062571192, -29.468435283925896], [-51.95319071011756, -29.468444308008404], [-51.95318039775658, -29.468444381869237]], [[-51.95318031335185, -29.468435357786703], [-51.95315960422873, -29.468426481423315], [-51.953180228947154, -29.46842633370415], [-51.95318031335185, -29.468435357786703]], [[-51.95315960422873, -29.468426481423315], [-51.95313889510914, -29.468417605056604], [-51.953159519825896, -29.468417457340703], [-51.95315960422873, -29.468426481423315]], [[-51.95313889510914, -29.468417605056604], [-51.95308716452382, -29.468399926166764], [-51.953138810708175, -29.46840858097393], [-51.95313889510914, -29.468417605056604]], [[-51.95322164720028, -29.468444086421112], [-51.95320110688511, -29.46845325822925], [-51.95320102247851, -29.468444234146773], [-51.95322164720028, -29.468444086421112]], [[-51.95328369019251, -29.46846169138946], [-51.953263149879696, -29.468470863207095], [-51.953263065467546, -29.468461839124807], [-51.95328369019251, -29.46846169138946]], [[-51.95333848075734, -29.42578342179222], [-51.953328256980036, -29.425792519707613], [-51.95332817270869, -29.425783495567618], [-51.95333848075734, -29.42578342179222]], [[-51.95336923635319, -29.42576515218147], [-51.95335901258048, -29.425774250099135], [-51.95335892830648, -29.425765225959193], [-51.95336923635319, -29.42576515218147]], [[-51.95339746387334, -29.468496975115542], [-51.95336661119759, -29.468506220826015], [-51.95336652677615, -29.468497196744053], [-51.95339746387334, -29.468496975115542]], [[-51.953449194558715, -29.46851465388217], [-51.95342865425102, -29.468523825725192], [-51.95342856982403, -29.468514801643423], [-51.953449194558715, -29.46851465388217]], [[-51.953511153196125, -29.468523234660832], [-51.95354225917408, -29.46854106116143], [-51.95349069732512, -29.468541430594904], [-51.953511153196125, -29.468523234660832]], [[-51.9535733651628, -29.46855888765448], [-51.95358359309334, -29.468549789681614], [-51.95358367753418, -29.46855881376294], [-51.9535733651628, -29.46855888765448]], [[-51.95357328072287, -29.46854986357313], [-51.95356288391339, -29.46854091338245], [-51.95357319628299, -29.46854083949177], [-51.95357328072287, -29.46854986357313]], [[-51.95363523939053, -29.46855844429325], [-51.953614783535365, -29.468576640245967], [-51.95360430227683, -29.46855866597747], [-51.95363523939053, -29.46855844429325]], [[-51.95364620481297, -29.425618773652772], [-51.95365642854427, -29.425609675713783], [-51.95365651284403, -29.425618699853146], [-51.95364620481297, -29.425618773652772]], [[-51.95364620481297, -29.425618773652772], [-51.95363598107985, -29.425627871591004], [-51.953635896781876, -29.425618847451602], [-51.95364620481297, -29.425618773652772]], [[-51.953676826671504, -29.46859424502731], [-51.95368705459604, -29.468585147046667], [-51.95368713904615, -29.46859417112767], [-51.953676826671504, -29.46859424502731]], [[-51.9536767422223, -29.468585220946284], [-51.953666345400265, -29.46857627076403], [-51.95367665777314, -29.468576196865246], [-51.9536767422223, -29.468585220946284]], [[-51.953718245075706, -29.468611997585768], [-51.95372847299818, -29.46860289960201], [-51.95372855745203, -29.46861192368288], [-51.953718245075706, -29.468611997585768]], [[-51.95371816062277, -29.468602973504876], [-51.95370776379534, -29.468594023325995], [-51.95371807616988, -29.46859394942397], [-51.95371816062277, -29.468602973504876]], [[-51.95378011933307, -29.468611554156467], [-51.953759663494054, -29.46862975013096], [-51.95374918220456, -29.46861177587471], [-51.95378011933307, -29.468611554156467]], [[-51.95472243132256, -29.46681790959496], [-51.95480991695943, -29.46734973848518], [-51.95524032457418, -29.467057859922967], [-51.95598618987367, -29.467413491708236], [-51.9573189575104, -29.46876663839331], [-51.955878101707874, -29.469083834562753], [-51.95505986853707, -29.468710672439627], [-51.95454670088139, -29.467875058448346], [-51.95384994096509, -29.46835836252603], [-51.95423040331132, -29.467137302394566], [-51.95472243132256, -29.46681790959496]], [[-51.95384241590906, -29.468656231101058], [-51.95385264382449, -29.468647133107968], [-51.95385272828948, -29.468656157188455], [-51.95384241590906, -29.468656231101058]], [[-51.95384233144498, -29.46864720702055], [-51.95382162222362, -29.46863833076274], [-51.95384224698093, -29.46863818294003], [-51.95384233144498, -29.46864720702055]], [[-51.95382162222362, -29.46863833076274], [-51.953811225383646, -29.468629380592294], [-51.95382153776144, -29.468629306682164], [-51.95382162222362, -29.46863833076274]], [[-51.95387335305022, -29.46865600936084], [-51.95386312513581, -29.46866510735548], [-51.953863040669866, -29.468656083275047], [-51.95387335305022, -29.46865600936084]], [[-51.953912611486466, -29.425445395966126], [-51.95390238779461, -29.425454493924107], [-51.95390230347368, -29.425445469785178], [-51.953912611486466, -29.425445395966126]], [[-51.95391477151228, -29.46867376185662], [-51.95390454359993, -29.468682859854386], [-51.95390445913026, -29.468673835774066], [-51.95391477151228, -29.46867376185662]], [[-51.953933143188316, -29.42543622418676], [-51.95392291949922, -29.42544532214627], [-51.95392283517651, -29.425436298007376], [-51.953933143188316, -29.42543622418676]], [[-51.953976814755755, -29.468691366495335], [-51.953945962078194, -29.468700612340015], [-51.9539458776048, -29.468691588259848], [-51.953976814755755, -29.468691366495335]], [[-51.95405965175729, -29.46872687140759], [-51.954049423853014, -29.46873596941624], [-51.95404933937033, -29.468726945336382], [-51.95405965175729, -29.46872687140759]], [[-51.954194219757596, -29.468780054737127], [-51.95417367946755, -29.468789226694486], [-51.95417359497369, -29.468780202615033], [-51.954194219757596, -29.468780054737127]], [[-51.954220333573936, -29.425280746535897], [-51.95421010992625, -29.425289844516744], [-51.954210025578696, -29.425280820378383], [-51.954220333573936, -29.425280746535897]], [[-51.95423572282309, -29.46880683120958], [-51.954245950717244, -29.468797733186918], [-51.95424603521758, -29.468806757266155], [-51.95423572282309, -29.46880683120958]], [[-51.954235638323674, -29.468797807130315], [-51.95421492903887, -29.468788930935382], [-51.95423555382429, -29.468788783051032], [-51.954235638323674, -29.468797807130315]], [[-51.95428736929914, -29.468815485563585], [-51.954277141407054, -29.46882458358936], [-51.9542770569039, -29.468815559510237], [-51.95428736929914, -29.468815485563585]], [[-51.954349412688885, -29.46883309002481], [-51.95431856000515, -29.46884233595589], [-51.95431847549827, -29.468833311876892], [-51.954349412688885, -29.46883309002481]], [[-51.95437012199388, -29.468841966198294], [-51.95435989410678, -29.46885106423029], [-51.95435980959621, -29.46884204015141], [-51.95437012199388, -29.468841966198294]], [[-51.95444247781227, -29.468859496661402], [-51.95442202204606, -29.468877692735514], [-51.9543805189039, -29.4688509163232], [-51.95444247781227, -29.468859496661402]], [[-51.95442564980593, -29.425189028140185], [-51.95441542618596, -29.425198126136284], [-51.954415341820564, -29.425189101998352], [-51.95442564980593, -29.425189028140185]], [[-51.95448406549542, -29.46889529713239], [-51.95449429337548, -29.46888619909106], [-51.9544943778981, -29.46889522316953], [-51.95448406549542, -29.46889529713239]], [[-51.954483980973706, -29.468886273053904], [-51.95447358405113, -29.468877322937416], [-51.95448389645203, -29.468877248975396], [-51.954483980973706, -29.468886273053904]], [[-51.95452548415678, -29.468913049432864], [-51.954535712034776, -29.468903951388413], [-51.95453579656113, -29.46891297546674], [-51.95452548415678, -29.468913049432864]], [[-51.95452539963133, -29.4689040253545], [-51.95451500270336, -29.468895075241395], [-51.954525315105926, -29.468895001276127], [-51.95452539963133, -29.4689040253545]], [[-51.95458735858234, -29.468912605624173], [-51.954566902832276, -29.46893080172007], [-51.95455642136973, -29.468912827532115], [-51.95458735858234, -29.468912605624173]], [[-51.9545795101638, -29.425106702933945], [-51.95456928656592, -29.425115800941462], [-51.954569202187216, -29.42510677680383], [-51.9545795101638, -29.425106702933945]], [[-51.95460004173546, -29.42509753105421], [-51.954589818140356, -29.42510662906326], [-51.95458973375987, -29.425097604925664], [-51.95460004173546, -29.42509753105421]], [[-51.95462894633728, -29.468948406047968], [-51.95463917420926, -29.46893930799574], [-51.954639258744905, -29.468948332073754], [-51.95462894633728, -29.468948406047968]], [[-51.954628861802554, -29.468939381969932], [-51.95461846486203, -29.468930431865243], [-51.95462877726787, -29.468930357891875], [-51.954628861802554, -29.468939381969932]], [[-51.95466163642789, -29.42507001539646], [-51.95467211317586, -29.42508798979434], [-51.95464118925248, -29.425088211422956], [-51.95466163642789, -29.42507001539646]], [[-51.954732408587574, -29.468983762580827], [-51.954742636453545, -29.46897466452082], [-51.95474272099846, -29.468983688598517], [-51.954732408587574, -29.468983762580827]], [[-51.95473223949959, -29.468965714425373], [-51.95467036504441, -29.46896615830214], [-51.95465988356003, -29.468948184122926], [-51.95473223949959, -29.468965714425373]], [[-51.95476488494393, -29.425087324865395], [-51.95479572446729, -29.425078079070975], [-51.954795808865924, -29.42508710320806], [-51.95476488494393, -29.425087324865395]], [[-51.95476480054803, -29.42507830072823], [-51.954713091899244, -29.425060621866407], [-51.95476471615217, -29.425069276591056], [-51.95476480054803, -29.42507830072823]], [[-51.95479428305232, -29.468983318674976], [-51.954773827326335, -29.469001514801967], [-51.954763345820126, -29.46898354063149], [-51.95479428305232, -29.468983318674976]], [[-51.95482673278758, -29.425086881543546], [-51.95480620123943, -29.425096053457725], [-51.95480611683985, -29.425087029320682], [-51.95482673278758, -29.425086881543546]], [[-51.95483587090766, -29.469019119031433], [-51.95484609876761, -29.46901002096365], [-51.95484618332182, -29.46901904504102], [-51.95483587090766, -29.469019119031433]], [[-51.954835786354366, -29.469010094954033], [-51.954825389388745, -29.46900114486618], [-51.954835701801116, -29.46900107087662], [-51.954835786354366, -29.469010094954033]], [[-51.95489922623476, -29.42512246084556], [-51.95490944980313, -29.425113362813377], [-51.95490953421194, -29.42512238695011], [-51.95489922623476, -29.42512246084556]], [[-51.954899141826864, -29.4251134367088], [-51.9548681334927, -29.425104634253447], [-51.954899057419006, -29.425104412572022], [-51.954899141826864, -29.4251134367088]], [[-51.9548681334927, -29.425104634253447], [-51.95483704076138, -29.42508680765378], [-51.954868049087615, -29.425095610116582], [-51.9548681334927, -29.425104634253447]], [[-51.95489774539201, -29.46901867507699], [-51.954877289678045, -29.46903687121954], [-51.95486680815001, -29.46901889705781], [-51.95489774539201, -29.46901867507699]], [[-51.95495978900358, -29.46903627924791], [-51.95493933329754, -29.469054475399773], [-51.9549288517568, -29.469036501243266], [-51.95495978900358, -29.46903627924791]], [[-51.95503331435488, -29.42513052427884], [-51.95495093494529, -29.425140139633527], [-51.95495085053276, -29.425131115496924], [-51.95503331435488, -29.42513052427884]], [[-51.955001376937695, -29.469072079550557], [-51.95501160478767, -29.46906298147034], [-51.955011689356716, -29.4690720055472], [-51.955001376937695, -29.469072079550557]], [[-51.95500129236957, -29.469063055473665], [-51.954990895384256, -29.469054105399263], [-51.95500120780148, -29.46905403139677], [-51.95500129236957, -29.469063055473665]], [[-51.9550427957572, -29.469089831685874], [-51.95506333602485, -29.46908065959517], [-51.955063420598535, -29.469089683671868], [-51.9550427957572, -29.469089831685874]], [[-51.95504271118535, -29.46908080760912], [-51.95503231419463, -29.469071857538097], [-51.955042626613526, -29.469071783532346], [-51.95504271118535, -29.46908080760912]], [[-51.95508460096958, -29.425103082332793], [-51.955094824519115, -29.425093984286754], [-51.95509490894424, -29.425103008423033], [-51.95508460096958, -29.425103082332793]], [[-51.95508460096958, -29.425103082332793], [-51.95507437741821, -29.425112180378054], [-51.955074292994865, -29.425103156241743], [-51.95508460096958, -29.425103082332793]], [[-51.95507437741821, -29.425112180378054], [-51.955064153865024, -29.42512127842258], [-51.95506406944256, -29.425112254286244], [-51.95507437741821, -29.425112180378054]], [[-51.95516679855156, -29.469116015783147], [-51.95514625828666, -29.469125187889727], [-51.95514617370552, -29.469116163813293], [-51.95516679855156, -29.469116015783147]], [[-51.9552287576772, -29.46912459574976], [-51.95523923927967, -29.46914256988103], [-51.95518750798224, -29.46912489182614], [-51.9552287576772, -29.46912459574976]], [[-51.955342617328164, -29.469168901853255], [-51.955311764640555, -29.469178148014432], [-51.955311680044574, -29.469169123938496], [-51.955342617328164, -29.469168901853255]], [[-51.95541522734775, -29.469213504004554], [-51.95543568299774, -29.469195307781145], [-51.95544616464387, -29.469213281894927], [-51.95541522734775, -29.469213504004554]], [[-51.95539443327665, -29.4691956039223], [-51.95537372381434, -29.46918672791234], [-51.955394348673295, -29.46918657984661], [-51.95539443327665, -29.4691956039223]], [[-51.95551860551019, -29.469239835837115], [-51.95552883332921, -29.469230737718043], [-51.955528917944626, -29.469239761793308], [-51.95551860551019, -29.469239835837115]], [[-51.955518520895694, -29.46923081176183], [-51.95546678950776, -29.469213133817853], [-51.955518436281224, -29.469221787686514], [-51.955518520895694, -29.46923081176183]], [[-51.95558073397638, -29.4692664637876], [-51.95559087717134, -29.46924834158877], [-51.95561167128708, -29.46926624163916], [-51.95558073397638, -29.4692664637876]], [[-51.955559939865886, -29.469248563732265], [-51.95553923037902, -29.469239687748704], [-51.95555985524769, -29.46923953965709], [-51.955559939865886, -29.469248563732265]], [[-51.95556366992546, -29.424522063045412], [-51.955573893374556, -29.424512964964112], [-51.955573977840025, -29.424521989099915], [-51.95556366992546, -29.424522063045412]], [[-51.95556366992546, -29.424522063045412], [-51.955553446474546, -29.424531161125962], [-51.95555336201086, -29.424522136990124], [-51.95556366992546, -29.424522063045412]], [[-51.955673545907445, -29.469265797320677], [-51.95568419686132, -29.46930181956399], [-51.9556219837239, -29.469266167588067], [-51.955673545907445, -29.469265797320677]], [[-51.955746240771795, -29.469319423360513], [-51.955756468577746, -29.469310325224317], [-51.9557565532136, -29.469319349298882], [-51.955746240771795, -29.469319423360513]], [[-51.95574615613686, -29.469310399285924], [-51.95573575906196, -29.46930144927209], [-51.95574607150196, -29.469301375211316], [-51.95574615613686, -29.469310399285924]], [[-51.95580811542201, -29.469318978978745], [-51.955787659816046, -29.469337175258115], [-51.95577717809707, -29.469319201173224], [-51.95580811542201, -29.469318978978745]], [[-51.955890784249014, -29.46933643457337], [-51.95584970376468, -29.469354779005403], [-51.95583922203301, -29.469336804925735], [-51.955890784249014, -29.46933643457337]], [[-51.955994077992074, -29.46935374195654], [-51.95593237262727, -29.469372234573296], [-51.955921890879324, -29.46935426050055], [-51.955994077992074, -29.46935374195654]], [[-51.956148933997376, -29.469370678805916], [-51.95615958513025, -29.469406701006577], [-51.956025184645114, -29.46937156785898], [-51.956148933997376, -29.469370678805916]], [[-51.956345209213254, -29.469405367194938], [-51.9562628789844, -29.469424008178255], [-51.956252397173316, -29.46940603413311], [-51.956345209213254, -29.469405367194938]], [[-51.95651037779351, -29.469422229512176], [-51.956386797775835, -29.469441167048217], [-51.956376315941334, -29.469423193013426], [-51.95651037779351, -29.469422229512176]], [[-51.95647548801203, -29.422818867461196], [-51.956485880292135, -29.422827817584714], [-51.95645495706967, -29.422828039618924], [-51.95647548801203, -29.422818867461196]], [[-51.95649610349174, -29.422818719436055], [-51.95655778083683, -29.422800227070457], [-51.95655794992993, -29.422818275341484], [-51.95649610349174, -29.422818719436055]], [[-51.9565292239011, -29.46923257574662], [-51.95653936692203, -29.46921445347928], [-51.956539536331746, -29.469232501624518], [-51.9565292239011, -29.46923257574662]], [[-51.9565292239011, -29.46923257574662], [-51.9565189961735, -29.469241673940587], [-51.956518911470404, -29.469232649867926], [-51.9565292239011, -29.46923257574662]], [[-51.956706483775655, -29.469438869219008], [-51.95672727812211, -29.469456769089245], [-51.95654148455458, -29.469440055291244], [-51.956706483775655, -29.469438869219008]], [[-51.95664198292515, -29.469159567780487], [-51.956652210633465, -29.4691504695774], [-51.95665229534808, -29.469159493649816], [-51.95664198292515, -29.469159567780487]], [[-51.95664198292515, -29.469159567780487], [-51.956631755215014, -29.469168665982817], [-51.9566316705022, -29.46915964191036], [-51.95664198292515, -29.469159567780487]], [[-51.95669211143753, -29.421734342704635], [-51.95670233451167, -29.42172524454157], [-51.95670241906728, -29.421734268678165], [-51.95669211143753, -29.421734342704635]], [[-51.95669211143753, -29.421734342704635], [-51.95668188836157, -29.42174344086693], [-51.956681803807754, -29.42173441673028], [-51.95669211143753, -29.421734342704635]], [[-51.95674790302754, -29.46945662081253], [-51.956737675298065, -29.469465719023063], [-51.956737590574846, -29.469456694951283], [-51.95674790302754, -29.46945662081253]], [[-51.956933611910095, -29.469464310249577], [-51.956758384930346, -29.469474594816408], [-51.95675830020525, -29.469465570744692], [-51.956933611910095, -29.469464310249577]], [[-51.956784372727064, -29.421679531619294], [-51.956949463859864, -29.42169639526002], [-51.95676392660087, -29.42169772795684], [-51.956784372727064, -29.421679531619294]], [[-51.956786441569065, -29.469167553950452], [-51.95677621387137, -29.4691766521636], [-51.95677612914573, -29.469167628091537], [-51.956786441569065, -29.469167553950452]], [[-51.95679675399236, -29.46916747980857], [-51.95683783422303, -29.469149135089207], [-51.95683800368515, -29.469167183233054], [-51.95679675399236, -29.46916747980857]], [[-51.95697206518245, -29.469166219274346], [-51.95692033359215, -29.46914854190026], [-51.95698220811737, -29.469148096975005], [-51.95697206518245, -29.469166219274346]], [[-51.95691010590858, -29.46915764012341], [-51.956868686753, -29.46913988857748], [-51.95691002117115, -29.469148616051676], [-51.95691010590858, -29.46915764012341]], [[-51.95700596857346, -29.469481839297167], [-51.95696480349877, -29.469491159998753], [-51.95696471875534, -29.469482135927613], [-51.95700596857346, -29.469481839297167]], [[-51.95701306063294, -29.469138850430102], [-51.9570441673905, -29.46915667609236], [-51.95699260528284, -29.469157046889524], [-51.95701306063294, -29.469138850430102]], [[-51.957082870860404, -29.42163226364634], [-51.95709309388887, -29.42162316545417], [-51.95709317847866, -29.42163218958988], [-51.957082870860404, -29.42163226364634]], [[-51.957082870860404, -29.42163226364634], [-51.95706234021086, -29.421641435892642], [-51.957062255623775, -29.42163241175687], [-51.957082870860404, -29.42163226364634]], [[-51.957085162817194, -29.4691293072264], [-51.957157519264605, -29.469146836197254], [-51.95706470748217, -29.46914750369658], [-51.957085162817194, -29.4691293072264]], [[-51.95708931575338, -29.46957148670554], [-51.95709937394983, -29.469544340327204], [-51.95709962821663, -29.469571412539267], [-51.95708931575338, -29.46957148670554]], [[-51.957078664275066, -29.469535464588002], [-51.95706826706264, -29.46952651468176], [-51.95707857952141, -29.469526440517225], [-51.957078664275066, -29.469535464588002]], [[-51.95721863090289, -29.46906517452286], [-51.95722885854917, -29.469056076276704], [-51.95722894331451, -29.469065100347727], [-51.95721863090289, -29.46906517452286]], [[-51.957177381255974, -29.469065471215412], [-51.95726030439016, -29.469109998172037], [-51.957095136220964, -29.46909313677623], [-51.957177381255974, -29.469065471215412]], [[-51.95719859941882, -29.469128491368114], [-51.9571780593436, -29.469137663784227], [-51.95717797458251, -29.469128639713173], [-51.95719859941882, -29.469128491368114]], [[-51.957113709123455, -29.421623017338902], [-51.95710348609688, -29.421632115532624], [-51.95710340150618, -29.421623091396935], [-51.957113709123455, -29.421623017338902]], [[-51.957154770401765, -29.4216046728277], [-51.95720647767713, -29.421622350780765], [-51.957134324357874, -29.42162286922046], [-51.957154770401765, -29.4216046728277]], [[-51.95719354231781, -29.46968805792136], [-51.95720377002727, -29.46967895967651], [-51.957203854792546, -29.46968798374676], [-51.95719354231781, -29.46968805792136]], [[-51.95719345755345, -29.469679033851097], [-51.95718306031618, -29.46967008395456], [-51.957193372789135, -29.469670009780803], [-51.95719345755345, -29.469679033851097]], [[-51.95745827515478, -29.469325166329508], [-51.957263101764916, -29.469407792504022], [-51.9572316558259, -29.469353870613833], [-51.95745827515478, -29.469325166329508]], [[-51.95728016629269, -29.469028633176446], [-51.95729039392977, -29.46901953492571], [-51.957290478700436, -29.469028558996616], [-51.95728016629269, -29.469028633176446]], [[-51.95725954147708, -29.469028781533687], [-51.9572700234227, -29.46904675549735], [-51.95724939860336, -29.46904690385311], [-51.95725954147708, -29.469028781533687]], [[-51.95724939860336, -29.46904690385311], [-51.95723917095985, -29.46905600210079], [-51.95723908619363, -29.469046978029787], [-51.95724939860336, -29.46904690385311]], [[-51.95727638120163, -29.46972356078219], [-51.95725592578546, -29.46974175728209], [-51.95724544376717, -29.469723783320738], [-51.95727638120163, -29.46972356078219]], [[-51.957291072096176, -29.46909172749263], [-51.95733223697775, -29.469082406693882], [-51.95733232175234, -29.469091430764607], [-51.957291072096176, -29.46909172749263]], [[-51.957291072096176, -29.46909172749263], [-51.95727053203701, -29.469100899922722], [-51.95727044726786, -29.469091875851852], [-51.957291072096176, -29.46909172749263]], [[-51.95731926919309, -29.421558367064787], [-51.957309046191604, -29.421567465273792], [-51.957308961582974, -29.42155844113856], [-51.95731926919309, -29.421558367064787]], [[-51.957328197921, -29.469750262078165], [-51.95731797021596, -29.4697593603324], [-51.95731788544034, -29.469750336262557], [-51.957328197921, -29.469750262078165]], [[-51.957329492192756, -29.421549268855024], [-51.95733988441322, -29.421558218914818], [-51.957329576803176, -29.421558292990195], [-51.957329492192756, -29.421549268855024]], [[-51.95735938970069, -29.469777111729375], [-51.95739024236822, -29.469767865094347], [-51.95739032715031, -29.46977688916398], [-51.95735938970069, -29.469777111729375]], [[-51.95735930492134, -29.46976808765966], [-51.95733859517907, -29.469759211962767], [-51.957359220142024, -29.469759063589944], [-51.95735930492134, -29.46976808765966]], [[-51.95756815053858, -29.46894533920747], [-51.95758809696219, -29.468872998240563], [-51.95757846293703, -29.46894526500552], [-51.95756815053858, -29.46894533920747]], [[-51.95756730259067, -29.468855098504026], [-51.95754650822644, -29.46883719876403], [-51.95756721779609, -29.468846074433614], [-51.95756730259067, -29.468855098504026]], [[-51.95753636542247, -29.468855321104247], [-51.95752613782396, -29.468864419373233], [-51.95752605303299, -29.468855395302732], [-51.95753636542247, -29.468855321104247]], [[-51.95756815053858, -29.46894533920747], [-51.95755792293418, -29.468954437478907], [-51.95755783814009, -29.468945413408612], [-51.95756815053858, -29.46894533920747]], [[-51.95755792293418, -29.468954437478907], [-51.95754769532795, -29.468963535749605], [-51.95754761053474, -29.468954511679275], [-51.95755792293418, -29.468954437478907]], [[-51.95753738292756, -29.468963609949203], [-51.957527409693085, -29.468999780429368], [-51.95750678488481, -29.468999928824793], [-51.95753738292756, -29.468963609949203]], [[-51.95750678488481, -29.468999928824793], [-51.95749655726945, -29.469009027091708], [-51.957496472480614, -29.46900000302131], [-51.95750678488481, -29.468999928824793]], [[-51.95749655726945, -29.469009027091708], [-51.95748632965228, -29.469018125357852], [-51.95748624486431, -29.469009101287448], [-51.95749655726945, -29.469009027091708]], [[-51.95748632965228, -29.469018125357852], [-51.957476102033276, -29.469027223623247], [-51.95747601724618, -29.469018199552824], [-51.95748632965228, -29.469018125357852]], [[-51.957476102033276, -29.469027223623247], [-51.95746587441244, -29.46903632188788], [-51.95746578962623, -29.469027297817448], [-51.957476102033276, -29.469027223623247]], [[-51.9574246247802, -29.469036618656794], [-51.95737348662964, -29.46908210995318], [-51.95734254939078, -29.469082332509906], [-51.9574246247802, -29.469036618656794]], [[-51.957370553401056, -29.421530924278645], [-51.957380945623115, -29.421539874335213], [-51.95737063801504, -29.421539948413727], [-51.957370553401056, -29.421530924278645]], [[-51.95737063801504, -29.421539948413727], [-51.95735010741099, -29.421549120703514], [-51.957350022798785, -29.42154009656838], [-51.95737063801504, -29.421539948413727]], [[-51.95740156083914, -29.421539726175798], [-51.95739116861534, -29.421530776120864], [-51.95740147622242, -29.421530702040783], [-51.95740156083914, -29.421539726175798]], [[-51.95760756769936, -29.469847523556925], [-51.957617795386504, -29.469838425280937], [-51.957617880188984, -29.46984744934987], [-51.95760756769936, -29.469847523556925]], [[-51.957607398096265, -29.469829475419004], [-51.95754552316869, -29.469829920644234], [-51.957524728604184, -29.469812020907842], [-51.957607398096265, -29.469829475419004]], [[-51.957524728604184, -29.469812020907842], [-51.95748339386822, -29.469803293632737], [-51.95752464381007, -29.469802996838613], [-51.957524728604184, -29.469812020907842]], [[-51.95748339386822, -29.469803293632737], [-51.95746268410847, -29.469794417955615], [-51.9574833090778, -29.4697942695634], [-51.95748339386822, -29.469803293632737]], [[-51.95746268410847, -29.469794417955615], [-51.957400639633434, -29.469776814973915], [-51.95746259931992, -29.46978539388619], [-51.95746268410847, -29.469794417955615]], [[-51.957505852200015, -29.468900664049972], [-51.95751607980392, -29.46889156578248], [-51.95751616459413, -29.468900589852957], [-51.957505852200015, -29.468900664049972]], [[-51.957505852200015, -29.468900664049972], [-51.95749562459428, -29.468909762316724], [-51.957495539805855, -29.468900738246194], [-51.957505852200015, -29.468900664049972]], [[-51.95747499980402, -29.468909910706813], [-51.9574854817743, -29.468927884653244], [-51.95746485698032, -29.468928033041838], [-51.95747499980402, -29.468909910706813]], [[-51.95746485698032, -29.468928033041838], [-51.957444316970154, -29.46893720549787], [-51.957444232186184, -29.468928181427252], [-51.95746485698032, -29.468928033041838]], [[-51.957444316970154, -29.46893720549787], [-51.9574134645572, -29.468946452140763], [-51.95741337977592, -29.468937428070074], [-51.957444316970154, -29.46893720549787]], [[-51.95744253740976, -29.421512357442626], [-51.95746323724196, -29.42152123340867], [-51.957442622030044, -29.421521381577563], [-51.95744253740976, -29.421512357442626]], [[-51.957442622030044, -29.421521381577563], [-51.95742209143646, -29.421530553878224], [-51.957422006817964, -29.421521529743256], [-51.957442622030044, -29.421521381577563]], [[-51.957493990809915, -29.421502962879764], [-51.957504383039584, -29.42151191292658], [-51.95749407543471, -29.42151198701458], [-51.957493990809915, -29.421502962879764]], [[-51.95749407543471, -29.42151198701458], [-51.95747354484786, -29.421521159323042], [-51.95747346022485, -29.42151213518819], [-51.95749407543471, -29.42151198701458]], [[-51.95757645164055, -29.42150237015364], [-51.95753513659714, -29.421493642388374], [-51.95757636700851, -29.421493346019034], [-51.95757645164055, -29.42150237015364]], [[-51.95761759741925, -29.421493049636947], [-51.95760720518189, -29.421484099599127], [-51.95761751278361, -29.421484025502437], [-51.95761759741925, -29.421493049636947]], [[-51.957648266311885, -29.42146575493869], [-51.9576793583931, -29.42148358090554], [-51.957638127986925, -29.421483877306652], [-51.957648266311885, -29.42146575493869]], [[-51.95764898726817, -29.469865274861576], [-51.95765921495325, -29.46985617658248], [-51.95765929975946, -29.46986520065127], [-51.95764898726817, -29.469865274861576]], [[-51.95764890246287, -29.46985625079275], [-51.957638505168106, -29.469847300933363], [-51.95764881765761, -29.469847226723918], [-51.95764890246287, -29.46985625079275]], [[-51.95770004086565, -29.46981075938973], [-51.95771026854073, -29.469801661106846], [-51.95771035335127, -29.469810685175595], [-51.95770004086565, -29.46981075938973]], [[-51.95770004086565, -29.46981075938973], [-51.95768981318875, -29.46981985767185], [-51.95768972837999, -29.469810833603077], [-51.95770004086565, -29.46981075938973]], [[-51.95768981318875, -29.46981985767185], [-51.957679585510014, -29.469828955953215], [-51.957679500702135, -29.46981993188441], [-51.95768981318875, -29.46981985767185]], [[-51.95771002726603, -29.42145628619346], [-51.957751426954985, -29.421474038038724], [-51.95768958135257, -29.42147448266894], [-51.95771002726603, -29.42145628619346]], [[-51.95771120145883, -29.469900925862284], [-51.9577214291417, -29.469891827578497], [-51.957721513953544, -29.46990085164708], [-51.95771120145883, -29.469900925862284]], [[-51.9577111166479, -29.46989190179368], [-51.95770071934408, -29.469882951939404], [-51.95771103183701, -29.469882877725045], [-51.9577111166479, -29.46989190179368]], [[-51.95777307642651, -29.46990048055905], [-51.95775262106672, -29.469918677133634], [-51.95774213894285, -29.469900703214265], [-51.95777307642651, -29.46990048055905]], [[-51.95779240340278, -29.421446669200385], [-51.95784411070039, -29.42146434690564], [-51.95777195750625, -29.42146486568814], [-51.95779240340278, -29.421446669200385]], [[-51.95789699601256, -29.469917638002517], [-51.95781466568482, -29.469936279947493], [-51.95780418354825, -29.469918306033353], [-51.95789699601256, -29.469917638002517]], [[-51.95788508711869, -29.4214369780394], [-51.957895479374855, -29.421445928055153], [-51.957885171777825, -29.421446002173262], [-51.95788508711869, -29.4214369780394]], [[-51.957885171777825, -29.421446002173262], [-51.95786464124099, -29.421455174540995], [-51.95786455658364, -29.42144615040709], [-51.957885171777825, -29.421446002173262]], [[-51.95795715562527, -29.421427435062398], [-51.95794701735944, -29.42144555745265], [-51.95790578697185, -29.421445853936245], [-51.95795715562527, -29.421427435062398]], [[-51.958000290642474, -29.469934943805757], [-51.957938585320434, -29.469953437351], [-51.957928103160434, -29.469935463447193], [-51.958000290642474, -29.469934943805757]], [[-51.95800860892962, -29.421418040302665], [-51.957998470673914, -29.421436162696626], [-51.9579675478866, -29.4214363850724], [-51.95800860892962, -29.421418040302665]], [[-51.95808296030765, -29.469952398017043], [-51.95804187999294, -29.469970743120886], [-51.95803139781309, -29.469952769225724], [-51.95808296030765, -29.469952398017043]], [[-51.95808067740935, -29.42140849725936], [-51.95807028514128, -29.42139954725828], [-51.95808059273307, -29.421399473125962], [-51.95808067740935, -29.42140849725936]], [[-51.95814243828298, -29.42139902831525], [-51.95811143082922, -29.421390226590866], [-51.95814235360127, -29.421390004182005], [-51.95814243828298, -29.42139902831525]], [[-51.95814500499897, -29.46997000067503], [-51.9581245496937, -29.469988197305412], [-51.95811406749756, -29.469970223417175], [-51.95814500499897, -29.46997000067503]], [[-51.95817310700421, -29.42137173349961], [-51.95827635227611, -29.421389040327366], [-51.95816296878244, -29.42138985590545], [-51.95817310700421, -29.42137173349961]], [[-51.95818659441361, -29.470005799943266], [-51.9581968220632, -29.469996701623796], [-51.9581969069175, -29.470005725690978], [-51.95818659441361, -29.470005799943266]], [[-51.95818650956023, -29.46999677587605], [-51.95817611220478, -29.46998782606025], [-51.95818642470688, -29.469987751808816], [-51.95818650956023, -29.46999677587605]], [[-51.958248469436356, -29.470005354417584], [-51.958228014143124, -29.47002355106351], [-51.95821753192516, -29.47000557718402], [-51.958248469436356, -29.470005354417584]], [[-51.95829005890119, -29.470041153652122], [-51.95830028654476, -29.470032055324875], [-51.95830037140835, -29.47004107939175], [-51.95829005890119, -29.470041153652122]], [[-51.95828997403853, -29.47003212958523], [-51.95827957667053, -29.470023179777858], [-51.958289889175894, -29.470023105518326], [-51.95828997403853, -29.47003212958523]], [[-51.95830719035006, -29.42137979374741], [-51.95828649047742, -29.421370917913354], [-51.958307105653866, -29.42137076961458], [-51.95830719035006, -29.42137979374741]], [[-51.9583378590205, -29.42135249889488], [-51.95834825130649, -29.42136144887472], [-51.95833794371935, -29.421361523027667], [-51.9583378590205, -29.42135249889488]], [[-51.95833794371935, -29.421361523027667], [-51.958317413242035, -29.42137069546399], [-51.958317328544965, -29.421361671331173], [-51.95833794371935, -29.421361523027667]], [[-51.958351933943526, -29.470040708077853], [-51.95833147866233, -29.470058904739336], [-51.958320996422536, -29.470040930868578], [-51.958351933943526, -29.470040708077853]], [[-51.95837900466272, -29.421343178145726], [-51.95847194234914, -29.421360558977153], [-51.95835855889359, -29.42136137472097], [-51.95837900466272, -29.421343178145726]], [[-51.958413978731826, -29.470058310607918], [-51.95839352345856, -29.470076507278726], [-51.958383041206055, -29.47005853341319], [-51.958413978731826, -29.470058310607918]], [[-51.95847602354081, -29.470075913108523], [-51.95845556827546, -29.470094109788654], [-51.95844508601025, -29.470076135928352], [-51.95847602354081, -29.470075913108523]], [[-51.95851291855257, -29.421333189922116], [-51.95853361843611, -29.421342065720765], [-51.95851300326682, -29.421342214054455], [-51.95851291855257, -29.421333189922116]], [[-51.95851300326682, -29.421342214054455], [-51.958492472809866, -29.421351386517355], [-51.95849238809738, -29.421342362384962], [-51.95851300326682, -29.421342214054455]], [[-51.95853806837046, -29.470093515579666], [-51.958517613113024, -29.47011171226911], [-51.95850713083512, -29.47009373841403], [-51.95853806837046, -29.470093515579666]], [[-51.95856437175216, -29.421323794949814], [-51.95857476405448, -29.421332744911627], [-51.958564456470924, -29.42133281908203], [-51.95856437175216, -29.421323794949814]], [[-51.958564456470924, -29.42133281908203], [-51.95854392602069, -29.421341991552715], [-51.9585438413037, -29.421332967420458], [-51.958564456470924, -29.42133281908203]], [[-51.95860011322078, -29.47011111802135], [-51.95857965797127, -29.47012931472011], [-51.958569175680665, -29.470111340870254], [-51.95860011322078, -29.47011111802135]], [[-51.958615909665, -29.42132342408993], [-51.958605517360134, -29.421314474131385], [-51.95861582494172, -29.42131439995783], [-51.958615909665, -29.42132342408993]], [[-51.958636609555015, -29.421332299872443], [-51.958626217247456, -29.421323349915564], [-51.95863652482987, -29.421323275740406], [-51.958636609555015, -29.421332299872443]], [[-51.95866215809177, -29.470128720433568], [-51.95864170285018, -29.47014691714164], [-51.95863122054688, -29.47012894329701], [-51.95866215809177, -29.470128720433568]], [[-51.95864683241224, -29.421323201564437], [-51.95870884736876, -29.421340804755594], [-51.9586470018644, -29.421341249828433], [-51.95864683241224, -29.421323201564437]], [[-51.95874482801636, -29.470146174226997], [-51.95870374774977, -29.47016451953372], [-51.95869326543375, -29.470146545694302], [-51.95874482801636, -29.470146174226997]], [[-51.95877052339774, -29.42132231139071], [-51.958760131079785, -29.421313361444522], [-51.95877043866079, -29.421313287259018], [-51.95877052339774, -29.42132231139071]], [[-51.95882749796784, -29.470163627968386], [-51.958786417709945, -29.470181973300402], [-51.95877593537765, -29.470163999467925], [-51.95882749796784, -29.470163627968386]], [[-51.95882197656522, -29.421312916319547], [-51.95880127666393, -29.42130404056611], [-51.95882189182375, -29.42130389218798], [-51.95882197656522, -29.421312916319547]], [[-51.958842422240195, -29.421294719675142], [-51.958863122142965, -29.42130359542216], [-51.95884250698344, -29.421303743806668], [-51.958842422240195, -29.421294719675142]], [[-51.95886685096405, -29.42170065719451], [-51.95906227191318, -29.42165412670778], [-51.959085938732905, -29.42197884697425], [-51.95886685096405, -29.42170065719451]], [[-51.958889542907215, -29.47018123027282], [-51.95886908769701, -29.47019942701504], [-51.95885860534844, -29.47018145318949], [-51.958889542907215, -29.47018123027282]], [[-51.95927534051948, -29.421291602931923], [-51.95887334497669, -29.421294497097268], [-51.95887326023075, -29.42128547296581], [-51.95927534051948, -29.421291602931923]], [[-51.95897221290944, -29.470198683922998], [-51.958931132664986, -29.470217029299338], [-51.95892065030371, -29.470199055479004], [-51.95897221290944, -29.470198683922998]], [[-51.95905488293855, -29.470216137521124], [-51.95901380270279, -29.47023448292276], [-51.959003320325245, -29.47021650910936], [-51.95905488293855, -29.470216137521124]], [[-51.959116927946326, -29.470233739717795], [-51.9590964727675, -29.47025193649414], [-51.95908599037367, -29.47023396268768], [-51.959116927946326, -29.470233739717795]], [[-51.959199598026196, -29.470251193224712], [-51.95915851780386, -29.47026953867065], [-51.95914803539733, -29.470251564869418], [-51.959199598026196, -29.470251193224712]], [[-51.959282268132945, -29.470268646679585], [-51.95924118791932, -29.470286992150825], [-51.95923070549651, -29.470269018356507], [-51.959282268132945, -29.470268646679585]], [[-51.959306432819595, -29.421309428514178], [-51.959296040457254, -29.42130047861083], [-51.959306348035334, -29.421300404383892], [-51.959306432819595, -29.421309428514178]], [[-51.9593443132091, -29.470286248768467], [-51.95932385806166, -29.470304445578943], [-51.95931337562257, -29.470286471791557], [-51.9593443132091, -29.470286248768467]], [[-51.95933718598239, -29.42129115756808], [-51.95932679361933, -29.421282207667126], [-51.95933710119548, -29.421282133437852], [-51.95933718598239, -29.42129115756808]], [[-51.95935771634765, -29.42128198497692], [-51.95934732398379, -29.421273035077565], [-51.959357631558944, -29.42127296084673], [-51.95935771634765, -29.42128198497692]], [[-51.95938590316641, -29.470322047647674], [-51.959396130737076, -29.47031294923816], [-51.95939621569867, -29.470321973301743], [-51.95938590316641, -29.470322047647674]], [[-51.95938581820573, -29.47031302358406], [-51.959375420714615, -29.470304073865524], [-51.959385733245085, -29.470303999520446], [-51.95938581820573, -29.47031302358406]], [[-51.9594477783594, -29.470321601560084], [-51.959427323224, -29.470339798386117], [-51.959416840763076, -29.470321824607478], [-51.9594477783594, -29.470321601560084]], [[-51.95946011372482, -29.4212090495847], [-51.95944972135984, -29.421200099693266], [-51.95946002892733, -29.421200025454667], [-51.95946011372482, -29.4212090495847]], [[-51.95948064406218, -29.421199876975077], [-51.9594702516964, -29.421190927085267], [-51.9594805592629, -29.421190852845108], [-51.95948064406218, -29.421199876975077]], [[-51.959489368366896, -29.470357400405618], [-51.95949959593155, -29.470348301988317], [-51.959499680902425, -29.470357326051584], [-51.959489368366896, -29.470357400405618]], [[-51.959489283396934, -29.470348376342322], [-51.959478885893276, -29.470339426632204], [-51.95948919842701, -29.470339352279034], [-51.959489283396934, -29.470348376342322]], [[-51.95955124357947, -29.47035695426944], [-51.95953078845611, -29.47037515111102], [-51.959520305973356, -29.470357177341125], [-51.95955124357947, -29.47035695426944]], [[-51.95959283363716, -29.470392753081295], [-51.9596030611958, -29.470383654656228], [-51.95960314617595, -29.470392678719165], [-51.95959283363716, -29.470392753081295]], [[-51.95959274865792, -29.470383729018323], [-51.95958235114171, -29.47037477931662], [-51.95959266367871, -29.470374704955347], [-51.95959274865792, -29.470383729018323]], [[-51.95965470886933, -29.47039230689653], [-51.959634253758004, -29.47041050375366], [-51.95962377125342, -29.47039252999251], [-51.95965470886933, -29.47039230689653]], [[-51.959696298977214, -29.4704281056747], [-51.95970652652983, -29.47041900724185], [-51.95970661151927, -29.47042803130447], [-51.959696298977214, -29.4704281056747]], [[-51.959696213988686, -29.470419081612054], [-51.959685816459924, -29.470410131918776], [-51.95969612900019, -29.4704100575494], [-51.959696213988686, -29.470419081612054]], [[-51.9597264140734, -29.421026636512035], [-51.959798736570214, -29.421044164936735], [-51.95971627616331, -29.421044759029982], [-51.9597264140734, -29.421026636512035]], [[-51.959778799312566, -29.470427510690502], [-51.959737719129684, -29.470445856314033], [-51.959727236603264, -29.47042788256162], [-51.959778799312566, -29.470427510690502]], [[-51.95981926684288, -29.421034992276173], [-51.959808874465416, -29.42102604241285], [-51.95981918201424, -29.42102596814686], [-51.95981926684288, -29.421034992276173]], [[-51.95988209473832, -29.470444815012637], [-51.95982038947764, -29.47046330942839], [-51.95980990693494, -29.470445335682914], [-51.95988209473832, -29.470444815012637]], [[-51.95983979711178, -29.421025819612503], [-51.959829404733526, -29.421016869750794], [-51.959839712281365, -29.421016795483236], [-51.95983979711178, -29.421025819612503]], [[-51.95986032737693, -29.42101664694574], [-51.959849934997884, -29.421007697085646], [-51.95986024254473, -29.421007622816532], [-51.95986032737693, -29.42101664694574]], [[-51.959901303060185, -29.42098927747382], [-51.960107623657564, -29.42100584011845], [-51.95988085763832, -29.4210074742759], [-51.959901303060185, -29.42098927747382]], [[-51.95998539019686, -29.470462119253746], [-51.95992368494597, -29.47048061371716], [-51.959913202383426, -29.470462639980315], [-51.95998539019686, -29.470462119253746]], [[-51.960068060595965, -29.470479572212923], [-51.96002698044709, -29.4704979179249], [-51.9600164978647, -29.470479944196697], [-51.960068060595965, -29.470479572212923]], [[-51.96013010592653, -29.47049717392884], [-51.96010965088178, -29.470515370857324], [-51.960099168283115, -29.470497397136047], [-51.96013010592653, -29.47049717392884]], [[-51.96014859926802, -29.42097847057201], [-51.960210614251544, -29.42099607306373], [-51.96012815389346, -29.420996667411018], [-51.96014859926802, -29.42097847057201]], [[-51.960192151277774, -29.470514775615307], [-51.96017169624095, -29.470532972553112], [-51.96016121362957, -29.470514998837054], [-51.960192151277774, -29.470514775615307]], [[-51.960254196649686, -29.470532377272303], [-51.960233741620776, -29.470550574219413], [-51.9602232589967, -29.470532600508594], [-51.960254196649686, -29.470532377272303]], [[-51.96032382749371, -29.42097720749684], [-51.9602515898296, -29.420968703486288], [-51.96032374262069, -29.4209681833688], [-51.96032382749371, -29.42097720749684]], [[-51.96033686714725, -29.47054983006195], [-51.96029578702128, -29.47056817585628], [-51.9602853043845, -29.470550202150665], [-51.96033686714725, -29.47054983006195]], [[-51.96041886320164, -29.424505194697335], [-51.96038912798332, -29.42463175537796], [-51.96033640001466, -29.424505789237767], [-51.96041886320164, -29.424505194697335]], [[-51.96037528032745, -29.420967811832387], [-51.96035458036914, -29.420958936321366], [-51.96037519544991, -29.420958787704468], [-51.96037528032745, -29.420967811832387]], [[-51.96039891256368, -29.47056743165033], [-51.96037845755443, -29.47058562861917], [-51.96036797490137, -29.470567654920504], [-51.96039891256368, -29.47056743165033]], [[-51.96040611807077, -29.420958564773134], [-51.9603957256512, -29.420949614956495], [-51.96040603319054, -29.420949540645285], [-51.96040611807077, -29.420958564773134]], [[-51.960436786042514, -29.42093126945128], [-51.96062249150768, -29.420947979925607], [-51.960416340729836, -29.420949466333273], [-51.960436786042514, -29.42093126945128]], [[-51.96046095800079, -29.47058503320923], [-51.96044050299946, -29.4706032301874], [-51.960430020333696, -29.47058525649395], [-51.96046095800079, -29.47058503320923]], [[-51.96054362857295, -29.470602485868504], [-51.96050254846515, -29.470620831726162], [-51.96049206578669, -29.470602858037935], [-51.96054362857295, -29.470602485868504]], [[-51.96060567405457, -29.47062008735879], [-51.960585219072904, -29.470638284358685], [-51.960574736378156, -29.47062031067739], [-51.96060567405457, -29.47062008735879]], [[-51.960653159416985, -29.420920684555277], [-51.96113778343965, -29.420935238385237], [-51.96063271414593, -29.42093888146959], [-51.960653159416985, -29.420920684555277]], [[-51.960667719556874, -29.470637688819615], [-51.96064726458312, -29.470655885828815], [-51.96063678187568, -29.47063791215275], [-51.960667719556874, -29.470637688819615]], [[-51.96075039020363, -29.47065514134852], [-51.96070931011401, -29.470673487269483], [-51.96069882739386, -29.470655513598654], [-51.96075039020363, -29.47065514134852]], [[-51.96083306087728, -29.470672593825363], [-51.96079198079636, -29.47069093977164], [-51.96078149805993, -29.470672966107724], [-51.96083306087728, -29.470672593825363]], [[-51.960936356707506, -29.470689897318717], [-51.96087465150559, -29.470708392221727], [-51.960864168752884, -29.470690418564747], [-51.960936356707506, -29.470689897318717]], [[-51.96101902743796, -29.47070734967858], [-51.9609779473784, -29.47072569568173], [-51.960967464605844, -29.470707722033392], [-51.96101902743796, -29.47070734967858]], [[-51.96108107305953, -29.47072495094359], [-51.96106061814444, -29.470743148014826], [-51.9610501353556, -29.47072517437343], [-51.96108107305953, -29.47072495094359]], [[-51.96116374384072, -29.47074240321224], [-51.961122663794605, -29.4707607492597], [-51.96111218099306, -29.470742775623517], [-51.96116374384072, -29.47074240321224]], [[-51.96117875873674, -29.420907868528545], [-51.961251081374726, -29.420925396161223], [-51.96115831356426, -29.42092606552136], [-51.96117875873674, -29.420907868528545]], [[-51.961246414648805, -29.470759855428817], [-51.96120533461138, -29.470778201501577], [-51.961194851793564, -29.47076022787233], [-51.961246414648805, -29.470759855428817]], [[-51.96129205663652, -29.42089802627041], [-51.96157052993704, -29.420914065968237], [-51.96127161148668, -29.42091622328014], [-51.96129205663652, -29.42089802627041]], [[-51.96132908548376, -29.47077730759335], [-51.961288005455046, -29.47079565369142], [-51.961277522620954, -29.4707776800691], [-51.96132908548376, -29.47077730759335]], [[-51.961432381493495, -29.47079461069706], [-51.96137067632559, -29.470813105829198], [-51.96136019347522, -29.470795132213812], [-51.961432381493495, -29.47079461069706]], [[-51.96151505238525, -29.4708120627446], [-51.9614739723779, -29.470830408899538], [-51.96146348950768, -29.470812435292785], [-51.96151505238525, -29.4708120627446]], [[-51.961742099377176, -29.470828471408645], [-51.96155664330525, -29.470847860920323], [-51.96154616041875, -29.4708298873205], [-51.961742099377176, -29.470828471408645]], [[-51.96161150510582, -29.420886695981178], [-51.96193120852577, -29.4209024372991], [-51.96159106001658, -29.42090489303863], [-51.96161150510582, -29.420886695981178]], [[-51.96178369038171, -29.470864269511356], [-51.961866020655236, -29.4708456251126], [-51.961876503599115, -29.47086359868586], [-51.96178369038171, -29.470864269511356]], [[-51.96189712875811, -29.470863449604746], [-51.9620210501007, -29.47088060316265], [-51.96189721394307, -29.470872473660936], [-51.96189712875811, -29.470863449604746]], [[-51.96194143103997, -29.420893338745334], [-51.962096214029295, -29.42091027044841], [-51.96194160107145, -29.420911386993033], [-51.96194143103997, -29.420893338745334]], [[-51.96204167526226, -29.470880454059053], [-51.96216559664596, -29.470897607481284], [-51.96204176046008, -29.47088947811485], [-51.96204167526226, -29.470880454059053]], [[-51.96241617273668, -29.420953082967102], [-51.96242639521149, -29.420943984377057], [-51.962426480270246, -29.420953008499566], [-51.96241617273668, -29.420953082967102]], [[-51.96241608767884, -29.42094405884457], [-51.96237468743955, -29.420926308461343], [-51.96241600262103, -29.420935034722042], [-51.96241608767884, -29.42094405884457]], [[-51.962364464961745, -29.420935407047505], [-51.96227152708258, -29.420918028937248], [-51.96236437990853, -29.420926382924822], [-51.962364464961745, -29.420935407047505]], [[-51.96226130459614, -29.420927127515693], [-51.96218898179981, -29.420909600435508], [-51.96226121955207, -29.420918103392715], [-51.96226130459614, -29.420927127515693]], [[-51.96217875930665, -29.42091869900778], [-51.962106436529176, -29.42090117188231], [-51.962178674269914, -29.420909674884584], [-51.96217875930665, -29.42091869900778]], [[-51.96218622181008, -29.470897458355203], [-51.962330768401564, -29.47091446249319], [-51.96218630702076, -29.470906482410594], [-51.96218622181008, -29.470897458355203]], [[-51.962351393568106, -29.470914313341442], [-51.96249594020582, -29.470931317298778], [-51.962351478793465, -29.470923337396368], [-51.962351393568106, -29.470914313341442]], [[-51.962447095337254, -29.420952859562092], [-51.96243670274411, -29.420943909908747], [-51.96244701027668, -29.420943835439633], [-51.962447095337254, -29.420952859562092]], [[-51.962467795466544, -29.420961734743802], [-51.9624574028707, -29.420952785092158], [-51.96246771040411, -29.420952710621428], [-51.962467795466544, -29.420961734743802]], [[-51.96248849559936, -29.420970609922207], [-51.96247810300082, -29.42096166027224], [-51.962488410535066, -29.42096158579989], [-51.96248849559936, -29.420970609922207]], [[-51.9625091957357, -29.420979485097295], [-51.96249880313447, -29.42097053544903], [-51.962509110669544, -29.420970460975056], [-51.9625091957357, -29.420979485097295]], [[-51.96251656537476, -29.47093116812135], [-51.96257861137175, -29.470948768678497], [-51.9625166506148, -29.47094019217582], [-51.96251656537476, -29.47093116812135]], [[-51.96251958833875, -29.420988434744704], [-51.962540118343426, -29.420979261670503], [-51.96256081848579, -29.420988136837433], [-51.96251958833875, -29.420988434744704]], [[-51.96259182616918, -29.4209969375206], [-51.96257112602245, -29.420988062358614], [-51.962591741095665, -29.4209879133986], [-51.96259182616918, -29.4209969375206]], [[-51.96259923654372, -29.470948619488176], [-51.962661282564554, -29.470966220006165], [-51.962599321791146, -29.470957643542395], [-51.96259923654372, -29.470948619488176]], [[-51.962715856954276, -29.421032140179772], [-51.96272607940939, -29.421023041567267], [-51.9627261644949, -29.42103206568888], [-51.962715856954276, -29.421032140179772]], [[-51.962715771869675, -29.421023116058155], [-51.96269498662467, -29.42100521679414], [-51.96271568678512, -29.421014091936513], [-51.962715771869675, -29.421023116058155]], [[-51.96268476416844, -29.42101431540429], [-51.962643363856074, -29.420996565106474], [-51.96268467908665, -29.421005291282565], [-51.96268476416844, -29.42101431540429]], [[-51.962633141395976, -29.421005663712762], [-51.962602048632206, -29.420987838917394], [-51.96263305631878, -29.420996639590893], [-51.962633141395976, -29.421005663712762]], [[-51.96268190773956, -29.470966070802948], [-51.96274395378425, -29.47098367128177], [-51.96268199299436, -29.470975094856932], [-51.96268190773956, -29.470966070802948]], [[-51.96275717220486, -29.42104086633286], [-51.96274677957606, -29.421031916704663], [-51.96275708711658, -29.42103184221136], [-51.96275717220486, -29.42104086633286]], [[-51.96276457896228, -29.470983522065666], [-51.96284725021189, -29.471000973276325], [-51.96276466422447, -29.470992546119408], [-51.96276457896228, -29.470983522065666]], [[-51.96281918764022, -29.421058467598794], [-51.96280879500429, -29.42104951797562], [-51.9628191025464, -29.421049443477475], [-51.96281918764022, -29.421058467598794]], [[-51.96285019536563, -29.421067268220728], [-51.9628294951832, -29.42105839309983], [-51.96285011026904, -29.421058244099513], [-51.96285019536563, -29.421067268220728]], [[-51.962881203096195, -29.421076068835323], [-51.96286050290941, -29.421067193719345], [-51.96288111799684, -29.4210670447142], [-51.962881203096195, -29.421076068835323]], [[-51.962867875392796, -29.471000824044125], [-51.962929921488374, -29.471018424434924], [-51.96286796066419, -29.471009848097577], [-51.962867875392796, -29.471000824044125]], [[-51.96299492652221, -29.421111345732818], [-51.96300514895954, -29.421102247099395], [-51.96300523406999, -29.42111127122014], [-51.96299492652221, -29.421111345732818]], [[-51.962994841412666, -29.42110232161205], [-51.96297405610349, -29.421084422393267], [-51.96299475630317, -29.421093297491264], [-51.962994841412666, -29.42110232161205]], [[-51.96296383366506, -29.421093521024357], [-51.96294313346788, -29.421084645921493], [-51.96296374855833, -29.421084496903486], [-51.96296383366506, -29.421093521024357]], [[-51.96294313346788, -29.421084645921493], [-51.96289142554049, -29.42106697021042], [-51.962943048363016, -29.42107562180055], [-51.96294313346788, -29.421084645921493]], [[-51.9629505466723, -29.47101827518986], [-51.962991967604616, -29.47103602479627], [-51.96295063195109, -29.471027299243048], [-51.9629505466723, -29.47101827518986]], [[-51.963012592791735, -29.471035875541492], [-51.96305401374153, -29.47105362512813], [-51.96301267807607, -29.47104489959449], [-51.963012592791735, -29.471035875541492]], [[-51.963036241826316, -29.421120071797965], [-51.96302584916544, -29.421111122192382], [-51.9630361567131, -29.42111104767731], [-51.963036241826316, -29.421120071797965]], [[-51.96307463893183, -29.47105347586366], [-51.96311605989911, -29.471071225430546], [-51.96307472422173, -29.471062499916485], [-51.96307463893183, -29.47105347586366]], [[-51.963087949804276, -29.4211377474515], [-51.9631084797849, -29.42112857429039], [-51.963108564904566, -29.421137598410823], [-51.963087949804276, -29.4211377474515]], [[-51.96308786468643, -29.421128723331005], [-51.96307747202023, -29.4211197737296], [-51.96308777956862, -29.421119699210514], [-51.96308786468643, -29.421128723331005]], [[-51.96313957267715, -29.421146398964183], [-51.96311887245465, -29.421137523889296], [-51.96313948755471, -29.421137374843834], [-51.96313957267715, -29.421146398964183]], [[-51.96314716828204, -29.471089049623274], [-51.96315739558321, -29.47107995093158], [-51.96315748088051, -29.47108897498414], [-51.96314716828204, -29.471089049623274]], [[-51.96314708298565, -29.471080025570682], [-51.9631366850926, -29.471071076156363], [-51.963146997689286, -29.471071001518084], [-51.96314708298565, -29.471080025570682]], [[-51.963160272903174, -29.421155274035748], [-51.96314988022803, -29.421146324440226], [-51.963160187778875, -29.421146249915477], [-51.963160272903174, -29.421155274035748]], [[-51.96328438919791, -29.42119950027579], [-51.96329461161738, -29.421190401620663], [-51.96329469675371, -29.421199425740518], [-51.96328438919791, -29.42119950027579]], [[-51.96328430406248, -29.42119047615591], [-51.9632635186855, -29.421172576984098], [-51.9632842189271, -29.42118145203602], [-51.96328430406248, -29.42119047615591]], [[-51.96325329626493, -29.421181675636902], [-51.96322228847252, -29.421172875110543], [-51.96325321113232, -29.421172651516905], [-51.96325329626493, -29.421181675636902]], [[-51.96322228847252, -29.421172875110543], [-51.96320158823779, -29.421164000048833], [-51.96322220334268, -29.421163850990446], [-51.96322228847252, -29.421172875110543]], [[-51.96320158823779, -29.421164000048833], [-51.96317049532968, -29.42114617538993], [-51.9632015031098, -29.421154975928665], [-51.96320158823779, -29.421164000048833]], [[-51.963188589275916, -29.471106799166858], [-51.96319881657503, -29.471097700472047], [-51.96319890187607, -29.471106724524475], [-51.963188589275916, -29.471106799166858]], [[-51.96318850397579, -29.471097775114405], [-51.96317810607734, -29.471088825703465], [-51.963188418675706, -29.47108875106194], [-51.96318850397579, -29.471097775114405]], [[-51.96323001028394, -29.47112454869719], [-51.96324023758099, -29.471115449999246], [-51.96324032288576, -29.471124474051546], [-51.96323001028394, -29.47112454869719]], [[-51.96322992498009, -29.47111552464486], [-51.96321952707624, -29.471106575237297], [-51.96322983967627, -29.471106500592516], [-51.96322992498009, -29.47111552464486]], [[-51.963271431306104, -29.471142298214232], [-51.96328165860109, -29.471133199513176], [-51.96328174390958, -29.47114222356534], [-51.963271431306104, -29.471142298214232]], [[-51.96327134599852, -29.47113327416203], [-51.96326094808928, -29.471124324757866], [-51.96327126069097, -29.471124250109835], [-51.96327134599852, -29.47113327416203]], [[-51.96330236911645, -29.47114207426516], [-51.96338504057769, -29.471159525136258], [-51.96330245442681, -29.471151098317257], [-51.96330236911645, -29.47114207426516]], [[-51.96332570455999, -29.42120822624966], [-51.963315311865195, -29.42119927666757], [-51.963325619420885, -29.421199202129902], [-51.96332570455999, -29.42120822624966]], [[-51.963356712371414, -29.421217026751453], [-51.963346319673064, -29.421208077171872], [-51.963356627229544, -29.421208002631783], [-51.963356712371414, -29.421217026751453]], [[-51.96336693478598, -29.42120792809089], [-51.963418642862315, -29.421225603613497], [-51.96336710507159, -29.421225976330167], [-51.96336693478598, -29.42120792809089]], [[-51.96340566578742, -29.471159375819997], [-51.96350896249117, -29.47117667729378], [-51.96340575110698, -29.47116839987179], [-51.96340566578742, -29.471159375819997]], [[-51.963449650686435, -29.42123440409333], [-51.963428950420344, -29.42122552906777], [-51.96344956553629, -29.42122537997394], [-51.963449650686435, -29.42123440409333]], [[-51.963584074758614, -29.42127855550029], [-51.9635942971584, -29.421269456822696], [-51.96359438232149, -29.421278480941645], [-51.963584074758614, -29.42127855550029]], [[-51.963583989596444, -29.42126953138131], [-51.963563204151804, -29.42125163225805], [-51.963583904434294, -29.421260507262318], [-51.963583989596444, -29.42126953138131]], [[-51.963552981750915, -29.421260730933305], [-51.96353228147092, -29.421251855924183], [-51.963552896591544, -29.42125170681423], [-51.963552981750915, -29.421260730933305]], [[-51.96353228147092, -29.421251855924183], [-51.963501273634904, -29.42124305546388], [-51.9635321963134, -29.421242831805017], [-51.96353228147092, -29.421251855924183]], [[-51.963501273634904, -29.42124305546388], [-51.9634598730942, -29.421225305425814], [-51.96350118848016, -29.421234031344635], [-51.963501273634904, -29.42124305546388]], [[-51.96358583124472, -29.470580492520302], [-51.96441578842016, -29.471097911113443], [-51.963463360536, -29.470716749306686], [-51.96358583124472, -29.470580492520302]], [[-51.96352958770362, -29.471176527958242], [-51.963591634012225, -29.471194128034973], [-51.96352967303422, -29.471185552009683], [-51.96352958770362, -29.471176527958242]], [[-51.96361508261207, -29.42128735594085], [-51.96360468988433, -29.421278406382203], [-51.96361499744712, -29.421278331821963], [-51.96361508261207, -29.42128735594085]], [[-51.96361225922771, -29.471193978686536], [-51.963674305560176, -29.47121157872411], [-51.96361234456569, -29.47120300273774], [-51.96361225922771, -29.471193978686536]], [[-51.963635782906174, -29.421296230936747], [-51.963625390175736, -29.421287281379783], [-51.96363569773936, -29.421287206817922], [-51.963635782906174, -29.421296230936747]], [[-51.9636564832038, -29.421305105929317], [-51.96364609047067, -29.42129615637406], [-51.96365639803513, -29.42129608181057], [-51.9636564832038, -29.421305105929317]], [[-51.963780685063625, -29.421358355815272], [-51.963790907453216, -29.421349257122902], [-51.96379099263396, -29.421358281241233], [-51.963780685063625, -29.421358355815272]], [[-51.96378059988379, -29.421349331696923], [-51.96375989956687, -29.421340456724135], [-51.963780514704005, -29.421340307578564], [-51.96378059988379, -29.421349331696923]], [[-51.96375989956687, -29.421340456724135], [-51.96373919925347, -29.421331581748053], [-51.963759814388936, -29.42133143260571], [-51.96375989956687, -29.421340456724135]], [[-51.96373919925347, -29.421331581748053], [-51.96370819137664, -29.421322781336986], [-51.96373911407739, -29.421322557629548], [-51.96373919925347, -29.421331581748053]], [[-51.96370819137664, -29.421322781336986], [-51.96368749107112, -29.42131390635266], [-51.963708106203335, -29.421313757218407], [-51.96370819137664, -29.421322781336986]], [[-51.96368749107112, -29.42131390635266], [-51.96366679076913, -29.42130503136502], [-51.963687405899684, -29.421304882234], [-51.96368749107112, -29.42131390635266]], [[-51.96369493077868, -29.471211429362786], [-51.96375697713499, -29.471229029361194], [-51.96369501612404, -29.47122045341374], [-51.96369493077868, -29.471211429362786]], [[-51.96377760235653, -29.47122887998697], [-51.963819023511974, -29.471246629330135], [-51.963777687709275, -29.471237904037686], [-51.96377760235653, -29.47122887998697]], [[-51.963839648736695, -29.47124647994622], [-51.96390169513752, -29.471264079875997], [-51.963839734095, -29.471255503996744], [-51.963839648736695, -29.47124647994622]], [[-51.96388401633222, -29.42138468239314], [-51.96387362357137, -29.421375732856376], [-51.963883931143165, -29.421375658275096], [-51.96388401633222, -29.42138468239314]], [[-51.96391502424195, -29.4213934827624], [-51.963894323904896, -29.421384607811046], [-51.96391493905012, -29.421384458644457], [-51.96391502424195, -29.4213934827624]], [[-51.96392232036528, -29.47126393047919], [-51.96396374155902, -29.471281679776315], [-51.96392240573096, -29.471272954529475], [-51.96392232036528, -29.47126393047919]], [[-51.96393572458253, -29.421402357710452], [-51.96392533181542, -29.42139340817789], [-51.96393563938884, -29.421393333592576], [-51.96393572458253, -29.421402357710452]], [[-51.964152609699305, -29.42144591182047], [-51.96416283206342, -29.421436813100243], [-51.96416291727734, -29.42144583721745], [-51.964152609699305, -29.42144591182047]], [[-51.964152524486295, -29.42143688770323], [-51.964121431334256, -29.42141906327273], [-51.964152439273334, -29.42142786358598], [-51.964152524486295, -29.42143688770323]], [[-51.96411120896808, -29.421428161989855], [-51.96402857795175, -29.421410710524132], [-51.96411112375879, -29.421419137872473], [-51.96411120896808, -29.421428161989855]], [[-51.9640183555779, -29.42141980923432], [-51.96398726245364, -29.42140198477179], [-51.96401827037685, -29.421410785116677], [-51.9640183555779, -29.42141980923432]], [[-51.96397704007686, -29.42141108347887], [-51.963945946962234, -29.42139325900646], [-51.9639769548795, -29.42140205936112], [-51.96397704007686, -29.42141108347887]], [[-51.96399485014971, -29.471299503765476], [-51.9640050773938, -29.47129040501015], [-51.9640051627669, -29.47129942906016], [-51.96399485014971, -29.471299503765476]], [[-51.96399476477752, -29.471290479715428], [-51.96398436678996, -29.4712815303698], [-51.96399467940537, -29.471281455665356], [-51.96399476477752, -29.471290479715428]], [[-51.96405706736337, -29.471335151721096], [-51.96406729460524, -29.471326052961064], [-51.96406737998399, -29.47133507701088], [-51.96405706736337, -29.471335151721096]], [[-51.96405698198554, -29.471326127671244], [-51.96404658398893, -29.471317178330754], [-51.96405689660776, -29.47131710362139], [-51.96405698198554, -29.471326127671244]], [[-51.96409848860866, -29.471352900974885], [-51.96410871584848, -29.471343802211756], [-51.96410880123095, -29.47135282626143], [-51.96409848860866, -29.471352900974885]], [[-51.96409840322711, -29.471343876925186], [-51.9640880052251, -29.471334927588067], [-51.9640983178456, -29.471334852875465], [-51.96409840322711, -29.471343876925186]], [[-51.9641399098681, -29.471370650215412], [-51.96415013710586, -29.471361551449156], [-51.96415022249205, -29.4713705754987], [-51.9641399098681, -29.471370650215412]], [[-51.964139824482814, -29.471361626165844], [-51.9641294264754, -29.471352676832115], [-51.964139739097575, -29.47135260211626], [-51.964139824482814, -29.471361626165844]], [[-51.964181331141674, -29.471388399442667], [-51.96419155837737, -29.47137930067329], [-51.9641916437673, -29.47138832472271], [-51.964181331141674, -29.471388399442667]], [[-51.96418124575266, -29.471379375393237], [-51.96417084773985, -29.47137042606289], [-51.96418116036369, -29.471370351343786], [-51.96418124575266, -29.471379375393237]], [[-51.964183532433296, -29.421445688009037], [-51.96417313964051, -29.42143673849645], [-51.96418344721756, -29.421436663891868], [-51.964183532433296, -29.421445688009037]], [[-51.96420423280669, -29.42145456291451], [-51.96419384001121, -29.421445613403616], [-51.9642041475891, -29.42144553879741], [-51.96420423280669, -29.42145456291451]], [[-51.96423524076321, -29.421463363208026], [-51.96422484796416, -29.421454413699653], [-51.96423515554284, -29.421454339091028], [-51.96423524076321, -29.421463363208026]], [[-51.9642435484732, -29.471424047307888], [-51.96425377570668, -29.47141494853383], [-51.96425386110224, -29.471423972583032], [-51.9642435484732, -29.471424047307888]], [[-51.96424346307855, -29.47141502325867], [-51.96423306505669, -29.471406073933444], [-51.96424337768394, -29.471405999209434], [-51.96424346307855, -29.47141502325867]], [[-51.96430773472658, -29.421498937392226], [-51.96433857224559, -29.421489689427737], [-51.96433865747522, -29.421498713544413], [-51.96430773472658, -29.421498937392226]], [[-51.96430764949968, -29.42148991327546], [-51.96428694911051, -29.42148103838648], [-51.96430756427282, -29.421480889158705], [-51.96430764949968, -29.42148991327546]], [[-51.96428694911051, -29.42148103838648], [-51.96426624872487, -29.421472163494183], [-51.96428686388551, -29.42147201426965], [-51.96428694911051, -29.42148103838648]], [[-51.96426624872487, -29.421472163494183], [-51.96424554834275, -29.421463288598574], [-51.964266163501726, -29.42146313937728], [-51.96426624872487, -29.421472163494183]], [[-51.96428496978585, -29.47144179650183], [-51.96429519701728, -29.47143269772466], [-51.964295282416565, -29.471441721773722], [-51.96428496978585, -29.47144179650183]], [[-51.964284884387475, -29.47143277245274], [-51.96427448636022, -29.471423823130905], [-51.96428479898914, -29.47142374840366], [-51.964284884387475, -29.47143277245274]], [[-51.96432639111265, -29.47145954568251], [-51.96433661834202, -29.471450446902214], [-51.96433670374503, -29.471459470951142], [-51.96432639111265, -29.47145954568251]], [[-51.96432630571054, -29.47145052163355], [-51.96431590767788, -29.471441572315094], [-51.96432622030848, -29.471441497584596], [-51.96432630571054, -29.47145052163355]], [[-51.96436975068834, -29.421516537922567], [-51.96439028062306, -29.421507364565294], [-51.96439036585731, -29.421516388681813], [-51.96436975068834, -29.421516537922567]], [[-51.964369665455905, -29.421507513806002], [-51.964348965058015, -29.42149863892688], [-51.964369580223504, -29.421498489689416], [-51.964369665455905, -29.421507513806002]], [[-51.96436781245359, -29.47147729484991], [-51.964378039680895, -29.471468196066503], [-51.96437812508764, -29.4714772201153], [-51.96436781245359, -29.47147729484991]], [[-51.96436772704775, -29.47146827080109], [-51.96435732900969, -29.47145932148602], [-51.96436764164196, -29.471459246752257], [-51.96436772704775, -29.47146827080109]], [[-51.96443002990297, -29.47151294262474], [-51.96444025712806, -29.47150384383664], [-51.96444034254044, -29.471512867885224], [-51.96443002990297, -29.47151294262474]], [[-51.964429944491506, -29.471503918576133], [-51.96441954644439, -29.47149496926618], [-51.96442985908007, -29.471494894527513], [-51.964429944491506, -29.471503918576133]], [[-51.96445246708271, -29.421543013289376], [-51.96444207425681, -29.42153406379868], [-51.96445238184287, -29.421533989173067], [-51.96445246708271, -29.421543013289376]], [[-51.96447145128299, -29.47153069175883], [-51.96448167850602, -29.471521592967616], [-51.96448176392213, -29.47153061701606], [-51.96447145128299, -29.47153069175883]], [[-51.964471365867794, -29.471521667710352], [-51.96446096781527, -29.47151271840379], [-51.96447128045263, -29.471512643661875], [-51.964471365867794, -29.471521667710352]], [[-51.96448347508599, -29.42155181352388], [-51.964462774669634, -29.42154293866293], [-51.96448338984337, -29.42154278940766], [-51.96448347508599, -29.42155181352388]], [[-51.96451448309442, -29.421560613751026], [-51.964493782673706, -29.42155173889503], [-51.96451439784903, -29.421551589634912], [-51.96451448309442, -29.421560613751026]], [[-51.96451287267714, -29.471548440879655], [-51.964523099898116, -29.47153934208532], [-51.96452318531796, -29.471548366133636], [-51.96451287267714, -29.471548440879655]], [[-51.96451278725822, -29.471539416831313], [-51.9645023892003, -29.471530467528133], [-51.964512701839325, -29.471530392782974], [-51.96451278725822, -29.471539416831313]], [[-51.96461789999616, -29.421595963865638], [-51.964669267436264, -29.421577542429528], [-51.9646797455462, -29.421595516017515], [-51.96461789999616, -29.421595963865638]], [[-51.96461781474152, -29.421586939749837], [-51.96458680671683, -29.42157813954716], [-51.96461772948691, -29.421577915634025], [-51.96461781474152, -29.421586939749837]], [[-51.96458680671683, -29.42157813954716], [-51.964555798697305, -29.421569339337136], [-51.964586721465004, -29.421569115431257], [-51.96458680671683, -29.42157813954716]], [[-51.964555798697305, -29.421569339337136], [-51.96452470543664, -29.42155151500366], [-51.96455571344824, -29.421560315221136], [-51.964555798697305, -29.421569339337136]], [[-51.964543810599466, -29.471548216639203], [-51.96458523201277, -29.47156596573701], [-51.964543896021176, -29.471557240687442], [-51.964543810599466, -29.471548216639203]], [[-51.96460585729747, -29.471565816232875], [-51.96466790401614, -29.47158341579708], [-51.96460594272473, -29.471574840280926], [-51.96460585729747, -29.471565816232875]], [[-51.96468852930386, -29.471583266280057], [-51.96472995075547, -29.471601015331814], [-51.9646886147385, -29.471592290327866], [-51.96468852930386, -29.471583266280057]], [[-51.96475198395265, -29.421604017607184], [-51.964700360729225, -29.421595366728425], [-51.96475189868613, -29.421594993491755], [-51.96475198395265, -29.421604017607184]], [[-51.96476105957403, -29.47161883913571], [-51.96477128677915, -29.471609740322744], [-51.964771372221215, -29.471618764370294], [-51.96476105957403, -29.47161883913571]], [[-51.96476097413288, -29.471609815088133], [-51.96475057604638, -29.471600865805094], [-51.96476088869177, -29.471600791040533], [-51.96476097413288, -29.471609815088133]], [[-51.96477268440535, -29.421612892422246], [-51.96476229154482, -29.42160394295743], [-51.964772599136964, -29.42160386830687], [-51.96477268440535, -29.421612892422246]], [[-51.964793470131845, -29.42163079134928], [-51.964803692455405, -29.42162169258099], [-51.964803777726594, -29.421630716696253], [-51.964793470131845, -29.42163079134928]], [[-51.964793384861565, -29.42162176723399], [-51.964782991998355, -29.42161281777087], [-51.96479329959132, -29.421612743118697], [-51.964793384861565, -29.42162176723399]], [[-51.96479199751546, -29.47161861483708], [-51.964833418998694, -29.471636363855797], [-51.96479208295939, -29.471627638884573], [-51.96479199751546, -29.47161861483708]], [[-51.96482447818903, -29.421639591503002], [-51.96481408532131, -29.421630642042427], [-51.964824392915986, -29.421630567387812], [-51.96482447818903, -29.421639591503002]], [[-51.96481900495191, -29.471203284337196], [-51.9652026228077, -29.47141709447782], [-51.964954607040625, -29.47136474513386], [-51.96481900495191, -29.471203284337196]], [[-51.96486587912449, -29.421657341106567], [-51.964896716636495, -29.421648093013133], [-51.964896801916, -29.421657117128106], [-51.96486587912449, -29.421657341106567]], [[-51.964865793847714, -29.421648316991508], [-51.964834700510615, -29.4216304927324], [-51.96486570857098, -29.421639292876435], [-51.964865793847714, -29.421648316991508]], [[-51.96486452784561, -29.471654187634748], [-51.96487475504471, -29.471645088814014], [-51.96487484049606, -29.471654112861245], [-51.96486452784561, -29.471654187634748]], [[-51.964864442395175, -29.4716451635875], [-51.96485404429612, -29.471636214312877], [-51.96486435694478, -29.47163613954022], [-51.964864442395175, -29.4716451635875]], [[-51.96489546579683, -29.471653963311823], [-51.96493688731168, -29.471671712297496], [-51.964895551250045, -29.47166298735899], [-51.96489546579683, -29.471653963311823]], [[-51.96496921095271, -29.421683666828073], [-51.96497943326536, -29.42167456804661], [-51.96497951855226, -29.42168359216133], [-51.96496921095271, -29.421683666828073]], [[-51.96496912566671, -29.42167464271332], [-51.96493811758733, -29.421665842593857], [-51.96496904038076, -29.421665618598574], [-51.96496912566671, -29.42167464271332]], [[-51.96493811758733, -29.421665842593857], [-51.96490702423268, -29.42164801835208], [-51.96493803230415, -29.421656818478997], [-51.96493811758733, -29.421665842593857]], [[-51.96496799618696, -29.47168953605151], [-51.96497822338003, -29.47168043722299], [-51.96497830884067, -29.471689461269904], [-51.96496799618696, -29.47168953605151]], [[-51.964967910727246, -29.471680512004575], [-51.964957512615634, -29.47167156273838], [-51.96496782526756, -29.47167148795763], [-51.964967910727246, -29.471680512004575]], [[-51.964998934147964, -29.47168931170428], [-51.965040355694434, -29.471707060656918], [-51.96499901961047, -29.47169833575112], [-51.964998934147964, -29.47168931170428]], [[-51.96501052664037, -29.421692392270938], [-51.96500013375125, -29.42168344282545], [-51.96501044135069, -29.421683368156312], [-51.96501052664037, -29.421692392270938]], [[-51.965031227132485, -29.42170126704478], [-51.965020834240676, -29.421692317600975], [-51.96503114184095, -29.421692242930213], [-51.965031227132485, -29.42170126704478]], [[-51.96506223523011, -29.421710067142097], [-51.96505184233473, -29.421701117700813], [-51.9650621499358, -29.42170104302763], [-51.96506223523011, -29.421710067142097]], [[-51.96506098100492, -29.4717069110816], [-51.96510240256887, -29.471724660014463], [-51.96506106647298, -29.471715935128252], [-51.96506098100492, -29.4717069110816]], [[-51.96508293573011, -29.421718941907688], [-51.96507254283204, -29.4217099924681], [-51.96508285043394, -29.421709917793294], [-51.96508293573011, -29.421718941907688]], [[-51.965186438283, -29.421763315685993], [-51.96519666058355, -29.421754216888235], [-51.96519674588993, -29.421763241002264], [-51.965186438283, -29.421763315685993]], [[-51.965186352977526, -29.421754291571933], [-51.96517596006695, -29.421745342140753], [-51.9651862676721, -29.421745267457876], [-51.965186352977526, -29.421754291571933]], [[-51.96517596006695, -29.421745342140753], [-51.965165567158195, -29.4217363927087], [-51.965175874762465, -29.421736318026635], [-51.96517596006695, -29.421745342140753]], [[-51.965165567158195, -29.4217363927087], [-51.96513455904432, -29.421727592635843], [-51.96516548185466, -29.421727368594546], [-51.965165567158195, -29.4217363927087]], [[-51.96513455904432, -29.421727592635843], [-51.96509315803579, -29.421709843117693], [-51.965134473743554, -29.4217185685216], [-51.96513455904432, -29.421727592635843]], [[-51.965133511488396, -29.471742483728605], [-51.965143738671486, -29.47173338488765], [-51.965143824146956, -29.471742408934045], [-51.965133511488396, -29.471742483728605]], [[-51.965133426013836, -29.471733459682177], [-51.965123027882534, -29.471724510429457], [-51.96513334053931, -29.47172443563575], [-51.965133426013836, -29.471733459682177]], [[-51.96516444946396, -29.471742259342534], [-51.96520587105953, -29.471760008242356], [-51.9651645349413, -29.471751283388862], [-51.96516444946396, -29.471742259342534]], [[-51.96522783932884, -29.421781065174134], [-51.96521744641192, -29.421772115746368], [-51.96522775401965, -29.421772041060215], [-51.96522783932884, -29.421781065174134]], [[-51.96523698000742, -29.47177783193155], [-51.965247207184476, -29.471768733082822], [-51.96524729266925, -29.4717777571289], [-51.96523698000742, -29.47177783193155]], [[-51.96523689452357, -29.471768807885447], [-51.96522649637973, -29.47175985864115], [-51.96523680903976, -29.47175978383935], [-51.96523689452357, -29.471768807885447]], [[-51.96523108171325, -29.471155172721573], [-51.96531392445704, -29.471190670479892], [-51.96523133815696, -29.471182244862373], [-51.96523108171325, -29.471155172721573]], [[-51.96524862516814, -29.42179896402709], [-51.96525884746648, -29.421789865224643], [-51.96525893277848, -29.421798889338454], [-51.96524862516814, -29.42179896402709]], [[-51.96524853985704, -29.421789939913236], [-51.96523814693744, -29.42178099048716], [-51.96524845454599, -29.421780915799385], [-51.96524853985704, -29.421789939913236]], [[-51.96526791799277, -29.471777607521194], [-51.96530933961996, -29.47179535638796], [-51.965268003479395, -29.471786631567188], [-51.96526791799277, -29.471777607521194]], [[-51.96527963331291, -29.421807764072568], [-51.965269240388785, -29.421798814649044], [-51.965279547999046, -29.421798739958806], [-51.96527963331291, -29.421807764072568]], [[-51.96542004292276, -29.471505763987953], [-51.965285380270785, -29.471443568201444], [-51.96542984255692, -29.471451544895846], [-51.96542004292276, -29.471505763987953]], [[-51.96532103439234, -29.42182551353083], [-51.965372401811734, -29.421807091824437], [-51.96539318768114, -29.42182499065406], [-51.96532103439234, -29.42182551353083]], [[-51.96532094907476, -29.42181648941722], [-51.96528985560928, -29.4217986652678], [-51.96532086375722, -29.421807465303594], [-51.96532094907476, -29.42181648941722]], [[-51.9653404485962, -29.471813180052216], [-51.96535067576725, -29.47180408119572], [-51.96535076126129, -29.471813105241463], [-51.9653404485962, -29.471813180052216]], [[-51.965340363103074, -29.471804156006442], [-51.965329964946676, -29.47179520677056], [-51.965340277609975, -29.471795131960658], [-51.965340363103074, -29.471804156006442]], [[-51.96537138659135, -29.47181295561755], [-51.96541280825016, -29.47183070445129], [-51.96537147208726, -29.471821979663236], [-51.96537138659135, -29.47181295561755]], [[-51.96543458878634, -29.421842740076375], [-51.96545511868519, -29.421833566556117], [-51.96545520401469, -29.421842590669353], [-51.96543458878634, -29.421842740076375]], [[-51.96543450345866, -29.421833715963093], [-51.9654034099688, -29.421815891840794], [-51.96543441813102, -29.42182469184979], [-51.96543450345866, -29.421833715963093]], [[-51.96544391725476, -29.4718485280906], [-51.96545414441977, -29.471839429226318], [-51.965454229923104, -29.47184845327174], [-51.96544391725476, -29.4718485280906]], [[-51.96544383175234, -29.471839504045146], [-51.96543343358339, -29.471830554817686], [-51.96544374624996, -29.471830479999685], [-51.96544383175234, -29.471839504045146]], [[-51.965474855259686, -29.47184830363164], [-51.96551627695012, -29.47186605243232], [-51.96547494076488, -29.471857327676997], [-51.965474855259686, -29.47184830363164]], [[-51.96550682741898, -29.421851241250913], [-51.96547581924288, -29.421842441259127], [-51.965506742084884, -29.421842217137826], [-51.96550682741898, -29.421851241250913]], [[-51.965527527984555, -29.421860115945687], [-51.96551713503381, -29.421851166542186], [-51.9655274426486, -29.421851091832664], [-51.965527527984555, -29.421860115945687]], [[-51.96554738598308, -29.47188387604669], [-51.96555761314207, -29.471874777174648], [-51.96555769865468, -29.47188380121974], [-51.96554738598308, -29.47188387604669]], [[-51.96554730047137, -29.471874852001566], [-51.96553690228988, -29.47186590278253], [-51.9655472149597, -29.471865827956425], [-51.96554730047137, -29.471874852001566]], [[-51.965589373677965, -29.42185966767165], [-51.96553775026336, -29.42185101712235], [-51.96558928833655, -29.421850643558784], [-51.965589373677965, -29.42185966767165]], [[-51.96557832399779, -29.471883651563434], [-51.965660996412254, -29.47190110099589], [-51.965578409512275, -29.471892675608483], [-51.96557832399779, -29.471883651563434]], [[-51.96561007425207, -29.421868542353376], [-51.9655996812934, -29.42185959295652], [-51.965609988908795, -29.42185951824059], [-51.96561007425207, -29.421868542353376]], [[-51.96562029652414, -29.421859443523864], [-51.965682312914794, -29.421877043431945], [-51.96562046721255, -29.42187749174937], [-51.96562029652414, -29.421859443523864]], [[-51.965681621758236, -29.4719009513235], [-51.96578491955145, -29.471918251002524], [-51.965681707281924, -29.471909975368238], [-51.965681621758236, -29.4719009513235]], [[-51.965692535181105, -29.421867944597036], [-51.96576485920595, -29.42188546974308], [-51.96569270588234, -29.42188599282213], [-51.965692535181105, -29.421867944597036]], [[-51.96593020793983, -29.421929394546513], [-51.96600219053278, -29.42191082311482], [-51.96600236128904, -29.421928871338142], [-51.96593020793983, -29.421929394546513]], [[-51.96593012256805, -29.421920370434655], [-51.96589911433724, -29.42191157054283], [-51.965930037196316, -29.4219113463228], [-51.96593012256805, -29.421920370434655]], [[-51.96589911433724, -29.42191157054283], [-51.96586802074539, -29.4218937465316], [-51.96589902896827, -29.421902546430868], [-51.96589911433724, -29.42191157054283]], [[-51.96585779849261, -29.421902845379645], [-51.9658267902729, -29.4218940454707], [-51.96585771312733, -29.421893821267577], [-51.96585779849261, -29.421902845379645]], [[-51.9658267902729, -29.4218940454707], [-51.96577508146553, -29.421876370901995], [-51.96582670491039, -29.42188502135852], [-51.9658267902729, -29.4218940454707]], [[-51.96580554490015, -29.47191810131085], [-51.965888217377454, -29.4719355506005], [-51.96580563043487, -29.471927125355236], [-51.96580554490015, -29.47191810131085]], [[-51.965864769218335, -29.4716379068398], [-51.96587525294394, -29.471655880077943], [-51.96586494029636, -29.47165595492899], [-51.965864769218335, -29.4716379068398]], [[-51.965908842729014, -29.471935400892747], [-51.966012140590664, -29.471952700393594], [-51.96590892827295, -29.471944424936826], [-51.965908842729014, -29.471935400892747]], [[-51.96603302800988, -29.42190157475925], [-51.96604342100991, -29.421910524121277], [-51.96603311339068, -29.421910598870856], [-51.96603302800988, -29.42190157475925]], [[-51.96603311339068, -29.421910598870856], [-51.966012583531146, -29.42191977247926], [-51.96601249815212, -29.42191074836762], [-51.96603311339068, -29.421910598870856]], [[-51.96603276594494, -29.47195255066655], [-51.96611543848508, -29.471969999813407], [-51.96603285149991, -29.471961574710274], [-51.96603276594494, -29.47195255066655]], [[-51.966259795603754, -29.421899930084916], [-51.96632189752693, -29.421926553802866], [-51.96624965878616, -29.421918053073252], [-51.966259795603754, -29.421899930084916]], [[-51.966249573386186, -29.42190902896224], [-51.966074173098484, -29.421892251644756], [-51.96624948798626, -29.4219000048512], [-51.966249573386186, -29.42190902896224]], [[-51.966136063842235, -29.471969850070277], [-51.9662393617723, -29.471987149392955], [-51.96613614940641, -29.471978874113702], [-51.966136063842235, -29.471969850070277]], [[-51.96625998713217, -29.471986999630534], [-51.96634265973515, -29.472004448634593], [-51.96626007270738, -29.471996023673604], [-51.96625998713217, -29.471986999630534]], [[-51.96643545217721, -29.421943779488434], [-51.96636321341658, -29.42193527882092], [-51.96643536676073, -29.421934755377947], [-51.96643545217721, -29.421943779488434]], [[-51.966363285097884, -29.472004298856085], [-51.966425332365, -29.472021897586597], [-51.9663633706823, -29.472013322898857], [-51.966363285097884, -29.472004298856085]], [[-51.96644595773076, -29.472021747795193], [-51.96650800502172, -29.472039346486532], [-51.96644604332256, -29.472030771837723], [-51.96644595773076, -29.472021747795193]], [[-51.96653482931739, -29.467256078062853], [-51.96648266926676, -29.46719328417232], [-51.9665651668187, -29.467192685040924], [-51.96653482931739, -29.467256078062853]], [[-51.96648707570462, -29.42195242968687], [-51.96647685350272, -29.421961528581217], [-51.96646637504113, -29.421943555143688], [-51.96648707570462, -29.42195242968687]], [[-51.966538784665914, -29.42197010397525], [-51.966518083994536, -29.421961229440317], [-51.9665386992402, -29.421961079865078], [-51.966538784665914, -29.42197010397525]], [[-51.96652863039051, -29.47203919668224], [-51.96657005233334, -29.4720569451484], [-51.966528715989696, -29.47204822072452], [-51.96652863039051, -29.47203919668224]], [[-51.96655948534081, -29.42197897850689], [-51.9665490922896, -29.42197002918641], [-51.96655939991325, -29.42196995439677], [-51.96655948534081, -29.42197897850689]], [[-51.96668343314821, -29.42200515329797], [-51.96670387752093, -29.42198695547755], [-51.966714356028454, -29.422004928895237], [-51.96668343314821, -29.42200515329797]], [[-51.966683347709605, -29.421996129188223], [-51.96662133108736, -29.421978529752142], [-51.96668326227103, -29.42198710507846], [-51.966683347709605, -29.421996129188223]], [[-51.966611108895194, -29.421987628656552], [-51.96656970753686, -29.421969879606337], [-51.96661102346303, -29.421978604546595], [-51.966611108895194, -29.421987628656552]], [[-51.96659067770531, -29.472056795334414], [-51.96665272504078, -29.472074393957115], [-51.96659076331005, -29.472065819376503], [-51.96659067770531, -29.472056795334414]], [[-51.96667335041579, -29.472074244130237], [-51.96671477239691, -29.472091992550354], [-51.96667343602791, -29.472083268172085], [-51.96667335041579, -29.472074244130237]], [[-51.9667353977751, -29.472091842713773], [-51.96679744515508, -29.472109441267833], [-51.966735483392775, -29.47210086675543], [-51.9667353977751, -29.472091842713773]], [[-51.96677654357549, -29.422040576506102], [-51.966786765757696, -29.422031477589286], [-51.96678685120557, -29.4220405016987], [-51.96677654357549, -29.422040576506102]], [[-51.966776458128535, -29.42203155239665], [-51.966766065053314, -29.422022603093744], [-51.96677637268161, -29.4220225282872], [-51.966776458128535, -29.42203155239665]], [[-51.96680755191534, -29.422049376190856], [-51.96679715883561, -29.422040426890497], [-51.96680746646561, -29.422040352081517], [-51.96680755191534, -29.422049376190856]], [[-51.96682825262864, -29.422058250679715], [-51.96681785954621, -29.42204930138104], [-51.96682816717705, -29.422049226570433], [-51.96682825262864, -29.422058250679715]], [[-51.9668180705363, -29.47210929141836], [-51.96688011794012, -29.47212688993326], [-51.96681815616135, -29.472118315459788], [-51.9668180705363, -29.47210929141836]], [[-51.966848953345455, -29.422067125165242], [-51.96683856026034, -29.422058175868266], [-51.966848867892004, -29.422058101056027], [-51.966848953345455, -29.422067125165242]], [[-51.9668856353292, -29.4716214686752], [-51.96725723302882, -29.47165486685373], [-51.967403323540665, -29.471834298163394], [-51.9668856353292, -29.4716214686752]], [[-51.966910970058045, -29.422084724492965], [-51.96690049150776, -29.422066751091947], [-51.9669211067724, -29.42206660145706], [-51.966910970058045, -29.422084724492965]], [[-51.9668902693325, -29.422075850017304], [-51.96685917552363, -29.422058026242997], [-51.96689018387538, -29.42206682590821], [-51.9668902693325, -29.422075850017304]], [[-51.966900743324366, -29.472126740070898], [-51.9669421653646, -29.47214448841869], [-51.9669008289568, -29.47213576411208], [-51.966900743324366, -29.472126740070898]], [[-51.966972901326706, -29.422093299682455], [-51.96698312349611, -29.422084200750916], [-51.96698320896151, -29.422093224859733], [-51.966972901326706, -29.422093299682455]], [[-51.96697281586221, -29.422084275573607], [-51.96696242276474, -29.42207532628661], [-51.96697273039776, -29.422075251464744], [-51.96697281586221, -29.422084275573607]], [[-51.96696242276474, -29.42207532628661], [-51.96693141440467, -29.422066526638417], [-51.96696233730123, -29.422066302177704], [-51.96696242276474, -29.42207532628661]], [[-51.966962790752035, -29.472144338546627], [-51.967024838200366, -29.47216193699289], [-51.96696287639003, -29.472153362587616], [-51.966962790752035, -29.472144338546627]], [[-51.96701404639755, -29.422083976278074], [-51.96700365329659, -29.42207502699438], [-51.96701396092945, -29.422074952169336], [-51.96701404639755, -29.422083976278074]], [[-51.96704546359082, -29.472161787107936], [-51.96708688566936, -29.47217953540968], [-51.9670455492362, -29.472170811148683], [-51.96704546359082, -29.472161787107936]], [[-51.96706584098403, -29.422110674466502], [-51.96705544787586, -29.42210172518704], [-51.96706575551126, -29.422101650357927], [-51.96706584098403, -29.422110674466502]], [[-51.96709684936827, -29.42211947408276], [-51.9670761486203, -29.422110599636564], [-51.967096763892734, -29.422110449974284], [-51.96709684936827, -29.42211947408276]], [[-51.96710724248183, -29.42212842335884], [-51.967117464642364, -29.422119324417235], [-51.967138165395525, -29.422128198856885], [-51.96710724248183, -29.42212842335884]], [[-51.96711799506348, -29.47219735864755], [-51.96712822210924, -29.472188259657685], [-51.96712830776203, -29.472197283698158], [-51.96711799506348, -29.47219735864755]], [[-51.967117909411606, -29.472188334607036], [-51.967107511063, -29.472179385515034], [-51.96711782375976, -29.47217931056651], [-51.967117909411606, -29.472188334607036]], [[-51.96717956691242, -29.42214594772625], [-51.96720001122187, -29.42212774983145], [-51.96722079747014, -29.422145648366165], [-51.96717956691242, -29.42214594772625]], [[-51.96717948142948, -29.42213692361803], [-51.967148387553216, -29.422119099912976], [-51.96717939594658, -29.42212789950978], [-51.96717948142948, -29.42213692361803]], [[-51.96715941716863, -29.472215106925997], [-51.967169644212326, -29.47220600793302], [-51.96716972986885, -29.47221503197337], [-51.96715941716863, -29.472215106925997]], [[-51.96715933151302, -29.472206082885624], [-51.96714893315901, -29.472197133797014], [-51.967159245857445, -29.472197058845232], [-51.96715933151302, -29.472206082885624]], [[-51.96720083928791, -29.472232855191184], [-51.96721106632955, -29.472223756195092], [-51.9672111519898, -29.472232780235306], [-51.96720083928791, -29.472232855191184]], [[-51.967200753628575, -29.472223831150945], [-51.96719035526917, -29.47221488206571], [-51.96720066796927, -29.472214807110678], [-51.967200753628575, -29.472223831150945]], [[-51.967447907553286, -29.422180098087622], [-51.96745812968772, -29.422170999120524], [-51.96745821519541, -29.42218002322795], [-51.967447907553286, -29.422180098087622]], [[-51.96744782204651, -29.422171073980167], [-51.96742712125907, -29.422162199589522], [-51.967447736539775, -29.42216204987269], [-51.96744782204651, -29.422171073980167]], [[-51.96742712125907, -29.422162199589522], [-51.96740642047515, -29.422153325195556], [-51.96742703575419, -29.422153175481974], [-51.96742712125907, -29.422162199589522]], [[-51.96740642047515, -29.422153325195556], [-51.96723101962198, -29.422136549416084], [-51.96740633497213, -29.42214430108794], [-51.96740642047515, -29.422153325195556]], [[-51.967231777393465, -29.472232630321137], [-51.9672731995319, -29.47225037856331], [-51.96723186305558, -29.472241654361287], [-51.967231777393465, -29.472232630321137]], [[-51.96730430897932, -29.47226820175618], [-51.967314536014925, -29.472259102752297], [-51.96731462168447, -29.472268126792198], [-51.96730430897932, -29.47226820175618]], [[-51.96730422331069, -29.472259177716253], [-51.967293824938736, -29.472250228639457], [-51.9673041376421, -29.472250153676327], [-51.96730422331069, -29.472259177716253]], [[-51.96734573114436, -29.472285949975046], [-51.96735595817791, -29.47227685096805], [-51.96735604385118, -29.472285875007806], [-51.96734573114436, -29.472285949975046]], [[-51.96734564547201, -29.472276925935258], [-51.967335247094645, -29.472267976861843], [-51.96734555979968, -29.472267901895457], [-51.96734564547201, -29.472276925935258]], [[-51.96738715332355, -29.472303698180635], [-51.96739738035503, -29.472294599170528], [-51.96739746603203, -29.472303623210156], [-51.96738715332355, -29.472303698180635]], [[-51.96738706764746, -29.472294674140986], [-51.96737666926471, -29.472285725070957], [-51.9673869819714, -29.472285650101327], [-51.96738706764746, -29.472294674140986]], [[-51.9674180914489, -29.472303473266795], [-51.96745951364722, -29.472321221449366], [-51.96741817712776, -29.472312497306344], [-51.9674180914489, -29.472303473266795]], [[-51.96747891598907, -29.422188897613605], [-51.967468522837486, -29.4221799483675], [-51.96747883047952, -29.422179873506245], [-51.96747891598907, -29.422188897613605]], [[-51.967490623147945, -29.472339044597245], [-51.9675008501734, -29.47232994557936], [-51.9675009358597, -29.472338969618665], [-51.967490623147945, -29.472339044597245]], [[-51.96749053746257, -29.472330020557912], [-51.96748013906727, -29.472321071496303], [-51.96749045177723, -29.47232099651858], [-51.96749053746257, -29.472330020557912]], [[-51.967499616786256, -29.422197771995943], [-51.96748922363197, -29.42218882275153], [-51.967499531274846, -29.422188747888644], [-51.967499616786256, -29.422197771995943]], [[-51.96769631729995, -29.42228659051631], [-51.967706539422046, -29.42227749153054], [-51.96770662495206, -29.422286515637175], [-51.96769631729995, -29.42228659051631]], [[-51.967696231770844, -29.42227756640965], [-51.96768583859146, -29.422268617181256], [-51.967696146241785, -29.422268542302977], [-51.967696231770844, -29.42227756640965]], [[-51.96768583859146, -29.422268617181256], [-51.967675445413896, -29.422259667952], [-51.96768575306335, -29.422259593074543], [-51.96768583859146, -29.422268617181256]], [[-51.967675445413896, -29.422259667952], [-51.967665052238154, -29.42225071872188], [-51.967675359886734, -29.42225064384525], [-51.967675445413896, -29.422259667952]], [[-51.967665052238154, -29.42225071872188], [-51.96765465906423, -29.422241769490896], [-51.967664966711936, -29.4222416946151], [-51.967665052238154, -29.42225071872188]], [[-51.96765465906423, -29.422241769490896], [-51.967633958245244, -29.422232895133227], [-51.96765457353896, -29.422232745384076], [-51.96765465906423, -29.422241769490896]], [[-51.967633958245244, -29.422232895133227], [-51.96758224897261, -29.422215221278098], [-51.96763387272184, -29.422223871026336], [-51.967633958245244, -29.422232895133227]], [[-51.96757202684522, -29.422224320254507], [-51.96756163368199, -29.422215371015987], [-51.96757194132732, -29.42221529614744], [-51.96757202684522, -29.422224320254507]], [[-51.96756163368199, -29.422215371015987], [-51.967540932876084, -29.422206496643522], [-51.96756154816504, -29.42220634690888], [-51.96756163368199, -29.422215371015987]], [[-51.967540932876084, -29.422206496643522], [-51.96750983891768, -29.422188673024973], [-51.96754084736099, -29.42219747253634], [-51.967540932876084, -29.422206496643522]], [[-51.967532045372884, -29.472356792756514], [-51.96754227239629, -29.472347693735518], [-51.967542358086305, -29.472356717774687], [-51.967532045372884, -29.472356792756514]], [[-51.967531959683775, -29.47234776871733], [-51.96752156128308, -29.472338819659107], [-51.96753187399471, -29.472338744678122], [-51.967531959683775, -29.47234776871733]], [[-51.96757346761196, -29.472374540902525], [-51.967583694633305, -29.472365441878406], [-51.967583780327054, -29.472374465917436], [-51.96757346761196, -29.472374540902525]], [[-51.967573381919124, -29.472365516863462], [-51.96756298351303, -29.472356567808628], [-51.967573296226334, -29.4723564928244], [-51.967573381919124, -29.472365516863462]], [[-51.967604405757115, -29.472374315944887], [-51.967645828015335, -29.472392064067858], [-51.967604491452725, -29.472383339983843], [-51.967604405757115, -29.472374315944887]], [[-51.96767693756936, -29.472409887170745], [-51.967687164584675, -29.472400788138867], [-51.96768725028771, -29.472409812177563], [-51.96767693756936, -29.472409887170745]], [[-51.96767685186724, -29.47240086313202], [-51.96766645344859, -29.472391914085595], [-51.96767676616515, -29.47239183909327], [-51.96767685186724, -29.47240086313202]], [[-51.9676949062018, -29.4721299919788], [-51.96897256385583, -29.472003374174218], [-51.96937853556847, -29.472397502485762], [-51.9676949062018, -29.4721299919788]], [[-51.96772775344798, -29.422340510515692], [-51.96774819769511, -29.42232231253863], [-51.96774836876285, -29.422340360751534], [-51.96772775344798, -29.422340510515692]], [[-51.967727496851886, -29.42231343819617], [-51.96771710366609, -29.422304488970415], [-51.96772741131994, -29.422304414089634], [-51.967727496851886, -29.42231343819617]], [[-51.96771710366609, -29.422304488970415], [-51.967706710482105, -29.422295539743786], [-51.96771701813509, -29.42229546486384], [-51.96771710366609, -29.422304488970415]], [[-51.967718359854196, -29.47242763527043], [-51.96772858686745, -29.47241853623543], [-51.96772867257421, -29.47242756027399], [-51.967718359854196, -29.47242763527043]], [[-51.96771827414834, -29.472418611231834], [-51.967707875724294, -29.472409662188802], [-51.967718188442525, -29.472409587193223], [-51.96771827414834, -29.472418611231834]], [[-51.967759782153166, -29.47244538335684], [-51.96777000916436, -29.472436284318732], [-51.96777009487486, -29.47244530835716], [-51.967759782153166, -29.47244538335684]], [[-51.967759696443586, -29.472436359318383], [-51.967749298014134, -29.47242741027874], [-51.96775961073404, -29.472427335279903], [-51.967759696443586, -29.472436359318383]], [[-51.96779072031812, -29.472445158355395], [-51.96783214263625, -29.472462906418794], [-51.96779080603048, -29.47245418239377], [-51.96779072031812, -29.472445158355395]], [[-51.96785135979187, -29.422330587776674], [-51.967871889559206, -29.4223214138873], [-51.96787197510399, -29.422330437993427], [-51.96785135979187, -29.422330587776674]], [[-51.967851274248915, -29.4223215636705], [-51.96780987254935, -29.4223038150147], [-51.967851188706, -29.422312539564306], [-51.967851274248915, -29.4223215636705]], [[-51.96786325224355, -29.472480729476686], [-51.96787347924872, -29.4724716304308], [-51.96787356496851, -29.472480654468903], [-51.96786325224355, -29.472480729476686]], [[-51.96786316652469, -29.47247170543856], [-51.967852768082686, -29.47246275640733], [-51.967863080805856, -29.4724626814004], [-51.96786316652469, -29.47247170543856]], [[-51.96801839674445, -29.471441764839128], [-51.96792472596278, -29.4713521995655], [-51.96804899167569, -29.47140544362822], [-51.96801839674445, -29.471441764839128]], [[-51.96790467458829, -29.47249847751679], [-51.9679149015914, -29.472489378467777], [-51.96791498731491, -29.472498402505742], [-51.96790467458829, -29.47249847751679]], [[-51.967904588865686, -29.472489453478786], [-51.96789419041829, -29.472480504450942], [-51.967904503143124, -29.47248042944076], [-51.967904588865686, -29.472489453478786]], [[-51.96792368448237, -29.422348111733285], [-51.967913291276204, -29.42233916252336], [-51.96792359893296, -29.422339087627325], [-51.96792368448237, -29.422348111733285]], [[-51.96794438534885, -29.422356986044665], [-51.96793399214, -29.422348036836425], [-51.96794429979757, -29.42234796193876], [-51.96794438534885, -29.422356986044665]], [[-51.96794609694715, -29.472516225543608], [-51.96795632394821, -29.472507126491482], [-51.96795640967545, -29.472516150529323], [-51.96794609694715, -29.472516225543608]], [[-51.967946011220825, -29.472507201505742], [-51.96793561276803, -29.472498252481287], [-51.96794592549454, -29.47249817746785], [-51.967946011220825, -29.472507201505742]], [[-51.96795477855952, -29.42236593525203], [-51.96796500066572, -29.422356836246895], [-51.967985701537394, -29.422365710551713], [-51.96795477855952, -29.42236593525203]], [[-51.967977035131916, -29.472516000498352], [-51.968018457509935, -29.472533748502155], [-51.96797712086102, -29.472525024536125], [-51.967977035131916, -29.472516000498352]], [[-51.96799592364075, -29.42235661154426], [-51.96809917135159, -29.4223739106946], [-51.96799609475251, -29.42237465975574], [-51.96799592364075, -29.42235661154426]], [[-51.96804956717054, -29.472551571515062], [-51.96805979416556, -29.47254247245517], [-51.96805987990209, -29.472551496492688], [-51.96804956717054, -29.472551571515062]], [[-51.96804948143492, -29.472542547477516], [-51.96803908296958, -29.472533598461492], [-51.968049395699346, -29.47253352343996], [-51.96804948143492, -29.472542547477516]], [[-51.96809098957517, -29.47256931949557], [-51.96810121656813, -29.47256022043255], [-51.96810130230838, -29.472569244469938], [-51.96809098957517, -29.47256931949557]], [[-51.96809090383582, -29.472560295458162], [-51.96808050536508, -29.472551346445517], [-51.96809081809651, -29.472551271420734], [-51.96809090383582, -29.472560295458162]], [[-51.968150880788905, -29.422391584344734], [-51.96818171820038, -29.422382335493502], [-51.96818180377275, -29.42239135959872], [-51.968150880788905, -29.422391584344734]], [[-51.96815079521927, -29.422382560239434], [-51.96810939344537, -29.422364811678666], [-51.96815070964967, -29.422373536134128], [-51.96815079521927, -29.422382560239434]], [[-51.96813241199393, -29.472587067462797], [-51.96814263898484, -29.472577968396664], [-51.96814272472882, -29.472586992433904], [-51.96813241199393, -29.472587067462797]], [[-51.96813232625086, -29.47257804342552], [-51.96812192777472, -29.47256909441628], [-51.96813224050782, -29.47256901938824], [-51.96813232625086, -29.47257804342552]], [[-51.968173834426835, -29.47260481541676], [-51.96818406141568, -29.472595716347502], [-51.9681841471634, -29.47260474038462], [-51.968173834426835, -29.47260481541676]], [[-51.96817374868003, -29.472595791379618], [-51.96816335019849, -29.472586842373744], [-51.96817366293327, -29.472586767342463], [-51.96817374868003, -29.472595791379618]], [[-51.96834715428262, -29.4224352813558], [-51.9683573763597, -29.422426182321285], [-51.96835746194775, -29.42243520642597], [-51.96834715428262, -29.4224352813558]], [[-51.96834706869548, -29.422426257251082], [-51.96833667544503, -29.42241730807534], [-51.96834698310838, -29.422417233146355], [-51.96834706869548, -29.422426257251082]], [[-51.96833667544503, -29.42241730807534], [-51.9683262821964, -29.422408358898714], [-51.96833658985888, -29.422408283970565], [-51.96833667544503, -29.42241730807534]], [[-51.9683262821964, -29.422408358898714], [-51.968284880383024, -29.422390610393506], [-51.96832619661121, -29.422399334793905], [-51.9683262821964, -29.422408358898714]], [[-51.96827465830278, -29.422399709422567], [-51.968192025860674, -29.42238226057659], [-51.96827457272217, -29.42239068531761], [-51.96827465830278, -29.422399709422567]], [[-51.96821525687388, -29.472622563357437], [-51.968225483860664, -29.472613464285075], [-51.96822556961211, -29.472622488322052], [-51.96821525687388, -29.472622563357437]], [[-51.96821517112335, -29.47261353932043], [-51.968204772636405, -29.472604590317943], [-51.968215085372854, -29.47260451528341], [-51.96821517112335, -29.47261353932043]], [[-51.968546636959246, -29.472764546405102], [-51.9685774036477, -29.47274627314682], [-51.9685982007168, -29.47276417109015], [-51.968546636959246, -29.472764546405102]], [[-51.968525754120414, -29.472737624417512], [-51.96840174382791, -29.472711452962653], [-51.96840165806056, -29.472702428926272], [-51.968525754120414, -29.472737624417512]], [[-51.96840165806056, -29.472702428926272], [-51.96838094680345, -29.472693554987448], [-51.96840157229323, -29.472693404889863], [-51.96840165806056, -29.472702428926272]], [[-51.96838094680345, -29.472693554987448], [-51.96836023554989, -29.472684681045312], [-51.96838086103799, -29.472684530950993], [-51.96838094680345, -29.472693554987448]], [[-51.96836023554989, -29.472684681045312], [-51.96833952429985, -29.47267580709986], [-51.96836014978629, -29.472675657008782], [-51.96836023554989, -29.472684681045312]], [[-51.96833952429985, -29.47267580709986], [-51.968266992074966, -29.472640236246214], [-51.96832852547116, -29.47260368985083], [-51.96833952429985, -29.47267580709986]], [[-51.96840071462217, -29.4726031645252], [-51.968410941590065, -29.472594065438972], [-51.96841102735787, -29.472603089475484], [-51.96840071462217, -29.4726031645252]], [[-51.96840054308842, -29.472585116452116], [-51.96836960488656, -29.47258534159629], [-51.96836943335845, -29.472567293523], [-51.96840054308842, -29.472585116452116]], [[-51.96836943335845, -29.472567293523], [-51.968359034863155, -29.472558344532708], [-51.96836934759445, -29.47255826948633], [-51.96836943335845, -29.472567293523]], [[-51.96837816286781, -29.422444080668537], [-51.96836776961284, -29.422435131495345], [-51.9683780772779, -29.42243505656392], [-51.96837816286781, -29.422444080668537]], [[-51.96854359914563, -29.422497026281707], [-51.968564043274085, -29.422478828182456], [-51.96857452215781, -29.422496801443806], [-51.96854359914563, -29.422497026281707]], [[-51.968543513540915, -29.42248800217761], [-51.96846088098594, -29.422470553501356], [-51.96854342793624, -29.422478978073485], [-51.968543513540915, -29.42248800217761]], [[-51.96845065891399, -29.42247965254365], [-51.96844026564913, -29.422470703376383], [-51.968450573317554, -29.42247062843927], [-51.96845065891399, -29.42247965254365]], [[-51.96844026564913, -29.422470703376383], [-51.968419564718495, -29.422461829143742], [-51.96844018005364, -29.42246167927196], [-51.96844026564913, -29.422470703376383]], [[-51.968419564718495, -29.422461829143742], [-51.96840917145814, -29.42245287997393], [-51.96841947912486, -29.422452805039264], [-51.968419564718495, -29.422461829143742]], [[-51.96840917145814, -29.42245287997393], [-51.96838847053373, -29.4224440057363], [-51.96840908586547, -29.422443855869403], [-51.96840917145814, -29.42245287997393]], [[-51.96842134009353, -29.472603014424973], [-51.968431738598824, -29.4726119634101], [-51.96842142586229, -29.47261203846143], [-51.96842134009353, -29.472603014424973]], [[-51.968781959452926, -29.47148133157823], [-51.9686901753274, -29.47159029567875], [-51.96854451183189, -29.47145598600803], [-51.968781959452926, -29.47148133157823]], [[-51.96867768447913, -29.422505076036053], [-51.968595137499065, -29.422496651547885], [-51.968677598862534, -29.422496051932306], [-51.96867768447913, -29.422505076036053]], [[-51.96860782718244, -29.472691903738305], [-51.96861822571299, -29.47270085270816], [-51.968607912968025, -29.472700927774156], [-51.96860782718244, -29.472691903738305]], [[-51.96860851346819, -29.472764096024754], [-51.96866024880553, -29.47278176875704], [-51.96860859925409, -29.47277312006051], [-51.96860851346819, -29.472764096024754]], [[-51.96862853845791, -29.472700777641364], [-51.968638936991155, -29.472709726609526], [-51.968628624245355, -29.472709801677144], [-51.96862853845791, -29.472700777641364]], [[-51.96864924973691, -29.47270965154111], [-51.968659648272855, -29.47271860050758], [-51.96864933552622, -29.472718675576825], [-51.96864924973691, -29.47270965154111]], [[-51.96867056155851, -29.4727816936868], [-51.968680960103825, -29.472790642651297], [-51.96867064734996, -29.47279071772237], [-51.96867056155851, -29.4727816936868]], [[-51.96869838543988, -29.422513950227792], [-51.9686879921503, -29.42250500108048], [-51.96869829982142, -29.422504926124127], [-51.96869838543988, -29.422513950227792]], [[-51.96902205336341, -29.472869381169062], [-51.9690322803004, -29.4728602820361], [-51.969032366124154, -29.472869306070585], [-51.96902205336341, -29.472869381169062]], [[-51.96902188171776, -29.47285133310002], [-51.96896000516342, -29.472851783673764], [-51.968939208014106, -29.47283388578909], [-51.96902188171776, -29.47285133310002]], [[-51.96893912219872, -29.472824861754308], [-51.968815283313354, -29.472816738760223], [-51.96869127285764, -29.47279056757944], [-51.96893912219872, -29.472824861754308]], [[-51.968719000783835, -29.422513800312622], [-51.968708607492516, -29.422504851166963], [-51.96871891516357, -29.422504776209006], [-51.968719000783835, -29.422513800312622]], [[-51.96873970174978, -29.422522674497813], [-51.968729308455764, -29.42251372535385], [-51.96873961612764, -29.42251365039427], [-51.96873970174978, -29.422522674497813]], [[-51.968760402719255, -29.422531548679686], [-51.968750009422536, -29.422522599537412], [-51.96876031709525, -29.422522524576213], [-51.968760402719255, -29.422531548679686]], [[-51.968925582407905, -29.422557421500674], [-51.968915360369984, -29.422566520577767], [-51.968915274732176, -29.42255749647474], [-51.968925582407905, -29.422557421500674]], [[-51.968915360369984, -29.422566520577767], [-51.96889483065261, -29.42257569462661], [-51.96889474501658, -29.422566670523555], [-51.968915360369984, -29.422566520577767]], [[-51.96889474501658, -29.422566670523555], [-51.9688636507197, -29.42254884722994], [-51.96889465938058, -29.42255764642048], [-51.96889474501658, -29.422566670523555]], [[-51.968853428676944, -29.422557946302398], [-51.96882242001923, -29.422549147102178], [-51.968853343044636, -29.422548922199198], [-51.968853428676944, -29.422557946302398]], [[-51.96882242001923, -29.422549147102178], [-51.96879141136666, -29.422540347894614], [-51.968822334389685, -29.422540122998882], [-51.96882242001923, -29.422549147102178]], [[-51.96879141136666, -29.422540347894614], [-51.96877071039284, -29.42253147371767], [-51.96879132573989, -29.422531323791226], [-51.96879141136666, -29.422540347894614]], [[-51.968773431684696, -29.472753870834563], [-51.96878383023589, -29.472762819790912], [-51.96877351748516, -29.472762894869884], [-51.968773431684696, -29.472753870834563]], [[-51.96884579254633, -29.47277139333543], [-51.968856191105544, -29.47278034228592], [-51.968845878353264, -29.472780417370533], [-51.96884579254633, -29.47277139333543]], [[-51.96886650385778, -29.4727802672005], [-51.96888721517278, -29.472789141062254], [-51.96886658966659, -29.472789291235525], [-51.96886650385778, -29.4727802672005]], [[-51.96890784067881, -29.472788990885768], [-51.96891823924517, -29.472797939831207], [-51.9689079264913, -29.47279801492068], [-51.96890784067881, -29.472788990885768]], [[-51.96892855199901, -29.472797864740947], [-51.96895957607736, -29.47280666350012], [-51.96892863781336, -29.472806888775796], [-51.96892855199901, -29.472797864740947]], [[-51.96900821510443, -29.422574869884965], [-51.96901843713468, -29.422565770800944], [-51.96901852278164, -29.422574794903667], [-51.96900821510443, -29.422574869884965]], [[-51.96900812945839, -29.42256584578221], [-51.96898742846149, -29.422556971639533], [-51.96900804381238, -29.422556821679432], [-51.96900812945839, -29.42256584578221]], [[-51.96898742846149, -29.422556971639533], [-51.96894611211876, -29.422548247447192], [-51.96898734281735, -29.422547947536682], [-51.96898742846149, -29.422556971639533]], [[-51.969581604443704, -29.47314506972574], [-51.96959183135636, -29.47313597055066], [-51.96959191723064, -29.473144994583272], [-51.969581604443704, -29.47314506972574]], [[-51.969581518570344, -29.47313604569311], [-51.96957111991187, -29.473127096802067], [-51.96958143269702, -29.47312702166044], [-51.969581518570344, -29.47313604569311]], [[-51.96937388916536, -29.47299316384144], [-51.96939511570464, -29.473056181821697], [-51.96933280977786, -29.473011512404558], [-51.96937388916536, -29.47299316384144]], [[-51.96929112944509, -29.472966692719986], [-51.96922933866721, -29.472976167454327], [-51.969229252825635, -29.472967143420504], [-51.96929112944509, -29.472966692719986]], [[-51.9692291669841, -29.47295811938668], [-51.969187830069494, -29.472949395803667], [-51.96918774423168, -29.472940371769702], [-51.9692291669841, -29.47295811938668]], [[-51.96918774423168, -29.472940371769702], [-51.96916703286078, -29.472931497956232], [-51.96918765839392, -29.472931347735727], [-51.96918774423168, -29.472940371769702]], [[-51.96916703286078, -29.472931497956232], [-51.969146321493405, -29.472922624139457], [-51.96916694702488, -29.472922473922196], [-51.96916703286078, -29.472931497956232]], [[-51.96911503987096, -29.472886753322506], [-51.96906356188588, -29.472896152873496], [-51.96905307747115, -29.47287817990565], [-51.96911503987096, -29.472886753322506]], [[-51.969080625801546, -29.42260141730676], [-51.969070232470216, -29.422592468190363], [-51.969080540149, -29.42259239320423], [-51.969080625801546, -29.42260141730676]], [[-51.96910132681523, -29.42261029143449], [-51.969090933481205, -29.4226013423198], [-51.969101241160836, -29.422601267332034], [-51.96910132681523, -29.42261029143449]], [[-51.96918395958159, -29.422627739707938], [-51.969214796962994, -29.422618490618376], [-51.96921488262749, -29.422627514720507], [-51.96918395958159, -29.422627739707938]], [[-51.969183873919825, -29.42261871560573], [-51.96911154884042, -29.422601192343485], [-51.9691837882581, -29.422609691503503], [-51.969183873919825, -29.42261871560573]], [[-51.969166517845956, -29.4728773537518], [-51.969176916443686, -29.472886302676194], [-51.96916660368166, -29.47288637778591], [-51.969166517845956, -29.4728773537518]], [[-51.96918722920567, -29.47288622756567], [-51.969197627806096, -29.47289517648837], [-51.96918731504324, -29.47289525159971], [-51.96918722920567, -29.47288622756567]], [[-51.9692458913403, -29.422636313827926], [-51.96922519030937, -29.422627439723087], [-51.96924580567303, -29.42262728972588], [-51.9692458913403, -29.422636313827926]], [[-51.96936992624306, -29.422671510184053], [-51.96938014824965, -29.422662411072913], [-51.969380233928916, -29.422671435174543], [-51.96936992624306, -29.422671510184053]], [[-51.96936984056471, -29.422662486082398], [-51.96933874615853, -29.422644662902528], [-51.969369754886394, -29.422653461980723], [-51.96936984056471, -29.422662486082398]], [[-51.96932852414987, -29.422653762010555], [-51.96929742975331, -29.4226359388208], [-51.969328438475245, -29.422644737908765], [-51.96932852414987, -29.422653762010555]], [[-51.969287207741736, -29.422645037925733], [-51.9692561133548, -29.42262721472608], [-51.96928712207079, -29.422636013823816], [-51.969287207741736, -29.422645037925733]], [[-51.96933255222539, -29.47298444030405], [-51.96934277914517, -29.47297534114774], [-51.96934286499683, -29.472984365181244], [-51.96933255222539, -29.47298444030405]], [[-51.969332466374645, -29.472975416270515], [-51.969322067754284, -29.472966467358933], [-51.96933238052394, -29.472966392236984], [-51.969332466374645, -29.472975416270515]], [[-51.969322067754284, -29.472966467358933], [-51.96931166913575, -29.472957518446467], [-51.969321981904535, -29.472957443325353], [-51.969322067754284, -29.472966467358933]], [[-51.96935085976256, -29.47274064114952], [-51.96936134421424, -29.472758614093376], [-51.9693510314657, -29.47275868921709], [-51.96935085976256, -29.47274064114952]], [[-51.969401020662794, -29.422689333356256], [-51.96941124266828, -29.422680234242783], [-51.96941132835035, -29.4226892583443], [-51.969401020662794, -29.422689333356256]], [[-51.96940093498163, -29.4226803092547], [-51.969390541614736, -29.42267136016424], [-51.969400849300506, -29.422671285153143], [-51.96940093498163, -29.4226803092547]], [[-51.96943202940928, -29.422698132419463], [-51.96942163603787, -29.422689183331542], [-51.96943194372535, -29.422689108318], [-51.96943202940928, -29.422698132419463]], [[-51.9696068750657, -29.47254925812019], [-51.969577826052806, -29.472748012277666], [-51.96943233143192, -29.472631751733985], [-51.9696068750657, -29.47254925812019]], [[-51.96945273047175, -29.422707006491315], [-51.96944233709764, -29.42269805740509], [-51.96945264478595, -29.42269798238992], [-51.96945273047175, -29.422707006491315]], [[-51.96948382491635, -29.4227248296435], [-51.96953519198413, -29.422706406341007], [-51.96953527767725, -29.422715430442175], [-51.96948382491635, -29.4227248296435]], [[-51.96948373922775, -29.422715805542225], [-51.96946303816093, -29.422706931475304], [-51.969483653539186, -29.42270678144092], [-51.96948373922775, -29.422715805542225]], [[-51.969596952418236, -29.4226969320938], [-51.96956594365905, -29.422688133069308], [-51.96959686671973, -29.42268790799278], [-51.969596952418236, -29.4226969320938]], [[-51.96980925879006, -29.47322463269455], [-51.96982979848298, -29.473215458341276], [-51.9698298843786, -29.47322448237315], [-51.96980925879006, -29.47322463269455]], [[-51.969809172896255, -29.473215608662617], [-51.969788461417444, -29.473206734948782], [-51.969809087002496, -29.47320658463069], [-51.969809172896255, -29.473215608662617]], [[-51.969788375525546, -29.473197710916768], [-51.96966445026115, -29.473180564693156], [-51.969602230017536, -29.473144919440003], [-51.969788375525546, -29.473197710916768]], [[-51.96962796118258, -29.422705731110927], [-51.96960726010597, -29.422696857066665], [-51.9696278754813, -29.42269670701001], [-51.96962796118258, -29.422705731110927]], [[-51.96971076552429, -29.422741227254882], [-51.96972098750651, -29.422732128118223], [-51.969721073216135, -29.42274115221884], [-51.96971076552429, -29.422741227254882]], [[-51.96971067981556, -29.422732203154233], [-51.96968997872671, -29.422723329123144], [-51.969710594106886, -29.42272317905357], [-51.96971067981556, -29.422732203154233]], [[-51.96968997872671, -29.422723329123144], [-51.96966927764138, -29.42271445508874], [-51.9696898930199, -29.422714305022417], [-51.96968997872671, -29.422723329123144]], [[-51.96966927764138, -29.42271445508874], [-51.96963818316891, -29.422696631980497], [-51.969669191936426, -29.42270543098795], [-51.96966927764138, -29.42271445508874]], [[-51.96971558478559, -29.47313506877899], [-51.96973629624364, -29.473143942504752], [-51.96971567067082, -29.47314409281127], [-51.96971558478559, -29.47313506877899]], [[-51.969773040246295, -29.42278589752894], [-51.96978326222718, -29.42277679838758], [-51.969783347942474, -29.422785822487977], [-51.969773040246295, -29.42278589752894]], [[-51.96977295453192, -29.422776873428514], [-51.9697625611232, -29.42276792436819], [-51.96977286881758, -29.42276784932807], [-51.96977295453192, -29.422776873428514]], [[-51.9697625611232, -29.42276792436819], [-51.969752167716294, -29.422758975306976], [-51.96976247540981, -29.422758900267706], [-51.9697625611232, -29.42276792436819]], [[-51.969767234602564, -29.473143717038983], [-51.96977763327955, -29.473152665914235], [-51.9697673204924, -29.473152741071118], [-51.969767234602564, -29.473143717038983]], [[-51.96978794606665, -29.47315259075656], [-51.96979834474634, -29.473161539630112], [-51.96978803195835, -29.473161614788623], [-51.96978794606665, -29.47315259075656]], [[-51.9697935699224, -29.422776723345848], [-51.9698968183231, -29.42279402108485], [-51.969793741354835, -29.42279477154658], [-51.9697935699224, -29.422776723345848]], [[-51.96980865753427, -29.473161464470813], [-51.96981905621666, -29.473170413342682], [-51.96980874342784, -29.473170488502813], [-51.96980865753427, -29.473161464470813]], [[-51.96985016637741, -29.47318823592122], [-51.96987070605922, -29.473179061561847], [-51.96987079195834, -29.473188085593666], [-51.96985016637741, -29.47318823592122]], [[-51.969850080480114, -29.47317921188936], [-51.969829369005424, -29.473170338181752], [-51.969849994582866, -29.473170187857487], [-51.969850080480114, -29.47317921188936]], [[-51.97014012742033, -29.47331246747848], [-51.970160667099385, -29.47330329307454], [-51.97016075302462, -29.473312317105403], [-51.97014012742033, -29.47331246747848]], [[-51.97014004149692, -29.47330344344756], [-51.97011932997274, -29.473294569786404], [-51.97013995557354, -29.473294419416625], [-51.97014004149692, -29.47330344344756]], [[-51.97011932997274, -29.473294569786404], [-51.97005728133737, -29.4732769728142], [-51.97011924405123, -29.473285545755402], [-51.97011932997274, -29.473294569786404]], [[-51.970057195421425, -29.473267948783015], [-51.969974607128066, -29.47325952615972], [-51.96987122145454, -29.47323320575252], [-51.970057195421425, -29.473267948783015]], [[-51.969968972198565, -29.42279349571422], [-51.96998941612416, -29.422775297401458], [-51.97001020298368, -29.422793195484875], [-51.969968972198565, -29.42279349571422]], [[-51.969968886466845, -29.42278447161433], [-51.96993779192247, -29.422766648577895], [-51.96996880073516, -29.42277544751442], [-51.969968886466845, -29.42278447161433]], [[-51.97017699639857, -29.47285194114187], [-51.96996197483782, -29.473015952478228], [-51.97010463527202, -29.472834419371747], [-51.97017699639857, -29.47285194114187]], [[-51.97000520187492, -29.473223204512255], [-51.97001560058057, -29.473232153368134], [-51.9700052877861, -29.473232228543647], [-51.97000520187492, -29.473223204512255]], [[-51.97003090411323, -29.42280206946514], [-51.97002051067986, -29.42279312042555], [-51.970030818376, -29.422793045365417], [-51.97003090411323, -29.42280206946514]], [[-51.9700827855654, -29.4228377905506], [-51.97009300752302, -29.422828691386044], [-51.97009309326587, -29.422837715485556], [-51.9700827855654, -29.4228377905506]], [[-51.97008269982347, -29.42282876645106], [-51.9700723063829, -29.422819817415725], [-51.970082614081576, -29.42281974235153], [-51.97008269982347, -29.42282876645106]], [[-51.9700723063829, -29.422819817415725], [-51.970061912944146, -29.42281086837951], [-51.97007222064196, -29.422810793316142], [-51.9700723063829, -29.422819817415725]], [[-51.970061912944146, -29.42281086837951], [-51.97004121181024, -29.42280199440419], [-51.970061827204155, -29.422801844279896], [-51.970061912944146, -29.42281086837951]], [[-51.970087961977804, -29.47324967517953], [-51.97009836069329, -29.47325862402867], [-51.97008804789641, -29.473258699210653], [-51.970087961977804, -29.47324967517953]], [[-51.97010875941062, -29.473267572876964], [-51.97013969780367, -29.473267347323745], [-51.970170722122354, -29.473276145794223], [-51.97010875941062, -29.473267572876964]], [[-51.97016490417136, -29.422801093610598], [-51.97018569106622, -29.42281899166573], [-51.97015476797124, -29.42281921687984], [-51.97016490417136, -29.422801093610598]], [[-51.97045999617292, -29.473328184396667], [-51.97032627349327, -29.473365258187986], [-51.970202090161685, -29.473321040380394], [-51.97045999617292, -29.473328184396667]], [[-51.970367095002544, -29.47331983722912], [-51.97033607065485, -29.47331103880517], [-51.97036700905902, -29.473310813198815], [-51.970367095002544, -29.47331983722912]], [[-51.97025810222539, -29.422845538435414], [-51.9702477087681, -29.422836589414167], [-51.97025801646793, -29.422836514336367], [-51.97025810222539, -29.422845538435414]], [[-51.9702533104418, -29.4732845682951], [-51.970263709175086, -29.473293517130863], [-51.97025339637517, -29.47329359232574], [-51.9702533104418, -29.4732845682951]], [[-51.97027880338607, -29.422854412376335], [-51.97026840992609, -29.42284546335678], [-51.97027871762676, -29.422845388277356], [-51.97027880338607, -29.422854412376335]], [[-51.97028919684788, -29.422863361395017], [-51.97029941878912, -29.422854262215036], [-51.970320119955, -29.4228631361494], [-51.97028919684788, -29.422863361395017]], [[-51.97031535911295, -29.473302165174967], [-51.97032575785339, -29.473311114005696], [-51.97031544505188, -29.473311189205415], [-51.97031535911295, -29.473302165174967]], [[-51.97033034189338, -29.42285403696709], [-51.9703408211244, -29.422872010080447], [-51.97033051342124, -29.422872085164745], [-51.97033034189338, -29.42285403696709]], [[-51.97047516436918, -29.422907130305674], [-51.970547146745766, -29.42288855642358], [-51.97055762601817, -29.422906529518812], [-51.97047516436918, -29.422907130305674]], [[-51.97047507859232, -29.422898106207292], [-51.97045437740651, -29.422889232297525], [-51.97047499281551, -29.422889082108895], [-51.97047507859232, -29.422898106207292]], [[-51.97045437740651, -29.422889232297525], [-51.97043359045114, -29.422871334285926], [-51.97045429163156, -29.422880208199068], [-51.97045437740651, -29.422889232297525]], [[-51.97043359045114, -29.422871334285926], [-51.97042319697618, -29.42286238527883], [-51.970433504678084, -29.422862310187387], [-51.97043359045114, -29.422871334285926]], [[-51.97070294687651, -29.47284810553854], [-51.97049789515052, -29.472975946371392], [-51.97045578458119, -29.472886006909906], [-51.97070294687651, -29.47284810553854]], [[-51.97058632870438, -29.473598002697944], [-51.970596555569244, -29.473588903447258], [-51.97059664153408, -29.47359792747657], [-51.97058632870438, -29.473598002697944]], [[-51.97058624274045, -29.47358897866861], [-51.97057584394865, -29.47358002985978], [-51.97058615677657, -29.473579954639256], [-51.97058624274045, -29.47358897866861]], [[-51.97057584394865, -29.47358002985978], [-51.9705549604095, -29.473553108210055], [-51.97057550009716, -29.473543933742135], [-51.97057584394865, -29.47358002985978]], [[-51.97056321015993, -29.473336456280833], [-51.97066642416133, -29.47334472808452], [-51.97056329612093, -29.47334548031057], [-51.97056321015993, -29.473336456280833]], [[-51.970660788869175, -29.42291480256136], [-51.970578241430026, -29.422906379314124], [-51.970660703075886, -29.42290577846348], [-51.970660788869175, -29.42291480256136]], [[-51.97066969105534, -29.473687641195045], [-51.97068008986643, -29.47369658999595], [-51.970669777027, -29.47369666522402], [-51.97066969105534, -29.473687641195045]], [[-51.97067794056388, -29.473470989268364], [-51.970688339352996, -29.473479938069403], [-51.970678026535516, -29.473480013297614], [-51.97067794056388, -29.473470989268364]], [[-51.970701059443165, -29.473732535652864], [-51.97071128631066, -29.47372343639347], [-51.97071137228613, -29.47373246042229], [-51.970701059443165, -29.473732535652864]], [[-51.97070097346861, -29.473723511624033], [-51.97069057465291, -29.47371456282489], [-51.97070088749409, -29.473714487595167], [-51.97070097346861, -29.473723511624033]], [[-51.97069057465291, -29.47371456282489], [-51.97068017583904, -29.47370561402489], [-51.97069048867935, -29.473705538795986], [-51.97069057465291, -29.47371456282489]], [[-51.97072289250387, -29.42294142418277], [-51.970743422121075, -29.422932249854732], [-51.97074350792177, -29.422941273952336], [-51.97072289250387, -29.42294142418277]], [[-51.97072280670501, -29.422932400085095], [-51.970712413198996, -29.42292345110136], [-51.97072272090618, -29.42292337598741], [-51.97072280670501, -29.422932400085095]], [[-51.97073674034684, -29.498035630719134], [-51.97071499094938, -29.49791846934912], [-51.97073544940941, -29.497900270781308], [-51.97073674034684, -29.498035630719134]], [[-51.9708571279009, -29.47387579156355], [-51.970878355550866, -29.47393880927366], [-51.970836502186806, -29.473875942047165], [-51.9708571279009, -29.47387579156355]], [[-51.970836502186806, -29.473875942047165], [-51.97082610334356, -29.47386699325946], [-51.97083641619975, -29.47386691801887], [-51.970836502186806, -29.473875942047165]], [[-51.97082593137141, -29.47384894520277], [-51.970805391646785, -29.47385811970984], [-51.970805219678354, -29.473840071653015], [-51.97082593137141, -29.47384894520277]], [[-51.970805219678354, -29.473840071653015], [-51.97079473485834, -29.47382209883421], [-51.97080504771009, -29.473822023596163], [-51.970805219678354, -29.473840071653015]], [[-51.97079456289205, -29.473804050777233], [-51.97074282668486, -29.473786378897923], [-51.970732169926656, -29.47375035801623], [-51.97079456289205, -29.473804050777233]], [[-51.97073691247249, -29.498053678710633], [-51.97075943651706, -29.49825205603264], [-51.97074912119109, -29.498252131323632], [-51.97073691247249, -29.498053678710633]], [[-51.97074952843396, -29.473407294450528], [-51.97076001320123, -29.473425267275168], [-51.970749700389504, -29.47342534250882], [-51.97074952843396, -29.473407294450528]], [[-51.970888159096766, -29.422976318638874], [-51.9709086028899, -29.42295812018844], [-51.97090877452069, -29.42297616838272], [-51.970888159096766, -29.422976318638874]], [[-51.97088807328316, -29.42296729454169], [-51.970857064338894, -29.422958495822584], [-51.97088798746961, -29.422958270444486], [-51.97088807328316, -29.42296729454169]], [[-51.970857064338894, -29.422958495822584], [-51.970836363109264, -29.422949621973316], [-51.97085697852811, -29.422949471725293], [-51.970857064338894, -29.422958495822584]], [[-51.970836363109264, -29.422949621973316], [-51.97075372982905, -29.42293217473835], [-51.97083627730034, -29.42294059787596], [-51.970836363109264, -29.422949621973316]], [[-51.970759608648265, -29.498270104023433], [-51.970780583573934, -29.498306049420147], [-51.970770268242546, -29.498306124712904], [-51.970759608648265, -29.498270104023433]], [[-51.970776280241836, -29.497854849640703], [-51.97076587889143, -29.497845900936152], [-51.97077619417619, -29.497845825644802], [-51.970776280241836, -29.497854849640703]], [[-51.97078075570926, -29.49832409741068], [-51.970801730653996, -29.49836004280336], [-51.97079141531721, -29.49836011809787], [-51.97078075570926, -29.49832409741068]], [[-51.97080190279345, -29.498378090793636], [-51.97082287775726, -29.49841403618225], [-51.970812562415055, -29.498414111478528], [-51.97080190279345, -29.498378090793636]], [[-51.97081702496895, -29.49780040449224], [-51.97080662362076, -29.49779145579074], [-51.97081693889988, -29.497791380496356], [-51.97081702496895, -29.49780040449224]], [[-51.97083731124557, -29.49776415791766], [-51.97082690989944, -29.49775520921767], [-51.97083722517483, -29.497755133921803], [-51.97083731124557, -29.49776415791766]], [[-51.97087805590461, -29.497709712751348], [-51.97086765456071, -29.49770076405443], [-51.97087796983046, -29.497700688755522], [-51.97087805590461, -29.497709712751348]], [[-51.97089834214211, -29.497673466167907], [-51.97088794080027, -29.49766451747248], [-51.97089825606628, -29.49766444217208], [-51.97089834214211, -29.497673466167907]], [[-51.9711495005238, -29.474252693599627], [-51.97115964138408, -29.474234570279254], [-51.97115981341804, -29.474252618333097], [-51.9711495005238, -29.474252693599627]], [[-51.971149328491656, -29.47423464554573], [-51.97113892958411, -29.474225696784412], [-51.97114924247565, -29.474225621518762], [-51.971149328491656, -29.47423464554573]], [[-51.9709820001836, -29.473992200956385], [-51.97093052183689, -29.474001601237017], [-51.970899067270274, -29.47394768281129], [-51.9709820001836, -29.473992200956385]], [[-51.970918628365446, -29.4976372195815], [-51.97090822702568, -29.497628270887557], [-51.97091854228795, -29.497628195585673], [-51.970918628365446, -29.4976372195815]], [[-51.97093891457463, -29.49760097299213], [-51.97091837013307, -29.497610147593996], [-51.97093865633724, -29.497573901004642], [-51.97093891457463, -29.49760097299213]], [[-51.9710225026516, -29.423011438303995], [-51.97103272454021, -29.42300233906909], [-51.971032810366715, -29.423011363165834], [-51.9710225026516, -29.423011438303995]], [[-51.97102241682601, -29.423002414207225], [-51.97101202328712, -29.42299346524774], [-51.97102233100046, -29.422993390110438], [-51.97102241682601, -29.423002414207225]], [[-51.97101202328712, -29.42299346524774], [-51.97100162975006, -29.422984516287393], [-51.97101193746252, -29.422984441150913], [-51.97101202328712, -29.42299346524774]], [[-51.97100162975006, -29.422984516287393], [-51.97098092850319, -29.422975642461044], [-51.971001543926405, -29.422975492190528], [-51.97100162975006, -29.422984516287393]], [[-51.97098092850319, -29.422975642461044], [-51.970960227259845, -29.422966768631362], [-51.9709808426814, -29.422966618364104], [-51.97098092850319, -29.422975642461044]], [[-51.970960227259845, -29.422966768631362], [-51.97091891059998, -29.42295804505922], [-51.97096014143991, -29.42295774453436], [-51.970960227259845, -29.422966768631362]], [[-51.97095902860802, -29.49754667840818], [-51.97093813986351, -29.497519757029345], [-51.97095859820459, -29.497501558428866], [-51.97095902860802, -29.49754667840818]], [[-51.970978970456045, -29.497474335829505], [-51.970958081721776, -29.497447414453287], [-51.970978540045046, -29.49742921584998], [-51.970978970456045, -29.497474335829505]], [[-51.97099891227717, -29.497401993247724], [-51.970978023553144, -29.497375071874135], [-51.9709984818586, -29.49735687326797], [-51.97099891227717, -29.497401993247724]], [[-51.97136838299122, -29.473411803048762], [-51.97249506286257, -29.47367431338571], [-51.97195132355449, -29.473976099661275], [-51.97214625440506, -29.47494933822542], [-51.971626905676175, -29.474565071402786], [-51.97103141441416, -29.47376622398974], [-51.97136838299122, -29.473411803048762]], [[-51.9710188540714, -29.49732965066282], [-51.97100845275529, -29.497320701975802], [-51.971018767986095, -29.497320626666856], [-51.9710188540714, -29.49732965066282]], [[-51.97104945541435, -29.49729332874748], [-51.97103905409943, -29.497284380062776], [-51.97104936932645, -29.497284304751542], [-51.97104945541435, -29.49729332874748]], [[-51.97105351162519, -29.423020236983806], [-51.971043118081795, -29.423011288026885], [-51.97105342579683, -29.423011212887133], [-51.97105351162519, -29.423020236983806]], [[-51.97112583730533, -29.42303775917597], [-51.971146281066964, -29.423019560689916], [-51.971167068174914, -29.423037458586332], [-51.97112583730533, -29.42303775917597]], [[-51.97112575147051, -29.4230287350795], [-51.971063733511826, -29.423011137746585], [-51.97112566563573, -29.423019710983024], [-51.97112575147051, -29.4230287350795]], [[-51.97114168979203, -29.497229482940035], [-51.97115191891642, -29.497220383625216], [-51.971152005013174, -29.497229407620978], [-51.97114168979203, -29.497229482940035]], [[-51.97114160369618, -29.497220458944255], [-51.97113120238102, -29.49721151026668], [-51.97114151760038, -29.497211434948465], [-51.97114160369618, -29.497220458944255]], [[-51.97113120238102, -29.49721151026668], [-51.97111048584916, -29.497202636904817], [-51.971131116286166, -29.497202486270847], [-51.97113120238102, -29.49721151026668]], [[-51.971249787449686, -29.423063929657097], [-51.971311462064804, -29.423045430518087], [-51.9713219414869, -29.423063403549307], [-51.971249787449686, -29.423063929657097]], [[-51.971249701603824, -29.423054905561006], [-51.97123930804007, -29.423045956619916], [-51.971249615758005, -29.423045881464898], [-51.971249701603824, -29.423054905561006]], [[-51.97123930804007, -29.423045956619916], [-51.971228914478125, -29.423037007677955], [-51.971239222195194, -29.423036932523765], [-51.97123930804007, -29.423045956619916]], [[-51.971228914478125, -29.423037007677955], [-51.971218520918015, -29.423028058735127], [-51.9712288286342, -29.42302798358177], [-51.971228914478125, -29.423037007677955]], [[-51.971218520918015, -29.423028058735127], [-51.97119781964436, -29.423019184943172], [-51.97121843507504, -29.423019034638898], [-51.971218520918015, -29.423028058735127]], [[-51.971224125456956, -29.497219856369544], [-51.97120306451094, -29.497174887039773], [-51.971223522735954, -29.497156688400295], [-51.971224125456956, -29.497219856369544]], [[-51.971233665742, -29.497138565083784], [-51.971222833914304, -29.497084496434702], [-51.971233149120515, -29.497084421109676], [-51.971233665742, -29.497138565083784]], [[-51.971253435111954, -29.497048174474447], [-51.971242603284864, -29.49699410582627], [-51.971252918481845, -29.49699403049993], [-51.971253435111954, -29.497048174474447]], [[-51.97129357651048, -29.496930561216445], [-51.97130397781009, -29.49693950988203], [-51.971293662618784, -29.496939585212207], [-51.97129357651048, -29.496930561216445]], [[-51.971293662618784, -29.496939585212207], [-51.97128343353486, -29.49694868453738], [-51.97128334742744, -29.496939660541596], [-51.971293662618784, -29.496939585212207]], [[-51.97128343353486, -29.49694868453738], [-51.97127320444911, -29.496957783861777], [-51.971273118342566, -29.49694875986599], [-51.97128343353486, -29.49694868453738]], [[-51.97127320444911, -29.496957783861777], [-51.97126297536153, -29.49696688318543], [-51.97126288925586, -29.496957859189617], [-51.97127320444911, -29.496957783861777]], [[-51.97128511665585, -29.47441414754872], [-51.971295257506895, -29.474396024218617], [-51.97129542956601, -29.474414072271294], [-51.97128511665585, -29.47441414754872]], [[-51.97128494459856, -29.474396099495983], [-51.9712745456625, -29.47438715074613], [-51.971284858569966, -29.4743870754696], [-51.97128494459856, -29.474396099495983]], [[-51.97140457496052, -29.42308085042674], [-51.97137356594056, -29.42307205182985], [-51.97140448910093, -29.42307182633108], [-51.97140457496052, -29.42308085042674]], [[-51.97139629782603, -29.496884687901286], [-51.97137558133967, -29.49687581457929], [-51.97139621170882, -29.496875663905715], [-51.97139629782603, -29.496884687901286]], [[-51.97142527626385, -29.423089724185765], [-51.97141488268148, -29.42308077525886], [-51.97142519040239, -29.423080700090186], [-51.97142527626385, -29.423089724185765]], [[-51.97149760205132, -29.42310724617327], [-51.971507823905824, -29.423098146902785], [-51.97150790977465, -29.42310717099813], [-51.97149760205132, -29.42310724617327]], [[-51.971497516183405, -29.423098222077893], [-51.97143549812326, -29.423080624920708], [-51.97149743031553, -29.423089197982517], [-51.971497516183405, -29.423098222077893]], [[-51.97145355787687, -29.497479894873656], [-51.97144160629236, -29.497308514316607], [-51.9714519215206, -29.49730843897411], [-51.97145355787687, -29.497479894873656]], [[-51.971441617202885, -29.47460252284553], [-51.971452016175775, -29.474611471581188], [-51.97144170324611, -29.474611546871195], [-51.971441617202885, -29.47460252284553]], [[-51.9715204245617, -29.49691987977312], [-51.97145844730633, -29.49691130784731], [-51.97152033843337, -29.496910855777934], [-51.9715204245617, -29.49691987977312]], [[-51.9714721213501, -29.497263168312646], [-51.97146172000217, -29.497254219661745], [-51.97147203522484, -29.4972541443178], [-51.9714721213501, -29.497263168312646]], [[-51.97146258724079, -29.474638468367147], [-51.97147298621924, -29.474647417100996], [-51.971462673286, -29.47464749239271], [-51.97146258724079, -29.474638468367147]], [[-51.971533668168085, -29.49722662025324], [-51.97151320998628, -29.497244818939286], [-51.97147194909963, -29.49724512032294], [-51.971533668168085, -29.49722662025324]], [[-51.971485192631754, -29.49755186079547], [-51.97147479125244, -29.497542912146677], [-51.97148510650433, -29.497542836801053], [-51.971485192631754, -29.49755186079547]], [[-51.97149568014132, -29.497569833437762], [-51.97148527875922, -29.497560884789873], [-51.97149559401289, -29.497560809443392], [-51.97149568014132, -29.497569833437762]], [[-51.97150625378409, -29.497596830073388], [-51.97149576626977, -29.497578857432117], [-51.971506081525234, -29.49757878208477], [-51.97150625378409, -29.497596830073388]], [[-51.971527401087044, -29.497650823341424], [-51.97151699969375, -29.49764187469638], [-51.97152731495554, -29.497641799347264], [-51.971527401087044, -29.497650823341424]], [[-51.97151830336772, -29.4231161199175], [-51.97153883294442, -29.423106945467936], [-51.97155953426415, -29.423115819205677], [-51.97151830336772, -29.4231161199175]], [[-51.971537888614684, -29.497668795979717], [-51.9715274872186, -29.497659847335584], [-51.971537802482175, -29.497659771985603], [-51.971537888614684, -29.497668795979717]], [[-51.971548720680474, -29.49772286459319], [-51.97155877754678, -29.497695717259422], [-51.97155903595037, -29.497722789241422], [-51.971548720680474, -29.49772286459319]], [[-51.97154846227963, -29.497695792611108], [-51.97153797474723, -29.497677819973827], [-51.971548290012585, -29.497677744622994], [-51.97154846227963, -29.497695792611108]], [[-51.97156952349131, -29.497740761876727], [-51.971559122084976, -29.49773181323539], [-51.97156943735575, -29.4977317378828], [-51.97156952349131, -29.497740761876727]], [[-51.971677908953, -29.497207517299326], [-51.97165745080138, -29.497225716006938], [-51.97156461382694, -29.49722639420246], [-51.971677908953, -29.497207517299326]], [[-51.97157766455072, -29.47480909659248], [-51.97158780538626, -29.474790973241447], [-51.971587977499965, -29.474809021291474], [-51.97157766455072, -29.47480909659248]], [[-51.97157749243885, -29.47479104854239], [-51.97156709343642, -29.474782099817443], [-51.97157740638296, -29.47478202451732], [-51.97157749243885, -29.47479104854239]], [[-51.97158009717262, -29.49776775850495], [-51.97156960962691, -29.49774978587065], [-51.97157992489947, -29.49774971051719], [-51.97158009717262, -29.49776775850495]], [[-51.97170418594177, -29.42315086299292], [-51.97172471550779, -29.423141688514974], [-51.971724801395936, -29.423150712609672], [-51.97170418594177, -29.42315086299292]], [[-51.97170410005544, -29.42314183889817], [-51.971673005109565, -29.423124016277246], [-51.971704014169156, -29.423132814803385], [-51.97170410005544, -29.42314183889817]], [[-51.97166278326764, -29.42313311556009], [-51.97162138060761, -29.42311536811401], [-51.971662697385035, -29.423124091465205], [-51.97166278326764, -29.42313311556009]], [[-51.97161115876181, -29.423124467392995], [-51.97156975611382, -29.423106719930555], [-51.971611072883796, -29.42311544329795], [-51.97161115876181, -29.423124467392995]], [[-51.97158171275691, -29.496856259709414], [-51.971571311442254, -29.496847311065803], [-51.97158162662336, -29.496847235714316], [-51.97158171275691, -29.496856259709414]], [[-51.97160124455263, -29.497821751758163], [-51.9715908431351, -29.49781280311968], [-51.971601158413975, -29.497812727764423], [-51.97160124455263, -29.497821751758163]], [[-51.9716018263092, -29.496801965033477], [-51.971591424998515, -29.496793016391294], [-51.97160174017405, -29.49679294103835], [-51.9716018263092, -29.496801965033477]], [[-51.97161173211165, -29.49783972438948], [-51.97160133069133, -29.497830775751904], [-51.971611645972, -29.497830700395795], [-51.97161173211165, -29.49783972438948]], [[-51.97160903369241, -29.474853990811663], [-51.97161943270595, -29.474862939532972], [-51.97160911975134, -29.474863014836533], [-51.97160903369241, -29.474853990811663]], [[-51.9716328795244, -29.497893717636355], [-51.971622478096606, -29.497884769000663], [-51.97163279338268, -29.497884693642796], [-51.9716328795244, -29.497893717636355]], [[-51.97164336709672, -29.497911690264683], [-51.971632965666146, -29.497902741629904], [-51.97164328095401, -29.49790266627118], [-51.97164336709672, -29.497911690264683]], [[-51.97165419924801, -29.497965758865746], [-51.971664256108, -29.497938611525058], [-51.9716645145422, -29.49796568350523], [-51.97165419924801, -29.497965758865746]], [[-51.971653940816566, -29.497938686885487], [-51.971643453239466, -29.497920714258175], [-51.97165376852912, -29.497920638898602], [-51.971653940816566, -29.497938686885487]], [[-51.971662683682254, -29.496693224958584], [-51.97165228237777, -29.496684276320874], [-51.97166259754211, -29.496684200963475], [-51.971662683682254, -29.496693224958584]], [[-51.97170672335384, -29.498064645980257], [-51.97169632190181, -29.498055697351127], [-51.97170663720498, -29.498055621987135], [-51.97170672335384, -29.498064645980257]], [[-51.97171721095755, -29.49808261860162], [-51.971706809502734, -29.49807366997339], [-51.9717171248077, -29.498073594608538], [-51.97171721095755, -29.49808261860162]], [[-51.97173433839815, -29.47501551955647], [-51.97174473743931, -29.475024468267154], [-51.97173442446874, -29.475024543580805], [-51.97173433839815, -29.47501551955647]], [[-51.97174893225005, -29.498163608438574], [-51.97173853078403, -29.49815465981318], [-51.97174884609711, -29.498154584445693], [-51.97174893225005, -29.498163608438574]], [[-51.97177642592341, -29.423159360732164], [-51.97174541684994, -29.42315056222324], [-51.97177634003067, -29.423150336637608], [-51.97177642592341, -29.423159360732164]], [[-51.971801605403485, -29.497197588925292], [-51.97174994317376, -29.497188941769963], [-51.971801519249254, -29.497188564931253], [-51.971801605403485, -29.497197588925292]], [[-51.971784570346685, -29.496493792719047], [-51.971794971642524, -29.49650274134685], [-51.97178465649697, -29.49650281671409], [-51.971784570346685, -29.496493792719047]], [[-51.97178465649697, -29.49650281671409], [-51.971774427500804, -29.496511916075598], [-51.971774341351384, -29.496502892080546], [-51.97178465649697, -29.49650281671409]], [[-51.971774427500804, -29.496511916075598], [-51.97176419850282, -29.49652101543634], [-51.971764112354265, -29.49651199144127], [-51.971774427500804, -29.496511916075598]], [[-51.97176419850282, -29.49652101543634], [-51.97175396950299, -29.496530114796325], [-51.97175388335532, -29.49652109080125], [-51.97176419850282, -29.49652101543634]], [[-51.97179712727345, -29.423168234432183], [-51.97178673365114, -29.423159285535334], [-51.97179704137885, -29.4231592103377], [-51.97179712727345, -29.423168234432183]], [[-51.97185897364429, -29.42316778322949], [-51.97180734910651, -29.42315913513927], [-51.97185888774423, -29.423158759135173], [-51.97185897364429, -29.42316778322949]], [[-51.97182214967918, -29.497188414190163], [-51.97181174830913, -29.497179465567076], [-51.971822063523156, -29.497179390196155], [-51.97182214967918, -29.497188414190163]], [[-51.97183571529571, -29.49644829590026], [-51.97184611659116, -29.496457244524112], [-51.97183580145038, -29.496457319895224], [-51.97183571529571, -29.49644829590026]], [[-51.97183580145038, -29.496457319895224], [-51.97182557246336, -29.496466419260507], [-51.97182548630956, -29.496457395265534], [-51.97183580145038, -29.496457319895224]], [[-51.97182557246336, -29.496466419260507], [-51.971815343474496, -29.49647551862504], [-51.97181525732158, -29.49646649463005], [-51.97182557246336, -29.496466419260507]], [[-51.97186640224319, -29.496420997799895], [-51.971856000949806, -29.49641204917754], [-51.971866316085936, -29.49641197380496], [-51.97186640224319, -29.496420997799895]], [[-51.97198693460106, -29.497160136165583], [-51.97196647651541, -29.497178334919376], [-51.97188395480649, -29.497178937953873], [-51.97198693460106, -29.497160136165583]], [[-51.971910426380965, -29.423158383111147], [-51.97188972502364, -29.4231495094289], [-51.97191034047639, -29.423149359016946], [-51.971910426380965, -29.423158383111147]], [[-51.97191737479588, -29.49635745296109], [-51.97192777608879, -29.496366401578733], [-51.97191746095747, -29.49636647695597], [-51.97191737479588, -29.49635745296109]], [[-51.97191746095747, -29.49636647695597], [-51.97190723198682, -29.496375576327274], [-51.97190714582611, -29.496366552332393], [-51.97191746095747, -29.49636647695597]], [[-51.97193121364831, -29.423176280884196], [-51.971941435469894, -29.423167181581256], [-51.97194152137728, -29.423176205675343], [-51.97193121364831, -29.423176280884196]], [[-51.97193112774183, -29.423167256790077], [-51.9719207341082, -29.423158307903954], [-51.9719310418354, -29.423158232695954], [-51.97193112774183, -29.423167256790077]], [[-51.97195174319792, -29.423167106371633], [-51.97203437685191, -29.423184552853655], [-51.97195191501456, -29.42318515455975], [-51.97195174319792, -29.423167106371633]], [[-51.972046740923766, -29.475329100615266], [-51.97206728082345, -29.475319925914327], [-51.972067453025794, -29.475337973960347], [-51.972046740923766, -29.475329100615266]], [[-51.972046568725155, -29.475311052569104], [-51.972036169628176, -29.47530210388368], [-51.97204648262591, -29.475302028545997], [-51.972046568725155, -29.475311052569104]], [[-51.972036169628176, -29.47530210388368], [-51.972025770533016, -29.47529315519739], [-51.972036083529886, -29.475293079860545], [-51.972036169628176, -29.47530210388368]], [[-51.972025770533016, -29.47529315519739], [-51.97201537143969, -29.47528420651023], [-51.97202568443568, -29.475284131174206], [-51.972025770533016, -29.47529315519739]], [[-51.972015199246954, -29.475266158463786], [-51.97197386117724, -29.4752574357763], [-51.971973688992044, -29.475239387729548], [-51.972015199246954, -29.475266158463786]], [[-51.971973688992044, -29.475239387729548], [-51.97196328990879, -29.47523043903803], [-51.9719736028995, -29.47523036370616], [-51.971973688992044, -29.475239387729548]], [[-51.9719888051978, -29.496275709351224], [-51.971978403909176, -29.496266760738152], [-51.97198871903021, -29.496266685356428], [-51.9719888051978, -29.496275709351224]], [[-51.97200900459485, -29.49623043861147], [-51.97199851714097, -29.496212466005012], [-51.97200883225644, -29.49621239062184], [-51.97200900459485, -29.49623043861147]], [[-51.9720291178036, -29.49617614387394], [-51.97201845801248, -29.496140123279098], [-51.97202877312055, -29.496140047894556], [-51.9720291178036, -29.49617614387394]], [[-51.97204914481924, -29.496112825138578], [-51.97203839885708, -29.496067780550064], [-51.97204871395777, -29.496067705164144], [-51.97204914481924, -29.496112825138578]], [[-51.972044598664866, -29.423175453543013], [-51.97207569368896, -29.423193276075175], [-51.97204477049797, -29.423193501730594], [-51.972044598664866, -29.423175453543013]], [[-51.9720792283854, -29.496022359027272], [-51.972058339674795, -29.495995437817925], [-51.97207879751218, -29.49597723905264], [-51.9720792283854, -29.496022359027272]], [[-51.97211701053269, -29.423201999283712], [-51.97210661687958, -29.423193050412582], [-51.97211692460971, -29.42319297519013], [-51.97211701053269, -29.423201999283712]], [[-51.972119706879226, -29.47540978943395], [-51.97212993378063, -29.475400690066802], [-51.97213001988761, -29.47540971408955], [-51.972119706879226, -29.47540978943395]], [[-51.97211962077316, -29.475400765411187], [-51.97210922166053, -29.475391816731946], [-51.97211953466712, -29.475391741388396], [-51.97211962077316, -29.475400765411187]], [[-51.97215798367669, -29.423174626105347], [-51.972250925097825, -29.423191997225604], [-51.972137540069845, -29.423192824742824], [-51.97215798367669, -29.423174626105347]], [[-51.972182273822725, -29.475481529535948], [-51.9721925007254, -29.475472430164054], [-51.97219258683818, -29.475481454186532], [-51.972182273822725, -29.475481529535948]], [[-51.972182187710864, -29.475472505513437], [-51.97217178858538, -29.47546355683949], [-51.97218210159904, -29.475463481490927], [-51.972182187710864, -29.475472505513437]], [[-51.972252516455946, -29.495804501436023], [-51.972262917719576, -29.495813450028805], [-51.97225260264531, -29.495813525430744], [-51.972252516455946, -29.495804501436023]], [[-51.97225260264531, -29.495813525430744], [-51.972242373759485, -29.49582262482663], [-51.972242287571, -29.495813600831887], [-51.97225260264531, -29.495813525430744]], [[-51.972242373759485, -29.49582262482663], [-51.97223214487183, -29.49583172422174], [-51.97223205868423, -29.495822700227], [-51.972242373759485, -29.49582262482663]], [[-51.97223214487183, -29.49583172422174], [-51.972221915982345, -29.495840823616113], [-51.972221829795615, -29.49583179962134], [-51.97223214487183, -29.49583172422174]], [[-51.972221915982345, -29.495840823616113], [-51.97221168709104, -29.4958499230097], [-51.97221160090518, -29.49584089901493], [-51.972221915982345, -29.495840823616113]], [[-51.97229189820074, -29.42316462400693], [-51.97242607054509, -29.423181694052836], [-51.97227145462033, -29.423182822664387], [-51.97229189820074, -29.42316462400693]], [[-51.972275779922434, -29.475553043540046], [-51.972317204260015, -29.475570790152013], [-51.972275866042864, -29.4755620675622], [-51.972275779922434, -29.475553043540046]], [[-51.972324463381575, -29.49577690162218], [-51.97231406211652, -29.495767953034207], [-51.97232437718598, -29.49576787762761], [-51.972324463381575, -29.49577690162218]], [[-51.97233783030813, -29.475570639431055], [-51.972379254663196, -29.47558838602323], [-51.97233791643412, -29.47557966345301], [-51.97233783030813, -29.475570639431055]], [[-51.97241027987253, -29.475597183947787], [-51.9724206790324, -29.475606132602117], [-51.97241036600503, -29.475606207969502], [-51.97241027987253, -29.475597183947787]], [[-51.97243629232196, -29.423172594712938], [-51.97250861832558, -29.42319011614586], [-51.97243646422428, -29.42319064289842], [-51.97243629232196, -29.423172594712938]], [[-51.972451704250474, -29.475614930516787], [-51.972472416444745, -29.475623803796314], [-51.97245179038671, -29.475623954538378], [-51.972451704250474, -29.475614930516787]], [[-51.972509444946326, -29.495703352213127], [-51.97247841355014, -29.495694554478877], [-51.97250935873459, -29.49569432821895], [-51.972509444946326, -29.495703352213127]], [[-51.97251375470211, -29.47563252632402], [-51.97253446690513, -29.47564139959366], [-51.9725138408439, -29.47564155034541], [-51.97251375470211, -29.47563252632402]], [[-51.97251884009572, -29.423181016799784], [-51.972622089305645, -29.423198312405123], [-51.97251901201268, -29.42319906498481], [-51.97251884009572, -29.423181016799784]], [[-51.97261731575253, -29.47567689263901], [-51.972627542634434, -29.475667793234386], [-51.97262762878642, -29.475676817255426], [-51.97261731575253, -29.47567689263901]], [[-51.97259634508786, -29.47564094731919], [-51.97255517911168, -29.47565027285997], [-51.972555092966196, -29.47564124883869], [-51.97259634508786, -29.47564094731919]], [[-51.972642419849386, -29.495585059749267], [-51.972652821123376, -29.495594008311564], [-51.97264250607254, -29.495594083743235], [-51.972642419849386, -29.495585059749267]], [[-51.97264250607254, -29.495594083743235], [-51.97263227724394, -29.49560318316809], [-51.97263219102166, -29.4955941591741], [-51.97264250607254, -29.495594083743235]], [[-51.97263227724394, -29.49560318316809], [-51.972622048413506, -29.4956122825922], [-51.97262196219211, -29.495603258598194], [-51.97263227724394, -29.49560318316809]], [[-51.972622048413506, -29.4956122825922], [-51.972611819581246, -29.495621382015536], [-51.97261173336072, -29.495612358021525], [-51.972622048413506, -29.4956122825922]], [[-51.97264296267231, -29.423225234156067], [-51.97266349216437, -29.423216059535115], [-51.97266366410715, -29.42323410771927], [-51.97264296267231, -29.423225234156067]], [[-51.972642790733246, -29.423207185971783], [-51.97263239703473, -29.42319823714277], [-51.97264270476377, -29.42319816187962], [-51.972642790733246, -29.423207185971783]], [[-51.97265874019744, -29.47569463914178], [-51.972668967077276, -29.475685539734027], [-51.972669053233, -29.475694563754946], [-51.97265874019744, -29.47569463914178]], [[-51.97265865404263, -29.47568561512083], [-51.972648254854086, -29.475676666485864], [-51.97265856788786, -29.47567659109988], [-51.97265865404263, -29.47568561512083]], [[-51.97273581823429, -29.423233580842954], [-51.9726738858674, -29.423225008361577], [-51.97273573225651, -29.423224556751073], [-51.97273581823429, -29.423233580842954]], [[-51.9733767399155, -29.474200321390875], [-51.97302929066621, -29.47453677464616], [-51.972675119235866, -29.47416935327751], [-51.972851558376924, -29.474285383922442], [-51.9733767399155, -29.474200321390875]], [[-51.97270016465649, -29.475712385631265], [-51.972710391534264, -29.475703286220398], [-51.97271047769372, -29.475712310241178], [-51.97270016465649, -29.475712385631265]], [[-51.97270007849795, -29.47570336161046], [-51.972689679304004, -29.475694412978875], [-51.97269999233945, -29.475694337589648], [-51.97270007849795, -29.47570336161046]], [[-51.972741589129676, -29.475730132107472], [-51.97275181600539, -29.4757210326935], [-51.972751902168575, -29.47573005671414], [-51.972741589129676, -29.475730132107472]], [[-51.97274150296741, -29.4757211080868], [-51.97273110376806, -29.475712159458606], [-51.97274141680518, -29.475712084066135], [-51.97274150296741, -29.4757211080868]], [[-51.97276699937285, -29.423260427302164], [-51.97277722112621, -29.423251327936722], [-51.972777307107755, -29.423260352028453], [-51.97276699937285, -29.423260427302164]], [[-51.97276691339221, -29.423251403210404], [-51.97275651967849, -29.4232424543915], [-51.97276682741161, -29.423242379118637], [-51.97276691339221, -29.423251403210404]], [[-51.97275651967849, -29.4232424543915], [-51.97274612596659, -29.423233505571716], [-51.97275643369884, -29.423233430299685], [-51.97275651967849, -29.4232424543915]], [[-51.972783013617004, -29.47574787857041], [-51.97279324049066, -29.475738779153307], [-51.97279332665757, -29.47574780317382], [-51.972783013617004, -29.47574787857041]], [[-51.972782927451, -29.475738854549878], [-51.97277252824626, -29.47572990592506], [-51.97278284128504, -29.47572983052934], [-51.972782927451, -29.475738854549878]], [[-51.972798008560865, -29.4232692255703], [-51.97278761484262, -29.42326027675394], [-51.972797922577456, -29.423260201478634], [-51.972798008560865, -29.4232692255703]], [[-51.97282901775402, -29.423278023831088], [-51.972808316296565, -29.423269150294175], [-51.97282893176784, -29.42326899973952], [-51.97282901775402, -29.423278023831088]], [[-51.972826710913715, -29.495439317960088], [-51.9728371121882, -29.49544826650814], [-51.9728267971527, -29.49544834195376], [-51.972826710913715, -29.495439317960088]], [[-51.9728267971527, -29.49544834195376], [-51.97281656835525, -29.495457441392283], [-51.97281648211715, -29.495448417398585], [-51.9728267971527, -29.49544834195376]], [[-51.97286586263407, -29.47578337145645], [-51.97289671558947, -29.475774121224596], [-51.97289680176567, -29.47578314524478], [-51.97286586263407, -29.47578337145645]], [[-51.97286577646061, -29.47577434743618], [-51.97284506420291, -29.475765474219585], [-51.972865690287186, -29.475765323415914], [-51.97286577646061, -29.47577434743618]], [[-51.97284506420291, -29.475765474219585], [-51.97282435194874, -29.47575660099967], [-51.97284497803135, -29.475756450199246], [-51.97284506420291, -29.475765474219585]], [[-51.97283923950343, -29.423268924461002], [-51.97292187337546, -29.423286370386737], [-51.97283941147765, -29.423286972644064], [-51.97283923950343, -29.423268924461002]], [[-51.9728464815489, -29.470513115337475], [-51.972898388733135, -29.47054883449178], [-51.97284682616236, -29.4705492114472], [-51.9728464815489, -29.470513115337475]], [[-51.97295868002782, -29.47578269279987], [-51.972969337802155, -29.475818713469394], [-51.972907114809466, -29.475783069839284], [-51.97295868002782, -29.47578269279987]], [[-51.972983891797064, -29.4233039668425], [-51.973045566217486, -29.423285466905067], [-51.97305604596669, -29.423303439791603], [-51.972983891797064, -29.4233039668425]], [[-51.97298380579711, -29.42329494275138], [-51.97293209511719, -29.423277271009702], [-51.972983719797185, -29.42328591866026], [-51.97298380579711, -29.42329494275138]], [[-51.97295210537954, -29.47077405819075], [-51.97296259024522, -29.47079203084614], [-51.972952277706725, -29.470792106244364], [-51.97295210537954, -29.47077405819075]], [[-51.97295991916314, -29.470512286010386], [-51.97300134153755, -29.470530032466996], [-51.97296009148988, -29.47053033406467], [-51.97295991916314, -29.470512286010386]], [[-51.973095791479835, -29.470700810331873], [-51.97299214918891, -29.470647420218146], [-51.973105673124465, -29.470655614790054], [-51.973095791479835, -29.470700810331873]], [[-51.973031388461145, -29.47583630902977], [-51.97304161532068, -29.475827209593998], [-51.9730417015099, -29.475836233613723], [-51.973031388461145, -29.47583630902977]], [[-51.97303130227284, -29.475827285010013], [-51.97302090303759, -29.475818336405446], [-51.973031216084564, -29.475818260990263], [-51.97303130227284, -29.475827285010013]], [[-51.97307281303998, -29.47585405540003], [-51.97308303989745, -29.475844955961154], [-51.97308312609041, -29.47585397998074], [-51.97307281303998, -29.47585405540003]], [[-51.97307272684794, -29.475845031380427], [-51.973062327607295, -29.475836082779242], [-51.973072640655936, -29.475836007360797], [-51.97307272684794, -29.475845031380427]], [[-51.97312828614716, -29.42331193679235], [-51.97307666144338, -29.423303289198458], [-51.973128200134404, -29.42330291270164], [-51.97312828614716, -29.42331193679235]], [[-51.97319708686133, -29.475907294431185], [-51.973207313712614, -29.475898194982957], [-51.97320739991677, -29.475907219002142], [-51.97319708686133, -29.475907294431185]], [[-51.973176115944945, -29.47587134920978], [-51.973114237632956, -29.47587180175703], [-51.97310375219114, -29.475853829139762], [-51.973176115944945, -29.47587134920978]], [[-51.973148987639725, -29.42332081027864], [-51.973138593886155, -29.423311861490564], [-51.973148901625116, -29.42331178618798], [-51.973148987639725, -29.42332081027864]], [[-51.9731799108591, -29.423320584366035], [-51.973159209364034, -29.423311710884608], [-51.97317982484176, -29.423311560275458], [-51.9731799108591, -29.423320584366035]], [[-51.973272938591954, -29.423346978856014], [-51.97328316030748, -29.423337879452703], [-51.97328324633405, -29.423346903542953], [-51.973272938591954, -29.423346978856014]], [[-51.973272852566296, -29.42333795476574], [-51.97321083407812, -29.42332035844624], [-51.97327276654068, -29.42332893067544], [-51.973272852566296, -29.42333795476574]], [[-51.97325931002859, -29.47594293792094], [-51.97326953687766, -29.475933838468034], [-51.97326962308744, -29.47594286248698], [-51.97325931002859, -29.47594293792094]], [[-51.97325922381972, -29.475933913901954], [-51.97324882455383, -29.47592496531605], [-51.97325913761089, -29.475924889882954], [-51.97325922381972, -29.475933913901954]], [[-51.97330073468893, -29.475960684218045], [-51.97331096153593, -29.475951584762026], [-51.97331104774944, -29.475960608780845], [-51.97330073468893, -29.475960684218045]], [[-51.973300648476325, -29.475951660199197], [-51.97329024920503, -29.475942711616682], [-51.97330056226376, -29.47594263618033], [-51.973300648476325, -29.475951660199197]], [[-51.97339680356776, -29.42336412322656], [-51.97334509278578, -29.42334645164787], [-51.97340693923609, -29.42334599972407], [-51.97339680356776, -29.42336412322656]], [[-51.973334871075075, -29.423355551055817], [-51.973293468048624, -29.423337804138882], [-51.973334785043924, -29.423346526965712], [-51.973334871075075, -29.423355551055817]], [[-51.9733421593634, -29.47597843050189], [-51.97335238620834, -29.475969331042748], [-51.97335247242559, -29.47597835506143], [-51.9733421593634, -29.47597843050189]], [[-51.973342073147066, -29.475969406483177], [-51.97333167387037, -29.47596045790404], [-51.97334198693077, -29.475960382464446], [-51.973342073147066, -29.475969406483177]], [[-51.973404382623585, -29.47601407392125], [-51.97341460946631, -29.47600497445742], [-51.973414695689186, -29.476013998475892], [-51.973404382623585, -29.47601407392125]], [[-51.97340429640161, -29.476005049902746], [-51.97339389711586, -29.47599610132875], [-51.97340421017968, -29.47599602588424], [-51.97340429640161, -29.476005049902746]], [[-51.9734585639857, -29.423354647188763], [-51.973417246977675, -29.423345924400646], [-51.973458477943616, -29.423345623098978], [-51.9734585639857, -29.423354647188763]], [[-51.97347060364864, -29.494811907852167], [-51.97348100491244, -29.494820856350856], [-51.97347068994248, -29.49482093184496], [-51.97347060364864, -29.494811907852167]], [[-51.97347068994248, -29.49482093184496], [-51.973460461265454, -29.49483003133107], [-51.97346037497248, -29.494821007338253], [-51.97347068994248, -29.49482093184496]], [[-51.973460461265454, -29.49483003133107], [-51.9734502325866, -29.49483913081642], [-51.9734501462945, -29.494830106823592], [-51.973460461265454, -29.49483003133107]], [[-51.973466605926816, -29.476049717310325], [-51.97347683276732, -29.4760406178418], [-51.97347691899584, -29.476049641860055], [-51.973466605926816, -29.476049717310325]], [[-51.973466519699215, -29.47604069329204], [-51.97345612040441, -29.476031744723155], [-51.97346643347165, -29.476031669273738], [-51.973466519699215, -29.47604069329204]], [[-51.9734792655142, -29.423363520622786], [-51.973468871727995, -29.423354571861328], [-51.97347917947025, -29.42335449653309], [-51.9734792655142, -29.423363520622786]], [[-51.973520840677246, -29.423399315660028], [-51.973531062375194, -29.42339021623815], [-51.97353114842386, -29.42339924032767], [-51.973520840677246, -29.423399315660028]], [[-51.9735207546295, -29.423390291570477], [-51.97350005309208, -29.423381418143133], [-51.973520668581784, -29.42338126748092], [-51.9735207546295, -29.423390291570477]], [[-51.97350005309208, -29.423381418143133], [-51.97348965930223, -29.4233724693834], [-51.97349996704623, -29.42337239405352], [-51.97350005309208, -29.423381418143133]], [[-51.97351143203767, -29.49476648590747], [-51.97350103077696, -29.49475753741101], [-51.973511345740405, -29.494757461914702], [-51.97351143203767, -29.49476648590747]], [[-51.97354962788819, -29.47610325779396], [-51.97355985472632, -29.476094158319167], [-51.973559940962375, -29.47610318233713], [-51.97354962788819, -29.47610325779396]], [[-51.97354954165304, -29.47609423377596], [-51.97353914234554, -29.476085285213927], [-51.97354945541794, -29.476085209757958], [-51.97354954165304, -29.47609423377596]], [[-51.97355176391697, -29.423399089660556], [-51.97354137012087, -29.423390140905013], [-51.973551677866496, -29.423390065571088], [-51.97355176391697, -29.423399089660556]], [[-51.97357219989031, -29.494648721007966], [-51.97358260114571, -29.494657669499116], [-51.97357228619259, -29.49465774500072], [-51.97357219989031, -29.494648721007966]], [[-51.97357228619259, -29.49465774500072], [-51.97356205754084, -29.49466684449427], [-51.973561971239434, -29.494657820501516], [-51.97357228619259, -29.49465774500072]], [[-51.97356205754084, -29.49466684449427], [-51.97355182888726, -29.494675943987076], [-51.97355174258673, -29.494666919994295], [-51.97356205754084, -29.49466684449427]], [[-51.973675542933805, -29.423407209680025], [-51.973582687156345, -29.423398863653908], [-51.97367545687235, -29.42339818559091], [-51.973675542933805, -29.423407209680025]], [[-51.97363264993613, -29.476156798223354], [-51.973642876771876, -29.476147698742302], [-51.97364296301548, -29.476156722759967], [-51.97363264993613, -29.476156798223354]], [[-51.973632563693435, -29.476147774205664], [-51.973622164373225, -29.476138825650477], [-51.973632477450785, -29.47613875018795], [-51.973632563693435, -29.476147774205664]], [[-51.97368402443552, -29.494476434587952], [-51.973673450569294, -29.4944494381188], [-51.973683765500994, -29.494449362609835], [-51.97368402443552, -29.494476434587952]], [[-51.97373738941483, -29.42340675760197], [-51.97371694605161, -29.423424956475824], [-51.97370646617449, -29.42340698364459], [-51.97373738941483, -29.42340675760197]], [[-51.97373647074385, -29.476228235692467], [-51.97374669757706, -29.476219136203586], [-51.973746783830116, -29.476228160220874], [-51.97373647074385, -29.476228235692467]], [[-51.973736384491716, -29.476219211675154], [-51.97372598515514, -29.476210263128554], [-51.97373629823962, -29.47621018765782], [-51.973736384491716, -29.476219211675154]], [[-51.97376499017621, -29.49431339862044], [-51.973754416306946, -29.494286402157176], [-51.97376473122188, -29.494286326642314], [-51.97376499017621, -29.49431339862044]], [[-51.97377887861331, -29.42343352846712], [-51.97376848479423, -29.423424579729883], [-51.97377879254263, -29.4234245043783], [-51.97377887861331, -29.42343352846712]], [[-51.97402623708762, -29.496820330864725], [-51.97404695378124, -29.496829203768822], [-51.97402632343777, -29.496829354853304], [-51.97402623708762, -29.496820330864725]], [[-51.973964432406426, -29.496829808087558], [-51.97400586579091, -29.496847553911813], [-51.973902714052144, -29.496848309270796], [-51.973964432406426, -29.496829808087558]], [[-51.973840823006995, -29.496848762447797], [-51.97388225637889, -29.496866508310838], [-51.97377910461712, -29.496867263574412], [-51.973840823006995, -29.496848762447797]], [[-51.97379524436297, -29.49424098012957], [-51.97378484313305, -29.494232031653944], [-51.97379515804239, -29.494231956136858], [-51.97379524436297, -29.49424098012957]], [[-51.973892694257245, -29.423477819989124], [-51.97390291592884, -29.423468720539397], [-51.973903002010644, -29.423477744627803], [-51.973892694257245, -29.423477819989124]], [[-51.973892608176364, -29.423468795900686], [-51.97387190659224, -29.42345992253235], [-51.973892522095504, -29.42345977181223], [-51.973892608176364, -29.423468795900686]], [[-51.97387190659224, -29.42345992253235], [-51.973851205011634, -29.42345104916072], [-51.97387182051325, -29.423450898443843], [-51.97387190659224, -29.42345992253235]], [[-51.973851205011634, -29.42345104916072], [-51.97382019568454, -29.42344225114139], [-51.97385111893451, -29.423442025072134], [-51.973851205011634, -29.42345104916072]], [[-51.97382019568454, -29.42344225114139], [-51.973789100291, -29.42342442902593], [-51.97382010961018, -29.423433227052715], [-51.97382019568454, -29.42344225114139]], [[-51.97380909364009, -29.476272827459972], [-51.97384003291164, -29.47627260102561], [-51.973871230975675, -29.47629944663465], [-51.97380909364009, -29.476272827459972]], [[-51.9738459556639, -29.49415036260567], [-51.973835381791595, -29.494123366148294], [-51.97384569668976, -29.494123290627538], [-51.9738459556639, -29.49415036260567]], [[-51.97390251532336, -29.476335316252626], [-51.973912742151825, -29.476326216751225], [-51.973912828419955, -29.47633524076793], [-51.97390251532336, -29.476335316252626]], [[-51.97390242905614, -29.476326292235903], [-51.97389202969416, -29.47631734370303], [-51.97390234278897, -29.476317268219177], [-51.97390242905614, -29.476326292235903]], [[-51.97392370360099, -29.423486617991134], [-51.97391330976401, -29.423477669265697], [-51.97392361751733, -29.423477593902792], [-51.97392370360099, -29.423486617991134]], [[-51.973937149450414, -29.49397822702341], [-51.97394755066676, -29.493987175487735], [-51.97393723578269, -29.493987251016073], [-51.973937149450414, -29.49397822702341]], [[-51.97393723578269, -29.493987251016073], [-51.97392700722998, -29.493996350536314], [-51.973926920898585, -29.493987326543618], [-51.97393723578269, -29.493987251016073]], [[-51.97395471294987, -29.423495415985784], [-51.97394431910933, -29.423486467262865], [-51.97395462686344, -29.42348639189754], [-51.97395471294987, -29.423495415985784]], [[-51.97395769288262, -29.493969051973348], [-51.973947291667315, -29.49396010350976], [-51.9739576065486, -29.49396002798071], [-51.97395769288262, -29.493969051973348]], [[-51.973967835094946, -29.493950928458208], [-51.97395743388068, -29.493941979995373], [-51.97396774876009, -29.493941904465572], [-51.973967835094946, -29.493950928458208]], [[-51.97396465272065, -29.47636193538199], [-51.973975052093515, -29.47637088390889], [-51.9739647389935, -29.47637095939851], [-51.97396465272065, -29.47636193538199]], [[-51.97398572230391, -29.423504213973096], [-51.97396502070486, -29.42349534061963], [-51.973985636214714, -29.42349518988493], [-51.97398572230391, -29.423504213973096]], [[-51.97399817537334, -29.493887533915764], [-51.97400857658538, -29.493896482375515], [-51.9739982617107, -29.493896557908382], [-51.97399817537334, -29.493887533915764]], [[-51.9739982617107, -29.493896557908382], [-51.97398803317246, -29.493905657433096], [-51.97398794683597, -29.49389663344045], [-51.9739982617107, -29.493896557908382]], [[-51.97398803317246, -29.493905657433096], [-51.97397780463239, -29.49391475695705], [-51.97397771829677, -29.493905732964393], [-51.97398803317246, -29.493905657433096]], [[-51.97434683821748, -29.42353767194722], [-51.974068356542126, -29.42352165917801], [-51.97435697373127, -29.4235195483764], [-51.97434683821748, -29.42353767194722]], [[-51.9740581348805, -29.423530758640137], [-51.97403743327004, -29.423521885298243], [-51.974058048784805, -29.42352173455222], [-51.9740581348805, -29.423530758640137]], [[-51.97403743327004, -29.423521885298243], [-51.9740167316631, -29.423513011953027], [-51.9740373471762, -29.423512861210256], [-51.97403743327004, -29.423521885298243]], [[-51.9740167316631, -29.423513011953027], [-51.97399603005969, -29.423504138604518], [-51.974016645571126, -29.42350398786498], [-51.9740167316631, -29.423513011953027]], [[-51.97401871878169, -29.493878358856687], [-51.97400831757067, -29.493869410397668], [-51.97401863244258, -29.493869334864087], [-51.97401871878169, -29.493878358856687]], [[-51.97402886097446, -29.493860235337124], [-51.97401845976447, -29.493851286878847], [-51.97402877463452, -29.493851211344516], [-51.97402886097446, -29.493860235337124]], [[-51.97404776147426, -29.47642449955669], [-51.97405798829812, -29.476415400044342], [-51.97405807457943, -29.476424424060518], [-51.97404776147426, -29.47642449955669]], [[-51.97404767519386, -29.47641547554048], [-51.974026962706695, -29.476406602514093], [-51.97404758891351, -29.476406451524255], [-51.97404767519386, -29.47641547554048]], [[-51.97403900316369, -29.493842111816807], [-51.97402860195474, -29.493833163359277], [-51.974038916822906, -29.493833087824207], [-51.97403900316369, -29.493842111816807]], [[-51.974069429710156, -29.493787741251438], [-51.974079830917844, -29.493796689705853], [-51.97406951605348, -29.49379676524401], [-51.974069429710156, -29.493787741251438]], [[-51.97406951605348, -29.49379676524401], [-51.97405928753154, -29.49380586477396], [-51.97405920118909, -29.493796840781375], [-51.97406951605348, -29.49379676524401]], [[-51.97405928753154, -29.49380586477396], [-51.97404905900777, -29.49381496430315], [-51.97404897266619, -29.493805940310544], [-51.97405928753154, -29.49380586477396]], [[-51.97404905900777, -29.49381496430315], [-51.97403883048217, -29.4938240638316], [-51.97403874414147, -29.493815039838974], [-51.97404905900777, -29.49381496430315]], [[-51.974141097151914, -29.476477964157905], [-51.974151237682726, -29.476459840622635], [-51.97416172337247, -29.476477813150037], [-51.974141097151914, -29.476477964157905]], [[-51.97413061146574, -29.476459991628783], [-51.97410989896257, -29.476451118615746], [-51.974130525177884, -29.47645096761284], [-51.97413061146574, -29.476459991628783]], [[-51.97410989896257, -29.476451118615746], [-51.974089186462926, -29.47644224559938], [-51.97410981267657, -29.47644209459973], [-51.97410989896257, -29.476451118615746]], [[-51.974089186462926, -29.47644224559938], [-51.974078787072834, -29.476433297081908], [-51.97408910017881, -29.4764332215833], [-51.974089186462926, -29.47644224559938]], [[-51.97413970396469, -29.49681949986079], [-51.97409835692616, -29.496810778066838], [-51.97413961760452, -29.496810475872504], [-51.97413970396469, -29.49681949986079]], [[-51.97415108511239, -29.49369689699975], [-51.974161486317534, -29.493705845447945], [-51.97415117146264, -29.49370592099223], [-51.97415108511239, -29.49369689699975]], [[-51.97415117146264, -29.49370592099223], [-51.97414094295706, -29.49371502052821], [-51.97414085660769, -29.493705996535702], [-51.97415117146264, -29.49370592099223]], [[-51.974160247943466, -29.496810324770532], [-51.97414984641298, -29.496801376333643], [-51.974160161581516, -29.496801300782295], [-51.974160247943466, -29.496810324770532]], [[-51.97428377085518, -29.496782346127784], [-51.974263313264736, -29.49680054522475], [-51.97417047675001, -29.496801225230133], [-51.97428377085518, -29.496782346127784]], [[-51.97420222760846, -29.493651399308597], [-51.97421262881321, -29.49366034775285], [-51.97420231396307, -29.493660423301], [-51.97420222760846, -29.493651399308597]], [[-51.97420231396307, -29.493660423301], [-51.97419208546664, -29.49366952284076], [-51.9741919991129, -29.49366049884834], [-51.97420231396307, -29.493660423301]], [[-51.97419208546664, -29.49366952284076], [-51.97418185696838, -29.49367862237976], [-51.97418177061551, -29.493669598387328], [-51.97419208546664, -29.49366952284076]], [[-51.97419300787706, -29.47651368269515], [-51.97420323469634, -29.47650458317184], [-51.974203320990824, -29.476513607187513], [-51.97419300787706, -29.47651368269515]], [[-51.974192921583494, -29.47650465867945], [-51.97418252217799, -29.476495710170507], [-51.97419283528996, -29.47649563466372], [-51.974192921583494, -29.47650465867945]], [[-51.97423443292642, -29.47653142869095], [-51.974244659743626, -29.476522329164528], [-51.97424474604185, -29.476531353180068], [-51.97423443292642, -29.47653142869095]], [[-51.97423434662912, -29.476522404675386], [-51.97422394721821, -29.476513456169837], [-51.974234260331855, -29.47651338065981], [-51.97423434662912, -29.476522404675386]], [[-51.9742966568299, -29.47656707167512], [-51.974306883644886, -29.47655797214401], [-51.97430696994874, -29.47656699615933], [-51.9742966568299, -29.47656707167512]], [[-51.97429657052696, -29.476558047659772], [-51.974286171107, -29.476549099159342], [-51.974296484224055, -29.4765490236444], [-51.97429657052696, -29.476558047659772]], [[-51.974355309351914, -29.493478810152755], [-51.97436571055168, -29.493487758585378], [-51.97435539571949, -29.493487834144982], [-51.974355309351914, -29.493478810152755]], [[-51.97435539571949, -29.493487834144982], [-51.97434516725398, -29.493496933696047], [-51.974345080887275, -29.49348790970379], [-51.97435539571949, -29.493487834144982]], [[-51.97435888077643, -29.476602714629], [-51.97436910758919, -29.47659361509319], [-51.97436919389868, -29.4766026391083], [-51.97435888077643, -29.476602714629]], [[-51.97435879446785, -29.476593690613864], [-51.97434839503884, -29.476584742118565], [-51.97435870815931, -29.47658466659871], [-51.97435879446785, -29.476593690613864]], [[-51.97438781087491, -29.423510298094957], [-51.974521983962205, -29.423527366010063], [-51.97436736761047, -29.423528497066158], [-51.97438781087491, -29.423510298094957]], [[-51.974410619013724, -29.47662038504747], [-51.9744417310173, -29.47663820650057], [-51.97441070532698, -29.476629409062436], [-51.974410619013724, -29.47662038504747]], [[-51.974452216776925, -29.47665617900301], [-51.97446261622229, -29.476665127489728], [-51.97445230309399, -29.476665203017806], [-51.974452216776925, -29.47665617900301]], [[-51.97448367407841, -29.476710096504565], [-51.97449390089023, -29.476700996959327], [-51.97449398721115, -29.476710020973943], [-51.97448367407841, -29.476710096504565]], [[-51.9744835877584, -29.476701072489917], [-51.97447318830747, -29.47669212400501], [-51.97448350143843, -29.476692048475243], [-51.9744835877584, -29.476701072489917]], [[-51.97456295656699, -29.423499992105054], [-51.97468682190973, -29.423517135266227], [-51.9745425133366, -29.4235181911024], [-51.97456295656699, -29.423499992105054]], [[-51.974618780786614, -29.47681740271477], [-51.97462900759654, -29.476808303159306], [-51.9746290939298, -29.476817327173425], [-51.974618780786614, -29.47681740271477]], [[-51.97461869445426, -29.47680837870062], [-51.97460829498054, -29.476799430226947], [-51.97461860812195, -29.476799354686456], [-51.97461869445426, -29.47680837870062]], [[-51.97460829498054, -29.476799430226947], [-51.974577182898905, -29.476781608815028], [-51.97460820864919, -29.47679040621275], [-51.97460829498054, -29.476799430226947]], [[-51.97459108186091, -29.493323664221112], [-51.97458068065906, -29.49331471580596], [-51.974590995473015, -29.493314640229293], [-51.97459108186091, -29.493323664221112]], [[-51.974642223972715, -29.49327816636708], [-51.97465262517599, -29.493287114777427], [-51.97464231036502, -29.493287190358817], [-51.974642223972715, -29.49327816636708]], [[-51.97464231036502, -29.493287190358817], [-51.974632081945444, -29.49329628993114], [-51.97463199555401, -29.493287265939408], [-51.97464231036502, -29.493287190358817]], [[-51.974632081945444, -29.49329628993114], [-51.974621853524035, -29.49330538950273], [-51.97462176713348, -29.49329636551096], [-51.974632081945444, -29.49329628993114]], [[-51.974712289799875, -29.47688891492468], [-51.974722516608225, -29.476879815362157], [-51.974722602950024, -29.476888839375928], [-51.974712289799875, -29.47688891492468]], [[-51.97471220345899, -29.476879890910883], [-51.97470180396979, -29.476870942444975], [-51.97471211711815, -29.47687086689708], [-51.97471220345899, -29.476879890910883]], [[-51.97477916090602, -29.423471336001747], [-51.97476876699766, -29.423462387344756], [-51.97477907474681, -29.42346231191569], [-51.97477916090602, -29.423471336001747]], [[-51.974799862567096, -29.42348020922717], [-51.97478946865604, -29.423471260571866], [-51.97479977640602, -29.423471185141175], [-51.974799862567096, -29.42348020922717]], [[-51.97481611210107, -29.476960351508925], [-51.97482633890688, -29.47695125193856], [-51.97482642525812, -29.476960275951967], [-51.97481611210107, -29.476960351508925]], [[-51.97481602575074, -29.47695132749549], [-51.974805626245185, -29.47694237903817], [-51.97481593940045, -29.476942303482065], [-51.97481602575074, -29.47695132749549]], [[-51.97489349401822, -29.423569771171657], [-51.97490371560725, -29.423560671647103], [-51.97490380177783, -29.4235696957327], [-51.97489349401822, -29.423569771171657]], [[-51.974893407848555, -29.423560747086036], [-51.97488301392111, -29.423551798438513], [-51.97489332167893, -29.423551723000404], [-51.974893407848555, -29.423560747086036]], [[-51.974882841583806, -29.423533750267147], [-51.974862312238486, -29.423542925226613], [-51.9748621399049, -29.423524877055108], [-51.974882841583806, -29.423533750267147]], [[-51.9748621399049, -29.423524877055108], [-51.97485174598387, -29.423515928404957], [-51.97486205373817, -29.42351585296935], [-51.9748621399049, -29.423524877055108]], [[-51.97485174598387, -29.423515928404957], [-51.97484135206466, -29.423506979753927], [-51.974851659818086, -29.42350690431914], [-51.97485174598387, -29.423515928404957]], [[-51.97484135206466, -29.423506979753927], [-51.97483095814727, -29.42349803110204], [-51.97484126589982, -29.423497955668083], [-51.97484135206466, -29.423506979753927]], [[-51.97483095814727, -29.42349803110204], [-51.9748205642317, -29.423489082449276], [-51.974830871983386, -29.423489007016144], [-51.97483095814727, -29.42349803110204]], [[-51.9748205642317, -29.423489082449276], [-51.97481017031795, -29.42348013379566], [-51.974820478068764, -29.42348005836336], [-51.9748205642317, -29.423489082449276]], [[-51.97487834122444, -29.493159115908096], [-51.97486794001527, -29.493150167515385], [-51.974878254811664, -29.493150091916824], [-51.97487834122444, -29.493159115908096]], [[-51.975090979003866, -29.423739795309494], [-51.9751012005914, -29.42373069577003], [-51.97510128678003, -29.42373971985486], [-51.975090979003866, -29.423739795309494]], [[-51.97509089281615, -29.423730771224644], [-51.97508049885409, -29.423721822593556], [-51.97509080662847, -29.42372174713977], [-51.97509089281615, -29.423730771224644]], [[-51.975080326480686, -29.42370377442371], [-51.975039009207045, -29.42369505214562], [-51.97503892302408, -29.423686028060548], [-51.975080326480686, -29.42370377442371]], [[-51.97503892302408, -29.423686028060548], [-51.97502852907113, -29.423677079425143], [-51.97503883684116, -29.423677003975488], [-51.97503892302408, -29.423686028060548]], [[-51.97502852907113, -29.423677079425143], [-51.97501813512001, -29.42366813078887], [-51.97502844288916, -29.42366805534003], [-51.97502852907113, -29.423677079425143]], [[-51.97501813512001, -29.42366813078887], [-51.9750077411707, -29.423659182151713], [-51.975018048938985, -29.423659106703703], [-51.97501813512001, -29.42366813078887]], [[-51.9750077411707, -29.423659182151713], [-51.974997347223216, -29.423650233513705], [-51.97500765499063, -29.423650158066522], [-51.9750077411707, -29.423659182151713]], [[-51.974997347223216, -29.423650233513705], [-51.97498695327756, -29.423641284874826], [-51.974997261044095, -29.423641209428474], [-51.974997347223216, -29.423650233513705]], [[-51.97498695327756, -29.423641284874826], [-51.97497655933371, -29.423632336235098], [-51.97498686709938, -29.423632260789557], [-51.97498695327756, -29.423641284874826]], [[-51.97497655933371, -29.423632336235098], [-51.97494546368753, -29.423614514396107], [-51.97497647315649, -29.42362331214978], [-51.97497655933371, -29.423632336235098]], [[-51.97494546368753, -29.423614514396107], [-51.974935069750025, -29.423605565752947], [-51.974945377513116, -29.423605490310685], [-51.97494546368753, -29.423614514396107]], [[-51.974935069750025, -29.423605565752947], [-51.974924675814336, -29.423596617108927], [-51.97493498357656, -29.423596541667493], [-51.974935069750025, -29.423605565752947]], [[-51.974924675814336, -29.423596617108927], [-51.97491428188048, -29.423587668464034], [-51.97492458964183, -29.42358759302342], [-51.974924675814336, -29.423596617108927]], [[-51.97491428188048, -29.423587668464034], [-51.974903887948436, -29.423578719818284], [-51.97491419570891, -29.423578644378498], [-51.97491428188048, -29.423587668464034]], [[-51.97492948312408, -29.49311361794735], [-51.97493988433468, -29.49312256633525], [-51.97492956954126, -29.493122641938527], [-51.97492948312408, -29.49311361794735]], [[-51.97492956954126, -29.493122641938527], [-51.97491934116412, -29.493131741532206], [-51.97491925474781, -29.493122717541013], [-51.97492956954126, -29.493122641938527]], [[-51.97491934116412, -29.493131741532206], [-51.97490911278514, -29.49314084112513], [-51.97490902636971, -29.49313181713392], [-51.97491934116412, -29.493131741532206]], [[-51.974982504453635, -29.477103526707566], [-51.97499273125818, -29.47709442712463], [-51.97499281762467, -29.47710345113737], [-51.974982504453635, -29.477103526707566]], [[-51.97498241808806, -29.477094502694793], [-51.97497201855329, -29.47708555425133], [-51.97498233172253, -29.477085478681996], [-51.97498241808806, -29.477094502694793]], [[-51.97498505736682, -29.42344275499592], [-51.975026460714616, -29.42346050137897], [-51.97497492197319, -29.42346087861199], [-51.97498505736682, -29.42344275499592]], [[-51.97505712540784, -29.42343320277355], [-51.97510883651054, -29.42345087367947], [-51.97503668228085, -29.423451401844577], [-51.97505712540784, -29.42343320277355]], [[-51.975104056698555, -29.49303111666633], [-51.97509365548349, -29.493022168291265], [-51.975103970266225, -29.4930220926755], [-51.975104056698555, -29.49303111666633]], [[-51.97514980892243, -29.42342349959798], [-51.975263366508614, -29.423440717680723], [-51.97512936581429, -29.42344169868283], [-51.97514980892243, -29.42342349959798]], [[-51.9751490700355, -29.47726474970854], [-51.975159296840545, -29.47725565011298], [-51.97515938322235, -29.477264674125067], [-51.9751490700355, -29.47726474970854]], [[-51.97514898365461, -29.47725572569642], [-51.9751385840887, -29.477246777266924], [-51.97514889727376, -29.477246701684297], [-51.97514898365461, -29.47725572569642]], [[-51.975216827778134, -29.492958092915167], [-51.975227228997014, -29.49296704128059], [-51.97521691422024, -29.492967116905792], [-51.975216827778134, -29.492958092915167]], [[-51.97521691422024, -29.492967116905792], [-51.97519637110688, -29.49297629214446], [-51.97519628466656, -29.492967268153787], [-51.97521691422024, -29.492967116905792]], [[-51.97531997553501, -29.492957336627452], [-51.97523737088593, -29.492948917673452], [-51.97531988908379, -29.492948312637093], [-51.97531997553501, -29.492957336627452]], [[-51.97529403113105, -29.423413419022296], [-51.975397280982556, -29.423430712459428], [-51.97527358805125, -29.42343161812867], [-51.97529403113105, -29.423413419022296]], [[-51.97531563614606, -29.477425972484955], [-51.97532586295158, -29.477416872876773], [-51.97532594934871, -29.47742589688819], [-51.97531563614606, -29.477425972484955]], [[-51.975315549749844, -29.477416948473508], [-51.97530515015281, -29.477408000057952], [-51.975315463353674, -29.477407924462046], [-51.975315549749844, -29.477416948473508]], [[-51.97533660814386, -29.47746191733607], [-51.97534683495098, -29.477452817726295], [-51.97534692135009, -29.477461841737597], [-51.97533660814386, -29.47746191733607]], [[-51.97533652174567, -29.477452893324735], [-51.97532612214308, -29.477443944911], [-51.975336435347515, -29.47744386931338], [-51.97533652174567, -29.477452893324735]], [[-51.97535758015676, -29.477497862183345], [-51.975367806965465, -29.47748876257197], [-51.97536789336656, -29.477497786583168], [-51.97535758015676, -29.477497862183345]], [[-51.975357493756576, -29.47748883817211], [-51.97534709414843, -29.47747988976019], [-51.97535740735644, -29.47747981416086], [-51.975357493756576, -29.47748883817211]], [[-51.97542295036729, -29.492938532279602], [-51.97536097527218, -29.492929962119213], [-51.97542286390702, -29.492929508289503], [-51.97542295036729, -29.492938532279602]], [[-51.97539935141954, -29.477551703844338], [-51.97540957822968, -29.477542604229768], [-51.97540966463467, -29.47755162824079], [-51.97539935141954, -29.477551703844338]], [[-51.975399265015476, -29.477542679833277], [-51.97538886539811, -29.47753373142491], [-51.97539917861145, -29.47753365582222], [-51.975399265015476, -29.477542679833277]], [[-51.97542032347372, -29.477587648680302], [-51.97543055028545, -29.477578549064138], [-51.975430636692415, -29.47758757307506], [-51.97542032347372, -29.477587648680302]], [[-51.97542023706767, -29.477578624669356], [-51.97540983744475, -29.477569676262796], [-51.975420150661655, -29.47756960065841], [-51.97542023706767, -29.477578624669356]], [[-51.9754382533065, -29.423403338291095], [-51.97548996445543, -29.423421009047946], [-51.97541781025504, -29.423421537419003], [-51.9754382533065, -29.423403338291095]], [[-51.975441381951065, -29.47763261752327], [-51.97546192198748, -29.477623442297727], [-51.97546209480733, -29.477641490319247], [-51.975441381951065, -29.47763261752327]], [[-51.97544120913495, -29.477614569501608], [-51.97543080950646, -29.47760562109685], [-51.97544112272695, -29.477605545490743], [-51.97544120913495, -29.477614569501608]], [[-51.97581471703114, -29.493991539662012], [-51.97552771635516, -29.494183161960883], [-51.97543488226219, -29.494183842794026], [-51.97581471703114, -29.493991539662012]], [[-51.97547383251553, -29.49286596214599], [-51.975484233746755, -29.49287491049113], [-51.9754739189801, -29.492874986136044], [-51.97547383251553, -29.49286596214599]], [[-51.9754739189801, -29.492874986136044], [-51.975453635298, -29.49291123338378], [-51.9754636042134, -29.49287506178016], [-51.9754739189801, -29.492874986136044]], [[-51.97548306690279, -29.477677435143917], [-51.975493466543256, -29.47768638354421], [-51.975483153314755, -29.477686459154558], [-51.97548306690279, -29.477677435143917]], [[-51.97549355295618, -29.47769540755481], [-51.97550395259943, -29.4777043559542], [-51.975493639369134, -29.477704431565396], [-51.97549355295618, -29.47769540755481]], [[-51.975592783188446, -29.423393181912516], [-51.97557234016723, -29.42341138106347], [-51.97551049371723, -29.42341183399345], [-51.975592783188446, -29.423393181912516]], [[-51.97551452507427, -29.477731352373727], [-51.975524924723075, -29.47774030077129], [-51.97551461148921, -29.477740376384208], [-51.97551452507427, -29.477731352373727]], [[-51.97553549720744, -29.477767297188787], [-51.975546242533554, -29.477812341625825], [-51.975535929292455, -29.477812417240553], [-51.97553549720744, -29.477767297188787]], [[-51.975546328951594, -29.477821365636117], [-51.975556728612545, -29.477830314030808], [-51.975546415369664, -29.477830389646396], [-51.975546328951594, -29.477821365636117]], [[-51.975556815031574, -29.477839338041047], [-51.975567387535385, -29.47786633445518], [-51.975557074288886, -29.477866410071677], [-51.975556815031574, -29.477839338041047]], [[-51.975567473955486, -29.477875358465337], [-51.975577873623905, -29.47788430685813], [-51.97556756037562, -29.47788438247548], [-51.975567473955486, -29.477875358465337]], [[-51.975578392151036, -29.477938450918572], [-51.975598759389214, -29.47791122765115], [-51.97559910508159, -29.477947323691115], [-51.975578392151036, -29.477938450918572]], [[-51.97558444173902, -29.478570131590526], [-51.975594668631715, -29.478561031961135], [-51.97560515480019, -29.47857900435833], [-51.97558444173902, -29.478570131590526]], [[-51.975642345926985, -29.47815457342999], [-51.975662453901116, -29.478100278124327], [-51.975663145336945, -29.478172470200658], [-51.975642345926985, -29.47815457342999]], [[-51.9756416545064, -29.478082381353012], [-51.975631168385334, -29.478064408956353], [-51.975641481651635, -29.478064333333652], [-51.9756416545064, -29.478082381353012]], [[-51.9756307362537, -29.478019288907582], [-51.97559971004476, -29.47801049176059], [-51.97559927792801, -29.47796537171103], [-51.9756307362537, -29.478019288907582]], [[-51.975615813826366, -29.478615024772626], [-51.97562604072056, -29.478605925140844], [-51.97562612714846, -29.478614949149836], [-51.975615813826366, -29.478615024772626]], [[-51.97561572739938, -29.47860600076361], [-51.975605327652126, -29.4785970523765], [-51.97561564097244, -29.47859697675457], [-51.97561572739938, -29.47860600076361]], [[-51.97561365316365, -29.4783894245433], [-51.97562405288986, -29.4783983729305], [-51.97561373958968, -29.47839844855262], [-51.97561365316365, -29.4783894245433]], [[-51.97565462962564, -29.423392728944602], [-51.97562362017364, -29.423383931348255], [-51.975654543389325, -29.42338370486079], [-51.97565462962564, -29.423392728944602]], [[-51.97562379360914, -29.478371300902573], [-51.975634193334315, -29.478380249289025], [-51.975623880036004, -29.478380324911896], [-51.97562379360914, -29.478371300902573]], [[-51.975643901632544, -29.478317005600243], [-51.97566461464647, -29.47832587836019], [-51.9756440744895, -29.478335053618903], [-51.975643901632544, -29.478317005600243]], [[-51.97568810754134, -29.492620725715017], [-51.975698508765184, -29.492629674043865], [-51.97568819402403, -29.49262974970482], [-51.97568810754134, -29.492620725715017]], [[-51.97568819402403, -29.49262974970482], [-51.97567796576466, -29.492638849354815], [-51.975677879282834, -29.492629825364986], [-51.97568819402403, -29.49262974970482]], [[-51.97567796576466, -29.492638849354815], [-51.97566773750345, -29.49264794900404], [-51.97566765102251, -29.492638925014205], [-51.97567796576466, -29.492638849354815]], [[-51.97566773750345, -29.49264794900404], [-51.97565750924042, -29.492657048652507], [-51.97565742276036, -29.492648024662653], [-51.97566773750345, -29.49264794900404]], [[-51.9756632317666, -29.478181494210133], [-51.97567449578354, -29.478280682687874], [-51.97566418249543, -29.478280758313634], [-51.9756632317666, -29.478181494210133]], [[-51.97570608208135, -29.423383327365734], [-51.97568538036566, -29.423374454282406], [-51.975705995840535, -29.423374303282042], [-51.97570608208135, -29.423383327365734]], [[-51.975736746565545, -29.423356028608286], [-51.97575753452702, -29.423373925767198], [-51.975726611315245, -29.423374152278498], [-51.975736746565545, -29.423356028608286]], [[-51.97574061094729, -29.47872240534977], [-51.97575083784055, -29.478713305708546], [-51.97575092427987, -29.478722329717062], [-51.97574061094729, -29.47872240534977]], [[-51.97574052450888, -29.478713381341226], [-51.975730124739705, -29.478704432964527], [-51.9757404380705, -29.478704357332674], [-51.97574052450888, -29.478713381341226]], [[-51.9757903900258, -29.49252972917373], [-51.97580079124886, -29.4925386774947], [-51.97579047651724, -29.492538753163377], [-51.9757903900258, -29.49252972917373]], [[-51.97579047651724, -29.492538753163377], [-51.975780248276145, -29.49254785282093], [-51.975780161785586, -29.492538828831254], [-51.97579047651724, -29.492538753163377]], [[-51.975780248276145, -29.49254785282093], [-51.975770020033224, -29.492556952477724], [-51.97576993354353, -29.492547928488037], [-51.975780248276145, -29.49254785282093]], [[-51.975770020033224, -29.492556952477724], [-51.97575979178847, -29.492566052133753], [-51.97575970529966, -29.49255702814405], [-51.975770020033224, -29.492556952477724]], [[-51.97577155094493, -29.478722178449253], [-51.97585423050058, -29.47873962136246], [-51.97577163738612, -29.4787312024577], [-51.97577155094493, -29.478722178449253]], [[-51.975819467200346, -29.423382496806454], [-51.97577815000134, -29.423373774755678], [-51.9758193809495, -29.423373472723068], [-51.975819467200346, -29.423382496806454]], [[-51.97587074712315, -29.423355046997834], [-51.97586061189705, -29.4233731706777], [-51.97583999642335, -29.42337332170198], [-51.97587074712315, -29.423355046997834]], [[-51.97593751527567, -29.47882023227901], [-51.97595762321183, -29.47876593693469], [-51.97595822841746, -29.478829104989618], [-51.97593751527567, -29.47882023227901]], [[-51.9759369100831, -29.478757064223593], [-51.97586454383456, -29.478739545720906], [-51.97593682362718, -29.47874804021563], [-51.9759369100831, -29.478757064223593]], [[-51.97590158406981, -29.42334579637], [-51.975932679792905, -29.423363617984513], [-51.975881141114314, -29.423363995566994], [-51.97590158406981, -29.42334579637]], [[-51.97596334420916, -29.423336319176354], [-51.97599443993967, -29.423354140776276], [-51.97594290126681, -29.423354518382546], [-51.97596334420916, -29.423336319176354]], [[-51.975974671051624, -29.492383983187445], [-51.975985072275165, -29.492392931494166], [-51.97597475755888, -29.4923930071768], [-51.975974671051624, -29.492383983187445]], [[-51.97597475755888, -29.4923930071768], [-51.975964529348936, -29.492402106847997], [-51.97596444284255, -29.492393082858626], [-51.97597475755888, -29.4923930071768]], [[-51.9759895142891, -29.47886497406854], [-51.975999741173474, -29.478855874408563], [-51.97599982763535, -29.4788648984162], [-51.9759895142891, -29.47886497406854]], [[-51.97598942782814, -29.47885595006087], [-51.97597902802275, -29.47884700170465], [-51.97598934136721, -29.478846926053166], [-51.97598942782814, -29.47885595006087]], [[-51.976066335262395, -29.42332653984569], [-51.976056200074126, -29.423344663539652], [-51.97601496914051, -29.423344965645292], [-51.976066335262395, -29.42332653984569]], [[-51.976030940603216, -29.47888271946952], [-51.976041167485526, -29.47887361980642], [-51.97604125395113, -29.478882643813947], [-51.976030940603216, -29.47888271946952]], [[-51.97603085413852, -29.478873695461978], [-51.97602045432773, -29.47886474710915], [-51.97603076767387, -29.47886467145442], [-51.97603085413852, -29.478873695461978]], [[-51.97607695304179, -29.49229298643394], [-51.97608735426454, -29.4923019347328], [-51.97607703955779, -29.492302010423153], [-51.97607695304179, -29.49229298643394]], [[-51.97607703955779, -29.492302010423153], [-51.976066811366124, -29.492311110101923], [-51.976066724850995, -29.4923020861127], [-51.97607703955779, -29.492302010423153]], [[-51.97609717218142, -29.423317289173163], [-51.97610756618794, -29.423326237724336], [-51.97609725845661, -29.423326313255863], [-51.97609717218142, -29.423317289173163]], [[-51.97609725845661, -29.423326313255863], [-51.97607672926725, -29.423335488399314], [-51.97607664299384, -29.42332646431655], [-51.97609725845661, -29.423326313255863]], [[-51.97609316657123, -29.478918361553415], [-51.976103393451325, -29.478909261885622], [-51.97610347992257, -29.478918285892917], [-51.97609316657123, -29.478918361553415]], [[-51.9760930801009, -29.47890933754609], [-51.97608268028106, -29.478900389198383], [-51.97609299363061, -29.478900313538745], [-51.9760930801009, -29.47890933754609]], [[-51.97616924001198, -29.423307736353323], [-51.976148797112856, -29.42332593559021], [-51.97611787391923, -29.423326162191998], [-51.97616924001198, -29.423307736353323]], [[-51.97616587889094, -29.478971975955744], [-51.97618641912519, -29.47896280061545], [-51.976186592082804, -29.478980848629433], [-51.97616587889094, -29.478971975955744]], [[-51.976200076915326, -29.423298485657288], [-51.97621047092867, -29.423307434200286], [-51.97620016319955, -29.423307509739743], [-51.976200076915326, -29.423298485657288]], [[-51.97620016319955, -29.423307509739743], [-51.97617963402365, -29.423316684898765], [-51.976179547741204, -29.423307660816256], [-51.97620016319955, -29.423307509739743]], [[-51.976207478239715, -29.47900776931361], [-51.97621787808148, -29.479016717650914], [-51.976207564720525, -29.479016793320508], [-51.976207478239715, -29.47900776931361]], [[-51.97624094996607, -29.49218348742674], [-51.97625135119138, -29.492192435712845], [-51.976241036496226, -29.492192511415656], [-51.97624094996607, -29.49218348742674]], [[-51.976241036496226, -29.492192511415656], [-51.9762308083303, -29.49220161110659], [-51.97623072180103, -29.492192587117668], [-51.976241036496226, -29.492192511415656]], [[-51.9762308083303, -29.49220161110659], [-51.976220580162554, -29.49221071079677], [-51.97622049363416, -29.49220168680783], [-51.9762308083303, -29.49220161110659]], [[-51.976228883304906, -29.479088834034723], [-51.976249164102335, -29.479052586664345], [-51.97624959652604, -29.479097706697765], [-51.976228883304906, -29.479088834034723]], [[-51.97625037489119, -29.479178922757168], [-51.976270482724196, -29.47912462737066], [-51.976271088132656, -29.47918779541629], [-51.97625037489119, -29.479178922757168]], [[-51.976272144721364, -29.423288932782263], [-51.976261750704694, -29.423279984244132], [-51.97627205843084, -29.42327990869998], [-51.976272144721364, -29.423288932782263]], [[-51.97628174746293, -29.479223815767067], [-51.97629197435558, -29.479214716084872], [-51.9762920608446, -29.47922374009125], [-51.97628174746293, -29.479223815767067]], [[-51.97628166097481, -29.47921479176066], [-51.97627126110685, -29.479205843429213], [-51.97628157448674, -29.47920576775425], [-51.97628166097481, -29.47921479176066]], [[-51.97630272018639, -29.479259760439913], [-51.976312947080636, -29.479250660756115], [-51.97631303357164, -29.479259684762393], [-51.97630272018639, -29.479259760439913]], [[-51.97630263369629, -29.47925073643361], [-51.97629223382277, -29.479241788103977], [-51.97630254720624, -29.479241712427303], [-51.97630263369629, -29.47925073643361]], [[-51.97630298160904, -29.423279682062727], [-51.976292587590706, -29.42327073352702], [-51.976302895315825, -29.423270657980506], [-51.97630298160904, -29.423279682062727]], [[-51.97633364589917, -29.42325238317184], [-51.97634403991908, -29.42326133170433], [-51.97633373219503, -29.423261407254017], [-51.97633364589917, -29.42325238317184]], [[-51.97633373219503, -29.423261407254017], [-51.976313203040895, -29.423270582433187], [-51.976313116746816, -29.423261558350983], [-51.97633373219503, -29.423261407254017]], [[-51.976323692924936, -29.479295705108914], [-51.976333919820775, -29.479286605423507], [-51.97633400631377, -29.479295629429682], [-51.976323692924936, -29.479295705108914]], [[-51.97632360643286, -29.479286681102714], [-51.976313206553776, -29.47927773277489], [-51.97632351994082, -29.47927765709651], [-51.97632360643286, -29.479286681102714]], [[-51.97631519585968, -29.479485284915096], [-51.976326028226, -29.47953935327141], [-51.97631571481247, -29.47953942895059], [-51.97631519585968, -29.479485284915096]], [[-51.976343577671805, -29.492128586430866], [-51.976353978900136, -29.49213753470893], [-51.97634366421085, -29.492137610419572], [-51.976343577671805, -29.492128586430866]], [[-51.97634366421085, -29.492137610419572], [-51.97633343605972, -29.492146710118135], [-51.97633334952154, -29.49213768612942], [-51.97634366421085, -29.492137610419572]], [[-51.97637569235251, -29.479340446734835], [-51.976355584536925, -29.4793947421352], [-51.97634457918451, -29.479322625767992], [-51.97637569235251, -29.479340446734835]], [[-51.97634457918451, -29.479322625767992], [-51.97633417929987, -29.47931367744197], [-51.97634449269049, -29.47931360176188], [-51.97634457918451, -29.479322625767992]], [[-51.9763353037134, -29.479430989520658], [-51.976356103509275, -29.47944888617077], [-51.97633556319438, -29.479458061538516], [-51.9763353037134, -29.479430989520658]], [[-51.97633668761611, -29.479575373614622], [-51.976348557952264, -29.479737730035108], [-51.97633824451872, -29.479737805716496], [-51.97633668761611, -29.479575373614622]], [[-51.976359130876254, -29.479764726369346], [-51.976369703806036, -29.479791722702497], [-51.9763593903671, -29.479791798385648], [-51.976359130876254, -29.479764726369346]], [[-51.976380363240594, -29.479827743039888], [-51.976390849683, -29.479845715365578], [-51.97638053623866, -29.4798457910505], [-51.976380363240594, -29.479827743039888]], [[-51.9764016821334, -29.479899783711026], [-51.976411649575276, -29.479863612003722], [-51.97641199558314, -29.47989970802435], [-51.9764016821334, -29.479899783711026]], [[-51.97640133612918, -29.479863687690294], [-51.97639093618301, -29.479854739370833], [-51.976401249628225, -29.479854663685092], [-51.97640133612918, -29.479863687690294]], [[-51.97641584877394, -29.423224706506378], [-51.97645725226745, -29.42324245244152], [-51.9763954059361, -29.423242905779947], [-51.97641584877394, -29.423224706506378]], [[-51.976422655045006, -29.47993572835717], [-51.97644371447682, -29.479980697004407], [-51.976423433574666, -29.480016944402124], [-51.976422655045006, -29.47993572835717]], [[-51.97643615022405, -29.492100833041118], [-51.97642574899254, -29.492091884769497], [-51.976436063676935, -29.4920918090526], [-51.97643615022405, -29.492100833041118]], [[-51.97649822422328, -29.423215077954687], [-51.976508618253334, -29.423224026474124], [-51.97649831053356, -29.423224102036453], [-51.97649822422328, -29.423215077954687]], [[-51.97649831053356, -29.423224102036453], [-51.97647778140239, -29.423233277240534], [-51.97647769509389, -29.423224253158722], [-51.97649831053356, -29.423224102036453]], [[-51.97649606035444, -29.480061534588422], [-51.976506460331265, -29.4800704828987], [-51.97649614686452, -29.480070558593106], [-51.97649606035444, -29.480061534588422]], [[-51.97653877773798, -29.492045931898282], [-51.976528376503445, -29.4920369836347], [-51.97653869118196, -29.492036907909977], [-51.97653877773798, -29.492045931898282]], [[-51.97656886023058, -29.48012417274215], [-51.97657926022019, -29.480133121046354], [-51.97656894674733, -29.480133196746547], [-51.97656886023058, -29.48012417274215]], [[-51.9766316928084, -29.48022298257503], [-51.97664217933736, -29.480240954877875], [-51.97663186585377, -29.480241030583205], [-51.9766316928084, -29.48022298257503]], [[-51.976652752394735, -29.480267951183762], [-51.97666315240659, -29.480276899480714], [-51.97665283891943, -29.480276975187735], [-51.976652752394735, -29.480267951183762]], [[-51.97673363118868, -29.491927181133857], [-51.976744032429266, -29.491936129381383], [-51.9767337177616, -29.491936205121796], [-51.97673363118868, -29.491927181133857]], [[-51.9767337177616, -29.491936205121796], [-51.97672348966592, -29.491945304849363], [-51.97672340309388, -29.491936280861413], [-51.9767337177616, -29.491936205121796]], [[-51.97672348966592, -29.491945304849363], [-51.97671326156841, -29.491954404576173], [-51.97671317499725, -29.4919453805882], [-51.97672348966592, -29.491945304849363]], [[-51.976725639047395, -29.480339613247885], [-51.97673603907299, -29.480348561538715], [-51.9767257255788, -29.480348637251552], [-51.976725639047395, -29.480339613247885]], [[-51.97673612560534, -29.480357585542354], [-51.97674721790157, -29.480438725860648], [-51.97673690439829, -29.48043880157456], [-51.97673612560534, -29.480357585542354]], [[-51.97675787754334, -29.48047474615969], [-51.97676879680054, -29.480537838467484], [-51.97675848328729, -29.480537914183305], [-51.97675787754334, -29.48047474615969]], [[-51.976903911045355, -29.480645142123464], [-51.97691431111819, -29.480654090398886], [-51.97690399759362, -29.48065416612625], [-51.976903911045355, -29.480645142123464]], [[-51.97692831100093, -29.4917903821172], [-51.97690802804788, -29.491826629575637], [-51.97692727192781, -29.491682094265094], [-51.97692831100093, -29.4917903821172]], [[-51.976925057393785, -29.480699134684176], [-51.97693545747409, -29.480708082957694], [-51.97692514394412, -29.480708158686827], [-51.976925057393785, -29.480699134684176]], [[-51.97694764143756, -29.4916548707915], [-51.976926232860365, -29.491573806411214], [-51.97694668894005, -29.49155560692571], [-51.97694764143756, -29.4916548707915]], [[-51.976927048061384, -29.480906686742085], [-51.97693770782029, -29.480942707021626], [-51.976927394266575, -29.480942782751494], [-51.976927048061384, -29.480906686742085]], [[-51.97694611721305, -29.480744103238028], [-51.976957642495954, -29.48087036354119], [-51.97694732894961, -29.480870439272422], [-51.97694611721305, -29.480744103238028]], [[-51.97695691697715, -29.49154650718182], [-51.9769465157592, -29.491537558949947], [-51.97695683038583, -29.491537483193962], [-51.97695691697715, -29.49154650718182]], [[-51.97698979493016, -29.48099647237308], [-51.97701050860699, -29.48100534490467], [-51.97698988148728, -29.481005496375165], [-51.97698979493016, -29.48099647237308]], [[-51.97701776558256, -29.49143776477579], [-51.97702816679615, -29.49144671300231], [-51.97701785217893, -29.49144678876362], [-51.97701776558256, -29.49143776477579]], [[-51.97701785217893, -29.49144678876362], [-51.977007624157174, -29.491455888511975], [-51.977007537561676, -29.49144686452412], [-51.97701785217893, -29.49144678876362]], [[-51.977053234416076, -29.481158449984676], [-51.97706224953273, -29.48102301421819], [-51.97706354799125, -29.481158374244558], [-51.977053234416076, -29.481158449984676]], [[-51.97705193597126, -29.481023089957883], [-51.977041535847995, -29.481014141694867], [-51.97705184940859, -29.481014065955996], [-51.97705193597126, -29.481023089957883]], [[-51.977041535847995, -29.481014141694867], [-51.97702082216679, -29.48100526916823], [-51.977041449286276, -29.48100511769294], [-51.977041535847995, -29.481014141694867]], [[-51.97703295351177, -29.481194697469395], [-51.977043786466545, -29.48124876574057], [-51.97703347288217, -29.481248841479367], [-51.97703295351177, -29.481194697469395]], [[-51.977054359742105, -29.48127576200563], [-51.977064933023456, -29.48130275826961], [-51.97705461943367, -29.48130283401016], [-51.977054359742105, -29.48127576200563]], [[-51.97709958968387, -29.49136496676185], [-51.97710999089682, -29.491373914982066], [-51.97709967628723, -29.49137399074956], [-51.97709958968387, -29.49136496676185]], [[-51.97709967628723, -29.49137399074956], [-51.9770894482801, -29.491383090503962], [-51.977089361677606, -29.491374066516244], [-51.97709967628723, -29.49137399074956]], [[-51.977096479766516, -29.481365699052517], [-51.97710705306899, -29.48139269531232], [-51.977096739470234, -29.481392771056342], [-51.977096479766516, -29.481365699052517]], [[-51.97711823236759, -29.481482859578872], [-51.97713834015182, -29.481428564079916], [-51.97713903272728, -29.48150075608829], [-51.97711823236759, -29.481482859578872]], [[-51.97713920587154, -29.48151880409026], [-51.97715055836276, -29.48162701635307], [-51.977140244740404, -29.48162709210102], [-51.97713920587154, -29.48151880409026]], [[-51.97716121828327, -29.48166303660729], [-51.977172570818524, -29.481771248865005], [-51.97716225718163, -29.48177132461499], [-51.97716121828327, -29.48166303660729]], [[-51.97718314418633, -29.481798245115694], [-51.97719423702911, -29.48187938536754], [-51.97718392338134, -29.481879461119455], [-51.97718314418633, -29.481798245115694]], [[-51.977204810414705, -29.481906381615676], [-51.977216076450375, -29.482005569863972], [-51.9772057627899, -29.48200564561789], [-51.977204810414705, -29.481906381615676]], [[-51.9772319314145, -29.48258303008859], [-51.97721147714135, -29.48260122959938], [-51.97721113081213, -29.482565133602055], [-51.9772319314145, -29.48258303008859]], [[-51.97722673643756, -29.482041590109475], [-51.977237915930374, -29.48213175435323], [-51.97722760225719, -29.482131830109118], [-51.97722673643756, -29.482041590109475]], [[-51.977230892407746, -29.48247474209636], [-51.97724163903901, -29.482519786336255], [-51.977231325326535, -29.482519862093337], [-51.977230892407746, -29.48247474209636]], [[-51.97724857593978, -29.482167774595816], [-51.977259235957085, -29.482203794837194], [-51.97724892227667, -29.4822038705949], [-51.97724857593978, -29.482167774595816]], [[-51.97725065397062, -29.482384350587324], [-51.97726140059982, -29.48242939482625], [-51.97725108689657, -29.48242947058466], [-51.97725065397062, -29.482384350587324]], [[-51.97726980939603, -29.482230791077686], [-51.977281248715535, -29.482348027312366], [-51.977270935020584, -29.482348103072123], [-51.97726980939603, -29.482230791077686]], [[-51.97734566765721, -29.491209740340622], [-51.977355808998446, -29.491191616579943], [-51.97739706735952, -29.491191313427482], [-51.97734566765721, -29.491209740340622]], [[-51.97734566765721, -29.491209740340622], [-51.97733543968869, -29.49121884011327], [-51.97733535306498, -29.49120981612598], [-51.97734566765721, -29.491209740340622]], [[-51.977346767831726, -29.48272658069653], [-51.977356994969064, -29.482717480931264], [-51.97735708156477, -29.48272650493001], [-51.977346767831726, -29.48272658069653]], [[-51.97734668123693, -29.48271755669775], [-51.97733619431713, -29.48269958446579], [-51.97734650804747, -29.482699508700158], [-51.97734668123693, -29.48271755669775]], [[-51.97738004717904, -29.482970001354662], [-51.97735881348718, -29.48290698490242], [-51.97737926779307, -29.482888785368974], [-51.97738004717904, -29.482970001354662]], [[-51.97739070733507, -29.483006021578202], [-51.977400934495684, -29.482996921809374], [-51.97740102109627, -29.48300594580763], [-51.97739070733507, -29.483006021578202]], [[-51.9773906207354, -29.482996997579914], [-51.977380220376354, -29.482988049351345], [-51.977390534135765, -29.482987973581626], [-51.9773906207354, -29.482996997579914]], [[-51.97743014371812, -29.48281621452692], [-51.97744019764987, -29.482789066758485], [-51.97744045745998, -29.482816138753726], [-51.97743014371812, -29.48281621452692]], [[-51.97741948357013, -29.482780194305388], [-51.977409083231336, -29.482771246078332], [-51.977419396968706, -29.48277117030688], [-51.97741948357013, -29.482780194305388]], [[-51.97743248200041, -29.483059862479887], [-51.97744270916245, -29.48305076270788], [-51.977442795766926, -29.483059786705947], [-51.97743248200041, -29.483059862479887]], [[-51.97743239539684, -29.483050838481784], [-51.977421995028585, -29.483041890256754], [-51.97743230879332, -29.48304181448368], [-51.97743239539684, -29.483050838481784]], [[-51.97744846704271, -29.491172886494855], [-51.97743806582188, -29.491163938301042], [-51.97744838040914, -29.491163862507822], [-51.97744846704271, -29.491172886494855]], [[-51.977451031015, -29.4828431349748], [-51.97744063066691, -29.482834186750505], [-51.97745094441056, -29.48283411097647], [-51.977451031015, -29.4828431349748]], [[-51.977469009583565, -29.491163710918954], [-51.977458608361935, -29.491154762726758], [-51.97746892294822, -29.491154686931964], [-51.977469009583565, -29.491163710918954]], [[-51.97746359651258, -29.48307768315166], [-51.97748439726553, -29.483095579593922], [-51.97746368311899, -29.48308670714965], [-51.97746359651258, -29.48307768315166]], [[-51.97753674563249, -29.48317641667508], [-51.977526258629894, -29.48315844446118], [-51.97753657240611, -29.483158368679746], [-51.97753674563249, -29.48317641667508]], [[-51.97754017199438, -29.491054892490297], [-51.97752977077806, -29.49104594430341], [-51.9775400853531, -29.491045868503342], [-51.97754017199438, -29.491054892490297]], [[-51.97757886691506, -29.483266353515898], [-51.977568293279134, -29.483239357308488], [-51.97757860706341, -29.4832392815236], [-51.97757886691506, -29.483266353515898]], [[-51.97759096506231, -29.490973297596042], [-51.977601452922734, -29.490991269765168], [-51.97759113835342, -29.49099134556987], [-51.97759096506231, -29.490973297596042]], [[-51.97759113835342, -29.49099134556987], [-51.97758091042876, -29.491000445360683], [-51.977580823784066, -29.49099142137376], [-51.97759113835342, -29.49099134556987]], [[-51.97761133425541, -29.490946074025317], [-51.977621735468226, -29.49095502220603], [-51.97761142090265, -29.49095509801221], [-51.97761133425541, -29.490946074025317]], [[-51.97761142090265, -29.49095509801221], [-51.9776011929834, -29.49096419780451], [-51.977601106337026, -29.490955173817596], [-51.97761142090265, -29.49095509801221]], [[-51.977641529242774, -29.483347114764065], [-51.97763095558135, -29.48332011856252], [-51.97764126937361, -29.483320042772597], [-51.977641529242774, -29.483347114764065]], [[-51.97766328296022, -29.483464275142634], [-51.97764300184141, -29.483500522713566], [-51.97763182180414, -29.483410358533906], [-51.97766328296022, -29.483464275142634]], [[-51.977643608208865, -29.48356369069172], [-51.97763320776881, -29.483554742485524], [-51.977643521584824, -29.483554666694875], [-51.977643608208865, -29.48356369069172]], [[-51.97764395470542, -29.483599786678965], [-51.977633467638306, -29.483581814476096], [-51.97764378145707, -29.483581738685373], [-51.97764395470542, -29.483599786678965]], [[-51.97766388933937, -29.483527443120764], [-51.977653488901375, -29.483518494916055], [-51.97766380271366, -29.483518419123914], [-51.97766388933937, -29.483527443120764]], [[-51.97769281092009, -29.490837179712592], [-51.97770321212846, -29.490846127887163], [-51.977692897574165, -29.49084620369941], [-51.97769281092009, -29.490837179712592]], [[-51.977692897574165, -29.49084620369941], [-51.97768266967303, -29.490855303497707], [-51.97768258301983, -29.49084627951086], [-51.977692897574165, -29.49084620369941]], [[-51.9777483057799, -29.483725364677056], [-51.97773773204812, -29.483698368487076], [-51.97774804587836, -29.483698292688004], [-51.9777483057799, -29.483725364677056]], [[-51.97776423285045, -29.49075543313001], [-51.97777463405637, -29.490764381299154], [-51.97776431951057, -29.490764457116757], [-51.97776423285045, -29.49075543313001]], [[-51.97776431951057, -29.490764457116757], [-51.97775409162398, -29.49077355692031], [-51.97775400496473, -29.490764532933543], [-51.97776431951057, -29.490764457116757]], [[-51.97775409162398, -29.49077355692031], [-51.977743863735554, -29.490782656723106], [-51.97774377707719, -29.49077363273633], [-51.97775409162398, -29.49077355692031]], [[-51.977794743171266, -29.49071008574142], [-51.97780514437504, -29.490719033908285], [-51.97779482983393, -29.490719109728147], [-51.977794743171266, -29.49071008574142]], [[-51.97779482983393, -29.490719109728147], [-51.977784601954575, -29.490728209533938], [-51.97778451529278, -29.490719185547203], [-51.97779482983393, -29.490719109728147]], [[-51.97787673947271, -29.490655335241144], [-51.97788714067776, -29.490664283401628], [-51.97787682614245, -29.490664359227726], [-51.97787673947271, -29.490655335241144]], [[-51.97787682614245, -29.490664359227726], [-51.97786659827596, -29.49067345903959], [-51.977866511607104, -29.490664435053002], [-51.97787682614245, -29.490664359227726]], [[-51.97786659827596, -29.49067345903959], [-51.97785637040764, -29.490682558850718], [-51.977856283739655, -29.49067353486411], [-51.97786659827596, -29.49067345903959]], [[-51.97790517947237, -29.483949827487706], [-51.977915320028615, -29.483931703683876], [-51.97791549332755, -29.48394975167506], [-51.97790517947237, -29.483949827487706]], [[-51.97790500617526, -29.483931779496476], [-51.977894519026734, -29.48391380731692], [-51.9779048328783, -29.483913731505186], [-51.97790500617526, -29.483931779496476]], [[-51.977894519026734, -29.48391380731692], [-51.977884031881985, -29.48389583513641], [-51.97789434573176, -29.483895759325534], [-51.977894519026734, -29.48391380731692]], [[-51.977884031881985, -29.48389583513641], [-51.977873631386565, -29.483886886950724], [-51.97788394523547, -29.483886811140668], [-51.977884031881985, -29.48389583513641]], [[-51.977936814249766, -29.48402179201115], [-51.97794695480708, -29.484003668205062], [-51.977947128112135, -29.48402171619588], [-51.977936814249766, -29.48402179201115]], [[-51.97793664094654, -29.484003744020274], [-51.97792615378471, -29.483985771843713], [-51.97793646764347, -29.48398569602936], [-51.97793664094654, -29.484003744020274]], [[-51.97795761528151, -29.484039688370526], [-51.97794721476472, -29.484030740191265], [-51.97795752862796, -29.48403066437517], [-51.97795761528151, -29.484039688370526]], [[-51.97796810245465, -29.48405766054421], [-51.97795770193508, -29.484048712365855], [-51.977968015800116, -29.484048636548906], [-51.97796810245465, -29.48405766054421]], [[-51.97797876294273, -29.48409368070739], [-51.97796818910922, -29.48406668453949], [-51.97797850297604, -29.484066608721687], [-51.97797876294273, -29.48409368070739]], [[-51.977979364742474, -29.49060043302652], [-51.97798976595055, -29.49060938117897], [-51.97797945142111, -29.49060945701289], [-51.977979364742474, -29.49060043302652]], [[-51.97797945142111, -29.49060945701289], [-51.97796922356941, -29.4906185568324], [-51.977969136891645, -29.490609532846005], [-51.97797945142111, -29.49060945701289]], [[-51.97798925012541, -29.484111652879037], [-51.97797884959838, -29.48410270470259], [-51.97798916346881, -29.484102628883875], [-51.97798925012541, -29.484111652879037]], [[-51.977999737311855, -29.484129625049732], [-51.977989336782045, -29.484120676874188], [-51.97799965065426, -29.484120601054624], [-51.977999737311855, -29.484129625049732]], [[-51.97808363493924, -29.484273402380737], [-51.9780937754938, -29.484255278564174], [-51.97809394882664, -29.48427332655351], [-51.97808363493924, -29.484273402380737]], [[-51.97808346160823, -29.484255354391344], [-51.978072974393584, -29.484237382228226], [-51.97808328827737, -29.484237306401905], [-51.97808346160823, -29.484255354391344]], [[-51.978072974393584, -29.484237382228226], [-51.978062573846216, -29.484228434058952], [-51.97807288772912, -29.484228358233455], [-51.978072974393584, -29.484237382228226]], [[-51.97806240051925, -29.484210386069318], [-51.9780418594186, -29.48421956171268], [-51.97804168609537, -29.48420151372292], [-51.97806240051925, -29.484210386069318]], [[-51.97804168609537, -29.48420151372292], [-51.97803119889383, -29.484183541556067], [-51.978041512772286, -29.4841834657331], [-51.97804168609537, -29.48420151372292]], [[-51.97803119889383, -29.484183541556067], [-51.97802071169607, -29.484165569388253], [-51.97803102557274, -29.48416549356613], [-51.97803119889383, -29.484183541556067]], [[-51.97802071169607, -29.484165569388253], [-51.978010311160695, -29.484156621214524], [-51.97802062503649, -29.48415654539324], [-51.97802071169607, -29.484165569388253]], [[-51.97807193543738, -29.490572678534296], [-51.97806153422612, -29.490563730388306], [-51.978071848750666, -29.490563654548126], [-51.97807193543738, -29.490572678534296]], [[-51.978104436048824, -29.484291298714705], [-51.97809403549312, -29.48428235054815], [-51.9781043493814, -29.484282274720094], [-51.978104436048824, -29.484291298714705]], [[-51.97815687221636, -29.484381159506306], [-51.97814647164675, -29.484372211344297], [-51.97815678554396, -29.48437213551196], [-51.97815687221636, -29.484381159506306]], [[-51.978198821218285, -29.484453048122294], [-51.97821936235052, -29.48444387245425], [-51.97821953570695, -29.484461920442396], [-51.978198821218285, -29.484453048122294]], [[-51.9781986478656, -29.484435000134006], [-51.978188247286774, -29.48442605197555], [-51.9781985611893, -29.484425976139846], [-51.9781986478656, -29.484435000134006]], [[-51.978188247286774, -29.48442605197555], [-51.97817784670978, -29.48441710381622], [-51.97818816061144, -29.484417027981344], [-51.978188247286774, -29.48442605197555]], [[-51.97817784670978, -29.48441710381622], [-51.978167359461175, -29.48439913166174], [-51.97817767336105, -29.484399055827723], [-51.97817784670978, -29.48441710381622]], [[-51.978167359461175, -29.48439913166174], [-51.978156958888796, -29.484390183500636], [-51.97816727278779, -29.484390107667455], [-51.978167359461175, -29.48439913166174]], [[-51.97823019633, -29.484497940580233], [-51.97824042355947, -29.484488840747147], [-51.97824051023969, -29.484497864741115], [-51.97823019633, -29.484497940580233]], [[-51.9782301096507, -29.48448891658624], [-51.97821970906354, -29.484479968430506], [-51.97823002297143, -29.484479892592233], [-51.9782301096507, -29.48448891658624]], [[-51.97910781568254, -29.47063866325212], [-51.97967588288471, -29.47179866191498], [-51.97961496149637, -29.471898381509057], [-51.97822267279057, -29.47082566575282], [-51.97910781568254, -29.47063866325212]], [[-51.9782662640431, -29.49039978168917], [-51.97825586283336, -29.490390833558116], [-51.97826617733979, -29.490390757703288], [-51.9782662640431, -29.49039978168917]], [[-51.97827197206709, -29.484551781181974], [-51.97828219929798, -29.484542681345715], [-51.97828228598209, -29.484551705339484], [-51.97827197206709, -29.484551781181974]], [[-51.9782718853839, -29.48454275718817], [-51.97826148478752, -29.48453380903598], [-51.97827179870073, -29.484533733194354], [-51.9782718853839, -29.48454275718817]], [[-51.97829294663755, -29.48458772547108], [-51.97830317387004, -29.484578625633212], [-51.97830326055613, -29.48458764962689], [-51.97829294663755, -29.48458772547108]], [[-51.97829285995237, -29.484578701477382], [-51.97828245935043, -29.48456975332701], [-51.97829277326723, -29.48456967748366], [-51.97829285995237, -29.484578701477382]], [[-51.97830682841743, -29.490327286375184], [-51.97829642721181, -29.490318338247114], [-51.978306741710774, -29.4903182623893], [-51.97830682841743, -29.490327286375184]], [[-51.97833716495188, -29.49026389089607], [-51.97834756615528, -29.49027283902106], [-51.97833725166104, -29.490272914881935], [-51.97833716495188, -29.49026389089607]], [[-51.97833725166104, -29.490272914881935], [-51.978327023875046, -29.49028201472788], [-51.97832693716676, -29.490272990742007], [-51.97833725166104, -29.490272914881935]], [[-51.978327023875046, -29.49028201472788], [-51.97831688279468, -29.490300138558965], [-51.97831670937982, -29.490282090587183], [-51.978327023875046, -29.49028201472788]], [[-51.97831688279468, -29.490300138558965], [-51.97830665500416, -29.490309238403416], [-51.97830656829758, -29.49030021441752], [-51.97831688279468, -29.490300138558965]], [[-51.978366184368795, -29.48469548246605], [-51.9783764116051, -29.484686382622595], [-51.97837649829806, -29.48469540661592], [-51.978366184368795, -29.48469548246605]], [[-51.97836609767674, -29.484686458472687], [-51.9783556103662, -29.484668486335178], [-51.97836592429276, -29.484668410485938], [-51.97836609767674, -29.484686458472687]], [[-51.9783556103662, -29.484668486335178], [-51.97834512305942, -29.48465051419671], [-51.9783554369842, -29.48465043834832], [-51.9783556103662, -29.484668486335178]], [[-51.97834477629955, -29.484614418222737], [-51.978324321833384, -29.48463261790401], [-51.97832406176914, -29.484605545923294], [-51.97834477629955, -29.484614418222737]], [[-51.97840815239068, -29.49013702405269], [-51.978418640302806, -29.490154996158246], [-51.97840832582072, -29.49015507202436], [-51.97840815239068, -29.49013702405269]], [[-51.97840832582072, -29.49015507202436], [-51.978398184766974, -29.490173195861352], [-51.9783980113386, -29.490155147889666], [-51.97840832582072, -29.49015507202436]], [[-51.978398184766974, -29.490173195861352], [-51.9783880437097, -29.490191319697605], [-51.97838787028299, -29.49017327172591], [-51.978398184766974, -29.490173195861352]], [[-51.9783880437097, -29.490191319697605], [-51.97837790264888, -29.49020944353311], [-51.978377729223844, -29.49019139556142], [-51.9783880437097, -29.490191319697605]], [[-51.97837790264888, -29.49020944353311], [-51.97836776158452, -29.49022756736788], [-51.978367588161156, -29.490209519396185], [-51.97837790264888, -29.49020944353311]], [[-51.97836776158452, -29.49022756736788], [-51.97835762051663, -29.490245691201928], [-51.97835744709493, -29.490227643230224], [-51.97836776158452, -29.49022756736788]], [[-51.97835762051663, -29.490245691201928], [-51.978347392735174, -29.490254791049384], [-51.97834730602517, -29.49024576706352], [-51.97835762051663, -29.490245691201928]], [[-51.97839747293604, -29.484731350886243], [-51.97840770017299, -29.484722251040417], [-51.97840778686884, -29.484731275033617], [-51.97839747293604, -29.484731350886243]], [[-51.97839738624109, -29.48472232689302], [-51.97838698561517, -29.484713378751565], [-51.97839729954618, -29.484713302899795], [-51.97839738624109, -29.48472232689302]], [[-51.97843933555835, -29.48479421542235], [-51.97844956279759, -29.48478511557334], [-51.97844964949739, -29.484794139566336], [-51.97843933555835, -29.48479421542235]], [[-51.97843907546183, -29.48476714344325], [-51.978418534286085, -29.48477631914583], [-51.97841836089217, -29.484758271159603], [-51.97843907546183, -29.48476714344325]], [[-51.97841836089217, -29.484758271159603], [-51.97840796026069, -29.48474932301997], [-51.97841827419528, -29.484749247166487], [-51.97841836089217, -29.484758271159603]], [[-51.97842869463435, -29.490127848333973], [-51.97841829343922, -29.490118900214956], [-51.9784286079176, -29.49011882434816], [-51.97842869463435, -29.490127848333973]], [[-51.97844897671876, -29.49009160065482], [-51.97843857552568, -29.490082652537296], [-51.97844889000034, -29.490082576669007], [-51.97844897671876, -29.49009160065482]], [[-51.978460136837924, -29.48481211169542], [-51.97844973619723, -29.48480316355932], [-51.978460050137144, -29.484803087702474], [-51.978460136837924, -29.48481211169542]], [[-51.978481111530314, -29.484848055950685], [-51.978470710884054, -29.484839107816406], [-51.97848102482754, -29.484839031957854], [-51.978481111530314, -29.484848055950685]], [[-51.97851240018573, -29.484883924341034], [-51.97850199953304, -29.484874976209387], [-51.97851231348006, -29.484874900348323], [-51.97851240018573, -29.484883924341034]], [[-51.978522887546916, -29.48490189646445], [-51.97851248689144, -29.484892948333716], [-51.97852280084025, -29.4848928724718], [-51.978522887546916, -29.48490189646445]], [[-51.97857162294353, -29.489973378360535], [-51.97858202413653, -29.48998232646779], [-51.978571709672444, -29.48998240234617], [-51.97857162294353, -29.489973378360535]], [[-51.978571709672444, -29.48998240234617], [-51.978551167471274, -29.489991578086183], [-51.97855108074415, -29.489982554100507], [-51.978571709672444, -29.48998240234617]], [[-51.978551167471274, -29.489991578086183], [-51.9785409397324, -29.49000067794787], [-51.97854085300615, -29.48999165396219], [-51.978551167471274, -29.489991578086183]], [[-51.9785409397324, -29.49000067794787], [-51.97853071199171, -29.490009777808798], [-51.97853062526632, -29.490000753823104], [-51.9785409397324, -29.49000067794787]], [[-51.97854386228061, -29.484937840708422], [-51.97853346161957, -29.484928892579504], [-51.97854377557196, -29.484928816715872], [-51.97854386228061, -29.484937840708422]], [[-51.97855443636279, -29.484964836821444], [-51.978564663608154, -29.484955736963652], [-51.97856475031875, -29.4849647609561], [-51.97855443636279, -29.484964836821444]], [[-51.97855434965311, -29.484955812828957], [-51.97854394898929, -29.48494686470096], [-51.97855426294346, -29.484946788836467], [-51.97855434965311, -29.484955812828957]], [[-51.978606786572215, -29.485045673417265], [-51.978616927105215, -29.48502754956325], [-51.978617100536205, -29.485045597547675], [-51.978606786572215, -29.485045673417265]], [[-51.97860661314305, -29.485027625432792], [-51.97859612575367, -29.485009653316943], [-51.97860643971404, -29.485009577448274], [-51.97860661314305, -29.485027625432792]], [[-51.97859612575367, -29.485009653316943], [-51.97858563836806, -29.484991681200135], [-51.97859595232665, -29.484991605332322], [-51.97859612575367, -29.485009653316943]], [[-51.97858563836806, -29.484991681200135], [-51.978575237697804, -29.48498273307478], [-51.97858555165552, -29.48498265720778], [-51.97858563836806, -29.484991681200135]], [[-51.97862758793313, -29.485063569661605], [-51.978617187251764, -29.485054621539863], [-51.97862750121662, -29.485054545669456], [-51.97862758793313, -29.485063569661605]], [[-51.97865353149536, -29.489909603413214], [-51.97866393268868, -29.489918551514133], [-51.978653618231306, -29.489918627398694], [-51.97865353149536, -29.489909603413214]], [[-51.978653618231306, -29.489918627398694], [-51.978643390508964, -29.48992772726799], [-51.978643303773886, -29.48991870328248], [-51.978653618231306, -29.489918627398694]], [[-51.9786696242791, -29.485144482099624], [-51.97867985153147, -29.485135382233036], [-51.978679938252895, -29.48514440622493], [-51.9786696242791, -29.485144482099624]], [[-51.978669537558574, -29.4851354581077], [-51.978659136866085, -29.485126509989595], [-51.9786694508381, -29.485126434115752], [-51.978669537558574, -29.4851354581077]], [[-51.97871148724438, -29.485207346538438], [-51.97869051239394, -29.485171402324983], [-51.978721801224424, -29.485207270660354], [-51.97871148724438, -29.485207346538438]], [[-51.97869051239394, -29.485171402324983], [-51.97868011169589, -29.4851624542087], [-51.97869042567147, -29.485162378333147], [-51.97869051239394, -29.485171402324983]], [[-51.978753263533754, -29.485261186970746], [-51.97874286282093, -29.485252238859825], [-51.97875317680542, -29.48525216297921], [-51.978753263533754, -29.485261186970746]], [[-51.978774411886285, -29.485315179155712], [-51.978763924436535, -29.485297207055236], [-51.97877423842551, -29.485297131172885], [-51.978774411886285, -29.485315179155712]], [[-51.97878507280272, -29.485351199237915], [-51.978795213332354, -29.485333075371173], [-51.9787953867971, -29.485351123353798], [-51.97878507280272, -29.485351199237915]], [[-51.97878489933981, -29.48533315125524], [-51.97877449861673, -29.485324203147123], [-51.97878481260841, -29.48532412726388], [-51.97878489933981, -29.48533315125524]], [[-51.978805874258164, -29.485369095451397], [-51.97879547352954, -29.485360147345094], [-51.978805787524784, -29.485360071460146], [-51.978805874258164, -29.485369095451397]], [[-51.978816361723005, -29.485387067548043], [-51.97880596099159, -29.485378119442643], [-51.97881627498863, -29.485378043556835], [-51.978816361723005, -29.485387067548043]], [[-51.97882684919163, -29.485405039643716], [-51.97881644845743, -29.485396091539226], [-51.97882676245625, -29.485396015652572], [-51.97882684919163, -29.485405039643716]], [[-51.97883733666401, -29.48542301173844], [-51.97882693592703, -29.485414063634853], [-51.97883724992765, -29.48541398774734], [-51.97883733666401, -29.48542301173844]], [[-51.97883763016927, -29.489745805637046], [-51.97884803136117, -29.4897547537238], [-51.97883771692095, -29.489754829622267], [-51.97883763016927, -29.489745805637046]], [[-51.97883771692095, -29.489754829622267], [-51.9788274892315, -29.489763929505166], [-51.9788274024807, -29.48975490551994], [-51.97883771692095, -29.489754829622267]], [[-51.97885839835849, -29.485467979915963], [-51.97886862562516, -29.485458880034937], [-51.97886871236446, -29.48546790402588], [-51.97885839835849, -29.485467979915963]], [[-51.9788583116201, -29.485458955924987], [-51.97884782414016, -29.48544098383219], [-51.978858138143444, -29.485440907942998], [-51.9788583116201, -29.485458955924987]], [[-51.97884782414016, -29.48544098383219], [-51.978837423400414, -29.48543203572952], [-51.97884773740281, -29.485431959841147], [-51.97884782414016, -29.48544098383219]], [[-51.978868885843184, -29.485485952007757], [-51.9788898608239, -29.485521896188445], [-51.97887954681252, -29.485521972080285], [-51.978868885843184, -29.485485952007757]], [[-51.978900521804746, -29.48555791625885], [-51.97891074907635, -29.485548816374575], [-51.978910835819704, -29.4855578403653], [-51.978900521804746, -29.48555791625885]], [[-51.978900435062315, -29.485548892268106], [-51.978890034306744, -29.485539944170046], [-51.97890034831992, -29.48553986827735], [-51.978900435062315, -29.485548892268106]], [[-51.97892915872769, -29.489609762746323], [-51.97894961405596, -29.489591562964847], [-51.97892941900575, -29.489636834701745], [-51.97892915872769, -29.489609762746323]], [[-51.97892941900575, -29.489636834701745], [-51.97891919133625, -29.489645934591387], [-51.97891910457773, -29.489636910606244], [-51.97892941900575, -29.489636834701745]], [[-51.97891919133625, -29.489645934591387], [-51.97890896366492, -29.489655034480286], [-51.978908876907276, -29.48964601049512], [-51.97891919133625, -29.489645934591387]], [[-51.97892149681207, -29.485593860433564], [-51.978931724085264, -29.485584760547688], [-51.9789318108306, -29.485593784538302], [-51.97892149681207, -29.485593860433564]], [[-51.97892141006765, -29.48558483644292], [-51.97891100930652, -29.485575888346684], [-51.97892132332327, -29.485575812452282], [-51.97892141006765, -29.48558483644292]], [[-51.978942471834486, -29.485629804604432], [-51.978952699109264, -29.485620704716958], [-51.97895278585659, -29.48562972870746], [-51.978942471834486, -29.485629804604432]], [[-51.978942385088075, -29.4856207806139], [-51.97893198432139, -29.485611832519485], [-51.97894229834171, -29.48561175662336], [-51.978942385088075, -29.4856207806139]], [[-51.978959031767616, -29.486279455990918], [-51.97893710237085, -29.486144247941844], [-51.97895755702014, -29.486126048165936], [-51.978959031767616, -29.486279455990918]], [[-51.978959754955454, -29.489573439087867], [-51.978949267012105, -29.48955546702424], [-51.97895958143179, -29.489555391117587], [-51.978959754955454, -29.489573439087867]], [[-51.97895295935135, -29.48564777668843], [-51.9789739343964, -29.48568372085354], [-51.978963620368894, -29.485683796752276], [-51.97895295935135, -29.48564777668843]], [[-51.97897792491088, -29.486098824397217], [-51.978955995535266, -29.485963616347327], [-51.97897645014578, -29.48594541656893], [-51.97897792491088, -29.486098824397217]], [[-51.97895920526807, -29.486297503970086], [-51.97898070097029, -29.486387592064204], [-51.97897038687152, -29.4863876679651], [-51.97895920526807, -29.486297503970086]], [[-51.978984595425466, -29.48571974091526], [-51.978994822705175, -29.485710641024543], [-51.978994909456546, -29.48571966501481], [-51.978984595425466, -29.48571974091526]], [[-51.978984508675005, -29.485710716924963], [-51.97897410789529, -29.48570176883424], [-51.97898442192459, -29.485701692934654], [-51.978984508675005, -29.485710716924963]], [[-51.97898087447534, -29.48640564004296], [-51.97900237022235, -29.486495728131146], [-51.978992056112695, -29.486495804033975], [-51.97898087447534, -29.48640564004296]], [[-51.97900557049712, -29.4857556850744], [-51.97901579777842, -29.48574658518207], [-51.97901588453178, -29.485755609172237], [-51.97900557049712, -29.4857556850744]], [[-51.979005483744686, -29.48574666108421], [-51.97899508295941, -29.485737712995302], [-51.97900539699228, -29.485737637094005], [-51.979005483744686, -29.48574666108421]], [[-51.97901063293208, -29.489500867662045], [-51.97900023175289, -29.4894919195874], [-51.97901054616597, -29.48949184367695], [-51.97901063293208, -29.489500867662045]], [[-51.979002543732015, -29.486513776109497], [-51.9790238660097, -29.48658581621377], [-51.979013551890986, -29.48658589211849], [-51.979002543732015, -29.486513776109497]], [[-51.97901605803862, -29.48577365715253], [-51.97903703313291, -29.485809601305913], [-51.97902671909285, -29.485809677209833], [-51.97901605803862, -29.48577365715253]], [[-51.97902403952381, -29.486603864191764], [-51.97904553535594, -29.486693952268485], [-51.97903522122634, -29.486694028175126], [-51.97902403952381, -29.486603864191764]], [[-51.97903720664387, -29.485827649285948], [-51.97905818175724, -29.48586359343526], [-51.97904786771178, -29.485863669340947], [-51.97903720664387, -29.485827649285948]], [[-51.97904570887465, -29.486712000246065], [-51.979066857705426, -29.486765992362372], [-51.979056543568596, -29.486766068270832], [-51.97904570887465, -29.486712000246065]], [[-51.97906875607809, -29.485890589498318], [-51.97905835527232, -29.485881641415027], [-51.979068669319574, -29.485881565508482], [-51.97906875607809, -29.485890589498318]], [[-51.97906703122842, -29.486784040339636], [-51.97908818008651, -29.486838032451367], [-51.97907786594246, -29.486838108361653], [-51.97906703122842, -29.486784040339636]], [[-51.97924751729482, -29.489463025562383], [-51.97908239996682, -29.489455216341653], [-51.979247430507854, -29.489454001577876], [-51.97924751729482, -29.489463025562383]], [[-51.9790883536138, -29.486856080428325], [-51.979109328967795, -29.486892024558784], [-51.97909901481834, -29.486892100470833], [-51.9790883536138, -29.486856080428325]], [[-51.97910950249921, -29.486910072535487], [-51.979130651407814, -29.486964064638325], [-51.979120337251125, -29.486964140552207], [-51.97910950249921, -29.486910072535487]], [[-51.97913082494352, -29.48698211261473], [-51.979151800339615, -29.487018056736872], [-51.979141486177525, -29.487018132652516], [-51.97913082494352, -29.48698211261473]], [[-51.979151973879446, -29.487036104712995], [-51.97917312283857, -29.48709009680695], [-51.979162808669244, -29.487090172724415], [-51.979151973879446, -29.487036104712995]], [[-51.97917329638269, -29.487108144782766], [-51.97919444536913, -29.487162136872147], [-51.979184131192575, -29.48716221279143], [-51.97917329638269, -29.487108144782766]], [[-51.97919461891754, -29.48718018484765], [-51.97921559437877, -29.48721612895722], [-51.979205280196815, -29.487216204878273], [-51.97919461891754, -29.48718018484765]], [[-51.97921576793131, -29.487234176932457], [-51.97923691696826, -29.487288169012956], [-51.979226602779086, -29.487288244935833], [-51.97921576793131, -29.487234176932457]], [[-51.97924757827487, -29.487324189039004], [-51.97925780568729, -29.487315089127033], [-51.97925789246763, -29.48732411311442], [-51.97924757827487, -29.487324189039004]], [[-51.97924749149544, -29.487315165051594], [-51.97923709052509, -29.4873062169879], [-51.979247404716055, -29.48730614106417], [-51.97924749149544, -29.487315165051594]], [[-51.979289355744974, -29.48737802925941], [-51.97929958315883, -29.48736892934427], [-51.97929966994306, -29.487377953331464], [-51.979289355744974, -29.48737802925941]], [[-51.97928926896166, -29.48736900527218], [-51.97927886798209, -29.487360057212044], [-51.979289182178384, -29.487359981284953], [-51.97928926896166, -29.48736900527218]], [[-51.97933113325973, -29.487431869465244], [-51.979341360675015, -29.487422769546935], [-51.979341447463135, -29.48743179353394], [-51.97933113325973, -29.487431869465244]], [[-51.979331046472524, -29.487422845478214], [-51.97932064548373, -29.48741389742161], [-51.979330959685356, -29.48741382149116], [-51.979331046472524, -29.487422845478214]], [[-51.97933982620737, -29.489408198261845], [-51.97932942500974, -29.489399250213282], [-51.97933973941242, -29.48939917427752], [-51.97933982620737, -29.489408198261845]], [[-51.97945594527917, -29.487539246076263], [-51.979466172693506, -29.48753014614851], [-51.97946625949307, -29.487539170135037], [-51.97945594527917, -29.487539246076263]], [[-51.97945585848052, -29.487530222089713], [-51.97944545746981, -29.48752127404353], [-51.97945577168191, -29.48752119810315], [-51.97945585848052, -29.487530222089713]], [[-51.979473392610075, -29.48935306711984], [-51.97945267701007, -29.489344195026973], [-51.979473305803474, -29.4893440431358], [-51.979473392610075, -29.48935306711984]], [[-51.97958650371468, -29.489316135725876], [-51.97955547372029, -29.489307339603698], [-51.97958641689818, -29.489307111742082], [-51.97958650371468, -29.489316135725876]], [[-51.97958075756175, -29.487646622562373], [-51.97959098497514, -29.487637522625164], [-51.97959107178614, -29.487646546611213], [-51.97958075756175, -29.487646622562373]], [[-51.979580670751666, -29.487637598576292], [-51.97957026971902, -29.487628650540522], [-51.97958058394162, -29.487628574590218], [-51.979580670751666, -29.487637598576292]], [[-51.97963790203953, -29.489297707973066], [-51.97961718643737, -29.489288835905825], [-51.97963781521855, -29.48928868398939], [-51.97963790203953, -29.489297707973066]], [[-51.97964333743345, -29.48771835873019], [-51.97965356484811, -29.487709258788247], [-51.979653651664904, -29.487718282774015], [-51.97964333743345, -29.48771835873019]], [[-51.97964325061756, -29.487709334744387], [-51.97963284957204, -29.487700386713893], [-51.97964316380172, -29.48770031075857], [-51.97964325061756, -29.487709334744387]], [[-51.97973720740753, -29.487825962921466], [-51.979747434824105, -29.48781686297239], [-51.9797475216496, -29.487825886957765], [-51.97973720740753, -29.487825962921466]], [[-51.97973712058295, -29.48781693893607], [-51.979726719518126, -29.4878079909135], [-51.97973703375841, -29.487807914950647], [-51.97973712058295, -29.48781693893607]], [[-51.97972654587099, -29.487789942942584], [-51.979706004215686, -29.487799118851296], [-51.979705830572286, -29.487781070880235], [-51.97972654587099, -29.487789942942584]], [[-51.979705830572286, -29.487781070880235], [-51.979695429513896, -29.48777212285503], [-51.97970574375064, -29.487772046894687], [-51.979705830572286, -29.487781070880235]], [[-51.97981211781706, -29.489179104771257], [-51.979801542933, -29.48915210879292], [-51.97981185730919, -29.489152032821128], [-51.97981211781706, -29.489179104771257]], [[-51.979781174680156, -29.489179332684476], [-51.97978152201358, -29.48921542861813], [-51.97975057886536, -29.48921565652449], [-51.979781174680156, -29.489179332684476]], [[-51.97975057886536, -29.48921565652449], [-51.97974035131234, -29.489224756475174], [-51.97974026448254, -29.489215732491676], [-51.97975057886536, -29.48921565652449]], [[-51.979789473252104, -29.48789777497661], [-51.9797997006709, -29.48788867502354], [-51.979799787501285, -29.48789769900868], [-51.979789473252104, -29.48789777497661]], [[-51.97978938642264, -29.487888750991438], [-51.979778898517345, -29.48787077898811], [-51.979789212763826, -29.48787070302107], [-51.97978938642264, -29.487888750991438]], [[-51.979778898517345, -29.48787077898811], [-51.979768410615826, -29.487852806983827], [-51.979778724860516, -29.487852731017647], [-51.979778898517345, -29.48787077898811]], [[-51.979768410615826, -29.487852806983827], [-51.97975800954457, -29.48784385896391], [-51.979768323788385, -29.48784378299855], [-51.979768410615826, -29.487852806983827]], [[-51.979799961162165, -29.487915746978913], [-51.979820936993605, -29.48795169098066], [-51.97981062273902, -29.48795176695033], [-51.979799961162165, -29.487915746978913]], [[-51.9798529411345, -29.489133680959384], [-51.97983213871084, -29.48911578494169], [-51.97986308182797, -29.489115557017072], [-51.9798529411345, -29.489133680959384]], [[-51.97982111065861, -29.487969738950625], [-51.979842086509116, -29.488005682948298], [-51.979831772249135, -29.48800575891976], [-51.97982111065861, -29.487969738950625]], [[-51.97984226017826, -29.488023730918016], [-51.979852834946776, -29.488050726900102], [-51.97984252068226, -29.48805080287249], [-51.97984226017826, -29.488023730918016]], [[-51.97987313567677, -29.48908840909071], [-51.97986273446705, -29.489079461083755], [-51.979873048835685, -29.48907938510738], [-51.97987313567677, -29.48908840909071]], [[-51.979874158176706, -29.48812276683029], [-51.97986340972109, -29.4880777228811], [-51.97987372398828, -29.48807764690702], [-51.979874158176706, -29.48812276683029]], [[-51.9798869039475, -29.488375362419056], [-51.97989496039938, -29.488140662848572], [-51.97989721824475, -29.488375286442462], [-51.9798869039475, -29.488375362419056]], [[-51.97988464612589, -29.488140738824445], [-51.97987424501451, -29.488131790814908], [-51.97988455928713, -29.48813171483986], [-51.97988464612589, -29.488140738824445]], [[-51.979893417044345, -29.489052161202395], [-51.979883015836684, -29.489043213196922], [-51.97989333020159, -29.48904313721907], [-51.979893417044345, -29.489052161202395]], [[-51.97990312350527, -29.48898891734044], [-51.97991361155334, -29.48900688932781], [-51.97990329719217, -29.489006965307148], [-51.97990312350527, -29.48898891734044]], [[-51.97990329719217, -29.489006965307148], [-51.97989324335887, -29.48903411323575], [-51.97989298283096, -29.48900704128569], [-51.97990329719217, -29.489006965307148]], [[-51.97991888895256, -29.488483422295925], [-51.979907879908815, -29.488411306401723], [-51.97991819420964, -29.48841123042343], [-51.97991888895256, -29.488483422295925]], [[-51.9799236653787, -29.48897974139775], [-51.97991309048763, -29.48895274542769], [-51.97992340484328, -29.488952669447716], [-51.9799236653787, -29.48897974139775]], [[-51.97995122141403, -29.488627578096825], [-51.97993250335884, -29.488826257699017], [-51.97992946379265, -29.488510418268504], [-51.97995122141403, -29.488627578096825]], [[-51.98152767640146, -29.422031976088146], [-51.98153807073688, -29.422040924209227], [-51.98152776315206, -29.422041000157932], [-51.98152767640146, -29.422031976088146]], [[-51.98152776315206, -29.422041000157932], [-51.98150723473111, -29.42205017612278], [-51.98150714798229, -29.422041152052955], [-51.98152776315206, -29.422041000157932]], [[-51.98155868590641, -29.422040772309426], [-51.98154829156925, -29.42203182419], [-51.981558599153075, -29.422031748239725], [-51.98155868590641, -29.422040772309426]], [[-51.98192784964545, -29.421839508053296], [-51.98198986860585, -29.421857100303775], [-51.98192802321605, -29.421857556191217], [-51.98192784964545, -29.421839508053296]], [[-51.982133740492564, -29.421810916112737], [-51.98215418200169, -29.421792715985028], [-51.98215435561197, -29.421810764121833], [-51.982133740492564, -29.421810916112737]], [[-51.98213365368923, -29.42180189204428], [-51.98212325932799, -29.421792943970026], [-51.982133566885935, -29.421792867975824], [-51.98213365368923, -29.42180189204428]], [[-51.98212325932799, -29.421792943970026], [-51.982092163054745, -29.42177512381064], [-51.98212317252564, -29.42178391990151], [-51.98212325932799, -29.421792943970026]], [[-51.98217488392423, -29.421801588059402], [-51.982164489559516, -29.421792639988443], [-51.982174797117295, -29.421792563991048], [-51.98217488392423, -29.421801588059402]], [[-51.982256823507576, -29.421746835642388], [-51.98226721787539, -29.42175578370613], [-51.9822569103216, -29.42175585971058], [-51.982256823507576, -29.421746835642388]], [[-51.9822569103216, -29.42175585971058], [-51.98223638202617, -29.421765035785334], [-51.98223629521392, -29.421756011717104], [-51.9822569103216, -29.42175585971058]], [[-51.98229796690119, -29.421737507551804], [-51.98231866882421, -29.42174637960388], [-51.98229805371883, -29.421746531619902], [-51.98229796690119, -29.421737507551804]], [[-51.98229805371883, -29.421746531619902], [-51.982277525429126, -29.42175570770088], [-51.98227743861328, -29.421746683632733], [-51.98229805371883, -29.421746531619902]], [[-51.98235981221142, -29.421737051494325], [-51.98234941783767, -29.421728103437932], [-51.98235972538836, -29.421728027426383], [-51.98235981221142, -29.421737051494325]], [[-51.98240095559074, -29.421727723372232], [-51.98239056121446, -29.42171877531909], [-51.98240086876408, -29.421718699304385], [-51.98240095559074, -29.421727723372232]], [[-51.98248280815683, -29.421663946752048], [-51.982544827097435, -29.42168153874484], [-51.98246236673291, -29.42168214692857], [-51.98248280815683, -29.421663946752048]], [[-51.98267830407871, -29.421626405934326], [-51.98266790968936, -29.421617457903036], [-51.9826782172279, -29.421617381867097], [-51.98267830407871, -29.421626405934326]], [[-51.98270913984327, -29.421617153754536], [-51.98269874545227, -29.42160820572567], [-51.982709052989776, -29.42160812968737], [-51.98270913984327, -29.421617153754536]], [[-51.9828837599083, -29.421552692514066], [-51.982873365509136, -29.42154374449893], [-51.982883673039595, -29.42154366844729], [-51.9828837599083, -29.421552692514066]], [[-51.982914595630746, -29.421543440287554], [-51.98289389370044, -29.42153456832808], [-51.98291450875934, -29.421534416220858], [-51.982914595630746, -29.421543440287554]], [[-51.9829454313474, -29.42153418805402], [-51.98292472941647, -29.421525316099352], [-51.98294534447331, -29.421525163987397], [-51.9829454313474, -29.42153418805402]], [[-51.98296595953, -29.42152501187224], [-51.982955565126716, -29.42151606386361], [-51.98296587265413, -29.42151598780567], [-51.98296595953, -29.42152501187224]], [[-51.982996795236126, -29.421515759627045], [-51.98298640083118, -29.42150681162084], [-51.98299670835756, -29.42150673556053], [-51.982996795236126, -29.421515759627045]], [[-51.98339409245445, -29.467015249240358], [-51.98363719390991, -29.467627128654588], [-51.983580198072765, -29.468132930065515], [-51.98324637560962, -29.467738312413545], [-51.98339409245445, -29.467015249240358]], [[-51.986073575284564, -29.467888862740164], [-51.98661120765735, -29.468029272357853], [-51.986643891636376, -29.468209522873142], [-51.986073575284564, -29.467888862740164]], [[-51.98725624739665, -29.468611090386013], [-51.98750688997591, -29.4689341177766], [-51.987325027971664, -29.469323526607035], [-51.98725624739665, -29.468611090386013]], [[-51.989284474611004, -29.466132302355962], [-51.989336297486524, -29.466158991050374], [-51.98927442537166, -29.466159450974637], [-51.989284474611004, -29.466132302355962]], [[-51.99217517594313, -29.466453719653607], [-51.99204199780661, -29.466544958796728], [-51.99204085590496, -29.46642764704534], [-51.99217517594313, -29.466453719653607]], [[-51.99349656451952, -29.464476491624115], [-51.99340384594768, -29.46448620834462], [-51.99345496535001, -29.46444070359782], [-51.99349656451952, -29.464476491624115]]], [[[-51.98426675128738, -29.420658059984188], [-51.98426668449499, -29.420651130976573], [-51.984263400660325, -29.42065808474032], [-51.98426675128738, -29.420658059984188]]], [[[-51.99268927720206, -29.41119182476268], [-51.99269953167006, -29.4111863986002], [-51.99268926214751, -29.41119027566472], [-51.99268927720206, -29.41119182476268]]], [[[-52.02021146336659, -29.40726576931386], [-52.020211439489906, -29.407263378337053], [-52.02019813154202, -29.407265871384904], [-52.02021146336659, -29.40726576931386]]], [[[-51.97212085998312, -29.49714110811878], [-51.97211063095535, -29.497150207506067], [-51.9721209461655, -29.497150132112036], [-51.97212085998312, -29.49714110811878]]], [[[-51.972954631367834, -29.495871564226608], [-51.97294423003892, -29.49586261568954], [-51.9729443162898, -29.49587163968233], [-51.972954631367834, -29.495871564226608]]], [[[-51.97168508246481, -29.47417658647591], [-51.971584104979584, -29.474402940153638], [-51.97172779714761, -29.47432969367122], [-51.97168508246481, -29.47417658647591]]], [[[-51.955141690960296, -29.468637887744332], [-51.95514118348653, -29.46858374328149], [-51.95508979078868, -29.468602161489475], [-51.955141690960296, -29.468637887744332]]], [[[-51.953971915205635, -29.468167969828603], [-51.95396151840201, -29.468159019668484], [-51.95395154396061, -29.468195189911842], [-51.953971915205635, -29.468167969828603]]], [[[-51.95613257677254, -29.466528020965445], [-51.9560918360754, -29.46658246176284], [-51.95612285722566, -29.46659126359123], [-51.95613257677254, -29.466528020965445]]], [[[-51.964418186017895, -29.462632749760537], [-51.964366200447486, -29.462588003035336], [-51.9643562302087, -29.46262417399213], [-51.964418186017895, -29.462632749760537]]], [[[-51.94306934744121, -29.45683844369794], [-51.94312031920565, -29.456774909560753], [-51.94305828500323, -29.45675729962516], [-51.94306934744121, -29.45683844369794]]], [[[-51.92756259233924, -29.446893835698233], [-51.92754188976136, -29.446884955174145], [-51.92754197182396, -29.446893979352453], [-51.92756259233924, -29.446893835698233]]], [[[-51.932566348485615, -29.437067028727558], [-51.93211331849033, -29.437133373728955], [-51.93200156514246, -29.437314651024668], [-51.932566348485615, -29.437067028727558]]]]}}, {"id": "0", "type": "Feature", "properties": {}, "geometry": {"type": "MultiPolygon", "coordinates": [[[[-51.128779829551185, -29.956373821761748, 0.0], [-51.12990944927968, -29.957785129215367, 0.0], [-51.13072872311653, -29.958042454084293, 0.0], [-51.128779829551185, -29.956373821761748, 0.0]]], [[[-51.13423716599282, -29.960786776389654, 0.0], [-51.13531907786949, -29.96044571308743, 0.0], [-51.135865222746034, -29.959929909585505, 0.0], [-51.13423716599282, -29.960786776389654, 0.0]]], [[[-51.150307814236406, -29.96422080141339, 0.0], [-51.15042686680118, -29.964229305012974, 0.0], [-51.15038998586673, -29.963956987302964, 0.0], [-51.150307814236406, -29.96422080141339, 0.0]]], [[[-51.15407491799079, -29.966833479942146, 0.0], [-51.15510484749801, -29.966650361350386, 0.0], [-51.15533793123684, -29.965452081155036, 0.0], [-51.15407491799079, -29.966833479942146, 0.0]]], [[[-51.166073156014704, -29.966960893157328, 0.0], [-51.16623318262759, -29.967154149579546, 0.0], [-51.166276854858395, -29.967146104390032, 0.0], [-51.166073156014704, -29.966960893157328, 0.0]]], [[[-51.19436273548204, -29.96928749951978, 0.0], [-51.16582403235501, -29.967270477240703, 0.0], [-51.16531610239181, -29.96627254936421, 0.0], [-51.16437215542989, -29.965828600431575, 0.0], [-51.16174707425212, -29.96727047801894, 0.0], [-51.16011629154995, -29.967356308677573, 0.0], [-51.15899442847681, -29.966124827843785, 0.0], [-51.15664014826863, -29.9647384725342, 0.0], [-51.15582475736671, -29.965124710027556, 0.0], [-51.15578184125233, -29.966412170467823, 0.0], [-51.1552239416468, -29.96714173228106, 0.0], [-51.1511898996583, -29.96662674843973, 0.0], [-51.149859524366924, -29.9653392876665, 0.0], [-51.14921579432927, -29.963751419444296, 0.0], [-51.14955911695613, -29.963622673816804, 0.0], [-51.15003118523119, -29.964695557250955, 0.0], [-51.149859524366924, -29.962077721060854, 0.0], [-51.147456265080585, -29.95988903877773, 0.0], [-51.14337930697768, -29.96109066800679, 0.0], [-51.14273557694002, -29.960790261283126, 0.0], [-51.14058980984841, -29.957528694829925, 0.0], [-51.1369736753613, -29.959346516993005, 0.0], [-51.1354478235177, -29.960874867093015, 0.0], [-51.13385995603159, -29.9610465277095, 0.0], [-51.13164970837782, -29.958830996774818, 0.0], [-51.129439676200164, -29.95825703066945, 0.0], [-51.12840970742126, -29.95696956965899, 0.0], [-51.12832387698912, -29.955983437599095, 0.0], [-51.126716417117876, -29.95460713899252, 0.0], [-51.125843893059404, -29.954493331727097, 0.0], [-51.120045999999995, -29.9580456, 0.0], [-51.11278459999999, -29.958051400000002, 0.0], [-51.10543, -29.9650113, 0.0], [-51.1017133, -29.964060999999997, 0.0], [-51.09607459999999, -29.965860199999998, 0.0], [-51.0915605, -29.9630023, 0.0], [-51.088591, -29.9638411, 0.0], [-51.090091, -29.9668293, 0.0], [-51.08647559999999, -29.970939599999998, 0.0], [-51.089017399999996, -29.986485699999996, 0.0], [-51.08757131917745, -30.00303498538579, 0.0], [-51.08899984784737, -29.99890587957003, 0.0], [-51.09142883039187, -29.998321216004552, 0.0], [-51.09114306192694, -29.99485740583344, 0.0], [-51.091955924969675, -29.994190459519995, 0.0], [-51.09199870813338, -29.992893606637825, 0.0], [-51.09144253868311, -29.990658039513303, 0.0], [-51.09355312954482, -29.990139281934496, 0.0], [-51.09490790128269, -29.98742193604548, 0.0], [-51.09697571077732, -29.986273218242577, 0.0], [-51.09651079668519, -29.984736727669702, 0.0], [-51.095007726568646, -29.984247487801124, 0.0], [-51.09475103387453, -29.983753401126542, 0.0], [-51.09420912428106, -29.97982532538547, 0.0], [-51.106273723125604, -29.978441814898837, 0.0], [-51.10684415333102, -29.978515931242473, 0.0], [-51.10680971641461, -29.978941631684105, 0.0], [-51.10505018716591, -29.982889843761168, 0.0], [-51.10325223517589, -29.985121194313667, 0.0], [-51.10340731134338, -29.986458496331938, 0.0], [-51.10856970470241, -29.986162051222998, 0.0], [-51.10991021658345, -29.98698962416062, 0.0], [-51.11250567311976, -29.986544958543913, 0.0], [-51.11368931579601, -29.988570642114716, 0.0], [-51.113903227123046, -29.99036160694307, 0.0], [-51.11460200502299, -29.990892715448386, 0.0], [-51.115714343025225, -29.990719796187367, 0.0], [-51.11612790492417, -29.989126461706437, 0.0], [-51.11860927631773, -29.98845947688933, 0.0], [-51.11884896659846, -29.990396285709295, 0.0], [-51.121276038426366, -29.991633790471745, 0.0], [-51.12224576887726, -29.99185611291141, 0.0], [-51.12529757047623, -29.99116444310655, 0.0], [-51.12635286635624, -29.99160908803416, 0.0], [-51.127294076195184, -29.991090335424968, 0.0], [-51.13214273383952, -29.992572478545128, 0.0], [-51.13251351347305, -29.993313542584932, 0.0], [-51.13077370044821, -29.995462593980502, 0.0], [-51.131647523166116, -29.996798753874003, 0.0], [-51.13825648620356, -29.99588322703589, 0.0], [-51.14197581690701, -29.99596190497505, 0.0], [-51.14283412392332, -29.996562719525517, 0.0], [-51.143406328301424, -29.996162175599327, 0.0], [-51.14317744744851, -29.99464583437657, 0.0], [-51.14569204932104, -29.994733797232314, 0.0], [-51.14683131073067, -29.992943010867556, 0.0], [-51.152735264255035, -29.99281950102512, 0.0], [-51.15461768303461, -29.993585263616744, 0.0], [-51.155245156260555, -29.99299241507272, 0.0], [-51.15590115099679, -29.994746249203743, 0.0], [-51.15561593589408, -29.995462593980502, 0.0], [-51.14828590775449, -29.995610803538153, 0.0], [-51.14771547754908, -29.997043476220718, 0.0], [-51.1509808859462, -29.997413873599836, 0.0], [-51.158934530844235, -29.997070550943736, 0.0], [-51.159563954312674, -29.998586892466257, 0.0], [-51.16491406951492, -30.002306223681853, 0.0], [-51.16834729668186, -30.003250361413144, 0.0], [-51.17381184916645, -30.00395131097478, 0.0], [-51.17412639605982, -30.006602337006928, 0.0], [-51.175638036104175, -30.007170406465065, 0.0], [-51.179117660357214, -30.007787867954736, 0.0], [-51.19198477544903, -30.007773578657208, 0.0], [-51.19303222274842, -30.01038257781319, 0.0], [-51.19705769121587, -30.015814527701988, 0.0], [-51.203218336536025, -30.01628375926082, 0.0], [-51.20490110564202, -30.01699994855258, 0.0], [-51.20732303191996, -30.01990978396844, 0.0], [-51.20826717026673, -30.020725175905838, 0.0], [-51.209382968579455, -30.020939752394845, 0.0], [-51.209468799909885, -30.02265636625693, 0.0], [-51.20998378340102, -30.023471758163513, 0.0], [-51.21200080484444, -30.023471758163513, 0.0], [-51.21651850696844, -30.02671097140287, 0.0], [-51.22175731821205, -30.0270507600417, 0.0], [-51.22532250789421, -30.028902764781943, 0.0], [-51.229201433291045, -30.029421318913144, 0.0], [-51.2386135307821, -30.03342150923118, 0.0], [-51.2388987458848, -30.034409184721024, 0.0], [-51.23855648776156, -30.035495618023937, 0.0], [-51.23216766946089, -30.03527339415821, 0.0], [-51.230598986396, -30.036063521194546, 0.0], [-51.22823170104351, -30.036186977197225, 0.0], [-51.22586441569105, -30.037248699936626, 0.0], [-51.22158610650541, -30.04138702140682, 0.0], [-51.22070334105887, -30.041061791937064, 0.0], [-51.21781945794268, -30.04438023392801, 0.0], [-51.21642360534858, -30.04365597011316, 0.0], [-51.21481047454173, -30.045170338887765, 0.0], [-51.2142508160349, -30.04732995857908, 0.0], [-51.22483764221961, -30.048408437816967, 0.0], [-51.22494590987261, -30.048689586165242, 0.0], [-51.22313058985487, -30.048961315669953, 0.0], [-51.22323658836346, -30.05001600056698, 0.0], [-51.2248324930764, -30.04984801077365, 0.0], [-51.22543330789799, -30.051667138827074, 0.0], [-51.22624869879991, -30.052267953352853, 0.0], [-51.225047070055055, -30.052997515390533, 0.0], [-51.22491832350854, -30.05385582209449, 0.0], [-51.225175815703274, -30.05716030357893, 0.0], [-51.22672076797329, -30.05999271658269, 0.0], [-51.22796531283254, -30.06080810759047, 0.0], [-51.2290381959292, -30.062739298141473, 0.0], [-51.230668980427986, -30.062009737133387, 0.0], [-51.23182769305847, -30.064241334586715, 0.0], [-51.23637195207721, -30.06776665843071, 0.0], [-51.2369183119246, -30.06902447799819, 0.0], [-51.23963807283836, -30.0712292538655, 0.0], [-51.24053929417242, -30.073659335675096, 0.0], [-51.24168191528121, -30.074335251642925, 0.0], [-51.241778475191104, -30.07372370863827, 0.0], [-51.24018524296611, -30.071422372707726, 0.0], [-51.2398150975432, -30.06933025011194, 0.0], [-51.238098256236796, -30.068143048342343, 0.0], [-51.23846303602254, -30.067670979819496, 0.0], [-51.23822700188501, -30.06488148200024, 0.0], [-51.23859178256906, -30.064581074590137, 0.0], [-51.24088775336609, -30.071533360967294, 0.0], [-51.243848903274795, -30.07629694714021, 0.0], [-51.244470573384014, -30.076489448970708, 0.0], [-51.241574399518115, -30.072177090884384, 0.0], [-51.24058112781689, -30.06885898644338, 0.0], [-51.239926158058395, -30.06333698226322, 0.0], [-51.234792847656706, -30.05901995049576, 0.0], [-51.23435969978965, -30.058190271282562, 0.0], [-51.234208687600486, -30.05534423882265, 0.0], [-51.23370210964548, -30.054305574300113, 0.0], [-51.2340371956195, -30.047801337176754, 0.0], [-51.23296346810647, -30.047601475643727, 0.0], [-51.232858689510046, -30.04720826526893, 0.0], [-51.23526092112372, -30.046368006656877, 0.0], [-51.23527060406416, -30.045239653420175, 0.0], [-51.23591546058918, -30.046281370241257, 0.0], [-51.237813368003785, -30.04710156263831, 0.0], [-51.23539498030682, -30.04452380579088, 0.0], [-51.23543258288629, -30.0434273927048, 0.0], [-51.23988665701124, -30.042483254890495, 0.0], [-51.24139781588609, -30.041710778520386, 0.0], [-51.2423848685506, -30.03526921253409, 0.0], [-51.24165530808081, -30.033599778526185, 0.0], [-51.241869884161154, -30.032956048990272, 0.0], [-51.240882831496634, -30.032441064373103, 0.0], [-51.241140323691354, -30.031625673135732, 0.0], [-51.236591297313396, -30.02917949883934, 0.0], [-51.22813697459514, -30.025145456143317, 0.0], [-51.227321582794886, -30.025531694314033, 0.0], [-51.22663493664286, -30.02433006477961, 0.0], [-51.225948292287434, -30.025016710789053, 0.0], [-51.22573371530879, -30.023986741935957, 0.0], [-51.22478957786034, -30.023257181709617, 0.0], [-51.224403339119085, -30.02364341945896, 0.0], [-51.22457500088168, -30.024372979954265, 0.0], [-51.2236737786493, -30.02402965803698, 0.0], [-51.223545033001095, -30.02248470558588, 0.0], [-51.222686725086476, -30.022012636430276, 0.0], [-51.22217174159534, -30.022098467211602, 0.0], [-51.22187133418455, -30.023128435458773, 0.0], [-51.22079845018958, -30.02295677404948, 0.0], [-51.22118468803251, -30.02115432919728, 0.0], [-51.2206267893253, -30.020939752394845, 0.0], [-51.22019763536799, -30.021712228888298, 0.0], [-51.219768481410675, -30.021669313339746, 0.0], [-51.21882434486055, -30.02085392216608, 0.0], [-51.21955390533033, -30.0202960223126, 0.0], [-51.21938224356776, -30.019437715776455, 0.0], [-51.21607776204903, -30.01630489540086, 0.0], [-51.20988305530822, -30.005133023656104, 0.0], [-51.20919641005449, -30.001571050530167, 0.0], [-51.207651456886154, -29.998395314397836, 0.0], [-51.20896449738749, -29.99736782159661, 0.0], [-51.2076085425684, -29.99775158271006, 0.0], [-51.20687898120028, -29.997064937768684, 0.0], [-51.20747979512356, -29.996292461491116, 0.0], [-51.20679315076814, -29.995992053852493, 0.0], [-51.20662148900557, -29.9949191707871, 0.0], [-51.20705064296288, -29.994490016803436, 0.0], [-51.20640691202691, -29.99436127055773, 0.0], [-51.206921896416354, -29.993803371082755, 0.0], [-51.20679315076814, -29.992730636302905, 0.0], [-51.20653565857343, -29.992945064060134, 0.0], [-51.20606359029836, -29.992000927099923, 0.0], [-51.206020674183975, -29.990885127270392, 0.0], [-51.20520528238374, -29.990842213168015, 0.0], [-51.20572026677319, -29.9904988895668, 0.0], [-51.20559152022667, -29.98955475268347, 0.0], [-51.20486195975687, -29.989340175998617, 0.0], [-51.20486195975687, -29.988481868511798, 0.0], [-51.206064003523394, -29.987881054069096, 0.0], [-51.20586805311215, -29.987239353411045, 0.0], [-51.20325263511189, -29.985327590836835, 0.0], [-51.202587447017045, -29.983696807426007, 0.0], [-51.20378907666023, -29.98298870494741, 0.0], [-51.20393927946731, -29.981529583055902, 0.0], [-51.20355304162438, -29.98133646409196, 0.0], [-51.20369597795912, -29.980046058110002, 0.0], [-51.20325904009988, -29.979755699785905, 0.0], [-51.20351544623142, -29.979448188406852, 0.0], [-51.201945150690584, -29.97424781387974, 0.0], [-51.20109609183014, -29.973591874093582, 0.0], [-51.201160464205074, -29.97305543204806, 0.0], [-51.19950084288734, -29.971409867783276, 0.0], [-51.199706677461656, -29.971095706611575, 0.0], [-51.19436273548204, -29.96928749951978, 0.0]]], [[[-51.08749590121154, -30.003898086134765, 0.0], [-51.08749589999999, -30.003898099999994, 0.0], [-51.08749590274123, -30.00389810327104, 0.0], [-51.08749590121154, -30.003898086134765, 0.0]]], [[[-51.201807769345685, -29.970613190294134, 0.0], [-51.2019364352357, -29.970542864643917, 0.0], [-51.20194980330715, -29.970475288427064, 0.0], [-51.201807769345685, -29.970613190294134, 0.0]]], [[[-51.20198252060307, -29.970443522952483, 0.0], [-51.2021019318605, -29.970371142610833, 0.0], [-51.20210184315403, -29.970327671768782, 0.0], [-51.20198252060307, -29.970443522952483, 0.0]]], [[[-51.20223154642957, -29.97020174185965, 0.0], [-51.20343497784321, -29.969235966803865, 0.0], [-51.203778301368395, -29.968699985577146, 0.0], [-51.20223154642957, -29.97020174185965, 0.0]]], [[[-51.23709547227502, -29.936479439229306, 0.0], [-51.23709570944291, -29.936479305695894, 0.0], [-51.23709536056825, -29.936479509376234, 0.0], [-51.23709547227502, -29.936479439229306, 0.0]]], [[[-51.27011625213851, -29.93681695458045, 0.0], [-51.2693145030525, -29.938043529351546, 0.0], [-51.28035381873067, -29.945269342083034, 0.0], [-51.28856647701944, -29.947099287080565, 0.0], [-51.26731619694756, -29.93515259946583, 0.0], [-51.27011625213851, -29.93681695458045, 0.0]]], [[[-51.28856674829467, -29.947099350295964, 0.0], [-51.299356933862846, -29.949293431841106, 0.0], [-51.303245200000006, -29.950072700000003, 0.0], [-51.28856674829467, -29.947099350295964, 0.0]]], [[[-51.219456166688694, -30.188560923942802, 0.0], [-51.2229627, -30.1878679, 0.0], [-51.22661188497434, -30.1878353137848, 0.0], [-51.23039922083974, -30.188757447789836, 0.0], [-51.229572212026255, -30.187589434928285, 0.0], [-51.22363973878824, -30.186899132901928, 0.0], [-51.22030272118825, -30.187614087678373, 0.0], [-51.219456166688694, -30.188560923942802, 0.0]]], [[[-51.21803164234686, -30.188842463967767, 0.0], [-51.216908662364325, -30.188476957997697, 0.0], [-51.215162661056326, -30.18940948345661, 0.0], [-51.21803164234686, -30.188842463967767, 0.0]]], [[[-51.217643077329924, -30.183861575211722, 0.0], [-51.21777182297812, -30.1831749293364, 0.0], [-51.21893053740523, -30.182702860675434, 0.0], [-51.21901636783737, -30.181715807558387, 0.0], [-51.22026091359491, -30.181157907985018, 0.0], [-51.21940260657861, -30.180342516830198, 0.0], [-51.218758875642635, -30.17854007204372, 0.0], [-51.21785765430857, -30.179226718384594, 0.0], [-51.21609812505989, -30.179312548646617, 0.0], [-51.2167847703136, -30.182960352246837, 0.0], [-51.217643077329924, -30.183861575211722, 0.0]]], [[[-51.21721392427092, -30.173647722222775, 0.0], [-51.215111071497056, -30.174677690600213, 0.0], [-51.215025241963225, -30.175321420999836, 0.0], [-51.215926464195604, -30.178668818694188, 0.0], [-51.218673045210494, -30.178153834189086, 0.0], [-51.21832972348195, -30.177166781314213, 0.0], [-51.217728907762044, -30.177467188136962, 0.0], [-51.21742850035126, -30.17690928935568, 0.0], [-51.21777182297812, -30.175364336676235, 0.0], [-51.21717100905486, -30.175321420999836, 0.0], [-51.21682768642798, -30.174720606556974, 0.0], [-51.21721392427092, -30.173647722222775, 0.0]]], [[[-51.22665529965371, -30.17708094995956, 0.0], [-51.225754077421335, -30.175879321005517, 0.0], [-51.22416620993523, -30.17493518295405, 0.0], [-51.220132880310736, -30.173648399417115, 0.0], [-51.22167712470832, -30.17815383263596, 0.0], [-51.223737055977914, -30.17660888160859, 0.0], [-51.22511034648536, -30.177381357820575, 0.0], [-51.22665529965371, -30.17708094995956, 0.0]]], [[[-51.232371405570696, -30.164683344353037, 0.0], [-51.22625280499908, -30.168185772539353, 0.0], [-51.22497089741055, -30.16782233523152, 0.0], [-51.22454174345324, -30.168208573194068, 0.0], [-51.22432716647457, -30.17026851035668, 0.0], [-51.22497089741055, -30.172113869767717, 0.0], [-51.225400050469545, -30.171513055184764, 0.0], [-51.22467048910143, -30.169324372139165, 0.0], [-51.225271304821334, -30.16915271045004, 0.0], [-51.22574337309641, -30.16988227192315, 0.0], [-51.22654529286233, -30.16823895774933, 0.0], [-51.2319308268396, -30.16571888575672, 0.0], [-51.232371405570696, -30.164683344353037, 0.0]]], [[[-51.22276130501798, -30.15284898555462, 0.0], [-51.222180171385965, -30.15712147092866, 0.0], [-51.22393026922249, -30.16022245452454, 0.0], [-51.223567977770095, -30.162033907625997, 0.0], [-51.226180284904515, -30.16359747654071, 0.0], [-51.23004148294753, -30.162758986723155, 0.0], [-51.228298288663964, -30.161156066347004, 0.0], [-51.2261179777564, -30.155716680894503, 0.0], [-51.22512919999999, -30.152502599999995, 0.0], [-51.22534185485014, -30.149829407528383, 0.0], [-51.2243310471966, -30.151887658372726, 0.0], [-51.22276130501798, -30.15284898555462, 0.0]]], [[[-51.229657776557055, -30.133114736382204, 0.0], [-51.22763274932784, -30.133040735669564, 0.0], [-51.226149631692074, -30.133608078228153, 0.0], [-51.225892938099626, -30.134002750706486, 0.0], [-51.22723344818404, -30.13474275589323, 0.0], [-51.228260223452104, -30.137949380147358, 0.0], [-51.22557920148666, -30.139010010889212, 0.0], [-51.22290938600437, -30.143335930735997, 0.0], [-51.223636989045154, -30.14380764492508, 0.0], [-51.22363956900665, -30.144690931592947, 0.0], [-51.22503092463446, -30.14567807659032, 0.0], [-51.224316355250124, -30.147525038928322, 0.0], [-51.22544678205155, -30.148510412900873, 0.0], [-51.22533974476788, -30.14689753868483, 0.0], [-51.22602854777492, -30.14417436507465, 0.0], [-51.22882671544331, -30.139762294965593, 0.0], [-51.23438493166935, -30.134969770503588, 0.0], [-51.24156145120162, -30.13188519346529, 0.0], [-51.2402677783778, -30.130524651238503, 0.0], [-51.239326568538864, -30.130499983434234, 0.0], [-51.229657776557055, -30.133114736382204, 0.0]]], [[[-51.24532724277156, -30.129383041330676, 0.0], [-51.24467289105399, -30.127376360289585, 0.0], [-51.24578477091543, -30.12556666542543, 0.0], [-51.243756797212086, -30.1279870889242, 0.0], [-51.24388766737593, -30.129099488456696, 0.0], [-51.24462926796547, -30.12966659339022, 0.0], [-51.24532724277156, -30.129383041330676, 0.0]]], [[[-51.26282238747733, -30.1045238920692, 0.0], [-51.25959212746232, -30.106491610643257, 0.0], [-51.25781854946089, -30.10902985816741, 0.0], [-51.257689679845186, -30.110097011713204, 0.0], [-51.2571383056019, -30.109599784226642, 0.0], [-51.25665844713669, -30.110581312822482, 0.0], [-51.25733792473276, -30.113121830026998, 0.0], [-51.25652503923216, -30.11392182528662, 0.0], [-51.256567821497555, -30.11488402738175, 0.0], [-51.258822797676586, -30.11519830170985, 0.0], [-51.26007181524762, -30.11701407580561, 0.0], [-51.25952657559941, -30.113726675029582, 0.0], [-51.25857293128031, -30.111444121330777, 0.0], [-51.258558838510126, -30.109609214374142, 0.0], [-51.25942439762572, -30.107588864561404, 0.0], [-51.260595467481245, -30.106270676100845, 0.0], [-51.26449608539556, -30.104475612037945, 0.0], [-51.26282238747733, -30.1045238920692, 0.0]]], [[[-51.26076361503444, -30.110687463237806, 0.0], [-51.26094064153592, -30.112328975110337, 0.0], [-51.26347116293416, -30.1116399110934, 0.0], [-51.26496810611948, -30.10944850938169, 0.0], [-51.262917332216325, -30.10892627276072, 0.0], [-51.262437313851, -30.110542623559734, 0.0], [-51.26076361503444, -30.110687463237806, 0.0]]], [[[-51.265811532483546, -30.10408922872087, 0.0], [-51.26455625814654, -30.104732958903803, 0.0], [-51.266196943200335, -30.104249333752495, 0.0], [-51.265811532483546, -30.10408922872087, 0.0]]], [[[-51.266471355839506, -30.10336503269293, 0.0], [-51.26627823691804, -30.101981011928697, 0.0], [-51.265746358811356, -30.10153166448994, 0.0], [-51.26561841356208, -30.102801768209904, 0.0], [-51.266471355839506, -30.10336503269293, 0.0]]], [[[-51.26597666439233, -30.100725883889925, 0.0], [-51.2658308022447, -30.099841389402695, 0.0], [-51.264319059792406, -30.099003905245077, 0.0], [-51.265590426549394, -30.1011282154488, 0.0], [-51.26597666439233, -30.100725883889925, 0.0]]], [[[-51.2533322748971, -30.096467964988545, 0.0], [-51.25770471494808, -30.097378101493234, 0.0], [-51.258981084422906, -30.097055508051604, 0.0], [-51.257784948876015, -30.096356344857448, 0.0], [-51.25746263874196, -30.097221985334652, 0.0], [-51.256765778745134, -30.097129011116333, 0.0], [-51.25635746390579, -30.095757320548433, 0.0], [-51.2533322748971, -30.096467964988545, 0.0]]], [[[-51.24301666896128, -30.093847890162937, 0.0], [-51.242356845605315, -30.09320415981441, 0.0], [-51.23804385336488, -30.094604273037966, 0.0], [-51.2384300912078, -30.095296283472106, 0.0], [-51.24185795453418, -30.095553773929826, 0.0], [-51.24301666896128, -30.093847890162937, 0.0]]], [[[-51.25039772140902, -30.094181249304953, 0.0], [-51.24941603258505, -30.09247536439491, 0.0], [-51.250816145888585, -30.095404336606688, 0.0], [-51.25239414448296, -30.09616798147154, 0.0], [-51.25108973140162, -30.094438741889643, 0.0], [-51.25039772140902, -30.094181249304953, 0.0]]], [[[-51.24262506637948, -30.0908116291395, 0.0], [-51.24381596744321, -30.091873784313716, 0.0], [-51.24874050308466, -30.09102084156499, 0.0], [-51.24798411981881, -30.087721724512075, 0.0], [-51.247147271758, -30.087882656893953, 0.0], [-51.24672884638012, -30.089669008409157, 0.0], [-51.24618167535404, -30.090087432989193, 0.0], [-51.24463672308402, -30.085903186019735, 0.0], [-51.24280209288095, -30.084326048256553, 0.0], [-51.24148244527069, -30.085758348108314, 0.0], [-51.24262506637948, -30.0908116291395, 0.0]]], [[[-51.24731501956089, -30.083489863694176, 0.0], [-51.24834498744148, -30.087480991186084, 0.0], [-51.2489565308425, -30.087480991186084, 0.0], [-51.24797739323396, -30.082163502162903, 0.0], [-51.24731501956089, -30.083489863694176, 0.0]]], [[[-51.24674102573876, -30.078082530781813, 0.0], [-51.24872049670497, -30.07999762765236, 0.0], [-51.248145162596416, -30.08154257938794, 0.0], [-51.24754180733922, -30.081527128520886, 0.0], [-51.247779516834754, -30.081806638273825, 0.0], [-51.24817883145326, -30.082116431602422, 0.0], [-51.248945802263066, -30.08123680848005, 0.0], [-51.250550240971215, -30.081145004654235, 0.0], [-51.249106734547894, -30.080947129660466, 0.0], [-51.24906362902118, -30.079329615889158, 0.0], [-51.248178391278785, -30.07834678779996, 0.0], [-51.24674102573876, -30.078082530781813, 0.0]]], [[[-51.28920362565108, -30.059710539821175, 0.0], [-51.28710077287722, -30.06039718556533, 0.0], [-51.2862540038279, -30.05974191720571, 0.0], [-51.28687729999999, -30.063278000000004, 0.0], [-51.28803075425744, -30.063744582422462, 0.0], [-51.289375285617055, -30.063358344717983, 0.0], [-51.28980443957437, -30.064431227396508, 0.0], [-51.29141764381, -30.064602889256314, 0.0], [-51.29061983047629, -30.062156714440963, 0.0], [-51.291006069217524, -30.061083831211874, 0.0], [-51.29061983047629, -30.058508910360647, 0.0], [-51.28920362565108, -30.059710539821175, 0.0]]], [[[-51.250245549494835, -30.03085838274146, 0.0], [-51.25182553426107, -30.03826031942512, 0.0], [-51.256931286149715, -30.04717925947143, 0.0], [-51.25830457755547, -30.048123397628725, 0.0], [-51.26158230275347, -30.052547107988364, 0.0], [-51.26396940224617, -30.05404571460919, 0.0], [-51.26723096854882, -30.055247344587226, 0.0], [-51.26654756151335, -30.05711781132337, 0.0], [-51.26954839650471, -30.0573931116236, 0.0], [-51.270921687910466, -30.058423080015395, 0.0], [-51.27131682821775, -30.05958389267339, 0.0], [-51.27196221356043, -30.059239158322242, 0.0], [-51.27108341557187, -30.054851808107852, 0.0], [-51.2658578, -30.0534046, 0.0], [-51.264752729580664, -30.052503633513894, 0.0], [-51.26366275271495, -30.05040307155367, 0.0], [-51.26284758162778, -30.050412716736854, 0.0], [-51.2615498, -30.047513799999997, 0.0], [-51.26273776518931, -30.04163446213318, 0.0], [-51.26182327731087, -30.03935445116927, 0.0], [-51.26039185533895, -30.037452658902996, 0.0], [-51.25943489982972, -30.0350419557352, 0.0], [-51.2595488, -30.033683699999994, 0.0], [-51.26096532813824, -30.033789671765657, 0.0], [-51.2650852014572, -30.035506285534645, 0.0], [-51.26963422783516, -30.035077132158154, 0.0], [-51.27136489107491, -30.038141548824523, 0.0], [-51.272232185010076, -30.038497107598687, 0.0], [-51.27381419999999, -30.036237699999997, 0.0], [-51.2677786, -30.0304276, 0.0], [-51.262452366979815, -30.011875221443145, 0.0], [-51.25850189160931, -30.014725531928626, 0.0], [-51.25607297913341, -30.018597640089773, 0.0], [-51.25165269840365, -30.029197730501753, 0.0], [-51.252880528310406, -30.0298608950266, 0.0], [-51.25267480243224, -30.03039917426398, 0.0], [-51.25152815327772, -30.03188052639227, 0.0], [-51.251038562464714, -30.030902109364327, 0.0], [-51.250245549494835, -30.03085838274146, 0.0]]], [[[-51.22743526818735, -30.013694672098225, 0.0], [-51.22606197588328, -30.016140847317917, 0.0], [-51.22677008009251, -30.018715767242654, 0.0], [-51.22777859081421, -30.016956238354904, 0.0], [-51.23026767963438, -30.017042069623866, 0.0], [-51.22919479653772, -30.01496067444135, 0.0], [-51.22788587840522, -30.01395216403821, 0.0], [-51.22743526818735, -30.013694672098225, 0.0]]], [[[-51.234430631662796, -30.004532208091966, 0.0], [-51.23340066378221, -30.00556217673661, 0.0], [-51.23297151072322, -30.007235875150432, 0.0], [-51.2340348573048, -30.0109885845084, 0.0], [-51.234430634357736, -30.01055466159782, 0.0], [-51.23447355047212, -30.00858055474033, 0.0], [-51.23395856608267, -30.00669227994034, 0.0], [-51.23481687309897, -30.005404819681655, 0.0], [-51.23709138583881, -30.00776516408107, 0.0], [-51.24267840474779, -30.00730835195302, 0.0], [-51.24460959575907, -30.00833831900456, 0.0], [-51.244910002271546, -30.009497033255187, 0.0], [-51.24451573798155, -30.010540356363343, 0.0], [-51.24005254203572, -30.013158193146566, 0.0], [-51.23928006634986, -30.014660229978812, 0.0], [-51.2385501196045, -30.015065363975317, 0.0], [-51.23769181258819, -30.01718967446659, 0.0], [-51.23899524650589, -30.020580388859354, 0.0], [-51.239883769255094, -30.02101195084348, 0.0], [-51.23969065033363, -30.02177705096291, 0.0], [-51.240205634723075, -30.022127750244167, 0.0], [-51.241021025625, -30.02101195084348, 0.0], [-51.24301658990954, -30.02191317321491, 0.0], [-51.244153845381135, -30.021741512812742, 0.0], [-51.24526964549048, -30.020411136563805, 0.0], [-51.24563442527623, -30.018887642115452, 0.0], [-51.24747978495705, -30.018930557312302, 0.0], [-51.248316634814486, -30.019424083852332, 0.0], [-51.24874578787349, -30.020647170957027, 0.0], [-51.247587073446375, -30.023114803264274, 0.0], [-51.248574127009206, -30.024724128937645, 0.0], [-51.249797213811256, -30.02448809413879, 0.0], [-51.25179277719747, -30.021655681722414, 0.0], [-51.252958644010874, -30.019266727785848, 0.0], [-51.252908576408515, -30.016741874928258, 0.0], [-51.25357376360504, -30.01481068373353, 0.0], [-51.26027369543805, -30.00881038868679, 0.0], [-51.2609603415901, -30.00717960522249, 0.0], [-51.26044535720065, -30.006020891131808, 0.0], [-51.25978016910579, -30.00599943307653, 0.0], [-51.25435137855264, -30.008424150730157, 0.0], [-51.251089813148305, -30.008896219226045, 0.0], [-51.24795699249386, -30.008273946328508, 0.0], [-51.24366545831062, -30.00546299107728, 0.0], [-51.24005254203572, -30.00384556339039, 0.0], [-51.23734887533859, -30.003630987259434, 0.0], [-51.234430631662796, -30.004532208091966, 0.0]]], [[[-51.23088997676767, -29.94789143569107, 0.0], [-51.229731262340565, -29.95209713912467, 0.0], [-51.22960251579404, -29.95458622865431, 0.0], [-51.23064883211449, -29.965667916489043, 0.0], [-51.22991927164468, -29.968543244508215, 0.0], [-51.22712977451542, -29.97262020248815, 0.0], [-51.22738726671015, -29.973392678512027, 0.0], [-51.22691519753677, -29.97326393214698, 0.0], [-51.22618563616866, -29.973993493454287, 0.0], [-51.22464068389862, -29.976782990767774, 0.0], [-51.22494109130942, -29.977598381501508, 0.0], [-51.223996953860976, -29.977684213353882, 0.0], [-51.224297361271766, -29.978585435544442, 0.0], [-51.22313864684465, -29.979915810812997, 0.0], [-51.222366171158804, -29.984421922374654, 0.0], [-51.22296698598039, -29.989528847647634, 0.0], [-51.221737955924425, -29.989488006452266, 0.0], [-51.22308500933736, -29.98983800216046, 0.0], [-51.22372874027334, -29.992198346474062, 0.0], [-51.2228639025049, -29.992710917362846, 0.0], [-51.22285928785929, -29.993168681296172, 0.0], [-51.223744712319075, -29.992987981143546, 0.0], [-51.223873457068976, -29.99384628857311, 0.0], [-51.222929319620526, -30.000798573539864, 0.0], [-51.2234013887939, -30.00311600280751, 0.0], [-51.22593339372846, -30.008566251554836, 0.0], [-51.22799333038793, -30.010411610715707, 0.0], [-51.22833665301481, -30.010154118919147, 0.0], [-51.22666295509656, -30.007493367520485, 0.0], [-51.22464593365314, -30.001871456840764, 0.0], [-51.22460301843707, -29.99946819800794, 0.0], [-51.225504240669466, -29.996378293522834, 0.0], [-51.227478345998485, -29.99539123973766, 0.0], [-51.22936662179369, -29.99539123973766, 0.0], [-51.2307828275172, -29.997579922503547, 0.0], [-51.230954489279796, -30.000498166315264, 0.0], [-51.23176988018172, -30.000755658277747, 0.0], [-51.23297151072322, -30.000240673684658, 0.0], [-51.2340014786038, -29.998910299231337, 0.0], [-51.234044393819865, -29.99685036253564, 0.0], [-51.23498853126832, -29.995949139623907, 0.0], [-51.23498853126832, -29.993030896652403, 0.0], [-51.23421605558244, -29.98946892253203, 0.0], [-51.239623388078414, -29.987752309366925, 0.0], [-51.244995833602, -29.989412652644372, 0.0], [-51.248557807315436, -29.989755975333743, 0.0], [-51.2500598443694, -29.992373811187125, 0.0], [-51.250188590915926, -29.996879922984046, 0.0], [-51.247313261557885, -30.00014148892967, 0.0], [-51.24443793399648, -29.99812446775591, 0.0], [-51.23988088117146, -29.998695721764147, 0.0], [-51.23700555271173, -30.001056066278778, 0.0], [-51.23541768522563, -30.0030301711574, 0.0], [-51.24042535006516, -30.00323139371787, 0.0], [-51.24385857723209, -30.004840719205365, 0.0], [-51.247120143534744, -30.007265435616837, 0.0], [-51.25038170893908, -30.008252488760533, 0.0], [-51.253772021788244, -30.00788770861702, 0.0], [-51.257913352266094, -30.00623546753974, 0.0], [-51.26357817695678, -30.00069938856453, 0.0], [-51.26726889721674, -29.993661271678913, 0.0], [-51.267740966390114, -29.990700112637562, 0.0], [-51.26924300344408, -29.987910615632373, 0.0], [-51.27044463218895, -29.98640857846106, 0.0], [-51.274049522016774, -29.983533250874416, 0.0], [-51.27855563317867, -29.978254662889736, 0.0], [-51.280615568939844, -29.97314773678875, 0.0], [-51.28284716736191, -29.969585763848812, 0.0], [-51.28992819957273, -29.964350091814502, 0.0], [-51.28954196083149, -29.962933885378952, 0.0], [-51.28646727734561, -29.961166373287337, 0.0], [-51.28378853350771, -29.95974356137094, 0.0], [-51.27999193960498, -29.958700938780613, 0.0], [-51.260691904321945, -29.95800515284953, 0.0], [-51.25979068208957, -29.957490168363087, 0.0], [-51.25940444334832, -29.95779057572068, 0.0], [-51.255670808770596, -29.957018099047207, 0.0], [-51.25476958653822, -29.95710393077694, 0.0], [-51.25348212646291, -29.958777628079194, 0.0], [-51.25219466638762, -29.95929261212213, 0.0], [-51.24292876431916, -29.961095056663893, 0.0], [-51.24280245310537, -29.962459035517526, 0.0], [-51.24234636675752, -29.96118088798643, 0.0], [-51.23914840117699, -29.961953363440983, 0.0], [-51.23760344890695, -29.963927469850603, 0.0], [-51.23673208847126, -29.968294499379162, 0.0], [-51.23698958066598, -29.973701832678717, 0.0], [-51.23810537987702, -29.979667065367625, 0.0], [-51.24076613135807, -29.978851674497182, 0.0], [-51.24149569272619, -29.976276753500816, 0.0], [-51.241238200531456, -29.970054028782396, 0.0], [-51.24158152315831, -29.969195721928667, 0.0], [-51.24278315280149, -29.968766568056093, 0.0], [-51.24306464348903, -29.968212472657534, 0.0], [-51.24448085011086, -29.968469964304763, 0.0], [-51.246497870655965, -29.97258983796213, 0.0], [-51.24799990770993, -29.973533975056892, 0.0], [-51.2486007225315, -29.974950181383978, 0.0], [-51.250188590915926, -29.97619472714411, 0.0], [-51.251647711855504, -29.976666795634923, 0.0], [-51.262333632995855, -29.975722657966198, 0.0], [-51.2649943835786, -29.97460685886485, 0.0], [-51.265723944946714, -29.97473560504583, 0.0], [-51.26417899267668, -29.975550997022584, 0.0], [-51.26383566915151, -29.976409303443013, 0.0], [-51.25941538932006, -29.977053033449366, 0.0], [-51.251819373618105, -29.977396356073665, 0.0], [-51.24675536285068, -29.975722657966198, 0.0], [-51.244738342305574, -29.976237642129714, 0.0], [-51.242978813056894, -29.977696763952775, 0.0], [-51.24172748052737, -29.979936126778753, 0.0], [-51.23965033214703, -29.982156156150758, 0.0], [-51.239835046430706, -29.987187586473993, 0.0], [-51.23421313695609, -29.988947115784374, 0.0], [-51.23378398299879, -29.986758432523438, 0.0], [-51.23447062915083, -29.98203774503692, 0.0], [-51.23421313695609, -29.9730684384641, 0.0], [-51.23468520523116, -29.96766110415531, 0.0], [-51.23631598883165, -29.962468347373893, 0.0], [-51.23670222667457, -29.959678850543686, 0.0], [-51.241122507404334, -29.953928194594354, 0.0], [-51.24176623744198, -29.953928194594354, 0.0], [-51.23786090067748, -29.95866653691458, 0.0], [-51.23700343897586, -29.961324634758878, 0.0], [-51.23966335053213, -29.957808227439205, 0.0], [-51.24103663654802, -29.95712158417399, 0.0], [-51.24155162003915, -29.95600578556285, 0.0], [-51.245928985552844, -29.9545466635467, 0.0], [-51.249190551855484, -29.95420334058314, 0.0], [-51.26326678404837, -29.956091615831664, 0.0], [-51.272193175940025, -29.956091615831664, 0.0], [-51.27983210775637, -29.957894060043344, 0.0], [-51.283694488880606, -29.9580657211378, 0.0], [-51.287299377810115, -29.959782335235417, 0.0], [-51.28961680576603, -29.961756441182903, 0.0], [-51.29296420339913, -29.962185594977047, 0.0], [-51.295281631355024, -29.962185594977047, 0.0], [-51.296998245387634, -29.961584780236002, 0.0], [-51.2992298429114, -29.956778260762867, 0.0], [-51.29948733510612, -29.95240089639458, 0.0], [-51.295367462685476, -29.95188591167633, 0.0], [-51.29047511278233, -29.951971742388473, 0.0], [-51.28515360982019, -29.950426789909272, 0.0], [-51.28026126171368, -29.947937699778574, 0.0], [-51.27287982209205, -29.94115707539345, 0.0], [-51.27090571586473, -29.940041276681036, 0.0], [-51.26944659492514, -29.93978378456976, 0.0], [-51.26850245657838, -29.941500399029227, 0.0], [-51.26755831912993, -29.94175789058922, 0.0], [-51.25897524986513, -29.94167205962435, 0.0], [-51.25245211725982, -29.945191118271303, 0.0], [-51.24325239407836, -29.952689974906196, 0.0], [-51.24449215181544, -29.94178557198008, 0.0], [-51.24368290089848, -29.951972037379367, 0.0], [-51.25393858471328, -29.94339102809499, 0.0], [-51.260290055556005, -29.940816108429335, 0.0], [-51.26833668237417, -29.94137400733976, 0.0], [-51.26842251280629, -29.938970748203886, 0.0], [-51.25803699997506, -29.93562335149741, 0.0], [-51.245162396527036, -29.935365859628654, 0.0], [-51.2399229492762, -29.9373931945039, 0.0], [-51.232134521626904, -29.945269124911515, 0.0], [-51.23088997676767, -29.94789143569107, 0.0]]], [[[-51.22180827155328, -29.966054154261236, 0.0], [-51.21970541967774, -29.97025985818283, 0.0], [-51.219834165325935, -29.971246910437216, 0.0], [-51.22425444605569, -29.965067101787067, 0.0], [-51.22552555858947, -29.96093769995469, 0.0], [-51.223808944556836, -29.962482652531495, 0.0], [-51.223766029340766, -29.963555535820444, 0.0], [-51.22180827155328, -29.966054154261236, 0.0]]], [[[-51.25060679800319, -29.95538731634761, 0.0], [-51.24271037489043, -29.95650311489552, 0.0], [-51.24035003082016, -29.95830555942916, 0.0], [-51.23850467113933, -29.961652956989933, 0.0], [-51.24095084654006, -29.960794649953495, 0.0], [-51.25163681708775, -29.959035096696486, 0.0], [-51.25280312317731, -29.958605967435805, 0.0], [-51.25438334869529, -29.9565889462916, 0.0], [-51.252881311641325, -29.955730638335854, 0.0], [-51.25060679800319, -29.95538731634761, 0.0]]], [[[-51.060161132568275, -30.25892917682897, 0.0], [-51.06183006402563, -30.254637642203, 0.0], [-51.06354667715993, -30.251776618155663, 0.0], [-51.06631233389988, -30.24934474858893, 0.0], [-51.06793358008699, -30.246912880908656, 0.0], [-51.06965019322131, -30.24610225609611, 0.0], [-51.07131912467863, -30.24438564206054, 0.0], [-51.0736761647453, -30.24347806958611, 0.0], [-51.07245611155396, -30.2456498873122, 0.0], [-51.0764992, -30.243384400000004, 0.0], [-51.07853470745103, -30.242751155016638, 0.0], [-51.0894014, -30.240983300000003, 0.0], [-51.094271412564545, -30.24100276378508, 0.0], [-51.093781101302696, -30.240245784443232, 0.0], [-51.09421158656325, -30.240559229233387, 0.0], [-51.09594180378423, -30.240297937356054, 0.0], [-51.097400926520436, -30.241372409564093, 0.0], [-51.09886004746002, -30.241715732259394, 0.0], [-51.101864121567935, -30.2441189916905, 0.0], [-51.10280825901639, -30.2459214361083, 0.0], [-51.1050067, -30.2452532, 0.0], [-51.10519252881594, -30.243167864803688, 0.0], [-51.10659342545038, -30.24319216837719, 0.0], [-51.10713313237477, -30.24483050421628, 0.0], [-51.10615503771027, -30.248201221007037, 0.0], [-51.10480217489238, -30.249388755641874, 0.0], [-51.101388799999995, -30.2499609, 0.0], [-51.10198950392372, -30.25031292791213, 0.0], [-51.10253915160505, -30.252078255322616, 0.0], [-51.100981034819576, -30.25579388250108, 0.0], [-51.10482488879434, -30.256594274927014, 0.0], [-51.10453677303158, -30.252682661354147, 0.0], [-51.107131066249615, -30.24979133894515, 0.0], [-51.108965979422, -30.24928377810758, 0.0], [-51.11371878952048, -30.246370861324404, 0.0], [-51.1186416, -30.2458599, 0.0], [-51.1230865102365, -30.24669316427969, 0.0], [-51.123788351863624, -30.24817473580131, 0.0], [-51.12616256455151, -30.247308471571472, 0.0], [-51.12820551227234, -30.24777049213966, 0.0], [-51.1323355945305, -30.251393142323774, 0.0], [-51.133213780779734, -30.251693549958727, 0.0], [-51.133002832994826, -30.25217800209762, 0.0], [-51.13360990163003, -30.2534934411554, 0.0], [-51.13468349824641, -30.25482743252524, 0.0], [-51.13693793184301, -30.259729563842747, 0.0], [-51.137161453746366, -30.263389737612357, 0.0], [-51.137634061509495, -30.263709846113162, 0.0], [-51.13733365320039, -30.266842666389174, 0.0], [-51.142740987492985, -30.264396491693002, 0.0], [-51.143770954475244, -30.26186448623259, 0.0], [-51.14334180231456, -30.25989038006828, 0.0], [-51.14402844666997, -30.259074989529594, 0.0], [-51.14334180231456, -30.255899253505113, 0.0], [-51.14261224094646, -30.255470100207823, 0.0], [-51.14218308788747, -30.2543543015506, 0.0], [-51.14033772820664, -30.253581824996687, 0.0], [-51.141968510908804, -30.252766434075802, 0.0], [-51.14218308788747, -30.25199395745102, 0.0], [-51.141067288676425, -30.250534835609084, 0.0], [-51.13982274381719, -30.247101608263367, 0.0], [-51.13887860636875, -30.247144523686007, 0.0], [-51.13729073798432, -30.245899978908252, 0.0], [-51.13587453226081, -30.24620038549058, 0.0], [-51.13518788610877, -30.24577123250553, 0.0], [-51.133299611211875, -30.246329131331045, 0.0], [-51.132999203801084, -30.246801201332183, 0.0], [-51.13338544164401, -30.248131576337094, 0.0], [-51.13274171160636, -30.249590697399622, 0.0], [-51.1321206739111, -30.249333205561282, 0.0], [-51.1313550020652, -30.24775479104217, 0.0], [-51.129796605608625, -30.248065457816022, 0.0], [-51.12796848729305, -30.247055785075514, 0.0], [-51.12375094733977, -30.247480505276044, 0.0], [-51.1232788790647, -30.246350589213385, 0.0], [-51.12357928557717, -30.24506312893149, 0.0], [-51.124854922026714, -30.243130495632293, 0.0], [-51.12491788943656, -30.24386495753882, 0.0], [-51.12555339180452, -30.243947330034338, 0.0], [-51.1262829522743, -30.243561091957698, 0.0], [-51.12636878270644, -30.242702785118155, 0.0], [-51.124094269966626, -30.240170779998785, 0.0], [-51.1235363703611, -30.23862582751129, 0.0], [-51.11787154477211, -30.234634700134166, 0.0], [-51.11173465090805, -30.233690563610644, 0.0], [-51.11049010515048, -30.23248893327186, 0.0], [-51.10911681464304, -30.232832255950434, 0.0], [-51.1067135553567, -30.235149684880163, 0.0], [-51.106541893594105, -30.233862223777777, 0.0], [-51.10070540803916, -30.234505954496296, 0.0], [-51.106370232729844, -30.235750499206425, 0.0], [-51.1049969422224, -30.237209620944903, 0.0], [-51.105383180065324, -30.23999911843084, 0.0], [-51.10495402610801, -30.241243663438166, 0.0], [-51.1037953116809, -30.241243663438166, 0.0], [-51.10366656603269, -30.240213695343936, 0.0], [-51.10422446563821, -30.24004203385092, 0.0], [-51.10418155042215, -30.23956996475142, 0.0], [-51.101692460703674, -30.237252536806853, 0.0], [-51.10040499973004, -30.237724605395083, 0.0], [-51.1000616780015, -30.23866874275491, 0.0], [-51.09697177256311, -30.238153759370828, 0.0], [-51.09778716436337, -30.236909213267126, 0.0], [-51.10306575121112, -30.236480060842723, 0.0], [-51.10323741207538, -30.2358792447666, 0.0], [-51.09675719648278, -30.236179652487564, 0.0], [-51.09555556594129, -30.23759585914745, 0.0], [-51.09555556594129, -30.23858439069428, 0.0], [-51.095396603661875, -30.23481394053569, 0.0], [-51.09221554347666, -30.23485947605963, 0.0], [-51.08620950360679, -30.236182176383533, 0.0], [-51.08750778029643, -30.240144457108446, 0.0], [-51.084210149330055, -30.240502083990457, 0.0], [-51.0822551143362, -30.241455759661445, 0.0], [-51.08101533863279, -30.241265023870664, 0.0], [-51.07941793463165, -30.242123331626143, 0.0], [-51.07607191142092, -30.242217909095835, 0.0], [-51.080426714847924, -30.239903372383186, 0.0], [-51.08133270443951, -30.238854331158297, 0.0], [-51.0790438860288, -30.238425177913044, 0.0], [-51.07265426732922, -30.241238516569723, 0.0], [-51.0688395714752, -30.24352733543817, 0.0], [-51.06588317994257, -30.245863837678147, 0.0], [-51.06411888333465, -30.24800960511845, 0.0], [-51.06020881424525, -30.25072757641553, 0.0], [-51.05606033407605, -30.257594031711445, 0.0], [-51.056251068868754, -30.25830928751042, 0.0], [-51.05844618940208, -30.259072227236746, 0.0], [-51.057495642024406, -30.259735750574002, 0.0], [-51.06123969159586, -30.259649686970942, 0.0], [-51.0605534232596, -30.259000176369337, 0.0], [-51.0598078054041, -30.259253330285762, 0.0], [-51.059452165976374, -30.259268587269144, 0.0], [-51.05884374691592, -30.259072227236746, 0.0], [-51.060161132568275, -30.25892917682897, 0.0]]], [[[-51.0628966, -30.259611600000007, 0.0], [-51.063379100000006, -30.255811500000004, 0.0], [-51.069062774105625, -30.24806159133899, 0.0], [-51.06652270855964, -30.250537284641084, 0.0], [-51.06300364916394, -30.2556656682114, 0.0], [-51.061437239735035, -30.259645145977476, 0.0], [-51.0628966, -30.259611600000007, 0.0]]], [[[-51.0696981, -30.247195299999998, 0.0], [-51.06950532461037, -30.247254260498398, 0.0], [-51.069147933644295, -30.247945473026427, 0.0], [-51.0696981, -30.247195299999998, 0.0]]], [[[-51.05980769850458, -30.25925333338945, 0.0], [-51.05978500256893, -30.259249096846837, 0.0], [-51.059708999706004, -30.259257554413416, 0.0], [-51.05980769850458, -30.25925333338945, 0.0]]], [[[-51.16043971290001, -30.225993126105614, 0.0], [-51.157821876635, -30.225563973379217, 0.0], [-51.153959495510755, -30.226593941278164, 0.0], [-51.14612744567126, -30.231615037180063, 0.0], [-51.145397884303165, -30.233717888654688, 0.0], [-51.14595578390869, -30.234125584053444, 0.0], [-51.14655659873026, -30.23228022493972, 0.0], [-51.14711449833578, -30.232151478546882, 0.0], [-51.14698575268759, -30.234404534319115, 0.0], [-51.147779686430624, -30.235155552301123, 0.0], [-51.146020156283626, -30.234876602614225, 0.0], [-51.14574120782834, -30.23588511292011, 0.0], [-51.14466832383337, -30.23560616297511, 0.0], [-51.144475204911906, -30.23700091176933, 0.0], [-51.14267276044715, -30.234490364592933, 0.0], [-51.14293025264188, -30.233438937992904, 0.0], [-51.14256547195783, -30.23240897116397, 0.0], [-51.14190028386299, -30.23238751334228, 0.0], [-51.14080594270913, -30.233524769885886, 0.0], [-51.14153550407724, -30.23517701029477, 0.0], [-51.141385299473534, -30.235992402045234, 0.0], [-51.14078448555026, -30.23547741783338, 0.0], [-51.140205127887555, -30.235627620870392, 0.0], [-51.14177153821477, -30.239125222358133, 0.0], [-51.14293025264188, -30.238653153511773, 0.0], [-51.14361689699729, -30.239833325256946, 0.0], [-51.143230659154355, -30.241592853619924, 0.0], [-51.14355252462234, -30.24326655278016, 0.0], [-51.14400313573852, -30.24288031435602, 0.0], [-51.14361689699729, -30.242322415351726, 0.0], [-51.14441083163865, -30.240584343670093, 0.0], [-51.14449666207079, -30.242451161616604, 0.0], [-51.14526913775664, -30.244017570567518, 0.0], [-51.144818527538774, -30.240412682824463, 0.0], [-51.145483715633624, -30.24019810556971, 0.0], [-51.14537642714428, -30.238352745589147, 0.0], [-51.14574120782834, -30.23858878024106, 0.0], [-51.1460845304552, -30.240477054900634, 0.0], [-51.145333511928214, -30.242622822005966, 0.0], [-51.145655376497885, -30.24373862197318, 0.0], [-51.1460838073114, -30.243558901175614, 0.0], [-51.1463634798088, -30.244704216454274, 0.0], [-51.14591286869261, -30.245004623588066, 0.0], [-51.14595578390869, -30.245927303662246, 0.0], [-51.146599513946335, -30.245841473287065, 0.0], [-51.146599513946335, -30.246656865032605, 0.0], [-51.14522622343888, -30.24612042367239, 0.0], [-51.145333511928214, -30.24730059498954, 0.0], [-51.14677117570893, -30.247665375521677, 0.0], [-51.14726470204118, -30.24888846311953, 0.0], [-51.14926026542741, -30.24953219319999, 0.0], [-51.152822239140846, -30.24959656551044, 0.0], [-51.151878100794086, -30.251420467878077, 0.0], [-51.15114854032431, -30.255497426179932, 0.0], [-51.1523072547514, -30.260218113532282, 0.0], [-51.15359471572503, -30.260604352077827, 0.0], [-51.15307973133558, -30.261162251241622, 0.0], [-51.15588957350942, -30.26060672714708, 0.0], [-51.156577331775765, -30.261140794266776, 0.0], [-51.15679190875443, -30.26064726703317, 0.0], [-51.1555022, -30.256846500000005, 0.0], [-51.15452075122219, -30.25108787918914, 0.0], [-51.15483926058426, -30.24875971675252, 0.0], [-51.15270446910879, -30.248520928418717, 0.0], [-51.15212006111756, -30.247608431518863, 0.0], [-51.15185186369959, -30.245601575120567, 0.0], [-51.152751099999996, -30.242931199999997, 0.0], [-51.15410593886838, -30.241363589587575, 0.0], [-51.157199603756226, -30.239318340989826, 0.0], [-51.16321299813334, -30.237966666355135, 0.0], [-51.164516670104575, -30.2370438277224, 0.0], [-51.16591141956754, -30.2372798616369, 0.0], [-51.16674826762835, -30.23691508135918, 0.0], [-51.16657660766238, -30.236378639597795, 0.0], [-51.16715596352846, -30.23607823248494, 0.0], [-51.16769240597511, -30.23700091176933, 0.0], [-51.16949485043986, -30.237580269734117, 0.0], [-51.1706106496509, -30.235048264591008, 0.0], [-51.171769364077996, -30.23397538027369, 0.0], [-51.171554787099346, -30.232301682008703, 0.0], [-51.169838173066715, -30.23045632203498, 0.0], [-51.168894034719955, -30.227795571477394, 0.0], [-51.16739199856432, -30.22577854997652, 0.0], [-51.16262839520768, -30.225006073897994, 0.0], [-51.16112635815374, -30.225006073897994, 0.0], [-51.16043971290001, -30.225993126105614, 0.0]]], [[[-51.07399307151291, -30.238524399167304, 0.0], [-51.07387015593089, -30.23979452528338, 0.0], [-51.074935424008885, -30.23982184086992, 0.0], [-51.07497639527069, -30.23908434685954, 0.0], [-51.07578217419907, -30.239070690128848, 0.0], [-51.076642582374824, -30.238374168736993, 0.0], [-51.07718887395025, -30.236653352938138, 0.0], [-51.0749217660233, -30.236189004561712, 0.0], [-51.07504468160532, -30.237814220879482, 0.0], [-51.07399307151291, -30.238524399167304, 0.0]]], [[[-51.13789155370423, -30.223004642797388, 0.0], [-51.13716199233612, -30.22279006635757, 0.0], [-51.13782717953264, -30.22405606842519, 0.0], [-51.13729073798432, -30.224828544203774, 0.0], [-51.137719891941636, -30.225794139708842, 0.0], [-51.139615320123134, -30.22458535723406, 0.0], [-51.1406810508335, -30.226223292983185, 0.0], [-51.14080979648171, -30.22768241485464, 0.0], [-51.14329888620018, -30.227832618934222, 0.0], [-51.14310576727871, -30.226824108301884, 0.0], [-51.14083125453889, -30.224442305520537, 0.0], [-51.13928630226886, -30.223648372412853, 0.0], [-51.13849236762749, -30.222618403937194, 0.0], [-51.13789155370423, -30.223004642797388, 0.0]]], [[[-51.14154700341118, -30.222038500615124, 0.0], [-51.1407959848842, -30.223583452959595, 0.0], [-51.14193324125413, -30.225128405873605, 0.0], [-51.14538792647824, -30.22725271531047, 0.0], [-51.14538792647824, -30.2259652548081, 0.0], [-51.14489695405634, -30.225221895172616, 0.0], [-51.14414338251732, -30.22493528731042, 0.0], [-51.14367131334393, -30.22536444045171, 0.0], [-51.142619887406155, -30.224570506250046, 0.0], [-51.14382151704933, -30.224484675854885, 0.0], [-51.14416483967619, -30.22399114924104, 0.0], [-51.14287737960089, -30.2226607735049, 0.0], [-51.1431563289545, -30.2218882970005, 0.0], [-51.14154700341118, -30.222038500615124, 0.0]]], [[[-51.18740024046453, -30.210196851556905, 0.0], [-51.178706266093066, -30.2142228025705, 0.0], [-51.176518518033284, -30.216294607492774, 0.0], [-51.176103813477305, -30.217796296452597, 0.0], [-51.174988014266276, -30.218182534065527, 0.0], [-51.17267058631039, -30.221401184480012, 0.0], [-51.17211268580655, -30.221272438591576, 0.0], [-51.17125437968854, -30.219856232011434, 0.0], [-51.16897986605041, -30.220070809418033, 0.0], [-51.16807864381803, -30.22062870817407, 0.0], [-51.16807864381803, -30.2211007774036, 0.0], [-51.17009566526145, -30.222903221623792, 0.0], [-51.171511871883276, -30.221401184480012, 0.0], [-51.17228434756913, -30.221487016013626, 0.0], [-51.17159770231542, -30.223332375094, 0.0], [-51.17151366941215, -30.227538079197384, 0.0], [-51.174043876817834, -30.232044190662897, 0.0], [-51.17576048995213, -30.231786698642757, 0.0], [-51.17571757563438, -30.230499237740474, 0.0], [-51.176060898261234, -30.230327576358395, 0.0], [-51.17674754351496, -30.231314628705125, 0.0], [-51.1768333739471, -30.232945412079573, 0.0], [-51.178635819310166, -30.233674973577973, 0.0], [-51.17897914103872, -30.23474785651706, 0.0], [-51.180481178092684, -30.23500534854281, 0.0], [-51.181296569892936, -30.23479077190153, 0.0], [-51.181382400325056, -30.234189957918634, 0.0], [-51.18241236910396, -30.23423287277054, 0.0], [-51.18812010990902, -30.235219925491894, 0.0], [-51.186489326308546, -30.233288735492444, 0.0], [-51.184214813568715, -30.233546227459357, 0.0], [-51.18224070734138, -30.233159989644168, 0.0], [-51.18181155428236, -30.231657952379802, 0.0], [-51.180266602012345, -30.230413407086886, 0.0], [-51.18005202503368, -30.229383438056892, 0.0], [-51.18168280863417, -30.23105713710274, 0.0], [-51.178678733627926, -30.224319427799482, 0.0], [-51.178635819310166, -30.221572845919937, 0.0], [-51.177914457763976, -30.219842823333703, 0.0], [-51.178493, -30.216982599999998, 0.0], [-51.18019270688394, -30.21525530325284, 0.0], [-51.18021776510193, -30.214495184546237, 0.0], [-51.182595576014585, -30.212946289525448, 0.0], [-51.185633315386106, -30.211980932756326, 0.0], [-51.18682949674707, -30.212377775635115, 0.0], [-51.18682435928196, -30.211769820179065, 0.0], [-51.18806542855937, -30.211033700984633, 0.0], [-51.19152011378348, -30.212342618066774, 0.0], [-51.18740024046453, -30.210196851556905, 0.0]]], [[[-51.15216855127827, -30.220836871485513, 0.0], [-51.151288787103084, -30.222167247053253, 0.0], [-51.15253333196234, -30.222682231120544, 0.0], [-51.15120295577263, -30.22403406466332, 0.0], [-51.15184668581029, -30.22437738736752, 0.0], [-51.15165356778714, -30.225064032285164, 0.0], [-51.15219000933546, -30.225900881767437, 0.0], [-51.155344287148786, -30.22439884538484, 0.0], [-51.15725402010288, -30.22459196422523, 0.0], [-51.15695361179377, -30.222918265359755, 0.0], [-51.15738276575107, -30.22109436345789, 0.0], [-51.156910697476015, -30.220107310212132, 0.0], [-51.15553740607025, -30.219377749737532, 0.0], [-51.15294102786245, -30.219485037468758, 0.0], [-51.151868143867475, -30.218691104710512, 0.0], [-51.15113858339769, -30.218734019340346, 0.0], [-51.15216855127827, -30.220836871485513, 0.0]]], [[[-51.11542537116801, -30.215687575932957, 0.0], [-51.11177756612412, -30.216481509643653, 0.0], [-51.11177756612412, -30.218198124225644, 0.0], [-51.1129577377101, -30.219678703112727, 0.0], [-51.116026185091286, -30.218691650409887, 0.0], [-51.115039132426766, -30.217919173784217, 0.0], [-51.11469580890158, -30.216524425237413, 0.0], [-51.11697032253973, -30.215387169261952, 0.0], [-51.11776425628279, -30.21665317113014, 0.0], [-51.11737801843984, -30.217447104810923, 0.0], [-51.11785008671491, -30.217468562787662, 0.0], [-51.119137547688545, -30.215236964806195, 0.0], [-51.118558190924155, -30.214228454658237, 0.0], [-51.11767842585065, -30.214228454658237, 0.0], [-51.117163442359505, -30.213348689823615, 0.0], [-51.11542537116801, -30.215687575932957, 0.0]]], [[[-51.1946958487557, -30.207707761824253, 0.0], [-51.197184938474166, -30.20839440742571, 0.0], [-51.19574727469347, -30.207836507608693, 0.0], [-51.19516791792908, -30.206076978437537, 0.0], [-51.192142385763944, -30.207471727578074, 0.0], [-51.19285048907486, -30.20811545791254, 0.0], [-51.1946958487557, -30.207707761824253, 0.0]]], [[[-51.19130380934454, -30.190728400425094, 0.0], [-51.189619357694035, -30.192745051099777, 0.0], [-51.18678694445038, -30.19974025241791, 0.0], [-51.186958606212976, -30.203688463978803, 0.0], [-51.188031489309616, -30.20643504596359, 0.0], [-51.188794847095345, -30.20582800792109, 0.0], [-51.18981322760707, -30.20612714417823, 0.0], [-51.194919949672986, -30.204167686338096, 0.0], [-51.194328999999996, -30.199762, 0.0], [-51.19488576338653, -30.198301486493875, 0.0], [-51.199962951540854, -30.19297155638843, 0.0], [-51.19958647119854, -30.192434284871723, 0.0], [-51.20001562425753, -30.191833469971446, 0.0], [-51.198278288786256, -30.19093224773609, 0.0], [-51.198569330361885, -30.190054757040336, 0.0], [-51.19993836285489, -30.188772796467134, 0.0], [-51.19922532509812, -30.188008544041008, 0.0], [-51.196002395335846, -30.187786662968186, 0.0], [-51.19386328116721, -30.18874814400704, 0.0], [-51.19130380934454, -30.190728400425094, 0.0]]], [[[-51.20078809994339, -30.1891083454267, 0.0], [-51.2019468143705, -30.191854928097797, 0.0], [-51.20589502682519, -30.190395806006883, 0.0], [-51.20443590498729, -30.188550446568208, 0.0], [-51.20452173541943, -30.186919663416084, 0.0], [-51.203191359229734, -30.186061356151754, 0.0], [-51.20234316275196, -30.186108213327206, 0.0], [-51.201963390084124, -30.185345938177523, 0.0], [-51.1984837667294, -30.185592478781167, 0.0], [-51.19834115827973, -30.186381404566088, 0.0], [-51.199088871904785, -30.186746003395566, 0.0], [-51.20078809994339, -30.1891083454267, 0.0]]], [[[-51.211441834447115, -30.18037507352633, 0.0], [-51.20809551479234, -30.183250318132718, 0.0], [-51.206184573604205, -30.18458165838477, 0.0], [-51.20778177817936, -30.18524732098677, 0.0], [-51.21083357977833, -30.184088570723997, 0.0], [-51.21236451473668, -30.18400142066071, 0.0], [-51.212632735510844, -30.184473488534454, 0.0], [-51.21213920917858, -30.180857870401006, 0.0], [-51.211441834447115, -30.18037507352633, 0.0]]], [[[-51.20533065485805, -30.179737411496994, 0.0], [-51.20369987215587, -30.182604156973543, 0.0], [-51.203888698926924, -30.18317063904165, 0.0], [-51.20541648529019, -30.183685623725115, 0.0], [-51.20656661721306, -30.183033310683985, 0.0], [-51.20639495634879, -30.18186601346774, 0.0], [-51.20565681247647, -30.18162568747491, 0.0], [-51.20596580328979, -30.179788911570586, 0.0], [-51.20533065485805, -30.179737411496994, 0.0]]], [[[-51.19481167124021, -30.1769022636967, 0.0], [-51.194193688715245, -30.17841288378384, 0.0], [-51.192459908775845, -30.178309886054066, 0.0], [-51.191979257996564, -30.17958018075702, 0.0], [-51.19264873644521, -30.180095165572354, 0.0], [-51.19482883624867, -30.180232494142984, 0.0], [-51.19529232201951, -30.179511516429304, 0.0], [-51.19474300581653, -30.18162295096152, 0.0], [-51.19558414692608, -30.182103603150818, 0.0], [-51.19482883624867, -30.182464092112742, 0.0], [-51.19503728222551, -30.18354310659556, 0.0], [-51.19690593881491, -30.183013409121724, 0.0], [-51.19671711114556, -30.182378260713673, 0.0], [-51.19795307260226, -30.182309596782986, 0.0], [-51.19809040344963, -30.180112331945356, 0.0], [-51.19936069761818, -30.179631679359677, 0.0], [-51.20011600649896, -30.177812069552974, 0.0], [-51.19795307260226, -30.17803522879772, 0.0], [-51.19642528713731, -30.177262752275944, 0.0], [-51.196013299985076, -30.17829272092014, 0.0], [-51.19639095532377, -30.179322688116482, 0.0], [-51.19603046589183, -30.17947718502404, 0.0], [-51.19566997735821, -30.179339854624068, 0.0], [-51.19554981421423, -30.17667910343914, 0.0], [-51.19481167124021, -30.1769022636967, 0.0]]], [[[-51.204221328008636, -30.174302552217718, 0.0], [-51.202933867035014, -30.174860451779058, 0.0], [-51.202976783149396, -30.176019165359786, 0.0], [-51.20250471487433, -30.17670581140715, 0.0], [-51.19971521684675, -30.17898032492649, 0.0], [-51.19941480943594, -30.179666970528864, 0.0], [-51.1999297938254, -30.180396531042884, 0.0], [-51.19842775677143, -30.181297753389373, 0.0], [-51.19731195756041, -30.184473488534454, 0.0], [-51.20104559213812, -30.18451640333056, 0.0], [-51.204564651533815, -30.175375435635345, 0.0], [-51.204221328008636, -30.174302552217718, 0.0]]], [[[-51.20652800313058, -30.17643722018234, 0.0], [-51.207128817952174, -30.178239664609155, 0.0], [-51.21004706162796, -30.178068003694257, 0.0], [-51.21137743781765, -30.179570040537097, 0.0], [-51.21375722592225, -30.176508075045017, 0.0], [-51.212407404799926, -30.175321420999836, 0.0], [-51.20652800313058, -30.17643722018234, 0.0]]], [[[-51.20851286309018, -30.175117942878742, 0.0], [-51.20986469643876, -30.17376611001155, 0.0], [-51.20763309801669, -30.174281094150633, 0.0], [-51.206088145746655, -30.17194220750071, 0.0], [-51.20374925973356, -30.169796440436834, 0.0], [-51.203148444911996, -30.172156785287754, 0.0], [-51.205465872867876, -30.175117942878742, 0.0], [-51.206431468373516, -30.17580458899337, 0.0], [-51.20769747128995, -30.17584750445935, 0.0], [-51.208791811545474, -30.175697301023224, 0.0], [-51.20851286309018, -30.175117942878742, 0.0]]], [[[-51.21820134254977, -30.048897001250275, 0.0], [-51.21336194833261, -30.047856696044846, 0.0], [-51.2131512529743, -30.049120864020296, 0.0], [-51.21840545235873, -30.050582558514567, 0.0], [-51.21820134254977, -30.048897001250275, 0.0]]], [[[-51.21846087481848, -29.986095620942805, 0.0], [-51.216057615532144, -29.98867054101384, 0.0], [-51.21476520484131, -29.98869750131278, 0.0], [-51.214861234745186, -29.98903976832752, 0.0], [-51.21198590718378, -29.990413058675486, 0.0], [-51.210784276642286, -29.99170051969972, 0.0], [-51.21026929404946, -29.99397503237473, 0.0], [-51.21095593840488, -29.996549953473657, 0.0], [-51.210690691952614, -29.9969110775212, 0.0], [-51.21121343059959, -29.997150769910377, 0.0], [-51.21331628337346, -30.002858510746183, 0.0], [-51.215118726939906, -30.005047192194926, 0.0], [-51.215977034854525, -30.008394589831127, 0.0], [-51.21735032536197, -30.01126991758137, 0.0], [-51.22119086305177, -30.01583784033746, 0.0], [-51.22253196692258, -30.016760520351248, 0.0], [-51.220869382961034, -30.013826551353542, 0.0], [-51.22129853691835, -30.012214055579065, 0.0], [-51.21923860295382, -30.006520618863604, 0.0], [-51.219410263818084, -30.00544773526683, 0.0], [-51.21880944899651, -30.00321613756433, 0.0], [-51.21885236511089, -30.00274406849184, 0.0], [-51.21996816342361, -30.003001560072228, 0.0], [-51.22091229907542, -30.00642048433006, 0.0], [-51.22159894432915, -30.00715004473051, 0.0], [-51.22129853691835, -29.999296536880735, 0.0], [-51.222268358997404, -29.993365657990992, 0.0], [-51.22184046537644, -29.99237000742949, 0.0], [-51.22042425875462, -29.99254166886611, 0.0], [-51.22051008918674, -29.99198377005682, 0.0], [-51.22184046537644, -29.991726277899513, 0.0], [-51.219619589245596, -29.985966874703614, 0.0], [-51.21846087481848, -29.986095620942805, 0.0]]], [[[-51.205146396020226, -29.96743619289084, 0.0], [-51.204288089003924, -29.969281552480762, 0.0], [-51.20252855975524, -29.97129857362408, 0.0], [-51.203386866771545, -29.970955250936633, 0.0], [-51.20347269720368, -29.971598981266915, 0.0], [-51.2027002206195, -29.971942303286284, 0.0], [-51.20559152022667, -29.978847373774855, 0.0], [-51.20690043835918, -29.979598392080582, 0.0], [-51.207007726848495, -29.980907310531794, 0.0], [-51.208917459802585, -29.98249517768928, 0.0], [-51.20793040713808, -29.986014236825234, 0.0], [-51.208638509550674, -29.98691545889816, 0.0], [-51.211808995666665, -29.983864022288948, 0.0], [-51.213439780165466, -29.979829980110964, 0.0], [-51.214341001499534, -29.975409700233946, 0.0], [-51.21485598588898, -29.974937630438045, 0.0], [-51.21464140891032, -29.973736001336427, 0.0], [-51.21507056286762, -29.97206230303365, 0.0], [-51.2146843250247, -29.970474435627843, 0.0], [-51.21502764765156, -29.969015313559808, 0.0], [-51.21587523147833, -29.968423245179896, 0.0], [-51.217377269430614, -29.968680737837342, 0.0], [-51.21750601507882, -29.968208668752663, 0.0], [-51.21542778810051, -29.966017594625566, 0.0], [-51.209670890742025, -29.96470596443178, 0.0], [-51.20716341656533, -29.965590832494765, 0.0], [-51.205146396020226, -29.96743619289084, 0.0]]], [[[-51.061182547589056, -30.2465002471615, 0.0], [-51.05615667030545, -30.250146740085043, 0.0], [-51.05569232305024, -30.25290550961029, 0.0], [-51.056552731226006, -30.25238653315751, 0.0], [-51.05713999406321, -30.25093886221199, 0.0], [-51.062316102001674, -30.247073853144972, 0.0], [-51.06197466943016, -30.246554876927462, 0.0], [-51.061182547589056, -30.2465002471615, 0.0]]]]}}, {"id": "0", "type": "Feature", "properties": {}, "geometry": {"type": "MultiPolygon", "coordinates": [[[[-52.21754309261047, -32.08415147508067], [-52.2156355, -32.0840106], [-52.213043299999995, -32.08106660000001], [-52.2126455, -32.0765386], [-52.210733399999995, -32.0762802], [-52.2103191, -32.0736255], [-52.20709739999999, -32.0705611], [-52.2042714, -32.0708875], [-52.206727, -32.0745293], [-52.2033618, -32.0757213], [-52.19146299999999, -32.0673382], [-52.180362699999996, -32.061785799999996], [-52.179328100000006, -32.0595569], [-52.171353599999996, -32.055537799999996], [-52.16468899999999, -32.0561031], [-52.1498103, -32.0482084], [-52.136189599999994, -32.045690199999996], [-52.1163185, -32.033567], [-52.1162121, -32.0320695], [-52.110447799999996, -32.0282865], [-52.1113462, -32.02628759999999], [-52.1095508, -32.0246273], [-52.0950798, -32.0295415], [-52.08837760000001, -32.030307], [-52.0804586, -32.0283281], [-52.0788824, -32.0288003], [-52.077116600000004, -32.031956799999996], [-52.07531569117908, -32.03059998200761], [-52.074942226999426, -32.03193976343444], [-52.0753494, -32.0314924], [-52.077017680981754, -32.03306979647037], [-52.07782732963624, -32.031943618958806], [-52.07884896674041, -32.03210198977834], [-52.08067967772602, -32.031017220366685], [-52.08284747765077, -32.031917551887354], [-52.08352913947444, -32.033181378554694], [-52.08486139876825, -32.03306975107281], [-52.08704678291379, -32.03711056879723], [-52.08719076677745, -32.03767733477129], [-52.08639680269716, -32.03853614150884], [-52.08689456670968, -32.03916669922899], [-52.08659204316199, -32.04012152841299], [-52.0869291787271, -32.040436050399585], [-52.08727927752977, -32.038528576491416], [-52.08706349418486, -32.04018431039724], [-52.08722689711085, -32.04073420359649], [-52.08763384741681, -32.03865918236912], [-52.096313351444444, -32.04120724715765], [-52.09813279182476, -32.04082397123555], [-52.098321122465606, -32.04017081109652], [-52.09760257513042, -32.03912456441028], [-52.096935615178005, -32.039113631001136], [-52.097296261034344, -32.03810815782084], [-52.096761203933724, -32.03764502310355], [-52.094521455201445, -32.03731355512946], [-52.09431700705276, -32.036613672882815], [-52.092544757837096, -32.0360108393034], [-52.091598511887135, -32.0339474588253], [-52.090693106284185, -32.03367125029393], [-52.0909989350191, -32.033000383121596], [-52.09164445780888, -32.03286117986457], [-52.09155076150057, -32.03157563210307], [-52.09354512537255, -32.03107397652298], [-52.09876059318092, -32.030987124605474], [-52.10129923230166, -32.031725218236225], [-52.10082981519939, -32.031829529813564], [-52.10511220401341, -32.03242710117893], [-52.10478682485259, -32.031460996258666], [-52.105567569088414, -32.03115348552847], [-52.106125452531124, -32.03188367817614], [-52.107658976462005, -32.032204408155145], [-52.10642569021321, -32.03401940909885], [-52.10758978995688, -32.03297348214387], [-52.10810164168463, -32.03313606846408], [-52.10839508765289, -32.034703853990884], [-52.11016599747637, -32.035189535764665], [-52.11029171939817, -32.03585666874713], [-52.11063904976898, -32.035385862968766], [-52.11193652152232, -32.035641784199385], [-52.11278965294441, -32.034832418905495], [-52.11550023087453, -32.03517612837071], [-52.11585968787766, -32.0357075519698], [-52.12015454360365, -32.037306850308525], [-52.12359240111434, -32.0393813612359], [-52.12628887949035, -32.041763069060075], [-52.126914384098214, -32.04159045249063], [-52.12817767949561, -32.04224744800752], [-52.130166701496044, -32.04450171734716], [-52.129861536226024, -32.04520608011106], [-52.127499940543515, -32.044558875682576], [-52.127877122895484, -32.04652680210156], [-52.12895708761533, -32.04822117706539], [-52.13001656416629, -32.048245148195655], [-52.13039854359041, -32.047406454161994], [-52.13094809472622, -32.04743496387218], [-52.130432428907994, -32.046971802052134], [-52.131593530428624, -32.045691804157144], [-52.13358734221024, -32.04513940593112], [-52.13701794114686, -32.046578788246926], [-52.13726609257248, -32.047612318650714], [-52.138200032370946, -32.047002529273634], [-52.139856551567, -32.04772269720539], [-52.13994825338044, -32.04879103991499], [-52.14110194077896, -32.050083706702665], [-52.142788213024716, -32.050035103572334], [-52.14203048462871, -32.049039588871295], [-52.14253418087608, -32.04853387784288], [-52.14396081405794, -32.04969041184928], [-52.146623119802975, -32.04926541963756], [-52.145973368221, -32.05064116454849], [-52.1451913552201, -32.05084870087957], [-52.14570794846358, -32.05137861549725], [-52.14641484577268, -32.05143904679796], [-52.14721857895161, -32.049828026228845], [-52.148351934498116, -32.04948364931444], [-52.15098795031196, -32.05009455781358], [-52.15213301528522, -32.05068556031295], [-52.152145155853276, -32.05165438062089], [-52.15320802416333, -32.051945417484795], [-52.15408902740074, -32.05337408841819], [-52.15601826802789, -32.05392450057432], [-52.15720894745107, -32.05501621003387], [-52.15795005575907, -32.05467532783533], [-52.15809686330532, -32.05387211397727], [-52.15966635163181, -32.053891175080715], [-52.16069257181939, -32.054382951706344], [-52.16059597996554, -32.056054403113215], [-52.16106460110211, -32.055883054363605], [-52.16162011855247, -32.056379134078306], [-52.163578120004544, -32.05609388281474], [-52.165390634183915, -32.05671204458434], [-52.16731024993016, -32.056493911262756], [-52.16743514585927, -32.05706075288881], [-52.168656732574114, -32.0574838413544], [-52.168270820855156, -32.05798856852306], [-52.16635287244014, -32.05834034659202], [-52.16616859813873, -32.05927755845686], [-52.166804318137, -32.05990652159799], [-52.16833128141166, -32.05965857514519], [-52.1690501514247, -32.06065428409365], [-52.16958533411253, -32.059546774348995], [-52.16982368421803, -32.0597784533527], [-52.17067778722066, -32.05906893010231], [-52.17043943691286, -32.058837252687155], [-52.17338456780036, -32.05904389820752], [-52.175632138787044, -32.059925172494104], [-52.175784017180575, -32.06259666174277], [-52.175059147944175, -32.06420712361856], [-52.17616616352562, -32.0648650781106], [-52.176560613443755, -32.06502847247817], [-52.17725821489541, -32.06435376960178], [-52.179938782809074, -32.065331174592636], [-52.18182188298177, -32.065313626596215], [-52.183415225863826, -32.0671697819891], [-52.18518238907589, -32.06728691076764], [-52.18623604682993, -32.066842706724955], [-52.186515414927406, -32.067207613760914], [-52.18617138390309, -32.06791246857407], [-52.18766609664883, -32.068199168156276], [-52.18937254932481, -32.069686662880876], [-52.191556598021904, -32.068663810579274], [-52.192421881318275, -32.06882272646292], [-52.19535464682867, -32.071067047674795], [-52.194589524992885, -32.072577761762396], [-52.192890743014836, -32.071691667337255], [-52.19297701947522, -32.072292254543655], [-52.19609521162411, -32.07369953318487], [-52.19843358847736, -32.07548163325667], [-52.19855914104024, -32.07608184421451], [-52.20132791501558, -32.07775958319722], [-52.202289264717336, -32.07925395895997], [-52.204026636783375, -32.08007273419024], [-52.201957993893544, -32.080927651924334], [-52.20287577433642, -32.0820883254695], [-52.20233781345533, -32.08296211770883], [-52.20383369276532, -32.08331543233699], [-52.2042918503433, -32.082342159712965], [-52.20415748950151, -32.08107381990939], [-52.20501589564832, -32.08069813720606], [-52.20592932459394, -32.08152471987186], [-52.20689797647022, -32.08057998863987], [-52.207221976230855, -32.08134535374207], [-52.20664218953929, -32.08201909650636], [-52.21003734601363, -32.083557027166954], [-52.2170805308816, -32.084959635772236], [-52.21754309261047, -32.08415147508067]]], [[[-52.080592622822756, -32.050887535147154], [-52.080024699999996, -32.0500788], [-52.0833837, -32.049577899999996], [-52.08542496766535, -32.05225409040031], [-52.086405268830624, -32.052143746847825], [-52.08958440000001, -32.0493227], [-52.092212100000005, -32.0499711], [-52.093480899999996, -32.0478895], [-52.095432, -32.0486304], [-52.101696700000005, -32.0458937], [-52.102710300000005, -32.048756], [-52.10796729999999, -32.051096199999996], [-52.1093814, -32.050189200000005], [-52.11924549999999, -32.0524864], [-52.1342175, -32.0575323], [-52.144560899999995, -32.066932699999995], [-52.150244099999995, -32.0753287], [-52.1528779, -32.085004999999995], [-52.154334321144155, -32.086173395089055], [-52.154208666666165, -32.08476291608355], [-52.15333510745034, -32.083952297091145], [-52.153017748976914, -32.08055559227368], [-52.15232573668739, -32.080135894956726], [-52.15189020568033, -32.079045636853365], [-52.152157324576024, -32.078441805220855], [-52.14846029804169, -32.071500762912066], [-52.147149086942996, -32.07019289310423], [-52.14686809903047, -32.06890074734584], [-52.14622847463712, -32.06873947809288], [-52.14650624530046, -32.068202383671135], [-52.14585390176603, -32.06780734806413], [-52.146190729224934, -32.06728642590853], [-52.145600782670066, -32.067174820951074], [-52.14569178261142, -32.06660600518959], [-52.143066106335006, -32.06528490921673], [-52.14210741617405, -32.06391533349663], [-52.14248529531032, -32.062750881526306], [-52.141616617430174, -32.0623076559857], [-52.141478320692315, -32.063018893948204], [-52.140432654142316, -32.061750322019044], [-52.14051145205033, -32.06019598223893], [-52.13939713480768, -32.06050670814577], [-52.13949704346481, -32.059862640017386], [-52.138979840042204, -32.0600761106434], [-52.138378051685855, -32.05900399894575], [-52.13736656836555, -32.05969801473043], [-52.13711425455899, -32.05912393153758], [-52.137711452408126, -32.05824152165946], [-52.136234590053114, -32.05858053223825], [-52.1368726745217, -32.05783140540063], [-52.1365640051042, -32.05745829503983], [-52.133491820186535, -32.05648346412823], [-52.131196356217444, -32.05645385510722], [-52.131129908852124, -32.05583633568361], [-52.13034950935582, -32.05538388999315], [-52.1335059758798, -32.05604063552925], [-52.1332146749166, -32.055483598177716], [-52.130284506319654, -32.0548832972885], [-52.1300758394092, -32.05546150623426], [-52.12946544901235, -32.05527483100515], [-52.12091772075114, -32.05165038528251], [-52.119907583104165, -32.05084908376987], [-52.11328071087827, -32.04866888290898], [-52.11254524469907, -32.0478651083687], [-52.11050739495007, -32.04722309786249], [-52.110629629126954, -32.0467876757305], [-52.10970178075681, -32.04710485926567], [-52.10838091554882, -32.04654841746025], [-52.10358586727542, -32.0425140278814], [-52.0999209846688, -32.04110917484856], [-52.09741675244205, -32.041632052989065], [-52.094354629580366, -32.04142464081898], [-52.093209242852915, -32.04076628788676], [-52.09034128476349, -32.04039004491639], [-52.08858420862231, -32.04107337979796], [-52.08820700702364, -32.04234626543304], [-52.08622440333744, -32.04386679812074], [-52.085641614655216, -32.05098849406255], [-52.08527073807742, -32.051142022846], [-52.08490567621108, -32.050126089841726], [-52.085332121818375, -32.04470973473116], [-52.08501655804561, -32.04456208306901], [-52.079935322122516, -32.0461257080971], [-52.07992493471915, -32.04858156260731], [-52.07902686495769, -32.04894003413235], [-52.0787462103863, -32.04842454024368], [-52.07800442327287, -32.05040214584128], [-52.07627339388495, -32.05104200890412], [-52.078726499999995, -32.05044600000001], [-52.07971416461108, -32.05109779052852], [-52.080592622822756, -32.050887535147154]]], [[[-52.07526461380201, -32.05128710303521], [-52.07252501355907, -32.05150109879364], [-52.072159034057684, -32.05204163752872], [-52.07526461380201, -32.05128710303521]]], [[[-52.07371827199514, -32.044747263559515], [-52.071278799999995, -32.0522555], [-52.07178993724405, -32.05213131362795], [-52.07371827199514, -32.044747263559515]]]]}}]}